model,rho_nominal,rho_label,rho_effective,N,eta,eta_index,steps,base_seed,realization,returncode,elapsed_s,output_path,source_run
voter,2.0,rho_2,2.0,200,0.0,0,3000,1400000,0,0,1.6004,data/pilots/final_voter_base_coarse_v1/voter/rho_2/eta_0/steps_3000/realization_000_seed_1400000,final_voter_base_coarse_v1
voter,2.0,rho_2,2.0,200,0.0,0,3000,1400001,1,0,1.6176,data/pilots/final_voter_base_coarse_v1/voter/rho_2/eta_0/steps_3000/realization_001_seed_1400001,final_voter_base_coarse_v1
voter,2.0,rho_2,2.0,200,0.0,0,3000,1400002,2,0,1.5603,data/pilots/final_voter_base_coarse_v1/voter/rho_2/eta_0/steps_3000/realization_002_seed_1400002,final_voter_base_coarse_v1
voter,2.0,rho_2,2.0,200,0.0,0,3000,1400003,3,0,1.571,data/pilots/final_voter_base_coarse_v1/voter/rho_2/eta_0/steps_3000/realization_003_seed_1400003,final_voter_base_coarse_v1
voter,2.0,rho_2,2.0,200,0.0,0,3000,1400004,4,0,1.6539,data/pilots/final_voter_base_coarse_v1/voter/rho_2/eta_0/steps_3000/realization_004_seed_1400004,final_voter_base_coarse_v1
voter,2.0,rho_2,2.0,200,0.0,0,3000,1400005,5,0,1.6842,data/pilots/final_voter_base_coarse_v1/voter/rho_2/eta_0/steps_3000/realization_005_seed_1400005,final_voter_base_coarse_v1
voter,2.0,rho_2,2.0,200,0.0,0,3000,1400006,6,0,1.5757,data/pilots/final_voter_base_coarse_v1/voter/rho_2/eta_0/steps_3000/realization_006_seed_1400006,final_voter_base_coarse_v1
voter,2.0,rho_2,2.0,200,0.0,0,3000,1400007,7,0,1.8124,data/pilots/final_voter_base_coarse_v1/voter/rho_2/eta_0/steps_3000/realization_007_seed_1400007,final_voter_base_coarse_v1
voter,2.0,rho_2,2.0,200,0.0,0,3000,1400008,8,0,1.7394,data/pilots/final_voter_base_coarse_v1/voter/rho_2/eta_0/steps_3000/realization_008_seed_1400008,final_voter_base_coarse_v1
voter,2.0,rho_2,2.0,200,0.0,0,3000,1400009,9,0,1.6352,data/pilots/final_voter_base_coarse_v1/voter/rho_2/eta_0/steps_3000/realization_009_seed_1400009,final_voter_base_coarse_v1
voter,2.0,rho_2,2.0,200,0.0,0,3000,1400010,10,0,1.6588,data/pilots/final_voter_base_coarse_v1/voter/rho_2/eta_0/steps_3000/realization_010_seed_1400010,final_voter_base_coarse_v1
voter,2.0,rho_2,2.0,200,0.0,0,3000,1400011,11,0,1.5804,data/pilots/final_voter_base_coarse_v1/voter/rho_2/eta_0/steps_3000/realization_011_seed_1400011,final_voter_base_coarse_v1
voter,2.0,rho_2,2.0,200,0.0,0,3000,1400012,12,0,1.7359,data/pilots/final_voter_base_coarse_v1/voter/rho_2/eta_0/steps_3000/realization_012_seed_1400012,final_voter_base_coarse_v1
voter,2.0,rho_2,2.0,200,0.0,0,3000,1400013,13,0,1.5788,data/pilots/final_voter_base_coarse_v1/voter/rho_2/eta_0/steps_3000/realization_013_seed_1400013,final_voter_base_coarse_v1
voter,2.0,rho_2,2.0,200,0.0,0,3000,1400014,14,0,1.6624,data/pilots/final_voter_base_coarse_v1/voter/rho_2/eta_0/steps_3000/realization_014_seed_1400014,final_voter_base_coarse_v1
voter,2.0,rho_2,2.0,200,0.0,0,3000,1400015,15,0,1.6314,data/pilots/final_voter_base_coarse_v1/voter/rho_2/eta_0/steps_3000/realization_015_seed_1400015,final_voter_base_coarse_v1
voter,2.0,rho_2,2.0,200,0.0,0,3000,1400016,16,0,1.6254,data/pilots/final_voter_base_coarse_v1/voter/rho_2/eta_0/steps_3000/realization_016_seed_1400016,final_voter_base_coarse_v1
voter,2.0,rho_2,2.0,200,0.0,0,3000,1400017,17,0,1.5963,data/pilots/final_voter_base_coarse_v1/voter/rho_2/eta_0/steps_3000/realization_017_seed_1400017,final_voter_base_coarse_v1
voter,2.0,rho_2,2.0,200,0.0,0,3000,1400018,18,0,1.5999,data/pilots/final_voter_base_coarse_v1/voter/rho_2/eta_0/steps_3000/realization_018_seed_1400018,final_voter_base_coarse_v1
voter,2.0,rho_2,2.0,200,0.0,0,3000,1400019,19,0,1.7098,data/pilots/final_voter_base_coarse_v1/voter/rho_2/eta_0/steps_3000/realization_019_seed_1400019,final_voter_base_coarse_v1
voter,2.0,rho_2,,200,0.05,0,3000,1200000,0,0,2.6624,,final_fine_grid_steps3000_R20_v1
voter,2.0,rho_2,,200,0.05,0,3000,1200001,1,0,1.8412,,final_fine_grid_steps3000_R20_v1
voter,2.0,rho_2,,200,0.05,0,3000,1200002,2,0,1.7693,,final_fine_grid_steps3000_R20_v1
voter,2.0,rho_2,,200,0.05,0,3000,1200003,3,0,1.8227,,final_fine_grid_steps3000_R20_v1
voter,2.0,rho_2,,200,0.05,0,3000,1200004,4,0,1.7564,,final_fine_grid_steps3000_R20_v1
voter,2.0,rho_2,,200,0.05,0,3000,1200005,5,0,1.7402,,final_fine_grid_steps3000_R20_v1
voter,2.0,rho_2,,200,0.05,0,3000,1200006,6,0,1.787,,final_fine_grid_steps3000_R20_v1
voter,2.0,rho_2,,200,0.05,0,3000,1200007,7,0,1.8347,,final_fine_grid_steps3000_R20_v1
voter,2.0,rho_2,,200,0.05,0,3000,1200008,8,0,1.6985,,final_fine_grid_steps3000_R20_v1
voter,2.0,rho_2,,200,0.05,0,3000,1200009,9,0,1.7637,,final_fine_grid_steps3000_R20_v1
voter,2.0,rho_2,,200,0.05,0,3000,1200010,10,0,1.7812,,final_fine_grid_steps3000_R20_v1
voter,2.0,rho_2,,200,0.05,0,3000,1200011,11,0,1.6595,,final_fine_grid_steps3000_R20_v1
voter,2.0,rho_2,,200,0.05,0,3000,1200012,12,0,1.9336,,final_fine_grid_steps3000_R20_v1
voter,2.0,rho_2,,200,0.05,0,3000,1200013,13,0,1.8585,,final_fine_grid_steps3000_R20_v1
voter,2.0,rho_2,,200,0.05,0,3000,1200014,14,0,1.8087,,final_fine_grid_steps3000_R20_v1
voter,2.0,rho_2,,200,0.05,0,3000,1200015,15,0,1.7425,,final_fine_grid_steps3000_R20_v1
voter,2.0,rho_2,,200,0.05,0,3000,1200016,16,0,1.6162,,final_fine_grid_steps3000_R20_v1
voter,2.0,rho_2,,200,0.05,0,3000,1200017,17,0,1.7126,,final_fine_grid_steps3000_R20_v1
voter,2.0,rho_2,,200,0.05,0,3000,1200018,18,0,1.7794,,final_fine_grid_steps3000_R20_v1
voter,2.0,rho_2,,200,0.05,0,3000,1200019,19,0,1.7991,,final_fine_grid_steps3000_R20_v1
voter,2.0,rho_2,,200,0.1,1,3000,1200100,0,0,1.7367,,final_fine_grid_steps3000_R20_v1
voter,2.0,rho_2,,200,0.1,1,3000,1200101,1,0,1.6864,,final_fine_grid_steps3000_R20_v1
voter,2.0,rho_2,,200,0.1,1,3000,1200102,2,0,1.8185,,final_fine_grid_steps3000_R20_v1
voter,2.0,rho_2,,200,0.1,1,3000,1200103,3,0,1.6993,,final_fine_grid_steps3000_R20_v1
voter,2.0,rho_2,,200,0.1,1,3000,1200104,4,0,1.7806,,final_fine_grid_steps3000_R20_v1
voter,2.0,rho_2,,200,0.1,1,3000,1200105,5,0,1.8256,,final_fine_grid_steps3000_R20_v1
voter,2.0,rho_2,,200,0.1,1,3000,1200106,6,0,1.8212,,final_fine_grid_steps3000_R20_v1
voter,2.0,rho_2,,200,0.1,1,3000,1200107,7,0,1.8065,,final_fine_grid_steps3000_R20_v1
voter,2.0,rho_2,,200,0.1,1,3000,1200108,8,0,1.7498,,final_fine_grid_steps3000_R20_v1
voter,2.0,rho_2,,200,0.1,1,3000,1200109,9,0,1.7864,,final_fine_grid_steps3000_R20_v1
voter,2.0,rho_2,,200,0.1,1,3000,1200110,10,0,1.7678,,final_fine_grid_steps3000_R20_v1
voter,2.0,rho_2,,200,0.1,1,3000,1200111,11,0,1.8899,,final_fine_grid_steps3000_R20_v1
voter,2.0,rho_2,,200,0.1,1,3000,1200112,12,0,1.7148,,final_fine_grid_steps3000_R20_v1
voter,2.0,rho_2,,200,0.1,1,3000,1200113,13,0,1.7685,,final_fine_grid_steps3000_R20_v1
voter,2.0,rho_2,,200,0.1,1,3000,1200114,14,0,1.799,,final_fine_grid_steps3000_R20_v1
voter,2.0,rho_2,,200,0.1,1,3000,1200115,15,0,1.7586,,final_fine_grid_steps3000_R20_v1
voter,2.0,rho_2,,200,0.1,1,3000,1200116,16,0,1.7874,,final_fine_grid_steps3000_R20_v1
voter,2.0,rho_2,,200,0.1,1,3000,1200117,17,0,1.7393,,final_fine_grid_steps3000_R20_v1
voter,2.0,rho_2,,200,0.1,1,3000,1200118,18,0,1.7211,,final_fine_grid_steps3000_R20_v1
voter,2.0,rho_2,,200,0.1,1,3000,1200119,19,0,1.7179,,final_fine_grid_steps3000_R20_v1
voter,2.0,rho_2,,200,0.15,2,3000,1200200,0,0,1.9436,,final_fine_grid_steps3000_R20_v1
voter,2.0,rho_2,,200,0.15,2,3000,1200201,1,0,2.0571,,final_fine_grid_steps3000_R20_v1
voter,2.0,rho_2,,200,0.15,2,3000,1200202,2,0,1.8687,,final_fine_grid_steps3000_R20_v1
voter,2.0,rho_2,,200,0.15,2,3000,1200203,3,0,1.866,,final_fine_grid_steps3000_R20_v1
voter,2.0,rho_2,,200,0.15,2,3000,1200204,4,0,1.7026,,final_fine_grid_steps3000_R20_v1
voter,2.0,rho_2,,200,0.15,2,3000,1200205,5,0,2.0842,,final_fine_grid_steps3000_R20_v1
voter,2.0,rho_2,,200,0.15,2,3000,1200206,6,0,1.9071,,final_fine_grid_steps3000_R20_v1
voter,2.0,rho_2,,200,0.15,2,3000,1200207,7,0,1.8091,,final_fine_grid_steps3000_R20_v1
voter,2.0,rho_2,,200,0.15,2,3000,1200208,8,0,1.7499,,final_fine_grid_steps3000_R20_v1
voter,2.0,rho_2,,200,0.15,2,3000,1200209,9,0,1.926,,final_fine_grid_steps3000_R20_v1
voter,2.0,rho_2,,200,0.15,2,3000,1200210,10,0,1.9123,,final_fine_grid_steps3000_R20_v1
voter,2.0,rho_2,,200,0.15,2,3000,1200211,11,0,1.8382,,final_fine_grid_steps3000_R20_v1
voter,2.0,rho_2,,200,0.15,2,3000,1200212,12,0,2.0051,,final_fine_grid_steps3000_R20_v1
voter,2.0,rho_2,,200,0.15,2,3000,1200213,13,0,1.8784,,final_fine_grid_steps3000_R20_v1
voter,2.0,rho_2,,200,0.15,2,3000,1200214,14,0,1.8651,,final_fine_grid_steps3000_R20_v1
voter,2.0,rho_2,,200,0.15,2,3000,1200215,15,0,1.8539,,final_fine_grid_steps3000_R20_v1
voter,2.0,rho_2,,200,0.15,2,3000,1200216,16,0,2.0843,,final_fine_grid_steps3000_R20_v1
voter,2.0,rho_2,,200,0.15,2,3000,1200217,17,0,1.8335,,final_fine_grid_steps3000_R20_v1
voter,2.0,rho_2,,200,0.15,2,3000,1200218,18,0,1.8307,,final_fine_grid_steps3000_R20_v1
voter,2.0,rho_2,,200,0.15,2,3000,1200219,19,0,1.9278,,final_fine_grid_steps3000_R20_v1
voter,2.0,rho_2,,200,0.2,3,3000,1200300,0,0,2.0447,,final_fine_grid_steps3000_R20_v1
voter,2.0,rho_2,,200,0.2,3,3000,1200301,1,0,2.0358,,final_fine_grid_steps3000_R20_v1
voter,2.0,rho_2,,200,0.2,3,3000,1200302,2,0,1.9068,,final_fine_grid_steps3000_R20_v1
voter,2.0,rho_2,,200,0.2,3,3000,1200303,3,0,2.1182,,final_fine_grid_steps3000_R20_v1
voter,2.0,rho_2,,200,0.2,3,3000,1200304,4,0,1.9453,,final_fine_grid_steps3000_R20_v1
voter,2.0,rho_2,,200,0.2,3,3000,1200305,5,0,1.9769,,final_fine_grid_steps3000_R20_v1
voter,2.0,rho_2,,200,0.2,3,3000,1200306,6,0,2.0329,,final_fine_grid_steps3000_R20_v1
voter,2.0,rho_2,,200,0.2,3,3000,1200307,7,0,2.0981,,final_fine_grid_steps3000_R20_v1
voter,2.0,rho_2,,200,0.2,3,3000,1200308,8,0,2.0511,,final_fine_grid_steps3000_R20_v1
voter,2.0,rho_2,,200,0.2,3,3000,1200309,9,0,1.9919,,final_fine_grid_steps3000_R20_v1
voter,2.0,rho_2,,200,0.2,3,3000,1200310,10,0,1.9417,,final_fine_grid_steps3000_R20_v1
voter,2.0,rho_2,,200,0.2,3,3000,1200311,11,0,1.976,,final_fine_grid_steps3000_R20_v1
voter,2.0,rho_2,,200,0.2,3,3000,1200312,12,0,1.9297,,final_fine_grid_steps3000_R20_v1
voter,2.0,rho_2,,200,0.2,3,3000,1200313,13,0,1.8431,,final_fine_grid_steps3000_R20_v1
voter,2.0,rho_2,,200,0.2,3,3000,1200314,14,0,1.832,,final_fine_grid_steps3000_R20_v1
voter,2.0,rho_2,,200,0.2,3,3000,1200315,15,0,1.8939,,final_fine_grid_steps3000_R20_v1
voter,2.0,rho_2,,200,0.2,3,3000,1200316,16,0,1.8277,,final_fine_grid_steps3000_R20_v1
voter,2.0,rho_2,,200,0.2,3,3000,1200317,17,0,2.0105,,final_fine_grid_steps3000_R20_v1
voter,2.0,rho_2,,200,0.2,3,3000,1200318,18,0,1.9414,,final_fine_grid_steps3000_R20_v1
voter,2.0,rho_2,,200,0.2,3,3000,1200319,19,0,1.7758,,final_fine_grid_steps3000_R20_v1
voter,2.0,rho_2,,200,0.3,4,3000,1200400,0,0,1.9225,,final_fine_grid_steps3000_R20_v1
voter,2.0,rho_2,,200,0.3,4,3000,1200401,1,0,2.0946,,final_fine_grid_steps3000_R20_v1
voter,2.0,rho_2,,200,0.3,4,3000,1200402,2,0,2.2111,,final_fine_grid_steps3000_R20_v1
voter,2.0,rho_2,,200,0.3,4,3000,1200403,3,0,2.0297,,final_fine_grid_steps3000_R20_v1
voter,2.0,rho_2,,200,0.3,4,3000,1200404,4,0,2.1459,,final_fine_grid_steps3000_R20_v1
voter,2.0,rho_2,,200,0.3,4,3000,1200405,5,0,2.0606,,final_fine_grid_steps3000_R20_v1
voter,2.0,rho_2,,200,0.3,4,3000,1200406,6,0,2.0304,,final_fine_grid_steps3000_R20_v1
voter,2.0,rho_2,,200,0.3,4,3000,1200407,7,0,1.8279,,final_fine_grid_steps3000_R20_v1
voter,2.0,rho_2,,200,0.3,4,3000,1200408,8,0,2.1245,,final_fine_grid_steps3000_R20_v1
voter,2.0,rho_2,,200,0.3,4,3000,1200409,9,0,1.9436,,final_fine_grid_steps3000_R20_v1
voter,2.0,rho_2,,200,0.3,4,3000,1200410,10,0,2.1192,,final_fine_grid_steps3000_R20_v1
voter,2.0,rho_2,,200,0.3,4,3000,1200411,11,0,2.0802,,final_fine_grid_steps3000_R20_v1
voter,2.0,rho_2,,200,0.3,4,3000,1200412,12,0,2.1147,,final_fine_grid_steps3000_R20_v1
voter,2.0,rho_2,,200,0.3,4,3000,1200413,13,0,2.4418,,final_fine_grid_steps3000_R20_v1
voter,2.0,rho_2,,200,0.3,4,3000,1200414,14,0,2.1776,,final_fine_grid_steps3000_R20_v1
voter,2.0,rho_2,,200,0.3,4,3000,1200415,15,0,2.2706,,final_fine_grid_steps3000_R20_v1
voter,2.0,rho_2,,200,0.3,4,3000,1200416,16,0,2.8207,,final_fine_grid_steps3000_R20_v1
voter,2.0,rho_2,,200,0.3,4,3000,1200417,17,0,2.1809,,final_fine_grid_steps3000_R20_v1
voter,2.0,rho_2,,200,0.3,4,3000,1200418,18,0,2.3591,,final_fine_grid_steps3000_R20_v1
voter,2.0,rho_2,,200,0.3,4,3000,1200419,19,0,2.1927,,final_fine_grid_steps3000_R20_v1
voter,2.0,rho_2,,200,0.4,5,3000,1200500,0,0,2.1269,,final_fine_grid_steps3000_R20_v1
voter,2.0,rho_2,,200,0.4,5,3000,1200501,1,0,2.0136,,final_fine_grid_steps3000_R20_v1
voter,2.0,rho_2,,200,0.4,5,3000,1200502,2,0,2.2072,,final_fine_grid_steps3000_R20_v1
voter,2.0,rho_2,,200,0.4,5,3000,1200503,3,0,2.5441,,final_fine_grid_steps3000_R20_v1
voter,2.0,rho_2,,200,0.4,5,3000,1200504,4,0,2.2885,,final_fine_grid_steps3000_R20_v1
voter,2.0,rho_2,,200,0.4,5,3000,1200505,5,0,2.0686,,final_fine_grid_steps3000_R20_v1
voter,2.0,rho_2,,200,0.4,5,3000,1200506,6,0,2.1226,,final_fine_grid_steps3000_R20_v1
voter,2.0,rho_2,,200,0.4,5,3000,1200507,7,0,2.2278,,final_fine_grid_steps3000_R20_v1
voter,2.0,rho_2,,200,0.4,5,3000,1200508,8,0,2.0338,,final_fine_grid_steps3000_R20_v1
voter,2.0,rho_2,,200,0.4,5,3000,1200509,9,0,2.0971,,final_fine_grid_steps3000_R20_v1
voter,2.0,rho_2,,200,0.4,5,3000,1200510,10,0,2.0222,,final_fine_grid_steps3000_R20_v1
voter,2.0,rho_2,,200,0.4,5,3000,1200511,11,0,2.1333,,final_fine_grid_steps3000_R20_v1
voter,2.0,rho_2,,200,0.4,5,3000,1200512,12,0,2.1926,,final_fine_grid_steps3000_R20_v1
voter,2.0,rho_2,,200,0.4,5,3000,1200513,13,0,2.0189,,final_fine_grid_steps3000_R20_v1
voter,2.0,rho_2,,200,0.4,5,3000,1200514,14,0,1.9618,,final_fine_grid_steps3000_R20_v1
voter,2.0,rho_2,,200,0.4,5,3000,1200515,15,0,2.2239,,final_fine_grid_steps3000_R20_v1
voter,2.0,rho_2,,200,0.4,5,3000,1200516,16,0,2.1264,,final_fine_grid_steps3000_R20_v1
voter,2.0,rho_2,,200,0.4,5,3000,1200517,17,0,2.2438,,final_fine_grid_steps3000_R20_v1
voter,2.0,rho_2,,200,0.4,5,3000,1200518,18,0,2.0488,,final_fine_grid_steps3000_R20_v1
voter,2.0,rho_2,,200,0.4,5,3000,1200519,19,0,2.0334,,final_fine_grid_steps3000_R20_v1
voter,2.0,rho_2,2.0,200,0.5,1,3000,1400100,0,0,1.9135,data/pilots/final_voter_base_coarse_v1/voter/rho_2/eta_0p5/steps_3000/realization_000_seed_1400100,final_voter_base_coarse_v1
voter,2.0,rho_2,2.0,200,0.5,1,3000,1400101,1,0,1.7741,data/pilots/final_voter_base_coarse_v1/voter/rho_2/eta_0p5/steps_3000/realization_001_seed_1400101,final_voter_base_coarse_v1
voter,2.0,rho_2,2.0,200,0.5,1,3000,1400102,2,0,1.8271,data/pilots/final_voter_base_coarse_v1/voter/rho_2/eta_0p5/steps_3000/realization_002_seed_1400102,final_voter_base_coarse_v1
voter,2.0,rho_2,2.0,200,0.5,1,3000,1400103,3,0,1.8021,data/pilots/final_voter_base_coarse_v1/voter/rho_2/eta_0p5/steps_3000/realization_003_seed_1400103,final_voter_base_coarse_v1
voter,2.0,rho_2,2.0,200,0.5,1,3000,1400104,4,0,1.6909,data/pilots/final_voter_base_coarse_v1/voter/rho_2/eta_0p5/steps_3000/realization_004_seed_1400104,final_voter_base_coarse_v1
voter,2.0,rho_2,2.0,200,0.5,1,3000,1400105,5,0,1.7638,data/pilots/final_voter_base_coarse_v1/voter/rho_2/eta_0p5/steps_3000/realization_005_seed_1400105,final_voter_base_coarse_v1
voter,2.0,rho_2,2.0,200,0.5,1,3000,1400106,6,0,1.718,data/pilots/final_voter_base_coarse_v1/voter/rho_2/eta_0p5/steps_3000/realization_006_seed_1400106,final_voter_base_coarse_v1
voter,2.0,rho_2,2.0,200,0.5,1,3000,1400107,7,0,1.7226,data/pilots/final_voter_base_coarse_v1/voter/rho_2/eta_0p5/steps_3000/realization_007_seed_1400107,final_voter_base_coarse_v1
voter,2.0,rho_2,2.0,200,0.5,1,3000,1400108,8,0,1.7429,data/pilots/final_voter_base_coarse_v1/voter/rho_2/eta_0p5/steps_3000/realization_008_seed_1400108,final_voter_base_coarse_v1
voter,2.0,rho_2,2.0,200,0.5,1,3000,1400109,9,0,1.763,data/pilots/final_voter_base_coarse_v1/voter/rho_2/eta_0p5/steps_3000/realization_009_seed_1400109,final_voter_base_coarse_v1
voter,2.0,rho_2,2.0,200,0.5,1,3000,1400110,10,0,1.7694,data/pilots/final_voter_base_coarse_v1/voter/rho_2/eta_0p5/steps_3000/realization_010_seed_1400110,final_voter_base_coarse_v1
voter,2.0,rho_2,2.0,200,0.5,1,3000,1400111,11,0,1.9239,data/pilots/final_voter_base_coarse_v1/voter/rho_2/eta_0p5/steps_3000/realization_011_seed_1400111,final_voter_base_coarse_v1
voter,2.0,rho_2,2.0,200,0.5,1,3000,1400112,12,0,1.81,data/pilots/final_voter_base_coarse_v1/voter/rho_2/eta_0p5/steps_3000/realization_012_seed_1400112,final_voter_base_coarse_v1
voter,2.0,rho_2,2.0,200,0.5,1,3000,1400113,13,0,1.8315,data/pilots/final_voter_base_coarse_v1/voter/rho_2/eta_0p5/steps_3000/realization_013_seed_1400113,final_voter_base_coarse_v1
voter,2.0,rho_2,2.0,200,0.5,1,3000,1400114,14,0,1.769,data/pilots/final_voter_base_coarse_v1/voter/rho_2/eta_0p5/steps_3000/realization_014_seed_1400114,final_voter_base_coarse_v1
voter,2.0,rho_2,2.0,200,0.5,1,3000,1400115,15,0,1.7962,data/pilots/final_voter_base_coarse_v1/voter/rho_2/eta_0p5/steps_3000/realization_015_seed_1400115,final_voter_base_coarse_v1
voter,2.0,rho_2,2.0,200,0.5,1,3000,1400116,16,0,1.8602,data/pilots/final_voter_base_coarse_v1/voter/rho_2/eta_0p5/steps_3000/realization_016_seed_1400116,final_voter_base_coarse_v1
voter,2.0,rho_2,2.0,200,0.5,1,3000,1400117,17,0,1.8704,data/pilots/final_voter_base_coarse_v1/voter/rho_2/eta_0p5/steps_3000/realization_017_seed_1400117,final_voter_base_coarse_v1
voter,2.0,rho_2,2.0,200,0.5,1,3000,1400118,18,0,1.885,data/pilots/final_voter_base_coarse_v1/voter/rho_2/eta_0p5/steps_3000/realization_018_seed_1400118,final_voter_base_coarse_v1
voter,2.0,rho_2,2.0,200,0.5,1,3000,1400119,19,0,1.758,data/pilots/final_voter_base_coarse_v1/voter/rho_2/eta_0p5/steps_3000/realization_019_seed_1400119,final_voter_base_coarse_v1
voter,2.0,rho_2,,200,0.6,0,3000,1800000,0,0,1.7406,,final_dense_eta_grid_steps3000_R20_v1
voter,2.0,rho_2,,200,0.6,0,3000,1800001,1,0,1.5677,,final_dense_eta_grid_steps3000_R20_v1
voter,2.0,rho_2,,200,0.6,0,3000,1800002,2,0,1.6827,,final_dense_eta_grid_steps3000_R20_v1
voter,2.0,rho_2,,200,0.6,0,3000,1800003,3,0,1.6955,,final_dense_eta_grid_steps3000_R20_v1
voter,2.0,rho_2,,200,0.6,0,3000,1800004,4,0,1.6033,,final_dense_eta_grid_steps3000_R20_v1
voter,2.0,rho_2,,200,0.6,0,3000,1800005,5,0,1.7744,,final_dense_eta_grid_steps3000_R20_v1
voter,2.0,rho_2,,200,0.6,0,3000,1800006,6,0,1.8069,,final_dense_eta_grid_steps3000_R20_v1
voter,2.0,rho_2,,200,0.6,0,3000,1800007,7,0,1.5827,,final_dense_eta_grid_steps3000_R20_v1
voter,2.0,rho_2,,200,0.6,0,3000,1800008,8,0,1.8191,,final_dense_eta_grid_steps3000_R20_v1
voter,2.0,rho_2,,200,0.6,0,3000,1800009,9,0,1.6788,,final_dense_eta_grid_steps3000_R20_v1
voter,2.0,rho_2,,200,0.6,0,3000,1800010,10,0,1.6695,,final_dense_eta_grid_steps3000_R20_v1
voter,2.0,rho_2,,200,0.6,0,3000,1800011,11,0,1.6467,,final_dense_eta_grid_steps3000_R20_v1
voter,2.0,rho_2,,200,0.6,0,3000,1800012,12,0,1.7087,,final_dense_eta_grid_steps3000_R20_v1
voter,2.0,rho_2,,200,0.6,0,3000,1800013,13,0,1.6086,,final_dense_eta_grid_steps3000_R20_v1
voter,2.0,rho_2,,200,0.6,0,3000,1800014,14,0,1.6411,,final_dense_eta_grid_steps3000_R20_v1
voter,2.0,rho_2,,200,0.6,0,3000,1800015,15,0,1.854,,final_dense_eta_grid_steps3000_R20_v1
voter,2.0,rho_2,,200,0.6,0,3000,1800016,16,0,1.7558,,final_dense_eta_grid_steps3000_R20_v1
voter,2.0,rho_2,,200,0.6,0,3000,1800017,17,0,1.742,,final_dense_eta_grid_steps3000_R20_v1
voter,2.0,rho_2,,200,0.6,0,3000,1800018,18,0,1.6251,,final_dense_eta_grid_steps3000_R20_v1
voter,2.0,rho_2,,200,0.6,0,3000,1800019,19,0,1.682,,final_dense_eta_grid_steps3000_R20_v1
voter,2.0,rho_2,,200,0.8,1,3000,1800100,0,0,1.596,,final_dense_eta_grid_steps3000_R20_v1
voter,2.0,rho_2,,200,0.8,1,3000,1800101,1,0,1.5898,,final_dense_eta_grid_steps3000_R20_v1
voter,2.0,rho_2,,200,0.8,1,3000,1800102,2,0,1.6339,,final_dense_eta_grid_steps3000_R20_v1
voter,2.0,rho_2,,200,0.8,1,3000,1800103,3,0,1.6383,,final_dense_eta_grid_steps3000_R20_v1
voter,2.0,rho_2,,200,0.8,1,3000,1800104,4,0,1.7329,,final_dense_eta_grid_steps3000_R20_v1
voter,2.0,rho_2,,200,0.8,1,3000,1800105,5,0,1.773,,final_dense_eta_grid_steps3000_R20_v1
voter,2.0,rho_2,,200,0.8,1,3000,1800106,6,0,1.8672,,final_dense_eta_grid_steps3000_R20_v1
voter,2.0,rho_2,,200,0.8,1,3000,1800107,7,0,1.986,,final_dense_eta_grid_steps3000_R20_v1
voter,2.0,rho_2,,200,0.8,1,3000,1800108,8,0,1.786,,final_dense_eta_grid_steps3000_R20_v1
voter,2.0,rho_2,,200,0.8,1,3000,1800109,9,0,1.8427,,final_dense_eta_grid_steps3000_R20_v1
voter,2.0,rho_2,,200,0.8,1,3000,1800110,10,0,1.7947,,final_dense_eta_grid_steps3000_R20_v1
voter,2.0,rho_2,,200,0.8,1,3000,1800111,11,0,1.8675,,final_dense_eta_grid_steps3000_R20_v1
voter,2.0,rho_2,,200,0.8,1,3000,1800112,12,0,1.8629,,final_dense_eta_grid_steps3000_R20_v1
voter,2.0,rho_2,,200,0.8,1,3000,1800113,13,0,1.798,,final_dense_eta_grid_steps3000_R20_v1
voter,2.0,rho_2,,200,0.8,1,3000,1800114,14,0,1.7311,,final_dense_eta_grid_steps3000_R20_v1
voter,2.0,rho_2,,200,0.8,1,3000,1800115,15,0,1.7282,,final_dense_eta_grid_steps3000_R20_v1
voter,2.0,rho_2,,200,0.8,1,3000,1800116,16,0,1.8197,,final_dense_eta_grid_steps3000_R20_v1
voter,2.0,rho_2,,200,0.8,1,3000,1800117,17,0,1.7447,,final_dense_eta_grid_steps3000_R20_v1
voter,2.0,rho_2,,200,0.8,1,3000,1800118,18,0,1.7896,,final_dense_eta_grid_steps3000_R20_v1
voter,2.0,rho_2,,200,0.8,1,3000,1800119,19,0,1.6382,,final_dense_eta_grid_steps3000_R20_v1
voter,2.0,rho_2,2.0,200,1.0,2,3000,1400200,0,0,1.8426,data/pilots/final_voter_base_coarse_v1/voter/rho_2/eta_1/steps_3000/realization_000_seed_1400200,final_voter_base_coarse_v1
voter,2.0,rho_2,2.0,200,1.0,2,3000,1400201,1,0,1.7465,data/pilots/final_voter_base_coarse_v1/voter/rho_2/eta_1/steps_3000/realization_001_seed_1400201,final_voter_base_coarse_v1
voter,2.0,rho_2,2.0,200,1.0,2,3000,1400202,2,0,1.7616,data/pilots/final_voter_base_coarse_v1/voter/rho_2/eta_1/steps_3000/realization_002_seed_1400202,final_voter_base_coarse_v1
voter,2.0,rho_2,2.0,200,1.0,2,3000,1400203,3,0,1.8487,data/pilots/final_voter_base_coarse_v1/voter/rho_2/eta_1/steps_3000/realization_003_seed_1400203,final_voter_base_coarse_v1
voter,2.0,rho_2,2.0,200,1.0,2,3000,1400204,4,0,1.7273,data/pilots/final_voter_base_coarse_v1/voter/rho_2/eta_1/steps_3000/realization_004_seed_1400204,final_voter_base_coarse_v1
voter,2.0,rho_2,2.0,200,1.0,2,3000,1400205,5,0,1.7417,data/pilots/final_voter_base_coarse_v1/voter/rho_2/eta_1/steps_3000/realization_005_seed_1400205,final_voter_base_coarse_v1
voter,2.0,rho_2,2.0,200,1.0,2,3000,1400206,6,0,1.795,data/pilots/final_voter_base_coarse_v1/voter/rho_2/eta_1/steps_3000/realization_006_seed_1400206,final_voter_base_coarse_v1
voter,2.0,rho_2,2.0,200,1.0,2,3000,1400207,7,0,1.7329,data/pilots/final_voter_base_coarse_v1/voter/rho_2/eta_1/steps_3000/realization_007_seed_1400207,final_voter_base_coarse_v1
voter,2.0,rho_2,2.0,200,1.0,2,3000,1400208,8,0,1.6745,data/pilots/final_voter_base_coarse_v1/voter/rho_2/eta_1/steps_3000/realization_008_seed_1400208,final_voter_base_coarse_v1
voter,2.0,rho_2,2.0,200,1.0,2,3000,1400209,9,0,1.6969,data/pilots/final_voter_base_coarse_v1/voter/rho_2/eta_1/steps_3000/realization_009_seed_1400209,final_voter_base_coarse_v1
voter,2.0,rho_2,2.0,200,1.0,2,3000,1400210,10,0,1.6511,data/pilots/final_voter_base_coarse_v1/voter/rho_2/eta_1/steps_3000/realization_010_seed_1400210,final_voter_base_coarse_v1
voter,2.0,rho_2,2.0,200,1.0,2,3000,1400211,11,0,1.7223,data/pilots/final_voter_base_coarse_v1/voter/rho_2/eta_1/steps_3000/realization_011_seed_1400211,final_voter_base_coarse_v1
voter,2.0,rho_2,2.0,200,1.0,2,3000,1400212,12,0,1.654,data/pilots/final_voter_base_coarse_v1/voter/rho_2/eta_1/steps_3000/realization_012_seed_1400212,final_voter_base_coarse_v1
voter,2.0,rho_2,2.0,200,1.0,2,3000,1400213,13,0,1.8449,data/pilots/final_voter_base_coarse_v1/voter/rho_2/eta_1/steps_3000/realization_013_seed_1400213,final_voter_base_coarse_v1
voter,2.0,rho_2,2.0,200,1.0,2,3000,1400214,14,0,1.8169,data/pilots/final_voter_base_coarse_v1/voter/rho_2/eta_1/steps_3000/realization_014_seed_1400214,final_voter_base_coarse_v1
voter,2.0,rho_2,2.0,200,1.0,2,3000,1400215,15,0,1.8537,data/pilots/final_voter_base_coarse_v1/voter/rho_2/eta_1/steps_3000/realization_015_seed_1400215,final_voter_base_coarse_v1
voter,2.0,rho_2,2.0,200,1.0,2,3000,1400216,16,0,1.779,data/pilots/final_voter_base_coarse_v1/voter/rho_2/eta_1/steps_3000/realization_016_seed_1400216,final_voter_base_coarse_v1
voter,2.0,rho_2,2.0,200,1.0,2,3000,1400217,17,0,1.801,data/pilots/final_voter_base_coarse_v1/voter/rho_2/eta_1/steps_3000/realization_017_seed_1400217,final_voter_base_coarse_v1
voter,2.0,rho_2,2.0,200,1.0,2,3000,1400218,18,0,1.7815,data/pilots/final_voter_base_coarse_v1/voter/rho_2/eta_1/steps_3000/realization_018_seed_1400218,final_voter_base_coarse_v1
voter,2.0,rho_2,2.0,200,1.0,2,3000,1400219,19,0,1.713,data/pilots/final_voter_base_coarse_v1/voter/rho_2/eta_1/steps_3000/realization_019_seed_1400219,final_voter_base_coarse_v1
voter,2.0,rho_2,,200,1.2,2,3000,1800200,0,0,1.6469,,final_dense_eta_grid_steps3000_R20_v1
voter,2.0,rho_2,,200,1.2,2,3000,1800201,1,0,1.6585,,final_dense_eta_grid_steps3000_R20_v1
voter,2.0,rho_2,,200,1.2,2,3000,1800202,2,0,1.713,,final_dense_eta_grid_steps3000_R20_v1
voter,2.0,rho_2,,200,1.2,2,3000,1800203,3,0,1.7699,,final_dense_eta_grid_steps3000_R20_v1
voter,2.0,rho_2,,200,1.2,2,3000,1800204,4,0,1.6778,,final_dense_eta_grid_steps3000_R20_v1
voter,2.0,rho_2,,200,1.2,2,3000,1800205,5,0,1.6861,,final_dense_eta_grid_steps3000_R20_v1
voter,2.0,rho_2,,200,1.2,2,3000,1800206,6,0,1.6432,,final_dense_eta_grid_steps3000_R20_v1
voter,2.0,rho_2,,200,1.2,2,3000,1800207,7,0,1.727,,final_dense_eta_grid_steps3000_R20_v1
voter,2.0,rho_2,,200,1.2,2,3000,1800208,8,0,1.6168,,final_dense_eta_grid_steps3000_R20_v1
voter,2.0,rho_2,,200,1.2,2,3000,1800209,9,0,1.6331,,final_dense_eta_grid_steps3000_R20_v1
voter,2.0,rho_2,,200,1.2,2,3000,1800210,10,0,1.6434,,final_dense_eta_grid_steps3000_R20_v1
voter,2.0,rho_2,,200,1.2,2,3000,1800211,11,0,1.6193,,final_dense_eta_grid_steps3000_R20_v1
voter,2.0,rho_2,,200,1.2,2,3000,1800212,12,0,1.6561,,final_dense_eta_grid_steps3000_R20_v1
voter,2.0,rho_2,,200,1.2,2,3000,1800213,13,0,1.6574,,final_dense_eta_grid_steps3000_R20_v1
voter,2.0,rho_2,,200,1.2,2,3000,1800214,14,0,1.6029,,final_dense_eta_grid_steps3000_R20_v1
voter,2.0,rho_2,,200,1.2,2,3000,1800215,15,0,1.6261,,final_dense_eta_grid_steps3000_R20_v1
voter,2.0,rho_2,,200,1.2,2,3000,1800216,16,0,1.6631,,final_dense_eta_grid_steps3000_R20_v1
voter,2.0,rho_2,,200,1.2,2,3000,1800217,17,0,1.693,,final_dense_eta_grid_steps3000_R20_v1
voter,2.0,rho_2,,200,1.2,2,3000,1800218,18,0,1.6636,,final_dense_eta_grid_steps3000_R20_v1
voter,2.0,rho_2,,200,1.2,2,3000,1800219,19,0,1.484,,final_dense_eta_grid_steps3000_R20_v1
voter,2.0,rho_2,,200,1.4,3,3000,1800300,0,0,1.5397,,final_dense_eta_grid_steps3000_R20_v1
voter,2.0,rho_2,,200,1.4,3,3000,1800301,1,0,1.6025,,final_dense_eta_grid_steps3000_R20_v1
voter,2.0,rho_2,,200,1.4,3,3000,1800302,2,0,1.6289,,final_dense_eta_grid_steps3000_R20_v1
voter,2.0,rho_2,,200,1.4,3,3000,1800303,3,0,1.5926,,final_dense_eta_grid_steps3000_R20_v1
voter,2.0,rho_2,,200,1.4,3,3000,1800304,4,0,1.5543,,final_dense_eta_grid_steps3000_R20_v1
voter,2.0,rho_2,,200,1.4,3,3000,1800305,5,0,1.538,,final_dense_eta_grid_steps3000_R20_v1
voter,2.0,rho_2,,200,1.4,3,3000,1800306,6,0,1.5388,,final_dense_eta_grid_steps3000_R20_v1
voter,2.0,rho_2,,200,1.4,3,3000,1800307,7,0,1.5457,,final_dense_eta_grid_steps3000_R20_v1
voter,2.0,rho_2,,200,1.4,3,3000,1800308,8,0,1.5369,,final_dense_eta_grid_steps3000_R20_v1
voter,2.0,rho_2,,200,1.4,3,3000,1800309,9,0,1.4871,,final_dense_eta_grid_steps3000_R20_v1
voter,2.0,rho_2,,200,1.4,3,3000,1800310,10,0,1.5379,,final_dense_eta_grid_steps3000_R20_v1
voter,2.0,rho_2,,200,1.4,3,3000,1800311,11,0,1.581,,final_dense_eta_grid_steps3000_R20_v1
voter,2.0,rho_2,,200,1.4,3,3000,1800312,12,0,1.5719,,final_dense_eta_grid_steps3000_R20_v1
voter,2.0,rho_2,,200,1.4,3,3000,1800313,13,0,1.5036,,final_dense_eta_grid_steps3000_R20_v1
voter,2.0,rho_2,,200,1.4,3,3000,1800314,14,0,1.5598,,final_dense_eta_grid_steps3000_R20_v1
voter,2.0,rho_2,,200,1.4,3,3000,1800315,15,0,1.4796,,final_dense_eta_grid_steps3000_R20_v1
voter,2.0,rho_2,,200,1.4,3,3000,1800316,16,0,1.5809,,final_dense_eta_grid_steps3000_R20_v1
voter,2.0,rho_2,,200,1.4,3,3000,1800317,17,0,1.5325,,final_dense_eta_grid_steps3000_R20_v1
voter,2.0,rho_2,,200,1.4,3,3000,1800318,18,0,1.5688,,final_dense_eta_grid_steps3000_R20_v1
voter,2.0,rho_2,,200,1.4,3,3000,1800319,19,0,1.5777,,final_dense_eta_grid_steps3000_R20_v1
voter,2.0,rho_2,,200,1.6,4,3000,1800400,0,0,1.544,,final_dense_eta_grid_steps3000_R20_v1
voter,2.0,rho_2,,200,1.6,4,3000,1800401,1,0,1.5484,,final_dense_eta_grid_steps3000_R20_v1
voter,2.0,rho_2,,200,1.6,4,3000,1800402,2,0,1.6049,,final_dense_eta_grid_steps3000_R20_v1
voter,2.0,rho_2,,200,1.6,4,3000,1800403,3,0,1.5536,,final_dense_eta_grid_steps3000_R20_v1
voter,2.0,rho_2,,200,1.6,4,3000,1800404,4,0,1.5473,,final_dense_eta_grid_steps3000_R20_v1
voter,2.0,rho_2,,200,1.6,4,3000,1800405,5,0,1.5306,,final_dense_eta_grid_steps3000_R20_v1
voter,2.0,rho_2,,200,1.6,4,3000,1800406,6,0,1.5407,,final_dense_eta_grid_steps3000_R20_v1
voter,2.0,rho_2,,200,1.6,4,3000,1800407,7,0,1.5741,,final_dense_eta_grid_steps3000_R20_v1
voter,2.0,rho_2,,200,1.6,4,3000,1800408,8,0,1.5371,,final_dense_eta_grid_steps3000_R20_v1
voter,2.0,rho_2,,200,1.6,4,3000,1800409,9,0,1.5736,,final_dense_eta_grid_steps3000_R20_v1
voter,2.0,rho_2,,200,1.6,4,3000,1800410,10,0,1.5665,,final_dense_eta_grid_steps3000_R20_v1
voter,2.0,rho_2,,200,1.6,4,3000,1800411,11,0,1.5357,,final_dense_eta_grid_steps3000_R20_v1
voter,2.0,rho_2,,200,1.6,4,3000,1800412,12,0,1.5223,,final_dense_eta_grid_steps3000_R20_v1
voter,2.0,rho_2,,200,1.6,4,3000,1800413,13,0,1.5579,,final_dense_eta_grid_steps3000_R20_v1
voter,2.0,rho_2,,200,1.6,4,3000,1800414,14,0,1.5433,,final_dense_eta_grid_steps3000_R20_v1
voter,2.0,rho_2,,200,1.6,4,3000,1800415,15,0,1.6142,,final_dense_eta_grid_steps3000_R20_v1
voter,2.0,rho_2,,200,1.6,4,3000,1800416,16,0,1.5652,,final_dense_eta_grid_steps3000_R20_v1
voter,2.0,rho_2,,200,1.6,4,3000,1800417,17,0,1.5707,,final_dense_eta_grid_steps3000_R20_v1
voter,2.0,rho_2,,200,1.6,4,3000,1800418,18,0,1.5898,,final_dense_eta_grid_steps3000_R20_v1
voter,2.0,rho_2,,200,1.6,4,3000,1800419,19,0,1.5965,,final_dense_eta_grid_steps3000_R20_v1
voter,2.0,rho_2,,200,1.8,5,3000,1800500,0,0,1.5953,,final_dense_eta_grid_steps3000_R20_v1
voter,2.0,rho_2,,200,1.8,5,3000,1800501,1,0,1.623,,final_dense_eta_grid_steps3000_R20_v1
voter,2.0,rho_2,,200,1.8,5,3000,1800502,2,0,1.5836,,final_dense_eta_grid_steps3000_R20_v1
voter,2.0,rho_2,,200,1.8,5,3000,1800503,3,0,1.5838,,final_dense_eta_grid_steps3000_R20_v1
voter,2.0,rho_2,,200,1.8,5,3000,1800504,4,0,1.5523,,final_dense_eta_grid_steps3000_R20_v1
voter,2.0,rho_2,,200,1.8,5,3000,1800505,5,0,1.5368,,final_dense_eta_grid_steps3000_R20_v1
voter,2.0,rho_2,,200,1.8,5,3000,1800506,6,0,1.5503,,final_dense_eta_grid_steps3000_R20_v1
voter,2.0,rho_2,,200,1.8,5,3000,1800507,7,0,1.486,,final_dense_eta_grid_steps3000_R20_v1
voter,2.0,rho_2,,200,1.8,5,3000,1800508,8,0,1.5326,,final_dense_eta_grid_steps3000_R20_v1
voter,2.0,rho_2,,200,1.8,5,3000,1800509,9,0,1.5241,,final_dense_eta_grid_steps3000_R20_v1
voter,2.0,rho_2,,200,1.8,5,3000,1800510,10,0,1.5051,,final_dense_eta_grid_steps3000_R20_v1
voter,2.0,rho_2,,200,1.8,5,3000,1800511,11,0,1.5377,,final_dense_eta_grid_steps3000_R20_v1
voter,2.0,rho_2,,200,1.8,5,3000,1800512,12,0,1.5095,,final_dense_eta_grid_steps3000_R20_v1
voter,2.0,rho_2,,200,1.8,5,3000,1800513,13,0,1.5146,,final_dense_eta_grid_steps3000_R20_v1
voter,2.0,rho_2,,200,1.8,5,3000,1800514,14,0,1.4816,,final_dense_eta_grid_steps3000_R20_v1
voter,2.0,rho_2,,200,1.8,5,3000,1800515,15,0,1.4862,,final_dense_eta_grid_steps3000_R20_v1
voter,2.0,rho_2,,200,1.8,5,3000,1800516,16,0,1.4529,,final_dense_eta_grid_steps3000_R20_v1
voter,2.0,rho_2,,200,1.8,5,3000,1800517,17,0,1.4836,,final_dense_eta_grid_steps3000_R20_v1
voter,2.0,rho_2,,200,1.8,5,3000,1800518,18,0,1.5044,,final_dense_eta_grid_steps3000_R20_v1
voter,2.0,rho_2,,200,1.8,5,3000,1800519,19,0,1.5689,,final_dense_eta_grid_steps3000_R20_v1
voter,2.0,rho_2,2.0,200,2.0,3,3000,1400300,0,0,1.5709,data/pilots/final_voter_base_coarse_v1/voter/rho_2/eta_2/steps_3000/realization_000_seed_1400300,final_voter_base_coarse_v1
voter,2.0,rho_2,2.0,200,2.0,3,3000,1400301,1,0,1.6099,data/pilots/final_voter_base_coarse_v1/voter/rho_2/eta_2/steps_3000/realization_001_seed_1400301,final_voter_base_coarse_v1
voter,2.0,rho_2,2.0,200,2.0,3,3000,1400302,2,0,1.5626,data/pilots/final_voter_base_coarse_v1/voter/rho_2/eta_2/steps_3000/realization_002_seed_1400302,final_voter_base_coarse_v1
voter,2.0,rho_2,2.0,200,2.0,3,3000,1400303,3,0,1.5874,data/pilots/final_voter_base_coarse_v1/voter/rho_2/eta_2/steps_3000/realization_003_seed_1400303,final_voter_base_coarse_v1
voter,2.0,rho_2,2.0,200,2.0,3,3000,1400304,4,0,1.5801,data/pilots/final_voter_base_coarse_v1/voter/rho_2/eta_2/steps_3000/realization_004_seed_1400304,final_voter_base_coarse_v1
voter,2.0,rho_2,2.0,200,2.0,3,3000,1400305,5,0,1.6068,data/pilots/final_voter_base_coarse_v1/voter/rho_2/eta_2/steps_3000/realization_005_seed_1400305,final_voter_base_coarse_v1
voter,2.0,rho_2,2.0,200,2.0,3,3000,1400306,6,0,1.5902,data/pilots/final_voter_base_coarse_v1/voter/rho_2/eta_2/steps_3000/realization_006_seed_1400306,final_voter_base_coarse_v1
voter,2.0,rho_2,2.0,200,2.0,3,3000,1400307,7,0,1.7123,data/pilots/final_voter_base_coarse_v1/voter/rho_2/eta_2/steps_3000/realization_007_seed_1400307,final_voter_base_coarse_v1
voter,2.0,rho_2,2.0,200,2.0,3,3000,1400308,8,0,1.6615,data/pilots/final_voter_base_coarse_v1/voter/rho_2/eta_2/steps_3000/realization_008_seed_1400308,final_voter_base_coarse_v1
voter,2.0,rho_2,2.0,200,2.0,3,3000,1400309,9,0,1.5933,data/pilots/final_voter_base_coarse_v1/voter/rho_2/eta_2/steps_3000/realization_009_seed_1400309,final_voter_base_coarse_v1
voter,2.0,rho_2,2.0,200,2.0,3,3000,1400310,10,0,1.6831,data/pilots/final_voter_base_coarse_v1/voter/rho_2/eta_2/steps_3000/realization_010_seed_1400310,final_voter_base_coarse_v1
voter,2.0,rho_2,2.0,200,2.0,3,3000,1400311,11,0,1.6024,data/pilots/final_voter_base_coarse_v1/voter/rho_2/eta_2/steps_3000/realization_011_seed_1400311,final_voter_base_coarse_v1
voter,2.0,rho_2,2.0,200,2.0,3,3000,1400312,12,0,1.5639,data/pilots/final_voter_base_coarse_v1/voter/rho_2/eta_2/steps_3000/realization_012_seed_1400312,final_voter_base_coarse_v1
voter,2.0,rho_2,2.0,200,2.0,3,3000,1400313,13,0,1.5814,data/pilots/final_voter_base_coarse_v1/voter/rho_2/eta_2/steps_3000/realization_013_seed_1400313,final_voter_base_coarse_v1
voter,2.0,rho_2,2.0,200,2.0,3,3000,1400314,14,0,1.5695,data/pilots/final_voter_base_coarse_v1/voter/rho_2/eta_2/steps_3000/realization_014_seed_1400314,final_voter_base_coarse_v1
voter,2.0,rho_2,2.0,200,2.0,3,3000,1400315,15,0,1.57,data/pilots/final_voter_base_coarse_v1/voter/rho_2/eta_2/steps_3000/realization_015_seed_1400315,final_voter_base_coarse_v1
voter,2.0,rho_2,2.0,200,2.0,3,3000,1400316,16,0,1.6154,data/pilots/final_voter_base_coarse_v1/voter/rho_2/eta_2/steps_3000/realization_016_seed_1400316,final_voter_base_coarse_v1
voter,2.0,rho_2,2.0,200,2.0,3,3000,1400317,17,0,1.6142,data/pilots/final_voter_base_coarse_v1/voter/rho_2/eta_2/steps_3000/realization_017_seed_1400317,final_voter_base_coarse_v1
voter,2.0,rho_2,2.0,200,2.0,3,3000,1400318,18,0,1.5981,data/pilots/final_voter_base_coarse_v1/voter/rho_2/eta_2/steps_3000/realization_018_seed_1400318,final_voter_base_coarse_v1
voter,2.0,rho_2,2.0,200,2.0,3,3000,1400319,19,0,1.6326,data/pilots/final_voter_base_coarse_v1/voter/rho_2/eta_2/steps_3000/realization_019_seed_1400319,final_voter_base_coarse_v1
voter,2.0,rho_2,,200,2.2,6,3000,1800600,0,0,1.4408,,final_dense_eta_grid_steps3000_R20_v1
voter,2.0,rho_2,,200,2.2,6,3000,1800601,1,0,1.5079,,final_dense_eta_grid_steps3000_R20_v1
voter,2.0,rho_2,,200,2.2,6,3000,1800602,2,0,1.5667,,final_dense_eta_grid_steps3000_R20_v1
voter,2.0,rho_2,,200,2.2,6,3000,1800603,3,0,1.5714,,final_dense_eta_grid_steps3000_R20_v1
voter,2.0,rho_2,,200,2.2,6,3000,1800604,4,0,1.5508,,final_dense_eta_grid_steps3000_R20_v1
voter,2.0,rho_2,,200,2.2,6,3000,1800605,5,0,1.5864,,final_dense_eta_grid_steps3000_R20_v1
voter,2.0,rho_2,,200,2.2,6,3000,1800606,6,0,1.5586,,final_dense_eta_grid_steps3000_R20_v1
voter,2.0,rho_2,,200,2.2,6,3000,1800607,7,0,1.5725,,final_dense_eta_grid_steps3000_R20_v1
voter,2.0,rho_2,,200,2.2,6,3000,1800608,8,0,1.5591,,final_dense_eta_grid_steps3000_R20_v1
voter,2.0,rho_2,,200,2.2,6,3000,1800609,9,0,1.5994,,final_dense_eta_grid_steps3000_R20_v1
voter,2.0,rho_2,,200,2.2,6,3000,1800610,10,0,1.5031,,final_dense_eta_grid_steps3000_R20_v1
voter,2.0,rho_2,,200,2.2,6,3000,1800611,11,0,1.5815,,final_dense_eta_grid_steps3000_R20_v1
voter,2.0,rho_2,,200,2.2,6,3000,1800612,12,0,1.53,,final_dense_eta_grid_steps3000_R20_v1
voter,2.0,rho_2,,200,2.2,6,3000,1800613,13,0,1.4888,,final_dense_eta_grid_steps3000_R20_v1
voter,2.0,rho_2,,200,2.2,6,3000,1800614,14,0,1.5078,,final_dense_eta_grid_steps3000_R20_v1
voter,2.0,rho_2,,200,2.2,6,3000,1800615,15,0,1.4914,,final_dense_eta_grid_steps3000_R20_v1
voter,2.0,rho_2,,200,2.2,6,3000,1800616,16,0,1.4793,,final_dense_eta_grid_steps3000_R20_v1
voter,2.0,rho_2,,200,2.2,6,3000,1800617,17,0,1.4919,,final_dense_eta_grid_steps3000_R20_v1
voter,2.0,rho_2,,200,2.2,6,3000,1800618,18,0,1.542,,final_dense_eta_grid_steps3000_R20_v1
voter,2.0,rho_2,,200,2.2,6,3000,1800619,19,0,1.488,,final_dense_eta_grid_steps3000_R20_v1
voter,2.0,rho_2,,200,2.4,7,3000,1800700,0,0,1.4796,,final_dense_eta_grid_steps3000_R20_v1
voter,2.0,rho_2,,200,2.4,7,3000,1800701,1,0,1.5381,,final_dense_eta_grid_steps3000_R20_v1
voter,2.0,rho_2,,200,2.4,7,3000,1800702,2,0,1.4569,,final_dense_eta_grid_steps3000_R20_v1
voter,2.0,rho_2,,200,2.4,7,3000,1800703,3,0,1.5091,,final_dense_eta_grid_steps3000_R20_v1
voter,2.0,rho_2,,200,2.4,7,3000,1800704,4,0,1.4537,,final_dense_eta_grid_steps3000_R20_v1
voter,2.0,rho_2,,200,2.4,7,3000,1800705,5,0,1.4344,,final_dense_eta_grid_steps3000_R20_v1
voter,2.0,rho_2,,200,2.4,7,3000,1800706,6,0,1.432,,final_dense_eta_grid_steps3000_R20_v1
voter,2.0,rho_2,,200,2.4,7,3000,1800707,7,0,1.5114,,final_dense_eta_grid_steps3000_R20_v1
voter,2.0,rho_2,,200,2.4,7,3000,1800708,8,0,1.4681,,final_dense_eta_grid_steps3000_R20_v1
voter,2.0,rho_2,,200,2.4,7,3000,1800709,9,0,1.4844,,final_dense_eta_grid_steps3000_R20_v1
voter,2.0,rho_2,,200,2.4,7,3000,1800710,10,0,1.4896,,final_dense_eta_grid_steps3000_R20_v1
voter,2.0,rho_2,,200,2.4,7,3000,1800711,11,0,1.4316,,final_dense_eta_grid_steps3000_R20_v1
voter,2.0,rho_2,,200,2.4,7,3000,1800712,12,0,1.4407,,final_dense_eta_grid_steps3000_R20_v1
voter,2.0,rho_2,,200,2.4,7,3000,1800713,13,0,1.4572,,final_dense_eta_grid_steps3000_R20_v1
voter,2.0,rho_2,,200,2.4,7,3000,1800714,14,0,1.484,,final_dense_eta_grid_steps3000_R20_v1
voter,2.0,rho_2,,200,2.4,7,3000,1800715,15,0,1.4572,,final_dense_eta_grid_steps3000_R20_v1
voter,2.0,rho_2,,200,2.4,7,3000,1800716,16,0,1.4854,,final_dense_eta_grid_steps3000_R20_v1
voter,2.0,rho_2,,200,2.4,7,3000,1800717,17,0,1.52,,final_dense_eta_grid_steps3000_R20_v1
voter,2.0,rho_2,,200,2.4,7,3000,1800718,18,0,1.4967,,final_dense_eta_grid_steps3000_R20_v1
voter,2.0,rho_2,,200,2.4,7,3000,1800719,19,0,1.4358,,final_dense_eta_grid_steps3000_R20_v1
voter,2.0,rho_2,,200,2.6,8,3000,1800800,0,0,1.4763,,final_dense_eta_grid_steps3000_R20_v1
voter,2.0,rho_2,,200,2.6,8,3000,1800801,1,0,1.5221,,final_dense_eta_grid_steps3000_R20_v1
voter,2.0,rho_2,,200,2.6,8,3000,1800802,2,0,1.5183,,final_dense_eta_grid_steps3000_R20_v1
voter,2.0,rho_2,,200,2.6,8,3000,1800803,3,0,1.5493,,final_dense_eta_grid_steps3000_R20_v1
voter,2.0,rho_2,,200,2.6,8,3000,1800804,4,0,1.5103,,final_dense_eta_grid_steps3000_R20_v1
voter,2.0,rho_2,,200,2.6,8,3000,1800805,5,0,1.5558,,final_dense_eta_grid_steps3000_R20_v1
voter,2.0,rho_2,,200,2.6,8,3000,1800806,6,0,1.4694,,final_dense_eta_grid_steps3000_R20_v1
voter,2.0,rho_2,,200,2.6,8,3000,1800807,7,0,1.483,,final_dense_eta_grid_steps3000_R20_v1
voter,2.0,rho_2,,200,2.6,8,3000,1800808,8,0,1.4939,,final_dense_eta_grid_steps3000_R20_v1
voter,2.0,rho_2,,200,2.6,8,3000,1800809,9,0,1.4833,,final_dense_eta_grid_steps3000_R20_v1
voter,2.0,rho_2,,200,2.6,8,3000,1800810,10,0,1.4881,,final_dense_eta_grid_steps3000_R20_v1
voter,2.0,rho_2,,200,2.6,8,3000,1800811,11,0,1.4545,,final_dense_eta_grid_steps3000_R20_v1
voter,2.0,rho_2,,200,2.6,8,3000,1800812,12,0,1.456,,final_dense_eta_grid_steps3000_R20_v1
voter,2.0,rho_2,,200,2.6,8,3000,1800813,13,0,1.4252,,final_dense_eta_grid_steps3000_R20_v1
voter,2.0,rho_2,,200,2.6,8,3000,1800814,14,0,1.5084,,final_dense_eta_grid_steps3000_R20_v1
voter,2.0,rho_2,,200,2.6,8,3000,1800815,15,0,1.4768,,final_dense_eta_grid_steps3000_R20_v1
voter,2.0,rho_2,,200,2.6,8,3000,1800816,16,0,1.4346,,final_dense_eta_grid_steps3000_R20_v1
voter,2.0,rho_2,,200,2.6,8,3000,1800817,17,0,1.4647,,final_dense_eta_grid_steps3000_R20_v1
voter,2.0,rho_2,,200,2.6,8,3000,1800818,18,0,1.4353,,final_dense_eta_grid_steps3000_R20_v1
voter,2.0,rho_2,,200,2.6,8,3000,1800819,19,0,1.4435,,final_dense_eta_grid_steps3000_R20_v1
voter,2.0,rho_2,,200,2.8,9,3000,1800900,0,0,1.432,,final_dense_eta_grid_steps3000_R20_v1
voter,2.0,rho_2,,200,2.8,9,3000,1800901,1,0,1.4661,,final_dense_eta_grid_steps3000_R20_v1
voter,2.0,rho_2,,200,2.8,9,3000,1800902,2,0,1.4804,,final_dense_eta_grid_steps3000_R20_v1
voter,2.0,rho_2,,200,2.8,9,3000,1800903,3,0,1.4333,,final_dense_eta_grid_steps3000_R20_v1
voter,2.0,rho_2,,200,2.8,9,3000,1800904,4,0,1.4366,,final_dense_eta_grid_steps3000_R20_v1
voter,2.0,rho_2,,200,2.8,9,3000,1800905,5,0,1.4482,,final_dense_eta_grid_steps3000_R20_v1
voter,2.0,rho_2,,200,2.8,9,3000,1800906,6,0,1.48,,final_dense_eta_grid_steps3000_R20_v1
voter,2.0,rho_2,,200,2.8,9,3000,1800907,7,0,1.4088,,final_dense_eta_grid_steps3000_R20_v1
voter,2.0,rho_2,,200,2.8,9,3000,1800908,8,0,1.4629,,final_dense_eta_grid_steps3000_R20_v1
voter,2.0,rho_2,,200,2.8,9,3000,1800909,9,0,1.4586,,final_dense_eta_grid_steps3000_R20_v1
voter,2.0,rho_2,,200,2.8,9,3000,1800910,10,0,1.4723,,final_dense_eta_grid_steps3000_R20_v1
voter,2.0,rho_2,,200,2.8,9,3000,1800911,11,0,1.4695,,final_dense_eta_grid_steps3000_R20_v1
voter,2.0,rho_2,,200,2.8,9,3000,1800912,12,0,1.4956,,final_dense_eta_grid_steps3000_R20_v1
voter,2.0,rho_2,,200,2.8,9,3000,1800913,13,0,1.4832,,final_dense_eta_grid_steps3000_R20_v1
voter,2.0,rho_2,,200,2.8,9,3000,1800914,14,0,1.5073,,final_dense_eta_grid_steps3000_R20_v1
voter,2.0,rho_2,,200,2.8,9,3000,1800915,15,0,1.46,,final_dense_eta_grid_steps3000_R20_v1
voter,2.0,rho_2,,200,2.8,9,3000,1800916,16,0,1.4692,,final_dense_eta_grid_steps3000_R20_v1
voter,2.0,rho_2,,200,2.8,9,3000,1800917,17,0,1.4854,,final_dense_eta_grid_steps3000_R20_v1
voter,2.0,rho_2,,200,2.8,9,3000,1800918,18,0,1.5179,,final_dense_eta_grid_steps3000_R20_v1
voter,2.0,rho_2,,200,2.8,9,3000,1800919,19,0,1.4955,,final_dense_eta_grid_steps3000_R20_v1
voter,2.0,rho_2,2.0,200,3.0,4,3000,1400400,0,0,1.6574,data/pilots/final_voter_base_coarse_v1/voter/rho_2/eta_3/steps_3000/realization_000_seed_1400400,final_voter_base_coarse_v1
voter,2.0,rho_2,2.0,200,3.0,4,3000,1400401,1,0,1.5566,data/pilots/final_voter_base_coarse_v1/voter/rho_2/eta_3/steps_3000/realization_001_seed_1400401,final_voter_base_coarse_v1
voter,2.0,rho_2,2.0,200,3.0,4,3000,1400402,2,0,1.5526,data/pilots/final_voter_base_coarse_v1/voter/rho_2/eta_3/steps_3000/realization_002_seed_1400402,final_voter_base_coarse_v1
voter,2.0,rho_2,2.0,200,3.0,4,3000,1400403,3,0,1.5226,data/pilots/final_voter_base_coarse_v1/voter/rho_2/eta_3/steps_3000/realization_003_seed_1400403,final_voter_base_coarse_v1
voter,2.0,rho_2,2.0,200,3.0,4,3000,1400404,4,0,1.523,data/pilots/final_voter_base_coarse_v1/voter/rho_2/eta_3/steps_3000/realization_004_seed_1400404,final_voter_base_coarse_v1
voter,2.0,rho_2,2.0,200,3.0,4,3000,1400405,5,0,1.5027,data/pilots/final_voter_base_coarse_v1/voter/rho_2/eta_3/steps_3000/realization_005_seed_1400405,final_voter_base_coarse_v1
voter,2.0,rho_2,2.0,200,3.0,4,3000,1400406,6,0,1.5088,data/pilots/final_voter_base_coarse_v1/voter/rho_2/eta_3/steps_3000/realization_006_seed_1400406,final_voter_base_coarse_v1
voter,2.0,rho_2,2.0,200,3.0,4,3000,1400407,7,0,1.5585,data/pilots/final_voter_base_coarse_v1/voter/rho_2/eta_3/steps_3000/realization_007_seed_1400407,final_voter_base_coarse_v1
voter,2.0,rho_2,2.0,200,3.0,4,3000,1400408,8,0,1.529,data/pilots/final_voter_base_coarse_v1/voter/rho_2/eta_3/steps_3000/realization_008_seed_1400408,final_voter_base_coarse_v1
voter,2.0,rho_2,2.0,200,3.0,4,3000,1400409,9,0,1.5186,data/pilots/final_voter_base_coarse_v1/voter/rho_2/eta_3/steps_3000/realization_009_seed_1400409,final_voter_base_coarse_v1
voter,2.0,rho_2,2.0,200,3.0,4,3000,1400410,10,0,1.5438,data/pilots/final_voter_base_coarse_v1/voter/rho_2/eta_3/steps_3000/realization_010_seed_1400410,final_voter_base_coarse_v1
voter,2.0,rho_2,2.0,200,3.0,4,3000,1400411,11,0,1.5671,data/pilots/final_voter_base_coarse_v1/voter/rho_2/eta_3/steps_3000/realization_011_seed_1400411,final_voter_base_coarse_v1
voter,2.0,rho_2,2.0,200,3.0,4,3000,1400412,12,0,1.6009,data/pilots/final_voter_base_coarse_v1/voter/rho_2/eta_3/steps_3000/realization_012_seed_1400412,final_voter_base_coarse_v1
voter,2.0,rho_2,2.0,200,3.0,4,3000,1400413,13,0,1.5498,data/pilots/final_voter_base_coarse_v1/voter/rho_2/eta_3/steps_3000/realization_013_seed_1400413,final_voter_base_coarse_v1
voter,2.0,rho_2,2.0,200,3.0,4,3000,1400414,14,0,1.6061,data/pilots/final_voter_base_coarse_v1/voter/rho_2/eta_3/steps_3000/realization_014_seed_1400414,final_voter_base_coarse_v1
voter,2.0,rho_2,2.0,200,3.0,4,3000,1400415,15,0,1.5566,data/pilots/final_voter_base_coarse_v1/voter/rho_2/eta_3/steps_3000/realization_015_seed_1400415,final_voter_base_coarse_v1
voter,2.0,rho_2,2.0,200,3.0,4,3000,1400416,16,0,1.6875,data/pilots/final_voter_base_coarse_v1/voter/rho_2/eta_3/steps_3000/realization_016_seed_1400416,final_voter_base_coarse_v1
voter,2.0,rho_2,2.0,200,3.0,4,3000,1400417,17,0,1.69,data/pilots/final_voter_base_coarse_v1/voter/rho_2/eta_3/steps_3000/realization_017_seed_1400417,final_voter_base_coarse_v1
voter,2.0,rho_2,2.0,200,3.0,4,3000,1400418,18,0,1.6289,data/pilots/final_voter_base_coarse_v1/voter/rho_2/eta_3/steps_3000/realization_018_seed_1400418,final_voter_base_coarse_v1
voter,2.0,rho_2,2.0,200,3.0,4,3000,1400419,19,0,1.6179,data/pilots/final_voter_base_coarse_v1/voter/rho_2/eta_3/steps_3000/realization_019_seed_1400419,final_voter_base_coarse_v1
voter,2.0,rho_2,,200,3.2,10,3000,1801000,0,0,1.5262,,final_dense_eta_grid_steps3000_R20_v1
voter,2.0,rho_2,,200,3.2,10,3000,1801001,1,0,1.4412,,final_dense_eta_grid_steps3000_R20_v1
voter,2.0,rho_2,,200,3.2,10,3000,1801002,2,0,1.4708,,final_dense_eta_grid_steps3000_R20_v1
voter,2.0,rho_2,,200,3.2,10,3000,1801003,3,0,1.4978,,final_dense_eta_grid_steps3000_R20_v1
voter,2.0,rho_2,,200,3.2,10,3000,1801004,4,0,1.4281,,final_dense_eta_grid_steps3000_R20_v1
voter,2.0,rho_2,,200,3.2,10,3000,1801005,5,0,1.4254,,final_dense_eta_grid_steps3000_R20_v1
voter,2.0,rho_2,,200,3.2,10,3000,1801006,6,0,1.5118,,final_dense_eta_grid_steps3000_R20_v1
voter,2.0,rho_2,,200,3.2,10,3000,1801007,7,0,1.4061,,final_dense_eta_grid_steps3000_R20_v1
voter,2.0,rho_2,,200,3.2,10,3000,1801008,8,0,1.4601,,final_dense_eta_grid_steps3000_R20_v1
voter,2.0,rho_2,,200,3.2,10,3000,1801009,9,0,1.476,,final_dense_eta_grid_steps3000_R20_v1
voter,2.0,rho_2,,200,3.2,10,3000,1801010,10,0,1.4836,,final_dense_eta_grid_steps3000_R20_v1
voter,2.0,rho_2,,200,3.2,10,3000,1801011,11,0,1.4917,,final_dense_eta_grid_steps3000_R20_v1
voter,2.0,rho_2,,200,3.2,10,3000,1801012,12,0,1.454,,final_dense_eta_grid_steps3000_R20_v1
voter,2.0,rho_2,,200,3.2,10,3000,1801013,13,0,1.4707,,final_dense_eta_grid_steps3000_R20_v1
voter,2.0,rho_2,,200,3.2,10,3000,1801014,14,0,1.468,,final_dense_eta_grid_steps3000_R20_v1
voter,2.0,rho_2,,200,3.2,10,3000,1801015,15,0,1.4596,,final_dense_eta_grid_steps3000_R20_v1
voter,2.0,rho_2,,200,3.2,10,3000,1801016,16,0,1.4701,,final_dense_eta_grid_steps3000_R20_v1
voter,2.0,rho_2,,200,3.2,10,3000,1801017,17,0,1.4968,,final_dense_eta_grid_steps3000_R20_v1
voter,2.0,rho_2,,200,3.2,10,3000,1801018,18,0,1.4377,,final_dense_eta_grid_steps3000_R20_v1
voter,2.0,rho_2,,200,3.2,10,3000,1801019,19,0,1.4441,,final_dense_eta_grid_steps3000_R20_v1
voter,2.0,rho_2,,200,3.4,11,3000,1801100,0,0,1.4487,,final_dense_eta_grid_steps3000_R20_v1
voter,2.0,rho_2,,200,3.4,11,3000,1801101,1,0,1.4406,,final_dense_eta_grid_steps3000_R20_v1
voter,2.0,rho_2,,200,3.4,11,3000,1801102,2,0,1.5057,,final_dense_eta_grid_steps3000_R20_v1
voter,2.0,rho_2,,200,3.4,11,3000,1801103,3,0,1.4859,,final_dense_eta_grid_steps3000_R20_v1
voter,2.0,rho_2,,200,3.4,11,3000,1801104,4,0,1.4758,,final_dense_eta_grid_steps3000_R20_v1
voter,2.0,rho_2,,200,3.4,11,3000,1801105,5,0,1.4668,,final_dense_eta_grid_steps3000_R20_v1
voter,2.0,rho_2,,200,3.4,11,3000,1801106,6,0,1.4786,,final_dense_eta_grid_steps3000_R20_v1
voter,2.0,rho_2,,200,3.4,11,3000,1801107,7,0,1.4798,,final_dense_eta_grid_steps3000_R20_v1
voter,2.0,rho_2,,200,3.4,11,3000,1801108,8,0,1.4581,,final_dense_eta_grid_steps3000_R20_v1
voter,2.0,rho_2,,200,3.4,11,3000,1801109,9,0,1.4732,,final_dense_eta_grid_steps3000_R20_v1
voter,2.0,rho_2,,200,3.4,11,3000,1801110,10,0,1.4546,,final_dense_eta_grid_steps3000_R20_v1
voter,2.0,rho_2,,200,3.4,11,3000,1801111,11,0,1.4368,,final_dense_eta_grid_steps3000_R20_v1
voter,2.0,rho_2,,200,3.4,11,3000,1801112,12,0,1.4595,,final_dense_eta_grid_steps3000_R20_v1
voter,2.0,rho_2,,200,3.4,11,3000,1801113,13,0,1.5045,,final_dense_eta_grid_steps3000_R20_v1
voter,2.0,rho_2,,200,3.4,11,3000,1801114,14,0,1.4857,,final_dense_eta_grid_steps3000_R20_v1
voter,2.0,rho_2,,200,3.4,11,3000,1801115,15,0,1.4529,,final_dense_eta_grid_steps3000_R20_v1
voter,2.0,rho_2,,200,3.4,11,3000,1801116,16,0,1.4887,,final_dense_eta_grid_steps3000_R20_v1
voter,2.0,rho_2,,200,3.4,11,3000,1801117,17,0,1.443,,final_dense_eta_grid_steps3000_R20_v1
voter,2.0,rho_2,,200,3.4,11,3000,1801118,18,0,1.4204,,final_dense_eta_grid_steps3000_R20_v1
voter,2.0,rho_2,,200,3.4,11,3000,1801119,19,0,1.4741,,final_dense_eta_grid_steps3000_R20_v1
voter,2.0,rho_2,,200,3.6,12,3000,1801200,0,0,1.4523,,final_dense_eta_grid_steps3000_R20_v1
voter,2.0,rho_2,,200,3.6,12,3000,1801201,1,0,1.4694,,final_dense_eta_grid_steps3000_R20_v1
voter,2.0,rho_2,,200,3.6,12,3000,1801202,2,0,1.4528,,final_dense_eta_grid_steps3000_R20_v1
voter,2.0,rho_2,,200,3.6,12,3000,1801203,3,0,1.4475,,final_dense_eta_grid_steps3000_R20_v1
voter,2.0,rho_2,,200,3.6,12,3000,1801204,4,0,1.5023,,final_dense_eta_grid_steps3000_R20_v1
voter,2.0,rho_2,,200,3.6,12,3000,1801205,5,0,1.4803,,final_dense_eta_grid_steps3000_R20_v1
voter,2.0,rho_2,,200,3.6,12,3000,1801206,6,0,1.5072,,final_dense_eta_grid_steps3000_R20_v1
voter,2.0,rho_2,,200,3.6,12,3000,1801207,7,0,1.5048,,final_dense_eta_grid_steps3000_R20_v1
voter,2.0,rho_2,,200,3.6,12,3000,1801208,8,0,1.4484,,final_dense_eta_grid_steps3000_R20_v1
voter,2.0,rho_2,,200,3.6,12,3000,1801209,9,0,1.5163,,final_dense_eta_grid_steps3000_R20_v1
voter,2.0,rho_2,,200,3.6,12,3000,1801210,10,0,1.5048,,final_dense_eta_grid_steps3000_R20_v1
voter,2.0,rho_2,,200,3.6,12,3000,1801211,11,0,1.4895,,final_dense_eta_grid_steps3000_R20_v1
voter,2.0,rho_2,,200,3.6,12,3000,1801212,12,0,1.4777,,final_dense_eta_grid_steps3000_R20_v1
voter,2.0,rho_2,,200,3.6,12,3000,1801213,13,0,1.5174,,final_dense_eta_grid_steps3000_R20_v1
voter,2.0,rho_2,,200,3.6,12,3000,1801214,14,0,1.493,,final_dense_eta_grid_steps3000_R20_v1
voter,2.0,rho_2,,200,3.6,12,3000,1801215,15,0,1.513,,final_dense_eta_grid_steps3000_R20_v1
voter,2.0,rho_2,,200,3.6,12,3000,1801216,16,0,1.4297,,final_dense_eta_grid_steps3000_R20_v1
voter,2.0,rho_2,,200,3.6,12,3000,1801217,17,0,1.5021,,final_dense_eta_grid_steps3000_R20_v1
voter,2.0,rho_2,,200,3.6,12,3000,1801218,18,0,1.502,,final_dense_eta_grid_steps3000_R20_v1
voter,2.0,rho_2,,200,3.6,12,3000,1801219,19,0,1.4838,,final_dense_eta_grid_steps3000_R20_v1
voter,2.0,rho_2,,200,3.8,13,3000,1801300,0,0,1.4932,,final_dense_eta_grid_steps3000_R20_v1
voter,2.0,rho_2,,200,3.8,13,3000,1801301,1,0,1.4329,,final_dense_eta_grid_steps3000_R20_v1
voter,2.0,rho_2,,200,3.8,13,3000,1801302,2,0,1.4874,,final_dense_eta_grid_steps3000_R20_v1
voter,2.0,rho_2,,200,3.8,13,3000,1801303,3,0,1.4338,,final_dense_eta_grid_steps3000_R20_v1
voter,2.0,rho_2,,200,3.8,13,3000,1801304,4,0,1.4173,,final_dense_eta_grid_steps3000_R20_v1
voter,2.0,rho_2,,200,3.8,13,3000,1801305,5,0,1.364,,final_dense_eta_grid_steps3000_R20_v1
voter,2.0,rho_2,,200,3.8,13,3000,1801306,6,0,1.452,,final_dense_eta_grid_steps3000_R20_v1
voter,2.0,rho_2,,200,3.8,13,3000,1801307,7,0,1.4487,,final_dense_eta_grid_steps3000_R20_v1
voter,2.0,rho_2,,200,3.8,13,3000,1801308,8,0,1.4582,,final_dense_eta_grid_steps3000_R20_v1
voter,2.0,rho_2,,200,3.8,13,3000,1801309,9,0,1.4179,,final_dense_eta_grid_steps3000_R20_v1
voter,2.0,rho_2,,200,3.8,13,3000,1801310,10,0,1.4506,,final_dense_eta_grid_steps3000_R20_v1
voter,2.0,rho_2,,200,3.8,13,3000,1801311,11,0,1.4221,,final_dense_eta_grid_steps3000_R20_v1
voter,2.0,rho_2,,200,3.8,13,3000,1801312,12,0,1.4166,,final_dense_eta_grid_steps3000_R20_v1
voter,2.0,rho_2,,200,3.8,13,3000,1801313,13,0,1.4038,,final_dense_eta_grid_steps3000_R20_v1
voter,2.0,rho_2,,200,3.8,13,3000,1801314,14,0,1.42,,final_dense_eta_grid_steps3000_R20_v1
voter,2.0,rho_2,,200,3.8,13,3000,1801315,15,0,1.4215,,final_dense_eta_grid_steps3000_R20_v1
voter,2.0,rho_2,,200,3.8,13,3000,1801316,16,0,1.434,,final_dense_eta_grid_steps3000_R20_v1
voter,2.0,rho_2,,200,3.8,13,3000,1801317,17,0,1.4422,,final_dense_eta_grid_steps3000_R20_v1
voter,2.0,rho_2,,200,3.8,13,3000,1801318,18,0,1.4185,,final_dense_eta_grid_steps3000_R20_v1
voter,2.0,rho_2,,200,3.8,13,3000,1801319,19,0,1.4301,,final_dense_eta_grid_steps3000_R20_v1
voter,2.0,rho_2,2.0,200,4.0,5,3000,1400500,0,0,1.6417,data/pilots/final_voter_base_coarse_v1/voter/rho_2/eta_4/steps_3000/realization_000_seed_1400500,final_voter_base_coarse_v1
voter,2.0,rho_2,2.0,200,4.0,5,3000,1400501,1,0,1.7787,data/pilots/final_voter_base_coarse_v1/voter/rho_2/eta_4/steps_3000/realization_001_seed_1400501,final_voter_base_coarse_v1
voter,2.0,rho_2,2.0,200,4.0,5,3000,1400502,2,0,1.6476,data/pilots/final_voter_base_coarse_v1/voter/rho_2/eta_4/steps_3000/realization_002_seed_1400502,final_voter_base_coarse_v1
voter,2.0,rho_2,2.0,200,4.0,5,3000,1400503,3,0,1.6712,data/pilots/final_voter_base_coarse_v1/voter/rho_2/eta_4/steps_3000/realization_003_seed_1400503,final_voter_base_coarse_v1
voter,2.0,rho_2,2.0,200,4.0,5,3000,1400504,4,0,1.6697,data/pilots/final_voter_base_coarse_v1/voter/rho_2/eta_4/steps_3000/realization_004_seed_1400504,final_voter_base_coarse_v1
voter,2.0,rho_2,2.0,200,4.0,5,3000,1400505,5,0,1.6561,data/pilots/final_voter_base_coarse_v1/voter/rho_2/eta_4/steps_3000/realization_005_seed_1400505,final_voter_base_coarse_v1
voter,2.0,rho_2,2.0,200,4.0,5,3000,1400506,6,0,1.6116,data/pilots/final_voter_base_coarse_v1/voter/rho_2/eta_4/steps_3000/realization_006_seed_1400506,final_voter_base_coarse_v1
voter,2.0,rho_2,2.0,200,4.0,5,3000,1400507,7,0,1.5861,data/pilots/final_voter_base_coarse_v1/voter/rho_2/eta_4/steps_3000/realization_007_seed_1400507,final_voter_base_coarse_v1
voter,2.0,rho_2,2.0,200,4.0,5,3000,1400508,8,0,1.5271,data/pilots/final_voter_base_coarse_v1/voter/rho_2/eta_4/steps_3000/realization_008_seed_1400508,final_voter_base_coarse_v1
voter,2.0,rho_2,2.0,200,4.0,5,3000,1400509,9,0,1.5745,data/pilots/final_voter_base_coarse_v1/voter/rho_2/eta_4/steps_3000/realization_009_seed_1400509,final_voter_base_coarse_v1
voter,2.0,rho_2,2.0,200,4.0,5,3000,1400510,10,0,1.5293,data/pilots/final_voter_base_coarse_v1/voter/rho_2/eta_4/steps_3000/realization_010_seed_1400510,final_voter_base_coarse_v1
voter,2.0,rho_2,2.0,200,4.0,5,3000,1400511,11,0,1.545,data/pilots/final_voter_base_coarse_v1/voter/rho_2/eta_4/steps_3000/realization_011_seed_1400511,final_voter_base_coarse_v1
voter,2.0,rho_2,2.0,200,4.0,5,3000,1400512,12,0,1.5542,data/pilots/final_voter_base_coarse_v1/voter/rho_2/eta_4/steps_3000/realization_012_seed_1400512,final_voter_base_coarse_v1
voter,2.0,rho_2,2.0,200,4.0,5,3000,1400513,13,0,1.5247,data/pilots/final_voter_base_coarse_v1/voter/rho_2/eta_4/steps_3000/realization_013_seed_1400513,final_voter_base_coarse_v1
voter,2.0,rho_2,2.0,200,4.0,5,3000,1400514,14,0,1.5317,data/pilots/final_voter_base_coarse_v1/voter/rho_2/eta_4/steps_3000/realization_014_seed_1400514,final_voter_base_coarse_v1
voter,2.0,rho_2,2.0,200,4.0,5,3000,1400515,15,0,1.5508,data/pilots/final_voter_base_coarse_v1/voter/rho_2/eta_4/steps_3000/realization_015_seed_1400515,final_voter_base_coarse_v1
voter,2.0,rho_2,2.0,200,4.0,5,3000,1400516,16,0,1.5335,data/pilots/final_voter_base_coarse_v1/voter/rho_2/eta_4/steps_3000/realization_016_seed_1400516,final_voter_base_coarse_v1
voter,2.0,rho_2,2.0,200,4.0,5,3000,1400517,17,0,1.5068,data/pilots/final_voter_base_coarse_v1/voter/rho_2/eta_4/steps_3000/realization_017_seed_1400517,final_voter_base_coarse_v1
voter,2.0,rho_2,2.0,200,4.0,5,3000,1400518,18,0,1.5185,data/pilots/final_voter_base_coarse_v1/voter/rho_2/eta_4/steps_3000/realization_018_seed_1400518,final_voter_base_coarse_v1
voter,2.0,rho_2,2.0,200,4.0,5,3000,1400519,19,0,1.5241,data/pilots/final_voter_base_coarse_v1/voter/rho_2/eta_4/steps_3000/realization_019_seed_1400519,final_voter_base_coarse_v1
voter,2.0,rho_2,,200,4.2,14,3000,1801400,0,0,1.4257,,final_dense_eta_grid_steps3000_R20_v1
voter,2.0,rho_2,,200,4.2,14,3000,1801401,1,0,1.4015,,final_dense_eta_grid_steps3000_R20_v1
voter,2.0,rho_2,,200,4.2,14,3000,1801402,2,0,1.427,,final_dense_eta_grid_steps3000_R20_v1
voter,2.0,rho_2,,200,4.2,14,3000,1801403,3,0,1.4095,,final_dense_eta_grid_steps3000_R20_v1
voter,2.0,rho_2,,200,4.2,14,3000,1801404,4,0,1.4332,,final_dense_eta_grid_steps3000_R20_v1
voter,2.0,rho_2,,200,4.2,14,3000,1801405,5,0,1.4304,,final_dense_eta_grid_steps3000_R20_v1
voter,2.0,rho_2,,200,4.2,14,3000,1801406,6,0,1.4012,,final_dense_eta_grid_steps3000_R20_v1
voter,2.0,rho_2,,200,4.2,14,3000,1801407,7,0,1.4304,,final_dense_eta_grid_steps3000_R20_v1
voter,2.0,rho_2,,200,4.2,14,3000,1801408,8,0,1.4317,,final_dense_eta_grid_steps3000_R20_v1
voter,2.0,rho_2,,200,4.2,14,3000,1801409,9,0,1.4437,,final_dense_eta_grid_steps3000_R20_v1
voter,2.0,rho_2,,200,4.2,14,3000,1801410,10,0,1.4228,,final_dense_eta_grid_steps3000_R20_v1
voter,2.0,rho_2,,200,4.2,14,3000,1801411,11,0,1.4101,,final_dense_eta_grid_steps3000_R20_v1
voter,2.0,rho_2,,200,4.2,14,3000,1801412,12,0,1.4019,,final_dense_eta_grid_steps3000_R20_v1
voter,2.0,rho_2,,200,4.2,14,3000,1801413,13,0,1.4108,,final_dense_eta_grid_steps3000_R20_v1
voter,2.0,rho_2,,200,4.2,14,3000,1801414,14,0,1.4343,,final_dense_eta_grid_steps3000_R20_v1
voter,2.0,rho_2,,200,4.2,14,3000,1801415,15,0,1.4454,,final_dense_eta_grid_steps3000_R20_v1
voter,2.0,rho_2,,200,4.2,14,3000,1801416,16,0,1.4232,,final_dense_eta_grid_steps3000_R20_v1
voter,2.0,rho_2,,200,4.2,14,3000,1801417,17,0,1.4494,,final_dense_eta_grid_steps3000_R20_v1
voter,2.0,rho_2,,200,4.2,14,3000,1801418,18,0,1.3939,,final_dense_eta_grid_steps3000_R20_v1
voter,2.0,rho_2,,200,4.2,14,3000,1801419,19,0,1.4168,,final_dense_eta_grid_steps3000_R20_v1
voter,2.0,rho_2,,200,4.4,15,3000,1801500,0,0,1.394,,final_dense_eta_grid_steps3000_R20_v1
voter,2.0,rho_2,,200,4.4,15,3000,1801501,1,0,1.4063,,final_dense_eta_grid_steps3000_R20_v1
voter,2.0,rho_2,,200,4.4,15,3000,1801502,2,0,1.4052,,final_dense_eta_grid_steps3000_R20_v1
voter,2.0,rho_2,,200,4.4,15,3000,1801503,3,0,1.3888,,final_dense_eta_grid_steps3000_R20_v1
voter,2.0,rho_2,,200,4.4,15,3000,1801504,4,0,1.4033,,final_dense_eta_grid_steps3000_R20_v1
voter,2.0,rho_2,,200,4.4,15,3000,1801505,5,0,1.4239,,final_dense_eta_grid_steps3000_R20_v1
voter,2.0,rho_2,,200,4.4,15,3000,1801506,6,0,1.4286,,final_dense_eta_grid_steps3000_R20_v1
voter,2.0,rho_2,,200,4.4,15,3000,1801507,7,0,1.4239,,final_dense_eta_grid_steps3000_R20_v1
voter,2.0,rho_2,,200,4.4,15,3000,1801508,8,0,1.3934,,final_dense_eta_grid_steps3000_R20_v1
voter,2.0,rho_2,,200,4.4,15,3000,1801509,9,0,1.4042,,final_dense_eta_grid_steps3000_R20_v1
voter,2.0,rho_2,,200,4.4,15,3000,1801510,10,0,1.4114,,final_dense_eta_grid_steps3000_R20_v1
voter,2.0,rho_2,,200,4.4,15,3000,1801511,11,0,1.4387,,final_dense_eta_grid_steps3000_R20_v1
voter,2.0,rho_2,,200,4.4,15,3000,1801512,12,0,1.4061,,final_dense_eta_grid_steps3000_R20_v1
voter,2.0,rho_2,,200,4.4,15,3000,1801513,13,0,1.4406,,final_dense_eta_grid_steps3000_R20_v1
voter,2.0,rho_2,,200,4.4,15,3000,1801514,14,0,1.4266,,final_dense_eta_grid_steps3000_R20_v1
voter,2.0,rho_2,,200,4.4,15,3000,1801515,15,0,1.4153,,final_dense_eta_grid_steps3000_R20_v1
voter,2.0,rho_2,,200,4.4,15,3000,1801516,16,0,1.431,,final_dense_eta_grid_steps3000_R20_v1
voter,2.0,rho_2,,200,4.4,15,3000,1801517,17,0,1.38,,final_dense_eta_grid_steps3000_R20_v1
voter,2.0,rho_2,,200,4.4,15,3000,1801518,18,0,1.4357,,final_dense_eta_grid_steps3000_R20_v1
voter,2.0,rho_2,,200,4.4,15,3000,1801519,19,0,1.4445,,final_dense_eta_grid_steps3000_R20_v1
voter,2.0,rho_2,,200,4.6,16,3000,1801600,0,0,1.4436,,final_dense_eta_grid_steps3000_R20_v1
voter,2.0,rho_2,,200,4.6,16,3000,1801601,1,0,1.3706,,final_dense_eta_grid_steps3000_R20_v1
voter,2.0,rho_2,,200,4.6,16,3000,1801602,2,0,1.4524,,final_dense_eta_grid_steps3000_R20_v1
voter,2.0,rho_2,,200,4.6,16,3000,1801603,3,0,1.4297,,final_dense_eta_grid_steps3000_R20_v1
voter,2.0,rho_2,,200,4.6,16,3000,1801604,4,0,1.4054,,final_dense_eta_grid_steps3000_R20_v1
voter,2.0,rho_2,,200,4.6,16,3000,1801605,5,0,1.4523,,final_dense_eta_grid_steps3000_R20_v1
voter,2.0,rho_2,,200,4.6,16,3000,1801606,6,0,1.4145,,final_dense_eta_grid_steps3000_R20_v1
voter,2.0,rho_2,,200,4.6,16,3000,1801607,7,0,1.4446,,final_dense_eta_grid_steps3000_R20_v1
voter,2.0,rho_2,,200,4.6,16,3000,1801608,8,0,1.4242,,final_dense_eta_grid_steps3000_R20_v1
voter,2.0,rho_2,,200,4.6,16,3000,1801609,9,0,1.4064,,final_dense_eta_grid_steps3000_R20_v1
voter,2.0,rho_2,,200,4.6,16,3000,1801610,10,0,1.3794,,final_dense_eta_grid_steps3000_R20_v1
voter,2.0,rho_2,,200,4.6,16,3000,1801611,11,0,1.4255,,final_dense_eta_grid_steps3000_R20_v1
voter,2.0,rho_2,,200,4.6,16,3000,1801612,12,0,1.3906,,final_dense_eta_grid_steps3000_R20_v1
voter,2.0,rho_2,,200,4.6,16,3000,1801613,13,0,1.429,,final_dense_eta_grid_steps3000_R20_v1
voter,2.0,rho_2,,200,4.6,16,3000,1801614,14,0,1.4183,,final_dense_eta_grid_steps3000_R20_v1
voter,2.0,rho_2,,200,4.6,16,3000,1801615,15,0,1.4598,,final_dense_eta_grid_steps3000_R20_v1
voter,2.0,rho_2,,200,4.6,16,3000,1801616,16,0,1.4008,,final_dense_eta_grid_steps3000_R20_v1
voter,2.0,rho_2,,200,4.6,16,3000,1801617,17,0,1.396,,final_dense_eta_grid_steps3000_R20_v1
voter,2.0,rho_2,,200,4.6,16,3000,1801618,18,0,1.407,,final_dense_eta_grid_steps3000_R20_v1
voter,2.0,rho_2,,200,4.6,16,3000,1801619,19,0,1.4153,,final_dense_eta_grid_steps3000_R20_v1
voter,2.0,rho_2,,200,4.8,17,3000,1801700,0,0,1.4167,,final_dense_eta_grid_steps3000_R20_v1
voter,2.0,rho_2,,200,4.8,17,3000,1801701,1,0,1.4454,,final_dense_eta_grid_steps3000_R20_v1
voter,2.0,rho_2,,200,4.8,17,3000,1801702,2,0,1.4171,,final_dense_eta_grid_steps3000_R20_v1
voter,2.0,rho_2,,200,4.8,17,3000,1801703,3,0,1.4034,,final_dense_eta_grid_steps3000_R20_v1
voter,2.0,rho_2,,200,4.8,17,3000,1801704,4,0,1.4143,,final_dense_eta_grid_steps3000_R20_v1
voter,2.0,rho_2,,200,4.8,17,3000,1801705,5,0,1.4324,,final_dense_eta_grid_steps3000_R20_v1
voter,2.0,rho_2,,200,4.8,17,3000,1801706,6,0,1.4822,,final_dense_eta_grid_steps3000_R20_v1
voter,2.0,rho_2,,200,4.8,17,3000,1801707,7,0,1.4421,,final_dense_eta_grid_steps3000_R20_v1
voter,2.0,rho_2,,200,4.8,17,3000,1801708,8,0,1.4578,,final_dense_eta_grid_steps3000_R20_v1
voter,2.0,rho_2,,200,4.8,17,3000,1801709,9,0,1.4585,,final_dense_eta_grid_steps3000_R20_v1
voter,2.0,rho_2,,200,4.8,17,3000,1801710,10,0,1.4464,,final_dense_eta_grid_steps3000_R20_v1
voter,2.0,rho_2,,200,4.8,17,3000,1801711,11,0,1.466,,final_dense_eta_grid_steps3000_R20_v1
voter,2.0,rho_2,,200,4.8,17,3000,1801712,12,0,1.4438,,final_dense_eta_grid_steps3000_R20_v1
voter,2.0,rho_2,,200,4.8,17,3000,1801713,13,0,1.4189,,final_dense_eta_grid_steps3000_R20_v1
voter,2.0,rho_2,,200,4.8,17,3000,1801714,14,0,1.4348,,final_dense_eta_grid_steps3000_R20_v1
voter,2.0,rho_2,,200,4.8,17,3000,1801715,15,0,1.4042,,final_dense_eta_grid_steps3000_R20_v1
voter,2.0,rho_2,,200,4.8,17,3000,1801716,16,0,1.4374,,final_dense_eta_grid_steps3000_R20_v1
voter,2.0,rho_2,,200,4.8,17,3000,1801717,17,0,1.381,,final_dense_eta_grid_steps3000_R20_v1
voter,2.0,rho_2,,200,4.8,17,3000,1801718,18,0,1.4302,,final_dense_eta_grid_steps3000_R20_v1
voter,2.0,rho_2,,200,4.8,17,3000,1801719,19,0,1.4023,,final_dense_eta_grid_steps3000_R20_v1
voter,2.0,rho_2,2.0,200,5.0,6,3000,1400600,0,0,1.5826,data/pilots/final_voter_base_coarse_v1/voter/rho_2/eta_5/steps_3000/realization_000_seed_1400600,final_voter_base_coarse_v1
voter,2.0,rho_2,2.0,200,5.0,6,3000,1400601,1,0,1.5448,data/pilots/final_voter_base_coarse_v1/voter/rho_2/eta_5/steps_3000/realization_001_seed_1400601,final_voter_base_coarse_v1
voter,2.0,rho_2,2.0,200,5.0,6,3000,1400602,2,0,1.552,data/pilots/final_voter_base_coarse_v1/voter/rho_2/eta_5/steps_3000/realization_002_seed_1400602,final_voter_base_coarse_v1
voter,2.0,rho_2,2.0,200,5.0,6,3000,1400603,3,0,1.5522,data/pilots/final_voter_base_coarse_v1/voter/rho_2/eta_5/steps_3000/realization_003_seed_1400603,final_voter_base_coarse_v1
voter,2.0,rho_2,2.0,200,5.0,6,3000,1400604,4,0,1.5364,data/pilots/final_voter_base_coarse_v1/voter/rho_2/eta_5/steps_3000/realization_004_seed_1400604,final_voter_base_coarse_v1
voter,2.0,rho_2,2.0,200,5.0,6,3000,1400605,5,0,1.5221,data/pilots/final_voter_base_coarse_v1/voter/rho_2/eta_5/steps_3000/realization_005_seed_1400605,final_voter_base_coarse_v1
voter,2.0,rho_2,2.0,200,5.0,6,3000,1400606,6,0,1.4903,data/pilots/final_voter_base_coarse_v1/voter/rho_2/eta_5/steps_3000/realization_006_seed_1400606,final_voter_base_coarse_v1
voter,2.0,rho_2,2.0,200,5.0,6,3000,1400607,7,0,1.5445,data/pilots/final_voter_base_coarse_v1/voter/rho_2/eta_5/steps_3000/realization_007_seed_1400607,final_voter_base_coarse_v1
voter,2.0,rho_2,2.0,200,5.0,6,3000,1400608,8,0,1.517,data/pilots/final_voter_base_coarse_v1/voter/rho_2/eta_5/steps_3000/realization_008_seed_1400608,final_voter_base_coarse_v1
voter,2.0,rho_2,2.0,200,5.0,6,3000,1400609,9,0,1.5807,data/pilots/final_voter_base_coarse_v1/voter/rho_2/eta_5/steps_3000/realization_009_seed_1400609,final_voter_base_coarse_v1
voter,2.0,rho_2,2.0,200,5.0,6,3000,1400610,10,0,1.6095,data/pilots/final_voter_base_coarse_v1/voter/rho_2/eta_5/steps_3000/realization_010_seed_1400610,final_voter_base_coarse_v1
voter,2.0,rho_2,2.0,200,5.0,6,3000,1400611,11,0,1.6263,data/pilots/final_voter_base_coarse_v1/voter/rho_2/eta_5/steps_3000/realization_011_seed_1400611,final_voter_base_coarse_v1
voter,2.0,rho_2,2.0,200,5.0,6,3000,1400612,12,0,1.6107,data/pilots/final_voter_base_coarse_v1/voter/rho_2/eta_5/steps_3000/realization_012_seed_1400612,final_voter_base_coarse_v1
voter,2.0,rho_2,2.0,200,5.0,6,3000,1400613,13,0,1.596,data/pilots/final_voter_base_coarse_v1/voter/rho_2/eta_5/steps_3000/realization_013_seed_1400613,final_voter_base_coarse_v1
voter,2.0,rho_2,2.0,200,5.0,6,3000,1400614,14,0,1.6116,data/pilots/final_voter_base_coarse_v1/voter/rho_2/eta_5/steps_3000/realization_014_seed_1400614,final_voter_base_coarse_v1
voter,2.0,rho_2,2.0,200,5.0,6,3000,1400615,15,0,1.6876,data/pilots/final_voter_base_coarse_v1/voter/rho_2/eta_5/steps_3000/realization_015_seed_1400615,final_voter_base_coarse_v1
voter,2.0,rho_2,2.0,200,5.0,6,3000,1400616,16,0,1.5631,data/pilots/final_voter_base_coarse_v1/voter/rho_2/eta_5/steps_3000/realization_016_seed_1400616,final_voter_base_coarse_v1
voter,2.0,rho_2,2.0,200,5.0,6,3000,1400617,17,0,1.6022,data/pilots/final_voter_base_coarse_v1/voter/rho_2/eta_5/steps_3000/realization_017_seed_1400617,final_voter_base_coarse_v1
voter,2.0,rho_2,2.0,200,5.0,6,3000,1400618,18,0,1.6054,data/pilots/final_voter_base_coarse_v1/voter/rho_2/eta_5/steps_3000/realization_018_seed_1400618,final_voter_base_coarse_v1
voter,2.0,rho_2,2.0,200,5.0,6,3000,1400619,19,0,1.6054,data/pilots/final_voter_base_coarse_v1/voter/rho_2/eta_5/steps_3000/realization_019_seed_1400619,final_voter_base_coarse_v1
voter,2.0,rho_2,,200,5.2,18,3000,1801800,0,0,1.3937,,final_dense_eta_grid_steps3000_R20_v1
voter,2.0,rho_2,,200,5.2,18,3000,1801801,1,0,1.398,,final_dense_eta_grid_steps3000_R20_v1
voter,2.0,rho_2,,200,5.2,18,3000,1801802,2,0,1.4248,,final_dense_eta_grid_steps3000_R20_v1
voter,2.0,rho_2,,200,5.2,18,3000,1801803,3,0,1.392,,final_dense_eta_grid_steps3000_R20_v1
voter,2.0,rho_2,,200,5.2,18,3000,1801804,4,0,1.4109,,final_dense_eta_grid_steps3000_R20_v1
voter,2.0,rho_2,,200,5.2,18,3000,1801805,5,0,1.4142,,final_dense_eta_grid_steps3000_R20_v1
voter,2.0,rho_2,,200,5.2,18,3000,1801806,6,0,1.4339,,final_dense_eta_grid_steps3000_R20_v1
voter,2.0,rho_2,,200,5.2,18,3000,1801807,7,0,1.4022,,final_dense_eta_grid_steps3000_R20_v1
voter,2.0,rho_2,,200,5.2,18,3000,1801808,8,0,1.4311,,final_dense_eta_grid_steps3000_R20_v1
voter,2.0,rho_2,,200,5.2,18,3000,1801809,9,0,1.4109,,final_dense_eta_grid_steps3000_R20_v1
voter,2.0,rho_2,,200,5.2,18,3000,1801810,10,0,1.4254,,final_dense_eta_grid_steps3000_R20_v1
voter,2.0,rho_2,,200,5.2,18,3000,1801811,11,0,1.4341,,final_dense_eta_grid_steps3000_R20_v1
voter,2.0,rho_2,,200,5.2,18,3000,1801812,12,0,1.3992,,final_dense_eta_grid_steps3000_R20_v1
voter,2.0,rho_2,,200,5.2,18,3000,1801813,13,0,1.4004,,final_dense_eta_grid_steps3000_R20_v1
voter,2.0,rho_2,,200,5.2,18,3000,1801814,14,0,1.4278,,final_dense_eta_grid_steps3000_R20_v1
voter,2.0,rho_2,,200,5.2,18,3000,1801815,15,0,1.3977,,final_dense_eta_grid_steps3000_R20_v1
voter,2.0,rho_2,,200,5.2,18,3000,1801816,16,0,1.4239,,final_dense_eta_grid_steps3000_R20_v1
voter,2.0,rho_2,,200,5.2,18,3000,1801817,17,0,1.3665,,final_dense_eta_grid_steps3000_R20_v1
voter,2.0,rho_2,,200,5.2,18,3000,1801818,18,0,1.4223,,final_dense_eta_grid_steps3000_R20_v1
voter,2.0,rho_2,,200,5.2,18,3000,1801819,19,0,1.4168,,final_dense_eta_grid_steps3000_R20_v1
voter,2.0,rho_2,,200,5.4,19,3000,1801900,0,0,1.4105,,final_dense_eta_grid_steps3000_R20_v1
voter,2.0,rho_2,,200,5.4,19,3000,1801901,1,0,1.3981,,final_dense_eta_grid_steps3000_R20_v1
voter,2.0,rho_2,,200,5.4,19,3000,1801902,2,0,1.4088,,final_dense_eta_grid_steps3000_R20_v1
voter,2.0,rho_2,,200,5.4,19,3000,1801903,3,0,1.4044,,final_dense_eta_grid_steps3000_R20_v1
voter,2.0,rho_2,,200,5.4,19,3000,1801904,4,0,1.4302,,final_dense_eta_grid_steps3000_R20_v1
voter,2.0,rho_2,,200,5.4,19,3000,1801905,5,0,1.4017,,final_dense_eta_grid_steps3000_R20_v1
voter,2.0,rho_2,,200,5.4,19,3000,1801906,6,0,1.3964,,final_dense_eta_grid_steps3000_R20_v1
voter,2.0,rho_2,,200,5.4,19,3000,1801907,7,0,1.44,,final_dense_eta_grid_steps3000_R20_v1
voter,2.0,rho_2,,200,5.4,19,3000,1801908,8,0,1.3821,,final_dense_eta_grid_steps3000_R20_v1
voter,2.0,rho_2,,200,5.4,19,3000,1801909,9,0,1.3952,,final_dense_eta_grid_steps3000_R20_v1
voter,2.0,rho_2,,200,5.4,19,3000,1801910,10,0,1.401,,final_dense_eta_grid_steps3000_R20_v1
voter,2.0,rho_2,,200,5.4,19,3000,1801911,11,0,1.4587,,final_dense_eta_grid_steps3000_R20_v1
voter,2.0,rho_2,,200,5.4,19,3000,1801912,12,0,1.4047,,final_dense_eta_grid_steps3000_R20_v1
voter,2.0,rho_2,,200,5.4,19,3000,1801913,13,0,1.424,,final_dense_eta_grid_steps3000_R20_v1
voter,2.0,rho_2,,200,5.4,19,3000,1801914,14,0,1.4176,,final_dense_eta_grid_steps3000_R20_v1
voter,2.0,rho_2,,200,5.4,19,3000,1801915,15,0,1.4154,,final_dense_eta_grid_steps3000_R20_v1
voter,2.0,rho_2,,200,5.4,19,3000,1801916,16,0,1.3982,,final_dense_eta_grid_steps3000_R20_v1
voter,2.0,rho_2,,200,5.4,19,3000,1801917,17,0,1.3982,,final_dense_eta_grid_steps3000_R20_v1
voter,2.0,rho_2,,200,5.4,19,3000,1801918,18,0,1.3817,,final_dense_eta_grid_steps3000_R20_v1
voter,2.0,rho_2,,200,5.4,19,3000,1801919,19,0,1.4025,,final_dense_eta_grid_steps3000_R20_v1
voter,2.0,rho_2,,200,5.6,20,3000,1802000,0,0,1.4352,,final_dense_eta_grid_steps3000_R20_v1
voter,2.0,rho_2,,200,5.6,20,3000,1802001,1,0,1.4226,,final_dense_eta_grid_steps3000_R20_v1
voter,2.0,rho_2,,200,5.6,20,3000,1802002,2,0,1.3939,,final_dense_eta_grid_steps3000_R20_v1
voter,2.0,rho_2,,200,5.6,20,3000,1802003,3,0,1.4087,,final_dense_eta_grid_steps3000_R20_v1
voter,2.0,rho_2,,200,5.6,20,3000,1802004,4,0,1.45,,final_dense_eta_grid_steps3000_R20_v1
voter,2.0,rho_2,,200,5.6,20,3000,1802005,5,0,1.4082,,final_dense_eta_grid_steps3000_R20_v1
voter,2.0,rho_2,,200,5.6,20,3000,1802006,6,0,1.3962,,final_dense_eta_grid_steps3000_R20_v1
voter,2.0,rho_2,,200,5.6,20,3000,1802007,7,0,1.4413,,final_dense_eta_grid_steps3000_R20_v1
voter,2.0,rho_2,,200,5.6,20,3000,1802008,8,0,1.4303,,final_dense_eta_grid_steps3000_R20_v1
voter,2.0,rho_2,,200,5.6,20,3000,1802009,9,0,1.4223,,final_dense_eta_grid_steps3000_R20_v1
voter,2.0,rho_2,,200,5.6,20,3000,1802010,10,0,1.4119,,final_dense_eta_grid_steps3000_R20_v1
voter,2.0,rho_2,,200,5.6,20,3000,1802011,11,0,1.3864,,final_dense_eta_grid_steps3000_R20_v1
voter,2.0,rho_2,,200,5.6,20,3000,1802012,12,0,1.3883,,final_dense_eta_grid_steps3000_R20_v1
voter,2.0,rho_2,,200,5.6,20,3000,1802013,13,0,1.3911,,final_dense_eta_grid_steps3000_R20_v1
voter,2.0,rho_2,,200,5.6,20,3000,1802014,14,0,1.3944,,final_dense_eta_grid_steps3000_R20_v1
voter,2.0,rho_2,,200,5.6,20,3000,1802015,15,0,1.4357,,final_dense_eta_grid_steps3000_R20_v1
voter,2.0,rho_2,,200,5.6,20,3000,1802016,16,0,1.4285,,final_dense_eta_grid_steps3000_R20_v1
voter,2.0,rho_2,,200,5.6,20,3000,1802017,17,0,1.414,,final_dense_eta_grid_steps3000_R20_v1
voter,2.0,rho_2,,200,5.6,20,3000,1802018,18,0,1.4067,,final_dense_eta_grid_steps3000_R20_v1
voter,2.0,rho_2,,200,5.6,20,3000,1802019,19,0,1.3715,,final_dense_eta_grid_steps3000_R20_v1
voter,2.0,rho_2,,200,5.8,21,3000,1802100,0,0,1.4312,,final_dense_eta_grid_steps3000_R20_v1
voter,2.0,rho_2,,200,5.8,21,3000,1802101,1,0,1.4071,,final_dense_eta_grid_steps3000_R20_v1
voter,2.0,rho_2,,200,5.8,21,3000,1802102,2,0,1.4789,,final_dense_eta_grid_steps3000_R20_v1
voter,2.0,rho_2,,200,5.8,21,3000,1802103,3,0,1.4013,,final_dense_eta_grid_steps3000_R20_v1
voter,2.0,rho_2,,200,5.8,21,3000,1802104,4,0,1.4107,,final_dense_eta_grid_steps3000_R20_v1
voter,2.0,rho_2,,200,5.8,21,3000,1802105,5,0,1.3917,,final_dense_eta_grid_steps3000_R20_v1
voter,2.0,rho_2,,200,5.8,21,3000,1802106,6,0,1.4189,,final_dense_eta_grid_steps3000_R20_v1
voter,2.0,rho_2,,200,5.8,21,3000,1802107,7,0,1.4308,,final_dense_eta_grid_steps3000_R20_v1
voter,2.0,rho_2,,200,5.8,21,3000,1802108,8,0,1.4125,,final_dense_eta_grid_steps3000_R20_v1
voter,2.0,rho_2,,200,5.8,21,3000,1802109,9,0,1.4125,,final_dense_eta_grid_steps3000_R20_v1
voter,2.0,rho_2,,200,5.8,21,3000,1802110,10,0,1.4301,,final_dense_eta_grid_steps3000_R20_v1
voter,2.0,rho_2,,200,5.8,21,3000,1802111,11,0,1.4225,,final_dense_eta_grid_steps3000_R20_v1
voter,2.0,rho_2,,200,5.8,21,3000,1802112,12,0,1.4051,,final_dense_eta_grid_steps3000_R20_v1
voter,2.0,rho_2,,200,5.8,21,3000,1802113,13,0,1.4105,,final_dense_eta_grid_steps3000_R20_v1
voter,2.0,rho_2,,200,5.8,21,3000,1802114,14,0,1.3921,,final_dense_eta_grid_steps3000_R20_v1
voter,2.0,rho_2,,200,5.8,21,3000,1802115,15,0,1.3987,,final_dense_eta_grid_steps3000_R20_v1
voter,2.0,rho_2,,200,5.8,21,3000,1802116,16,0,1.4453,,final_dense_eta_grid_steps3000_R20_v1
voter,2.0,rho_2,,200,5.8,21,3000,1802117,17,0,1.4587,,final_dense_eta_grid_steps3000_R20_v1
voter,2.0,rho_2,,200,5.8,21,3000,1802118,18,0,1.4417,,final_dense_eta_grid_steps3000_R20_v1
voter,2.0,rho_2,,200,5.8,21,3000,1802119,19,0,1.4796,,final_dense_eta_grid_steps3000_R20_v1
voter,2.0,rho_2,2.0,200,6.0,7,3000,1400700,0,0,1.5202,data/pilots/final_voter_base_coarse_v1/voter/rho_2/eta_6/steps_3000/realization_000_seed_1400700,final_voter_base_coarse_v1
voter,2.0,rho_2,2.0,200,6.0,7,3000,1400701,1,0,1.5005,data/pilots/final_voter_base_coarse_v1/voter/rho_2/eta_6/steps_3000/realization_001_seed_1400701,final_voter_base_coarse_v1
voter,2.0,rho_2,2.0,200,6.0,7,3000,1400702,2,0,1.5032,data/pilots/final_voter_base_coarse_v1/voter/rho_2/eta_6/steps_3000/realization_002_seed_1400702,final_voter_base_coarse_v1
voter,2.0,rho_2,2.0,200,6.0,7,3000,1400703,3,0,1.5039,data/pilots/final_voter_base_coarse_v1/voter/rho_2/eta_6/steps_3000/realization_003_seed_1400703,final_voter_base_coarse_v1
voter,2.0,rho_2,2.0,200,6.0,7,3000,1400704,4,0,1.549,data/pilots/final_voter_base_coarse_v1/voter/rho_2/eta_6/steps_3000/realization_004_seed_1400704,final_voter_base_coarse_v1
voter,2.0,rho_2,2.0,200,6.0,7,3000,1400705,5,0,1.5376,data/pilots/final_voter_base_coarse_v1/voter/rho_2/eta_6/steps_3000/realization_005_seed_1400705,final_voter_base_coarse_v1
voter,2.0,rho_2,2.0,200,6.0,7,3000,1400706,6,0,1.5278,data/pilots/final_voter_base_coarse_v1/voter/rho_2/eta_6/steps_3000/realization_006_seed_1400706,final_voter_base_coarse_v1
voter,2.0,rho_2,2.0,200,6.0,7,3000,1400707,7,0,1.5395,data/pilots/final_voter_base_coarse_v1/voter/rho_2/eta_6/steps_3000/realization_007_seed_1400707,final_voter_base_coarse_v1
voter,2.0,rho_2,2.0,200,6.0,7,3000,1400708,8,0,1.5425,data/pilots/final_voter_base_coarse_v1/voter/rho_2/eta_6/steps_3000/realization_008_seed_1400708,final_voter_base_coarse_v1
voter,2.0,rho_2,2.0,200,6.0,7,3000,1400709,9,0,1.5161,data/pilots/final_voter_base_coarse_v1/voter/rho_2/eta_6/steps_3000/realization_009_seed_1400709,final_voter_base_coarse_v1
voter,2.0,rho_2,2.0,200,6.0,7,3000,1400710,10,0,1.5235,data/pilots/final_voter_base_coarse_v1/voter/rho_2/eta_6/steps_3000/realization_010_seed_1400710,final_voter_base_coarse_v1
voter,2.0,rho_2,2.0,200,6.0,7,3000,1400711,11,0,1.5512,data/pilots/final_voter_base_coarse_v1/voter/rho_2/eta_6/steps_3000/realization_011_seed_1400711,final_voter_base_coarse_v1
voter,2.0,rho_2,2.0,200,6.0,7,3000,1400712,12,0,1.5689,data/pilots/final_voter_base_coarse_v1/voter/rho_2/eta_6/steps_3000/realization_012_seed_1400712,final_voter_base_coarse_v1
voter,2.0,rho_2,2.0,200,6.0,7,3000,1400713,13,0,1.5548,data/pilots/final_voter_base_coarse_v1/voter/rho_2/eta_6/steps_3000/realization_013_seed_1400713,final_voter_base_coarse_v1
voter,2.0,rho_2,2.0,200,6.0,7,3000,1400714,14,0,1.5247,data/pilots/final_voter_base_coarse_v1/voter/rho_2/eta_6/steps_3000/realization_014_seed_1400714,final_voter_base_coarse_v1
voter,2.0,rho_2,2.0,200,6.0,7,3000,1400715,15,0,1.5255,data/pilots/final_voter_base_coarse_v1/voter/rho_2/eta_6/steps_3000/realization_015_seed_1400715,final_voter_base_coarse_v1
voter,2.0,rho_2,2.0,200,6.0,7,3000,1400716,16,0,1.453,data/pilots/final_voter_base_coarse_v1/voter/rho_2/eta_6/steps_3000/realization_016_seed_1400716,final_voter_base_coarse_v1
voter,2.0,rho_2,2.0,200,6.0,7,3000,1400717,17,0,1.5311,data/pilots/final_voter_base_coarse_v1/voter/rho_2/eta_6/steps_3000/realization_017_seed_1400717,final_voter_base_coarse_v1
voter,2.0,rho_2,2.0,200,6.0,7,3000,1400718,18,0,1.5271,data/pilots/final_voter_base_coarse_v1/voter/rho_2/eta_6/steps_3000/realization_018_seed_1400718,final_voter_base_coarse_v1
voter,2.0,rho_2,2.0,200,6.0,7,3000,1400719,19,0,1.4906,data/pilots/final_voter_base_coarse_v1/voter/rho_2/eta_6/steps_3000/realization_019_seed_1400719,final_voter_base_coarse_v1
voter,2.0,rho_2,,200,6.2,22,3000,1802200,0,0,1.4626,,final_dense_eta_grid_steps3000_R20_v1
voter,2.0,rho_2,,200,6.2,22,3000,1802201,1,0,1.398,,final_dense_eta_grid_steps3000_R20_v1
voter,2.0,rho_2,,200,6.2,22,3000,1802202,2,0,1.437,,final_dense_eta_grid_steps3000_R20_v1
voter,2.0,rho_2,,200,6.2,22,3000,1802203,3,0,1.4898,,final_dense_eta_grid_steps3000_R20_v1
voter,2.0,rho_2,,200,6.2,22,3000,1802204,4,0,1.4921,,final_dense_eta_grid_steps3000_R20_v1
voter,2.0,rho_2,,200,6.2,22,3000,1802205,5,0,1.4593,,final_dense_eta_grid_steps3000_R20_v1
voter,2.0,rho_2,,200,6.2,22,3000,1802206,6,0,1.4658,,final_dense_eta_grid_steps3000_R20_v1
voter,2.0,rho_2,,200,6.2,22,3000,1802207,7,0,1.4488,,final_dense_eta_grid_steps3000_R20_v1
voter,2.0,rho_2,,200,6.2,22,3000,1802208,8,0,1.4407,,final_dense_eta_grid_steps3000_R20_v1
voter,2.0,rho_2,,200,6.2,22,3000,1802209,9,0,1.4387,,final_dense_eta_grid_steps3000_R20_v1
voter,2.0,rho_2,,200,6.2,22,3000,1802210,10,0,1.4491,,final_dense_eta_grid_steps3000_R20_v1
voter,2.0,rho_2,,200,6.2,22,3000,1802211,11,0,1.4843,,final_dense_eta_grid_steps3000_R20_v1
voter,2.0,rho_2,,200,6.2,22,3000,1802212,12,0,1.4812,,final_dense_eta_grid_steps3000_R20_v1
voter,2.0,rho_2,,200,6.2,22,3000,1802213,13,0,1.4421,,final_dense_eta_grid_steps3000_R20_v1
voter,2.0,rho_2,,200,6.2,22,3000,1802214,14,0,1.4411,,final_dense_eta_grid_steps3000_R20_v1
voter,2.0,rho_2,,200,6.2,22,3000,1802215,15,0,1.419,,final_dense_eta_grid_steps3000_R20_v1
voter,2.0,rho_2,,200,6.2,22,3000,1802216,16,0,1.3512,,final_dense_eta_grid_steps3000_R20_v1
voter,2.0,rho_2,,200,6.2,22,3000,1802217,17,0,1.3988,,final_dense_eta_grid_steps3000_R20_v1
voter,2.0,rho_2,,200,6.2,22,3000,1802218,18,0,1.4141,,final_dense_eta_grid_steps3000_R20_v1
voter,2.0,rho_2,,200,6.2,22,3000,1802219,19,0,1.4497,,final_dense_eta_grid_steps3000_R20_v1
voter,4.0,rho_4,4.0,400,0.0,0,3000,1410000,0,0,3.8245,data/pilots/final_voter_base_coarse_v1/voter/rho_4/eta_0/steps_3000/realization_000_seed_1410000,final_voter_base_coarse_v1
voter,4.0,rho_4,4.0,400,0.0,0,3000,1410001,1,0,3.8667,data/pilots/final_voter_base_coarse_v1/voter/rho_4/eta_0/steps_3000/realization_001_seed_1410001,final_voter_base_coarse_v1
voter,4.0,rho_4,4.0,400,0.0,0,3000,1410002,2,0,4.0123,data/pilots/final_voter_base_coarse_v1/voter/rho_4/eta_0/steps_3000/realization_002_seed_1410002,final_voter_base_coarse_v1
voter,4.0,rho_4,4.0,400,0.0,0,3000,1410003,3,0,3.5502,data/pilots/final_voter_base_coarse_v1/voter/rho_4/eta_0/steps_3000/realization_003_seed_1410003,final_voter_base_coarse_v1
voter,4.0,rho_4,4.0,400,0.0,0,3000,1410004,4,0,3.6639,data/pilots/final_voter_base_coarse_v1/voter/rho_4/eta_0/steps_3000/realization_004_seed_1410004,final_voter_base_coarse_v1
voter,4.0,rho_4,4.0,400,0.0,0,3000,1410005,5,0,3.4445,data/pilots/final_voter_base_coarse_v1/voter/rho_4/eta_0/steps_3000/realization_005_seed_1410005,final_voter_base_coarse_v1
voter,4.0,rho_4,4.0,400,0.0,0,3000,1410006,6,0,3.8157,data/pilots/final_voter_base_coarse_v1/voter/rho_4/eta_0/steps_3000/realization_006_seed_1410006,final_voter_base_coarse_v1
voter,4.0,rho_4,4.0,400,0.0,0,3000,1410007,7,0,4.1003,data/pilots/final_voter_base_coarse_v1/voter/rho_4/eta_0/steps_3000/realization_007_seed_1410007,final_voter_base_coarse_v1
voter,4.0,rho_4,4.0,400,0.0,0,3000,1410008,8,0,3.5185,data/pilots/final_voter_base_coarse_v1/voter/rho_4/eta_0/steps_3000/realization_008_seed_1410008,final_voter_base_coarse_v1
voter,4.0,rho_4,4.0,400,0.0,0,3000,1410009,9,0,3.551,data/pilots/final_voter_base_coarse_v1/voter/rho_4/eta_0/steps_3000/realization_009_seed_1410009,final_voter_base_coarse_v1
voter,4.0,rho_4,4.0,400,0.0,0,3000,1410010,10,0,3.9387,data/pilots/final_voter_base_coarse_v1/voter/rho_4/eta_0/steps_3000/realization_010_seed_1410010,final_voter_base_coarse_v1
voter,4.0,rho_4,4.0,400,0.0,0,3000,1410011,11,0,3.6459,data/pilots/final_voter_base_coarse_v1/voter/rho_4/eta_0/steps_3000/realization_011_seed_1410011,final_voter_base_coarse_v1
voter,4.0,rho_4,4.0,400,0.0,0,3000,1410012,12,0,4.0451,data/pilots/final_voter_base_coarse_v1/voter/rho_4/eta_0/steps_3000/realization_012_seed_1410012,final_voter_base_coarse_v1
voter,4.0,rho_4,4.0,400,0.0,0,3000,1410013,13,0,3.8187,data/pilots/final_voter_base_coarse_v1/voter/rho_4/eta_0/steps_3000/realization_013_seed_1410013,final_voter_base_coarse_v1
voter,4.0,rho_4,4.0,400,0.0,0,3000,1410014,14,0,3.8378,data/pilots/final_voter_base_coarse_v1/voter/rho_4/eta_0/steps_3000/realization_014_seed_1410014,final_voter_base_coarse_v1
voter,4.0,rho_4,4.0,400,0.0,0,3000,1410015,15,0,3.8952,data/pilots/final_voter_base_coarse_v1/voter/rho_4/eta_0/steps_3000/realization_015_seed_1410015,final_voter_base_coarse_v1
voter,4.0,rho_4,4.0,400,0.0,0,3000,1410016,16,0,3.8034,data/pilots/final_voter_base_coarse_v1/voter/rho_4/eta_0/steps_3000/realization_016_seed_1410016,final_voter_base_coarse_v1
voter,4.0,rho_4,4.0,400,0.0,0,3000,1410017,17,0,3.8908,data/pilots/final_voter_base_coarse_v1/voter/rho_4/eta_0/steps_3000/realization_017_seed_1410017,final_voter_base_coarse_v1
voter,4.0,rho_4,4.0,400,0.0,0,3000,1410018,18,0,3.9952,data/pilots/final_voter_base_coarse_v1/voter/rho_4/eta_0/steps_3000/realization_018_seed_1410018,final_voter_base_coarse_v1
voter,4.0,rho_4,4.0,400,0.0,0,3000,1410019,19,0,4.1568,data/pilots/final_voter_base_coarse_v1/voter/rho_4/eta_0/steps_3000/realization_019_seed_1410019,final_voter_base_coarse_v1
voter,4.0,rho_4,,400,0.05,0,3000,1230000,0,0,4.6233,,final_fine_grid_steps3000_R20_v1
voter,4.0,rho_4,,400,0.05,0,3000,1230001,1,0,4.4203,,final_fine_grid_steps3000_R20_v1
voter,4.0,rho_4,,400,0.05,0,3000,1230002,2,0,4.6072,,final_fine_grid_steps3000_R20_v1
voter,4.0,rho_4,,400,0.05,0,3000,1230003,3,0,4.3478,,final_fine_grid_steps3000_R20_v1
voter,4.0,rho_4,,400,0.05,0,3000,1230004,4,0,4.2234,,final_fine_grid_steps3000_R20_v1
voter,4.0,rho_4,,400,0.05,0,3000,1230005,5,0,4.9782,,final_fine_grid_steps3000_R20_v1
voter,4.0,rho_4,,400,0.05,0,3000,1230006,6,0,4.6522,,final_fine_grid_steps3000_R20_v1
voter,4.0,rho_4,,400,0.05,0,3000,1230007,7,0,4.0087,,final_fine_grid_steps3000_R20_v1
voter,4.0,rho_4,,400,0.05,0,3000,1230008,8,0,4.5544,,final_fine_grid_steps3000_R20_v1
voter,4.0,rho_4,,400,0.05,0,3000,1230009,9,0,4.2146,,final_fine_grid_steps3000_R20_v1
voter,4.0,rho_4,,400,0.05,0,3000,1230010,10,0,4.0363,,final_fine_grid_steps3000_R20_v1
voter,4.0,rho_4,,400,0.05,0,3000,1230011,11,0,4.2199,,final_fine_grid_steps3000_R20_v1
voter,4.0,rho_4,,400,0.05,0,3000,1230012,12,0,3.8888,,final_fine_grid_steps3000_R20_v1
voter,4.0,rho_4,,400,0.05,0,3000,1230013,13,0,4.2793,,final_fine_grid_steps3000_R20_v1
voter,4.0,rho_4,,400,0.05,0,3000,1230014,14,0,3.9073,,final_fine_grid_steps3000_R20_v1
voter,4.0,rho_4,,400,0.05,0,3000,1230015,15,0,4.44,,final_fine_grid_steps3000_R20_v1
voter,4.0,rho_4,,400,0.05,0,3000,1230016,16,0,4.2497,,final_fine_grid_steps3000_R20_v1
voter,4.0,rho_4,,400,0.05,0,3000,1230017,17,0,4.0725,,final_fine_grid_steps3000_R20_v1
voter,4.0,rho_4,,400,0.05,0,3000,1230018,18,0,4.2322,,final_fine_grid_steps3000_R20_v1
voter,4.0,rho_4,,400,0.05,0,3000,1230019,19,0,4.1536,,final_fine_grid_steps3000_R20_v1
voter,4.0,rho_4,,400,0.1,1,3000,1230100,0,0,5.1784,,final_fine_grid_steps3000_R20_v1
voter,4.0,rho_4,,400,0.1,1,3000,1230101,1,0,4.6808,,final_fine_grid_steps3000_R20_v1
voter,4.0,rho_4,,400,0.1,1,3000,1230102,2,0,4.8896,,final_fine_grid_steps3000_R20_v1
voter,4.0,rho_4,,400,0.1,1,3000,1230103,3,0,4.7186,,final_fine_grid_steps3000_R20_v1
voter,4.0,rho_4,,400,0.1,1,3000,1230104,4,0,4.8865,,final_fine_grid_steps3000_R20_v1
voter,4.0,rho_4,,400,0.1,1,3000,1230105,5,0,5.3287,,final_fine_grid_steps3000_R20_v1
voter,4.0,rho_4,,400,0.1,1,3000,1230106,6,0,4.2418,,final_fine_grid_steps3000_R20_v1
voter,4.0,rho_4,,400,0.1,1,3000,1230107,7,0,5.1097,,final_fine_grid_steps3000_R20_v1
voter,4.0,rho_4,,400,0.1,1,3000,1230108,8,0,4.6172,,final_fine_grid_steps3000_R20_v1
voter,4.0,rho_4,,400,0.1,1,3000,1230109,9,0,4.6956,,final_fine_grid_steps3000_R20_v1
voter,4.0,rho_4,,400,0.1,1,3000,1230110,10,0,4.5049,,final_fine_grid_steps3000_R20_v1
voter,4.0,rho_4,,400,0.1,1,3000,1230111,11,0,4.464,,final_fine_grid_steps3000_R20_v1
voter,4.0,rho_4,,400,0.1,1,3000,1230112,12,0,4.2723,,final_fine_grid_steps3000_R20_v1
voter,4.0,rho_4,,400,0.1,1,3000,1230113,13,0,4.2465,,final_fine_grid_steps3000_R20_v1
voter,4.0,rho_4,,400,0.1,1,3000,1230114,14,0,4.061,,final_fine_grid_steps3000_R20_v1
voter,4.0,rho_4,,400,0.1,1,3000,1230115,15,0,4.8748,,final_fine_grid_steps3000_R20_v1
voter,4.0,rho_4,,400,0.1,1,3000,1230116,16,0,4.8602,,final_fine_grid_steps3000_R20_v1
voter,4.0,rho_4,,400,0.1,1,3000,1230117,17,0,4.4059,,final_fine_grid_steps3000_R20_v1
voter,4.0,rho_4,,400,0.1,1,3000,1230118,18,0,5.0004,,final_fine_grid_steps3000_R20_v1
voter,4.0,rho_4,,400,0.1,1,3000,1230119,19,0,4.5634,,final_fine_grid_steps3000_R20_v1
voter,4.0,rho_4,,400,0.15,2,3000,1230200,0,0,4.5041,,final_fine_grid_steps3000_R20_v1
voter,4.0,rho_4,,400,0.15,2,3000,1230201,1,0,4.9308,,final_fine_grid_steps3000_R20_v1
voter,4.0,rho_4,,400,0.15,2,3000,1230202,2,0,4.4964,,final_fine_grid_steps3000_R20_v1
voter,4.0,rho_4,,400,0.15,2,3000,1230203,3,0,4.6084,,final_fine_grid_steps3000_R20_v1
voter,4.0,rho_4,,400,0.15,2,3000,1230204,4,0,4.7259,,final_fine_grid_steps3000_R20_v1
voter,4.0,rho_4,,400,0.15,2,3000,1230205,5,0,4.3752,,final_fine_grid_steps3000_R20_v1
voter,4.0,rho_4,,400,0.15,2,3000,1230206,6,0,4.1689,,final_fine_grid_steps3000_R20_v1
voter,4.0,rho_4,,400,0.15,2,3000,1230207,7,0,4.6445,,final_fine_grid_steps3000_R20_v1
voter,4.0,rho_4,,400,0.15,2,3000,1230208,8,0,4.304,,final_fine_grid_steps3000_R20_v1
voter,4.0,rho_4,,400,0.15,2,3000,1230209,9,0,5.2089,,final_fine_grid_steps3000_R20_v1
voter,4.0,rho_4,,400,0.15,2,3000,1230210,10,0,4.5092,,final_fine_grid_steps3000_R20_v1
voter,4.0,rho_4,,400,0.15,2,3000,1230211,11,0,4.5675,,final_fine_grid_steps3000_R20_v1
voter,4.0,rho_4,,400,0.15,2,3000,1230212,12,0,4.6385,,final_fine_grid_steps3000_R20_v1
voter,4.0,rho_4,,400,0.15,2,3000,1230213,13,0,5.1087,,final_fine_grid_steps3000_R20_v1
voter,4.0,rho_4,,400,0.15,2,3000,1230214,14,0,4.6791,,final_fine_grid_steps3000_R20_v1
voter,4.0,rho_4,,400,0.15,2,3000,1230215,15,0,4.4213,,final_fine_grid_steps3000_R20_v1
voter,4.0,rho_4,,400,0.15,2,3000,1230216,16,0,5.2553,,final_fine_grid_steps3000_R20_v1
voter,4.0,rho_4,,400,0.15,2,3000,1230217,17,0,4.7141,,final_fine_grid_steps3000_R20_v1
voter,4.0,rho_4,,400,0.15,2,3000,1230218,18,0,4.8351,,final_fine_grid_steps3000_R20_v1
voter,4.0,rho_4,,400,0.15,2,3000,1230219,19,0,5.0211,,final_fine_grid_steps3000_R20_v1
voter,4.0,rho_4,,400,0.2,3,3000,1230300,0,0,4.7086,,final_fine_grid_steps3000_R20_v1
voter,4.0,rho_4,,400,0.2,3,3000,1230301,1,0,4.3742,,final_fine_grid_steps3000_R20_v1
voter,4.0,rho_4,,400,0.2,3,3000,1230302,2,0,4.9168,,final_fine_grid_steps3000_R20_v1
voter,4.0,rho_4,,400,0.2,3,3000,1230303,3,0,4.4167,,final_fine_grid_steps3000_R20_v1
voter,4.0,rho_4,,400,0.2,3,3000,1230304,4,0,4.3683,,final_fine_grid_steps3000_R20_v1
voter,4.0,rho_4,,400,0.2,3,3000,1230305,5,0,4.8369,,final_fine_grid_steps3000_R20_v1
voter,4.0,rho_4,,400,0.2,3,3000,1230306,6,0,5.0288,,final_fine_grid_steps3000_R20_v1
voter,4.0,rho_4,,400,0.2,3,3000,1230307,7,0,4.4271,,final_fine_grid_steps3000_R20_v1
voter,4.0,rho_4,,400,0.2,3,3000,1230308,8,0,4.8784,,final_fine_grid_steps3000_R20_v1
voter,4.0,rho_4,,400,0.2,3,3000,1230309,9,0,4.5858,,final_fine_grid_steps3000_R20_v1
voter,4.0,rho_4,,400,0.2,3,3000,1230310,10,0,4.511,,final_fine_grid_steps3000_R20_v1
voter,4.0,rho_4,,400,0.2,3,3000,1230311,11,0,4.8137,,final_fine_grid_steps3000_R20_v1
voter,4.0,rho_4,,400,0.2,3,3000,1230312,12,0,4.634,,final_fine_grid_steps3000_R20_v1
voter,4.0,rho_4,,400,0.2,3,3000,1230313,13,0,4.5165,,final_fine_grid_steps3000_R20_v1
voter,4.0,rho_4,,400,0.2,3,3000,1230314,14,0,4.9424,,final_fine_grid_steps3000_R20_v1
voter,4.0,rho_4,,400,0.2,3,3000,1230315,15,0,4.435,,final_fine_grid_steps3000_R20_v1
voter,4.0,rho_4,,400,0.2,3,3000,1230316,16,0,4.8625,,final_fine_grid_steps3000_R20_v1
voter,4.0,rho_4,,400,0.2,3,3000,1230317,17,0,4.9838,,final_fine_grid_steps3000_R20_v1
voter,4.0,rho_4,,400,0.2,3,3000,1230318,18,0,4.7727,,final_fine_grid_steps3000_R20_v1
voter,4.0,rho_4,,400,0.2,3,3000,1230319,19,0,5.2257,,final_fine_grid_steps3000_R20_v1
voter,4.0,rho_4,,400,0.3,4,3000,1230400,0,0,5.3424,,final_fine_grid_steps3000_R20_v1
voter,4.0,rho_4,,400,0.3,4,3000,1230401,1,0,5.5364,,final_fine_grid_steps3000_R20_v1
voter,4.0,rho_4,,400,0.3,4,3000,1230402,2,0,5.5123,,final_fine_grid_steps3000_R20_v1
voter,4.0,rho_4,,400,0.3,4,3000,1230403,3,0,5.1092,,final_fine_grid_steps3000_R20_v1
voter,4.0,rho_4,,400,0.3,4,3000,1230404,4,0,5.414,,final_fine_grid_steps3000_R20_v1
voter,4.0,rho_4,,400,0.3,4,3000,1230405,5,0,5.5852,,final_fine_grid_steps3000_R20_v1
voter,4.0,rho_4,,400,0.3,4,3000,1230406,6,0,5.6594,,final_fine_grid_steps3000_R20_v1
voter,4.0,rho_4,,400,0.3,4,3000,1230407,7,0,5.3083,,final_fine_grid_steps3000_R20_v1
voter,4.0,rho_4,,400,0.3,4,3000,1230408,8,0,5.0426,,final_fine_grid_steps3000_R20_v1
voter,4.0,rho_4,,400,0.3,4,3000,1230409,9,0,4.7602,,final_fine_grid_steps3000_R20_v1
voter,4.0,rho_4,,400,0.3,4,3000,1230410,10,0,4.6309,,final_fine_grid_steps3000_R20_v1
voter,4.0,rho_4,,400,0.3,4,3000,1230411,11,0,4.4165,,final_fine_grid_steps3000_R20_v1
voter,4.0,rho_4,,400,0.3,4,3000,1230412,12,0,4.5378,,final_fine_grid_steps3000_R20_v1
voter,4.0,rho_4,,400,0.3,4,3000,1230413,13,0,5.4664,,final_fine_grid_steps3000_R20_v1
voter,4.0,rho_4,,400,0.3,4,3000,1230414,14,0,4.8728,,final_fine_grid_steps3000_R20_v1
voter,4.0,rho_4,,400,0.3,4,3000,1230415,15,0,4.796,,final_fine_grid_steps3000_R20_v1
voter,4.0,rho_4,,400,0.3,4,3000,1230416,16,0,4.3488,,final_fine_grid_steps3000_R20_v1
voter,4.0,rho_4,,400,0.3,4,3000,1230417,17,0,4.6239,,final_fine_grid_steps3000_R20_v1
voter,4.0,rho_4,,400,0.3,4,3000,1230418,18,0,4.5852,,final_fine_grid_steps3000_R20_v1
voter,4.0,rho_4,,400,0.3,4,3000,1230419,19,0,4.8032,,final_fine_grid_steps3000_R20_v1
voter,4.0,rho_4,,400,0.4,5,3000,1230500,0,0,4.5887,,final_fine_grid_steps3000_R20_v1
voter,4.0,rho_4,,400,0.4,5,3000,1230501,1,0,4.8602,,final_fine_grid_steps3000_R20_v1
voter,4.0,rho_4,,400,0.4,5,3000,1230502,2,0,5.1654,,final_fine_grid_steps3000_R20_v1
voter,4.0,rho_4,,400,0.4,5,3000,1230503,3,0,4.7767,,final_fine_grid_steps3000_R20_v1
voter,4.0,rho_4,,400,0.4,5,3000,1230504,4,0,5.1803,,final_fine_grid_steps3000_R20_v1
voter,4.0,rho_4,,400,0.4,5,3000,1230505,5,0,4.9629,,final_fine_grid_steps3000_R20_v1
voter,4.0,rho_4,,400,0.4,5,3000,1230506,6,0,5.3873,,final_fine_grid_steps3000_R20_v1
voter,4.0,rho_4,,400,0.4,5,3000,1230507,7,0,5.2555,,final_fine_grid_steps3000_R20_v1
voter,4.0,rho_4,,400,0.4,5,3000,1230508,8,0,4.8159,,final_fine_grid_steps3000_R20_v1
voter,4.0,rho_4,,400,0.4,5,3000,1230509,9,0,4.8011,,final_fine_grid_steps3000_R20_v1
voter,4.0,rho_4,,400,0.4,5,3000,1230510,10,0,4.9754,,final_fine_grid_steps3000_R20_v1
voter,4.0,rho_4,,400,0.4,5,3000,1230511,11,0,5.0605,,final_fine_grid_steps3000_R20_v1
voter,4.0,rho_4,,400,0.4,5,3000,1230512,12,0,5.5732,,final_fine_grid_steps3000_R20_v1
voter,4.0,rho_4,,400,0.4,5,3000,1230513,13,0,5.3429,,final_fine_grid_steps3000_R20_v1
voter,4.0,rho_4,,400,0.4,5,3000,1230514,14,0,5.9799,,final_fine_grid_steps3000_R20_v1
voter,4.0,rho_4,,400,0.4,5,3000,1230515,15,0,5.4988,,final_fine_grid_steps3000_R20_v1
voter,4.0,rho_4,,400,0.4,5,3000,1230516,16,0,5.2839,,final_fine_grid_steps3000_R20_v1
voter,4.0,rho_4,,400,0.4,5,3000,1230517,17,0,5.3572,,final_fine_grid_steps3000_R20_v1
voter,4.0,rho_4,,400,0.4,5,3000,1230518,18,0,5.039,,final_fine_grid_steps3000_R20_v1
voter,4.0,rho_4,,400,0.4,5,3000,1230519,19,0,5.7214,,final_fine_grid_steps3000_R20_v1
voter,4.0,rho_4,4.0,400,0.5,1,3000,1410100,0,0,3.9802,data/pilots/final_voter_base_coarse_v1/voter/rho_4/eta_0p5/steps_3000/realization_000_seed_1410100,final_voter_base_coarse_v1
voter,4.0,rho_4,4.0,400,0.5,1,3000,1410101,1,0,4.1106,data/pilots/final_voter_base_coarse_v1/voter/rho_4/eta_0p5/steps_3000/realization_001_seed_1410101,final_voter_base_coarse_v1
voter,4.0,rho_4,4.0,400,0.5,1,3000,1410102,2,0,4.1563,data/pilots/final_voter_base_coarse_v1/voter/rho_4/eta_0p5/steps_3000/realization_002_seed_1410102,final_voter_base_coarse_v1
voter,4.0,rho_4,4.0,400,0.5,1,3000,1410103,3,0,4.6322,data/pilots/final_voter_base_coarse_v1/voter/rho_4/eta_0p5/steps_3000/realization_003_seed_1410103,final_voter_base_coarse_v1
voter,4.0,rho_4,4.0,400,0.5,1,3000,1410104,4,0,4.4561,data/pilots/final_voter_base_coarse_v1/voter/rho_4/eta_0p5/steps_3000/realization_004_seed_1410104,final_voter_base_coarse_v1
voter,4.0,rho_4,4.0,400,0.5,1,3000,1410105,5,0,4.4019,data/pilots/final_voter_base_coarse_v1/voter/rho_4/eta_0p5/steps_3000/realization_005_seed_1410105,final_voter_base_coarse_v1
voter,4.0,rho_4,4.0,400,0.5,1,3000,1410106,6,0,4.1889,data/pilots/final_voter_base_coarse_v1/voter/rho_4/eta_0p5/steps_3000/realization_006_seed_1410106,final_voter_base_coarse_v1
voter,4.0,rho_4,4.0,400,0.5,1,3000,1410107,7,0,4.1403,data/pilots/final_voter_base_coarse_v1/voter/rho_4/eta_0p5/steps_3000/realization_007_seed_1410107,final_voter_base_coarse_v1
voter,4.0,rho_4,4.0,400,0.5,1,3000,1410108,8,0,3.9849,data/pilots/final_voter_base_coarse_v1/voter/rho_4/eta_0p5/steps_3000/realization_008_seed_1410108,final_voter_base_coarse_v1
voter,4.0,rho_4,4.0,400,0.5,1,3000,1410109,9,0,4.5251,data/pilots/final_voter_base_coarse_v1/voter/rho_4/eta_0p5/steps_3000/realization_009_seed_1410109,final_voter_base_coarse_v1
voter,4.0,rho_4,4.0,400,0.5,1,3000,1410110,10,0,4.1561,data/pilots/final_voter_base_coarse_v1/voter/rho_4/eta_0p5/steps_3000/realization_010_seed_1410110,final_voter_base_coarse_v1
voter,4.0,rho_4,4.0,400,0.5,1,3000,1410111,11,0,4.6218,data/pilots/final_voter_base_coarse_v1/voter/rho_4/eta_0p5/steps_3000/realization_011_seed_1410111,final_voter_base_coarse_v1
voter,4.0,rho_4,4.0,400,0.5,1,3000,1410112,12,0,4.5417,data/pilots/final_voter_base_coarse_v1/voter/rho_4/eta_0p5/steps_3000/realization_012_seed_1410112,final_voter_base_coarse_v1
voter,4.0,rho_4,4.0,400,0.5,1,3000,1410113,13,0,4.2972,data/pilots/final_voter_base_coarse_v1/voter/rho_4/eta_0p5/steps_3000/realization_013_seed_1410113,final_voter_base_coarse_v1
voter,4.0,rho_4,4.0,400,0.5,1,3000,1410114,14,0,4.4277,data/pilots/final_voter_base_coarse_v1/voter/rho_4/eta_0p5/steps_3000/realization_014_seed_1410114,final_voter_base_coarse_v1
voter,4.0,rho_4,4.0,400,0.5,1,3000,1410115,15,0,4.3319,data/pilots/final_voter_base_coarse_v1/voter/rho_4/eta_0p5/steps_3000/realization_015_seed_1410115,final_voter_base_coarse_v1
voter,4.0,rho_4,4.0,400,0.5,1,3000,1410116,16,0,4.6105,data/pilots/final_voter_base_coarse_v1/voter/rho_4/eta_0p5/steps_3000/realization_016_seed_1410116,final_voter_base_coarse_v1
voter,4.0,rho_4,4.0,400,0.5,1,3000,1410117,17,0,4.3534,data/pilots/final_voter_base_coarse_v1/voter/rho_4/eta_0p5/steps_3000/realization_017_seed_1410117,final_voter_base_coarse_v1
voter,4.0,rho_4,4.0,400,0.5,1,3000,1410118,18,0,4.2042,data/pilots/final_voter_base_coarse_v1/voter/rho_4/eta_0p5/steps_3000/realization_018_seed_1410118,final_voter_base_coarse_v1
voter,4.0,rho_4,4.0,400,0.5,1,3000,1410119,19,0,4.1516,data/pilots/final_voter_base_coarse_v1/voter/rho_4/eta_0p5/steps_3000/realization_019_seed_1410119,final_voter_base_coarse_v1
voter,4.0,rho_4,,400,0.6,0,3000,1860000,0,0,4.1218,,final_dense_eta_grid_steps3000_R20_v1
voter,4.0,rho_4,,400,0.6,0,3000,1860001,1,0,4.1447,,final_dense_eta_grid_steps3000_R20_v1
voter,4.0,rho_4,,400,0.6,0,3000,1860002,2,0,4.1072,,final_dense_eta_grid_steps3000_R20_v1
voter,4.0,rho_4,,400,0.6,0,3000,1860003,3,0,4.0234,,final_dense_eta_grid_steps3000_R20_v1
voter,4.0,rho_4,,400,0.6,0,3000,1860004,4,0,4.3156,,final_dense_eta_grid_steps3000_R20_v1
voter,4.0,rho_4,,400,0.6,0,3000,1860005,5,0,4.105,,final_dense_eta_grid_steps3000_R20_v1
voter,4.0,rho_4,,400,0.6,0,3000,1860006,6,0,3.8714,,final_dense_eta_grid_steps3000_R20_v1
voter,4.0,rho_4,,400,0.6,0,3000,1860007,7,0,4.21,,final_dense_eta_grid_steps3000_R20_v1
voter,4.0,rho_4,,400,0.6,0,3000,1860008,8,0,4.1767,,final_dense_eta_grid_steps3000_R20_v1
voter,4.0,rho_4,,400,0.6,0,3000,1860009,9,0,4.4507,,final_dense_eta_grid_steps3000_R20_v1
voter,4.0,rho_4,,400,0.6,0,3000,1860010,10,0,3.9142,,final_dense_eta_grid_steps3000_R20_v1
voter,4.0,rho_4,,400,0.6,0,3000,1860011,11,0,3.9598,,final_dense_eta_grid_steps3000_R20_v1
voter,4.0,rho_4,,400,0.6,0,3000,1860012,12,0,4.4311,,final_dense_eta_grid_steps3000_R20_v1
voter,4.0,rho_4,,400,0.6,0,3000,1860013,13,0,4.3128,,final_dense_eta_grid_steps3000_R20_v1
voter,4.0,rho_4,,400,0.6,0,3000,1860014,14,0,4.0732,,final_dense_eta_grid_steps3000_R20_v1
voter,4.0,rho_4,,400,0.6,0,3000,1860015,15,0,4.1404,,final_dense_eta_grid_steps3000_R20_v1
voter,4.0,rho_4,,400,0.6,0,3000,1860016,16,0,4.103,,final_dense_eta_grid_steps3000_R20_v1
voter,4.0,rho_4,,400,0.6,0,3000,1860017,17,0,4.7007,,final_dense_eta_grid_steps3000_R20_v1
voter,4.0,rho_4,,400,0.6,0,3000,1860018,18,0,4.0886,,final_dense_eta_grid_steps3000_R20_v1
voter,4.0,rho_4,,400,0.6,0,3000,1860019,19,0,4.1867,,final_dense_eta_grid_steps3000_R20_v1
voter,4.0,rho_4,,400,0.8,1,3000,1860100,0,0,4.178,,final_dense_eta_grid_steps3000_R20_v1
voter,4.0,rho_4,,400,0.8,1,3000,1860101,1,0,4.0274,,final_dense_eta_grid_steps3000_R20_v1
voter,4.0,rho_4,,400,0.8,1,3000,1860102,2,0,4.0106,,final_dense_eta_grid_steps3000_R20_v1
voter,4.0,rho_4,,400,0.8,1,3000,1860103,3,0,4.2279,,final_dense_eta_grid_steps3000_R20_v1
voter,4.0,rho_4,,400,0.8,1,3000,1860104,4,0,3.9937,,final_dense_eta_grid_steps3000_R20_v1
voter,4.0,rho_4,,400,0.8,1,3000,1860105,5,0,3.9056,,final_dense_eta_grid_steps3000_R20_v1
voter,4.0,rho_4,,400,0.8,1,3000,1860106,6,0,4.1313,,final_dense_eta_grid_steps3000_R20_v1
voter,4.0,rho_4,,400,0.8,1,3000,1860107,7,0,3.9036,,final_dense_eta_grid_steps3000_R20_v1
voter,4.0,rho_4,,400,0.8,1,3000,1860108,8,0,4.0644,,final_dense_eta_grid_steps3000_R20_v1
voter,4.0,rho_4,,400,0.8,1,3000,1860109,9,0,3.7798,,final_dense_eta_grid_steps3000_R20_v1
voter,4.0,rho_4,,400,0.8,1,3000,1860110,10,0,3.7532,,final_dense_eta_grid_steps3000_R20_v1
voter,4.0,rho_4,,400,0.8,1,3000,1860111,11,0,3.7429,,final_dense_eta_grid_steps3000_R20_v1
voter,4.0,rho_4,,400,0.8,1,3000,1860112,12,0,3.9329,,final_dense_eta_grid_steps3000_R20_v1
voter,4.0,rho_4,,400,0.8,1,3000,1860113,13,0,3.9285,,final_dense_eta_grid_steps3000_R20_v1
voter,4.0,rho_4,,400,0.8,1,3000,1860114,14,0,4.5037,,final_dense_eta_grid_steps3000_R20_v1
voter,4.0,rho_4,,400,0.8,1,3000,1860115,15,0,3.8135,,final_dense_eta_grid_steps3000_R20_v1
voter,4.0,rho_4,,400,0.8,1,3000,1860116,16,0,4.0677,,final_dense_eta_grid_steps3000_R20_v1
voter,4.0,rho_4,,400,0.8,1,3000,1860117,17,0,3.7197,,final_dense_eta_grid_steps3000_R20_v1
voter,4.0,rho_4,,400,0.8,1,3000,1860118,18,0,3.9395,,final_dense_eta_grid_steps3000_R20_v1
voter,4.0,rho_4,,400,0.8,1,3000,1860119,19,0,4.0755,,final_dense_eta_grid_steps3000_R20_v1
voter,4.0,rho_4,4.0,400,1.0,2,3000,1410200,0,0,3.9912,data/pilots/final_voter_base_coarse_v1/voter/rho_4/eta_1/steps_3000/realization_000_seed_1410200,final_voter_base_coarse_v1
voter,4.0,rho_4,4.0,400,1.0,2,3000,1410201,1,0,3.8565,data/pilots/final_voter_base_coarse_v1/voter/rho_4/eta_1/steps_3000/realization_001_seed_1410201,final_voter_base_coarse_v1
voter,4.0,rho_4,4.0,400,1.0,2,3000,1410202,2,0,3.9723,data/pilots/final_voter_base_coarse_v1/voter/rho_4/eta_1/steps_3000/realization_002_seed_1410202,final_voter_base_coarse_v1
voter,4.0,rho_4,4.0,400,1.0,2,3000,1410203,3,0,4.0491,data/pilots/final_voter_base_coarse_v1/voter/rho_4/eta_1/steps_3000/realization_003_seed_1410203,final_voter_base_coarse_v1
voter,4.0,rho_4,4.0,400,1.0,2,3000,1410204,4,0,3.894,data/pilots/final_voter_base_coarse_v1/voter/rho_4/eta_1/steps_3000/realization_004_seed_1410204,final_voter_base_coarse_v1
voter,4.0,rho_4,4.0,400,1.0,2,3000,1410205,5,0,3.9421,data/pilots/final_voter_base_coarse_v1/voter/rho_4/eta_1/steps_3000/realization_005_seed_1410205,final_voter_base_coarse_v1
voter,4.0,rho_4,4.0,400,1.0,2,3000,1410206,6,0,3.8658,data/pilots/final_voter_base_coarse_v1/voter/rho_4/eta_1/steps_3000/realization_006_seed_1410206,final_voter_base_coarse_v1
voter,4.0,rho_4,4.0,400,1.0,2,3000,1410207,7,0,3.8116,data/pilots/final_voter_base_coarse_v1/voter/rho_4/eta_1/steps_3000/realization_007_seed_1410207,final_voter_base_coarse_v1
voter,4.0,rho_4,4.0,400,1.0,2,3000,1410208,8,0,4.0039,data/pilots/final_voter_base_coarse_v1/voter/rho_4/eta_1/steps_3000/realization_008_seed_1410208,final_voter_base_coarse_v1
voter,4.0,rho_4,4.0,400,1.0,2,3000,1410209,9,0,3.967,data/pilots/final_voter_base_coarse_v1/voter/rho_4/eta_1/steps_3000/realization_009_seed_1410209,final_voter_base_coarse_v1
voter,4.0,rho_4,4.0,400,1.0,2,3000,1410210,10,0,4.0233,data/pilots/final_voter_base_coarse_v1/voter/rho_4/eta_1/steps_3000/realization_010_seed_1410210,final_voter_base_coarse_v1
voter,4.0,rho_4,4.0,400,1.0,2,3000,1410211,11,0,4.1421,data/pilots/final_voter_base_coarse_v1/voter/rho_4/eta_1/steps_3000/realization_011_seed_1410211,final_voter_base_coarse_v1
voter,4.0,rho_4,4.0,400,1.0,2,3000,1410212,12,0,3.7746,data/pilots/final_voter_base_coarse_v1/voter/rho_4/eta_1/steps_3000/realization_012_seed_1410212,final_voter_base_coarse_v1
voter,4.0,rho_4,4.0,400,1.0,2,3000,1410213,13,0,3.8892,data/pilots/final_voter_base_coarse_v1/voter/rho_4/eta_1/steps_3000/realization_013_seed_1410213,final_voter_base_coarse_v1
voter,4.0,rho_4,4.0,400,1.0,2,3000,1410214,14,0,4.0603,data/pilots/final_voter_base_coarse_v1/voter/rho_4/eta_1/steps_3000/realization_014_seed_1410214,final_voter_base_coarse_v1
voter,4.0,rho_4,4.0,400,1.0,2,3000,1410215,15,0,3.9448,data/pilots/final_voter_base_coarse_v1/voter/rho_4/eta_1/steps_3000/realization_015_seed_1410215,final_voter_base_coarse_v1
voter,4.0,rho_4,4.0,400,1.0,2,3000,1410216,16,0,3.9748,data/pilots/final_voter_base_coarse_v1/voter/rho_4/eta_1/steps_3000/realization_016_seed_1410216,final_voter_base_coarse_v1
voter,4.0,rho_4,4.0,400,1.0,2,3000,1410217,17,0,3.9131,data/pilots/final_voter_base_coarse_v1/voter/rho_4/eta_1/steps_3000/realization_017_seed_1410217,final_voter_base_coarse_v1
voter,4.0,rho_4,4.0,400,1.0,2,3000,1410218,18,0,3.9393,data/pilots/final_voter_base_coarse_v1/voter/rho_4/eta_1/steps_3000/realization_018_seed_1410218,final_voter_base_coarse_v1
voter,4.0,rho_4,4.0,400,1.0,2,3000,1410219,19,0,3.7763,data/pilots/final_voter_base_coarse_v1/voter/rho_4/eta_1/steps_3000/realization_019_seed_1410219,final_voter_base_coarse_v1
voter,4.0,rho_4,,400,1.2,2,3000,1860200,0,0,3.8906,,final_dense_eta_grid_steps3000_R20_v1
voter,4.0,rho_4,,400,1.2,2,3000,1860201,1,0,3.6375,,final_dense_eta_grid_steps3000_R20_v1
voter,4.0,rho_4,,400,1.2,2,3000,1860202,2,0,3.8728,,final_dense_eta_grid_steps3000_R20_v1
voter,4.0,rho_4,,400,1.2,2,3000,1860203,3,0,3.6925,,final_dense_eta_grid_steps3000_R20_v1
voter,4.0,rho_4,,400,1.2,2,3000,1860204,4,0,3.6556,,final_dense_eta_grid_steps3000_R20_v1
voter,4.0,rho_4,,400,1.2,2,3000,1860205,5,0,3.6653,,final_dense_eta_grid_steps3000_R20_v1
voter,4.0,rho_4,,400,1.2,2,3000,1860206,6,0,3.7309,,final_dense_eta_grid_steps3000_R20_v1
voter,4.0,rho_4,,400,1.2,2,3000,1860207,7,0,3.8823,,final_dense_eta_grid_steps3000_R20_v1
voter,4.0,rho_4,,400,1.2,2,3000,1860208,8,0,3.8754,,final_dense_eta_grid_steps3000_R20_v1
voter,4.0,rho_4,,400,1.2,2,3000,1860209,9,0,3.6611,,final_dense_eta_grid_steps3000_R20_v1
voter,4.0,rho_4,,400,1.2,2,3000,1860210,10,0,3.6796,,final_dense_eta_grid_steps3000_R20_v1
voter,4.0,rho_4,,400,1.2,2,3000,1860211,11,0,3.734,,final_dense_eta_grid_steps3000_R20_v1
voter,4.0,rho_4,,400,1.2,2,3000,1860212,12,0,3.684,,final_dense_eta_grid_steps3000_R20_v1
voter,4.0,rho_4,,400,1.2,2,3000,1860213,13,0,3.8063,,final_dense_eta_grid_steps3000_R20_v1
voter,4.0,rho_4,,400,1.2,2,3000,1860214,14,0,3.6587,,final_dense_eta_grid_steps3000_R20_v1
voter,4.0,rho_4,,400,1.2,2,3000,1860215,15,0,3.8693,,final_dense_eta_grid_steps3000_R20_v1
voter,4.0,rho_4,,400,1.2,2,3000,1860216,16,0,3.776,,final_dense_eta_grid_steps3000_R20_v1
voter,4.0,rho_4,,400,1.2,2,3000,1860217,17,0,3.7839,,final_dense_eta_grid_steps3000_R20_v1
voter,4.0,rho_4,,400,1.2,2,3000,1860218,18,0,3.6814,,final_dense_eta_grid_steps3000_R20_v1
voter,4.0,rho_4,,400,1.2,2,3000,1860219,19,0,3.6363,,final_dense_eta_grid_steps3000_R20_v1
voter,4.0,rho_4,,400,1.4,3,3000,1860300,0,0,3.6855,,final_dense_eta_grid_steps3000_R20_v1
voter,4.0,rho_4,,400,1.4,3,3000,1860301,1,0,3.7211,,final_dense_eta_grid_steps3000_R20_v1
voter,4.0,rho_4,,400,1.4,3,3000,1860302,2,0,3.7572,,final_dense_eta_grid_steps3000_R20_v1
voter,4.0,rho_4,,400,1.4,3,3000,1860303,3,0,3.8103,,final_dense_eta_grid_steps3000_R20_v1
voter,4.0,rho_4,,400,1.4,3,3000,1860304,4,0,3.746,,final_dense_eta_grid_steps3000_R20_v1
voter,4.0,rho_4,,400,1.4,3,3000,1860305,5,0,3.7332,,final_dense_eta_grid_steps3000_R20_v1
voter,4.0,rho_4,,400,1.4,3,3000,1860306,6,0,3.6857,,final_dense_eta_grid_steps3000_R20_v1
voter,4.0,rho_4,,400,1.4,3,3000,1860307,7,0,3.7781,,final_dense_eta_grid_steps3000_R20_v1
voter,4.0,rho_4,,400,1.4,3,3000,1860308,8,0,3.5913,,final_dense_eta_grid_steps3000_R20_v1
voter,4.0,rho_4,,400,1.4,3,3000,1860309,9,0,3.7209,,final_dense_eta_grid_steps3000_R20_v1
voter,4.0,rho_4,,400,1.4,3,3000,1860310,10,0,3.7167,,final_dense_eta_grid_steps3000_R20_v1
voter,4.0,rho_4,,400,1.4,3,3000,1860311,11,0,3.8661,,final_dense_eta_grid_steps3000_R20_v1
voter,4.0,rho_4,,400,1.4,3,3000,1860312,12,0,3.6727,,final_dense_eta_grid_steps3000_R20_v1
voter,4.0,rho_4,,400,1.4,3,3000,1860313,13,0,3.6204,,final_dense_eta_grid_steps3000_R20_v1
voter,4.0,rho_4,,400,1.4,3,3000,1860314,14,0,3.6535,,final_dense_eta_grid_steps3000_R20_v1
voter,4.0,rho_4,,400,1.4,3,3000,1860315,15,0,3.9142,,final_dense_eta_grid_steps3000_R20_v1
voter,4.0,rho_4,,400,1.4,3,3000,1860316,16,0,3.7298,,final_dense_eta_grid_steps3000_R20_v1
voter,4.0,rho_4,,400,1.4,3,3000,1860317,17,0,3.7195,,final_dense_eta_grid_steps3000_R20_v1
voter,4.0,rho_4,,400,1.4,3,3000,1860318,18,0,3.6146,,final_dense_eta_grid_steps3000_R20_v1
voter,4.0,rho_4,,400,1.4,3,3000,1860319,19,0,3.9254,,final_dense_eta_grid_steps3000_R20_v1
voter,4.0,rho_4,,400,1.6,4,3000,1860400,0,0,3.647,,final_dense_eta_grid_steps3000_R20_v1
voter,4.0,rho_4,,400,1.6,4,3000,1860401,1,0,3.6383,,final_dense_eta_grid_steps3000_R20_v1
voter,4.0,rho_4,,400,1.6,4,3000,1860402,2,0,3.6725,,final_dense_eta_grid_steps3000_R20_v1
voter,4.0,rho_4,,400,1.6,4,3000,1860403,3,0,3.5959,,final_dense_eta_grid_steps3000_R20_v1
voter,4.0,rho_4,,400,1.6,4,3000,1860404,4,0,3.6671,,final_dense_eta_grid_steps3000_R20_v1
voter,4.0,rho_4,,400,1.6,4,3000,1860405,5,0,3.5503,,final_dense_eta_grid_steps3000_R20_v1
voter,4.0,rho_4,,400,1.6,4,3000,1860406,6,0,3.7086,,final_dense_eta_grid_steps3000_R20_v1
voter,4.0,rho_4,,400,1.6,4,3000,1860407,7,0,3.5405,,final_dense_eta_grid_steps3000_R20_v1
voter,4.0,rho_4,,400,1.6,4,3000,1860408,8,0,3.6234,,final_dense_eta_grid_steps3000_R20_v1
voter,4.0,rho_4,,400,1.6,4,3000,1860409,9,0,3.6814,,final_dense_eta_grid_steps3000_R20_v1
voter,4.0,rho_4,,400,1.6,4,3000,1860410,10,0,3.5596,,final_dense_eta_grid_steps3000_R20_v1
voter,4.0,rho_4,,400,1.6,4,3000,1860411,11,0,3.5646,,final_dense_eta_grid_steps3000_R20_v1
voter,4.0,rho_4,,400,1.6,4,3000,1860412,12,0,3.5605,,final_dense_eta_grid_steps3000_R20_v1
voter,4.0,rho_4,,400,1.6,4,3000,1860413,13,0,3.7573,,final_dense_eta_grid_steps3000_R20_v1
voter,4.0,rho_4,,400,1.6,4,3000,1860414,14,0,3.4913,,final_dense_eta_grid_steps3000_R20_v1
voter,4.0,rho_4,,400,1.6,4,3000,1860415,15,0,3.6238,,final_dense_eta_grid_steps3000_R20_v1
voter,4.0,rho_4,,400,1.6,4,3000,1860416,16,0,3.5094,,final_dense_eta_grid_steps3000_R20_v1
voter,4.0,rho_4,,400,1.6,4,3000,1860417,17,0,3.6542,,final_dense_eta_grid_steps3000_R20_v1
voter,4.0,rho_4,,400,1.6,4,3000,1860418,18,0,3.7583,,final_dense_eta_grid_steps3000_R20_v1
voter,4.0,rho_4,,400,1.6,4,3000,1860419,19,0,3.6143,,final_dense_eta_grid_steps3000_R20_v1
voter,4.0,rho_4,,400,1.8,5,3000,1860500,0,0,3.5067,,final_dense_eta_grid_steps3000_R20_v1
voter,4.0,rho_4,,400,1.8,5,3000,1860501,1,0,3.5471,,final_dense_eta_grid_steps3000_R20_v1
voter,4.0,rho_4,,400,1.8,5,3000,1860502,2,0,3.5285,,final_dense_eta_grid_steps3000_R20_v1
voter,4.0,rho_4,,400,1.8,5,3000,1860503,3,0,3.6332,,final_dense_eta_grid_steps3000_R20_v1
voter,4.0,rho_4,,400,1.8,5,3000,1860504,4,0,3.4296,,final_dense_eta_grid_steps3000_R20_v1
voter,4.0,rho_4,,400,1.8,5,3000,1860505,5,0,3.558,,final_dense_eta_grid_steps3000_R20_v1
voter,4.0,rho_4,,400,1.8,5,3000,1860506,6,0,3.5178,,final_dense_eta_grid_steps3000_R20_v1
voter,4.0,rho_4,,400,1.8,5,3000,1860507,7,0,3.5611,,final_dense_eta_grid_steps3000_R20_v1
voter,4.0,rho_4,,400,1.8,5,3000,1860508,8,0,3.4925,,final_dense_eta_grid_steps3000_R20_v1
voter,4.0,rho_4,,400,1.8,5,3000,1860509,9,0,3.5018,,final_dense_eta_grid_steps3000_R20_v1
voter,4.0,rho_4,,400,1.8,5,3000,1860510,10,0,3.5191,,final_dense_eta_grid_steps3000_R20_v1
voter,4.0,rho_4,,400,1.8,5,3000,1860511,11,0,3.6177,,final_dense_eta_grid_steps3000_R20_v1
voter,4.0,rho_4,,400,1.8,5,3000,1860512,12,0,3.5448,,final_dense_eta_grid_steps3000_R20_v1
voter,4.0,rho_4,,400,1.8,5,3000,1860513,13,0,3.5896,,final_dense_eta_grid_steps3000_R20_v1
voter,4.0,rho_4,,400,1.8,5,3000,1860514,14,0,3.525,,final_dense_eta_grid_steps3000_R20_v1
voter,4.0,rho_4,,400,1.8,5,3000,1860515,15,0,3.5856,,final_dense_eta_grid_steps3000_R20_v1
voter,4.0,rho_4,,400,1.8,5,3000,1860516,16,0,3.5057,,final_dense_eta_grid_steps3000_R20_v1
voter,4.0,rho_4,,400,1.8,5,3000,1860517,17,0,3.6141,,final_dense_eta_grid_steps3000_R20_v1
voter,4.0,rho_4,,400,1.8,5,3000,1860518,18,0,3.5237,,final_dense_eta_grid_steps3000_R20_v1
voter,4.0,rho_4,,400,1.8,5,3000,1860519,19,0,3.6838,,final_dense_eta_grid_steps3000_R20_v1
voter,4.0,rho_4,4.0,400,2.0,3,3000,1410300,0,0,3.769,data/pilots/final_voter_base_coarse_v1/voter/rho_4/eta_2/steps_3000/realization_000_seed_1410300,final_voter_base_coarse_v1
voter,4.0,rho_4,4.0,400,2.0,3,3000,1410301,1,0,3.5714,data/pilots/final_voter_base_coarse_v1/voter/rho_4/eta_2/steps_3000/realization_001_seed_1410301,final_voter_base_coarse_v1
voter,4.0,rho_4,4.0,400,2.0,3,3000,1410302,2,0,3.5582,data/pilots/final_voter_base_coarse_v1/voter/rho_4/eta_2/steps_3000/realization_002_seed_1410302,final_voter_base_coarse_v1
voter,4.0,rho_4,4.0,400,2.0,3,3000,1410303,3,0,3.694,data/pilots/final_voter_base_coarse_v1/voter/rho_4/eta_2/steps_3000/realization_003_seed_1410303,final_voter_base_coarse_v1
voter,4.0,rho_4,4.0,400,2.0,3,3000,1410304,4,0,3.5936,data/pilots/final_voter_base_coarse_v1/voter/rho_4/eta_2/steps_3000/realization_004_seed_1410304,final_voter_base_coarse_v1
voter,4.0,rho_4,4.0,400,2.0,3,3000,1410305,5,0,3.5396,data/pilots/final_voter_base_coarse_v1/voter/rho_4/eta_2/steps_3000/realization_005_seed_1410305,final_voter_base_coarse_v1
voter,4.0,rho_4,4.0,400,2.0,3,3000,1410306,6,0,3.5807,data/pilots/final_voter_base_coarse_v1/voter/rho_4/eta_2/steps_3000/realization_006_seed_1410306,final_voter_base_coarse_v1
voter,4.0,rho_4,4.0,400,2.0,3,3000,1410307,7,0,3.6244,data/pilots/final_voter_base_coarse_v1/voter/rho_4/eta_2/steps_3000/realization_007_seed_1410307,final_voter_base_coarse_v1
voter,4.0,rho_4,4.0,400,2.0,3,3000,1410308,8,0,3.5652,data/pilots/final_voter_base_coarse_v1/voter/rho_4/eta_2/steps_3000/realization_008_seed_1410308,final_voter_base_coarse_v1
voter,4.0,rho_4,4.0,400,2.0,3,3000,1410309,9,0,3.7561,data/pilots/final_voter_base_coarse_v1/voter/rho_4/eta_2/steps_3000/realization_009_seed_1410309,final_voter_base_coarse_v1
voter,4.0,rho_4,4.0,400,2.0,3,3000,1410310,10,0,3.709,data/pilots/final_voter_base_coarse_v1/voter/rho_4/eta_2/steps_3000/realization_010_seed_1410310,final_voter_base_coarse_v1
voter,4.0,rho_4,4.0,400,2.0,3,3000,1410311,11,0,3.7013,data/pilots/final_voter_base_coarse_v1/voter/rho_4/eta_2/steps_3000/realization_011_seed_1410311,final_voter_base_coarse_v1
voter,4.0,rho_4,4.0,400,2.0,3,3000,1410312,12,0,3.509,data/pilots/final_voter_base_coarse_v1/voter/rho_4/eta_2/steps_3000/realization_012_seed_1410312,final_voter_base_coarse_v1
voter,4.0,rho_4,4.0,400,2.0,3,3000,1410313,13,0,3.6988,data/pilots/final_voter_base_coarse_v1/voter/rho_4/eta_2/steps_3000/realization_013_seed_1410313,final_voter_base_coarse_v1
voter,4.0,rho_4,4.0,400,2.0,3,3000,1410314,14,0,3.6056,data/pilots/final_voter_base_coarse_v1/voter/rho_4/eta_2/steps_3000/realization_014_seed_1410314,final_voter_base_coarse_v1
voter,4.0,rho_4,4.0,400,2.0,3,3000,1410315,15,0,3.5042,data/pilots/final_voter_base_coarse_v1/voter/rho_4/eta_2/steps_3000/realization_015_seed_1410315,final_voter_base_coarse_v1
voter,4.0,rho_4,4.0,400,2.0,3,3000,1410316,16,0,3.6634,data/pilots/final_voter_base_coarse_v1/voter/rho_4/eta_2/steps_3000/realization_016_seed_1410316,final_voter_base_coarse_v1
voter,4.0,rho_4,4.0,400,2.0,3,3000,1410317,17,0,3.6444,data/pilots/final_voter_base_coarse_v1/voter/rho_4/eta_2/steps_3000/realization_017_seed_1410317,final_voter_base_coarse_v1
voter,4.0,rho_4,4.0,400,2.0,3,3000,1410318,18,0,3.5477,data/pilots/final_voter_base_coarse_v1/voter/rho_4/eta_2/steps_3000/realization_018_seed_1410318,final_voter_base_coarse_v1
voter,4.0,rho_4,4.0,400,2.0,3,3000,1410319,19,0,3.6743,data/pilots/final_voter_base_coarse_v1/voter/rho_4/eta_2/steps_3000/realization_019_seed_1410319,final_voter_base_coarse_v1
voter,4.0,rho_4,,400,2.2,6,3000,1860600,0,0,3.4912,,final_dense_eta_grid_steps3000_R20_v1
voter,4.0,rho_4,,400,2.2,6,3000,1860601,1,0,3.4854,,final_dense_eta_grid_steps3000_R20_v1
voter,4.0,rho_4,,400,2.2,6,3000,1860602,2,0,3.4543,,final_dense_eta_grid_steps3000_R20_v1
voter,4.0,rho_4,,400,2.2,6,3000,1860603,3,0,3.5548,,final_dense_eta_grid_steps3000_R20_v1
voter,4.0,rho_4,,400,2.2,6,3000,1860604,4,0,3.5401,,final_dense_eta_grid_steps3000_R20_v1
voter,4.0,rho_4,,400,2.2,6,3000,1860605,5,0,3.4624,,final_dense_eta_grid_steps3000_R20_v1
voter,4.0,rho_4,,400,2.2,6,3000,1860606,6,0,3.5537,,final_dense_eta_grid_steps3000_R20_v1
voter,4.0,rho_4,,400,2.2,6,3000,1860607,7,0,3.4547,,final_dense_eta_grid_steps3000_R20_v1
voter,4.0,rho_4,,400,2.2,6,3000,1860608,8,0,3.5248,,final_dense_eta_grid_steps3000_R20_v1
voter,4.0,rho_4,,400,2.2,6,3000,1860609,9,0,3.5207,,final_dense_eta_grid_steps3000_R20_v1
voter,4.0,rho_4,,400,2.2,6,3000,1860610,10,0,3.4499,,final_dense_eta_grid_steps3000_R20_v1
voter,4.0,rho_4,,400,2.2,6,3000,1860611,11,0,3.4666,,final_dense_eta_grid_steps3000_R20_v1
voter,4.0,rho_4,,400,2.2,6,3000,1860612,12,0,3.5417,,final_dense_eta_grid_steps3000_R20_v1
voter,4.0,rho_4,,400,2.2,6,3000,1860613,13,0,3.4813,,final_dense_eta_grid_steps3000_R20_v1
voter,4.0,rho_4,,400,2.2,6,3000,1860614,14,0,3.3932,,final_dense_eta_grid_steps3000_R20_v1
voter,4.0,rho_4,,400,2.2,6,3000,1860615,15,0,3.5289,,final_dense_eta_grid_steps3000_R20_v1
voter,4.0,rho_4,,400,2.2,6,3000,1860616,16,0,3.4515,,final_dense_eta_grid_steps3000_R20_v1
voter,4.0,rho_4,,400,2.2,6,3000,1860617,17,0,3.3674,,final_dense_eta_grid_steps3000_R20_v1
voter,4.0,rho_4,,400,2.2,6,3000,1860618,18,0,3.4856,,final_dense_eta_grid_steps3000_R20_v1
voter,4.0,rho_4,,400,2.2,6,3000,1860619,19,0,3.4275,,final_dense_eta_grid_steps3000_R20_v1
voter,4.0,rho_4,,400,2.4,7,3000,1860700,0,0,3.4866,,final_dense_eta_grid_steps3000_R20_v1
voter,4.0,rho_4,,400,2.4,7,3000,1860701,1,0,3.4494,,final_dense_eta_grid_steps3000_R20_v1
voter,4.0,rho_4,,400,2.4,7,3000,1860702,2,0,3.5295,,final_dense_eta_grid_steps3000_R20_v1
voter,4.0,rho_4,,400,2.4,7,3000,1860703,3,0,3.4302,,final_dense_eta_grid_steps3000_R20_v1
voter,4.0,rho_4,,400,2.4,7,3000,1860704,4,0,3.4934,,final_dense_eta_grid_steps3000_R20_v1
voter,4.0,rho_4,,400,2.4,7,3000,1860705,5,0,3.4287,,final_dense_eta_grid_steps3000_R20_v1
voter,4.0,rho_4,,400,2.4,7,3000,1860706,6,0,3.5543,,final_dense_eta_grid_steps3000_R20_v1
voter,4.0,rho_4,,400,2.4,7,3000,1860707,7,0,3.4072,,final_dense_eta_grid_steps3000_R20_v1
voter,4.0,rho_4,,400,2.4,7,3000,1860708,8,0,3.4316,,final_dense_eta_grid_steps3000_R20_v1
voter,4.0,rho_4,,400,2.4,7,3000,1860709,9,0,3.4818,,final_dense_eta_grid_steps3000_R20_v1
voter,4.0,rho_4,,400,2.4,7,3000,1860710,10,0,3.4309,,final_dense_eta_grid_steps3000_R20_v1
voter,4.0,rho_4,,400,2.4,7,3000,1860711,11,0,3.4504,,final_dense_eta_grid_steps3000_R20_v1
voter,4.0,rho_4,,400,2.4,7,3000,1860712,12,0,3.3673,,final_dense_eta_grid_steps3000_R20_v1
voter,4.0,rho_4,,400,2.4,7,3000,1860713,13,0,3.4945,,final_dense_eta_grid_steps3000_R20_v1
voter,4.0,rho_4,,400,2.4,7,3000,1860714,14,0,3.5312,,final_dense_eta_grid_steps3000_R20_v1
voter,4.0,rho_4,,400,2.4,7,3000,1860715,15,0,3.4032,,final_dense_eta_grid_steps3000_R20_v1
voter,4.0,rho_4,,400,2.4,7,3000,1860716,16,0,3.6042,,final_dense_eta_grid_steps3000_R20_v1
voter,4.0,rho_4,,400,2.4,7,3000,1860717,17,0,3.458,,final_dense_eta_grid_steps3000_R20_v1
voter,4.0,rho_4,,400,2.4,7,3000,1860718,18,0,3.4555,,final_dense_eta_grid_steps3000_R20_v1
voter,4.0,rho_4,,400,2.4,7,3000,1860719,19,0,3.4952,,final_dense_eta_grid_steps3000_R20_v1
voter,4.0,rho_4,,400,2.6,8,3000,1860800,0,0,3.5017,,final_dense_eta_grid_steps3000_R20_v1
voter,4.0,rho_4,,400,2.6,8,3000,1860801,1,0,3.4134,,final_dense_eta_grid_steps3000_R20_v1
voter,4.0,rho_4,,400,2.6,8,3000,1860802,2,0,3.4709,,final_dense_eta_grid_steps3000_R20_v1
voter,4.0,rho_4,,400,2.6,8,3000,1860803,3,0,3.4015,,final_dense_eta_grid_steps3000_R20_v1
voter,4.0,rho_4,,400,2.6,8,3000,1860804,4,0,3.4617,,final_dense_eta_grid_steps3000_R20_v1
voter,4.0,rho_4,,400,2.6,8,3000,1860805,5,0,3.3825,,final_dense_eta_grid_steps3000_R20_v1
voter,4.0,rho_4,,400,2.6,8,3000,1860806,6,0,3.3749,,final_dense_eta_grid_steps3000_R20_v1
voter,4.0,rho_4,,400,2.6,8,3000,1860807,7,0,3.4771,,final_dense_eta_grid_steps3000_R20_v1
voter,4.0,rho_4,,400,2.6,8,3000,1860808,8,0,3.4062,,final_dense_eta_grid_steps3000_R20_v1
voter,4.0,rho_4,,400,2.6,8,3000,1860809,9,0,3.4152,,final_dense_eta_grid_steps3000_R20_v1
voter,4.0,rho_4,,400,2.6,8,3000,1860810,10,0,3.4492,,final_dense_eta_grid_steps3000_R20_v1
voter,4.0,rho_4,,400,2.6,8,3000,1860811,11,0,3.3443,,final_dense_eta_grid_steps3000_R20_v1
voter,4.0,rho_4,,400,2.6,8,3000,1860812,12,0,3.4192,,final_dense_eta_grid_steps3000_R20_v1
voter,4.0,rho_4,,400,2.6,8,3000,1860813,13,0,3.3873,,final_dense_eta_grid_steps3000_R20_v1
voter,4.0,rho_4,,400,2.6,8,3000,1860814,14,0,3.4539,,final_dense_eta_grid_steps3000_R20_v1
voter,4.0,rho_4,,400,2.6,8,3000,1860815,15,0,3.4081,,final_dense_eta_grid_steps3000_R20_v1
voter,4.0,rho_4,,400,2.6,8,3000,1860816,16,0,3.35,,final_dense_eta_grid_steps3000_R20_v1
voter,4.0,rho_4,,400,2.6,8,3000,1860817,17,0,3.4056,,final_dense_eta_grid_steps3000_R20_v1
voter,4.0,rho_4,,400,2.6,8,3000,1860818,18,0,3.4291,,final_dense_eta_grid_steps3000_R20_v1
voter,4.0,rho_4,,400,2.6,8,3000,1860819,19,0,3.3917,,final_dense_eta_grid_steps3000_R20_v1
voter,4.0,rho_4,,400,2.8,9,3000,1860900,0,0,3.4043,,final_dense_eta_grid_steps3000_R20_v1
voter,4.0,rho_4,,400,2.8,9,3000,1860901,1,0,3.4377,,final_dense_eta_grid_steps3000_R20_v1
voter,4.0,rho_4,,400,2.8,9,3000,1860902,2,0,3.4323,,final_dense_eta_grid_steps3000_R20_v1
voter,4.0,rho_4,,400,2.8,9,3000,1860903,3,0,3.4297,,final_dense_eta_grid_steps3000_R20_v1
voter,4.0,rho_4,,400,2.8,9,3000,1860904,4,0,3.2841,,final_dense_eta_grid_steps3000_R20_v1
voter,4.0,rho_4,,400,2.8,9,3000,1860905,5,0,3.355,,final_dense_eta_grid_steps3000_R20_v1
voter,4.0,rho_4,,400,2.8,9,3000,1860906,6,0,3.4339,,final_dense_eta_grid_steps3000_R20_v1
voter,4.0,rho_4,,400,2.8,9,3000,1860907,7,0,3.3554,,final_dense_eta_grid_steps3000_R20_v1
voter,4.0,rho_4,,400,2.8,9,3000,1860908,8,0,3.4133,,final_dense_eta_grid_steps3000_R20_v1
voter,4.0,rho_4,,400,2.8,9,3000,1860909,9,0,3.444,,final_dense_eta_grid_steps3000_R20_v1
voter,4.0,rho_4,,400,2.8,9,3000,1860910,10,0,3.4467,,final_dense_eta_grid_steps3000_R20_v1
voter,4.0,rho_4,,400,2.8,9,3000,1860911,11,0,3.3824,,final_dense_eta_grid_steps3000_R20_v1
voter,4.0,rho_4,,400,2.8,9,3000,1860912,12,0,3.3908,,final_dense_eta_grid_steps3000_R20_v1
voter,4.0,rho_4,,400,2.8,9,3000,1860913,13,0,3.4334,,final_dense_eta_grid_steps3000_R20_v1
voter,4.0,rho_4,,400,2.8,9,3000,1860914,14,0,3.4105,,final_dense_eta_grid_steps3000_R20_v1
voter,4.0,rho_4,,400,2.8,9,3000,1860915,15,0,3.4472,,final_dense_eta_grid_steps3000_R20_v1
voter,4.0,rho_4,,400,2.8,9,3000,1860916,16,0,3.3176,,final_dense_eta_grid_steps3000_R20_v1
voter,4.0,rho_4,,400,2.8,9,3000,1860917,17,0,3.4272,,final_dense_eta_grid_steps3000_R20_v1
voter,4.0,rho_4,,400,2.8,9,3000,1860918,18,0,3.411,,final_dense_eta_grid_steps3000_R20_v1
voter,4.0,rho_4,,400,2.8,9,3000,1860919,19,0,3.3722,,final_dense_eta_grid_steps3000_R20_v1
voter,4.0,rho_4,4.0,400,3.0,4,3000,1410400,0,0,3.5086,data/pilots/final_voter_base_coarse_v1/voter/rho_4/eta_3/steps_3000/realization_000_seed_1410400,final_voter_base_coarse_v1
voter,4.0,rho_4,4.0,400,3.0,4,3000,1410401,1,0,3.4847,data/pilots/final_voter_base_coarse_v1/voter/rho_4/eta_3/steps_3000/realization_001_seed_1410401,final_voter_base_coarse_v1
voter,4.0,rho_4,4.0,400,3.0,4,3000,1410402,2,0,3.5442,data/pilots/final_voter_base_coarse_v1/voter/rho_4/eta_3/steps_3000/realization_002_seed_1410402,final_voter_base_coarse_v1
voter,4.0,rho_4,4.0,400,3.0,4,3000,1410403,3,0,3.48,data/pilots/final_voter_base_coarse_v1/voter/rho_4/eta_3/steps_3000/realization_003_seed_1410403,final_voter_base_coarse_v1
voter,4.0,rho_4,4.0,400,3.0,4,3000,1410404,4,0,3.4965,data/pilots/final_voter_base_coarse_v1/voter/rho_4/eta_3/steps_3000/realization_004_seed_1410404,final_voter_base_coarse_v1
voter,4.0,rho_4,4.0,400,3.0,4,3000,1410405,5,0,3.4303,data/pilots/final_voter_base_coarse_v1/voter/rho_4/eta_3/steps_3000/realization_005_seed_1410405,final_voter_base_coarse_v1
voter,4.0,rho_4,4.0,400,3.0,4,3000,1410406,6,0,3.5091,data/pilots/final_voter_base_coarse_v1/voter/rho_4/eta_3/steps_3000/realization_006_seed_1410406,final_voter_base_coarse_v1
voter,4.0,rho_4,4.0,400,3.0,4,3000,1410407,7,0,3.4335,data/pilots/final_voter_base_coarse_v1/voter/rho_4/eta_3/steps_3000/realization_007_seed_1410407,final_voter_base_coarse_v1
voter,4.0,rho_4,4.0,400,3.0,4,3000,1410408,8,0,3.4642,data/pilots/final_voter_base_coarse_v1/voter/rho_4/eta_3/steps_3000/realization_008_seed_1410408,final_voter_base_coarse_v1
voter,4.0,rho_4,4.0,400,3.0,4,3000,1410409,9,0,3.4379,data/pilots/final_voter_base_coarse_v1/voter/rho_4/eta_3/steps_3000/realization_009_seed_1410409,final_voter_base_coarse_v1
voter,4.0,rho_4,4.0,400,3.0,4,3000,1410410,10,0,3.4463,data/pilots/final_voter_base_coarse_v1/voter/rho_4/eta_3/steps_3000/realization_010_seed_1410410,final_voter_base_coarse_v1
voter,4.0,rho_4,4.0,400,3.0,4,3000,1410411,11,0,3.5497,data/pilots/final_voter_base_coarse_v1/voter/rho_4/eta_3/steps_3000/realization_011_seed_1410411,final_voter_base_coarse_v1
voter,4.0,rho_4,4.0,400,3.0,4,3000,1410412,12,0,3.5093,data/pilots/final_voter_base_coarse_v1/voter/rho_4/eta_3/steps_3000/realization_012_seed_1410412,final_voter_base_coarse_v1
voter,4.0,rho_4,4.0,400,3.0,4,3000,1410413,13,0,3.5639,data/pilots/final_voter_base_coarse_v1/voter/rho_4/eta_3/steps_3000/realization_013_seed_1410413,final_voter_base_coarse_v1
voter,4.0,rho_4,4.0,400,3.0,4,3000,1410414,14,0,3.5331,data/pilots/final_voter_base_coarse_v1/voter/rho_4/eta_3/steps_3000/realization_014_seed_1410414,final_voter_base_coarse_v1
voter,4.0,rho_4,4.0,400,3.0,4,3000,1410415,15,0,3.6008,data/pilots/final_voter_base_coarse_v1/voter/rho_4/eta_3/steps_3000/realization_015_seed_1410415,final_voter_base_coarse_v1
voter,4.0,rho_4,4.0,400,3.0,4,3000,1410416,16,0,3.5063,data/pilots/final_voter_base_coarse_v1/voter/rho_4/eta_3/steps_3000/realization_016_seed_1410416,final_voter_base_coarse_v1
voter,4.0,rho_4,4.0,400,3.0,4,3000,1410417,17,0,3.4613,data/pilots/final_voter_base_coarse_v1/voter/rho_4/eta_3/steps_3000/realization_017_seed_1410417,final_voter_base_coarse_v1
voter,4.0,rho_4,4.0,400,3.0,4,3000,1410418,18,0,3.5497,data/pilots/final_voter_base_coarse_v1/voter/rho_4/eta_3/steps_3000/realization_018_seed_1410418,final_voter_base_coarse_v1
voter,4.0,rho_4,4.0,400,3.0,4,3000,1410419,19,0,3.4869,data/pilots/final_voter_base_coarse_v1/voter/rho_4/eta_3/steps_3000/realization_019_seed_1410419,final_voter_base_coarse_v1
voter,4.0,rho_4,,400,3.2,10,3000,1861000,0,0,3.4074,,final_dense_eta_grid_steps3000_R20_v1
voter,4.0,rho_4,,400,3.2,10,3000,1861001,1,0,3.3764,,final_dense_eta_grid_steps3000_R20_v1
voter,4.0,rho_4,,400,3.2,10,3000,1861002,2,0,3.3408,,final_dense_eta_grid_steps3000_R20_v1
voter,4.0,rho_4,,400,3.2,10,3000,1861003,3,0,3.4259,,final_dense_eta_grid_steps3000_R20_v1
voter,4.0,rho_4,,400,3.2,10,3000,1861004,4,0,3.374,,final_dense_eta_grid_steps3000_R20_v1
voter,4.0,rho_4,,400,3.2,10,3000,1861005,5,0,3.4199,,final_dense_eta_grid_steps3000_R20_v1
voter,4.0,rho_4,,400,3.2,10,3000,1861006,6,0,3.28,,final_dense_eta_grid_steps3000_R20_v1
voter,4.0,rho_4,,400,3.2,10,3000,1861007,7,0,3.386,,final_dense_eta_grid_steps3000_R20_v1
voter,4.0,rho_4,,400,3.2,10,3000,1861008,8,0,3.4171,,final_dense_eta_grid_steps3000_R20_v1
voter,4.0,rho_4,,400,3.2,10,3000,1861009,9,0,3.367,,final_dense_eta_grid_steps3000_R20_v1
voter,4.0,rho_4,,400,3.2,10,3000,1861010,10,0,3.3797,,final_dense_eta_grid_steps3000_R20_v1
voter,4.0,rho_4,,400,3.2,10,3000,1861011,11,0,3.3625,,final_dense_eta_grid_steps3000_R20_v1
voter,4.0,rho_4,,400,3.2,10,3000,1861012,12,0,3.3865,,final_dense_eta_grid_steps3000_R20_v1
voter,4.0,rho_4,,400,3.2,10,3000,1861013,13,0,3.35,,final_dense_eta_grid_steps3000_R20_v1
voter,4.0,rho_4,,400,3.2,10,3000,1861014,14,0,3.3944,,final_dense_eta_grid_steps3000_R20_v1
voter,4.0,rho_4,,400,3.2,10,3000,1861015,15,0,3.379,,final_dense_eta_grid_steps3000_R20_v1
voter,4.0,rho_4,,400,3.2,10,3000,1861016,16,0,3.4164,,final_dense_eta_grid_steps3000_R20_v1
voter,4.0,rho_4,,400,3.2,10,3000,1861017,17,0,3.4016,,final_dense_eta_grid_steps3000_R20_v1
voter,4.0,rho_4,,400,3.2,10,3000,1861018,18,0,3.3039,,final_dense_eta_grid_steps3000_R20_v1
voter,4.0,rho_4,,400,3.2,10,3000,1861019,19,0,3.3743,,final_dense_eta_grid_steps3000_R20_v1
voter,4.0,rho_4,,400,3.4,11,3000,1861100,0,0,3.3868,,final_dense_eta_grid_steps3000_R20_v1
voter,4.0,rho_4,,400,3.4,11,3000,1861101,1,0,3.3102,,final_dense_eta_grid_steps3000_R20_v1
voter,4.0,rho_4,,400,3.4,11,3000,1861102,2,0,3.4377,,final_dense_eta_grid_steps3000_R20_v1
voter,4.0,rho_4,,400,3.4,11,3000,1861103,3,0,3.3635,,final_dense_eta_grid_steps3000_R20_v1
voter,4.0,rho_4,,400,3.4,11,3000,1861104,4,0,3.3683,,final_dense_eta_grid_steps3000_R20_v1
voter,4.0,rho_4,,400,3.4,11,3000,1861105,5,0,3.3233,,final_dense_eta_grid_steps3000_R20_v1
voter,4.0,rho_4,,400,3.4,11,3000,1861106,6,0,3.3633,,final_dense_eta_grid_steps3000_R20_v1
voter,4.0,rho_4,,400,3.4,11,3000,1861107,7,0,3.3821,,final_dense_eta_grid_steps3000_R20_v1
voter,4.0,rho_4,,400,3.4,11,3000,1861108,8,0,3.3942,,final_dense_eta_grid_steps3000_R20_v1
voter,4.0,rho_4,,400,3.4,11,3000,1861109,9,0,3.3923,,final_dense_eta_grid_steps3000_R20_v1
voter,4.0,rho_4,,400,3.4,11,3000,1861110,10,0,3.4029,,final_dense_eta_grid_steps3000_R20_v1
voter,4.0,rho_4,,400,3.4,11,3000,1861111,11,0,3.3604,,final_dense_eta_grid_steps3000_R20_v1
voter,4.0,rho_4,,400,3.4,11,3000,1861112,12,0,3.3749,,final_dense_eta_grid_steps3000_R20_v1
voter,4.0,rho_4,,400,3.4,11,3000,1861113,13,0,3.3151,,final_dense_eta_grid_steps3000_R20_v1
voter,4.0,rho_4,,400,3.4,11,3000,1861114,14,0,3.3903,,final_dense_eta_grid_steps3000_R20_v1
voter,4.0,rho_4,,400,3.4,11,3000,1861115,15,0,3.343,,final_dense_eta_grid_steps3000_R20_v1
voter,4.0,rho_4,,400,3.4,11,3000,1861116,16,0,3.3366,,final_dense_eta_grid_steps3000_R20_v1
voter,4.0,rho_4,,400,3.4,11,3000,1861117,17,0,3.3988,,final_dense_eta_grid_steps3000_R20_v1
voter,4.0,rho_4,,400,3.4,11,3000,1861118,18,0,3.4343,,final_dense_eta_grid_steps3000_R20_v1
voter,4.0,rho_4,,400,3.4,11,3000,1861119,19,0,3.3713,,final_dense_eta_grid_steps3000_R20_v1
voter,4.0,rho_4,,400,3.6,12,3000,1861200,0,0,3.3911,,final_dense_eta_grid_steps3000_R20_v1
voter,4.0,rho_4,,400,3.6,12,3000,1861201,1,0,3.3953,,final_dense_eta_grid_steps3000_R20_v1
voter,4.0,rho_4,,400,3.6,12,3000,1861202,2,0,3.504,,final_dense_eta_grid_steps3000_R20_v1
voter,4.0,rho_4,,400,3.6,12,3000,1861203,3,0,3.5016,,final_dense_eta_grid_steps3000_R20_v1
voter,4.0,rho_4,,400,3.6,12,3000,1861204,4,0,3.6532,,final_dense_eta_grid_steps3000_R20_v1
voter,4.0,rho_4,,400,3.6,12,3000,1861205,5,0,3.4338,,final_dense_eta_grid_steps3000_R20_v1
voter,4.0,rho_4,,400,3.6,12,3000,1861206,6,0,3.4794,,final_dense_eta_grid_steps3000_R20_v1
voter,4.0,rho_4,,400,3.6,12,3000,1861207,7,0,3.5381,,final_dense_eta_grid_steps3000_R20_v1
voter,4.0,rho_4,,400,3.6,12,3000,1861208,8,0,3.5322,,final_dense_eta_grid_steps3000_R20_v1
voter,4.0,rho_4,,400,3.6,12,3000,1861209,9,0,3.6167,,final_dense_eta_grid_steps3000_R20_v1
voter,4.0,rho_4,,400,3.6,12,3000,1861210,10,0,3.6223,,final_dense_eta_grid_steps3000_R20_v1
voter,4.0,rho_4,,400,3.6,12,3000,1861211,11,0,3.6076,,final_dense_eta_grid_steps3000_R20_v1
voter,4.0,rho_4,,400,3.6,12,3000,1861212,12,0,3.5064,,final_dense_eta_grid_steps3000_R20_v1
voter,4.0,rho_4,,400,3.6,12,3000,1861213,13,0,3.4391,,final_dense_eta_grid_steps3000_R20_v1
voter,4.0,rho_4,,400,3.6,12,3000,1861214,14,0,3.4574,,final_dense_eta_grid_steps3000_R20_v1
voter,4.0,rho_4,,400,3.6,12,3000,1861215,15,0,3.4309,,final_dense_eta_grid_steps3000_R20_v1
voter,4.0,rho_4,,400,3.6,12,3000,1861216,16,0,3.4751,,final_dense_eta_grid_steps3000_R20_v1
voter,4.0,rho_4,,400,3.6,12,3000,1861217,17,0,3.4406,,final_dense_eta_grid_steps3000_R20_v1
voter,4.0,rho_4,,400,3.6,12,3000,1861218,18,0,3.4063,,final_dense_eta_grid_steps3000_R20_v1
voter,4.0,rho_4,,400,3.6,12,3000,1861219,19,0,3.3742,,final_dense_eta_grid_steps3000_R20_v1
voter,4.0,rho_4,,400,3.8,13,3000,1861300,0,0,3.3512,,final_dense_eta_grid_steps3000_R20_v1
voter,4.0,rho_4,,400,3.8,13,3000,1861301,1,0,3.3307,,final_dense_eta_grid_steps3000_R20_v1
voter,4.0,rho_4,,400,3.8,13,3000,1861302,2,0,3.3606,,final_dense_eta_grid_steps3000_R20_v1
voter,4.0,rho_4,,400,3.8,13,3000,1861303,3,0,3.3112,,final_dense_eta_grid_steps3000_R20_v1
voter,4.0,rho_4,,400,3.8,13,3000,1861304,4,0,3.3461,,final_dense_eta_grid_steps3000_R20_v1
voter,4.0,rho_4,,400,3.8,13,3000,1861305,5,0,3.3035,,final_dense_eta_grid_steps3000_R20_v1
voter,4.0,rho_4,,400,3.8,13,3000,1861306,6,0,3.3326,,final_dense_eta_grid_steps3000_R20_v1
voter,4.0,rho_4,,400,3.8,13,3000,1861307,7,0,3.394,,final_dense_eta_grid_steps3000_R20_v1
voter,4.0,rho_4,,400,3.8,13,3000,1861308,8,0,3.3382,,final_dense_eta_grid_steps3000_R20_v1
voter,4.0,rho_4,,400,3.8,13,3000,1861309,9,0,3.4466,,final_dense_eta_grid_steps3000_R20_v1
voter,4.0,rho_4,,400,3.8,13,3000,1861310,10,0,3.3316,,final_dense_eta_grid_steps3000_R20_v1
voter,4.0,rho_4,,400,3.8,13,3000,1861311,11,0,3.3999,,final_dense_eta_grid_steps3000_R20_v1
voter,4.0,rho_4,,400,3.8,13,3000,1861312,12,0,3.366,,final_dense_eta_grid_steps3000_R20_v1
voter,4.0,rho_4,,400,3.8,13,3000,1861313,13,0,3.3543,,final_dense_eta_grid_steps3000_R20_v1
voter,4.0,rho_4,,400,3.8,13,3000,1861314,14,0,3.406,,final_dense_eta_grid_steps3000_R20_v1
voter,4.0,rho_4,,400,3.8,13,3000,1861315,15,0,3.3944,,final_dense_eta_grid_steps3000_R20_v1
voter,4.0,rho_4,,400,3.8,13,3000,1861316,16,0,3.3532,,final_dense_eta_grid_steps3000_R20_v1
voter,4.0,rho_4,,400,3.8,13,3000,1861317,17,0,3.356,,final_dense_eta_grid_steps3000_R20_v1
voter,4.0,rho_4,,400,3.8,13,3000,1861318,18,0,3.4062,,final_dense_eta_grid_steps3000_R20_v1
voter,4.0,rho_4,,400,3.8,13,3000,1861319,19,0,3.2758,,final_dense_eta_grid_steps3000_R20_v1
voter,4.0,rho_4,4.0,400,4.0,5,3000,1410500,0,0,3.5215,data/pilots/final_voter_base_coarse_v1/voter/rho_4/eta_4/steps_3000/realization_000_seed_1410500,final_voter_base_coarse_v1
voter,4.0,rho_4,4.0,400,4.0,5,3000,1410501,1,0,3.4854,data/pilots/final_voter_base_coarse_v1/voter/rho_4/eta_4/steps_3000/realization_001_seed_1410501,final_voter_base_coarse_v1
voter,4.0,rho_4,4.0,400,4.0,5,3000,1410502,2,0,3.4572,data/pilots/final_voter_base_coarse_v1/voter/rho_4/eta_4/steps_3000/realization_002_seed_1410502,final_voter_base_coarse_v1
voter,4.0,rho_4,4.0,400,4.0,5,3000,1410503,3,0,3.4496,data/pilots/final_voter_base_coarse_v1/voter/rho_4/eta_4/steps_3000/realization_003_seed_1410503,final_voter_base_coarse_v1
voter,4.0,rho_4,4.0,400,4.0,5,3000,1410504,4,0,3.4976,data/pilots/final_voter_base_coarse_v1/voter/rho_4/eta_4/steps_3000/realization_004_seed_1410504,final_voter_base_coarse_v1
voter,4.0,rho_4,4.0,400,4.0,5,3000,1410505,5,0,3.4621,data/pilots/final_voter_base_coarse_v1/voter/rho_4/eta_4/steps_3000/realization_005_seed_1410505,final_voter_base_coarse_v1
voter,4.0,rho_4,4.0,400,4.0,5,3000,1410506,6,0,3.373,data/pilots/final_voter_base_coarse_v1/voter/rho_4/eta_4/steps_3000/realization_006_seed_1410506,final_voter_base_coarse_v1
voter,4.0,rho_4,4.0,400,4.0,5,3000,1410507,7,0,3.4571,data/pilots/final_voter_base_coarse_v1/voter/rho_4/eta_4/steps_3000/realization_007_seed_1410507,final_voter_base_coarse_v1
voter,4.0,rho_4,4.0,400,4.0,5,3000,1410508,8,0,3.4358,data/pilots/final_voter_base_coarse_v1/voter/rho_4/eta_4/steps_3000/realization_008_seed_1410508,final_voter_base_coarse_v1
voter,4.0,rho_4,4.0,400,4.0,5,3000,1410509,9,0,3.3858,data/pilots/final_voter_base_coarse_v1/voter/rho_4/eta_4/steps_3000/realization_009_seed_1410509,final_voter_base_coarse_v1
voter,4.0,rho_4,4.0,400,4.0,5,3000,1410510,10,0,3.495,data/pilots/final_voter_base_coarse_v1/voter/rho_4/eta_4/steps_3000/realization_010_seed_1410510,final_voter_base_coarse_v1
voter,4.0,rho_4,4.0,400,4.0,5,3000,1410511,11,0,3.4581,data/pilots/final_voter_base_coarse_v1/voter/rho_4/eta_4/steps_3000/realization_011_seed_1410511,final_voter_base_coarse_v1
voter,4.0,rho_4,4.0,400,4.0,5,3000,1410512,12,0,3.4655,data/pilots/final_voter_base_coarse_v1/voter/rho_4/eta_4/steps_3000/realization_012_seed_1410512,final_voter_base_coarse_v1
voter,4.0,rho_4,4.0,400,4.0,5,3000,1410513,13,0,3.4582,data/pilots/final_voter_base_coarse_v1/voter/rho_4/eta_4/steps_3000/realization_013_seed_1410513,final_voter_base_coarse_v1
voter,4.0,rho_4,4.0,400,4.0,5,3000,1410514,14,0,3.3823,data/pilots/final_voter_base_coarse_v1/voter/rho_4/eta_4/steps_3000/realization_014_seed_1410514,final_voter_base_coarse_v1
voter,4.0,rho_4,4.0,400,4.0,5,3000,1410515,15,0,3.367,data/pilots/final_voter_base_coarse_v1/voter/rho_4/eta_4/steps_3000/realization_015_seed_1410515,final_voter_base_coarse_v1
voter,4.0,rho_4,4.0,400,4.0,5,3000,1410516,16,0,3.4567,data/pilots/final_voter_base_coarse_v1/voter/rho_4/eta_4/steps_3000/realization_016_seed_1410516,final_voter_base_coarse_v1
voter,4.0,rho_4,4.0,400,4.0,5,3000,1410517,17,0,3.4354,data/pilots/final_voter_base_coarse_v1/voter/rho_4/eta_4/steps_3000/realization_017_seed_1410517,final_voter_base_coarse_v1
voter,4.0,rho_4,4.0,400,4.0,5,3000,1410518,18,0,3.4574,data/pilots/final_voter_base_coarse_v1/voter/rho_4/eta_4/steps_3000/realization_018_seed_1410518,final_voter_base_coarse_v1
voter,4.0,rho_4,4.0,400,4.0,5,3000,1410519,19,0,3.4585,data/pilots/final_voter_base_coarse_v1/voter/rho_4/eta_4/steps_3000/realization_019_seed_1410519,final_voter_base_coarse_v1
voter,4.0,rho_4,,400,4.2,14,3000,1861400,0,0,3.3501,,final_dense_eta_grid_steps3000_R20_v1
voter,4.0,rho_4,,400,4.2,14,3000,1861401,1,0,3.2756,,final_dense_eta_grid_steps3000_R20_v1
voter,4.0,rho_4,,400,4.2,14,3000,1861402,2,0,3.3082,,final_dense_eta_grid_steps3000_R20_v1
voter,4.0,rho_4,,400,4.2,14,3000,1861403,3,0,3.3591,,final_dense_eta_grid_steps3000_R20_v1
voter,4.0,rho_4,,400,4.2,14,3000,1861404,4,0,3.2919,,final_dense_eta_grid_steps3000_R20_v1
voter,4.0,rho_4,,400,4.2,14,3000,1861405,5,0,3.3694,,final_dense_eta_grid_steps3000_R20_v1
voter,4.0,rho_4,,400,4.2,14,3000,1861406,6,0,3.3103,,final_dense_eta_grid_steps3000_R20_v1
voter,4.0,rho_4,,400,4.2,14,3000,1861407,7,0,3.3484,,final_dense_eta_grid_steps3000_R20_v1
voter,4.0,rho_4,,400,4.2,14,3000,1861408,8,0,3.3023,,final_dense_eta_grid_steps3000_R20_v1
voter,4.0,rho_4,,400,4.2,14,3000,1861409,9,0,3.3743,,final_dense_eta_grid_steps3000_R20_v1
voter,4.0,rho_4,,400,4.2,14,3000,1861410,10,0,3.3047,,final_dense_eta_grid_steps3000_R20_v1
voter,4.0,rho_4,,400,4.2,14,3000,1861411,11,0,3.356,,final_dense_eta_grid_steps3000_R20_v1
voter,4.0,rho_4,,400,4.2,14,3000,1861412,12,0,3.2887,,final_dense_eta_grid_steps3000_R20_v1
voter,4.0,rho_4,,400,4.2,14,3000,1861413,13,0,3.3563,,final_dense_eta_grid_steps3000_R20_v1
voter,4.0,rho_4,,400,4.2,14,3000,1861414,14,0,3.3692,,final_dense_eta_grid_steps3000_R20_v1
voter,4.0,rho_4,,400,4.2,14,3000,1861415,15,0,3.3206,,final_dense_eta_grid_steps3000_R20_v1
voter,4.0,rho_4,,400,4.2,14,3000,1861416,16,0,3.3436,,final_dense_eta_grid_steps3000_R20_v1
voter,4.0,rho_4,,400,4.2,14,3000,1861417,17,0,3.3544,,final_dense_eta_grid_steps3000_R20_v1
voter,4.0,rho_4,,400,4.2,14,3000,1861418,18,0,3.3976,,final_dense_eta_grid_steps3000_R20_v1
voter,4.0,rho_4,,400,4.2,14,3000,1861419,19,0,3.3476,,final_dense_eta_grid_steps3000_R20_v1
voter,4.0,rho_4,,400,4.4,15,3000,1861500,0,0,3.3701,,final_dense_eta_grid_steps3000_R20_v1
voter,4.0,rho_4,,400,4.4,15,3000,1861501,1,0,3.4434,,final_dense_eta_grid_steps3000_R20_v1
voter,4.0,rho_4,,400,4.4,15,3000,1861502,2,0,3.3207,,final_dense_eta_grid_steps3000_R20_v1
voter,4.0,rho_4,,400,4.4,15,3000,1861503,3,0,3.2738,,final_dense_eta_grid_steps3000_R20_v1
voter,4.0,rho_4,,400,4.4,15,3000,1861504,4,0,3.4118,,final_dense_eta_grid_steps3000_R20_v1
voter,4.0,rho_4,,400,4.4,15,3000,1861505,5,0,3.3051,,final_dense_eta_grid_steps3000_R20_v1
voter,4.0,rho_4,,400,4.4,15,3000,1861506,6,0,3.3626,,final_dense_eta_grid_steps3000_R20_v1
voter,4.0,rho_4,,400,4.4,15,3000,1861507,7,0,3.3135,,final_dense_eta_grid_steps3000_R20_v1
voter,4.0,rho_4,,400,4.4,15,3000,1861508,8,0,3.3021,,final_dense_eta_grid_steps3000_R20_v1
voter,4.0,rho_4,,400,4.4,15,3000,1861509,9,0,3.2223,,final_dense_eta_grid_steps3000_R20_v1
voter,4.0,rho_4,,400,4.4,15,3000,1861510,10,0,3.2839,,final_dense_eta_grid_steps3000_R20_v1
voter,4.0,rho_4,,400,4.4,15,3000,1861511,11,0,3.3504,,final_dense_eta_grid_steps3000_R20_v1
voter,4.0,rho_4,,400,4.4,15,3000,1861512,12,0,3.2884,,final_dense_eta_grid_steps3000_R20_v1
voter,4.0,rho_4,,400,4.4,15,3000,1861513,13,0,3.3385,,final_dense_eta_grid_steps3000_R20_v1
voter,4.0,rho_4,,400,4.4,15,3000,1861514,14,0,3.3065,,final_dense_eta_grid_steps3000_R20_v1
voter,4.0,rho_4,,400,4.4,15,3000,1861515,15,0,3.2441,,final_dense_eta_grid_steps3000_R20_v1
voter,4.0,rho_4,,400,4.4,15,3000,1861516,16,0,3.2577,,final_dense_eta_grid_steps3000_R20_v1
voter,4.0,rho_4,,400,4.4,15,3000,1861517,17,0,3.3154,,final_dense_eta_grid_steps3000_R20_v1
voter,4.0,rho_4,,400,4.4,15,3000,1861518,18,0,3.281,,final_dense_eta_grid_steps3000_R20_v1
voter,4.0,rho_4,,400,4.4,15,3000,1861519,19,0,3.3619,,final_dense_eta_grid_steps3000_R20_v1
voter,4.0,rho_4,,400,4.6,16,3000,1861600,0,0,3.4764,,final_dense_eta_grid_steps3000_R20_v1
voter,4.0,rho_4,,400,4.6,16,3000,1861601,1,0,3.5356,,final_dense_eta_grid_steps3000_R20_v1
voter,4.0,rho_4,,400,4.6,16,3000,1861602,2,0,3.515,,final_dense_eta_grid_steps3000_R20_v1
voter,4.0,rho_4,,400,4.6,16,3000,1861603,3,0,3.3695,,final_dense_eta_grid_steps3000_R20_v1
voter,4.0,rho_4,,400,4.6,16,3000,1861604,4,0,3.5162,,final_dense_eta_grid_steps3000_R20_v1
voter,4.0,rho_4,,400,4.6,16,3000,1861605,5,0,3.5098,,final_dense_eta_grid_steps3000_R20_v1
voter,4.0,rho_4,,400,4.6,16,3000,1861606,6,0,3.5213,,final_dense_eta_grid_steps3000_R20_v1
voter,4.0,rho_4,,400,4.6,16,3000,1861607,7,0,3.5153,,final_dense_eta_grid_steps3000_R20_v1
voter,4.0,rho_4,,400,4.6,16,3000,1861608,8,0,3.4274,,final_dense_eta_grid_steps3000_R20_v1
voter,4.0,rho_4,,400,4.6,16,3000,1861609,9,0,3.4003,,final_dense_eta_grid_steps3000_R20_v1
voter,4.0,rho_4,,400,4.6,16,3000,1861610,10,0,3.3893,,final_dense_eta_grid_steps3000_R20_v1
voter,4.0,rho_4,,400,4.6,16,3000,1861611,11,0,3.3116,,final_dense_eta_grid_steps3000_R20_v1
voter,4.0,rho_4,,400,4.6,16,3000,1861612,12,0,3.3621,,final_dense_eta_grid_steps3000_R20_v1
voter,4.0,rho_4,,400,4.6,16,3000,1861613,13,0,3.2815,,final_dense_eta_grid_steps3000_R20_v1
voter,4.0,rho_4,,400,4.6,16,3000,1861614,14,0,3.3376,,final_dense_eta_grid_steps3000_R20_v1
voter,4.0,rho_4,,400,4.6,16,3000,1861615,15,0,3.3568,,final_dense_eta_grid_steps3000_R20_v1
voter,4.0,rho_4,,400,4.6,16,3000,1861616,16,0,3.3734,,final_dense_eta_grid_steps3000_R20_v1
voter,4.0,rho_4,,400,4.6,16,3000,1861617,17,0,3.3456,,final_dense_eta_grid_steps3000_R20_v1
voter,4.0,rho_4,,400,4.6,16,3000,1861618,18,0,3.3527,,final_dense_eta_grid_steps3000_R20_v1
voter,4.0,rho_4,,400,4.6,16,3000,1861619,19,0,3.2935,,final_dense_eta_grid_steps3000_R20_v1
voter,4.0,rho_4,,400,4.8,17,3000,1861700,0,0,3.2809,,final_dense_eta_grid_steps3000_R20_v1
voter,4.0,rho_4,,400,4.8,17,3000,1861701,1,0,3.2971,,final_dense_eta_grid_steps3000_R20_v1
voter,4.0,rho_4,,400,4.8,17,3000,1861702,2,0,3.3145,,final_dense_eta_grid_steps3000_R20_v1
voter,4.0,rho_4,,400,4.8,17,3000,1861703,3,0,3.2125,,final_dense_eta_grid_steps3000_R20_v1
voter,4.0,rho_4,,400,4.8,17,3000,1861704,4,0,3.2721,,final_dense_eta_grid_steps3000_R20_v1
voter,4.0,rho_4,,400,4.8,17,3000,1861705,5,0,3.2734,,final_dense_eta_grid_steps3000_R20_v1
voter,4.0,rho_4,,400,4.8,17,3000,1861706,6,0,3.3101,,final_dense_eta_grid_steps3000_R20_v1
voter,4.0,rho_4,,400,4.8,17,3000,1861707,7,0,3.2935,,final_dense_eta_grid_steps3000_R20_v1
voter,4.0,rho_4,,400,4.8,17,3000,1861708,8,0,3.2781,,final_dense_eta_grid_steps3000_R20_v1
voter,4.0,rho_4,,400,4.8,17,3000,1861709,9,0,3.2951,,final_dense_eta_grid_steps3000_R20_v1
voter,4.0,rho_4,,400,4.8,17,3000,1861710,10,0,3.2697,,final_dense_eta_grid_steps3000_R20_v1
voter,4.0,rho_4,,400,4.8,17,3000,1861711,11,0,3.2661,,final_dense_eta_grid_steps3000_R20_v1
voter,4.0,rho_4,,400,4.8,17,3000,1861712,12,0,3.3067,,final_dense_eta_grid_steps3000_R20_v1
voter,4.0,rho_4,,400,4.8,17,3000,1861713,13,0,3.24,,final_dense_eta_grid_steps3000_R20_v1
voter,4.0,rho_4,,400,4.8,17,3000,1861714,14,0,3.2779,,final_dense_eta_grid_steps3000_R20_v1
voter,4.0,rho_4,,400,4.8,17,3000,1861715,15,0,3.2869,,final_dense_eta_grid_steps3000_R20_v1
voter,4.0,rho_4,,400,4.8,17,3000,1861716,16,0,3.2448,,final_dense_eta_grid_steps3000_R20_v1
voter,4.0,rho_4,,400,4.8,17,3000,1861717,17,0,3.1842,,final_dense_eta_grid_steps3000_R20_v1
voter,4.0,rho_4,,400,4.8,17,3000,1861718,18,0,3.3203,,final_dense_eta_grid_steps3000_R20_v1
voter,4.0,rho_4,,400,4.8,17,3000,1861719,19,0,3.2906,,final_dense_eta_grid_steps3000_R20_v1
voter,4.0,rho_4,4.0,400,5.0,6,3000,1410600,0,0,3.489,data/pilots/final_voter_base_coarse_v1/voter/rho_4/eta_5/steps_3000/realization_000_seed_1410600,final_voter_base_coarse_v1
voter,4.0,rho_4,4.0,400,5.0,6,3000,1410601,1,0,3.3703,data/pilots/final_voter_base_coarse_v1/voter/rho_4/eta_5/steps_3000/realization_001_seed_1410601,final_voter_base_coarse_v1
voter,4.0,rho_4,4.0,400,5.0,6,3000,1410602,2,0,3.4324,data/pilots/final_voter_base_coarse_v1/voter/rho_4/eta_5/steps_3000/realization_002_seed_1410602,final_voter_base_coarse_v1
voter,4.0,rho_4,4.0,400,5.0,6,3000,1410603,3,0,3.4677,data/pilots/final_voter_base_coarse_v1/voter/rho_4/eta_5/steps_3000/realization_003_seed_1410603,final_voter_base_coarse_v1
voter,4.0,rho_4,4.0,400,5.0,6,3000,1410604,4,0,3.4371,data/pilots/final_voter_base_coarse_v1/voter/rho_4/eta_5/steps_3000/realization_004_seed_1410604,final_voter_base_coarse_v1
voter,4.0,rho_4,4.0,400,5.0,6,3000,1410605,5,0,3.4794,data/pilots/final_voter_base_coarse_v1/voter/rho_4/eta_5/steps_3000/realization_005_seed_1410605,final_voter_base_coarse_v1
voter,4.0,rho_4,4.0,400,5.0,6,3000,1410606,6,0,3.3784,data/pilots/final_voter_base_coarse_v1/voter/rho_4/eta_5/steps_3000/realization_006_seed_1410606,final_voter_base_coarse_v1
voter,4.0,rho_4,4.0,400,5.0,6,3000,1410607,7,0,3.3531,data/pilots/final_voter_base_coarse_v1/voter/rho_4/eta_5/steps_3000/realization_007_seed_1410607,final_voter_base_coarse_v1
voter,4.0,rho_4,4.0,400,5.0,6,3000,1410608,8,0,3.3342,data/pilots/final_voter_base_coarse_v1/voter/rho_4/eta_5/steps_3000/realization_008_seed_1410608,final_voter_base_coarse_v1
voter,4.0,rho_4,4.0,400,5.0,6,3000,1410609,9,0,3.353,data/pilots/final_voter_base_coarse_v1/voter/rho_4/eta_5/steps_3000/realization_009_seed_1410609,final_voter_base_coarse_v1
voter,4.0,rho_4,4.0,400,5.0,6,3000,1410610,10,0,3.3611,data/pilots/final_voter_base_coarse_v1/voter/rho_4/eta_5/steps_3000/realization_010_seed_1410610,final_voter_base_coarse_v1
voter,4.0,rho_4,4.0,400,5.0,6,3000,1410611,11,0,3.3701,data/pilots/final_voter_base_coarse_v1/voter/rho_4/eta_5/steps_3000/realization_011_seed_1410611,final_voter_base_coarse_v1
voter,4.0,rho_4,4.0,400,5.0,6,3000,1410612,12,0,3.4852,data/pilots/final_voter_base_coarse_v1/voter/rho_4/eta_5/steps_3000/realization_012_seed_1410612,final_voter_base_coarse_v1
voter,4.0,rho_4,4.0,400,5.0,6,3000,1410613,13,0,3.3688,data/pilots/final_voter_base_coarse_v1/voter/rho_4/eta_5/steps_3000/realization_013_seed_1410613,final_voter_base_coarse_v1
voter,4.0,rho_4,4.0,400,5.0,6,3000,1410614,14,0,3.4743,data/pilots/final_voter_base_coarse_v1/voter/rho_4/eta_5/steps_3000/realization_014_seed_1410614,final_voter_base_coarse_v1
voter,4.0,rho_4,4.0,400,5.0,6,3000,1410615,15,0,3.3236,data/pilots/final_voter_base_coarse_v1/voter/rho_4/eta_5/steps_3000/realization_015_seed_1410615,final_voter_base_coarse_v1
voter,4.0,rho_4,4.0,400,5.0,6,3000,1410616,16,0,3.4352,data/pilots/final_voter_base_coarse_v1/voter/rho_4/eta_5/steps_3000/realization_016_seed_1410616,final_voter_base_coarse_v1
voter,4.0,rho_4,4.0,400,5.0,6,3000,1410617,17,0,3.3325,data/pilots/final_voter_base_coarse_v1/voter/rho_4/eta_5/steps_3000/realization_017_seed_1410617,final_voter_base_coarse_v1
voter,4.0,rho_4,4.0,400,5.0,6,3000,1410618,18,0,3.3694,data/pilots/final_voter_base_coarse_v1/voter/rho_4/eta_5/steps_3000/realization_018_seed_1410618,final_voter_base_coarse_v1
voter,4.0,rho_4,4.0,400,5.0,6,3000,1410619,19,0,3.4139,data/pilots/final_voter_base_coarse_v1/voter/rho_4/eta_5/steps_3000/realization_019_seed_1410619,final_voter_base_coarse_v1
voter,4.0,rho_4,,400,5.2,18,3000,1861800,0,0,3.2922,,final_dense_eta_grid_steps3000_R20_v1
voter,4.0,rho_4,,400,5.2,18,3000,1861801,1,0,3.3237,,final_dense_eta_grid_steps3000_R20_v1
voter,4.0,rho_4,,400,5.2,18,3000,1861802,2,0,3.2412,,final_dense_eta_grid_steps3000_R20_v1
voter,4.0,rho_4,,400,5.2,18,3000,1861803,3,0,3.3012,,final_dense_eta_grid_steps3000_R20_v1
voter,4.0,rho_4,,400,5.2,18,3000,1861804,4,0,3.3433,,final_dense_eta_grid_steps3000_R20_v1
voter,4.0,rho_4,,400,5.2,18,3000,1861805,5,0,3.3619,,final_dense_eta_grid_steps3000_R20_v1
voter,4.0,rho_4,,400,5.2,18,3000,1861806,6,0,3.3047,,final_dense_eta_grid_steps3000_R20_v1
voter,4.0,rho_4,,400,5.2,18,3000,1861807,7,0,3.3581,,final_dense_eta_grid_steps3000_R20_v1
voter,4.0,rho_4,,400,5.2,18,3000,1861808,8,0,3.3876,,final_dense_eta_grid_steps3000_R20_v1
voter,4.0,rho_4,,400,5.2,18,3000,1861809,9,0,3.315,,final_dense_eta_grid_steps3000_R20_v1
voter,4.0,rho_4,,400,5.2,18,3000,1861810,10,0,3.3467,,final_dense_eta_grid_steps3000_R20_v1
voter,4.0,rho_4,,400,5.2,18,3000,1861811,11,0,3.3537,,final_dense_eta_grid_steps3000_R20_v1
voter,4.0,rho_4,,400,5.2,18,3000,1861812,12,0,3.3509,,final_dense_eta_grid_steps3000_R20_v1
voter,4.0,rho_4,,400,5.2,18,3000,1861813,13,0,3.2905,,final_dense_eta_grid_steps3000_R20_v1
voter,4.0,rho_4,,400,5.2,18,3000,1861814,14,0,3.3544,,final_dense_eta_grid_steps3000_R20_v1
voter,4.0,rho_4,,400,5.2,18,3000,1861815,15,0,3.3345,,final_dense_eta_grid_steps3000_R20_v1
voter,4.0,rho_4,,400,5.2,18,3000,1861816,16,0,3.2973,,final_dense_eta_grid_steps3000_R20_v1
voter,4.0,rho_4,,400,5.2,18,3000,1861817,17,0,3.3188,,final_dense_eta_grid_steps3000_R20_v1
voter,4.0,rho_4,,400,5.2,18,3000,1861818,18,0,3.2819,,final_dense_eta_grid_steps3000_R20_v1
voter,4.0,rho_4,,400,5.2,18,3000,1861819,19,0,3.3133,,final_dense_eta_grid_steps3000_R20_v1
voter,4.0,rho_4,,400,5.4,19,3000,1861900,0,0,3.3156,,final_dense_eta_grid_steps3000_R20_v1
voter,4.0,rho_4,,400,5.4,19,3000,1861901,1,0,3.3888,,final_dense_eta_grid_steps3000_R20_v1
voter,4.0,rho_4,,400,5.4,19,3000,1861902,2,0,3.3696,,final_dense_eta_grid_steps3000_R20_v1
voter,4.0,rho_4,,400,5.4,19,3000,1861903,3,0,3.381,,final_dense_eta_grid_steps3000_R20_v1
voter,4.0,rho_4,,400,5.4,19,3000,1861904,4,0,3.2797,,final_dense_eta_grid_steps3000_R20_v1
voter,4.0,rho_4,,400,5.4,19,3000,1861905,5,0,3.319,,final_dense_eta_grid_steps3000_R20_v1
voter,4.0,rho_4,,400,5.4,19,3000,1861906,6,0,3.3704,,final_dense_eta_grid_steps3000_R20_v1
voter,4.0,rho_4,,400,5.4,19,3000,1861907,7,0,3.3908,,final_dense_eta_grid_steps3000_R20_v1
voter,4.0,rho_4,,400,5.4,19,3000,1861908,8,0,3.3417,,final_dense_eta_grid_steps3000_R20_v1
voter,4.0,rho_4,,400,5.4,19,3000,1861909,9,0,3.3072,,final_dense_eta_grid_steps3000_R20_v1
voter,4.0,rho_4,,400,5.4,19,3000,1861910,10,0,3.3573,,final_dense_eta_grid_steps3000_R20_v1
voter,4.0,rho_4,,400,5.4,19,3000,1861911,11,0,3.3241,,final_dense_eta_grid_steps3000_R20_v1
voter,4.0,rho_4,,400,5.4,19,3000,1861912,12,0,3.3845,,final_dense_eta_grid_steps3000_R20_v1
voter,4.0,rho_4,,400,5.4,19,3000,1861913,13,0,3.3033,,final_dense_eta_grid_steps3000_R20_v1
voter,4.0,rho_4,,400,5.4,19,3000,1861914,14,0,3.2725,,final_dense_eta_grid_steps3000_R20_v1
voter,4.0,rho_4,,400,5.4,19,3000,1861915,15,0,3.3564,,final_dense_eta_grid_steps3000_R20_v1
voter,4.0,rho_4,,400,5.4,19,3000,1861916,16,0,3.3708,,final_dense_eta_grid_steps3000_R20_v1
voter,4.0,rho_4,,400,5.4,19,3000,1861917,17,0,3.2871,,final_dense_eta_grid_steps3000_R20_v1
voter,4.0,rho_4,,400,5.4,19,3000,1861918,18,0,3.3626,,final_dense_eta_grid_steps3000_R20_v1
voter,4.0,rho_4,,400,5.4,19,3000,1861919,19,0,3.3419,,final_dense_eta_grid_steps3000_R20_v1
voter,4.0,rho_4,,400,5.6,20,3000,1862000,0,0,3.3399,,final_dense_eta_grid_steps3000_R20_v1
voter,4.0,rho_4,,400,5.6,20,3000,1862001,1,0,3.2295,,final_dense_eta_grid_steps3000_R20_v1
voter,4.0,rho_4,,400,5.6,20,3000,1862002,2,0,3.2632,,final_dense_eta_grid_steps3000_R20_v1
voter,4.0,rho_4,,400,5.6,20,3000,1862003,3,0,3.3481,,final_dense_eta_grid_steps3000_R20_v1
voter,4.0,rho_4,,400,5.6,20,3000,1862004,4,0,3.3288,,final_dense_eta_grid_steps3000_R20_v1
voter,4.0,rho_4,,400,5.6,20,3000,1862005,5,0,3.2787,,final_dense_eta_grid_steps3000_R20_v1
voter,4.0,rho_4,,400,5.6,20,3000,1862006,6,0,3.2769,,final_dense_eta_grid_steps3000_R20_v1
voter,4.0,rho_4,,400,5.6,20,3000,1862007,7,0,3.2728,,final_dense_eta_grid_steps3000_R20_v1
voter,4.0,rho_4,,400,5.6,20,3000,1862008,8,0,3.2931,,final_dense_eta_grid_steps3000_R20_v1
voter,4.0,rho_4,,400,5.6,20,3000,1862009,9,0,3.2848,,final_dense_eta_grid_steps3000_R20_v1
voter,4.0,rho_4,,400,5.6,20,3000,1862010,10,0,3.3254,,final_dense_eta_grid_steps3000_R20_v1
voter,4.0,rho_4,,400,5.6,20,3000,1862011,11,0,3.3551,,final_dense_eta_grid_steps3000_R20_v1
voter,4.0,rho_4,,400,5.6,20,3000,1862012,12,0,3.2771,,final_dense_eta_grid_steps3000_R20_v1
voter,4.0,rho_4,,400,5.6,20,3000,1862013,13,0,3.2957,,final_dense_eta_grid_steps3000_R20_v1
voter,4.0,rho_4,,400,5.6,20,3000,1862014,14,0,3.3332,,final_dense_eta_grid_steps3000_R20_v1
voter,4.0,rho_4,,400,5.6,20,3000,1862015,15,0,3.3615,,final_dense_eta_grid_steps3000_R20_v1
voter,4.0,rho_4,,400,5.6,20,3000,1862016,16,0,3.3359,,final_dense_eta_grid_steps3000_R20_v1
voter,4.0,rho_4,,400,5.6,20,3000,1862017,17,0,3.2888,,final_dense_eta_grid_steps3000_R20_v1
voter,4.0,rho_4,,400,5.6,20,3000,1862018,18,0,3.3299,,final_dense_eta_grid_steps3000_R20_v1
voter,4.0,rho_4,,400,5.6,20,3000,1862019,19,0,3.3385,,final_dense_eta_grid_steps3000_R20_v1
voter,4.0,rho_4,,400,5.8,21,3000,1862100,0,0,3.3099,,final_dense_eta_grid_steps3000_R20_v1
voter,4.0,rho_4,,400,5.8,21,3000,1862101,1,0,3.3754,,final_dense_eta_grid_steps3000_R20_v1
voter,4.0,rho_4,,400,5.8,21,3000,1862102,2,0,3.371,,final_dense_eta_grid_steps3000_R20_v1
voter,4.0,rho_4,,400,5.8,21,3000,1862103,3,0,3.3643,,final_dense_eta_grid_steps3000_R20_v1
voter,4.0,rho_4,,400,5.8,21,3000,1862104,4,0,3.3868,,final_dense_eta_grid_steps3000_R20_v1
voter,4.0,rho_4,,400,5.8,21,3000,1862105,5,0,3.3517,,final_dense_eta_grid_steps3000_R20_v1
voter,4.0,rho_4,,400,5.8,21,3000,1862106,6,0,3.4539,,final_dense_eta_grid_steps3000_R20_v1
voter,4.0,rho_4,,400,5.8,21,3000,1862107,7,0,3.4267,,final_dense_eta_grid_steps3000_R20_v1
voter,4.0,rho_4,,400,5.8,21,3000,1862108,8,0,3.4631,,final_dense_eta_grid_steps3000_R20_v1
voter,4.0,rho_4,,400,5.8,21,3000,1862109,9,0,3.4863,,final_dense_eta_grid_steps3000_R20_v1
voter,4.0,rho_4,,400,5.8,21,3000,1862110,10,0,3.4042,,final_dense_eta_grid_steps3000_R20_v1
voter,4.0,rho_4,,400,5.8,21,3000,1862111,11,0,3.3737,,final_dense_eta_grid_steps3000_R20_v1
voter,4.0,rho_4,,400,5.8,21,3000,1862112,12,0,3.3707,,final_dense_eta_grid_steps3000_R20_v1
voter,4.0,rho_4,,400,5.8,21,3000,1862113,13,0,3.3881,,final_dense_eta_grid_steps3000_R20_v1
voter,4.0,rho_4,,400,5.8,21,3000,1862114,14,0,3.374,,final_dense_eta_grid_steps3000_R20_v1
voter,4.0,rho_4,,400,5.8,21,3000,1862115,15,0,3.3554,,final_dense_eta_grid_steps3000_R20_v1
voter,4.0,rho_4,,400,5.8,21,3000,1862116,16,0,3.2982,,final_dense_eta_grid_steps3000_R20_v1
voter,4.0,rho_4,,400,5.8,21,3000,1862117,17,0,3.3795,,final_dense_eta_grid_steps3000_R20_v1
voter,4.0,rho_4,,400,5.8,21,3000,1862118,18,0,3.345,,final_dense_eta_grid_steps3000_R20_v1
voter,4.0,rho_4,,400,5.8,21,3000,1862119,19,0,3.3255,,final_dense_eta_grid_steps3000_R20_v1
voter,4.0,rho_4,4.0,400,6.0,7,3000,1410700,0,0,3.3452,data/pilots/final_voter_base_coarse_v1/voter/rho_4/eta_6/steps_3000/realization_000_seed_1410700,final_voter_base_coarse_v1
voter,4.0,rho_4,4.0,400,6.0,7,3000,1410701,1,0,3.3758,data/pilots/final_voter_base_coarse_v1/voter/rho_4/eta_6/steps_3000/realization_001_seed_1410701,final_voter_base_coarse_v1
voter,4.0,rho_4,4.0,400,6.0,7,3000,1410702,2,0,3.3699,data/pilots/final_voter_base_coarse_v1/voter/rho_4/eta_6/steps_3000/realization_002_seed_1410702,final_voter_base_coarse_v1
voter,4.0,rho_4,4.0,400,6.0,7,3000,1410703,3,0,3.4132,data/pilots/final_voter_base_coarse_v1/voter/rho_4/eta_6/steps_3000/realization_003_seed_1410703,final_voter_base_coarse_v1
voter,4.0,rho_4,4.0,400,6.0,7,3000,1410704,4,0,3.3896,data/pilots/final_voter_base_coarse_v1/voter/rho_4/eta_6/steps_3000/realization_004_seed_1410704,final_voter_base_coarse_v1
voter,4.0,rho_4,4.0,400,6.0,7,3000,1410705,5,0,3.3635,data/pilots/final_voter_base_coarse_v1/voter/rho_4/eta_6/steps_3000/realization_005_seed_1410705,final_voter_base_coarse_v1
voter,4.0,rho_4,4.0,400,6.0,7,3000,1410706,6,0,3.4036,data/pilots/final_voter_base_coarse_v1/voter/rho_4/eta_6/steps_3000/realization_006_seed_1410706,final_voter_base_coarse_v1
voter,4.0,rho_4,4.0,400,6.0,7,3000,1410707,7,0,3.3597,data/pilots/final_voter_base_coarse_v1/voter/rho_4/eta_6/steps_3000/realization_007_seed_1410707,final_voter_base_coarse_v1
voter,4.0,rho_4,4.0,400,6.0,7,3000,1410708,8,0,3.3876,data/pilots/final_voter_base_coarse_v1/voter/rho_4/eta_6/steps_3000/realization_008_seed_1410708,final_voter_base_coarse_v1
voter,4.0,rho_4,4.0,400,6.0,7,3000,1410709,9,0,3.3942,data/pilots/final_voter_base_coarse_v1/voter/rho_4/eta_6/steps_3000/realization_009_seed_1410709,final_voter_base_coarse_v1
voter,4.0,rho_4,4.0,400,6.0,7,3000,1410710,10,0,3.3536,data/pilots/final_voter_base_coarse_v1/voter/rho_4/eta_6/steps_3000/realization_010_seed_1410710,final_voter_base_coarse_v1
voter,4.0,rho_4,4.0,400,6.0,7,3000,1410711,11,0,3.4752,data/pilots/final_voter_base_coarse_v1/voter/rho_4/eta_6/steps_3000/realization_011_seed_1410711,final_voter_base_coarse_v1
voter,4.0,rho_4,4.0,400,6.0,7,3000,1410712,12,0,3.4615,data/pilots/final_voter_base_coarse_v1/voter/rho_4/eta_6/steps_3000/realization_012_seed_1410712,final_voter_base_coarse_v1
voter,4.0,rho_4,4.0,400,6.0,7,3000,1410713,13,0,3.4023,data/pilots/final_voter_base_coarse_v1/voter/rho_4/eta_6/steps_3000/realization_013_seed_1410713,final_voter_base_coarse_v1
voter,4.0,rho_4,4.0,400,6.0,7,3000,1410714,14,0,3.4672,data/pilots/final_voter_base_coarse_v1/voter/rho_4/eta_6/steps_3000/realization_014_seed_1410714,final_voter_base_coarse_v1
voter,4.0,rho_4,4.0,400,6.0,7,3000,1410715,15,0,3.4339,data/pilots/final_voter_base_coarse_v1/voter/rho_4/eta_6/steps_3000/realization_015_seed_1410715,final_voter_base_coarse_v1
voter,4.0,rho_4,4.0,400,6.0,7,3000,1410716,16,0,3.3857,data/pilots/final_voter_base_coarse_v1/voter/rho_4/eta_6/steps_3000/realization_016_seed_1410716,final_voter_base_coarse_v1
voter,4.0,rho_4,4.0,400,6.0,7,3000,1410717,17,0,3.408,data/pilots/final_voter_base_coarse_v1/voter/rho_4/eta_6/steps_3000/realization_017_seed_1410717,final_voter_base_coarse_v1
voter,4.0,rho_4,4.0,400,6.0,7,3000,1410718,18,0,3.455,data/pilots/final_voter_base_coarse_v1/voter/rho_4/eta_6/steps_3000/realization_018_seed_1410718,final_voter_base_coarse_v1
voter,4.0,rho_4,4.0,400,6.0,7,3000,1410719,19,0,3.3956,data/pilots/final_voter_base_coarse_v1/voter/rho_4/eta_6/steps_3000/realization_019_seed_1410719,final_voter_base_coarse_v1
voter,4.0,rho_4,,400,6.2,22,3000,1862200,0,0,3.2894,,final_dense_eta_grid_steps3000_R20_v1
voter,4.0,rho_4,,400,6.2,22,3000,1862201,1,0,3.3037,,final_dense_eta_grid_steps3000_R20_v1
voter,4.0,rho_4,,400,6.2,22,3000,1862202,2,0,3.3165,,final_dense_eta_grid_steps3000_R20_v1
voter,4.0,rho_4,,400,6.2,22,3000,1862203,3,0,3.2697,,final_dense_eta_grid_steps3000_R20_v1
voter,4.0,rho_4,,400,6.2,22,3000,1862204,4,0,3.2418,,final_dense_eta_grid_steps3000_R20_v1
voter,4.0,rho_4,,400,6.2,22,3000,1862205,5,0,3.2285,,final_dense_eta_grid_steps3000_R20_v1
voter,4.0,rho_4,,400,6.2,22,3000,1862206,6,0,3.2393,,final_dense_eta_grid_steps3000_R20_v1
voter,4.0,rho_4,,400,6.2,22,3000,1862207,7,0,3.2425,,final_dense_eta_grid_steps3000_R20_v1
voter,4.0,rho_4,,400,6.2,22,3000,1862208,8,0,3.2571,,final_dense_eta_grid_steps3000_R20_v1
voter,4.0,rho_4,,400,6.2,22,3000,1862209,9,0,3.3318,,final_dense_eta_grid_steps3000_R20_v1
voter,4.0,rho_4,,400,6.2,22,3000,1862210,10,0,3.2451,,final_dense_eta_grid_steps3000_R20_v1
voter,4.0,rho_4,,400,6.2,22,3000,1862211,11,0,3.2374,,final_dense_eta_grid_steps3000_R20_v1
voter,4.0,rho_4,,400,6.2,22,3000,1862212,12,0,3.2634,,final_dense_eta_grid_steps3000_R20_v1
voter,4.0,rho_4,,400,6.2,22,3000,1862213,13,0,3.2752,,final_dense_eta_grid_steps3000_R20_v1
voter,4.0,rho_4,,400,6.2,22,3000,1862214,14,0,3.2178,,final_dense_eta_grid_steps3000_R20_v1
voter,4.0,rho_4,,400,6.2,22,3000,1862215,15,0,3.3275,,final_dense_eta_grid_steps3000_R20_v1
voter,4.0,rho_4,,400,6.2,22,3000,1862216,16,0,3.2704,,final_dense_eta_grid_steps3000_R20_v1
voter,4.0,rho_4,,400,6.2,22,3000,1862217,17,0,3.2543,,final_dense_eta_grid_steps3000_R20_v1
voter,4.0,rho_4,,400,6.2,22,3000,1862218,18,0,3.2119,,final_dense_eta_grid_steps3000_R20_v1
voter,4.0,rho_4,,400,6.2,22,3000,1862219,19,0,3.2783,,final_dense_eta_grid_steps3000_R20_v1
voter,8.0,rho_8,8.0,800,0.0,0,3000,1420000,0,0,10.3453,data/pilots/final_voter_base_coarse_v1/voter/rho_8/eta_0/steps_3000/realization_000_seed_1420000,final_voter_base_coarse_v1
voter,8.0,rho_8,8.0,800,0.0,0,3000,1420001,1,0,12.338,data/pilots/final_voter_base_coarse_v1/voter/rho_8/eta_0/steps_3000/realization_001_seed_1420001,final_voter_base_coarse_v1
voter,8.0,rho_8,8.0,800,0.0,0,3000,1420002,2,0,11.183,data/pilots/final_voter_base_coarse_v1/voter/rho_8/eta_0/steps_3000/realization_002_seed_1420002,final_voter_base_coarse_v1
voter,8.0,rho_8,8.0,800,0.0,0,3000,1420003,3,0,9.9762,data/pilots/final_voter_base_coarse_v1/voter/rho_8/eta_0/steps_3000/realization_003_seed_1420003,final_voter_base_coarse_v1
voter,8.0,rho_8,8.0,800,0.0,0,3000,1420004,4,0,9.4602,data/pilots/final_voter_base_coarse_v1/voter/rho_8/eta_0/steps_3000/realization_004_seed_1420004,final_voter_base_coarse_v1
voter,8.0,rho_8,8.0,800,0.0,0,3000,1420005,5,0,9.6068,data/pilots/final_voter_base_coarse_v1/voter/rho_8/eta_0/steps_3000/realization_005_seed_1420005,final_voter_base_coarse_v1
voter,8.0,rho_8,8.0,800,0.0,0,3000,1420006,6,0,10.0129,data/pilots/final_voter_base_coarse_v1/voter/rho_8/eta_0/steps_3000/realization_006_seed_1420006,final_voter_base_coarse_v1
voter,8.0,rho_8,8.0,800,0.0,0,3000,1420007,7,0,10.1217,data/pilots/final_voter_base_coarse_v1/voter/rho_8/eta_0/steps_3000/realization_007_seed_1420007,final_voter_base_coarse_v1
voter,8.0,rho_8,8.0,800,0.0,0,3000,1420008,8,0,9.3615,data/pilots/final_voter_base_coarse_v1/voter/rho_8/eta_0/steps_3000/realization_008_seed_1420008,final_voter_base_coarse_v1
voter,8.0,rho_8,8.0,800,0.0,0,3000,1420009,9,0,10.4845,data/pilots/final_voter_base_coarse_v1/voter/rho_8/eta_0/steps_3000/realization_009_seed_1420009,final_voter_base_coarse_v1
voter,8.0,rho_8,8.0,800,0.0,0,3000,1420010,10,0,11.8678,data/pilots/final_voter_base_coarse_v1/voter/rho_8/eta_0/steps_3000/realization_010_seed_1420010,final_voter_base_coarse_v1
voter,8.0,rho_8,8.0,800,0.0,0,3000,1420011,11,0,10.5377,data/pilots/final_voter_base_coarse_v1/voter/rho_8/eta_0/steps_3000/realization_011_seed_1420011,final_voter_base_coarse_v1
voter,8.0,rho_8,8.0,800,0.0,0,3000,1420012,12,0,10.702,data/pilots/final_voter_base_coarse_v1/voter/rho_8/eta_0/steps_3000/realization_012_seed_1420012,final_voter_base_coarse_v1
voter,8.0,rho_8,8.0,800,0.0,0,3000,1420013,13,0,11.3598,data/pilots/final_voter_base_coarse_v1/voter/rho_8/eta_0/steps_3000/realization_013_seed_1420013,final_voter_base_coarse_v1
voter,8.0,rho_8,8.0,800,0.0,0,3000,1420014,14,0,10.214,data/pilots/final_voter_base_coarse_v1/voter/rho_8/eta_0/steps_3000/realization_014_seed_1420014,final_voter_base_coarse_v1
voter,8.0,rho_8,8.0,800,0.0,0,3000,1420015,15,0,11.8082,data/pilots/final_voter_base_coarse_v1/voter/rho_8/eta_0/steps_3000/realization_015_seed_1420015,final_voter_base_coarse_v1
voter,8.0,rho_8,8.0,800,0.0,0,3000,1420016,16,0,9.7071,data/pilots/final_voter_base_coarse_v1/voter/rho_8/eta_0/steps_3000/realization_016_seed_1420016,final_voter_base_coarse_v1
voter,8.0,rho_8,8.0,800,0.0,0,3000,1420017,17,0,9.9433,data/pilots/final_voter_base_coarse_v1/voter/rho_8/eta_0/steps_3000/realization_017_seed_1420017,final_voter_base_coarse_v1
voter,8.0,rho_8,8.0,800,0.0,0,3000,1420018,18,0,10.0858,data/pilots/final_voter_base_coarse_v1/voter/rho_8/eta_0/steps_3000/realization_018_seed_1420018,final_voter_base_coarse_v1
voter,8.0,rho_8,8.0,800,0.0,0,3000,1420019,19,0,10.1937,data/pilots/final_voter_base_coarse_v1/voter/rho_8/eta_0/steps_3000/realization_019_seed_1420019,final_voter_base_coarse_v1
voter,8.0,rho_8,,800,0.05,0,3000,1260000,0,0,14.3364,,final_fine_grid_steps3000_R20_v1
voter,8.0,rho_8,,800,0.05,0,3000,1260001,1,0,13.6901,,final_fine_grid_steps3000_R20_v1
voter,8.0,rho_8,,800,0.05,0,3000,1260002,2,0,14.0468,,final_fine_grid_steps3000_R20_v1
voter,8.0,rho_8,,800,0.05,0,3000,1260003,3,0,14.2954,,final_fine_grid_steps3000_R20_v1
voter,8.0,rho_8,,800,0.05,0,3000,1260004,4,0,13.4838,,final_fine_grid_steps3000_R20_v1
voter,8.0,rho_8,,800,0.05,0,3000,1260005,5,0,14.9983,,final_fine_grid_steps3000_R20_v1
voter,8.0,rho_8,,800,0.05,0,3000,1260006,6,0,13.9831,,final_fine_grid_steps3000_R20_v1
voter,8.0,rho_8,,800,0.05,0,3000,1260007,7,0,14.9196,,final_fine_grid_steps3000_R20_v1
voter,8.0,rho_8,,800,0.05,0,3000,1260008,8,0,14.5169,,final_fine_grid_steps3000_R20_v1
voter,8.0,rho_8,,800,0.05,0,3000,1260009,9,0,13.3879,,final_fine_grid_steps3000_R20_v1
voter,8.0,rho_8,,800,0.05,0,3000,1260010,10,0,11.2129,,final_fine_grid_steps3000_R20_v1
voter,8.0,rho_8,,800,0.05,0,3000,1260011,11,0,11.249,,final_fine_grid_steps3000_R20_v1
voter,8.0,rho_8,,800,0.05,0,3000,1260012,12,0,11.4325,,final_fine_grid_steps3000_R20_v1
voter,8.0,rho_8,,800,0.05,0,3000,1260013,13,0,11.6184,,final_fine_grid_steps3000_R20_v1
voter,8.0,rho_8,,800,0.05,0,3000,1260014,14,0,10.9204,,final_fine_grid_steps3000_R20_v1
voter,8.0,rho_8,,800,0.05,0,3000,1260015,15,0,10.6614,,final_fine_grid_steps3000_R20_v1
voter,8.0,rho_8,,800,0.05,0,3000,1260016,16,0,12.0017,,final_fine_grid_steps3000_R20_v1
voter,8.0,rho_8,,800,0.05,0,3000,1260017,17,0,12.239,,final_fine_grid_steps3000_R20_v1
voter,8.0,rho_8,,800,0.05,0,3000,1260018,18,0,11.7301,,final_fine_grid_steps3000_R20_v1
voter,8.0,rho_8,,800,0.05,0,3000,1260019,19,0,12.2418,,final_fine_grid_steps3000_R20_v1
voter,8.0,rho_8,,800,0.1,1,3000,1260100,0,0,12.8243,,final_fine_grid_steps3000_R20_v1
voter,8.0,rho_8,,800,0.1,1,3000,1260101,1,0,13.3856,,final_fine_grid_steps3000_R20_v1
voter,8.0,rho_8,,800,0.1,1,3000,1260102,2,0,15.3129,,final_fine_grid_steps3000_R20_v1
voter,8.0,rho_8,,800,0.1,1,3000,1260103,3,0,13.1242,,final_fine_grid_steps3000_R20_v1
voter,8.0,rho_8,,800,0.1,1,3000,1260104,4,0,14.7985,,final_fine_grid_steps3000_R20_v1
voter,8.0,rho_8,,800,0.1,1,3000,1260105,5,0,14.0777,,final_fine_grid_steps3000_R20_v1
voter,8.0,rho_8,,800,0.1,1,3000,1260106,6,0,12.4616,,final_fine_grid_steps3000_R20_v1
voter,8.0,rho_8,,800,0.1,1,3000,1260107,7,0,14.1525,,final_fine_grid_steps3000_R20_v1
voter,8.0,rho_8,,800,0.1,1,3000,1260108,8,0,16.7253,,final_fine_grid_steps3000_R20_v1
voter,8.0,rho_8,,800,0.1,1,3000,1260109,9,0,14.5932,,final_fine_grid_steps3000_R20_v1
voter,8.0,rho_8,,800,0.1,1,3000,1260110,10,0,14.4916,,final_fine_grid_steps3000_R20_v1
voter,8.0,rho_8,,800,0.1,1,3000,1260111,11,0,14.3718,,final_fine_grid_steps3000_R20_v1
voter,8.0,rho_8,,800,0.1,1,3000,1260112,12,0,18.7358,,final_fine_grid_steps3000_R20_v1
voter,8.0,rho_8,,800,0.1,1,3000,1260113,13,0,15.2171,,final_fine_grid_steps3000_R20_v1
voter,8.0,rho_8,,800,0.1,1,3000,1260114,14,0,16.2182,,final_fine_grid_steps3000_R20_v1
voter,8.0,rho_8,,800,0.1,1,3000,1260115,15,0,16.161,,final_fine_grid_steps3000_R20_v1
voter,8.0,rho_8,,800,0.1,1,3000,1260116,16,0,15.1949,,final_fine_grid_steps3000_R20_v1
voter,8.0,rho_8,,800,0.1,1,3000,1260117,17,0,17.8227,,final_fine_grid_steps3000_R20_v1
voter,8.0,rho_8,,800,0.1,1,3000,1260118,18,0,17.7308,,final_fine_grid_steps3000_R20_v1
voter,8.0,rho_8,,800,0.1,1,3000,1260119,19,0,18.458,,final_fine_grid_steps3000_R20_v1
voter,8.0,rho_8,,800,0.15,2,3000,1260200,0,0,18.6273,,final_fine_grid_steps3000_R20_v1
voter,8.0,rho_8,,800,0.15,2,3000,1260201,1,0,18.2518,,final_fine_grid_steps3000_R20_v1
voter,8.0,rho_8,,800,0.15,2,3000,1260202,2,0,18.9445,,final_fine_grid_steps3000_R20_v1
voter,8.0,rho_8,,800,0.15,2,3000,1260203,3,0,20.0133,,final_fine_grid_steps3000_R20_v1
voter,8.0,rho_8,,800,0.15,2,3000,1260204,4,0,19.5616,,final_fine_grid_steps3000_R20_v1
voter,8.0,rho_8,,800,0.15,2,3000,1260205,5,0,18.0782,,final_fine_grid_steps3000_R20_v1
voter,8.0,rho_8,,800,0.15,2,3000,1260206,6,0,16.5031,,final_fine_grid_steps3000_R20_v1
voter,8.0,rho_8,,800,0.15,2,3000,1260207,7,0,18.7523,,final_fine_grid_steps3000_R20_v1
voter,8.0,rho_8,,800,0.15,2,3000,1260208,8,0,18.0577,,final_fine_grid_steps3000_R20_v1
voter,8.0,rho_8,,800,0.15,2,3000,1260209,9,0,17.9386,,final_fine_grid_steps3000_R20_v1
voter,8.0,rho_8,,800,0.15,2,3000,1260210,10,0,17.6935,,final_fine_grid_steps3000_R20_v1
voter,8.0,rho_8,,800,0.15,2,3000,1260211,11,0,15.6093,,final_fine_grid_steps3000_R20_v1
voter,8.0,rho_8,,800,0.15,2,3000,1260212,12,0,13.762,,final_fine_grid_steps3000_R20_v1
voter,8.0,rho_8,,800,0.15,2,3000,1260213,13,0,14.5383,,final_fine_grid_steps3000_R20_v1
voter,8.0,rho_8,,800,0.15,2,3000,1260214,14,0,14.0392,,final_fine_grid_steps3000_R20_v1
voter,8.0,rho_8,,800,0.15,2,3000,1260215,15,0,13.7288,,final_fine_grid_steps3000_R20_v1
voter,8.0,rho_8,,800,0.15,2,3000,1260216,16,0,14.0772,,final_fine_grid_steps3000_R20_v1
voter,8.0,rho_8,,800,0.15,2,3000,1260217,17,0,13.1802,,final_fine_grid_steps3000_R20_v1
voter,8.0,rho_8,,800,0.15,2,3000,1260218,18,0,11.5722,,final_fine_grid_steps3000_R20_v1
voter,8.0,rho_8,,800,0.15,2,3000,1260219,19,0,12.0307,,final_fine_grid_steps3000_R20_v1
voter,8.0,rho_8,,800,0.2,3,3000,1260300,0,0,11.9926,,final_fine_grid_steps3000_R20_v1
voter,8.0,rho_8,,800,0.2,3,3000,1260301,1,0,12.1515,,final_fine_grid_steps3000_R20_v1
voter,8.0,rho_8,,800,0.2,3,3000,1260302,2,0,11.0973,,final_fine_grid_steps3000_R20_v1
voter,8.0,rho_8,,800,0.2,3,3000,1260303,3,0,12.1906,,final_fine_grid_steps3000_R20_v1
voter,8.0,rho_8,,800,0.2,3,3000,1260304,4,0,12.371,,final_fine_grid_steps3000_R20_v1
voter,8.0,rho_8,,800,0.2,3,3000,1260305,5,0,13.2878,,final_fine_grid_steps3000_R20_v1
voter,8.0,rho_8,,800,0.2,3,3000,1260306,6,0,11.475,,final_fine_grid_steps3000_R20_v1
voter,8.0,rho_8,,800,0.2,3,3000,1260307,7,0,11.5315,,final_fine_grid_steps3000_R20_v1
voter,8.0,rho_8,,800,0.2,3,3000,1260308,8,0,13.404,,final_fine_grid_steps3000_R20_v1
voter,8.0,rho_8,,800,0.2,3,3000,1260309,9,0,12.7192,,final_fine_grid_steps3000_R20_v1
voter,8.0,rho_8,,800,0.2,3,3000,1260310,10,0,11.3271,,final_fine_grid_steps3000_R20_v1
voter,8.0,rho_8,,800,0.2,3,3000,1260311,11,0,12.6229,,final_fine_grid_steps3000_R20_v1
voter,8.0,rho_8,,800,0.2,3,3000,1260312,12,0,12.2332,,final_fine_grid_steps3000_R20_v1
voter,8.0,rho_8,,800,0.2,3,3000,1260313,13,0,12.0027,,final_fine_grid_steps3000_R20_v1
voter,8.0,rho_8,,800,0.2,3,3000,1260314,14,0,12.1979,,final_fine_grid_steps3000_R20_v1
voter,8.0,rho_8,,800,0.2,3,3000,1260315,15,0,12.0792,,final_fine_grid_steps3000_R20_v1
voter,8.0,rho_8,,800,0.2,3,3000,1260316,16,0,11.698,,final_fine_grid_steps3000_R20_v1
voter,8.0,rho_8,,800,0.2,3,3000,1260317,17,0,12.5595,,final_fine_grid_steps3000_R20_v1
voter,8.0,rho_8,,800,0.2,3,3000,1260318,18,0,13.145,,final_fine_grid_steps3000_R20_v1
voter,8.0,rho_8,,800,0.2,3,3000,1260319,19,0,11.5078,,final_fine_grid_steps3000_R20_v1
voter,8.0,rho_8,,800,0.3,4,3000,1260400,0,0,11.4563,,final_fine_grid_steps3000_R20_v1
voter,8.0,rho_8,,800,0.3,4,3000,1260401,1,0,11.0815,,final_fine_grid_steps3000_R20_v1
voter,8.0,rho_8,,800,0.3,4,3000,1260402,2,0,12.509,,final_fine_grid_steps3000_R20_v1
voter,8.0,rho_8,,800,0.3,4,3000,1260403,3,0,11.9001,,final_fine_grid_steps3000_R20_v1
voter,8.0,rho_8,,800,0.3,4,3000,1260404,4,0,12.0137,,final_fine_grid_steps3000_R20_v1
voter,8.0,rho_8,,800,0.3,4,3000,1260405,5,0,11.6415,,final_fine_grid_steps3000_R20_v1
voter,8.0,rho_8,,800,0.3,4,3000,1260406,6,0,10.6346,,final_fine_grid_steps3000_R20_v1
voter,8.0,rho_8,,800,0.3,4,3000,1260407,7,0,12.3539,,final_fine_grid_steps3000_R20_v1
voter,8.0,rho_8,,800,0.3,4,3000,1260408,8,0,12.1513,,final_fine_grid_steps3000_R20_v1
voter,8.0,rho_8,,800,0.3,4,3000,1260409,9,0,10.8414,,final_fine_grid_steps3000_R20_v1
voter,8.0,rho_8,,800,0.3,4,3000,1260410,10,0,11.9029,,final_fine_grid_steps3000_R20_v1
voter,8.0,rho_8,,800,0.3,4,3000,1260411,11,0,12.1293,,final_fine_grid_steps3000_R20_v1
voter,8.0,rho_8,,800,0.3,4,3000,1260412,12,0,12.5704,,final_fine_grid_steps3000_R20_v1
voter,8.0,rho_8,,800,0.3,4,3000,1260413,13,0,13.1591,,final_fine_grid_steps3000_R20_v1
voter,8.0,rho_8,,800,0.3,4,3000,1260414,14,0,13.4163,,final_fine_grid_steps3000_R20_v1
voter,8.0,rho_8,,800,0.3,4,3000,1260415,15,0,11.836,,final_fine_grid_steps3000_R20_v1
voter,8.0,rho_8,,800,0.3,4,3000,1260416,16,0,12.1601,,final_fine_grid_steps3000_R20_v1
voter,8.0,rho_8,,800,0.3,4,3000,1260417,17,0,12.67,,final_fine_grid_steps3000_R20_v1
voter,8.0,rho_8,,800,0.3,4,3000,1260418,18,0,13.5313,,final_fine_grid_steps3000_R20_v1
voter,8.0,rho_8,,800,0.3,4,3000,1260419,19,0,12.9078,,final_fine_grid_steps3000_R20_v1
voter,8.0,rho_8,,800,0.4,5,3000,1260500,0,0,12.7415,,final_fine_grid_steps3000_R20_v1
voter,8.0,rho_8,,800,0.4,5,3000,1260501,1,0,13.7005,,final_fine_grid_steps3000_R20_v1
voter,8.0,rho_8,,800,0.4,5,3000,1260502,2,0,12.7705,,final_fine_grid_steps3000_R20_v1
voter,8.0,rho_8,,800,0.4,5,3000,1260503,3,0,13.3874,,final_fine_grid_steps3000_R20_v1
voter,8.0,rho_8,,800,0.4,5,3000,1260504,4,0,14.5863,,final_fine_grid_steps3000_R20_v1
voter,8.0,rho_8,,800,0.4,5,3000,1260505,5,0,13.5847,,final_fine_grid_steps3000_R20_v1
voter,8.0,rho_8,,800,0.4,5,3000,1260506,6,0,12.5198,,final_fine_grid_steps3000_R20_v1
voter,8.0,rho_8,,800,0.4,5,3000,1260507,7,0,13.115,,final_fine_grid_steps3000_R20_v1
voter,8.0,rho_8,,800,0.4,5,3000,1260508,8,0,13.1247,,final_fine_grid_steps3000_R20_v1
voter,8.0,rho_8,,800,0.4,5,3000,1260509,9,0,14.0093,,final_fine_grid_steps3000_R20_v1
voter,8.0,rho_8,,800,0.4,5,3000,1260510,10,0,12.9771,,final_fine_grid_steps3000_R20_v1
voter,8.0,rho_8,,800,0.4,5,3000,1260511,11,0,12.0814,,final_fine_grid_steps3000_R20_v1
voter,8.0,rho_8,,800,0.4,5,3000,1260512,12,0,11.7353,,final_fine_grid_steps3000_R20_v1
voter,8.0,rho_8,,800,0.4,5,3000,1260513,13,0,12.4744,,final_fine_grid_steps3000_R20_v1
voter,8.0,rho_8,,800,0.4,5,3000,1260514,14,0,11.4915,,final_fine_grid_steps3000_R20_v1
voter,8.0,rho_8,,800,0.4,5,3000,1260515,15,0,12.4548,,final_fine_grid_steps3000_R20_v1
voter,8.0,rho_8,,800,0.4,5,3000,1260516,16,0,11.4698,,final_fine_grid_steps3000_R20_v1
voter,8.0,rho_8,,800,0.4,5,3000,1260517,17,0,11.1392,,final_fine_grid_steps3000_R20_v1
voter,8.0,rho_8,,800,0.4,5,3000,1260518,18,0,11.2527,,final_fine_grid_steps3000_R20_v1
voter,8.0,rho_8,,800,0.4,5,3000,1260519,19,0,10.5773,,final_fine_grid_steps3000_R20_v1
voter,8.0,rho_8,8.0,800,0.5,1,3000,1420100,0,0,12.1098,data/pilots/final_voter_base_coarse_v1/voter/rho_8/eta_0p5/steps_3000/realization_000_seed_1420100,final_voter_base_coarse_v1
voter,8.0,rho_8,8.0,800,0.5,1,3000,1420101,1,0,10.6578,data/pilots/final_voter_base_coarse_v1/voter/rho_8/eta_0p5/steps_3000/realization_001_seed_1420101,final_voter_base_coarse_v1
voter,8.0,rho_8,8.0,800,0.5,1,3000,1420102,2,0,11.6053,data/pilots/final_voter_base_coarse_v1/voter/rho_8/eta_0p5/steps_3000/realization_002_seed_1420102,final_voter_base_coarse_v1
voter,8.0,rho_8,8.0,800,0.5,1,3000,1420103,3,0,10.9931,data/pilots/final_voter_base_coarse_v1/voter/rho_8/eta_0p5/steps_3000/realization_003_seed_1420103,final_voter_base_coarse_v1
voter,8.0,rho_8,8.0,800,0.5,1,3000,1420104,4,0,10.7014,data/pilots/final_voter_base_coarse_v1/voter/rho_8/eta_0p5/steps_3000/realization_004_seed_1420104,final_voter_base_coarse_v1
voter,8.0,rho_8,8.0,800,0.5,1,3000,1420105,5,0,11.1157,data/pilots/final_voter_base_coarse_v1/voter/rho_8/eta_0p5/steps_3000/realization_005_seed_1420105,final_voter_base_coarse_v1
voter,8.0,rho_8,8.0,800,0.5,1,3000,1420106,6,0,11.2056,data/pilots/final_voter_base_coarse_v1/voter/rho_8/eta_0p5/steps_3000/realization_006_seed_1420106,final_voter_base_coarse_v1
voter,8.0,rho_8,8.0,800,0.5,1,3000,1420107,7,0,11.6808,data/pilots/final_voter_base_coarse_v1/voter/rho_8/eta_0p5/steps_3000/realization_007_seed_1420107,final_voter_base_coarse_v1
voter,8.0,rho_8,8.0,800,0.5,1,3000,1420108,8,0,10.484,data/pilots/final_voter_base_coarse_v1/voter/rho_8/eta_0p5/steps_3000/realization_008_seed_1420108,final_voter_base_coarse_v1
voter,8.0,rho_8,8.0,800,0.5,1,3000,1420109,9,0,10.5475,data/pilots/final_voter_base_coarse_v1/voter/rho_8/eta_0p5/steps_3000/realization_009_seed_1420109,final_voter_base_coarse_v1
voter,8.0,rho_8,8.0,800,0.5,1,3000,1420110,10,0,10.7954,data/pilots/final_voter_base_coarse_v1/voter/rho_8/eta_0p5/steps_3000/realization_010_seed_1420110,final_voter_base_coarse_v1
voter,8.0,rho_8,8.0,800,0.5,1,3000,1420111,11,0,10.3109,data/pilots/final_voter_base_coarse_v1/voter/rho_8/eta_0p5/steps_3000/realization_011_seed_1420111,final_voter_base_coarse_v1
voter,8.0,rho_8,8.0,800,0.5,1,3000,1420112,12,0,10.9,data/pilots/final_voter_base_coarse_v1/voter/rho_8/eta_0p5/steps_3000/realization_012_seed_1420112,final_voter_base_coarse_v1
voter,8.0,rho_8,8.0,800,0.5,1,3000,1420113,13,0,10.7292,data/pilots/final_voter_base_coarse_v1/voter/rho_8/eta_0p5/steps_3000/realization_013_seed_1420113,final_voter_base_coarse_v1
voter,8.0,rho_8,8.0,800,0.5,1,3000,1420114,14,0,11.2408,data/pilots/final_voter_base_coarse_v1/voter/rho_8/eta_0p5/steps_3000/realization_014_seed_1420114,final_voter_base_coarse_v1
voter,8.0,rho_8,8.0,800,0.5,1,3000,1420115,15,0,10.9804,data/pilots/final_voter_base_coarse_v1/voter/rho_8/eta_0p5/steps_3000/realization_015_seed_1420115,final_voter_base_coarse_v1
voter,8.0,rho_8,8.0,800,0.5,1,3000,1420116,16,0,11.3401,data/pilots/final_voter_base_coarse_v1/voter/rho_8/eta_0p5/steps_3000/realization_016_seed_1420116,final_voter_base_coarse_v1
voter,8.0,rho_8,8.0,800,0.5,1,3000,1420117,17,0,10.6852,data/pilots/final_voter_base_coarse_v1/voter/rho_8/eta_0p5/steps_3000/realization_017_seed_1420117,final_voter_base_coarse_v1
voter,8.0,rho_8,8.0,800,0.5,1,3000,1420118,18,0,10.5173,data/pilots/final_voter_base_coarse_v1/voter/rho_8/eta_0p5/steps_3000/realization_018_seed_1420118,final_voter_base_coarse_v1
voter,8.0,rho_8,8.0,800,0.5,1,3000,1420119,19,0,11.9978,data/pilots/final_voter_base_coarse_v1/voter/rho_8/eta_0p5/steps_3000/realization_019_seed_1420119,final_voter_base_coarse_v1
voter,8.0,rho_8,,800,0.6,0,3000,1920000,0,0,12.5206,,final_dense_eta_grid_steps3000_R20_v1
voter,8.0,rho_8,,800,0.6,0,3000,1920001,1,0,11.3118,,final_dense_eta_grid_steps3000_R20_v1
voter,8.0,rho_8,,800,0.6,0,3000,1920002,2,0,10.1791,,final_dense_eta_grid_steps3000_R20_v1
voter,8.0,rho_8,,800,0.6,0,3000,1920003,3,0,12.0266,,final_dense_eta_grid_steps3000_R20_v1
voter,8.0,rho_8,,800,0.6,0,3000,1920004,4,0,12.4083,,final_dense_eta_grid_steps3000_R20_v1
voter,8.0,rho_8,,800,0.6,0,3000,1920005,5,0,10.0908,,final_dense_eta_grid_steps3000_R20_v1
voter,8.0,rho_8,,800,0.6,0,3000,1920006,6,0,10.8808,,final_dense_eta_grid_steps3000_R20_v1
voter,8.0,rho_8,,800,0.6,0,3000,1920007,7,0,10.6423,,final_dense_eta_grid_steps3000_R20_v1
voter,8.0,rho_8,,800,0.6,0,3000,1920008,8,0,9.7957,,final_dense_eta_grid_steps3000_R20_v1
voter,8.0,rho_8,,800,0.6,0,3000,1920009,9,0,10.7931,,final_dense_eta_grid_steps3000_R20_v1
voter,8.0,rho_8,,800,0.6,0,3000,1920010,10,0,11.592,,final_dense_eta_grid_steps3000_R20_v1
voter,8.0,rho_8,,800,0.6,0,3000,1920011,11,0,13.018,,final_dense_eta_grid_steps3000_R20_v1
voter,8.0,rho_8,,800,0.6,0,3000,1920012,12,0,11.1135,,final_dense_eta_grid_steps3000_R20_v1
voter,8.0,rho_8,,800,0.6,0,3000,1920013,13,0,10.4257,,final_dense_eta_grid_steps3000_R20_v1
voter,8.0,rho_8,,800,0.6,0,3000,1920014,14,0,10.6767,,final_dense_eta_grid_steps3000_R20_v1
voter,8.0,rho_8,,800,0.6,0,3000,1920015,15,0,11.7178,,final_dense_eta_grid_steps3000_R20_v1
voter,8.0,rho_8,,800,0.6,0,3000,1920016,16,0,10.7829,,final_dense_eta_grid_steps3000_R20_v1
voter,8.0,rho_8,,800,0.6,0,3000,1920017,17,0,10.7922,,final_dense_eta_grid_steps3000_R20_v1
voter,8.0,rho_8,,800,0.6,0,3000,1920018,18,0,10.9252,,final_dense_eta_grid_steps3000_R20_v1
voter,8.0,rho_8,,800,0.6,0,3000,1920019,19,0,11.3613,,final_dense_eta_grid_steps3000_R20_v1
voter,8.0,rho_8,,800,0.8,1,3000,1920100,0,0,10.5829,,final_dense_eta_grid_steps3000_R20_v1
voter,8.0,rho_8,,800,0.8,1,3000,1920101,1,0,11.4072,,final_dense_eta_grid_steps3000_R20_v1
voter,8.0,rho_8,,800,0.8,1,3000,1920102,2,0,10.7111,,final_dense_eta_grid_steps3000_R20_v1
voter,8.0,rho_8,,800,0.8,1,3000,1920103,3,0,10.3758,,final_dense_eta_grid_steps3000_R20_v1
voter,8.0,rho_8,,800,0.8,1,3000,1920104,4,0,10.4215,,final_dense_eta_grid_steps3000_R20_v1
voter,8.0,rho_8,,800,0.8,1,3000,1920105,5,0,10.5593,,final_dense_eta_grid_steps3000_R20_v1
voter,8.0,rho_8,,800,0.8,1,3000,1920106,6,0,10.4474,,final_dense_eta_grid_steps3000_R20_v1
voter,8.0,rho_8,,800,0.8,1,3000,1920107,7,0,10.5804,,final_dense_eta_grid_steps3000_R20_v1
voter,8.0,rho_8,,800,0.8,1,3000,1920108,8,0,10.6678,,final_dense_eta_grid_steps3000_R20_v1
voter,8.0,rho_8,,800,0.8,1,3000,1920109,9,0,10.1122,,final_dense_eta_grid_steps3000_R20_v1
voter,8.0,rho_8,,800,0.8,1,3000,1920110,10,0,10.2756,,final_dense_eta_grid_steps3000_R20_v1
voter,8.0,rho_8,,800,0.8,1,3000,1920111,11,0,10.3218,,final_dense_eta_grid_steps3000_R20_v1
voter,8.0,rho_8,,800,0.8,1,3000,1920112,12,0,11.0914,,final_dense_eta_grid_steps3000_R20_v1
voter,8.0,rho_8,,800,0.8,1,3000,1920113,13,0,10.5461,,final_dense_eta_grid_steps3000_R20_v1
voter,8.0,rho_8,,800,0.8,1,3000,1920114,14,0,10.0505,,final_dense_eta_grid_steps3000_R20_v1
voter,8.0,rho_8,,800,0.8,1,3000,1920115,15,0,11.3616,,final_dense_eta_grid_steps3000_R20_v1
voter,8.0,rho_8,,800,0.8,1,3000,1920116,16,0,10.2997,,final_dense_eta_grid_steps3000_R20_v1
voter,8.0,rho_8,,800,0.8,1,3000,1920117,17,0,10.463,,final_dense_eta_grid_steps3000_R20_v1
voter,8.0,rho_8,,800,0.8,1,3000,1920118,18,0,10.0367,,final_dense_eta_grid_steps3000_R20_v1
voter,8.0,rho_8,,800,0.8,1,3000,1920119,19,0,10.4319,,final_dense_eta_grid_steps3000_R20_v1
voter,8.0,rho_8,8.0,800,1.0,2,3000,1420200,0,0,11.7985,data/pilots/final_voter_base_coarse_v1/voter/rho_8/eta_1/steps_3000/realization_000_seed_1420200,final_voter_base_coarse_v1
voter,8.0,rho_8,8.0,800,1.0,2,3000,1420201,1,0,10.0058,data/pilots/final_voter_base_coarse_v1/voter/rho_8/eta_1/steps_3000/realization_001_seed_1420201,final_voter_base_coarse_v1
voter,8.0,rho_8,8.0,800,1.0,2,3000,1420202,2,0,10.8335,data/pilots/final_voter_base_coarse_v1/voter/rho_8/eta_1/steps_3000/realization_002_seed_1420202,final_voter_base_coarse_v1
voter,8.0,rho_8,8.0,800,1.0,2,3000,1420203,3,0,10.5528,data/pilots/final_voter_base_coarse_v1/voter/rho_8/eta_1/steps_3000/realization_003_seed_1420203,final_voter_base_coarse_v1
voter,8.0,rho_8,8.0,800,1.0,2,3000,1420204,4,0,10.5456,data/pilots/final_voter_base_coarse_v1/voter/rho_8/eta_1/steps_3000/realization_004_seed_1420204,final_voter_base_coarse_v1
voter,8.0,rho_8,8.0,800,1.0,2,3000,1420205,5,0,10.1846,data/pilots/final_voter_base_coarse_v1/voter/rho_8/eta_1/steps_3000/realization_005_seed_1420205,final_voter_base_coarse_v1
voter,8.0,rho_8,8.0,800,1.0,2,3000,1420206,6,0,11.1122,data/pilots/final_voter_base_coarse_v1/voter/rho_8/eta_1/steps_3000/realization_006_seed_1420206,final_voter_base_coarse_v1
voter,8.0,rho_8,8.0,800,1.0,2,3000,1420207,7,0,10.9446,data/pilots/final_voter_base_coarse_v1/voter/rho_8/eta_1/steps_3000/realization_007_seed_1420207,final_voter_base_coarse_v1
voter,8.0,rho_8,8.0,800,1.0,2,3000,1420208,8,0,10.2369,data/pilots/final_voter_base_coarse_v1/voter/rho_8/eta_1/steps_3000/realization_008_seed_1420208,final_voter_base_coarse_v1
voter,8.0,rho_8,8.0,800,1.0,2,3000,1420209,9,0,10.5019,data/pilots/final_voter_base_coarse_v1/voter/rho_8/eta_1/steps_3000/realization_009_seed_1420209,final_voter_base_coarse_v1
voter,8.0,rho_8,8.0,800,1.0,2,3000,1420210,10,0,10.9884,data/pilots/final_voter_base_coarse_v1/voter/rho_8/eta_1/steps_3000/realization_010_seed_1420210,final_voter_base_coarse_v1
voter,8.0,rho_8,8.0,800,1.0,2,3000,1420211,11,0,10.0329,data/pilots/final_voter_base_coarse_v1/voter/rho_8/eta_1/steps_3000/realization_011_seed_1420211,final_voter_base_coarse_v1
voter,8.0,rho_8,8.0,800,1.0,2,3000,1420212,12,0,10.2379,data/pilots/final_voter_base_coarse_v1/voter/rho_8/eta_1/steps_3000/realization_012_seed_1420212,final_voter_base_coarse_v1
voter,8.0,rho_8,8.0,800,1.0,2,3000,1420213,13,0,10.3403,data/pilots/final_voter_base_coarse_v1/voter/rho_8/eta_1/steps_3000/realization_013_seed_1420213,final_voter_base_coarse_v1
voter,8.0,rho_8,8.0,800,1.0,2,3000,1420214,14,0,10.7317,data/pilots/final_voter_base_coarse_v1/voter/rho_8/eta_1/steps_3000/realization_014_seed_1420214,final_voter_base_coarse_v1
voter,8.0,rho_8,8.0,800,1.0,2,3000,1420215,15,0,10.5248,data/pilots/final_voter_base_coarse_v1/voter/rho_8/eta_1/steps_3000/realization_015_seed_1420215,final_voter_base_coarse_v1
voter,8.0,rho_8,8.0,800,1.0,2,3000,1420216,16,0,9.9749,data/pilots/final_voter_base_coarse_v1/voter/rho_8/eta_1/steps_3000/realization_016_seed_1420216,final_voter_base_coarse_v1
voter,8.0,rho_8,8.0,800,1.0,2,3000,1420217,17,0,10.8023,data/pilots/final_voter_base_coarse_v1/voter/rho_8/eta_1/steps_3000/realization_017_seed_1420217,final_voter_base_coarse_v1
voter,8.0,rho_8,8.0,800,1.0,2,3000,1420218,18,0,10.337,data/pilots/final_voter_base_coarse_v1/voter/rho_8/eta_1/steps_3000/realization_018_seed_1420218,final_voter_base_coarse_v1
voter,8.0,rho_8,8.0,800,1.0,2,3000,1420219,19,0,10.6728,data/pilots/final_voter_base_coarse_v1/voter/rho_8/eta_1/steps_3000/realization_019_seed_1420219,final_voter_base_coarse_v1
voter,8.0,rho_8,,800,1.2,2,3000,1920200,0,0,9.6734,,final_dense_eta_grid_steps3000_R20_v1
voter,8.0,rho_8,,800,1.2,2,3000,1920201,1,0,10.3782,,final_dense_eta_grid_steps3000_R20_v1
voter,8.0,rho_8,,800,1.2,2,3000,1920202,2,0,10.1617,,final_dense_eta_grid_steps3000_R20_v1
voter,8.0,rho_8,,800,1.2,2,3000,1920203,3,0,9.8496,,final_dense_eta_grid_steps3000_R20_v1
voter,8.0,rho_8,,800,1.2,2,3000,1920204,4,0,10.0411,,final_dense_eta_grid_steps3000_R20_v1
voter,8.0,rho_8,,800,1.2,2,3000,1920205,5,0,10.483,,final_dense_eta_grid_steps3000_R20_v1
voter,8.0,rho_8,,800,1.2,2,3000,1920206,6,0,9.7461,,final_dense_eta_grid_steps3000_R20_v1
voter,8.0,rho_8,,800,1.2,2,3000,1920207,7,0,10.0654,,final_dense_eta_grid_steps3000_R20_v1
voter,8.0,rho_8,,800,1.2,2,3000,1920208,8,0,10.2048,,final_dense_eta_grid_steps3000_R20_v1
voter,8.0,rho_8,,800,1.2,2,3000,1920209,9,0,10.8515,,final_dense_eta_grid_steps3000_R20_v1
voter,8.0,rho_8,,800,1.2,2,3000,1920210,10,0,10.1855,,final_dense_eta_grid_steps3000_R20_v1
voter,8.0,rho_8,,800,1.2,2,3000,1920211,11,0,9.9687,,final_dense_eta_grid_steps3000_R20_v1
voter,8.0,rho_8,,800,1.2,2,3000,1920212,12,0,9.9983,,final_dense_eta_grid_steps3000_R20_v1
voter,8.0,rho_8,,800,1.2,2,3000,1920213,13,0,9.9794,,final_dense_eta_grid_steps3000_R20_v1
voter,8.0,rho_8,,800,1.2,2,3000,1920214,14,0,9.8654,,final_dense_eta_grid_steps3000_R20_v1
voter,8.0,rho_8,,800,1.2,2,3000,1920215,15,0,9.8463,,final_dense_eta_grid_steps3000_R20_v1
voter,8.0,rho_8,,800,1.2,2,3000,1920216,16,0,10.2068,,final_dense_eta_grid_steps3000_R20_v1
voter,8.0,rho_8,,800,1.2,2,3000,1920217,17,0,10.0002,,final_dense_eta_grid_steps3000_R20_v1
voter,8.0,rho_8,,800,1.2,2,3000,1920218,18,0,10.0909,,final_dense_eta_grid_steps3000_R20_v1
voter,8.0,rho_8,,800,1.2,2,3000,1920219,19,0,9.6141,,final_dense_eta_grid_steps3000_R20_v1
voter,8.0,rho_8,,800,1.4,3,3000,1920300,0,0,9.5988,,final_dense_eta_grid_steps3000_R20_v1
voter,8.0,rho_8,,800,1.4,3,3000,1920301,1,0,9.6356,,final_dense_eta_grid_steps3000_R20_v1
voter,8.0,rho_8,,800,1.4,3,3000,1920302,2,0,9.834,,final_dense_eta_grid_steps3000_R20_v1
voter,8.0,rho_8,,800,1.4,3,3000,1920303,3,0,9.8411,,final_dense_eta_grid_steps3000_R20_v1
voter,8.0,rho_8,,800,1.4,3,3000,1920304,4,0,9.6091,,final_dense_eta_grid_steps3000_R20_v1
voter,8.0,rho_8,,800,1.4,3,3000,1920305,5,0,9.4838,,final_dense_eta_grid_steps3000_R20_v1
voter,8.0,rho_8,,800,1.4,3,3000,1920306,6,0,9.7103,,final_dense_eta_grid_steps3000_R20_v1
voter,8.0,rho_8,,800,1.4,3,3000,1920307,7,0,10.2368,,final_dense_eta_grid_steps3000_R20_v1
voter,8.0,rho_8,,800,1.4,3,3000,1920308,8,0,9.4712,,final_dense_eta_grid_steps3000_R20_v1
voter,8.0,rho_8,,800,1.4,3,3000,1920309,9,0,9.5717,,final_dense_eta_grid_steps3000_R20_v1
voter,8.0,rho_8,,800,1.4,3,3000,1920310,10,0,9.9725,,final_dense_eta_grid_steps3000_R20_v1
voter,8.0,rho_8,,800,1.4,3,3000,1920311,11,0,9.6851,,final_dense_eta_grid_steps3000_R20_v1
voter,8.0,rho_8,,800,1.4,3,3000,1920312,12,0,9.82,,final_dense_eta_grid_steps3000_R20_v1
voter,8.0,rho_8,,800,1.4,3,3000,1920313,13,0,9.4385,,final_dense_eta_grid_steps3000_R20_v1
voter,8.0,rho_8,,800,1.4,3,3000,1920314,14,0,9.7727,,final_dense_eta_grid_steps3000_R20_v1
voter,8.0,rho_8,,800,1.4,3,3000,1920315,15,0,9.3724,,final_dense_eta_grid_steps3000_R20_v1
voter,8.0,rho_8,,800,1.4,3,3000,1920316,16,0,9.532,,final_dense_eta_grid_steps3000_R20_v1
voter,8.0,rho_8,,800,1.4,3,3000,1920317,17,0,9.4295,,final_dense_eta_grid_steps3000_R20_v1
voter,8.0,rho_8,,800,1.4,3,3000,1920318,18,0,9.445,,final_dense_eta_grid_steps3000_R20_v1
voter,8.0,rho_8,,800,1.4,3,3000,1920319,19,0,9.4764,,final_dense_eta_grid_steps3000_R20_v1
voter,8.0,rho_8,,800,1.6,4,3000,1920400,0,0,9.463,,final_dense_eta_grid_steps3000_R20_v1
voter,8.0,rho_8,,800,1.6,4,3000,1920401,1,0,9.7845,,final_dense_eta_grid_steps3000_R20_v1
voter,8.0,rho_8,,800,1.6,4,3000,1920402,2,0,9.7478,,final_dense_eta_grid_steps3000_R20_v1
voter,8.0,rho_8,,800,1.6,4,3000,1920403,3,0,9.6606,,final_dense_eta_grid_steps3000_R20_v1
voter,8.0,rho_8,,800,1.6,4,3000,1920404,4,0,9.8595,,final_dense_eta_grid_steps3000_R20_v1
voter,8.0,rho_8,,800,1.6,4,3000,1920405,5,0,9.4211,,final_dense_eta_grid_steps3000_R20_v1
voter,8.0,rho_8,,800,1.6,4,3000,1920406,6,0,9.4918,,final_dense_eta_grid_steps3000_R20_v1
voter,8.0,rho_8,,800,1.6,4,3000,1920407,7,0,9.4648,,final_dense_eta_grid_steps3000_R20_v1
voter,8.0,rho_8,,800,1.6,4,3000,1920408,8,0,9.6449,,final_dense_eta_grid_steps3000_R20_v1
voter,8.0,rho_8,,800,1.6,4,3000,1920409,9,0,9.3534,,final_dense_eta_grid_steps3000_R20_v1
voter,8.0,rho_8,,800,1.6,4,3000,1920410,10,0,9.319,,final_dense_eta_grid_steps3000_R20_v1
voter,8.0,rho_8,,800,1.6,4,3000,1920411,11,0,9.6659,,final_dense_eta_grid_steps3000_R20_v1
voter,8.0,rho_8,,800,1.6,4,3000,1920412,12,0,9.4868,,final_dense_eta_grid_steps3000_R20_v1
voter,8.0,rho_8,,800,1.6,4,3000,1920413,13,0,9.6027,,final_dense_eta_grid_steps3000_R20_v1
voter,8.0,rho_8,,800,1.6,4,3000,1920414,14,0,9.5684,,final_dense_eta_grid_steps3000_R20_v1
voter,8.0,rho_8,,800,1.6,4,3000,1920415,15,0,9.4597,,final_dense_eta_grid_steps3000_R20_v1
voter,8.0,rho_8,,800,1.6,4,3000,1920416,16,0,10.1958,,final_dense_eta_grid_steps3000_R20_v1
voter,8.0,rho_8,,800,1.6,4,3000,1920417,17,0,9.0841,,final_dense_eta_grid_steps3000_R20_v1
voter,8.0,rho_8,,800,1.6,4,3000,1920418,18,0,9.8341,,final_dense_eta_grid_steps3000_R20_v1
voter,8.0,rho_8,,800,1.6,4,3000,1920419,19,0,9.7377,,final_dense_eta_grid_steps3000_R20_v1
voter,8.0,rho_8,,800,1.8,5,3000,1920500,0,0,9.6967,,final_dense_eta_grid_steps3000_R20_v1
voter,8.0,rho_8,,800,1.8,5,3000,1920501,1,0,9.5666,,final_dense_eta_grid_steps3000_R20_v1
voter,8.0,rho_8,,800,1.8,5,3000,1920502,2,0,9.445,,final_dense_eta_grid_steps3000_R20_v1
voter,8.0,rho_8,,800,1.8,5,3000,1920503,3,0,9.77,,final_dense_eta_grid_steps3000_R20_v1
voter,8.0,rho_8,,800,1.8,5,3000,1920504,4,0,9.4132,,final_dense_eta_grid_steps3000_R20_v1
voter,8.0,rho_8,,800,1.8,5,3000,1920505,5,0,9.3241,,final_dense_eta_grid_steps3000_R20_v1
voter,8.0,rho_8,,800,1.8,5,3000,1920506,6,0,9.4064,,final_dense_eta_grid_steps3000_R20_v1
voter,8.0,rho_8,,800,1.8,5,3000,1920507,7,0,9.6613,,final_dense_eta_grid_steps3000_R20_v1
voter,8.0,rho_8,,800,1.8,5,3000,1920508,8,0,9.5596,,final_dense_eta_grid_steps3000_R20_v1
voter,8.0,rho_8,,800,1.8,5,3000,1920509,9,0,9.5436,,final_dense_eta_grid_steps3000_R20_v1
voter,8.0,rho_8,,800,1.8,5,3000,1920510,10,0,9.6538,,final_dense_eta_grid_steps3000_R20_v1
voter,8.0,rho_8,,800,1.8,5,3000,1920511,11,0,9.3833,,final_dense_eta_grid_steps3000_R20_v1
voter,8.0,rho_8,,800,1.8,5,3000,1920512,12,0,9.4842,,final_dense_eta_grid_steps3000_R20_v1
voter,8.0,rho_8,,800,1.8,5,3000,1920513,13,0,9.3552,,final_dense_eta_grid_steps3000_R20_v1
voter,8.0,rho_8,,800,1.8,5,3000,1920514,14,0,9.6721,,final_dense_eta_grid_steps3000_R20_v1
voter,8.0,rho_8,,800,1.8,5,3000,1920515,15,0,9.3112,,final_dense_eta_grid_steps3000_R20_v1
voter,8.0,rho_8,,800,1.8,5,3000,1920516,16,0,9.3187,,final_dense_eta_grid_steps3000_R20_v1
voter,8.0,rho_8,,800,1.8,5,3000,1920517,17,0,9.3884,,final_dense_eta_grid_steps3000_R20_v1
voter,8.0,rho_8,,800,1.8,5,3000,1920518,18,0,9.1275,,final_dense_eta_grid_steps3000_R20_v1
voter,8.0,rho_8,,800,1.8,5,3000,1920519,19,0,9.494,,final_dense_eta_grid_steps3000_R20_v1
voter,8.0,rho_8,8.0,800,2.0,3,3000,1420300,0,0,337.5975,data/pilots/final_voter_base_coarse_v1/voter/rho_8/eta_2/steps_3000/realization_000_seed_1420300,final_voter_base_coarse_v1
voter,8.0,rho_8,8.0,800,2.0,3,3000,1420301,1,0,337.7894,data/pilots/final_voter_base_coarse_v1/voter/rho_8/eta_2/steps_3000/realization_001_seed_1420301,final_voter_base_coarse_v1
voter,8.0,rho_8,8.0,800,2.0,3,3000,1420302,2,0,337.6342,data/pilots/final_voter_base_coarse_v1/voter/rho_8/eta_2/steps_3000/realization_002_seed_1420302,final_voter_base_coarse_v1
voter,8.0,rho_8,8.0,800,2.0,3,3000,1420303,3,0,337.7174,data/pilots/final_voter_base_coarse_v1/voter/rho_8/eta_2/steps_3000/realization_003_seed_1420303,final_voter_base_coarse_v1
voter,8.0,rho_8,8.0,800,2.0,3,3000,1420304,4,0,337.9722,data/pilots/final_voter_base_coarse_v1/voter/rho_8/eta_2/steps_3000/realization_004_seed_1420304,final_voter_base_coarse_v1
voter,8.0,rho_8,8.0,800,2.0,3,3000,1420305,5,0,337.5584,data/pilots/final_voter_base_coarse_v1/voter/rho_8/eta_2/steps_3000/realization_005_seed_1420305,final_voter_base_coarse_v1
voter,8.0,rho_8,8.0,800,2.0,3,3000,1420306,6,0,337.972,data/pilots/final_voter_base_coarse_v1/voter/rho_8/eta_2/steps_3000/realization_006_seed_1420306,final_voter_base_coarse_v1
voter,8.0,rho_8,8.0,800,2.0,3,3000,1420307,7,0,337.4569,data/pilots/final_voter_base_coarse_v1/voter/rho_8/eta_2/steps_3000/realization_007_seed_1420307,final_voter_base_coarse_v1
voter,8.0,rho_8,8.0,800,2.0,3,3000,1420308,8,0,337.6694,data/pilots/final_voter_base_coarse_v1/voter/rho_8/eta_2/steps_3000/realization_008_seed_1420308,final_voter_base_coarse_v1
voter,8.0,rho_8,8.0,800,2.0,3,3000,1420309,9,0,338.1525,data/pilots/final_voter_base_coarse_v1/voter/rho_8/eta_2/steps_3000/realization_009_seed_1420309,final_voter_base_coarse_v1
voter,8.0,rho_8,8.0,800,2.0,3,3000,1420310,10,0,10.2878,data/pilots/final_voter_base_coarse_v1/voter/rho_8/eta_2/steps_3000/realization_010_seed_1420310,final_voter_base_coarse_v1
voter,8.0,rho_8,8.0,800,2.0,3,3000,1420311,11,0,10.246,data/pilots/final_voter_base_coarse_v1/voter/rho_8/eta_2/steps_3000/realization_011_seed_1420311,final_voter_base_coarse_v1
voter,8.0,rho_8,8.0,800,2.0,3,3000,1420312,12,0,10.4175,data/pilots/final_voter_base_coarse_v1/voter/rho_8/eta_2/steps_3000/realization_012_seed_1420312,final_voter_base_coarse_v1
voter,8.0,rho_8,8.0,800,2.0,3,3000,1420313,13,0,10.4065,data/pilots/final_voter_base_coarse_v1/voter/rho_8/eta_2/steps_3000/realization_013_seed_1420313,final_voter_base_coarse_v1
voter,8.0,rho_8,8.0,800,2.0,3,3000,1420314,14,0,10.2244,data/pilots/final_voter_base_coarse_v1/voter/rho_8/eta_2/steps_3000/realization_014_seed_1420314,final_voter_base_coarse_v1
voter,8.0,rho_8,8.0,800,2.0,3,3000,1420315,15,0,10.3966,data/pilots/final_voter_base_coarse_v1/voter/rho_8/eta_2/steps_3000/realization_015_seed_1420315,final_voter_base_coarse_v1
voter,8.0,rho_8,8.0,800,2.0,3,3000,1420316,16,0,10.6185,data/pilots/final_voter_base_coarse_v1/voter/rho_8/eta_2/steps_3000/realization_016_seed_1420316,final_voter_base_coarse_v1
voter,8.0,rho_8,8.0,800,2.0,3,3000,1420317,17,0,10.294,data/pilots/final_voter_base_coarse_v1/voter/rho_8/eta_2/steps_3000/realization_017_seed_1420317,final_voter_base_coarse_v1
voter,8.0,rho_8,8.0,800,2.0,3,3000,1420318,18,0,10.3172,data/pilots/final_voter_base_coarse_v1/voter/rho_8/eta_2/steps_3000/realization_018_seed_1420318,final_voter_base_coarse_v1
voter,8.0,rho_8,8.0,800,2.0,3,3000,1420319,19,0,10.358,data/pilots/final_voter_base_coarse_v1/voter/rho_8/eta_2/steps_3000/realization_019_seed_1420319,final_voter_base_coarse_v1
voter,8.0,rho_8,,800,2.2,6,3000,1920600,0,0,9.2755,,final_dense_eta_grid_steps3000_R20_v1
voter,8.0,rho_8,,800,2.2,6,3000,1920601,1,0,9.2898,,final_dense_eta_grid_steps3000_R20_v1
voter,8.0,rho_8,,800,2.2,6,3000,1920602,2,0,9.3335,,final_dense_eta_grid_steps3000_R20_v1
voter,8.0,rho_8,,800,2.2,6,3000,1920603,3,0,9.0913,,final_dense_eta_grid_steps3000_R20_v1
voter,8.0,rho_8,,800,2.2,6,3000,1920604,4,0,9.1165,,final_dense_eta_grid_steps3000_R20_v1
voter,8.0,rho_8,,800,2.2,6,3000,1920605,5,0,9.3703,,final_dense_eta_grid_steps3000_R20_v1
voter,8.0,rho_8,,800,2.2,6,3000,1920606,6,0,9.2823,,final_dense_eta_grid_steps3000_R20_v1
voter,8.0,rho_8,,800,2.2,6,3000,1920607,7,0,9.2237,,final_dense_eta_grid_steps3000_R20_v1
voter,8.0,rho_8,,800,2.2,6,3000,1920608,8,0,9.2614,,final_dense_eta_grid_steps3000_R20_v1
voter,8.0,rho_8,,800,2.2,6,3000,1920609,9,0,9.2367,,final_dense_eta_grid_steps3000_R20_v1
voter,8.0,rho_8,,800,2.2,6,3000,1920610,10,0,9.2132,,final_dense_eta_grid_steps3000_R20_v1
voter,8.0,rho_8,,800,2.2,6,3000,1920611,11,0,9.136,,final_dense_eta_grid_steps3000_R20_v1
voter,8.0,rho_8,,800,2.2,6,3000,1920612,12,0,9.2535,,final_dense_eta_grid_steps3000_R20_v1
voter,8.0,rho_8,,800,2.2,6,3000,1920613,13,0,9.1983,,final_dense_eta_grid_steps3000_R20_v1
voter,8.0,rho_8,,800,2.2,6,3000,1920614,14,0,9.0584,,final_dense_eta_grid_steps3000_R20_v1
voter,8.0,rho_8,,800,2.2,6,3000,1920615,15,0,9.1937,,final_dense_eta_grid_steps3000_R20_v1
voter,8.0,rho_8,,800,2.2,6,3000,1920616,16,0,9.1629,,final_dense_eta_grid_steps3000_R20_v1
voter,8.0,rho_8,,800,2.2,6,3000,1920617,17,0,9.1888,,final_dense_eta_grid_steps3000_R20_v1
voter,8.0,rho_8,,800,2.2,6,3000,1920618,18,0,9.1609,,final_dense_eta_grid_steps3000_R20_v1
voter,8.0,rho_8,,800,2.2,6,3000,1920619,19,0,9.5727,,final_dense_eta_grid_steps3000_R20_v1
voter,8.0,rho_8,,800,2.4,7,3000,1920700,0,0,9.1865,,final_dense_eta_grid_steps3000_R20_v1
voter,8.0,rho_8,,800,2.4,7,3000,1920701,1,0,9.2788,,final_dense_eta_grid_steps3000_R20_v1
voter,8.0,rho_8,,800,2.4,7,3000,1920702,2,0,8.99,,final_dense_eta_grid_steps3000_R20_v1
voter,8.0,rho_8,,800,2.4,7,3000,1920703,3,0,9.3592,,final_dense_eta_grid_steps3000_R20_v1
voter,8.0,rho_8,,800,2.4,7,3000,1920704,4,0,9.1547,,final_dense_eta_grid_steps3000_R20_v1
voter,8.0,rho_8,,800,2.4,7,3000,1920705,5,0,9.2577,,final_dense_eta_grid_steps3000_R20_v1
voter,8.0,rho_8,,800,2.4,7,3000,1920706,6,0,9.1147,,final_dense_eta_grid_steps3000_R20_v1
voter,8.0,rho_8,,800,2.4,7,3000,1920707,7,0,9.191,,final_dense_eta_grid_steps3000_R20_v1
voter,8.0,rho_8,,800,2.4,7,3000,1920708,8,0,8.9964,,final_dense_eta_grid_steps3000_R20_v1
voter,8.0,rho_8,,800,2.4,7,3000,1920709,9,0,9.3148,,final_dense_eta_grid_steps3000_R20_v1
voter,8.0,rho_8,,800,2.4,7,3000,1920710,10,0,9.0772,,final_dense_eta_grid_steps3000_R20_v1
voter,8.0,rho_8,,800,2.4,7,3000,1920711,11,0,9.3147,,final_dense_eta_grid_steps3000_R20_v1
voter,8.0,rho_8,,800,2.4,7,3000,1920712,12,0,8.9132,,final_dense_eta_grid_steps3000_R20_v1
voter,8.0,rho_8,,800,2.4,7,3000,1920713,13,0,9.164,,final_dense_eta_grid_steps3000_R20_v1
voter,8.0,rho_8,,800,2.4,7,3000,1920714,14,0,9.1769,,final_dense_eta_grid_steps3000_R20_v1
voter,8.0,rho_8,,800,2.4,7,3000,1920715,15,0,9.1046,,final_dense_eta_grid_steps3000_R20_v1
voter,8.0,rho_8,,800,2.4,7,3000,1920716,16,0,8.9312,,final_dense_eta_grid_steps3000_R20_v1
voter,8.0,rho_8,,800,2.4,7,3000,1920717,17,0,9.1457,,final_dense_eta_grid_steps3000_R20_v1
voter,8.0,rho_8,,800,2.4,7,3000,1920718,18,0,8.981,,final_dense_eta_grid_steps3000_R20_v1
voter,8.0,rho_8,,800,2.4,7,3000,1920719,19,0,9.1374,,final_dense_eta_grid_steps3000_R20_v1
voter,8.0,rho_8,,800,2.6,8,3000,1920800,0,0,8.9841,,final_dense_eta_grid_steps3000_R20_v1
voter,8.0,rho_8,,800,2.6,8,3000,1920801,1,0,9.1804,,final_dense_eta_grid_steps3000_R20_v1
voter,8.0,rho_8,,800,2.6,8,3000,1920802,2,0,8.9531,,final_dense_eta_grid_steps3000_R20_v1
voter,8.0,rho_8,,800,2.6,8,3000,1920803,3,0,9.0595,,final_dense_eta_grid_steps3000_R20_v1
voter,8.0,rho_8,,800,2.6,8,3000,1920804,4,0,8.9962,,final_dense_eta_grid_steps3000_R20_v1
voter,8.0,rho_8,,800,2.6,8,3000,1920805,5,0,9.0943,,final_dense_eta_grid_steps3000_R20_v1
voter,8.0,rho_8,,800,2.6,8,3000,1920806,6,0,9.0366,,final_dense_eta_grid_steps3000_R20_v1
voter,8.0,rho_8,,800,2.6,8,3000,1920807,7,0,9.1234,,final_dense_eta_grid_steps3000_R20_v1
voter,8.0,rho_8,,800,2.6,8,3000,1920808,8,0,9.146,,final_dense_eta_grid_steps3000_R20_v1
voter,8.0,rho_8,,800,2.6,8,3000,1920809,9,0,8.9494,,final_dense_eta_grid_steps3000_R20_v1
voter,8.0,rho_8,,800,2.6,8,3000,1920810,10,0,9.3929,,final_dense_eta_grid_steps3000_R20_v1
voter,8.0,rho_8,,800,2.6,8,3000,1920811,11,0,9.4701,,final_dense_eta_grid_steps3000_R20_v1
voter,8.0,rho_8,,800,2.6,8,3000,1920812,12,0,9.2085,,final_dense_eta_grid_steps3000_R20_v1
voter,8.0,rho_8,,800,2.6,8,3000,1920813,13,0,9.1216,,final_dense_eta_grid_steps3000_R20_v1
voter,8.0,rho_8,,800,2.6,8,3000,1920814,14,0,9.4372,,final_dense_eta_grid_steps3000_R20_v1
voter,8.0,rho_8,,800,2.6,8,3000,1920815,15,0,9.2392,,final_dense_eta_grid_steps3000_R20_v1
voter,8.0,rho_8,,800,2.6,8,3000,1920816,16,0,9.3134,,final_dense_eta_grid_steps3000_R20_v1
voter,8.0,rho_8,,800,2.6,8,3000,1920817,17,0,9.4092,,final_dense_eta_grid_steps3000_R20_v1
voter,8.0,rho_8,,800,2.6,8,3000,1920818,18,0,9.0051,,final_dense_eta_grid_steps3000_R20_v1
voter,8.0,rho_8,,800,2.6,8,3000,1920819,19,0,9.2055,,final_dense_eta_grid_steps3000_R20_v1
voter,8.0,rho_8,,800,2.8,9,3000,1920900,0,0,8.9993,,final_dense_eta_grid_steps3000_R20_v1
voter,8.0,rho_8,,800,2.8,9,3000,1920901,1,0,8.957,,final_dense_eta_grid_steps3000_R20_v1
voter,8.0,rho_8,,800,2.8,9,3000,1920902,2,0,9.1306,,final_dense_eta_grid_steps3000_R20_v1
voter,8.0,rho_8,,800,2.8,9,3000,1920903,3,0,9.0712,,final_dense_eta_grid_steps3000_R20_v1
voter,8.0,rho_8,,800,2.8,9,3000,1920904,4,0,9.0017,,final_dense_eta_grid_steps3000_R20_v1
voter,8.0,rho_8,,800,2.8,9,3000,1920905,5,0,8.9947,,final_dense_eta_grid_steps3000_R20_v1
voter,8.0,rho_8,,800,2.8,9,3000,1920906,6,0,8.9045,,final_dense_eta_grid_steps3000_R20_v1
voter,8.0,rho_8,,800,2.8,9,3000,1920907,7,0,9.1149,,final_dense_eta_grid_steps3000_R20_v1
voter,8.0,rho_8,,800,2.8,9,3000,1920908,8,0,8.8923,,final_dense_eta_grid_steps3000_R20_v1
voter,8.0,rho_8,,800,2.8,9,3000,1920909,9,0,8.9839,,final_dense_eta_grid_steps3000_R20_v1
voter,8.0,rho_8,,800,2.8,9,3000,1920910,10,0,9.0476,,final_dense_eta_grid_steps3000_R20_v1
voter,8.0,rho_8,,800,2.8,9,3000,1920911,11,0,9.0477,,final_dense_eta_grid_steps3000_R20_v1
voter,8.0,rho_8,,800,2.8,9,3000,1920912,12,0,8.9204,,final_dense_eta_grid_steps3000_R20_v1
voter,8.0,rho_8,,800,2.8,9,3000,1920913,13,0,9.1635,,final_dense_eta_grid_steps3000_R20_v1
voter,8.0,rho_8,,800,2.8,9,3000,1920914,14,0,9.1128,,final_dense_eta_grid_steps3000_R20_v1
voter,8.0,rho_8,,800,2.8,9,3000,1920915,15,0,8.8343,,final_dense_eta_grid_steps3000_R20_v1
voter,8.0,rho_8,,800,2.8,9,3000,1920916,16,0,9.0504,,final_dense_eta_grid_steps3000_R20_v1
voter,8.0,rho_8,,800,2.8,9,3000,1920917,17,0,9.1388,,final_dense_eta_grid_steps3000_R20_v1
voter,8.0,rho_8,,800,2.8,9,3000,1920918,18,0,8.9309,,final_dense_eta_grid_steps3000_R20_v1
voter,8.0,rho_8,,800,2.8,9,3000,1920919,19,0,8.8808,,final_dense_eta_grid_steps3000_R20_v1
voter,8.0,rho_8,8.0,800,3.0,4,3000,1420400,0,0,9.4119,data/pilots/final_voter_base_coarse_v1/voter/rho_8/eta_3/steps_3000/realization_000_seed_1420400,final_voter_base_coarse_v1
voter,8.0,rho_8,8.0,800,3.0,4,3000,1420401,1,0,9.2978,data/pilots/final_voter_base_coarse_v1/voter/rho_8/eta_3/steps_3000/realization_001_seed_1420401,final_voter_base_coarse_v1
voter,8.0,rho_8,8.0,800,3.0,4,3000,1420402,2,0,9.1222,data/pilots/final_voter_base_coarse_v1/voter/rho_8/eta_3/steps_3000/realization_002_seed_1420402,final_voter_base_coarse_v1
voter,8.0,rho_8,8.0,800,3.0,4,3000,1420403,3,0,9.243,data/pilots/final_voter_base_coarse_v1/voter/rho_8/eta_3/steps_3000/realization_003_seed_1420403,final_voter_base_coarse_v1
voter,8.0,rho_8,8.0,800,3.0,4,3000,1420404,4,0,9.2828,data/pilots/final_voter_base_coarse_v1/voter/rho_8/eta_3/steps_3000/realization_004_seed_1420404,final_voter_base_coarse_v1
voter,8.0,rho_8,8.0,800,3.0,4,3000,1420405,5,0,9.1612,data/pilots/final_voter_base_coarse_v1/voter/rho_8/eta_3/steps_3000/realization_005_seed_1420405,final_voter_base_coarse_v1
voter,8.0,rho_8,8.0,800,3.0,4,3000,1420406,6,0,9.1529,data/pilots/final_voter_base_coarse_v1/voter/rho_8/eta_3/steps_3000/realization_006_seed_1420406,final_voter_base_coarse_v1
voter,8.0,rho_8,8.0,800,3.0,4,3000,1420407,7,0,9.2063,data/pilots/final_voter_base_coarse_v1/voter/rho_8/eta_3/steps_3000/realization_007_seed_1420407,final_voter_base_coarse_v1
voter,8.0,rho_8,8.0,800,3.0,4,3000,1420408,8,0,9.2217,data/pilots/final_voter_base_coarse_v1/voter/rho_8/eta_3/steps_3000/realization_008_seed_1420408,final_voter_base_coarse_v1
voter,8.0,rho_8,8.0,800,3.0,4,3000,1420409,9,0,9.3353,data/pilots/final_voter_base_coarse_v1/voter/rho_8/eta_3/steps_3000/realization_009_seed_1420409,final_voter_base_coarse_v1
voter,8.0,rho_8,8.0,800,3.0,4,3000,1420410,10,0,9.2255,data/pilots/final_voter_base_coarse_v1/voter/rho_8/eta_3/steps_3000/realization_010_seed_1420410,final_voter_base_coarse_v1
voter,8.0,rho_8,8.0,800,3.0,4,3000,1420411,11,0,9.085,data/pilots/final_voter_base_coarse_v1/voter/rho_8/eta_3/steps_3000/realization_011_seed_1420411,final_voter_base_coarse_v1
voter,8.0,rho_8,8.0,800,3.0,4,3000,1420412,12,0,9.2054,data/pilots/final_voter_base_coarse_v1/voter/rho_8/eta_3/steps_3000/realization_012_seed_1420412,final_voter_base_coarse_v1
voter,8.0,rho_8,8.0,800,3.0,4,3000,1420413,13,0,9.1029,data/pilots/final_voter_base_coarse_v1/voter/rho_8/eta_3/steps_3000/realization_013_seed_1420413,final_voter_base_coarse_v1
voter,8.0,rho_8,8.0,800,3.0,4,3000,1420414,14,0,8.9601,data/pilots/final_voter_base_coarse_v1/voter/rho_8/eta_3/steps_3000/realization_014_seed_1420414,final_voter_base_coarse_v1
voter,8.0,rho_8,8.0,800,3.0,4,3000,1420415,15,0,9.1198,data/pilots/final_voter_base_coarse_v1/voter/rho_8/eta_3/steps_3000/realization_015_seed_1420415,final_voter_base_coarse_v1
voter,8.0,rho_8,8.0,800,3.0,4,3000,1420416,16,0,9.1131,data/pilots/final_voter_base_coarse_v1/voter/rho_8/eta_3/steps_3000/realization_016_seed_1420416,final_voter_base_coarse_v1
voter,8.0,rho_8,8.0,800,3.0,4,3000,1420417,17,0,9.1615,data/pilots/final_voter_base_coarse_v1/voter/rho_8/eta_3/steps_3000/realization_017_seed_1420417,final_voter_base_coarse_v1
voter,8.0,rho_8,8.0,800,3.0,4,3000,1420418,18,0,9.0384,data/pilots/final_voter_base_coarse_v1/voter/rho_8/eta_3/steps_3000/realization_018_seed_1420418,final_voter_base_coarse_v1
voter,8.0,rho_8,8.0,800,3.0,4,3000,1420419,19,0,9.1836,data/pilots/final_voter_base_coarse_v1/voter/rho_8/eta_3/steps_3000/realization_019_seed_1420419,final_voter_base_coarse_v1
voter,8.0,rho_8,,800,3.2,10,3000,1921000,0,0,8.8928,,final_dense_eta_grid_steps3000_R20_v1
voter,8.0,rho_8,,800,3.2,10,3000,1921001,1,0,8.9298,,final_dense_eta_grid_steps3000_R20_v1
voter,8.0,rho_8,,800,3.2,10,3000,1921002,2,0,8.9797,,final_dense_eta_grid_steps3000_R20_v1
voter,8.0,rho_8,,800,3.2,10,3000,1921003,3,0,9.0693,,final_dense_eta_grid_steps3000_R20_v1
voter,8.0,rho_8,,800,3.2,10,3000,1921004,4,0,9.0653,,final_dense_eta_grid_steps3000_R20_v1
voter,8.0,rho_8,,800,3.2,10,3000,1921005,5,0,8.915,,final_dense_eta_grid_steps3000_R20_v1
voter,8.0,rho_8,,800,3.2,10,3000,1921006,6,0,8.873,,final_dense_eta_grid_steps3000_R20_v1
voter,8.0,rho_8,,800,3.2,10,3000,1921007,7,0,8.8956,,final_dense_eta_grid_steps3000_R20_v1
voter,8.0,rho_8,,800,3.2,10,3000,1921008,8,0,9.0572,,final_dense_eta_grid_steps3000_R20_v1
voter,8.0,rho_8,,800,3.2,10,3000,1921009,9,0,8.8345,,final_dense_eta_grid_steps3000_R20_v1
voter,8.0,rho_8,,800,3.2,10,3000,1921010,10,0,8.957,,final_dense_eta_grid_steps3000_R20_v1
voter,8.0,rho_8,,800,3.2,10,3000,1921011,11,0,8.7868,,final_dense_eta_grid_steps3000_R20_v1
voter,8.0,rho_8,,800,3.2,10,3000,1921012,12,0,9.1554,,final_dense_eta_grid_steps3000_R20_v1
voter,8.0,rho_8,,800,3.2,10,3000,1921013,13,0,9.0269,,final_dense_eta_grid_steps3000_R20_v1
voter,8.0,rho_8,,800,3.2,10,3000,1921014,14,0,8.9003,,final_dense_eta_grid_steps3000_R20_v1
voter,8.0,rho_8,,800,3.2,10,3000,1921015,15,0,8.9348,,final_dense_eta_grid_steps3000_R20_v1
voter,8.0,rho_8,,800,3.2,10,3000,1921016,16,0,8.875,,final_dense_eta_grid_steps3000_R20_v1
voter,8.0,rho_8,,800,3.2,10,3000,1921017,17,0,8.8427,,final_dense_eta_grid_steps3000_R20_v1
voter,8.0,rho_8,,800,3.2,10,3000,1921018,18,0,8.861,,final_dense_eta_grid_steps3000_R20_v1
voter,8.0,rho_8,,800,3.2,10,3000,1921019,19,0,8.883,,final_dense_eta_grid_steps3000_R20_v1
voter,8.0,rho_8,,800,3.4,11,3000,1921100,0,0,8.8669,,final_dense_eta_grid_steps3000_R20_v1
voter,8.0,rho_8,,800,3.4,11,3000,1921101,1,0,8.8639,,final_dense_eta_grid_steps3000_R20_v1
voter,8.0,rho_8,,800,3.4,11,3000,1921102,2,0,8.8941,,final_dense_eta_grid_steps3000_R20_v1
voter,8.0,rho_8,,800,3.4,11,3000,1921103,3,0,8.9968,,final_dense_eta_grid_steps3000_R20_v1
voter,8.0,rho_8,,800,3.4,11,3000,1921104,4,0,8.953,,final_dense_eta_grid_steps3000_R20_v1
voter,8.0,rho_8,,800,3.4,11,3000,1921105,5,0,8.9723,,final_dense_eta_grid_steps3000_R20_v1
voter,8.0,rho_8,,800,3.4,11,3000,1921106,6,0,8.9952,,final_dense_eta_grid_steps3000_R20_v1
voter,8.0,rho_8,,800,3.4,11,3000,1921107,7,0,8.9138,,final_dense_eta_grid_steps3000_R20_v1
voter,8.0,rho_8,,800,3.4,11,3000,1921108,8,0,8.969,,final_dense_eta_grid_steps3000_R20_v1
voter,8.0,rho_8,,800,3.4,11,3000,1921109,9,0,9.014,,final_dense_eta_grid_steps3000_R20_v1
voter,8.0,rho_8,,800,3.4,11,3000,1921110,10,0,8.8294,,final_dense_eta_grid_steps3000_R20_v1
voter,8.0,rho_8,,800,3.4,11,3000,1921111,11,0,8.8852,,final_dense_eta_grid_steps3000_R20_v1
voter,8.0,rho_8,,800,3.4,11,3000,1921112,12,0,8.8754,,final_dense_eta_grid_steps3000_R20_v1
voter,8.0,rho_8,,800,3.4,11,3000,1921113,13,0,8.9276,,final_dense_eta_grid_steps3000_R20_v1
voter,8.0,rho_8,,800,3.4,11,3000,1921114,14,0,8.9034,,final_dense_eta_grid_steps3000_R20_v1
voter,8.0,rho_8,,800,3.4,11,3000,1921115,15,0,9.1334,,final_dense_eta_grid_steps3000_R20_v1
voter,8.0,rho_8,,800,3.4,11,3000,1921116,16,0,8.9302,,final_dense_eta_grid_steps3000_R20_v1
voter,8.0,rho_8,,800,3.4,11,3000,1921117,17,0,9.0668,,final_dense_eta_grid_steps3000_R20_v1
voter,8.0,rho_8,,800,3.4,11,3000,1921118,18,0,9.2131,,final_dense_eta_grid_steps3000_R20_v1
voter,8.0,rho_8,,800,3.4,11,3000,1921119,19,0,9.1255,,final_dense_eta_grid_steps3000_R20_v1
voter,8.0,rho_8,,800,3.6,12,3000,1921200,0,0,9.6549,,final_dense_eta_grid_steps3000_R20_v1
voter,8.0,rho_8,,800,3.6,12,3000,1921201,1,0,9.5312,,final_dense_eta_grid_steps3000_R20_v1
voter,8.0,rho_8,,800,3.6,12,3000,1921202,2,0,9.6119,,final_dense_eta_grid_steps3000_R20_v1
voter,8.0,rho_8,,800,3.6,12,3000,1921203,3,0,9.4454,,final_dense_eta_grid_steps3000_R20_v1
voter,8.0,rho_8,,800,3.6,12,3000,1921204,4,0,9.3719,,final_dense_eta_grid_steps3000_R20_v1
voter,8.0,rho_8,,800,3.6,12,3000,1921205,5,0,9.5091,,final_dense_eta_grid_steps3000_R20_v1
voter,8.0,rho_8,,800,3.6,12,3000,1921206,6,0,9.5355,,final_dense_eta_grid_steps3000_R20_v1
voter,8.0,rho_8,,800,3.6,12,3000,1921207,7,0,9.399,,final_dense_eta_grid_steps3000_R20_v1
voter,8.0,rho_8,,800,3.6,12,3000,1921208,8,0,9.337,,final_dense_eta_grid_steps3000_R20_v1
voter,8.0,rho_8,,800,3.6,12,3000,1921209,9,0,9.2521,,final_dense_eta_grid_steps3000_R20_v1
voter,8.0,rho_8,,800,3.6,12,3000,1921210,10,0,8.8471,,final_dense_eta_grid_steps3000_R20_v1
voter,8.0,rho_8,,800,3.6,12,3000,1921211,11,0,8.8243,,final_dense_eta_grid_steps3000_R20_v1
voter,8.0,rho_8,,800,3.6,12,3000,1921212,12,0,8.7706,,final_dense_eta_grid_steps3000_R20_v1
voter,8.0,rho_8,,800,3.6,12,3000,1921213,13,0,8.7153,,final_dense_eta_grid_steps3000_R20_v1
voter,8.0,rho_8,,800,3.6,12,3000,1921214,14,0,8.7758,,final_dense_eta_grid_steps3000_R20_v1
voter,8.0,rho_8,,800,3.6,12,3000,1921215,15,0,8.8426,,final_dense_eta_grid_steps3000_R20_v1
voter,8.0,rho_8,,800,3.6,12,3000,1921216,16,0,8.8652,,final_dense_eta_grid_steps3000_R20_v1
voter,8.0,rho_8,,800,3.6,12,3000,1921217,17,0,8.771,,final_dense_eta_grid_steps3000_R20_v1
voter,8.0,rho_8,,800,3.6,12,3000,1921218,18,0,8.8532,,final_dense_eta_grid_steps3000_R20_v1
voter,8.0,rho_8,,800,3.6,12,3000,1921219,19,0,8.8373,,final_dense_eta_grid_steps3000_R20_v1
voter,8.0,rho_8,,800,3.8,13,3000,1921300,0,0,8.7881,,final_dense_eta_grid_steps3000_R20_v1
voter,8.0,rho_8,,800,3.8,13,3000,1921301,1,0,8.8557,,final_dense_eta_grid_steps3000_R20_v1
voter,8.0,rho_8,,800,3.8,13,3000,1921302,2,0,8.8791,,final_dense_eta_grid_steps3000_R20_v1
voter,8.0,rho_8,,800,3.8,13,3000,1921303,3,0,8.9158,,final_dense_eta_grid_steps3000_R20_v1
voter,8.0,rho_8,,800,3.8,13,3000,1921304,4,0,8.9993,,final_dense_eta_grid_steps3000_R20_v1
voter,8.0,rho_8,,800,3.8,13,3000,1921305,5,0,8.8696,,final_dense_eta_grid_steps3000_R20_v1
voter,8.0,rho_8,,800,3.8,13,3000,1921306,6,0,9.0224,,final_dense_eta_grid_steps3000_R20_v1
voter,8.0,rho_8,,800,3.8,13,3000,1921307,7,0,8.9748,,final_dense_eta_grid_steps3000_R20_v1
voter,8.0,rho_8,,800,3.8,13,3000,1921308,8,0,8.8666,,final_dense_eta_grid_steps3000_R20_v1
voter,8.0,rho_8,,800,3.8,13,3000,1921309,9,0,8.9259,,final_dense_eta_grid_steps3000_R20_v1
voter,8.0,rho_8,,800,3.8,13,3000,1921310,10,0,8.9302,,final_dense_eta_grid_steps3000_R20_v1
voter,8.0,rho_8,,800,3.8,13,3000,1921311,11,0,8.9758,,final_dense_eta_grid_steps3000_R20_v1
voter,8.0,rho_8,,800,3.8,13,3000,1921312,12,0,9.0013,,final_dense_eta_grid_steps3000_R20_v1
voter,8.0,rho_8,,800,3.8,13,3000,1921313,13,0,9.0871,,final_dense_eta_grid_steps3000_R20_v1
voter,8.0,rho_8,,800,3.8,13,3000,1921314,14,0,8.9913,,final_dense_eta_grid_steps3000_R20_v1
voter,8.0,rho_8,,800,3.8,13,3000,1921315,15,0,8.9371,,final_dense_eta_grid_steps3000_R20_v1
voter,8.0,rho_8,,800,3.8,13,3000,1921316,16,0,8.9197,,final_dense_eta_grid_steps3000_R20_v1
voter,8.0,rho_8,,800,3.8,13,3000,1921317,17,0,9.0274,,final_dense_eta_grid_steps3000_R20_v1
voter,8.0,rho_8,,800,3.8,13,3000,1921318,18,0,8.9509,,final_dense_eta_grid_steps3000_R20_v1
voter,8.0,rho_8,,800,3.8,13,3000,1921319,19,0,8.8801,,final_dense_eta_grid_steps3000_R20_v1
voter,8.0,rho_8,8.0,800,4.0,5,3000,1420500,0,0,8.967,data/pilots/final_voter_base_coarse_v1/voter/rho_8/eta_4/steps_3000/realization_000_seed_1420500,final_voter_base_coarse_v1
voter,8.0,rho_8,8.0,800,4.0,5,3000,1420501,1,0,8.9756,data/pilots/final_voter_base_coarse_v1/voter/rho_8/eta_4/steps_3000/realization_001_seed_1420501,final_voter_base_coarse_v1
voter,8.0,rho_8,8.0,800,4.0,5,3000,1420502,2,0,8.8436,data/pilots/final_voter_base_coarse_v1/voter/rho_8/eta_4/steps_3000/realization_002_seed_1420502,final_voter_base_coarse_v1
voter,8.0,rho_8,8.0,800,4.0,5,3000,1420503,3,0,8.8021,data/pilots/final_voter_base_coarse_v1/voter/rho_8/eta_4/steps_3000/realization_003_seed_1420503,final_voter_base_coarse_v1
voter,8.0,rho_8,8.0,800,4.0,5,3000,1420504,4,0,8.8191,data/pilots/final_voter_base_coarse_v1/voter/rho_8/eta_4/steps_3000/realization_004_seed_1420504,final_voter_base_coarse_v1
voter,8.0,rho_8,8.0,800,4.0,5,3000,1420505,5,0,8.8792,data/pilots/final_voter_base_coarse_v1/voter/rho_8/eta_4/steps_3000/realization_005_seed_1420505,final_voter_base_coarse_v1
voter,8.0,rho_8,8.0,800,4.0,5,3000,1420506,6,0,8.7965,data/pilots/final_voter_base_coarse_v1/voter/rho_8/eta_4/steps_3000/realization_006_seed_1420506,final_voter_base_coarse_v1
voter,8.0,rho_8,8.0,800,4.0,5,3000,1420507,7,0,8.9097,data/pilots/final_voter_base_coarse_v1/voter/rho_8/eta_4/steps_3000/realization_007_seed_1420507,final_voter_base_coarse_v1
voter,8.0,rho_8,8.0,800,4.0,5,3000,1420508,8,0,8.8985,data/pilots/final_voter_base_coarse_v1/voter/rho_8/eta_4/steps_3000/realization_008_seed_1420508,final_voter_base_coarse_v1
voter,8.0,rho_8,8.0,800,4.0,5,3000,1420509,9,0,8.9559,data/pilots/final_voter_base_coarse_v1/voter/rho_8/eta_4/steps_3000/realization_009_seed_1420509,final_voter_base_coarse_v1
voter,8.0,rho_8,8.0,800,4.0,5,3000,1420510,10,0,8.9247,data/pilots/final_voter_base_coarse_v1/voter/rho_8/eta_4/steps_3000/realization_010_seed_1420510,final_voter_base_coarse_v1
voter,8.0,rho_8,8.0,800,4.0,5,3000,1420511,11,0,8.9078,data/pilots/final_voter_base_coarse_v1/voter/rho_8/eta_4/steps_3000/realization_011_seed_1420511,final_voter_base_coarse_v1
voter,8.0,rho_8,8.0,800,4.0,5,3000,1420512,12,0,8.8506,data/pilots/final_voter_base_coarse_v1/voter/rho_8/eta_4/steps_3000/realization_012_seed_1420512,final_voter_base_coarse_v1
voter,8.0,rho_8,8.0,800,4.0,5,3000,1420513,13,0,8.9172,data/pilots/final_voter_base_coarse_v1/voter/rho_8/eta_4/steps_3000/realization_013_seed_1420513,final_voter_base_coarse_v1
voter,8.0,rho_8,8.0,800,4.0,5,3000,1420514,14,0,8.8067,data/pilots/final_voter_base_coarse_v1/voter/rho_8/eta_4/steps_3000/realization_014_seed_1420514,final_voter_base_coarse_v1
voter,8.0,rho_8,8.0,800,4.0,5,3000,1420515,15,0,8.789,data/pilots/final_voter_base_coarse_v1/voter/rho_8/eta_4/steps_3000/realization_015_seed_1420515,final_voter_base_coarse_v1
voter,8.0,rho_8,8.0,800,4.0,5,3000,1420516,16,0,8.8701,data/pilots/final_voter_base_coarse_v1/voter/rho_8/eta_4/steps_3000/realization_016_seed_1420516,final_voter_base_coarse_v1
voter,8.0,rho_8,8.0,800,4.0,5,3000,1420517,17,0,8.8743,data/pilots/final_voter_base_coarse_v1/voter/rho_8/eta_4/steps_3000/realization_017_seed_1420517,final_voter_base_coarse_v1
voter,8.0,rho_8,8.0,800,4.0,5,3000,1420518,18,0,8.9099,data/pilots/final_voter_base_coarse_v1/voter/rho_8/eta_4/steps_3000/realization_018_seed_1420518,final_voter_base_coarse_v1
voter,8.0,rho_8,8.0,800,4.0,5,3000,1420519,19,0,8.9679,data/pilots/final_voter_base_coarse_v1/voter/rho_8/eta_4/steps_3000/realization_019_seed_1420519,final_voter_base_coarse_v1
voter,8.0,rho_8,,800,4.2,14,3000,1921400,0,0,8.7681,,final_dense_eta_grid_steps3000_R20_v1
voter,8.0,rho_8,,800,4.2,14,3000,1921401,1,0,8.7973,,final_dense_eta_grid_steps3000_R20_v1
voter,8.0,rho_8,,800,4.2,14,3000,1921402,2,0,8.7527,,final_dense_eta_grid_steps3000_R20_v1
voter,8.0,rho_8,,800,4.2,14,3000,1921403,3,0,8.7988,,final_dense_eta_grid_steps3000_R20_v1
voter,8.0,rho_8,,800,4.2,14,3000,1921404,4,0,8.7155,,final_dense_eta_grid_steps3000_R20_v1
voter,8.0,rho_8,,800,4.2,14,3000,1921405,5,0,8.711,,final_dense_eta_grid_steps3000_R20_v1
voter,8.0,rho_8,,800,4.2,14,3000,1921406,6,0,8.7824,,final_dense_eta_grid_steps3000_R20_v1
voter,8.0,rho_8,,800,4.2,14,3000,1921407,7,0,8.8154,,final_dense_eta_grid_steps3000_R20_v1
voter,8.0,rho_8,,800,4.2,14,3000,1921408,8,0,8.8793,,final_dense_eta_grid_steps3000_R20_v1
voter,8.0,rho_8,,800,4.2,14,3000,1921409,9,0,8.775,,final_dense_eta_grid_steps3000_R20_v1
voter,8.0,rho_8,,800,4.2,14,3000,1921410,10,0,8.7291,,final_dense_eta_grid_steps3000_R20_v1
voter,8.0,rho_8,,800,4.2,14,3000,1921411,11,0,8.7493,,final_dense_eta_grid_steps3000_R20_v1
voter,8.0,rho_8,,800,4.2,14,3000,1921412,12,0,8.813,,final_dense_eta_grid_steps3000_R20_v1
voter,8.0,rho_8,,800,4.2,14,3000,1921413,13,0,8.7813,,final_dense_eta_grid_steps3000_R20_v1
voter,8.0,rho_8,,800,4.2,14,3000,1921414,14,0,8.7404,,final_dense_eta_grid_steps3000_R20_v1
voter,8.0,rho_8,,800,4.2,14,3000,1921415,15,0,8.8024,,final_dense_eta_grid_steps3000_R20_v1
voter,8.0,rho_8,,800,4.2,14,3000,1921416,16,0,8.7954,,final_dense_eta_grid_steps3000_R20_v1
voter,8.0,rho_8,,800,4.2,14,3000,1921417,17,0,8.718,,final_dense_eta_grid_steps3000_R20_v1
voter,8.0,rho_8,,800,4.2,14,3000,1921418,18,0,8.8284,,final_dense_eta_grid_steps3000_R20_v1
voter,8.0,rho_8,,800,4.2,14,3000,1921419,19,0,8.7241,,final_dense_eta_grid_steps3000_R20_v1
voter,8.0,rho_8,,800,4.4,15,3000,1921500,0,0,8.7949,,final_dense_eta_grid_steps3000_R20_v1
voter,8.0,rho_8,,800,4.4,15,3000,1921501,1,0,8.8384,,final_dense_eta_grid_steps3000_R20_v1
voter,8.0,rho_8,,800,4.4,15,3000,1921502,2,0,8.8786,,final_dense_eta_grid_steps3000_R20_v1
voter,8.0,rho_8,,800,4.4,15,3000,1921503,3,0,8.8844,,final_dense_eta_grid_steps3000_R20_v1
voter,8.0,rho_8,,800,4.4,15,3000,1921504,4,0,8.8025,,final_dense_eta_grid_steps3000_R20_v1
voter,8.0,rho_8,,800,4.4,15,3000,1921505,5,0,8.9577,,final_dense_eta_grid_steps3000_R20_v1
voter,8.0,rho_8,,800,4.4,15,3000,1921506,6,0,8.9688,,final_dense_eta_grid_steps3000_R20_v1
voter,8.0,rho_8,,800,4.4,15,3000,1921507,7,0,8.9037,,final_dense_eta_grid_steps3000_R20_v1
voter,8.0,rho_8,,800,4.4,15,3000,1921508,8,0,8.7774,,final_dense_eta_grid_steps3000_R20_v1
voter,8.0,rho_8,,800,4.4,15,3000,1921509,9,0,8.8388,,final_dense_eta_grid_steps3000_R20_v1
voter,8.0,rho_8,,800,4.4,15,3000,1921510,10,0,8.8068,,final_dense_eta_grid_steps3000_R20_v1
voter,8.0,rho_8,,800,4.4,15,3000,1921511,11,0,8.8802,,final_dense_eta_grid_steps3000_R20_v1
voter,8.0,rho_8,,800,4.4,15,3000,1921512,12,0,8.8425,,final_dense_eta_grid_steps3000_R20_v1
voter,8.0,rho_8,,800,4.4,15,3000,1921513,13,0,8.8307,,final_dense_eta_grid_steps3000_R20_v1
voter,8.0,rho_8,,800,4.4,15,3000,1921514,14,0,8.8353,,final_dense_eta_grid_steps3000_R20_v1
voter,8.0,rho_8,,800,4.4,15,3000,1921515,15,0,8.7963,,final_dense_eta_grid_steps3000_R20_v1
voter,8.0,rho_8,,800,4.4,15,3000,1921516,16,0,8.6552,,final_dense_eta_grid_steps3000_R20_v1
voter,8.0,rho_8,,800,4.4,15,3000,1921517,17,0,8.9224,,final_dense_eta_grid_steps3000_R20_v1
voter,8.0,rho_8,,800,4.4,15,3000,1921518,18,0,8.784,,final_dense_eta_grid_steps3000_R20_v1
voter,8.0,rho_8,,800,4.4,15,3000,1921519,19,0,8.8355,,final_dense_eta_grid_steps3000_R20_v1
voter,8.0,rho_8,,800,4.6,16,3000,1921600,0,0,8.7041,,final_dense_eta_grid_steps3000_R20_v1
voter,8.0,rho_8,,800,4.6,16,3000,1921601,1,0,8.6486,,final_dense_eta_grid_steps3000_R20_v1
voter,8.0,rho_8,,800,4.6,16,3000,1921602,2,0,8.7217,,final_dense_eta_grid_steps3000_R20_v1
voter,8.0,rho_8,,800,4.6,16,3000,1921603,3,0,8.7198,,final_dense_eta_grid_steps3000_R20_v1
voter,8.0,rho_8,,800,4.6,16,3000,1921604,4,0,8.7485,,final_dense_eta_grid_steps3000_R20_v1
voter,8.0,rho_8,,800,4.6,16,3000,1921605,5,0,8.6956,,final_dense_eta_grid_steps3000_R20_v1
voter,8.0,rho_8,,800,4.6,16,3000,1921606,6,0,8.7574,,final_dense_eta_grid_steps3000_R20_v1
voter,8.0,rho_8,,800,4.6,16,3000,1921607,7,0,8.7689,,final_dense_eta_grid_steps3000_R20_v1
voter,8.0,rho_8,,800,4.6,16,3000,1921608,8,0,8.746,,final_dense_eta_grid_steps3000_R20_v1
voter,8.0,rho_8,,800,4.6,16,3000,1921609,9,0,8.7888,,final_dense_eta_grid_steps3000_R20_v1
voter,8.0,rho_8,,800,4.6,16,3000,1921610,10,0,8.8667,,final_dense_eta_grid_steps3000_R20_v1
voter,8.0,rho_8,,800,4.6,16,3000,1921611,11,0,8.7728,,final_dense_eta_grid_steps3000_R20_v1
voter,8.0,rho_8,,800,4.6,16,3000,1921612,12,0,8.6791,,final_dense_eta_grid_steps3000_R20_v1
voter,8.0,rho_8,,800,4.6,16,3000,1921613,13,0,8.8249,,final_dense_eta_grid_steps3000_R20_v1
voter,8.0,rho_8,,800,4.6,16,3000,1921614,14,0,8.6831,,final_dense_eta_grid_steps3000_R20_v1
voter,8.0,rho_8,,800,4.6,16,3000,1921615,15,0,8.8188,,final_dense_eta_grid_steps3000_R20_v1
voter,8.0,rho_8,,800,4.6,16,3000,1921616,16,0,8.7516,,final_dense_eta_grid_steps3000_R20_v1
voter,8.0,rho_8,,800,4.6,16,3000,1921617,17,0,8.7123,,final_dense_eta_grid_steps3000_R20_v1
voter,8.0,rho_8,,800,4.6,16,3000,1921618,18,0,8.7167,,final_dense_eta_grid_steps3000_R20_v1
voter,8.0,rho_8,,800,4.6,16,3000,1921619,19,0,8.7181,,final_dense_eta_grid_steps3000_R20_v1
voter,8.0,rho_8,,800,4.8,17,3000,1921700,0,0,8.7136,,final_dense_eta_grid_steps3000_R20_v1
voter,8.0,rho_8,,800,4.8,17,3000,1921701,1,0,8.7501,,final_dense_eta_grid_steps3000_R20_v1
voter,8.0,rho_8,,800,4.8,17,3000,1921702,2,0,8.7992,,final_dense_eta_grid_steps3000_R20_v1
voter,8.0,rho_8,,800,4.8,17,3000,1921703,3,0,8.9156,,final_dense_eta_grid_steps3000_R20_v1
voter,8.0,rho_8,,800,4.8,17,3000,1921704,4,0,8.8333,,final_dense_eta_grid_steps3000_R20_v1
voter,8.0,rho_8,,800,4.8,17,3000,1921705,5,0,8.8167,,final_dense_eta_grid_steps3000_R20_v1
voter,8.0,rho_8,,800,4.8,17,3000,1921706,6,0,8.7507,,final_dense_eta_grid_steps3000_R20_v1
voter,8.0,rho_8,,800,4.8,17,3000,1921707,7,0,8.9169,,final_dense_eta_grid_steps3000_R20_v1
voter,8.0,rho_8,,800,4.8,17,3000,1921708,8,0,8.7846,,final_dense_eta_grid_steps3000_R20_v1
voter,8.0,rho_8,,800,4.8,17,3000,1921709,9,0,8.6561,,final_dense_eta_grid_steps3000_R20_v1
voter,8.0,rho_8,,800,4.8,17,3000,1921710,10,0,8.7512,,final_dense_eta_grid_steps3000_R20_v1
voter,8.0,rho_8,,800,4.8,17,3000,1921711,11,0,8.7637,,final_dense_eta_grid_steps3000_R20_v1
voter,8.0,rho_8,,800,4.8,17,3000,1921712,12,0,8.7483,,final_dense_eta_grid_steps3000_R20_v1
voter,8.0,rho_8,,800,4.8,17,3000,1921713,13,0,8.7863,,final_dense_eta_grid_steps3000_R20_v1
voter,8.0,rho_8,,800,4.8,17,3000,1921714,14,0,8.6908,,final_dense_eta_grid_steps3000_R20_v1
voter,8.0,rho_8,,800,4.8,17,3000,1921715,15,0,8.6326,,final_dense_eta_grid_steps3000_R20_v1
voter,8.0,rho_8,,800,4.8,17,3000,1921716,16,0,8.6589,,final_dense_eta_grid_steps3000_R20_v1
voter,8.0,rho_8,,800,4.8,17,3000,1921717,17,0,8.7633,,final_dense_eta_grid_steps3000_R20_v1
voter,8.0,rho_8,,800,4.8,17,3000,1921718,18,0,8.73,,final_dense_eta_grid_steps3000_R20_v1
voter,8.0,rho_8,,800,4.8,17,3000,1921719,19,0,8.7799,,final_dense_eta_grid_steps3000_R20_v1
voter,8.0,rho_8,8.0,800,5.0,6,3000,1420600,0,0,8.8577,data/pilots/final_voter_base_coarse_v1/voter/rho_8/eta_5/steps_3000/realization_000_seed_1420600,final_voter_base_coarse_v1
voter,8.0,rho_8,8.0,800,5.0,6,3000,1420601,1,0,8.838,data/pilots/final_voter_base_coarse_v1/voter/rho_8/eta_5/steps_3000/realization_001_seed_1420601,final_voter_base_coarse_v1
voter,8.0,rho_8,8.0,800,5.0,6,3000,1420602,2,0,8.7598,data/pilots/final_voter_base_coarse_v1/voter/rho_8/eta_5/steps_3000/realization_002_seed_1420602,final_voter_base_coarse_v1
voter,8.0,rho_8,8.0,800,5.0,6,3000,1420603,3,0,8.8263,data/pilots/final_voter_base_coarse_v1/voter/rho_8/eta_5/steps_3000/realization_003_seed_1420603,final_voter_base_coarse_v1
voter,8.0,rho_8,8.0,800,5.0,6,3000,1420604,4,0,8.7861,data/pilots/final_voter_base_coarse_v1/voter/rho_8/eta_5/steps_3000/realization_004_seed_1420604,final_voter_base_coarse_v1
voter,8.0,rho_8,8.0,800,5.0,6,3000,1420605,5,0,8.8623,data/pilots/final_voter_base_coarse_v1/voter/rho_8/eta_5/steps_3000/realization_005_seed_1420605,final_voter_base_coarse_v1
voter,8.0,rho_8,8.0,800,5.0,6,3000,1420606,6,0,8.922,data/pilots/final_voter_base_coarse_v1/voter/rho_8/eta_5/steps_3000/realization_006_seed_1420606,final_voter_base_coarse_v1
voter,8.0,rho_8,8.0,800,5.0,6,3000,1420607,7,0,8.8002,data/pilots/final_voter_base_coarse_v1/voter/rho_8/eta_5/steps_3000/realization_007_seed_1420607,final_voter_base_coarse_v1
voter,8.0,rho_8,8.0,800,5.0,6,3000,1420608,8,0,8.8419,data/pilots/final_voter_base_coarse_v1/voter/rho_8/eta_5/steps_3000/realization_008_seed_1420608,final_voter_base_coarse_v1
voter,8.0,rho_8,8.0,800,5.0,6,3000,1420609,9,0,8.8596,data/pilots/final_voter_base_coarse_v1/voter/rho_8/eta_5/steps_3000/realization_009_seed_1420609,final_voter_base_coarse_v1
voter,8.0,rho_8,8.0,800,5.0,6,3000,1420610,10,0,8.8097,data/pilots/final_voter_base_coarse_v1/voter/rho_8/eta_5/steps_3000/realization_010_seed_1420610,final_voter_base_coarse_v1
voter,8.0,rho_8,8.0,800,5.0,6,3000,1420611,11,0,8.9642,data/pilots/final_voter_base_coarse_v1/voter/rho_8/eta_5/steps_3000/realization_011_seed_1420611,final_voter_base_coarse_v1
voter,8.0,rho_8,8.0,800,5.0,6,3000,1420612,12,0,8.9678,data/pilots/final_voter_base_coarse_v1/voter/rho_8/eta_5/steps_3000/realization_012_seed_1420612,final_voter_base_coarse_v1
voter,8.0,rho_8,8.0,800,5.0,6,3000,1420613,13,0,8.9091,data/pilots/final_voter_base_coarse_v1/voter/rho_8/eta_5/steps_3000/realization_013_seed_1420613,final_voter_base_coarse_v1
voter,8.0,rho_8,8.0,800,5.0,6,3000,1420614,14,0,8.9445,data/pilots/final_voter_base_coarse_v1/voter/rho_8/eta_5/steps_3000/realization_014_seed_1420614,final_voter_base_coarse_v1
voter,8.0,rho_8,8.0,800,5.0,6,3000,1420615,15,0,9.004,data/pilots/final_voter_base_coarse_v1/voter/rho_8/eta_5/steps_3000/realization_015_seed_1420615,final_voter_base_coarse_v1
voter,8.0,rho_8,8.0,800,5.0,6,3000,1420616,16,0,8.9656,data/pilots/final_voter_base_coarse_v1/voter/rho_8/eta_5/steps_3000/realization_016_seed_1420616,final_voter_base_coarse_v1
voter,8.0,rho_8,8.0,800,5.0,6,3000,1420617,17,0,9.0191,data/pilots/final_voter_base_coarse_v1/voter/rho_8/eta_5/steps_3000/realization_017_seed_1420617,final_voter_base_coarse_v1
voter,8.0,rho_8,8.0,800,5.0,6,3000,1420618,18,0,8.968,data/pilots/final_voter_base_coarse_v1/voter/rho_8/eta_5/steps_3000/realization_018_seed_1420618,final_voter_base_coarse_v1
voter,8.0,rho_8,8.0,800,5.0,6,3000,1420619,19,0,9.1143,data/pilots/final_voter_base_coarse_v1/voter/rho_8/eta_5/steps_3000/realization_019_seed_1420619,final_voter_base_coarse_v1
voter,8.0,rho_8,,800,5.2,18,3000,1921800,0,0,8.6537,,final_dense_eta_grid_steps3000_R20_v1
voter,8.0,rho_8,,800,5.2,18,3000,1921801,1,0,8.8831,,final_dense_eta_grid_steps3000_R20_v1
voter,8.0,rho_8,,800,5.2,18,3000,1921802,2,0,8.7696,,final_dense_eta_grid_steps3000_R20_v1
voter,8.0,rho_8,,800,5.2,18,3000,1921803,3,0,8.7034,,final_dense_eta_grid_steps3000_R20_v1
voter,8.0,rho_8,,800,5.2,18,3000,1921804,4,0,8.8322,,final_dense_eta_grid_steps3000_R20_v1
voter,8.0,rho_8,,800,5.2,18,3000,1921805,5,0,8.5916,,final_dense_eta_grid_steps3000_R20_v1
voter,8.0,rho_8,,800,5.2,18,3000,1921806,6,0,8.7842,,final_dense_eta_grid_steps3000_R20_v1
voter,8.0,rho_8,,800,5.2,18,3000,1921807,7,0,8.8239,,final_dense_eta_grid_steps3000_R20_v1
voter,8.0,rho_8,,800,5.2,18,3000,1921808,8,0,8.6754,,final_dense_eta_grid_steps3000_R20_v1
voter,8.0,rho_8,,800,5.2,18,3000,1921809,9,0,8.6998,,final_dense_eta_grid_steps3000_R20_v1
voter,8.0,rho_8,,800,5.2,18,3000,1921810,10,0,8.7427,,final_dense_eta_grid_steps3000_R20_v1
voter,8.0,rho_8,,800,5.2,18,3000,1921811,11,0,8.7052,,final_dense_eta_grid_steps3000_R20_v1
voter,8.0,rho_8,,800,5.2,18,3000,1921812,12,0,8.852,,final_dense_eta_grid_steps3000_R20_v1
voter,8.0,rho_8,,800,5.2,18,3000,1921813,13,0,8.9076,,final_dense_eta_grid_steps3000_R20_v1
voter,8.0,rho_8,,800,5.2,18,3000,1921814,14,0,8.8629,,final_dense_eta_grid_steps3000_R20_v1
voter,8.0,rho_8,,800,5.2,18,3000,1921815,15,0,8.7463,,final_dense_eta_grid_steps3000_R20_v1
voter,8.0,rho_8,,800,5.2,18,3000,1921816,16,0,8.811,,final_dense_eta_grid_steps3000_R20_v1
voter,8.0,rho_8,,800,5.2,18,3000,1921817,17,0,8.9044,,final_dense_eta_grid_steps3000_R20_v1
voter,8.0,rho_8,,800,5.2,18,3000,1921818,18,0,8.8531,,final_dense_eta_grid_steps3000_R20_v1
voter,8.0,rho_8,,800,5.2,18,3000,1921819,19,0,8.8429,,final_dense_eta_grid_steps3000_R20_v1
voter,8.0,rho_8,,800,5.4,19,3000,1921900,0,0,8.7921,,final_dense_eta_grid_steps3000_R20_v1
voter,8.0,rho_8,,800,5.4,19,3000,1921901,1,0,8.7866,,final_dense_eta_grid_steps3000_R20_v1
voter,8.0,rho_8,,800,5.4,19,3000,1921902,2,0,8.7119,,final_dense_eta_grid_steps3000_R20_v1
voter,8.0,rho_8,,800,5.4,19,3000,1921903,3,0,8.7201,,final_dense_eta_grid_steps3000_R20_v1
voter,8.0,rho_8,,800,5.4,19,3000,1921904,4,0,8.6651,,final_dense_eta_grid_steps3000_R20_v1
voter,8.0,rho_8,,800,5.4,19,3000,1921905,5,0,8.7615,,final_dense_eta_grid_steps3000_R20_v1
voter,8.0,rho_8,,800,5.4,19,3000,1921906,6,0,8.7732,,final_dense_eta_grid_steps3000_R20_v1
voter,8.0,rho_8,,800,5.4,19,3000,1921907,7,0,8.6815,,final_dense_eta_grid_steps3000_R20_v1
voter,8.0,rho_8,,800,5.4,19,3000,1921908,8,0,8.6904,,final_dense_eta_grid_steps3000_R20_v1
voter,8.0,rho_8,,800,5.4,19,3000,1921909,9,0,8.6745,,final_dense_eta_grid_steps3000_R20_v1
voter,8.0,rho_8,,800,5.4,19,3000,1921910,10,0,8.642,,final_dense_eta_grid_steps3000_R20_v1
voter,8.0,rho_8,,800,5.4,19,3000,1921911,11,0,8.7621,,final_dense_eta_grid_steps3000_R20_v1
voter,8.0,rho_8,,800,5.4,19,3000,1921912,12,0,8.8312,,final_dense_eta_grid_steps3000_R20_v1
voter,8.0,rho_8,,800,5.4,19,3000,1921913,13,0,8.7019,,final_dense_eta_grid_steps3000_R20_v1
voter,8.0,rho_8,,800,5.4,19,3000,1921914,14,0,8.6577,,final_dense_eta_grid_steps3000_R20_v1
voter,8.0,rho_8,,800,5.4,19,3000,1921915,15,0,8.8504,,final_dense_eta_grid_steps3000_R20_v1
voter,8.0,rho_8,,800,5.4,19,3000,1921916,16,0,8.9088,,final_dense_eta_grid_steps3000_R20_v1
voter,8.0,rho_8,,800,5.4,19,3000,1921917,17,0,8.8643,,final_dense_eta_grid_steps3000_R20_v1
voter,8.0,rho_8,,800,5.4,19,3000,1921918,18,0,8.72,,final_dense_eta_grid_steps3000_R20_v1
voter,8.0,rho_8,,800,5.4,19,3000,1921919,19,0,8.7702,,final_dense_eta_grid_steps3000_R20_v1
voter,8.0,rho_8,,800,5.6,20,3000,1922000,0,0,8.83,,final_dense_eta_grid_steps3000_R20_v1
voter,8.0,rho_8,,800,5.6,20,3000,1922001,1,0,8.6533,,final_dense_eta_grid_steps3000_R20_v1
voter,8.0,rho_8,,800,5.6,20,3000,1922002,2,0,8.6751,,final_dense_eta_grid_steps3000_R20_v1
voter,8.0,rho_8,,800,5.6,20,3000,1922003,3,0,8.658,,final_dense_eta_grid_steps3000_R20_v1
voter,8.0,rho_8,,800,5.6,20,3000,1922004,4,0,8.7294,,final_dense_eta_grid_steps3000_R20_v1
voter,8.0,rho_8,,800,5.6,20,3000,1922005,5,0,8.6728,,final_dense_eta_grid_steps3000_R20_v1
voter,8.0,rho_8,,800,5.6,20,3000,1922006,6,0,8.5934,,final_dense_eta_grid_steps3000_R20_v1
voter,8.0,rho_8,,800,5.6,20,3000,1922007,7,0,8.6859,,final_dense_eta_grid_steps3000_R20_v1
voter,8.0,rho_8,,800,5.6,20,3000,1922008,8,0,8.5749,,final_dense_eta_grid_steps3000_R20_v1
voter,8.0,rho_8,,800,5.6,20,3000,1922009,9,0,8.7074,,final_dense_eta_grid_steps3000_R20_v1
voter,8.0,rho_8,,800,5.6,20,3000,1922010,10,0,8.7411,,final_dense_eta_grid_steps3000_R20_v1
voter,8.0,rho_8,,800,5.6,20,3000,1922011,11,0,8.7594,,final_dense_eta_grid_steps3000_R20_v1
voter,8.0,rho_8,,800,5.6,20,3000,1922012,12,0,8.7647,,final_dense_eta_grid_steps3000_R20_v1
voter,8.0,rho_8,,800,5.6,20,3000,1922013,13,0,8.8452,,final_dense_eta_grid_steps3000_R20_v1
voter,8.0,rho_8,,800,5.6,20,3000,1922014,14,0,8.7179,,final_dense_eta_grid_steps3000_R20_v1
voter,8.0,rho_8,,800,5.6,20,3000,1922015,15,0,8.6566,,final_dense_eta_grid_steps3000_R20_v1
voter,8.0,rho_8,,800,5.6,20,3000,1922016,16,0,8.6736,,final_dense_eta_grid_steps3000_R20_v1
voter,8.0,rho_8,,800,5.6,20,3000,1922017,17,0,8.7087,,final_dense_eta_grid_steps3000_R20_v1
voter,8.0,rho_8,,800,5.6,20,3000,1922018,18,0,8.7074,,final_dense_eta_grid_steps3000_R20_v1
voter,8.0,rho_8,,800,5.6,20,3000,1922019,19,0,8.6949,,final_dense_eta_grid_steps3000_R20_v1
voter,8.0,rho_8,,800,5.8,21,3000,1922100,0,0,8.669,,final_dense_eta_grid_steps3000_R20_v1
voter,8.0,rho_8,,800,5.8,21,3000,1922101,1,0,8.6632,,final_dense_eta_grid_steps3000_R20_v1
voter,8.0,rho_8,,800,5.8,21,3000,1922102,2,0,8.5295,,final_dense_eta_grid_steps3000_R20_v1
voter,8.0,rho_8,,800,5.8,21,3000,1922103,3,0,8.6617,,final_dense_eta_grid_steps3000_R20_v1
voter,8.0,rho_8,,800,5.8,21,3000,1922104,4,0,8.6531,,final_dense_eta_grid_steps3000_R20_v1
voter,8.0,rho_8,,800,5.8,21,3000,1922105,5,0,8.58,,final_dense_eta_grid_steps3000_R20_v1
voter,8.0,rho_8,,800,5.8,21,3000,1922106,6,0,8.6876,,final_dense_eta_grid_steps3000_R20_v1
voter,8.0,rho_8,,800,5.8,21,3000,1922107,7,0,8.6001,,final_dense_eta_grid_steps3000_R20_v1
voter,8.0,rho_8,,800,5.8,21,3000,1922108,8,0,8.6771,,final_dense_eta_grid_steps3000_R20_v1
voter,8.0,rho_8,,800,5.8,21,3000,1922109,9,0,8.5782,,final_dense_eta_grid_steps3000_R20_v1
voter,8.0,rho_8,,800,5.8,21,3000,1922110,10,0,8.6959,,final_dense_eta_grid_steps3000_R20_v1
voter,8.0,rho_8,,800,5.8,21,3000,1922111,11,0,8.6672,,final_dense_eta_grid_steps3000_R20_v1
voter,8.0,rho_8,,800,5.8,21,3000,1922112,12,0,8.7537,,final_dense_eta_grid_steps3000_R20_v1
voter,8.0,rho_8,,800,5.8,21,3000,1922113,13,0,8.6769,,final_dense_eta_grid_steps3000_R20_v1
voter,8.0,rho_8,,800,5.8,21,3000,1922114,14,0,8.6809,,final_dense_eta_grid_steps3000_R20_v1
voter,8.0,rho_8,,800,5.8,21,3000,1922115,15,0,8.6224,,final_dense_eta_grid_steps3000_R20_v1
voter,8.0,rho_8,,800,5.8,21,3000,1922116,16,0,8.7102,,final_dense_eta_grid_steps3000_R20_v1
voter,8.0,rho_8,,800,5.8,21,3000,1922117,17,0,8.6462,,final_dense_eta_grid_steps3000_R20_v1
voter,8.0,rho_8,,800,5.8,21,3000,1922118,18,0,8.7672,,final_dense_eta_grid_steps3000_R20_v1
voter,8.0,rho_8,,800,5.8,21,3000,1922119,19,0,8.612,,final_dense_eta_grid_steps3000_R20_v1
voter,8.0,rho_8,8.0,800,6.0,7,3000,1420700,0,0,9.0799,data/pilots/final_voter_base_coarse_v1/voter/rho_8/eta_6/steps_3000/realization_000_seed_1420700,final_voter_base_coarse_v1
voter,8.0,rho_8,8.0,800,6.0,7,3000,1420701,1,0,9.0786,data/pilots/final_voter_base_coarse_v1/voter/rho_8/eta_6/steps_3000/realization_001_seed_1420701,final_voter_base_coarse_v1
voter,8.0,rho_8,8.0,800,6.0,7,3000,1420702,2,0,8.8986,data/pilots/final_voter_base_coarse_v1/voter/rho_8/eta_6/steps_3000/realization_002_seed_1420702,final_voter_base_coarse_v1
voter,8.0,rho_8,8.0,800,6.0,7,3000,1420703,3,0,8.9738,data/pilots/final_voter_base_coarse_v1/voter/rho_8/eta_6/steps_3000/realization_003_seed_1420703,final_voter_base_coarse_v1
voter,8.0,rho_8,8.0,800,6.0,7,3000,1420704,4,0,9.0289,data/pilots/final_voter_base_coarse_v1/voter/rho_8/eta_6/steps_3000/realization_004_seed_1420704,final_voter_base_coarse_v1
voter,8.0,rho_8,8.0,800,6.0,7,3000,1420705,5,0,9.0285,data/pilots/final_voter_base_coarse_v1/voter/rho_8/eta_6/steps_3000/realization_005_seed_1420705,final_voter_base_coarse_v1
voter,8.0,rho_8,8.0,800,6.0,7,3000,1420706,6,0,8.9953,data/pilots/final_voter_base_coarse_v1/voter/rho_8/eta_6/steps_3000/realization_006_seed_1420706,final_voter_base_coarse_v1
voter,8.0,rho_8,8.0,800,6.0,7,3000,1420707,7,0,8.9637,data/pilots/final_voter_base_coarse_v1/voter/rho_8/eta_6/steps_3000/realization_007_seed_1420707,final_voter_base_coarse_v1
voter,8.0,rho_8,8.0,800,6.0,7,3000,1420708,8,0,9.0874,data/pilots/final_voter_base_coarse_v1/voter/rho_8/eta_6/steps_3000/realization_008_seed_1420708,final_voter_base_coarse_v1
voter,8.0,rho_8,8.0,800,6.0,7,3000,1420709,9,0,9.2968,data/pilots/final_voter_base_coarse_v1/voter/rho_8/eta_6/steps_3000/realization_009_seed_1420709,final_voter_base_coarse_v1
voter,8.0,rho_8,8.0,800,6.0,7,3000,1420710,10,0,9.0597,data/pilots/final_voter_base_coarse_v1/voter/rho_8/eta_6/steps_3000/realization_010_seed_1420710,final_voter_base_coarse_v1
voter,8.0,rho_8,8.0,800,6.0,7,3000,1420711,11,0,9.1089,data/pilots/final_voter_base_coarse_v1/voter/rho_8/eta_6/steps_3000/realization_011_seed_1420711,final_voter_base_coarse_v1
voter,8.0,rho_8,8.0,800,6.0,7,3000,1420712,12,0,9.0425,data/pilots/final_voter_base_coarse_v1/voter/rho_8/eta_6/steps_3000/realization_012_seed_1420712,final_voter_base_coarse_v1
voter,8.0,rho_8,8.0,800,6.0,7,3000,1420713,13,0,8.9546,data/pilots/final_voter_base_coarse_v1/voter/rho_8/eta_6/steps_3000/realization_013_seed_1420713,final_voter_base_coarse_v1
voter,8.0,rho_8,8.0,800,6.0,7,3000,1420714,14,0,8.9416,data/pilots/final_voter_base_coarse_v1/voter/rho_8/eta_6/steps_3000/realization_014_seed_1420714,final_voter_base_coarse_v1
voter,8.0,rho_8,8.0,800,6.0,7,3000,1420715,15,0,8.924,data/pilots/final_voter_base_coarse_v1/voter/rho_8/eta_6/steps_3000/realization_015_seed_1420715,final_voter_base_coarse_v1
voter,8.0,rho_8,8.0,800,6.0,7,3000,1420716,16,0,8.9452,data/pilots/final_voter_base_coarse_v1/voter/rho_8/eta_6/steps_3000/realization_016_seed_1420716,final_voter_base_coarse_v1
voter,8.0,rho_8,8.0,800,6.0,7,3000,1420717,17,0,8.8986,data/pilots/final_voter_base_coarse_v1/voter/rho_8/eta_6/steps_3000/realization_017_seed_1420717,final_voter_base_coarse_v1
voter,8.0,rho_8,8.0,800,6.0,7,3000,1420718,18,0,8.6897,data/pilots/final_voter_base_coarse_v1/voter/rho_8/eta_6/steps_3000/realization_018_seed_1420718,final_voter_base_coarse_v1
voter,8.0,rho_8,8.0,800,6.0,7,3000,1420719,19,0,8.3244,data/pilots/final_voter_base_coarse_v1/voter/rho_8/eta_6/steps_3000/realization_019_seed_1420719,final_voter_base_coarse_v1
voter,8.0,rho_8,,800,6.2,22,3000,1922200,0,0,8.6764,,final_dense_eta_grid_steps3000_R20_v1
voter,8.0,rho_8,,800,6.2,22,3000,1922201,1,0,8.7244,,final_dense_eta_grid_steps3000_R20_v1
voter,8.0,rho_8,,800,6.2,22,3000,1922202,2,0,8.8019,,final_dense_eta_grid_steps3000_R20_v1
voter,8.0,rho_8,,800,6.2,22,3000,1922203,3,0,8.6704,,final_dense_eta_grid_steps3000_R20_v1
voter,8.0,rho_8,,800,6.2,22,3000,1922204,4,0,8.8546,,final_dense_eta_grid_steps3000_R20_v1
voter,8.0,rho_8,,800,6.2,22,3000,1922205,5,0,8.7458,,final_dense_eta_grid_steps3000_R20_v1
voter,8.0,rho_8,,800,6.2,22,3000,1922206,6,0,8.7553,,final_dense_eta_grid_steps3000_R20_v1
voter,8.0,rho_8,,800,6.2,22,3000,1922207,7,0,8.8589,,final_dense_eta_grid_steps3000_R20_v1
voter,8.0,rho_8,,800,6.2,22,3000,1922208,8,0,8.7906,,final_dense_eta_grid_steps3000_R20_v1
voter,8.0,rho_8,,800,6.2,22,3000,1922209,9,0,8.801,,final_dense_eta_grid_steps3000_R20_v1
voter,8.0,rho_8,,800,6.2,22,3000,1922210,10,0,8.7733,,final_dense_eta_grid_steps3000_R20_v1
voter,8.0,rho_8,,800,6.2,22,3000,1922211,11,0,8.6529,,final_dense_eta_grid_steps3000_R20_v1
voter,8.0,rho_8,,800,6.2,22,3000,1922212,12,0,8.6095,,final_dense_eta_grid_steps3000_R20_v1
voter,8.0,rho_8,,800,6.2,22,3000,1922213,13,0,8.6101,,final_dense_eta_grid_steps3000_R20_v1
voter,8.0,rho_8,,800,6.2,22,3000,1922214,14,0,8.5342,,final_dense_eta_grid_steps3000_R20_v1
voter,8.0,rho_8,,800,6.2,22,3000,1922215,15,0,8.6209,,final_dense_eta_grid_steps3000_R20_v1
voter,8.0,rho_8,,800,6.2,22,3000,1922216,16,0,8.4202,,final_dense_eta_grid_steps3000_R20_v1
voter,8.0,rho_8,,800,6.2,22,3000,1922217,17,0,8.3067,,final_dense_eta_grid_steps3000_R20_v1
voter,8.0,rho_8,,800,6.2,22,3000,1922218,18,0,8.2694,,final_dense_eta_grid_steps3000_R20_v1
voter,8.0,rho_8,,800,6.2,22,3000,1922219,19,0,8.1517,,final_dense_eta_grid_steps3000_R20_v1
