model,rho_label,eta,t,realizations,va_mean,va_stdev,va_stderr,S_mean,S_stdev,S_stderr
voter,rho_2,0,0,20,0.06934068309883964,0.04129451683354052,0.009233734673780596,0.9952500000000001,0.00843726851534311,0.001886630594472592
voter,rho_2,0,50,20,0.3178178465779977,0.1557953253059689,0.03483689379608397,0.9964999999999999,0.010259142264341605,0.0022940139493908946
voter,rho_2,0,100,20,0.4285801636802461,0.21247114927895175,0.04750999330452415,0.9880000000000001,0.030265491900843117,0.006767569726275453
voter,rho_2,0,150,20,0.5604477313770094,0.27429755837241304,0.06133479865829321,0.9904999999999999,0.02616772821625905,0.005851281910829455
voter,rho_2,0,200,20,0.6453164101941018,0.24418496692362163,0.05460141851247556,0.9977499999999999,0.0060156047077579876,0.0013451301052314615
voter,rho_2,0,250,20,0.7502713356855105,0.22590708981234947,0.05051436094195636,0.99175,0.027625848403261755,0.00617732749657973
voter,rho_2,0,300,20,0.7632399016888416,0.20650232521915451,0.04617532367017986,0.9945,0.014739402972983666,0.003295830699535397
voter,rho_2,0,350,20,0.8254543913775334,0.2157657292172261,0.048246683774453,0.98675,0.02020365066021485,0.004517673626989891
voter,rho_2,0,400,20,0.8411127505384849,0.2438126534627298,0.05451816669172633,0.991,0.019659603251337497,0.004396020928066653
voter,rho_2,0,450,20,0.8367543658780736,0.2752217235772345,0.061541448280335295,0.991,0.019659603251337497,0.004396020928066653
voter,rho_2,0,500,20,0.9024447087984109,0.18368242510204627,0.04107263888001892,0.99025,0.01958794271994892,0.004379997146117791
voter,rho_2,0,550,20,0.9134620930199777,0.20994929851318542,0.04694609033038781,0.9845,0.031855140872392954,0.00712302604235026
voter,rho_2,0,600,20,0.9548401516814009,0.13637778488114244,0.030494999761507754,0.99075,0.01970247446388397,0.004405607222619828
voter,rho_2,0,650,20,0.9724217375558426,0.07605135683537817,0.017005600366499885,0.9925,0.01742842505793337,0.0038971143170299727
voter,rho_2,0,700,20,0.9532342344100748,0.15503081086400852,0.03466594316988359,0.99325,0.01741228014936584,0.003893504205725221
voter,rho_2,0,750,20,0.9619948991079458,0.1605102346359201,0.03589117957303585,0.99275,0.017354754391808596,0.003880641055289704
voter,rho_2,0,800,20,0.9699362656801753,0.12129848955412523,0.027123166821107214,0.99325,0.01741228014936584,0.003893504205725221
voter,rho_2,0,850,20,0.9597734875829268,0.1607027340329884,0.035934223746783095,0.99325,0.01741228014936584,0.003893504205725221
voter,rho_2,0,900,20,0.9605219702454868,0.15883203471874355,0.035515922663571724,0.99225,0.018403464347779737,0.004115139730312932
voter,rho_2,0,950,20,0.9793121410475709,0.08135851714720807,0.01819231748897395,0.9914999999999999,0.018377975949489103,0.004109440351191387
voter,rho_2,0,1000,20,0.9997297586365838,0.0011779547935001637,0.00026339869926880933,0.994,0.017363755354185332,0.0038826537316634336
voter,rho_2,0,1050,20,1.0000000000000007,2.65529049256936e-15,5.937410041393989e-16,0.994,0.017363755354185332,0.0038826537316634336
voter,rho_2,0,1100,20,1.0000000000000007,2.65529049256936e-15,5.937410041393989e-16,0.994,0.017363755354185332,0.0038826537316634336
voter,rho_2,0,1150,20,1.0000000000000007,2.65529049256936e-15,5.937410041393989e-16,0.994,0.017363755354185332,0.0038826537316634336
voter,rho_2,0,1200,20,1.0000000000000007,2.65529049256936e-15,5.937410041393989e-16,0.994,0.017363755354185332,0.0038826537316634336
voter,rho_2,0,1250,20,1.0000000000000007,2.65529049256936e-15,5.937410041393989e-16,0.994,0.017363755354185332,0.0038826537316634336
voter,rho_2,0,1300,20,1.0000000000000007,2.65529049256936e-15,5.937410041393989e-16,0.994,0.017363755354185332,0.0038826537316634336
voter,rho_2,0,1350,20,1.0000000000000007,2.65529049256936e-15,5.937410041393989e-16,0.994,0.017363755354185332,0.0038826537316634336
voter,rho_2,0,1400,20,1.0000000000000007,2.65529049256936e-15,5.937410041393989e-16,0.994,0.017363755354185332,0.0038826537316634336
voter,rho_2,0,1450,20,1.0000000000000007,2.65529049256936e-15,5.937410041393989e-16,0.994,0.017363755354185332,0.0038826537316634336
voter,rho_2,0,1500,20,1.0000000000000007,2.65529049256936e-15,5.937410041393989e-16,0.994,0.017363755354185332,0.0038826537316634336
voter,rho_2,0,1550,20,1.0000000000000007,2.65529049256936e-15,5.937410041393989e-16,0.994,0.017363755354185332,0.0038826537316634336
voter,rho_2,0,1600,20,1.0000000000000007,2.65529049256936e-15,5.937410041393989e-16,0.994,0.017363755354185332,0.0038826537316634336
voter,rho_2,0,1650,20,1.0000000000000007,2.65529049256936e-15,5.937410041393989e-16,0.994,0.017363755354185332,0.0038826537316634336
voter,rho_2,0,1700,20,1.0000000000000007,2.65529049256936e-15,5.937410041393989e-16,0.994,0.017363755354185332,0.0038826537316634336
voter,rho_2,0,1750,20,1.0000000000000007,2.65529049256936e-15,5.937410041393989e-16,0.994,0.017363755354185332,0.0038826537316634336
voter,rho_2,0,1800,20,1.0000000000000007,2.65529049256936e-15,5.937410041393989e-16,0.994,0.017363755354185332,0.0038826537316634336
voter,rho_2,0,1850,20,1.0000000000000007,2.65529049256936e-15,5.937410041393989e-16,0.994,0.017363755354185332,0.0038826537316634336
voter,rho_2,0,1900,20,1.0000000000000007,2.65529049256936e-15,5.937410041393989e-16,0.994,0.017363755354185332,0.0038826537316634336
voter,rho_2,0,1950,20,1.0000000000000007,2.65529049256936e-15,5.937410041393989e-16,0.994,0.017363755354185332,0.0038826537316634336
voter,rho_2,0,2000,20,1.0000000000000007,2.65529049256936e-15,5.937410041393989e-16,0.994,0.017363755354185332,0.0038826537316634336
voter,rho_2,0,2050,20,1.0000000000000007,2.65529049256936e-15,5.937410041393989e-16,0.994,0.017363755354185332,0.0038826537316634336
voter,rho_2,0,2100,20,1.0000000000000007,2.65529049256936e-15,5.937410041393989e-16,0.994,0.017363755354185332,0.0038826537316634336
voter,rho_2,0,2150,20,1.0000000000000007,2.65529049256936e-15,5.937410041393989e-16,0.994,0.017363755354185332,0.0038826537316634336
voter,rho_2,0,2200,20,1.0000000000000007,2.65529049256936e-15,5.937410041393989e-16,0.994,0.017363755354185332,0.0038826537316634336
voter,rho_2,0,2250,20,1.0000000000000007,2.65529049256936e-15,5.937410041393989e-16,0.994,0.017363755354185332,0.0038826537316634336
voter,rho_2,0,2300,20,1.0000000000000007,2.65529049256936e-15,5.937410041393989e-16,0.994,0.017363755354185332,0.0038826537316634336
voter,rho_2,0,2350,20,1.0000000000000007,2.65529049256936e-15,5.937410041393989e-16,0.994,0.017363755354185332,0.0038826537316634336
voter,rho_2,0,2400,20,1.0000000000000007,2.65529049256936e-15,5.937410041393989e-16,0.994,0.017363755354185332,0.0038826537316634336
voter,rho_2,0,2450,20,1.0000000000000007,2.65529049256936e-15,5.937410041393989e-16,0.994,0.017363755354185332,0.0038826537316634336
voter,rho_2,0,2500,20,1.0000000000000007,2.65529049256936e-15,5.937410041393989e-16,0.994,0.017363755354185332,0.0038826537316634336
voter,rho_2,0,2550,20,1.0000000000000007,2.65529049256936e-15,5.937410041393989e-16,0.994,0.017363755354185332,0.0038826537316634336
voter,rho_2,0,2600,20,1.0000000000000007,2.65529049256936e-15,5.937410041393989e-16,0.994,0.017363755354185332,0.0038826537316634336
voter,rho_2,0,2650,20,1.0000000000000007,2.65529049256936e-15,5.937410041393989e-16,0.994,0.017363755354185332,0.0038826537316634336
voter,rho_2,0,2700,20,1.0000000000000007,2.65529049256936e-15,5.937410041393989e-16,0.994,0.017363755354185332,0.0038826537316634336
voter,rho_2,0,2750,20,1.0000000000000007,2.65529049256936e-15,5.937410041393989e-16,0.994,0.017363755354185332,0.0038826537316634336
voter,rho_2,0,2800,20,1.0000000000000007,2.65529049256936e-15,5.937410041393989e-16,0.994,0.017363755354185332,0.0038826537316634336
voter,rho_2,0,2850,20,1.0000000000000007,2.65529049256936e-15,5.937410041393989e-16,0.994,0.017363755354185332,0.0038826537316634336
voter,rho_2,0,2900,20,1.0000000000000007,2.65529049256936e-15,5.937410041393989e-16,0.994,0.017363755354185332,0.0038826537316634336
voter,rho_2,0,2950,20,1.0000000000000007,2.65529049256936e-15,5.937410041393989e-16,0.994,0.017363755354185332,0.0038826537316634336
voter,rho_2,0,3000,20,1.0000000000000007,2.65529049256936e-15,5.937410041393989e-16,0.994,0.017363755354185332,0.0038826537316634336
voter,rho_2,0.5,0,20,0.06123814153763768,0.02740704776090987,0.006128402185597787,0.9955,0.006500000000000006,0.0014534441853748645
voter,rho_2,0.5,50,20,0.3076346914965945,0.16452153797536678,0.036788134267573325,0.9964999999999999,0.013143439428094927,0.0029389624019371214
voter,rho_2,0.5,100,20,0.29238138816949916,0.141957460953171,0.03174265326045624,0.99025,0.018471261462065874,0.0041302996259351445
voter,rho_2,0.5,150,20,0.3134767188021272,0.15728119325170234,0.03516914396930876,0.992,0.013546217184144078,0.0030290262461721944
voter,rho_2,0.5,200,20,0.33571752649414216,0.13442855641201576,0.030059139025443243,0.99075,0.01769710428290459,0.003957192818147733
voter,rho_2,0.5,250,20,0.32045084332925,0.1889974405310997,0.04226111246010129,0.9869999999999999,0.024155744658362326,0.0054013887103225595
voter,rho_2,0.5,300,20,0.33691327473899924,0.1685206077570106,0.03768235345542541,0.9925,0.014958275301651582,0.003344772040064911
voter,rho_2,0.5,350,20,0.3518126945922761,0.1557808422457267,0.03483365528536159,0.9894999999999999,0.016039014932345455,0.0035864327680858628
voter,rho_2,0.5,400,20,0.37623109707794045,0.19418125427271857,0.04342024845099702,0.9882500000000001,0.01719556628901766,0.003845045513384728
voter,rho_2,0.5,450,20,0.35061594290220754,0.14340061831658854,0.03206535305713934,0.9904999999999999,0.017385338650713726,0.0038874799034850365
voter,rho_2,0.5,500,20,0.3256033659406149,0.13091271390751602,0.029272972741618792,0.97525,0.04879741284125626,0.010911433223917013
voter,rho_2,0.5,550,20,0.3485154291815137,0.2066200104034182,0.04620163887737568,0.98425,0.03001145614594533,0.00671076560460876
voter,rho_2,0.5,600,20,0.3482544240561957,0.15737775047127794,0.035190734819977705,0.9765,0.0359548327766936,0.008039745020832439
voter,rho_2,0.5,650,20,0.39319363986586015,0.15597597444373715,0.03487728817129662,0.9695,0.06168265558485627,0.013792661092044566
voter,rho_2,0.5,700,20,0.3677024297808183,0.18683837182863594,0.041778330021421166,0.97425,0.059440621632011886,0.013291327059402306
voter,rho_2,0.5,750,20,0.3414808289110984,0.12963589834562345,0.028987468102506655,0.9592499999999999,0.08501874793244134,0.01901076997388585
voter,rho_2,0.5,800,20,0.36487804369436083,0.1586335955708125,0.03547155032115463,0.94525,0.07474080210969106,0.01671255142101289
voter,rho_2,0.5,850,20,0.3593621322239233,0.15407313102893225,0.03445179944869246,0.95225,0.10177763752416344,0.022758171609336283
voter,rho_2,0.5,900,20,0.28584427396745943,0.14533785958742446,0.03249853337418006,0.97075,0.0651013632729761,0.014557107370628274
voter,rho_2,0.5,950,20,0.34625800437712845,0.1736665743114174,0.038833026557984804,0.95275,0.1193050187544514,0.026677413199184062
voter,rho_2,0.5,1000,20,0.3460916909884584,0.1164866586188606,0.026047208714358405,0.9004999999999999,0.1640266746599467,0.0366774794662883
voter,rho_2,0.5,1050,20,0.3535833057057473,0.17398480101201674,0.03890418421146436,0.9734999999999999,0.033432768356808265,0.007475794272182722
voter,rho_2,0.5,1100,20,0.3863120208342461,0.15780366522977637,0.035285972255239995,0.95175,0.08634632302536108,0.019307624789186267
voter,rho_2,0.5,1150,20,0.3680417529028945,0.17427419655369383,0.038968895021821895,0.8959999999999999,0.16913456181395925,0.0378196377560653
voter,rho_2,0.5,1200,20,0.368873766459252,0.11870587598611802,0.026543440803361976,0.95625,0.10640576817071526,0.023793053082780277
voter,rho_2,0.5,1250,20,0.4165647803412574,0.1487625264456656,0.03326431216371184,0.9385,0.10254389304098026,0.022929511551709948
voter,rho_2,0.5,1300,20,0.40525839457042584,0.14829847926924897,0.0331605480605884,0.9397499999999999,0.10976651356401915,0.024544538598229953
voter,rho_2,0.5,1350,20,0.39785266096208616,0.16498392443567486,0.03689152702328576,0.9504999999999999,0.06599052962357553,0.01475593101095285
voter,rho_2,0.5,1400,20,0.4188300586608138,0.1347433597659295,0.030129531195332848,0.96125,0.0708673937717481,0.015846430986187394
voter,rho_2,0.5,1450,20,0.39750180559743037,0.1775930638430338,0.03971101630854836,0.95425,0.078649141762641,0.01758648273532829
voter,rho_2,0.5,1500,20,0.4040851247706116,0.17413681994618907,0.038938176678532,0.97625,0.05417275606797202,0.012113396509649965
voter,rho_2,0.5,1550,20,0.4285379021133652,0.14319117692709138,0.03201852053871757,0.968,0.050433124035697004,0.011277189366149703
voter,rho_2,0.5,1600,20,0.34884456059119295,0.17768491733581898,0.039731555373932206,0.952,0.067331270595467,0.015055729806289693
voter,rho_2,0.5,1650,20,0.4118351248195056,0.20886602765725054,0.04670386360319633,0.9730000000000001,0.07157862809526318,0.016005467815718474
voter,rho_2,0.5,1700,20,0.41323760859912956,0.17956579820191032,0.0401521331213481,0.9935,0.01061838029079766,0.0023743420141167553
voter,rho_2,0.5,1750,20,0.37248328492551314,0.17901343220558347,0.04002862032972347,0.95275,0.1061187424539134,0.02372887218137432
voter,rho_2,0.5,1800,20,0.46517446732921874,0.1900075067827357,0.042486970140144936,0.953,0.08798295289429652,0.019673586353280887
voter,rho_2,0.5,1850,20,0.4653374685088643,0.15006541101855075,0.033555646010892545,0.9865,0.025401771591761078,0.00568000880281008
voter,rho_2,0.5,1900,20,0.37377147763746843,0.20094529979205802,0.044932735009411605,0.9574999999999999,0.06253998720818545,0.013984366270946994
voter,rho_2,0.5,1950,20,0.39175867582937374,0.16364259378539953,0.036591596371853795,0.94575,0.08096720014919621,0.018104816348143385
voter,rho_2,0.5,2000,20,0.3508451230615242,0.16258387366758006,0.03635485935659471,0.9087500000000001,0.1224630046177212,0.027383560305409522
voter,rho_2,0.5,2050,20,0.4146786573892013,0.18441177706809284,0.041235726937579244,0.9647499999999999,0.040014840996810165,0.008947590457771297
voter,rho_2,0.5,2100,20,0.38189729569308273,0.1860274955905467,0.04159701258245048,0.9215,0.10697079040560557,0.023919395895381636
voter,rho_2,0.5,2150,20,0.4040308720156787,0.1940826726726559,0.04339820493508993,0.9724999999999999,0.052428522771483854,0.011723374087693356
voter,rho_2,0.5,2200,20,0.33121133490327614,0.18227973362073835,0.04075898752965248,0.96175,0.0721677732786595,0.01613720468358755
voter,rho_2,0.5,2250,20,0.33314999551950525,0.14970014255831104,0.03347396950017927,0.94275,0.08668152917432871,0.01938257916274302
voter,rho_2,0.5,2300,20,0.3681208580516693,0.15835064376130872,0.03540828037311393,0.9484999999999999,0.08861574352224326,0.019815082639242258
voter,rho_2,0.5,2350,20,0.37480309878178414,0.1764694809934126,0.03945977554553776,0.977,0.05457563558951924,0.012203483109342184
voter,rho_2,0.5,2400,20,0.35060556590356073,0.1612353635370379,0.036053323324570764,0.9800000000000001,0.02932575659723035,0.006557438524301998
voter,rho_2,0.5,2450,20,0.40740869945860797,0.17250382748691345,0.038573028463963516,0.9810000000000001,0.031527765540868884,0.007049822692805825
voter,rho_2,0.5,2500,20,0.4351308736910616,0.14763757030446858,0.03301276432336961,0.9737500000000001,0.03977672057875057,0.008894345113610105
voter,rho_2,0.5,2550,20,0.4265828826161863,0.16145206641613652,0.03610177956142921,0.9582499999999999,0.05491527565259051,0.01227942893623315
voter,rho_2,0.5,2600,20,0.3636795255957308,0.1974801490468339,0.04415790374755109,0.9804999999999999,0.03891978931083774,0.008702729456900288
voter,rho_2,0.5,2650,20,0.3920068789232888,0.16394686234651967,0.03665963289046187,0.9702500000000001,0.04686349858898715,0.010478996850844073
voter,rho_2,0.5,2700,20,0.4259403184486934,0.17119849463386427,0.03828114716469535,0.9710000000000001,0.04586937976471885,0.010256705123966465
voter,rho_2,0.5,2750,20,0.4528795081806969,0.13702686416969176,0.030640138302706104,0.9775,0.0427346463656832,0.009555757426808196
voter,rho_2,0.5,2800,20,0.41718213551874966,0.16222849248034107,0.03627539370733561,0.94025,0.1259114272018231,0.028154651036729258
voter,rho_2,0.5,2850,20,0.40440274729382175,0.17704704510963762,0.039588922808062144,0.96975,0.06649201079829065,0.014868065610562793
voter,rho_2,0.5,2900,20,0.37995812109473437,0.14721547185895226,0.032918380241632454,0.95325,0.12572067252445002,0.02811199699416603
voter,rho_2,0.5,2950,20,0.34459445437838926,0.1626029327701195,0.03635912110148154,0.9685,0.06170696881228246,0.013798097694972302
voter,rho_2,0.5,3000,20,0.34389186274729766,0.14608805849125117,0.0326662829487403,0.954,0.09674192472759677,0.021632151996507417
voter,rho_2,1,0,20,0.05984838339180605,0.045633310325626036,0.010203918392644288,0.9977499999999999,0.006609652033201149,0.0014779631253857466
voter,rho_2,1,50,20,0.20992797210268205,0.12109891443938854,0.02707854046879036,0.99325,0.013160072188251867,0.0029426816001735584
voter,rho_2,1,100,20,0.16232146129968092,0.09681377445954846,0.021648218084988333,0.9994999999999999,0.002179449471770339,0.00048733971724044866
voter,rho_2,1,150,20,0.2044185423385651,0.08198827413172775,0.01833313543164308,0.9955,0.014309088021254197,0.0031996093511552338
voter,rho_2,1,200,20,0.16762991211901984,0.07163628117303641,0.01601835943581978,0.9977499999999999,0.005584576975922174,0.0012487493743742186
voter,rho_2,1,250,20,0.17763024634539912,0.07604057750897454,0.01700319003584087,0.994,0.017720045146669344,0.003962322551231788
voter,rho_2,1,300,20,0.18421551856863733,0.08299536930582943,0.018558328758553413,0.99,0.019748417658131498,0.004415880433163923
voter,rho_2,1,350,20,0.16320070217599442,0.07045635319153057,0.01575451951829966,0.993,0.012688577540449532,0.002837252191822224
voter,rho_2,1,400,20,0.17907211241539772,0.09387971149614077,0.020992141661343923,0.9795,0.03142053468672995,0.007025845144891823
voter,rho_2,1,450,20,0.2168941485204182,0.1065349965151717,0.023821949419062714,0.99325,0.010280442597476054,0.0022987768486740965
voter,rho_2,1,500,20,0.20623022463520752,0.10921190553925257,0.024420524473805456,0.9789999999999999,0.058919436521406084,0.013174786525784774
voter,rho_2,1,550,20,0.1479975481181564,0.08747316744771254,0.0195595948620307,0.9570000000000001,0.07154369294354325,0.015997656078313473
voter,rho_2,1,600,20,0.20903561798799353,0.12801693461619024,0.02862545680729473,0.96875,0.05515602868227552,0.01233326295024962
voter,rho_2,1,650,20,0.2172538966684793,0.08876060851597364,0.019847475436596377,0.9635,0.04637078821844632,0.010368823462669234
voter,rho_2,1,700,20,0.20260473531024506,0.11013324662192446,0.024626542602937215,0.94625,0.10093159812467055,0.022568991448445364
voter,rho_2,1,750,20,0.20816350750188656,0.10204358181834622,0.022817638561338373,0.9397500000000001,0.10436085233457992,0.023335796000993832
voter,rho_2,1,800,20,0.17927311783746985,0.08253274579947535,0.01845488299773371,0.95875,0.08085287564459287,0.018079252611764678
voter,rho_2,1,850,20,0.2463706043637055,0.12411721004702247,0.02775345188427621,0.9570000000000001,0.08560665861952561,0.019142230799987756
voter,rho_2,1,900,20,0.20525710961734983,0.1146997898379022,0.02564765270824889,0.96325,0.08033173407813378,0.017962721814914352
voter,rho_2,1,950,20,0.2111877152102633,0.0696505900154557,0.015574345394752708,0.962,0.06874590896918883,0.015372052563011872
voter,rho_2,1,1000,20,0.22107926873142505,0.1086222112549905,0.024288664823250147,0.9470000000000001,0.08860586888011425,0.019812874602136862
voter,rho_2,1,1050,20,0.18782128148951943,0.1179192200857173,0.026367539196542243,0.96125,0.05137788921316249,0.011488445282108451
voter,rho_2,1,1100,20,0.2065722819492597,0.0871347296716218,0.019483917874681424,0.9574999999999999,0.102268030195169,0.022867826744139896
voter,rho_2,1,1150,20,0.223697822834437,0.11242114331104625,0.02513813185517452,0.9339999999999999,0.13822626378514322,0.03090833220993976
voter,rho_2,1,1200,20,0.1816600929601499,0.12330019287518304,0.027570761290774452,0.93725,0.10832214685834102,0.02422156838439658
voter,rho_2,1,1250,20,0.19299547544138984,0.10836792201500221,0.02423180402059409,0.9414999999999999,0.109351497474886,0.024451738179524167
voter,rho_2,1,1300,20,0.18635814657824468,0.10064002831711573,0.02250379445745745,0.93475,0.08682561545995514,0.019414797835671634
voter,rho_2,1,1350,20,0.3058173175467781,0.1334336102521782,0.02983666230070833,0.9400000000000001,0.090953284712538,0.020337772739412736
voter,rho_2,1,1400,20,0.22185424571329943,0.12294300355214,0.027490891330058314,0.9775,0.031324910215354156,0.007004462863060947
voter,rho_2,1,1450,20,0.1513690936764755,0.07934750462337838,0.01774264141828529,0.9422499999999999,0.0929310900613998,0.020780023460044504
voter,rho_2,1,1500,20,0.21754477702184216,0.10232941133809496,0.022881551984951804,0.9257500000000001,0.10778769642217984,0.024102061633810498
voter,rho_2,1,1550,20,0.19900466858901938,0.10586588305616029,0.023672331101161757,0.93625,0.06463116508310832,0.014451967859084104
voter,rho_2,1,1600,20,0.16954178544719994,0.10218018979159431,0.022848185032783495,0.9712500000000001,0.04080058210369063,0.009123287510541362
voter,rho_2,1,1650,20,0.2076708124737392,0.11552849823943871,0.025832957540184973,0.9717499999999999,0.03975786085794858,0.008890127951835114
voter,rho_2,1,1700,20,0.16159409219288512,0.07369281585083748,0.01647821456958466,0.96975,0.04232242313478755,0.00946358151018947
voter,rho_2,1,1750,20,0.23644640817763074,0.1184322299282708,0.026482251684649852,0.9414999999999999,0.10930576380045107,0.024441511819034433
voter,rho_2,1,1800,20,0.18918270192559022,0.11397792850955102,0.025486239608196737,0.97625,0.04811119931990886,0.010757991215835785
voter,rho_2,1,1850,20,0.20678275889885778,0.10209917167467367,0.022830068831099136,0.961,0.04509988913511872,0.010084641788382965
voter,rho_2,1,1900,20,0.1912561615610338,0.08596526217095812,0.01922241699178535,0.9657500000000001,0.059082040418387716,0.013211145862490505
voter,rho_2,1,1950,20,0.2069057802532921,0.09338728933759331,0.020882032719329993,0.94475,0.08176911091604212,0.018284129046799026
voter,rho_2,1,2000,20,0.20826246974460366,0.094598222955603,0.021152805707940935,0.92025,0.14624871794309857,0.032702207494296164
voter,rho_2,1,2050,20,0.16349225580432472,0.0944037856449982,0.02110932820355348,0.9570000000000001,0.06523802572120037,0.014587666023048377
voter,rho_2,1,2100,20,0.21618973226672739,0.08967218697309316,0.02005131057629074,0.9332499999999999,0.0956722922271647,0.0213929748983165
voter,rho_2,1,2150,20,0.18243795462826934,0.09691532017160548,0.021670924396486643,0.9662499999999999,0.08136146200751311,0.01819297597975658
voter,rho_2,1,2200,20,0.16027298348778374,0.0882408791371075,0.019731260414491535,0.9435,0.13505646967102317,0.030199544698554643
voter,rho_2,1,2250,20,0.2008890812032079,0.09300141245107495,0.02079574802440989,0.9027499999999999,0.14179628873845745,0.031706614057637875
voter,rho_2,1,2300,20,0.22845212776591906,0.11264865176848181,0.02518900429280272,0.925,0.12767145334803703,0.02854820484724039
voter,rho_2,1,2350,20,0.2608610233036674,0.11633684006072582,0.02601370826633037,0.9095000000000001,0.1528635012028705,0.03418131799682393
voter,rho_2,1,2400,20,0.17126574250838342,0.09906761143545996,0.022152191353822397,0.8859999999999999,0.15133241556256213,0.0338389568397136
voter,rho_2,1,2450,20,0.1887236171754211,0.10362355131000639,0.023170930479911166,0.8952500000000001,0.14831954523932442,0.03316525855469847
voter,rho_2,1,2500,20,0.19848516529988747,0.12806908589924762,0.028637118188697745,0.9097500000000001,0.127156153999718,0.02843298041008012
voter,rho_2,1,2550,20,0.21468039809213973,0.10949589978114108,0.024484027516813577,0.91625,0.11047482744951449,0.02470292239796741
voter,rho_2,1,2600,20,0.15787024423534468,0.07792949081886529,0.017425563892292852,0.95375,0.06430153575148885,0.014378260499796208
voter,rho_2,1,2650,20,0.18939976295495958,0.0821400413083029,0.0183670716040006,0.9502499999999999,0.08594293164652925,0.019217423734725732
voter,rho_2,1,2700,20,0.18208369672078212,0.09018329987050629,0.02016559889457,0.94275,0.1022310495886646,0.022859557629140593
voter,rho_2,1,2750,20,0.2135037519791286,0.06930382543869254,0.01549680647816957,0.9345000000000001,0.13408859011862267,0.029983120251234688
voter,rho_2,1,2800,20,0.16643104162975136,0.07696462319723153,0.01720981293316669,0.93675,0.13064527354634764,0.029213171258868832
voter,rho_2,1,2850,20,0.17504422682387716,0.0856218271394469,0.019145622584153962,0.9175000000000001,0.10944747598734289,0.02447319962734746
voter,rho_2,1,2900,20,0.20979247822621727,0.08936134627618783,0.019981804483445366,0.92425,0.11921907355788333,0.026658195268997483
voter,rho_2,1,2950,20,0.1998770246891319,0.10237529759213657,0.022891812463278788,0.9262499999999999,0.1066521800058489,0.023848152444162204
voter,rho_2,1,3000,20,0.18621178471681693,0.09492695287122709,0.02122631195169826,0.9339999999999999,0.11156388304464845,0.024946442632167012
voter,rho_2,2,0,20,0.05979191908099635,0.032884075069220156,0.007353102723198237,0.99375,0.008042853971072713,0.0017984368212422713
voter,rho_2,2,50,20,0.11947758432175248,0.06636774772588502,0.0148402795428636,0.9967499999999999,0.010985786271359925,0.002456496488904474
voter,rho_2,2,100,20,0.12084259383046088,0.056038427940820056,0.01253057342278972,0.99475,0.011562331079847188,0.002585415827289686
voter,rho_2,2,150,20,0.11731685134263373,0.06420046798692695,0.014355661060606774,0.9977499999999999,0.0067961386095341,0.0015196627915429147
voter,rho_2,2,200,20,0.11187992436396407,0.056639411219144516,0.012664957369157136,0.99175,0.014855554516745592,0.003321802974289718
voter,rho_2,2,250,20,0.09646924291319076,0.05517327141230087,0.012337118541895056,0.9894999999999999,0.024438698819699876,0.005464659184249279
voter,rho_2,2,300,20,0.11735402491305791,0.06364554557584581,0.014231576637265222,0.9795,0.05580994535026888,0.012479483162374953
voter,rho_2,2,350,20,0.09740481603376591,0.04545700391953334,0.010164495081755093,0.9789999999999999,0.06958088818059165,0.015558759590661457
voter,rho_2,2,400,20,0.1149388483272468,0.059831809514002944,0.013378799329012923,0.9717499999999999,0.07048537082260402,0.015761008057862284
voter,rho_2,2,450,20,0.10276631682292466,0.047487403704474206,0.010618506275817965,0.9814999999999999,0.04896682550462098,0.010949315047070295
voter,rho_2,2,500,20,0.12025275487768738,0.052360949261464736,0.011708264191505256,0.99125,0.01794958216783889,0.004013648589500579
voter,rho_2,2,550,20,0.09111239856629888,0.045574619437231526,0.010190794711033289,0.9949999999999999,0.013509256086106309,0.0030207614933986456
voter,rho_2,2,600,20,0.10419595195583424,0.054662617640231066,0.01222293288716358,0.99475,0.009679230341302978,0.002164341701303195
voter,rho_2,2,650,20,0.11747039673515039,0.05722963035303318,0.012796934379656748,0.9800000000000001,0.07151922818375488,0.01599218559171947
voter,rho_2,2,700,20,0.10866285370926398,0.044152086558671096,0.009872706689364331,0.9869999999999999,0.025806975801127882,0.005770615218501403
voter,rho_2,2,750,20,0.10575652454366298,0.06163306095571096,0.013781571395835785,0.9904999999999999,0.0135922772190682,0.0030393255830858295
voter,rho_2,2,800,20,0.09652188530173023,0.05352551477886872,0.011968668957622008,0.9884999999999999,0.027481812167322595,0.0061451200151014145
voter,rho_2,2,850,20,0.10314123107243804,0.05382654512066622,0.012035981388376927,0.9875,0.023953079134006967,0.0053560713214071375
voter,rho_2,2,900,20,0.1102181488723595,0.06413612766317904,0.014341274126847306,0.9702500000000001,0.06556437676055497,0.014660640333900837
voter,rho_2,2,950,20,0.08804273910609314,0.05344924545124104,0.011951614617504637,0.9897500000000001,0.026947866334832513,0.006025726097326361
voter,rho_2,2,1000,20,0.09212380807101271,0.040218644368875726,0.008993162277169524,0.95325,0.08299510527735958,0.018558269719992755
voter,rho_2,2,1050,20,0.09616993800538993,0.052655782858931195,0.011774190988103837,0.978,0.04112177038990418,0.009195107394696377
voter,rho_2,2,1100,20,0.12481465102162308,0.056469131164029324,0.01262688159131214,0.9942500000000001,0.01371814491831896,0.0030674704562554493
voter,rho_2,2,1150,20,0.1116682919178382,0.055029549030168635,0.012304981240261468,0.97625,0.053779061910747376,0.012025363819860085
voter,rho_2,2,1200,20,0.1217290980754226,0.05362856060618281,0.011991710705089208,0.9887499999999999,0.02682699200432281,0.0059986977753509136
voter,rho_2,2,1250,20,0.13022626599954834,0.05614452011265873,0.012554296353600907,0.9785,0.045554911919572415,0.010186387976117935
voter,rho_2,2,1300,20,0.12085696755917759,0.05457351334226916,0.01220300856043056,0.9505000000000001,0.1235,0.0276154395221224
voter,rho_2,2,1350,20,0.0838045566115802,0.044186466397347864,0.009880394254998004,0.94625,0.11201422900685429,0.025047143050655495
voter,rho_2,2,1400,20,0.0996964626920344,0.048097322979351084,0.010754888371759173,0.9414999999999999,0.11877604977435476,0.026559132139435577
voter,rho_2,2,1450,20,0.08693507303463976,0.04225160492212551,0.009447746076433734,0.95275,0.07803004229141491,0.01744804788507872
voter,rho_2,2,1500,20,0.11872246228490116,0.06750022799862601,0.015093509830166234,0.9630000000000001,0.10482604638161261,0.023439816552183163
voter,rho_2,2,1550,20,0.10990436010777731,0.04995089514640461,0.011169359708432502,0.9577500000000001,0.06550715609763562,0.01464784540470031
voter,rho_2,2,1600,20,0.10686617948395986,0.046822387363518514,0.010469804101365455,0.9494999999999999,0.10799189784423643,0.024147722459892565
voter,rho_2,2,1650,20,0.10510732424761379,0.05232994276032371,0.01170133092707568,0.969,0.04417578522222327,0.009878005871632189
voter,rho_2,2,1700,20,0.11182840945737016,0.07522662866345747,0.016821185540962506,0.9675,0.04308421984903522,0.009633924433998848
voter,rho_2,2,1750,20,0.07764430034276386,0.03723176140628701,0.008325274942651093,0.9582499999999999,0.09327747584492196,0.020857477675884015
voter,rho_2,2,1800,20,0.11925084801060884,0.07270472192437447,0.016257270050812064,0.9869999999999999,0.014781745499094496,0.003305298776207685
voter,rho_2,2,1850,20,0.11171832979544447,0.06543288939386832,0.014631238864891457,0.98425,0.021229401781491634,0.004747038550507043
voter,rho_2,2,1900,20,0.10945253225741744,0.06518965240111375,0.014576849419847273,0.95325,0.07425084174607045,0.01660299295307927
voter,rho_2,2,1950,20,0.10808129025662186,0.05464509007834974,0.012219013605178932,0.9455,0.10516534600332944,0.023515686254073045
voter,rho_2,2,2000,20,0.09801028926762194,0.05409793544570027,0.012096666109898117,0.96175,0.0687436360690937,0.015371544327099994
voter,rho_2,2,2050,20,0.11321997972844726,0.0527701344584801,0.011799760783096554,0.93825,0.11945998283944292,0.02671206422199527
voter,rho_2,2,2100,20,0.10264933415247471,0.04440227774199591,0.009928651138692873,0.97675,0.045312112067304906,0.010132096278658229
voter,rho_2,2,2150,20,0.10247016035708775,0.0472192407520341,0.010558543216747653,0.9595,0.0854824543400574,0.019114457878789026
voter,rho_2,2,2200,20,0.12352285109105136,0.05360730789363364,0.011986958454092587,0.9647499999999999,0.07267177925439833,0.016249903845869364
voter,rho_2,2,2250,20,0.10736718921782765,0.050841172457910616,0.01136843176716782,0.95475,0.08061443729258426,0.01802593617541125
voter,rho_2,2,2300,20,0.09385077059222321,0.04485386970346265,0.01002963017108608,0.93875,0.12485867010344136,0.027919247393151558
voter,rho_2,2,2350,20,0.11103480449425099,0.05148703647575186,0.011512851351979237,0.9289999999999999,0.10068018673006125,0.022512774151578922
voter,rho_2,2,2400,20,0.13044919401875726,0.0637979843756221,0.01426566298913605,0.9650000000000001,0.08809086218218097,0.019697715603592212
voter,rho_2,2,2450,20,0.12512835973608574,0.05757950122386463,0.012875167884709365,0.9337500000000001,0.11975887232268012,0.026778897942223087
voter,rho_2,2,2500,20,0.09326585012671887,0.040346208909454104,0.009021686575594703,0.9445,0.09380698268252742,0.020975879004227687
voter,rho_2,2,2550,20,0.10834492195878039,0.06221148873054691,0.013910911778296498,0.9577500000000001,0.08940742418837487,0.019992107817836516
voter,rho_2,2,2600,20,0.09087670776977201,0.060010093088878634,0.013418664748282294,0.969,0.03881365739015069,0.008678997637976402
voter,rho_2,2,2650,20,0.10472933263342388,0.06311985554680655,0.01411402877326266,0.9672499999999999,0.07613269665524794,0.017023788503150526
voter,rho_2,2,2700,20,0.11531066374353141,0.052726463334791966,0.011789995622974508,0.96325,0.0635664022892597,0.014213879660388291
voter,rho_2,2,2750,20,0.12158678828083855,0.060483864695349214,0.013524603300070045,0.9682499999999999,0.051314593440852665,0.011474291917151139
voter,rho_2,2,2800,20,0.12518079963755274,0.07214052042026184,0.016131110759191717,0.9705,0.038173943993252774,0.008535953373818296
voter,rho_2,2,2850,20,0.11010941451517287,0.047476698122161126,0.01061611243483889,0.9592499999999999,0.05865737379051333,0.013116187517720231
voter,rho_2,2,2900,20,0.11396136563095545,0.05618410026866859,0.012563146745540715,0.9715,0.06436419812286953,0.014392272232000063
voter,rho_2,2,2950,20,0.13129604579752077,0.051485069852011775,0.011512411601542337,0.9560000000000001,0.1035688177010822,0.02315869167289033
voter,rho_2,2,3000,20,0.12087217742961034,0.07319513850142322,0.01636693053116944,0.9584999999999999,0.08908002020655362,0.019918898061890875
voter,rho_2,3,0,20,0.05944978057706879,0.035755392282582156,0.007995148770602506,0.9949999999999999,0.009082951062292483,0.002031009601158992
voter,rho_2,3,50,20,0.0788164884923753,0.04671502583717878,0.010445797334259077,0.992,0.022327113561766105,0.0049924943665466456
voter,rho_2,3,100,20,0.08918547878844477,0.038758099870411136,0.008666574598896509,0.99725,0.0067961386095341,0.0015196627915429147
voter,rho_2,3,150,20,0.09116373413114118,0.038261185195723205,0.008555461099734568,0.98575,0.05438922227794768,0.012161799825683696
voter,rho_2,3,200,20,0.08292930708393155,0.04891720709561956,0.010938220033524038,0.993,0.025169425897306436,0.005628054726102083
voter,rho_2,3,250,20,0.07481132419970025,0.03364308893443064,0.007522823383045787,0.9977499999999999,0.005356071321407143,0.0011976539567003495
voter,rho_2,3,300,20,0.0865510589491302,0.052663546615759914,0.011775927016906816,0.9955,0.006689544080129832,0.0014958275301651604
voter,rho_2,3,350,20,0.08663193160837822,0.04401137322011123,0.009841242230328251,0.9957499999999999,0.007790218225441448,0.0017419457511644858
voter,rho_2,3,400,20,0.092442247809125,0.03630799752494524,0.008118715059267168,0.994,0.009027735042633902,0.0020186629238186367
voter,rho_2,3,450,20,0.08971023802093736,0.04556729055432056,0.010189155922994483,0.9964999999999999,0.005722761571129804,0.001279648389206974
voter,rho_2,3,500,20,0.07915220763994286,0.042684246672876444,0.009544487712892095,0.99325,0.008699856320652665,0.0019453470127460564
voter,rho_2,3,550,20,0.08825988018180639,0.033067050611775214,0.007394017298335539,0.994,0.012308533625091182,0.0027522717889045794
voter,rho_2,3,600,20,0.06918232593835111,0.026809563899350335,0.005994800732607167,0.9960000000000001,0.006819090848492934,0.0015247950681976919
voter,rho_2,3,650,20,0.08234412861530495,0.034006130355492686,0.007604001912660073,0.99725,0.0067961386095341,0.0015196627915429147
voter,rho_2,3,700,20,0.07508875390176559,0.033339190088498866,0.007454869535267069,0.99475,0.01066243405606807,0.0023841927354977008
voter,rho_2,3,750,20,0.09173403565686569,0.047790869465395416,0.010686363282844318,0.99825,0.004264680527307999,0.0009536115561380333
voter,rho_2,3,800,20,0.08423996522702785,0.042704006029176796,0.009548906039280018,0.9967499999999999,0.005973901572674266,0.001335805000739256
voter,rho_2,3,850,20,0.0842724160544121,0.04652800194067265,0.010403977519658618,0.9962500000000001,0.010591860082157439,0.0023684119151870537
voter,rho_2,3,900,20,0.07737494351132645,0.03515100103287346,0.007860002778667038,0.9964999999999999,0.008958236433584467,0.0020031225624010146
voter,rho_2,3,950,20,0.07229261558309122,0.03471387397710706,0.007762258197517236,0.9962500000000001,0.010108783309577873,0.0022603926650031424
voter,rho_2,3,1000,20,0.08114177646367057,0.041123849217496775,0.009195572234677431,0.9730000000000001,0.09751153777887003,0.021804242706409224
voter,rho_2,3,1050,20,0.0755655487344992,0.03897126135539655,0.008714238955957727,0.9960000000000001,0.01019803902718558,0.002280350850198278
voter,rho_2,3,1100,20,0.08274134754243459,0.036393143201531516,0.00813775421135088,0.994,0.01102270384252431,0.0024647515087732495
voter,rho_2,3,1150,20,0.08935903641703465,0.04481233664694226,0.010020343097316788,0.991,0.02101190138945069,0.004698403984333402
voter,rho_2,3,1200,20,0.08016126266041759,0.03707178933388087,0.008289504099810927,0.9914999999999999,0.012459935794377123,0.002786126343151009
voter,rho_2,3,1250,20,0.07779066481132436,0.03998183393352889,0.00894020985404784,0.9685,0.08191611563056442,0.01831700030026751
voter,rho_2,3,1300,20,0.09224269497754593,0.03833946391195321,0.00857296475280274,0.9724999999999999,0.08385254915624211,0.01875
voter,rho_2,3,1350,20,0.07451091541666591,0.03500675512542457,0.007827748413213851,0.986,0.027046256672597045,0.006047726845683427
voter,rho_2,3,1400,20,0.08833733078365881,0.03374317250142985,0.0075452027489698766,0.99275,0.012295832627357948,0.002749431759473221
voter,rho_2,3,1450,20,0.09801456090076996,0.048021154836516214,0.010737856657249304,0.9877499999999999,0.016161296358893983,0.003613775726300678
voter,rho_2,3,1500,20,0.09350468149399357,0.04934943845922345,0.011034869904626612,0.99025,0.015286840746210461,0.00341824150697402
voter,rho_2,3,1550,20,0.07796496765558862,0.04402788066013673,0.009844933406131403,0.9960000000000001,0.006244997998398403,0.0013964240043768952
voter,rho_2,3,1600,20,0.09057566367073097,0.04738140827646582,0.010594804977584872,0.994,0.007842193570679067,0.0017535677916750195
voter,rho_2,3,1650,20,0.07085371458299763,0.03879944988572766,0.008675820743408348,0.99075,0.015833114033569025,0.0035403919274566223
voter,rho_2,3,1700,20,0.08769685946982676,0.0439484975921786,0.009827182812509718,0.9824999999999999,0.053956000593075835,0.012064928512013653
voter,rho_2,3,1750,20,0.08135066249866427,0.03756841581209155,0.008400553156281467,0.98225,0.04136650214847757,0.009249831079538693
voter,rho_2,3,1800,20,0.08326675495195521,0.03328256015903286,0.007442206698082368,0.984,0.04158124577258357,0.009297849213662262
voter,rho_2,3,1850,20,0.0914824208746346,0.05521390522011767,0.012346204537541358,0.9789999999999999,0.03356337289367683,0.00750499833444352
voter,rho_2,3,1900,20,0.08260070490620827,0.050992289191023964,0.011402222495945734,0.9804999999999999,0.042892307002538335,0.009591011416946595
voter,rho_2,3,1950,20,0.06705053021178825,0.03499524815541293,0.007825175376497743,0.9855,0.01967866865415443,0.00440028408173836
voter,rho_2,3,2000,20,0.08280024443480276,0.04415312294526825,0.009872938432452552,0.985,0.021035683967962633,0.004703721930556695
voter,rho_2,3,2050,20,0.07431682836049366,0.03008071342785944,0.006726252003638442,0.991,0.01067707825203132,0.0023874672772626663
voter,rho_2,3,2100,20,0.07470701818629444,0.04023447122843659,0.008996701270554368,0.99025,0.021821720830401976,0.0048794851162801975
voter,rho_2,3,2150,20,0.08555477779137824,0.03839621510925371,0.00858565470629958,0.99075,0.010401322031357369,0.0023258063117981274
voter,rho_2,3,2200,20,0.07357513055211501,0.044836485178084105,0.010025742873035782,0.9882500000000001,0.022598395960775612,0.0050531549550750935
voter,rho_2,3,2250,20,0.09990598525922663,0.04578358289840683,0.010237520361433453,0.9744999999999999,0.0385,0.00860886171337419
voter,rho_2,3,2300,20,0.08592355715975346,0.04884884130856087,0.010922932978804187,0.99325,0.010158124826955032,0.0022714257636999736
voter,rho_2,3,2350,20,0.07285290019796417,0.030403443818164875,0.0067984167127512415,0.9890000000000001,0.026485845276298055,0.005922415047934415
voter,rho_2,3,2400,20,0.08776041948817004,0.05181501207512232,0.011586188925494593,0.992,0.015524174696260037,0.0034713109915419592
voter,rho_2,3,2450,20,0.10331719678764109,0.04713300803669014,0.010539260995408306,0.99,0.01857417562100671,0.004153311931459037
voter,rho_2,3,2500,20,0.07396731920593838,0.03360174188104651,0.007513577900842164,0.993,0.01298075498574718,0.002902585054740001
voter,rho_2,3,2550,20,0.08050713801422926,0.04169899929036645,0.009324179700697486,0.97575,0.07860144718769496,0.01757581790415456
voter,rho_2,3,2600,20,0.08724059146035587,0.047145231931228736,0.010541994341322114,0.991,0.015132745950421548,0.0033837848631377244
voter,rho_2,3,2650,20,0.08712356381715089,0.03788296035942574,0.00847088745526058,0.9845,0.03456515586540874,0.007729003816792951
voter,rho_2,3,2700,20,0.07558771176356713,0.0309811790231032,0.006927602231874928,0.96225,0.06019707218793951,0.013460474545869473
voter,rho_2,3,2750,20,0.08725727694248502,0.04585457535394359,0.010253394757080434,0.98525,0.02100446381129497,0.0046967408912989865
voter,rho_2,3,2800,20,0.0740324370232571,0.03503266275053896,0.007833541534302988,0.9705,0.04994747240852133,0.011168594360974882
voter,rho_2,3,2850,20,0.0877337206856046,0.0438775796913836,0.009811325087809797,0.97575,0.03762562291843154,0.008413345054138694
voter,rho_2,3,2900,20,0.0918339496911866,0.04775345699219999,0.01067799759951718,0.97525,0.03589829383132296,0.00802710252830995
voter,rho_2,3,2950,20,0.07716139274944038,0.04246434435289641,0.009495316059303567,0.9802500000000001,0.042233724675903264,0.009443747931832997
voter,rho_2,3,3000,20,0.06786060085348732,0.034086951453797976,0.0076220740596427555,0.98575,0.02675233634656981,0.005982004262786846
voter,rho_2,4,0,20,0.06407670529892803,0.03179586013705356,0.007109770466952753,0.9935,0.007599342076785339,0.0016992645467966442
voter,rho_2,4,50,20,0.06456065176871743,0.03647530525270162,0.008156126204509596,0.9925,0.015850867484147352,0.0035443617196894545
voter,rho_2,4,100,20,0.0878862944920039,0.047044068930906055,0.010519373606769179,0.9967499999999999,0.00530919014539883,0.0011871710070583776
voter,rho_2,4,150,20,0.06534814234776054,0.02712924018267041,0.006066282522636984,0.9960000000000001,0.006041522986797291,0.0013509256086106306
voter,rho_2,4,200,20,0.06148241267331438,0.04289675901266689,0.009592006916674991,0.994,0.012308533625091182,0.0027522717889045794
voter,rho_2,4,250,20,0.0690152254133089,0.035649952905983974,0.007971571809244633,0.9967499999999999,0.005068283733178328,0.0011333026956643147
voter,rho_2,4,300,20,0.05406629315867097,0.04665286770145525,0.01043189835257583,0.99475,0.013367404385294863,0.0029890424888248104
voter,rho_2,4,350,20,0.07610314314771083,0.037566597954454634,0.00840014667095651,0.9970000000000001,0.005567764362830027,0.0012449899597988742
voter,rho_2,4,400,20,0.0746740062190234,0.03521180022590213,0.007873597891525962,0.9949999999999999,0.011510864433221349,0.002573907535246752
voter,rho_2,4,450,20,0.05813600270039386,0.031309774669988764,0.0070010784522295914,0.992,0.021470910553583883,0.00480104155366312
voter,rho_2,4,500,20,0.08755669296202748,0.03902164237781987,0.008725504495049176,0.9884999999999999,0.024243555844801316,0.005421023888528808
voter,rho_2,4,550,20,0.07023817265017854,0.024375479054992703,0.0054505228151086015,0.9875,0.02708782014116307,0.006057020719792857
voter,rho_2,4,600,20,0.0691307906676361,0.04240928109659243,0.00948300354088775,0.99,0.015247950681976919,0.003409545424246467
voter,rho_2,4,650,20,0.06372000414477719,0.03341632734237493,0.007472117949593523,0.9945,0.016650825805346704,0.003723237838226291
voter,rho_2,4,700,20,0.07707611684629007,0.047153624745299855,0.010543871031600668,0.9890000000000001,0.021482551058940823,0.004803644449790177
voter,rho_2,4,750,20,0.05388769746123349,0.028227176641772996,0.006311788578389864,0.9935,0.012359207094308286,0.002763602721087098
voter,rho_2,4,800,20,0.0620766621729989,0.03514581588135769,0.007858843343540749,0.99825,0.00553962995154009,0.0012386989141837505
voter,rho_2,4,850,20,0.06557271018276513,0.03668972987961152,0.008204073008691653,0.9957499999999999,0.006941721688457417,0.00155221615762754
voter,rho_2,4,900,20,0.075223047897424,0.04024283049739685,0.008998570459918103,0.9974999999999999,0.004609772228646448,0.0010307764064044162
voter,rho_2,4,950,20,0.06477391690716708,0.03686646366571801,0.008243591884657155,0.9967499999999999,0.0039607448794387184,0.0008856494791959183
voter,rho_2,4,1000,20,0.07191452742380533,0.034766810236673405,0.007774095105003728,0.99725,0.004023369234857774,0.0008996527107723298
voter,rho_2,4,1050,20,0.07654051864281768,0.03682311800988972,0.00823389950136102,0.99475,0.009283722313813579,0.0020759034177918797
voter,rho_2,4,1100,20,0.06870047001778198,0.029762774381837494,0.006655158671677792,0.9869999999999999,0.04871857961804715,0.010893805579318917
voter,rho_2,4,1150,20,0.06977964695287166,0.03685086876988564,0.008240104759938836,0.9824999999999999,0.027545417041678635,0.006159342497377459
voter,rho_2,4,1200,20,0.055346548081568706,0.032047771735718454,0.007166099612846289,0.9914999999999999,0.01659066002303705,0.003709784360309907
voter,rho_2,4,1250,20,0.06844272607864549,0.03051016574111444,0.006822280460191714,0.9869999999999999,0.024413111231467405,0.005458937625582472
voter,rho_2,4,1300,20,0.0785448051540105,0.03798047155927784,0.008492691622404269,0.98575,0.013160072188251867,0.0029426816001735584
voter,rho_2,4,1350,20,0.06976034849424416,0.024086933197136753,0.005386001999829412,0.9862500000000001,0.01954961636452235,0.004371427112511428
voter,rho_2,4,1400,20,0.07998079268666554,0.03926450614860287,0.008779810485123447,0.991,0.01677796173556251,0.0037516662964608124
voter,rho_2,4,1450,20,0.06081784777700502,0.03083839960556663,0.006895675783534968,0.9914999999999999,0.01566045976336582,0.0035017852589786245
voter,rho_2,4,1500,20,0.06770567506445432,0.033740281134731626,0.007544556219721365,0.98675,0.018592673288153054,0.004157448135575476
voter,rho_2,4,1550,20,0.07090035207162874,0.0379922944825045,0.008495335308407025,0.9957499999999999,0.007628073151196186,0.00170568901034157
voter,rho_2,4,1600,20,0.06417820759416223,0.03985413172163097,0.008911654771379757,0.9960000000000001,0.007842193570679067,0.0017535677916750195
voter,rho_2,4,1650,20,0.06189980171108803,0.03663421462544401,0.008191659420480979,0.992,0.015443445211480514,0.003453259329966404
voter,rho_2,4,1700,20,0.07079691480529839,0.03667450368950634,0.0082006683290803,0.9890000000000001,0.024166091947189144,0.005403702434442518
voter,rho_2,4,1750,20,0.08299851170834277,0.04091509304896575,0.009148892936321654,0.9970000000000001,0.004301162633521317,0.000961769203083568
voter,rho_2,4,1800,20,0.06047320117171029,0.037222049943952305,0.00832310339365696,0.99125,0.010473180032826716,0.0023418742493994016
voter,rho_2,4,1850,20,0.07012030298748348,0.026723628173096016,0.005975584920047121,0.99025,0.018129740759315886,0.004053933275227897
voter,rho_2,4,1900,20,0.07317823916583166,0.04337566843035627,0.009699094317976822,0.9964999999999999,0.005937171043518964,0.0013275918047351766
voter,rho_2,4,1950,20,0.07029666665678272,0.03847936613046946,0.008604247839883276,0.9914999999999999,0.013518505834595787,0.0030228298000383705
voter,rho_2,4,2000,20,0.06456485664299358,0.03503396669728237,0.007833833105658718,0.98675,0.031751968442917056,0.007099955985779068
voter,rho_2,4,2050,20,0.08094692120066285,0.04057269158191542,0.009072329640729635,0.992,0.014352700094407337,0.0032093613071762454
voter,rho_2,4,2100,20,0.05847208733036863,0.03106145590640652,0.006945552688683732,0.99125,0.01523769995767079,0.0034072532926097553
voter,rho_2,4,2150,20,0.057860920184393747,0.0318790460362659,0.007128371399493578,0.9935,0.012359207094308286,0.002763602721087098
voter,rho_2,4,2200,20,0.08087106594854293,0.0395382485109652,0.008841021138179802,0.97625,0.05069208518102209,0.011335094838597513
voter,rho_2,4,2250,20,0.07848633070506408,0.035267520442216614,0.00788605731066598,0.982,0.04433959855479072,0.009914635646356348
voter,rho_2,4,2300,20,0.061242492496817666,0.03505630782868888,0.007838828734510639,0.9865,0.02846489065498056,0.006364943047663504
voter,rho_2,4,2350,20,0.07681494608217025,0.037552748389032935,0.008397049813982335,0.9964999999999999,0.0039051248379533307,0.0008732124598286498
voter,rho_2,4,2400,20,0.07676744544601459,0.041156611561741864,0.009202898117560858,0.99275,0.009807522622966525,0.002193028727582019
voter,rho_2,4,2450,20,0.07806129744144648,0.029309958966602698,0.006553906066705311,0.9872500000000001,0.02187892821872223,0.004892277077190129
voter,rho_2,4,2500,20,0.06056669017222416,0.03214864381889518,0.007188655296347805,0.9877499999999999,0.01600585830250911,0.003579018720263976
voter,rho_2,4,2550,20,0.06174387925830893,0.029632019777305344,0.006625921053267292,0.99225,0.011562331079847188,0.002585415827289686
voter,rho_2,4,2600,20,0.07533463728600381,0.03426257166555577,0.007661343932814088,0.99275,0.009417404100918689,0.0021057955741239478
voter,rho_2,4,2650,20,0.06852063164227655,0.0289839803724796,0.006481015037138406,0.99275,0.009010410645470058,0.0020147890708458807
voter,rho_2,4,2700,20,0.07663984772825916,0.03391737259823065,0.007584155074783238,0.98325,0.031195953263203874,0.006975627211943025
voter,rho_2,4,2750,20,0.0811778477323713,0.04436412134897936,0.00992011910983675,0.9872500000000001,0.025810608284191978,0.005771427466407247
voter,rho_2,4,2800,20,0.07303947067733234,0.030656560735124783,0.006855015376008994,0.9845,0.028805381441668144,0.006441079102138086
voter,rho_2,4,2850,20,0.06333470248246395,0.03390976563232583,0.007582454105496669,0.9894999999999999,0.014908051515875567,0.0033335416601566552
voter,rho_2,4,2900,20,0.06513439597935615,0.03735358098737359,0.008352514629081105,0.98525,0.02821679464432486,0.006309467093186238
voter,rho_2,4,2950,20,0.06635124236143955,0.029405643946726772,0.006575301878703627,0.9925,0.009420721840708393,0.0021065374432940914
voter,rho_2,4,3000,20,0.055355373698358676,0.0359680207424921,0.008042693939633479,0.9882500000000001,0.019057478846898922,0.00426138181814303
voter,rho_2,5,0,20,0.06434539362868694,0.03226788148020817,0.0072153176479652,0.9855,0.020118399538730708,0.004498610896710227
voter,rho_2,5,50,20,0.07154208840263007,0.033795400036845134,0.007556881180918461,0.99225,0.015122417134836627,0.00338147526976023
voter,rho_2,5,100,20,0.050817867451646216,0.0270428576394108,0.006046966798757204,0.9960000000000001,0.006041522986797291,0.0013509256086106306
voter,rho_2,5,150,20,0.05949728586059526,0.03479990597384082,0.0077814955368109085,0.99475,0.009549214627392149,0.002135269303858417
voter,rho_2,5,200,20,0.06269888780705003,0.022627552808798617,0.005059674624494001,0.9952500000000001,0.008135570047636497,0.0018191687662226408
voter,rho_2,5,250,20,0.05181509691645079,0.024558411075679257,0.005491427658460255,0.99325,0.015270478054075444,0.00341458269778314
voter,rho_2,5,300,20,0.054507100521001696,0.03068974188055885,0.006862434905685182,0.99225,0.008584142356694706,0.0019194725838104609
voter,rho_2,5,350,20,0.061941523240093554,0.03349156824291871,0.007488942326423943,0.9955,0.006500000000000006,0.0014534441853748645
voter,rho_2,5,400,20,0.06825824481769081,0.028540680320401093,0.006381890132050732,0.9925,0.024974987487484352,0.0055845769759221685
voter,rho_2,5,450,20,0.06771220310448074,0.0352503853316468,0.007882225783462371,0.99175,0.024813051001438737,0.005548366876838624
voter,rho_2,5,500,20,0.07020452152480929,0.03388754350085765,0.007577485085839891,0.994,0.010793516572461461,0.002413503677229436
voter,rho_2,5,550,20,0.07415240087402326,0.03897818044455129,0.008715786111326966,0.9942500000000001,0.008842369591913705,0.001977213948969612
voter,rho_2,5,600,20,0.052767264846043584,0.02678004092079423,0.005988199193912196,0.99375,0.01160549438843517,0.002595067436503339
voter,rho_2,5,650,20,0.05306758467625907,0.029346280625395925,0.0065620278365170325,0.9967499999999999,0.007790218225441448,0.0017419457511644858
voter,rho_2,5,700,20,0.07051380909199464,0.034218335201857686,0.007651452358822777,0.9967499999999999,0.006941721688457417,0.00155221615762754
voter,rho_2,5,750,20,0.053767766763325044,0.022276913026543093,0.004981269185620093,0.9955,0.007889866919029757,0.0017642278764377366
voter,rho_2,5,800,20,0.06414439006549663,0.02627503200907703,0.005875275768327911,0.99275,0.010304731922762484,0.0023042081069209026
voter,rho_2,5,850,20,0.05449657140618763,0.026254148011076332,0.005870605964410758,0.9974999999999999,0.0058094750193111305,0.001299038105676659
voter,rho_2,5,900,20,0.06902511886263021,0.0347867388661155,0.007778551282016822,0.9957499999999999,0.006941721688457417,0.00155221615762754
voter,rho_2,5,950,20,0.060360906872529506,0.02398569166198669,0.005363363704355215,0.9935,0.017755280904564696,0.003970201506221061
voter,rho_2,5,1000,20,0.054310642929737495,0.024274134756107804,0.005427861540964732,0.9964999999999999,0.005500000000000005,0.0012298373876248854
voter,rho_2,5,1050,20,0.07926676191059845,0.039135487873774126,0.008750961121837765,0.97425,0.0708920834790458,0.01585195177257362
voter,rho_2,5,1100,20,0.07442724582487246,0.04295172348988763,0.009604297347416323,0.9894999999999999,0.017599715906798038,0.003935416115228477
voter,rho_2,5,1150,20,0.06378257413845874,0.03556655889657783,0.007952924341849793,0.9925,0.011346805717910228,0.002537222891273057
voter,rho_2,5,1200,20,0.057319399705964,0.027619167286122077,0.006175833553370735,0.99475,0.007822243923581015,0.001749106914971182
voter,rho_2,5,1250,20,0.06395940436809011,0.032021241922373024,0.007160167366239212,0.99875,0.0021650635094610984,0.0004841229182759275
voter,rho_2,5,1300,20,0.07176769609760868,0.02945764027767851,0.006586928611762492,0.9925,0.009937303457175905,0.0022220486043288993
voter,rho_2,5,1350,20,0.060444769006775444,0.026432208306845558,0.005910421456954128,0.9887499999999999,0.020240738622886268,0.004525966747557918
voter,rho_2,5,1400,20,0.065793685073641,0.030903610592811513,0.0069102574035709114,0.98475,0.02964266351055519,0.006628301064375396
voter,rho_2,5,1450,20,0.06567189984316339,0.03924530626241385,0.008775517260055555,0.9914999999999999,0.0183779759494891,0.0041094403511913865
voter,rho_2,5,1500,20,0.055896177978984316,0.031236857435133093,0.006984773662842732,0.9942500000000001,0.01535211711784403,0.00343283774740374
voter,rho_2,5,1550,20,0.06858756636023312,0.029282625398246852,0.0065477940950141806,0.9882500000000001,0.018253424336271806,0.004081589763805273
voter,rho_2,5,1600,20,0.07098139112788165,0.0396254311111401,0.008860515760224428,0.9949999999999999,0.008944271909999166,0.0020000000000000018
voter,rho_2,5,1650,20,0.062396080365300574,0.03311801495484114,0.0074054132718879406,0.9894999999999999,0.02729010809799038,0.006102253682042398
voter,rho_2,5,1700,20,0.06657876752282824,0.03317355102961822,0.0074178315157284475,0.98925,0.02753520473866138,0.006157058957002117
voter,rho_2,5,1750,20,0.058898820484666915,0.04010037531321273,0.008966716512359807,0.9949999999999999,0.006708203932499375,0.0015000000000000011
voter,rho_2,5,1800,20,0.05734137637335814,0.025437339485053435,0.005687962025531897,0.993,0.014949916387726045,0.0033429029300893537
voter,rho_2,5,1850,20,0.05688999395206281,0.025417210097256504,0.005683460957585958,0.9974999999999999,0.004031128874149278,0.000901387818865998
voter,rho_2,5,1900,20,0.06509619275180448,0.030379881955582815,0.006793148120110242,0.99325,0.012477479713467791,0.002790049282718858
voter,rho_2,5,1950,20,0.05797720826993517,0.0322577620444518,0.007213054873340681,0.9925,0.01066536450385078,0.0023848480035423662
voter,rho_2,5,2000,20,0.07059816707227683,0.028934563940405257,0.0064699651870060325,0.99375,0.016345871038277518,0.0036550478793033595
voter,rho_2,5,2050,20,0.07041860379136364,0.04119430299350035,0.009211326177918984,0.99325,0.007462405778299657,0.0016686446595965256
voter,rho_2,5,2100,20,0.06667923309658495,0.0405687425493753,0.009071446610209128,0.977,0.06319414529843727,0.014130640466730446
voter,rho_2,5,2150,20,0.06624774916473658,0.030450400650693474,0.006808916579705443,0.984,0.020223748416156675,0.004522167621838003
voter,rho_2,5,2200,20,0.0648484507919389,0.05081335781788509,0.011362212224581144,0.98375,0.02534141866589161,0.005666513478321567
voter,rho_2,5,2250,20,0.07870040914514854,0.03822939163731481,0.00854835184394979,0.99075,0.0194470434770944,0.0043484911176176946
voter,rho_2,5,2300,20,0.0597476529136173,0.03390996730763592,0.007582499201466944,0.993,0.007810249675906661,0.0017464249196572996
voter,rho_2,5,2350,20,0.07098328112449663,0.03483177408783237,0.00778862146373089,0.9904999999999999,0.015157506391224132,0.003389321466016468
voter,rho_2,5,2400,20,0.06287207171267943,0.04038850719339562,0.009031144759417185,0.99125,0.01679843742733234,0.0037562448003291794
voter,rho_2,5,2450,20,0.06468506871266566,0.03478935409809616,0.007779136065665389,0.9810000000000001,0.03136877428271625,0.007014271166700074
voter,rho_2,5,2500,20,0.0569417217651325,0.026019170924300953,0.005818063490492296,0.9897500000000001,0.019266226926930967,0.004308059307855452
voter,rho_2,5,2550,20,0.06101298315372846,0.030155093068912005,0.006742883796991999,0.98475,0.022387217334898953,0.0050059339787895734
voter,rho_2,5,2600,20,0.05840718006793818,0.02311856071346792,0.00516946732972703,0.9882500000000001,0.015990231392947397,0.003575524437058153
voter,rho_2,5,2650,20,0.06510512322650647,0.029729164740150173,0.006647643327326565,0.9845,0.021500000000000005,0.004807546151624549
voter,rho_2,5,2700,20,0.07382282735469367,0.04131592301535607,0.009238521241548425,0.991,0.015132745950421569,0.0033837848631377287
voter,rho_2,5,2750,20,0.05554258881022824,0.027687227185205318,0.006191052209459925,0.9875,0.02704163456597992,0.006046693311223913
voter,rho_2,5,2800,20,0.07248361646081111,0.02997670375096506,0.00670299473285308,0.9882500000000001,0.02471209218176397,0.005525791798466532
voter,rho_2,5,2850,20,0.06854584420927579,0.02564125386775515,0.005733558667662992,0.992,0.01197914855071095,0.002678619047195777
voter,rho_2,5,2900,20,0.059451587478110315,0.03209282806686313,0.007176174514771912,0.99,0.01140175425099139,0.0025495097567963944
voter,rho_2,5,2950,20,0.06612000561170975,0.03726846117156978,0.008333481259644148,0.9884999999999999,0.015500000000000014,0.003465905365124677
voter,rho_2,5,3000,20,0.06534997681116711,0.029506694209534532,0.006597897404381863,0.993,0.008860022573334684,0.001981161275615897
voter,rho_2,6,0,20,0.06578262678453858,0.03790541563901544,0.008475908608422216,0.9974999999999999,0.006020797289396153,0.0013462912017836272
voter,rho_2,6,50,20,0.06137989914206839,0.02919189192040506,0.0065275054725852585,0.993,0.009924716620639613,0.0022192341021172166
voter,rho_2,6,100,20,0.07466458383000682,0.030115601386414767,0.0067340531883310325,0.9952500000000001,0.007495832175282481,0.0016761190291861745
voter,rho_2,6,150,20,0.06966075314462869,0.025986061271549482,0.005810659947065926,0.9970000000000001,0.0040000000000000036,0.0008944271909999167
voter,rho_2,6,200,20,0.07104546504467438,0.03144642343863559,0.007031634045803186,0.9942500000000001,0.00794905654779233,0.0017774630797853456
voter,rho_2,6,250,20,0.048628526953238535,0.03425222040243779,0.00765902932001561,0.99475,0.011008519428152008,0.0024615797772975
voter,rho_2,6,300,20,0.05303480394567056,0.032363130615841985,0.007236616002172731,0.99325,0.010034316120194748,0.0022437412952477404
voter,rho_2,6,350,20,0.05954529834940746,0.01970150057229934,0.004405389453841233,0.9942500000000001,0.009120718173477357,0.0020394545839513088
voter,rho_2,6,400,20,0.06622308333399249,0.03224921507730905,0.0072111437133874174,0.99025,0.014532291629333633,0.003249519195204118
voter,rho_2,6,450,20,0.0691172820763217,0.04212263319037458,0.00941890712049664,0.9955,0.007889866919029757,0.0017642278764377366
voter,rho_2,6,500,20,0.05948245288722213,0.03789633122283632,0.008473877271210973,0.9884999999999999,0.020006249023742557,0.0044735332791877155
voter,rho_2,6,550,20,0.05685011190088039,0.02747548058098197,0.00614370422935511,0.99175,0.015105876340020787,0.0033777766355992203
voter,rho_2,6,600,20,0.06967849228469442,0.03839930862105119,0.008586346436566417,0.994,0.009823441352194259,0.0021965882636488816
voter,rho_2,6,650,20,0.0646921588924394,0.03413755117281834,0.0076333885007799475,0.9945,0.010356157588603998,0.002315707235381884
voter,rho_2,6,700,20,0.05600460685049893,0.037235271216857116,0.008326059760153381,0.9949999999999999,0.012649110640673528,0.0028284271247461922
voter,rho_2,6,750,20,0.06494081936830849,0.03290596721850579,0.007357997956595862,0.9952500000000001,0.00843726851534311,0.001886630594472592
voter,rho_2,6,800,20,0.06002741840166613,0.041656074901625234,0.009314581515585688,0.9952500000000001,0.005804093383121955,0.0012978347352417422
voter,rho_2,6,850,20,0.05864679638937672,0.027992932090564606,0.0062594099044037755,0.9952500000000001,0.006609652033201149,0.0014779631253857466
voter,rho_2,6,900,20,0.0531910628436799,0.029499314532092546,0.006596247258340633,0.994,0.009300537618869146,0.0020796634343085442
voter,rho_2,6,950,20,0.05652169599377756,0.030876515880897046,0.006904198841803759,0.99225,0.01066243405606807,0.0023841927354977008
voter,rho_2,6,1000,20,0.0753683215874004,0.028309741152734467,0.006330250564293752,0.9914999999999999,0.008817596044274206,0.001971674415313037
voter,rho_2,6,1050,20,0.062417631525379366,0.034013290465956976,0.0076056029620325295,0.98675,0.013442005058770076,0.0030057237065305945
voter,rho_2,6,1100,20,0.06426646888069623,0.030924855361876665,0.006915007878350508,0.9824999999999999,0.034838915023289695,0.007790218225441442
voter,rho_2,6,1150,20,0.0570288076568203,0.026680958418955913,0.005966043672963073,0.99025,0.010059199769365363,0.0022493054483551157
voter,rho_2,6,1200,20,0.055624298059690144,0.029360575715856704,0.006565224315918513,0.9945,0.010111874208078351,0.0022610838109190044
voter,rho_2,6,1250,20,0.07069046218474401,0.028372890870883537,0.006344371270547879,0.993,0.012589678312014184,0.002815137652051852
voter,rho_2,6,1300,20,0.06395214451099436,0.035722522474255794,0.007987798858019993,0.9942500000000001,0.009908960591303216,0.00221571094685205
voter,rho_2,6,1350,20,0.0611362706560209,0.02946521278125744,0.0065886218750387275,0.993,0.016613247725836142,0.0037148351242013403
voter,rho_2,6,1400,20,0.06274217143031217,0.02826263346688584,0.006319716965511729,0.9925,0.018940696924875808,0.004235268586524353
voter,rho_2,6,1450,20,0.0590425621897129,0.025518086352114864,0.005706017573903847,0.9914999999999999,0.015740076238697207,0.0035195880440756157
voter,rho_2,6,1500,20,0.059281068661926395,0.029722099036094452,0.006646063387868817,0.99325,0.017122718826167758,0.003828756325492651
voter,rho_2,6,1550,20,0.05580087079061201,0.03262817504888613,0.00729588173910719,0.9942500000000001,0.006941721688457417,0.00155221615762754
voter,rho_2,6,1600,20,0.062448834774372866,0.02221521534524418,0.004967473164676244,0.9880000000000001,0.025563646062328433,0.0057162050348111195
voter,rho_2,6,1650,20,0.06674368766845193,0.04080604544136057,0.009124509149982765,0.9935,0.00743303437365926,0.0016620770138594677
voter,rho_2,6,1700,20,0.06579728567521846,0.01890044539065115,0.0042262680698518535,0.9967499999999999,0.0039607448794387184,0.0008856494791959183
voter,rho_2,6,1750,20,0.0580255791587718,0.02663703820453226,0.005956222814459308,0.99325,0.014600941750448852,0.00326486982895184
voter,rho_2,6,1800,20,0.06285524188158284,0.02468513094081889,0.005519763081715438,0.9964999999999999,0.004213074886588183,0.0009420721840708394
voter,rho_2,6,1850,20,0.055254765255248674,0.03915196815318069,0.008754646224341892,0.994,0.006244997998398403,0.0013964240043768952
voter,rho_2,6,1900,20,0.0705957377322899,0.023983402935588198,0.005362851929574322,0.9977499999999999,0.0036996621467371886,0.0008272696053887156
voter,rho_2,6,1950,20,0.060000705173578285,0.036164584199622395,0.008086646864837049,0.9952500000000001,0.0064177488264967235,0.0014350522638566176
voter,rho_2,6,2000,20,0.061164892984298634,0.030780553623304042,0.006882741028678529,0.9949999999999999,0.01036822067666387,0.002318404623873928
voter,rho_2,6,2050,20,0.05649324928997594,0.024871975264367508,0.005561542742581905,0.99,0.02678619047195775,0.0059895742753554694
voter,rho_2,6,2100,20,0.0562991746391059,0.025281402097453654,0.005653093365641213,0.992,0.014949916387726067,0.003342902930089359
voter,rho_2,6,2150,20,0.06757573676069169,0.03892006200554804,0.00870279043329122,0.9962500000000001,0.007224091638399951,0.001615355997915012
voter,rho_2,6,2200,20,0.06537206902134626,0.0347115536461978,0.007761739355752897,0.99275,0.012090802289343758,0.0027035855821482724
voter,rho_2,6,2250,20,0.049445653520238414,0.021464375054104333,0.004799580171552801,0.99475,0.010304731922762484,0.0023042081069209026
voter,rho_2,6,2300,20,0.06084706634599966,0.0377502369693213,0.008441209603012808,0.998,0.0040000000000000036,0.0008944271909999167
voter,rho_2,6,2350,20,0.05495754103467213,0.028135355183869313,0.006291256676223288,0.99725,0.007822243923581015,0.001749106914971182
voter,rho_2,6,2400,20,0.06179217868270513,0.03590378075278927,0.008028329441248538,0.9952500000000001,0.009283722313813579,0.0020759034177918797
voter,rho_2,6,2450,20,0.0688532511085554,0.033983681643308686,0.007598982228014998,0.99375,0.01404234666998363,0.00313996417177012
voter,rho_2,6,2500,20,0.052170644720519466,0.04153227408326219,0.009286898811032701,0.9967499999999999,0.00481534007106456,0.0010767427733679024
voter,rho_2,6,2550,20,0.05497374791143701,0.02655460510331805,0.005937790212668198,0.993,0.015604486534327226,0.003489269264473578
voter,rho_2,6,2600,20,0.05423852621848553,0.0399287748103293,0.008928345473417757,0.998,0.0024494897427831805,0.0005477225575051667
voter,rho_2,6,2650,20,0.05239511691477681,0.028771629576200986,0.006433531955582886,0.99375,0.011053845484717082,0.0024717149916606506
voter,rho_2,6,2700,20,0.07794088886574371,0.03736477350531047,0.00835501735217573,0.994,0.01067707825203132,0.0023874672772626663
voter,rho_2,6,2750,20,0.06069667839640082,0.033455512422022236,0.0074808799997730345,0.9952500000000001,0.0064177488264967235,0.0014350522638566176
voter,rho_2,6,2800,20,0.062000182187678055,0.024562875977452228,0.005492426040847977,0.99075,0.014341809509263479,0.003206926098306604
voter,rho_2,6,2850,20,0.07301507088194598,0.036962353001289854,0.008265033391922747,0.994,0.007842193570679067,0.0017535677916750195
voter,rho_2,6,2900,20,0.05863734397190479,0.032195283982994836,0.0071990843540886635,0.9869999999999999,0.0227156333832011,0.005079370039680118
voter,rho_2,6,2950,20,0.07099795740783188,0.03445428047790256,0.007704211326443407,0.9890000000000001,0.020591260281974,0.004604345773288535
voter,rho_2,6,3000,20,0.068870955410783,0.03260232816884231,0.007290102201028764,0.99275,0.008287792227125395,0.001853206680324676
voter,rho_4,0,0,20,0.04233315850663851,0.02421220749211901,0.005414014183770781,1.0,0.0,0.0
voter,rho_4,0,50,20,0.3104373938157424,0.13507665112903364,0.030204057409754292,1.0,0.0,0.0
voter,rho_4,0,100,20,0.39902187205437023,0.17020710800385558,0.03805946637502696,0.99975,0.0010897247358851695,0.00024366985862022433
voter,rho_4,0,150,20,0.4753771110378103,0.21635711871380778,0.0483789224860066,1.0,0.0,0.0
voter,rho_4,0,200,20,0.582849574194735,0.23372781498091838,0.05226312825298272,0.999625,0.001634587103827742,0.0003655047879303338
voter,rho_4,0,250,20,0.6422299434813991,0.250438624202219,0.055999778790768576,0.999625,0.001634587103827742,0.0003655047879303338
voter,rho_4,0,300,20,0.7230671251161078,0.21439106281425935,0.04793929902211112,0.999625,0.001634587103827742,0.0003655047879303338
voter,rho_4,0,350,20,0.729951118267234,0.22727789368672244,0.050820882006648166,1.0,0.0,0.0
voter,rho_4,0,400,20,0.7357703333543218,0.2197518783880729,0.04913801382589979,1.0,0.0,0.0
voter,rho_4,0,450,20,0.797833933796192,0.23068869561876754,0.05158356050443221,0.999375,0.0019162137145944782,0.00042847841252506336
voter,rho_4,0,500,20,0.8687656218243139,0.1607855868911084,0.035952750209071745,0.999375,0.0019162137145944782,0.00042847841252506336
voter,rho_4,0,550,20,0.8958593973972084,0.1719381536621833,0.038446539951444626,0.999125,0.002132340263653991,0.0004768057780690148
voter,rho_4,0,600,20,0.8983919461781633,0.19822857753465065,0.04432525744505665,0.99975,0.0010897247358851695,0.00024366985862022433
voter,rho_4,0,650,20,0.919004337770555,0.15484244561963956,0.03462382342078286,0.999375,0.0019162137145944782,0.00042847841252506336
voter,rho_4,0,700,20,0.9226582579553586,0.14490617990752078,0.032402006863303065,0.99975,0.0010897247358851695,0.00024366985862022433
voter,rho_4,0,750,20,0.9220906854244465,0.14361244908873344,0.032112719857763566,0.998875,0.003911121961790495,0.0008745534574855883
voter,rho_4,0,800,20,0.9419610012990682,0.1370481056200138,0.030644888035392177,0.99975,0.0010897247358851695,0.00024366985862022433
voter,rho_4,0,850,20,0.950960187780384,0.12874851666057643,0.02878904352553131,0.998875,0.003911121961790495,0.0008745534574855883
voter,rho_4,0,900,20,0.9658366594891152,0.10438349010975756,0.023340857961409486,0.99975,0.0010897247358851695,0.00024366985862022433
voter,rho_4,0,950,20,0.9665534643459048,0.1008420110064187,0.022548959159813416,0.99975,0.0010897247358851695,0.00024366985862022433
voter,rho_4,0,1000,20,0.9677569694992245,0.10016001079732284,0.022396459276992676,0.99975,0.0010897247358851695,0.00024366985862022433
voter,rho_4,0,1050,20,0.9673332633857588,0.10920290825818439,0.024418512620597344,0.99975,0.0010897247358851695,0.00024366985862022433
voter,rho_4,0,1100,20,0.9888507173420388,0.02376473707810905,0.005313956757406157,0.99975,0.0010897247358851695,0.00024366985862022433
voter,rho_4,0,1150,20,0.9837461981011367,0.04924151339652467,0.011010737126959571,0.99975,0.0010897247358851695,0.00024366985862022433
voter,rho_4,0,1200,20,0.9941964519755839,0.016415163313500448,0.003670542103074769,0.99975,0.0010897247358851695,0.00024366985862022433
voter,rho_4,0,1250,20,0.9954187794142895,0.014512436144547202,0.0032450793738332505,0.99975,0.0010897247358851695,0.00024366985862022433
voter,rho_4,0,1300,20,0.9954631941251939,0.014969832134635735,0.0033473562264806286,0.99975,0.0010897247358851695,0.00024366985862022433
voter,rho_4,0,1350,20,0.9973841402384274,0.010638516756025344,0.0023788446646243215,0.99975,0.0010897247358851695,0.00024366985862022433
voter,rho_4,0,1400,20,0.996816918530682,0.01387473045381385,0.003102484046421427,0.99975,0.0010897247358851695,0.00024366985862022433
voter,rho_4,0,1450,20,0.9970490325238138,0.012862969014370762,0.002876247310860649,0.99975,0.0010897247358851695,0.00024366985862022433
voter,rho_4,0,1500,20,0.9968277086793933,0.013827697285995791,0.003091967110377594,0.99975,0.0010897247358851695,0.00024366985862022433
voter,rho_4,0,1550,20,0.9967426688312188,0.014198377390362941,0.00317485370150476,0.99975,0.0010897247358851695,0.00024366985862022433
voter,rho_4,0,1600,20,0.9970912950212188,0.012678751059080964,0.0028350549237902488,0.99975,0.0010897247358851695,0.00024366985862022433
voter,rho_4,0,1650,20,0.9969300072545609,0.01338178813477155,0.00299225879298493,0.99975,0.0010897247358851695,0.00024366985862022433
voter,rho_4,0,1700,20,0.9967844487868508,0.0140162627858966,0.0031341316379765376,0.99975,0.0010897247358851695,0.00024366985862022433
voter,rho_4,0,1750,20,0.9968333556566644,0.01380308268273442,0.0030864631177644325,0.99975,0.0010897247358851695,0.00024366985862022433
voter,rho_4,0,1800,20,0.9978779639696219,0.009249740610969897,0.0020683048780369127,0.99975,0.0010897247358851695,0.00024366985862022433
voter,rho_4,0,1850,20,0.9997518264326712,0.0010817635004438156,0.00024188967225704955,0.99975,0.0010897247358851695,0.00024366985862022433
voter,rho_4,0,1900,20,0.9996310917155272,0.001608033931451406,0.0003595673180851581,0.99975,0.0010897247358851695,0.00024366985862022433
voter,rho_4,0,1950,20,0.9999999999999998,4.829977387554284e-15,1.0800157768358224e-15,0.99975,0.0010897247358851695,0.00024366985862022433
voter,rho_4,0,2000,20,0.9999999999999998,4.829977387554284e-15,1.0800157768358224e-15,0.99975,0.0010897247358851695,0.00024366985862022433
voter,rho_4,0,2050,20,0.9999999999999998,4.829977387554284e-15,1.0800157768358224e-15,0.99975,0.0010897247358851695,0.00024366985862022433
voter,rho_4,0,2100,20,0.9999999999999998,4.829977387554284e-15,1.0800157768358224e-15,0.99975,0.0010897247358851695,0.00024366985862022433
voter,rho_4,0,2150,20,0.9999999999999998,4.829977387554284e-15,1.0800157768358224e-15,0.99975,0.0010897247358851695,0.00024366985862022433
voter,rho_4,0,2200,20,0.9999999999999998,4.829977387554284e-15,1.0800157768358224e-15,0.99975,0.0010897247358851695,0.00024366985862022433
voter,rho_4,0,2250,20,0.9999999999999998,4.829977387554284e-15,1.0800157768358224e-15,0.99975,0.0010897247358851695,0.00024366985862022433
voter,rho_4,0,2300,20,0.9999999999999998,4.829977387554284e-15,1.0800157768358224e-15,0.99975,0.0010897247358851695,0.00024366985862022433
voter,rho_4,0,2350,20,0.9999999999999998,4.829977387554284e-15,1.0800157768358224e-15,0.99975,0.0010897247358851695,0.00024366985862022433
voter,rho_4,0,2400,20,0.9999999999999998,4.829977387554284e-15,1.0800157768358224e-15,0.99975,0.0010897247358851695,0.00024366985862022433
voter,rho_4,0,2450,20,0.9999999999999998,4.829977387554284e-15,1.0800157768358224e-15,0.99975,0.0010897247358851695,0.00024366985862022433
voter,rho_4,0,2500,20,0.9999999999999998,4.829977387554284e-15,1.0800157768358224e-15,0.99975,0.0010897247358851695,0.00024366985862022433
voter,rho_4,0,2550,20,0.9999999999999998,4.829977387554284e-15,1.0800157768358224e-15,0.99975,0.0010897247358851695,0.00024366985862022433
voter,rho_4,0,2600,20,0.9999999999999998,4.829977387554284e-15,1.0800157768358224e-15,0.99975,0.0010897247358851695,0.00024366985862022433
voter,rho_4,0,2650,20,0.9999999999999998,4.829977387554284e-15,1.0800157768358224e-15,0.99975,0.0010897247358851695,0.00024366985862022433
voter,rho_4,0,2700,20,0.9999999999999998,4.829977387554284e-15,1.0800157768358224e-15,0.99975,0.0010897247358851695,0.00024366985862022433
voter,rho_4,0,2750,20,0.9999999999999998,4.829977387554284e-15,1.0800157768358224e-15,0.99975,0.0010897247358851695,0.00024366985862022433
voter,rho_4,0,2800,20,0.9999999999999998,4.829977387554284e-15,1.0800157768358224e-15,0.99975,0.0010897247358851695,0.00024366985862022433
voter,rho_4,0,2850,20,0.9999999999999998,4.829977387554284e-15,1.0800157768358224e-15,0.99975,0.0010897247358851695,0.00024366985862022433
voter,rho_4,0,2900,20,0.9999999999999998,4.829977387554284e-15,1.0800157768358224e-15,0.99975,0.0010897247358851695,0.00024366985862022433
voter,rho_4,0,2950,20,0.9999999999999998,4.829977387554284e-15,1.0800157768358224e-15,0.99975,0.0010897247358851695,0.00024366985862022433
voter,rho_4,0,3000,20,0.9999999999999998,4.829977387554284e-15,1.0800157768358224e-15,0.99975,0.0010897247358851695,0.00024366985862022433
voter,rho_4,0.5,0,20,0.042318889052895284,0.022056152020048077,0.00493190552388968,1.0,0.0,0.0
voter,rho_4,0.5,50,20,0.16599442677008247,0.09524751542131951,0.021297991917002993,1.0,0.0,0.0
voter,rho_4,0.5,100,20,0.255253588213691,0.12292626526135005,0.027487148534454962,0.999375,0.0027243118397129113,0.0006091746465505581
voter,rho_4,0.5,150,20,0.2984010265129842,0.13012350128273023,0.029096499433846585,0.99925,0.002749999999999989,0.0006149186938124397
voter,rho_4,0.5,200,20,0.29357753728564245,0.12231843793272246,0.027351234211915626,1.0,0.0,0.0
voter,rho_4,0.5,250,20,0.2674910292783325,0.11697746789532193,0.026156957004973908,1.0,0.0,0.0
voter,rho_4,0.5,300,20,0.25672315879854496,0.13318638871863556,0.02978138188525802,1.0,0.0,0.0
voter,rho_4,0.5,350,20,0.31414928222544203,0.16973328734841583,0.037953516855556285,0.998875,0.0033980693047670403,0.0007598313957714552
voter,rho_4,0.5,400,20,0.26200080115185276,0.08528402987845472,0.01907008882033479,0.9994999999999999,0.002179449471770339,0.00048733971724044866
voter,rho_4,0.5,450,20,0.2412730234072411,0.13859137893172954,0.03098997443867794,0.998875,0.002792288487961081,0.0006243746871871079
voter,rho_4,0.5,500,20,0.23859055284118086,0.11338525725161755,0.02535371428609178,0.998625,0.0029020466915609714,0.0006489173676208697
voter,rho_4,0.5,550,20,0.28334885488194506,0.15927768100622725,0.03561557220284512,0.999,0.003391164991562637,0.0007582875444051557
voter,rho_4,0.5,600,20,0.27199310308205604,0.13401114655697138,0.029965803344407488,1.0,0.0,0.0
voter,rho_4,0.5,650,20,0.29295334071713225,0.1302349789120716,0.029121426589564365,0.999625,0.001634587103827742,0.0003655047879303338
voter,rho_4,0.5,700,20,0.293693720580979,0.12383150849945183,0.027689567076111726,0.999625,0.001634587103827742,0.0003655047879303338
voter,rho_4,0.5,750,20,0.2805685899609459,0.14831639592338294,0.03316455434624569,0.998875,0.00490376131148325,0.0010965143637910067
voter,rho_4,0.5,800,20,0.30918478243627023,0.16457296648856237,0.03679963403272203,0.996875,0.006117342151621066,0.0013678792892649527
voter,rho_4,0.5,850,20,0.2878796957274918,0.15036010178030482,0.03362154086845487,0.998375,0.005260406353125197,0.0011762626194859703
voter,rho_4,0.5,900,20,0.3581735698909298,0.127778898834545,0.028572230388411123,0.99875,0.0038324274291889763,0.0008569568250501313
voter,rho_4,0.5,950,20,0.36015742942664997,0.17368696701436362,0.03883758650498807,0.998,0.004847679857416333,0.0010839741694339408
voter,rho_4,0.5,1000,20,0.319924351981009,0.15119302311533403,0.03380778774095839,0.996875,0.007821245105480316,0.00174888357245415
voter,rho_4,0.5,1050,20,0.2525028287464411,0.14277729369576997,0.03192597343471938,0.9955,0.010142731387550397,0.002267983686008345
voter,rho_4,0.5,1100,20,0.27072126431764443,0.12599794564649555,0.028173997149088772,0.9946250000000001,0.010070842814779695,0.002251908912456272
voter,rho_4,0.5,1150,20,0.24795309318357658,0.13724870259212799,0.030689742881964976,0.997625,0.005616660484665231,0.001255923465024837
voter,rho_4,0.5,1200,20,0.27768928548449445,0.11404903945109637,0.02550214049812068,0.99325,0.0150020831886775,0.003354567781398969
voter,rho_4,0.5,1250,20,0.27684000571284584,0.1646990162678759,0.03682781962023142,0.9977499999999999,0.004322904116447649,0.0009666307464590609
voter,rho_4,0.5,1300,20,0.294707190508798,0.14824598975620537,0.03314881104866127,0.999625,0.001634587103827742,0.0003655047879303338
voter,rho_4,0.5,1350,20,0.24475064707464095,0.1573998925548082,0.03519568594037142,0.998375,0.006035053852286649,0.001349479066158492
voter,rho_4,0.5,1400,20,0.30631222153168514,0.0989570719739883,0.022127473978817713,0.9971249999999999,0.007955933320484785,0.0017790007729059597
voter,rho_4,0.5,1450,20,0.2574892823407727,0.10839936085452474,0.0242388339588247,0.9960000000000001,0.00969535971483265,0.002167948338867878
voter,rho_4,0.5,1500,20,0.29628361342105203,0.12559739327867028,0.02808443091678819,1.0,0.0,0.0
voter,rho_4,0.5,1550,20,0.30695634614718187,0.12367333117641117,0.027654197551429942,0.9964999999999999,0.008038967595406761,0.0017975678012247544
voter,rho_4,0.5,1600,20,0.30475578377292595,0.14102487615231854,0.03153412095950732,0.9973750000000001,0.009857579571071194,0.002204221801452841
voter,rho_4,0.5,1650,20,0.30675514496270867,0.11362369332460488,0.025407030212840558,0.9977499999999999,0.005414101956926921,0.0012106300012803232
voter,rho_4,0.5,1700,20,0.25755339335555244,0.13246192382794844,0.029619386610969186,0.9956250000000001,0.010454514575053213,0.0023377005261581312
voter,rho_4,0.5,1750,20,0.29761044507033446,0.12559697920665983,0.028084338327471897,0.99875,0.003913118960624623,0.0008749999999999981
voter,rho_4,0.5,1800,20,0.29144303456718545,0.12149214148761844,0.027166468709833726,0.99875,0.003112474899497186,0.0006959705453537533
voter,rho_4,0.5,1850,20,0.3065705937954167,0.16287074696377846,0.03641900617571761,0.9967499999999999,0.004749999999999999,0.0010621322893124
voter,rho_4,0.5,1900,20,0.3211552045734093,0.11349624273142855,0.025378531393829062,0.999125,0.002132340263653991,0.0004768057780690148
voter,rho_4,0.5,1950,20,0.3355793760566432,0.10438877767866439,0.023342040297760627,0.9955,0.009034655499796323,0.0020202103850836916
voter,rho_4,0.5,2000,20,0.32900017404164644,0.12769647539931242,0.028553799947999215,0.9952500000000001,0.00832541290267335,0.001861618919113145
voter,rho_4,0.5,2050,20,0.2860733070398792,0.1665866954805091,0.03724991752414753,0.9971249999999999,0.00442118479595685,0.0009886069744848053
voter,rho_4,0.5,2100,20,0.2867383782364147,0.15533196574842587,0.03473328344921492,0.99725,0.005528336096873991,0.0012361735315076104
voter,rho_4,0.5,2150,20,0.28617473100338453,0.13879746974779986,0.031036057746105107,0.9973750000000001,0.00700334741391572,0.0015659960887562906
voter,rho_4,0.5,2200,20,0.28954157624383275,0.12147483445630188,0.027162598739982467,0.9984999999999999,0.0047696960070847325,0.001066536450385078
voter,rho_4,0.5,2250,20,0.25844352574054896,0.11060074218881268,0.0247310777896114,0.999,0.0030000000000000027,0.0006708203932499374
voter,rho_4,0.5,2300,20,0.3391094510807901,0.14600929734942864,0.03264867142203023,0.998,0.005279678020485712,0.001180571895311758
voter,rho_4,0.5,2350,20,0.2929225974078027,0.13814119412372264,0.03088931005536383,0.998375,0.0028804296554507136,0.0006440836513994093
voter,rho_4,0.5,2400,20,0.29084668117865387,0.13116340464771253,0.029329028895259707,0.998875,0.002792288487961081,0.0006243746871871079
voter,rho_4,0.5,2450,20,0.3186398093468621,0.11153581655769382,0.024940166774894995,0.997625,0.00639702079096199,0.0014304173342070481
voter,rho_4,0.5,2500,20,0.32427757816767816,0.15228619371610197,0.03405222811839053,0.99475,0.013107726728918337,0.0029309767996352357
voter,rho_4,0.5,2550,20,0.26351286270323404,0.12457083519465809,0.02785488555091787,0.9973750000000001,0.005212664865498263,0.0011655872983178913
voter,rho_4,0.5,2600,20,0.27073937659790037,0.15038031200156982,0.033626060011313755,0.9994999999999999,0.002179449471770339,0.00048733971724044866
voter,rho_4,0.5,2650,20,0.31639725766591487,0.14772759030736216,0.033032893407950084,0.999,0.003391164991562637,0.0007582875444051557
voter,rho_4,0.5,2700,20,0.3398133544929459,0.17261773622122276,0.03859849923127817,0.99375,0.018053739224880815,0.004036938815488786
voter,rho_4,0.5,2750,20,0.3253943845602286,0.159061736623534,0.03556728557093899,0.999,0.0024238399287081517,0.0005419870847169671
voter,rho_4,0.5,2800,20,0.3338253636445455,0.09316052767820665,0.02083132727082207,0.9772500000000001,0.0793563954574551,0.01774462946922251
voter,rho_4,0.5,2850,20,0.2801453710990645,0.11664092910492808,0.026081704643735288,0.9960000000000001,0.0054999999999999875,0.0012298373876248815
voter,rho_4,0.5,2900,20,0.3315970005887635,0.1639008024233556,0.03664933357853854,0.9775,0.0811903627285899,0.01815471701789923
voter,rho_4,0.5,2950,20,0.2858712002536879,0.1085042730525114,0.024262293039461407,0.9974999999999999,0.007158910531638169,0.0016007810593582105
voter,rho_4,0.5,3000,20,0.3012303907417123,0.13547291931646574,0.030292665670196173,0.9938750000000001,0.010882181536805936,0.00243332976597912
voter,rho_4,1,0,20,0.044049544454101294,0.02502737941111336,0.005596292166192813,1.0,0.0,0.0
voter,rho_4,1,50,20,0.1505994342100586,0.08996188165309232,0.02011608827601056,1.0,0.0,0.0
voter,rho_4,1,100,20,0.16659459622570835,0.07268198174778488,0.016252185192744597,1.0,0.0,0.0
voter,rho_4,1,150,20,0.16710980001135142,0.10048324686536399,0.022468737059084653,1.0,0.0,0.0
voter,rho_4,1,200,20,0.14313854679071542,0.06342230570452313,0.01418165868450864,1.0,0.0,0.0
voter,rho_4,1,250,20,0.1517316927128622,0.06763116217944803,0.015122787603055863,1.0,0.0,0.0
voter,rho_4,1,300,20,0.13677469149596705,0.05166708131999836,0.011553110603052589,1.0,0.0,0.0
voter,rho_4,1,350,20,0.13748059430903992,0.049937770771153044,0.01116642500891003,1.0,0.0,0.0
voter,rho_4,1,400,20,0.13542698301736572,0.08333661817265178,0.01863463432489937,1.0,0.0,0.0
voter,rho_4,1,450,20,0.13793201035556873,0.05595009559786494,0.012510821710443775,1.0,0.0,0.0
voter,rho_4,1,500,20,0.15825006367510952,0.06187343306659421,0.01383532023381879,1.0,0.0,0.0
voter,rho_4,1,550,20,0.1552670704227824,0.043413329070259715,0.009707515493066846,0.998875,0.00490376131148325,0.0010965143637910067
voter,rho_4,1,600,20,0.152024755861825,0.07825919262788553,0.017499287458020242,0.998875,0.0035772720053135446,0.0007999023377888075
voter,rho_4,1,650,20,0.1609584131306064,0.08563571562208097,0.019148728143281373,1.0,0.0,0.0
voter,rho_4,1,700,20,0.15718343211996144,0.0973085358424468,0.02175885009346858,1.0,0.0,0.0
voter,rho_4,1,750,20,0.1295858303563318,0.05959141420621041,0.013325045304043314,0.999875,0.0005448623679425726,0.00012183492931010944
voter,rho_4,1,800,20,0.14141579353867245,0.07209837764091637,0.016121687347253992,1.0,0.0,0.0
voter,rho_4,1,850,20,0.11732477668237654,0.07506499219855378,0.016785042528645763,0.99975,0.0010897247358851695,0.00024366985862022433
voter,rho_4,1,900,20,0.17707174427696912,0.0962085973310058,0.021512896365203378,1.0,0.0,0.0
voter,rho_4,1,950,20,0.18909096977423806,0.07372766035354698,0.01648600603725472,1.0,0.0,0.0
voter,rho_4,1,1000,20,0.14124774421770073,0.06096752577219093,0.013632753204658928,0.999125,0.0038140365755980807,0.0008528445051707823
voter,rho_4,1,1050,20,0.13881287882110566,0.06821301168796684,0.015252893108428152,1.0,0.0,0.0
voter,rho_4,1,1100,20,0.1429588058272708,0.07515178771185875,0.016804450595434953,0.9942500000000001,0.02506366892535887,0.005604406748265153
voter,rho_4,1,1150,20,0.17395162029794103,0.07139490585336392,0.015964386273531934,0.996875,0.007940206231578628,0.0017754840889177249
voter,rho_4,1,1200,20,0.13530219239542007,0.07577827879729235,0.01694453826086767,0.999875,0.0005448623679425726,0.00012183492931010944
voter,rho_4,1,1250,20,0.14316438081093952,0.07064567207526921,0.01579685250764606,0.998,0.005159941860137569,0.0011537980759214316
voter,rho_4,1,1300,20,0.1484511687933275,0.07747368490056597,0.017323642590506453,0.9974999999999999,0.005419870847169697,0.0012119199643540815
voter,rho_4,1,1350,20,0.16039610195663642,0.07783451968286621,0.01740432770069342,0.998625,0.00348882143423821,0.0007801241888314949
voter,rho_4,1,1400,20,0.15629717518823533,0.07620858447811693,0.01704075753621048,0.999125,0.0028804296554507196,0.0006440836513994107
voter,rho_4,1,1450,20,0.14269327581175245,0.07877352536025406,0.017614295753283167,0.9994999999999999,0.0015000000000000013,0.0003354101966249687
voter,rho_4,1,1500,20,0.14772851783092583,0.06583599337477411,0.01472137565522207,0.9981249999999999,0.005054391654788931,0.0011301963325015699
voter,rho_4,1,1550,20,0.16064694460222512,0.06699989468099188,0.014981631899202442,0.9994999999999999,0.0015000000000000013,0.0003354101966249687
voter,rho_4,1,1600,20,0.15592217192871277,0.06270397085153631,0.014021034128320056,0.9994999999999999,0.0015000000000000013,0.0003354101966249687
voter,rho_4,1,1650,20,0.14535017105233508,0.06931733463451098,0.015499827226186709,0.99925,0.0017853571071357141,0.00039921798556678313
voter,rho_4,1,1700,20,0.1423969010318762,0.07946258100234466,0.0177683732788826,0.9956250000000001,0.013272975363497074,0.0029679275176459434
voter,rho_4,1,1750,20,0.14599492191413282,0.08632925764859574,0.01930380885493537,0.99725,0.008287792227125381,0.001853206680324673
voter,rho_4,1,1800,20,0.15134743206241924,0.06928576405764555,0.015492767830590712,0.999625,0.001634587103827742,0.0003655047879303338
voter,rho_4,1,1850,20,0.16476742715415532,0.08239730329987768,0.01842459713411942,0.9961249999999999,0.009336587974201272,0.0020877245388221098
voter,rho_4,1,1900,20,0.15756987197775368,0.07956198602448844,0.017790600917564438,0.9962500000000001,0.009236476600955579,0.0020653389552322873
voter,rho_4,1,1950,20,0.17498895307906487,0.07215104344993459,0.01613346378015947,0.998375,0.004349928160326323,0.0009726735063730262
voter,rho_4,1,2000,20,0.13187062674989564,0.0706871470672652,0.01580612659779299,0.999,0.002549509756796395,0.0005700877125495695
voter,rho_4,1,2050,20,0.17252277260932608,0.07824886287620834,0.017496977655326155,0.999375,0.0015562374497485895,0.0003479852726768759
voter,rho_4,1,2100,20,0.1808267948116066,0.087887509273981,0.01965224451097647,0.9963749999999999,0.01105313869450665,0.002471556948565015
voter,rho_4,1,2150,20,0.13900249330568376,0.09580292936380509,0.021422186250107885,0.99975,0.0010897247358851695,0.00024366985862022433
voter,rho_4,1,2200,20,0.14702654535369902,0.07966235208623458,0.01781304345123427,0.9957499999999999,0.009781998773256934,0.0021873214212822056
voter,rho_4,1,2250,20,0.13287533816278843,0.0648910147267502,0.014510072005795337,0.998,0.005787918451395118,0.0012942179105544795
voter,rho_4,1,2300,20,0.13632043274559327,0.07031789548945296,0.015723559434914266,1.0,0.0,0.0
voter,rho_4,1,2350,20,0.1603434176833251,0.07693482273917095,0.01720314934816828,0.9984999999999999,0.005500000000000005,0.0012298373876248854
voter,rho_4,1,2400,20,0.15557117535193224,0.0797355662473586,0.017829414635353164,0.9984999999999999,0.006538348415311016,0.0014620191517213457
voter,rho_4,1,2450,20,0.1282993512267861,0.05580643568680072,0.012478698377765657,0.9994999999999999,0.0015000000000000013,0.0003354101966249687
voter,rho_4,1,2500,20,0.16291251788330102,0.08663360746987551,0.01937186354386752,0.999125,0.0028804296554507196,0.0006440836513994107
voter,rho_4,1,2550,20,0.19010155858859876,0.08064362023011376,0.01803246167862116,0.99875,0.003112474899497168,0.0006959705453537494
voter,rho_4,1,2600,20,0.13089306120956007,0.06862039291127961,0.015343986319236589,0.99925,0.0017853571071357141,0.00039921798556678313
voter,rho_4,1,2650,20,0.15154849294652753,0.06939662184578124,0.015517556385601377,0.999375,0.0019162137145944782,0.00042847841252506336
voter,rho_4,1,2700,20,0.16494625137117414,0.08240067005113413,0.0184253499625867,0.999625,0.001634587103827742,0.0003655047879303338
voter,rho_4,1,2750,20,0.15631455744041242,0.08361246783386359,0.018696316184303355,0.999125,0.0028804296554507196,0.0006440836513994107
voter,rho_4,1,2800,20,0.15541455054829695,0.07177939599648801,0.016050360883202344,0.99875,0.004437059837324716,0.0009921567416492222
voter,rho_4,1,2850,20,0.12887985489938578,0.06184714182284806,0.013829441332995851,0.9981249999999999,0.00453286609111719,0.0010135796712641791
voter,rho_4,1,2900,20,0.14932394054862877,0.08988904096760138,0.020099800603582015,0.99825,0.004548351349665067,0.0010170422803404003
voter,rho_4,1,2950,20,0.15309509413480066,0.0852375774706583,0.019059701746179655,0.998875,0.0023014940799402405,0.0005146297212559712
voter,rho_4,1,3000,20,0.1562456188056351,0.048186567160096595,0.010774843977233498,0.9890000000000001,0.02749318097274304,0.006147662157275723
voter,rho_4,2,0,20,0.04699512733851255,0.028438476571451432,0.0063590366790300555,1.0,0.0,0.0
voter,rho_4,2,50,20,0.06605528922552562,0.045087596722608154,0.010081893121384855,1.0,0.0,0.0
voter,rho_4,2,100,20,0.06540657521144065,0.03894363839791332,0.008708062274890519,1.0,0.0,0.0
voter,rho_4,2,150,20,0.07050146643453845,0.04376719273705455,0.009786641814438906,1.0,0.0,0.0
voter,rho_4,2,200,20,0.07706538584808452,0.03732564972391158,0.008346269008701255,1.0,0.0,0.0
voter,rho_4,2,250,20,0.07855174690423221,0.03630048995885903,0.008117036316455734,1.0,0.0,0.0
voter,rho_4,2,300,20,0.07535355927228779,0.03371478181118936,0.007538854397639288,1.0,0.0,0.0
voter,rho_4,2,350,20,0.08014282249922867,0.0480439340773195,0.010742950250340503,1.0,0.0,0.0
voter,rho_4,2,400,20,0.07726897121269773,0.039890970863513286,0.008919892253927919,1.0,0.0,0.0
voter,rho_4,2,450,20,0.07726351109619077,0.029139806727080168,0.006515858869295691,0.999625,0.0011924240017711781,0.0002666341125962684
voter,rho_4,2,500,20,0.07765730855979862,0.02780597686946081,0.006217605446090116,0.999875,0.0005448623679425726,0.00012183492931010944
voter,rho_4,2,550,20,0.0794024555630054,0.04348110993593592,0.009722671755389425,1.0,0.0,0.0
voter,rho_4,2,600,20,0.09512845155979797,0.048645248901798235,0.010877408332681785,0.999375,0.0027243118397129113,0.0006091746465505581
voter,rho_4,2,650,20,0.08038052807313087,0.0408429358060643,0.009132758086301995,1.0,0.0,0.0
voter,rho_4,2,700,20,0.08791541101115243,0.03509565129635211,0.007847626201327193,0.99925,0.002749999999999989,0.0006149186938124397
voter,rho_4,2,750,20,0.09059131401150802,0.04096811890335395,0.009160749877819356,0.999875,0.0005448623679425726,0.00012183492931010944
voter,rho_4,2,800,20,0.0772387987471774,0.03858210434643423,0.008627220803361703,0.999875,0.0005448623679425726,0.00012183492931010944
voter,rho_4,2,850,20,0.09359710261781219,0.040968647890034376,0.009160868162837019,0.999875,0.0005448623679425726,0.00012183492931010944
voter,rho_4,2,900,20,0.06891551933120772,0.030563611780469516,0.006834231357904321,1.0,0.0,0.0
voter,rho_4,2,950,20,0.08216688451598539,0.047520794096696524,0.010625972594498413,0.999625,0.001634587103827742,0.0003655047879303338
voter,rho_4,2,1000,20,0.08758649685285802,0.028438859802163076,0.006359122372022285,0.99975,0.0010897247358851695,0.00024366985862022433
voter,rho_4,2,1050,20,0.06356261589272821,0.03363745250761504,0.007521563039694799,0.99975,0.0010897247358851695,0.00024366985862022433
voter,rho_4,2,1100,20,0.06643474571350548,0.04162542889526779,0.009307728860240274,0.99975,0.0010897247358851695,0.00024366985862022433
voter,rho_4,2,1150,20,0.07422767750766134,0.03545080930653287,0.007927041946678967,0.99975,0.0010897247358851695,0.00024366985862022433
voter,rho_4,2,1200,20,0.069832365657757,0.02522147320723709,0.005639692858407177,0.99975,0.0010897247358851695,0.00024366985862022433
voter,rho_4,2,1250,20,0.07834479345722829,0.035369008947784,0.007908750830404333,1.0,0.0,0.0
voter,rho_4,2,1300,20,0.09516652815694851,0.049667300543794236,0.011105946027483618,0.999875,0.0005448623679425726,0.00012183492931010944
voter,rho_4,2,1350,20,0.07426750760706931,0.03743875757524446,0.00837156069313818,0.999875,0.0005448623679425726,0.00012183492931010944
voter,rho_4,2,1400,20,0.08256888370250341,0.040167025597053506,0.00898161996889857,0.999625,0.001634587103827742,0.0003655047879303338
voter,rho_4,2,1450,20,0.08201402870415539,0.049156056852858815,0.010991628462883669,0.999375,0.0019162137145944782,0.00042847841252506336
voter,rho_4,2,1500,20,0.08300617290907242,0.04656794385185893,0.010412908802514996,0.999625,0.001634587103827742,0.0003655047879303338
voter,rho_4,2,1550,20,0.0746783700704081,0.03653014083949536,0.008168387814475285,0.999375,0.0019162137145944782,0.00042847841252506336
voter,rho_4,2,1600,20,0.08324448216116008,0.04829150016651345,0.010798307710776648,0.999875,0.0005448623679425726,0.00012183492931010944
voter,rho_4,2,1650,20,0.09350265769499226,0.04401715932607788,0.009842536042954897,0.999625,0.0011924240017711781,0.0002666341125962684
voter,rho_4,2,1700,20,0.07900033954679811,0.05555522268358269,0.012422525442562919,1.0,0.0,0.0
voter,rho_4,2,1750,20,0.08747341814156714,0.038096861324443704,0.00851871716508388,1.0,0.0,0.0
voter,rho_4,2,1800,20,0.08359886343264292,0.052579427404444164,0.011757117389435247,1.0,0.0,0.0
voter,rho_4,2,1850,20,0.08317050426151681,0.050083951215389694,0.011199111949939456,0.999875,0.0005448623679425726,0.00012183492931010944
voter,rho_4,2,1900,20,0.07592093827295734,0.02848005253813984,0.00636833334780461,0.99975,0.0010897247358851695,0.00024366985862022433
voter,rho_4,2,1950,20,0.07358285301441028,0.05295120291514297,0.011840248920864471,0.9994999999999999,0.0012747548783981887,0.0002850438562747828
voter,rho_4,2,2000,20,0.07079219142209724,0.04200007894286197,0.009391503157659686,0.999875,0.0005448623679425726,0.00012183492931010944
voter,rho_4,2,2050,20,0.08904077561743776,0.055523163756245504,0.01241535684848175,0.99975,0.0010897247358851695,0.00024366985862022433
voter,rho_4,2,2100,20,0.06722113572682176,0.02802724546917874,0.006267082609115664,1.0,0.0,0.0
voter,rho_4,2,2150,20,0.08685985197004048,0.03397404221200626,0.007596826785649332,0.999875,0.0005448623679425726,0.00012183492931010944
voter,rho_4,2,2200,20,0.09232732792033552,0.044078737779714584,0.009856305403782996,0.999625,0.0011924240017711781,0.0002666341125962684
voter,rho_4,2,2250,20,0.07112806182183616,0.038255172832530826,0.00855411669445421,0.99975,0.0010897247358851695,0.00024366985862022433
voter,rho_4,2,2300,20,0.07339482768449876,0.05126943152348469,0.011464193405428237,0.99975,0.0010897247358851695,0.00024366985862022433
voter,rho_4,2,2350,20,0.08650094669557866,0.04042097704045593,0.009038405237941772,0.99975,0.0010897247358851695,0.00024366985862022433
voter,rho_4,2,2400,20,0.08446328037334984,0.042249808525145545,0.009447344389857556,0.999125,0.002654595072699408,0.0005935855035291873
voter,rho_4,2,2450,20,0.0848817339929884,0.04918763682517216,0.010998689959365688,0.999625,0.0011924240017711781,0.0002666341125962684
voter,rho_4,2,2500,20,0.06810679483324483,0.036701725927922486,0.008206755406640122,0.99975,0.0010897247358851695,0.00024366985862022433
voter,rho_4,2,2550,20,0.08736990636058813,0.04582265684500012,0.010246257561506631,0.99975,0.0010897247358851695,0.00024366985862022433
voter,rho_4,2,2600,20,0.09192383026694814,0.037194302932578076,0.008316898973296434,1.0,0.0,0.0
voter,rho_4,2,2650,20,0.07406568158915397,0.03450914657948023,0.007716479759722215,1.0,0.0,0.0
voter,rho_4,2,2700,20,0.0825694210961769,0.03737228718203553,0.00835669746136755,0.999625,0.0011924240017711781,0.0002666341125962684
voter,rho_4,2,2750,20,0.07986636779493167,0.03750510129418864,0.008386395599682113,0.99925,0.0023848480035423662,0.000533268225192539
voter,rho_4,2,2800,20,0.07825828863791306,0.03696011669592349,0.008264533338840984,0.998625,0.004967079121576374,0.0011106726565464715
voter,rho_4,2,2850,20,0.08577916197761344,0.03721303889513122,0.008321088461885708,0.999375,0.0022185299186623557,0.0004960783708246107
voter,rho_4,2,2900,20,0.07758940804849355,0.04592928567776539,0.010270100493349092,0.99975,0.0010897247358851695,0.00024366985862022433
voter,rho_4,2,2950,20,0.06838377911371586,0.043040198562689404,0.009624080975126225,0.999,0.0030000000000000027,0.0006708203932499374
voter,rho_4,2,3000,20,0.08100945514804178,0.040894596415782594,0.009144309749810913,0.999875,0.0005448623679425726,0.00012183492931010944
voter,rho_4,3,0,20,0.036341192777533136,0.020694110587334676,0.0046273438007178435,1.0,0.0,0.0
voter,rho_4,3,50,20,0.057741937082427384,0.02603364058444181,0.005821299004860924,1.0,0.0,0.0
voter,rho_4,3,100,20,0.06243363707840911,0.02713994846727272,0.006068676967866303,1.0,0.0,0.0
voter,rho_4,3,150,20,0.0576158257313449,0.022371596493006202,0.005002441052355777,1.0,0.0,0.0
voter,rho_4,3,200,20,0.0591081739793257,0.0318864165962605,0.007130019506811594,1.0,0.0,0.0
voter,rho_4,3,250,20,0.0589302741513628,0.026301300634442065,0.00588114961152708,1.0,0.0,0.0
voter,rho_4,3,300,20,0.05873738633371245,0.0333233180583093,0.0074513204414225894,1.0,0.0,0.0
voter,rho_4,3,350,20,0.0543348195284022,0.030511201168441523,0.006822511988780625,1.0,0.0,0.0
voter,rho_4,3,400,20,0.05030485934654477,0.018438467367749404,0.004122966643519928,1.0,0.0,0.0
voter,rho_4,3,450,20,0.052297732361873996,0.028521602590517274,0.006377624221963072,1.0,0.0,0.0
voter,rho_4,3,500,20,0.050010369946408464,0.023197450653913616,0.005187107656684779,0.999875,0.0005448623679425726,0.00012183492931010944
voter,rho_4,3,550,20,0.04958043897802271,0.024021768020943114,0.00537143062345594,1.0,0.0,0.0
voter,rho_4,3,600,20,0.06091285198667239,0.034284812138076326,0.007666317053654856,1.0,0.0,0.0
voter,rho_4,3,650,20,0.07231640502879558,0.039404327683425104,0.008811075530781535,1.0,0.0,0.0
voter,rho_4,3,700,20,0.06291728881256693,0.036948836219649867,0.008262010947664345,1.0,0.0,0.0
voter,rho_4,3,750,20,0.048526490372136855,0.026358179218679677,0.005893868049609005,0.999375,0.0019162137145944782,0.00042847841252506336
voter,rho_4,3,800,20,0.05663313319070806,0.02764286224037928,0.00618113190621502,1.0,0.0,0.0
voter,rho_4,3,850,20,0.06228991786776843,0.028171335379254706,0.006299302092495834,1.0,0.0,0.0
voter,rho_4,3,900,20,0.05109801684065298,0.031134200485032234,0.0069618188709639,0.999875,0.0005448623679425726,0.00012183492931010944
voter,rho_4,3,950,20,0.05299129923545369,0.02725979446597556,0.006095475347859393,1.0,0.0,0.0
voter,rho_4,3,1000,20,0.04949771057568968,0.020881424309721876,0.004669228422355474,1.0,0.0,0.0
voter,rho_4,3,1050,20,0.06657214122942365,0.029603133968888796,0.006619461990146849,1.0,0.0,0.0
voter,rho_4,3,1100,20,0.05759075715881945,0.03139885361335609,0.007020997109502912,1.0,0.0,0.0
voter,rho_4,3,1150,20,0.05154897449701597,0.032278951921221474,0.007217793073829865,1.0,0.0,0.0
voter,rho_4,3,1200,20,0.06444432440167838,0.027443381656680903,0.006136526691680929,0.999875,0.0005448623679425726,0.00012183492931010944
voter,rho_4,3,1250,20,0.07306993597727368,0.027143519030538427,0.006069475370084311,0.999875,0.0005448623679425726,0.00012183492931010944
voter,rho_4,3,1300,20,0.061379295531300546,0.03568433871603037,0.007979260710117148,1.0,0.0,0.0
voter,rho_4,3,1350,20,0.06594342281505189,0.030217946189745847,0.0067569381820702466,1.0,0.0,0.0
voter,rho_4,3,1400,20,0.06679754759274578,0.035067238841476986,0.00784127298327635,1.0,0.0,0.0
voter,rho_4,3,1450,20,0.0700034008671584,0.0263039602674257,0.0058817443235417415,1.0,0.0,0.0
voter,rho_4,3,1500,20,0.054419236168639376,0.0286531311734089,0.006407034907196061,1.0,0.0,0.0
voter,rho_4,3,1550,20,0.047620598419515804,0.030621138197552036,0.0068470946558141735,1.0,0.0,0.0
voter,rho_4,3,1600,20,0.05938714996948791,0.028304676606296,0.006329118097282591,1.0,0.0,0.0
voter,rho_4,3,1650,20,0.051854832874072034,0.020928908673344765,0.004679846248848383,0.99975,0.0010897247358851695,0.00024366985862022433
voter,rho_4,3,1700,20,0.03876148776935021,0.02526986884175293,0.005650514451266343,1.0,0.0,0.0
voter,rho_4,3,1750,20,0.05432617693442704,0.02684651278321511,0.006003062754208606,1.0,0.0,0.0
voter,rho_4,3,1800,20,0.05947573357506687,0.030176250579745073,0.0067476147602377416,1.0,0.0,0.0
voter,rho_4,3,1850,20,0.061433072497880326,0.03558662385126565,0.007957411002114537,1.0,0.0,0.0
voter,rho_4,3,1900,20,0.0604347612508771,0.02747907475709358,0.006144507911565977,1.0,0.0,0.0
voter,rho_4,3,1950,20,0.05052299314490401,0.034129021000228486,0.007631481096202875,1.0,0.0,0.0
voter,rho_4,3,2000,20,0.059025098950668466,0.02756283650274011,0.006163237607283946,1.0,0.0,0.0
voter,rho_4,3,2050,20,0.05845526463791332,0.030802347830833528,0.0068876143616336954,1.0,0.0,0.0
voter,rho_4,3,2100,20,0.053756874256495515,0.030765261691176417,0.006879321648704061,1.0,0.0,0.0
voter,rho_4,3,2150,20,0.06602489718861947,0.03301452628333289,0.007382272501448581,1.0,0.0,0.0
voter,rho_4,3,2200,20,0.058555476910335656,0.027715039191275843,0.006197271163076358,1.0,0.0,0.0
voter,rho_4,3,2250,20,0.05426738255469843,0.03138646821465498,0.007018227650160499,0.999875,0.0005448623679425726,0.00012183492931010944
voter,rho_4,3,2300,20,0.06327820414371936,0.029091956904814965,0.006505159323766063,0.999875,0.0005448623679425726,0.00012183492931010944
voter,rho_4,3,2350,20,0.06193989367264811,0.034556767022893654,0.007727128014581324,1.0,0.0,0.0
voter,rho_4,3,2400,20,0.059176395021402484,0.029048812542776595,0.006495511951129698,0.999875,0.0005448623679425726,0.00012183492931010944
voter,rho_4,3,2450,20,0.05875407307158252,0.03724666209487441,0.00832860683791039,0.999625,0.001634587103827742,0.0003655047879303338
voter,rho_4,3,2500,20,0.06819532841852265,0.04055697374090842,0.009068815024634518,0.999625,0.001634587103827742,0.0003655047879303338
voter,rho_4,3,2550,20,0.053779795335643,0.02696128606366307,0.006028726839916834,0.999625,0.001634587103827742,0.0003655047879303338
voter,rho_4,3,2600,20,0.057515009679507935,0.024935562208957325,0.005575761215640339,0.999625,0.001634587103827742,0.0003655047879303338
voter,rho_4,3,2650,20,0.054130022769911953,0.028244282328685907,0.006315613526263774,0.999625,0.001634587103827742,0.0003655047879303338
voter,rho_4,3,2700,20,0.07234786315162443,0.03269361787683781,0.007310515200301169,1.0,0.0,0.0
voter,rho_4,3,2750,20,0.060480589410806876,0.026095412950221553,0.0058351117257623725,1.0,0.0,0.0
voter,rho_4,3,2800,20,0.05253679595294095,0.03468253210268245,0.007755249941341667,1.0,0.0,0.0
voter,rho_4,3,2850,20,0.055921525643916656,0.0305095743566118,0.0068221482225968395,1.0,0.0,0.0
voter,rho_4,3,2900,20,0.053167404792052966,0.023625089851724346,0.005282730688299606,1.0,0.0,0.0
voter,rho_4,3,2950,20,0.06350503754714573,0.03558400328282481,0.007956825025197194,1.0,0.0,0.0
voter,rho_4,3,3000,20,0.054285627698780536,0.027982434594921776,0.006257062593018688,0.999875,0.0005448623679425726,0.00012183492931010944
voter,rho_4,4,0,20,0.04569531701003534,0.018893299282278925,0.004224670151442366,1.0,0.0,0.0
voter,rho_4,4,50,20,0.05246254397210666,0.028934357324556976,0.006469918986297834,1.0,0.0,0.0
voter,rho_4,4,100,20,0.04537928004759013,0.029176219984955003,0.006524001121284728,1.0,0.0,0.0
voter,rho_4,4,150,20,0.04036118614224664,0.018984510992559964,0.0042450657098956086,1.0,0.0,0.0
voter,rho_4,4,200,20,0.042044188446900506,0.01993897885242457,0.0044584912115952086,1.0,0.0,0.0
voter,rho_4,4,250,20,0.054630716770574815,0.03049711764657529,0.0068193628175550755,1.0,0.0,0.0
voter,rho_4,4,300,20,0.05223230729006506,0.03154488650433568,0.007053651056621029,1.0,0.0,0.0
voter,rho_4,4,350,20,0.05317835883485469,0.0348341062266707,0.007789142945828438,1.0,0.0,0.0
voter,rho_4,4,400,20,0.058992214985991484,0.029112178953142977,0.006509681111236636,1.0,0.0,0.0
voter,rho_4,4,450,20,0.045678032000496506,0.026181838294973617,0.005854437020346819,1.0,0.0,0.0
voter,rho_4,4,500,20,0.050895945041468625,0.023214261819997466,0.005190866747699232,1.0,0.0,0.0
voter,rho_4,4,550,20,0.047795806613384756,0.021249185187333985,0.0047514622545360395,1.0,0.0,0.0
voter,rho_4,4,600,20,0.05270878859928428,0.025775631087164165,0.0057636063273855875,1.0,0.0,0.0
voter,rho_4,4,650,20,0.04759125954741459,0.027202007013115086,0.0060825536805751345,1.0,0.0,0.0
voter,rho_4,4,700,20,0.05128796425854165,0.025136994517975565,0.005620802849223292,1.0,0.0,0.0
voter,rho_4,4,750,20,0.06264734769994999,0.029696993972533885,0.006640449724998728,1.0,0.0,0.0
voter,rho_4,4,800,20,0.050213175075692895,0.03494053721499414,0.007812941638308807,1.0,0.0,0.0
voter,rho_4,4,850,20,0.043867003524556934,0.016344949743763666,0.0036548418715873325,1.0,0.0,0.0
voter,rho_4,4,900,20,0.05258906986957188,0.026035768570576077,0.005821774837026064,1.0,0.0,0.0
voter,rho_4,4,950,20,0.056709049978342606,0.021576752779386168,0.0048247085948414994,1.0,0.0,0.0
voter,rho_4,4,1000,20,0.046960065040460595,0.020942670138669628,0.004682923406042023,1.0,0.0,0.0
voter,rho_4,4,1050,20,0.042104272123961894,0.026255741169690455,0.00587096220550677,1.0,0.0,0.0
voter,rho_4,4,1100,20,0.05105824172554303,0.022566769325680833,0.005046083024477943,1.0,0.0,0.0
voter,rho_4,4,1150,20,0.05325898139235422,0.03456363181973796,0.007728663029820884,1.0,0.0,0.0
voter,rho_4,4,1200,20,0.050389827564472814,0.025329416455262287,0.005663829702436823,1.0,0.0,0.0
voter,rho_4,4,1250,20,0.04561612678323662,0.026745862425723254,0.005980556650077461,1.0,0.0,0.0
voter,rho_4,4,1300,20,0.05008909220849209,0.020698141385808364,0.00462824511465692,1.0,0.0,0.0
voter,rho_4,4,1350,20,0.053354276279812804,0.024437038697042848,0.00546428796953807,1.0,0.0,0.0
voter,rho_4,4,1400,20,0.05674175025204252,0.03322110102070896,0.007428464016969287,1.0,0.0,0.0
voter,rho_4,4,1450,20,0.05893169498251451,0.027007412089507604,0.006039040932848863,0.99975,0.0010897247358851695,0.00024366985862022433
voter,rho_4,4,1500,20,0.04847879273183116,0.023169970069186724,0.005180962811133702,1.0,0.0,0.0
voter,rho_4,4,1550,20,0.053538464089743276,0.030188864963705916,0.006750435422240814,0.999625,0.0011924240017711781,0.0002666341125962684
voter,rho_4,4,1600,20,0.05370705459088724,0.02578005151799719,0.005764594765768835,0.999875,0.0005448623679425726,0.00012183492931010944
voter,rho_4,4,1650,20,0.044915654110891344,0.024704475413533454,0.005524088637313303,0.999875,0.0005448623679425726,0.00012183492931010944
voter,rho_4,4,1700,20,0.04513110567614361,0.02159668640929858,0.004829165889993747,1.0,0.0,0.0
voter,rho_4,4,1750,20,0.04785020911661444,0.03401342655776304,0.007605633393085484,1.0,0.0,0.0
voter,rho_4,4,1800,20,0.058774633144240654,0.020117913572754307,0.004498502231414429,1.0,0.0,0.0
voter,rho_4,4,1850,20,0.04865557205543225,0.018874794959116283,0.004220532458995437,1.0,0.0,0.0
voter,rho_4,4,1900,20,0.042824244995557974,0.023982837688881424,0.005362725536568282,0.999875,0.0005448623679425726,0.00012183492931010944
voter,rho_4,4,1950,20,0.05590705441211481,0.018775108204475376,0.004198241823012096,1.0,0.0,0.0
voter,rho_4,4,2000,20,0.046793966228734114,0.02172678484662634,0.004858256784956884,0.99975,0.000749999999999984,0.00016770509831248064
voter,rho_4,4,2050,20,0.06315452053432682,0.03256297521642978,0.007281302613357791,1.0,0.0,0.0
voter,rho_4,4,2100,20,0.04475061896311447,0.027831244288497856,0.006223255412748397,1.0,0.0,0.0
voter,rho_4,4,2150,20,0.0477143707392373,0.019244420756499632,0.00430318329991411,1.0,0.0,0.0
voter,rho_4,4,2200,20,0.04364733070604745,0.023324291802087803,0.00521547019965094,1.0,0.0,0.0
voter,rho_4,4,2250,20,0.06228003366317836,0.021107938007172256,0.0047198784248888605,1.0,0.0,0.0
voter,rho_4,4,2300,20,0.049945986550146176,0.017461652214506625,0.003904544135109655,1.0,0.0,0.0
voter,rho_4,4,2350,20,0.051521518483540564,0.02765229962616127,0.006183242169828862,1.0,0.0,0.0
voter,rho_4,4,2400,20,0.04038468295184043,0.015137196176561521,0.0033847799639541466,1.0,0.0,0.0
voter,rho_4,4,2450,20,0.057858310627515966,0.02999709371659407,0.006707554067773615,1.0,0.0,0.0
voter,rho_4,4,2500,20,0.040592532442578474,0.027887646932793834,0.006235867427424052,1.0,0.0,0.0
voter,rho_4,4,2550,20,0.048968577256885484,0.02825215243514007,0.006317373335565941,1.0,0.0,0.0
voter,rho_4,4,2600,20,0.04423148709501209,0.0174856164883182,0.003909902709637065,1.0,0.0,0.0
voter,rho_4,4,2650,20,0.04923771024335197,0.02347956331325948,0.005250189965045838,1.0,0.0,0.0
voter,rho_4,4,2700,20,0.0418226035260696,0.022969809954340024,0.005136205648815563,0.999875,0.0005448623679425726,0.00012183492931010944
voter,rho_4,4,2750,20,0.05607070595326902,0.02360329069403667,0.005277856248455419,1.0,0.0,0.0
voter,rho_4,4,2800,20,0.058277414046204255,0.02896152578406172,0.00647599403852749,1.0,0.0,0.0
voter,rho_4,4,2850,20,0.05499666507505552,0.025481890983070795,0.005697924043338524,1.0,0.0,0.0
voter,rho_4,4,2900,20,0.05051806453235611,0.023375556299115436,0.005226933289669552,1.0,0.0,0.0
voter,rho_4,4,2950,20,0.04719853802473631,0.02402986425030386,0.005373240995377145,1.0,0.0,0.0
voter,rho_4,4,3000,20,0.04564833398451485,0.019991749095159026,0.00447029099658955,0.999875,0.0005448623679425726,0.00012183492931010944
voter,rho_4,5,0,20,0.04835526424596306,0.01835118095469116,0.004103448808208892,1.0,0.0,0.0
voter,rho_4,5,50,20,0.03374111562557537,0.024679288258502928,0.005518456618232494,1.0,0.0,0.0
voter,rho_4,5,100,20,0.04717121279320229,0.022740559390892694,0.005084943664440727,1.0,0.0,0.0
voter,rho_4,5,150,20,0.05532265816802613,0.030089315748396135,0.006728175540986871,1.0,0.0,0.0
voter,rho_4,5,200,20,0.045785096400156655,0.02172094228565149,0.004856950348606638,1.0,0.0,0.0
voter,rho_4,5,250,20,0.05295334920390153,0.03220365798142801,0.007200956837062669,1.0,0.0,0.0
voter,rho_4,5,300,20,0.04600657979292477,0.02959408781870907,0.006617439209473195,1.0,0.0,0.0
voter,rho_4,5,350,20,0.04491740652080804,0.024051769675290914,0.005378139197311852,1.0,0.0,0.0
voter,rho_4,5,400,20,0.040094922441935896,0.020509042638180215,0.004585961349241259,1.0,0.0,0.0
voter,rho_4,5,450,20,0.040584562521340774,0.01704003128792174,0.0038102668298516298,1.0,0.0,0.0
voter,rho_4,5,500,20,0.03376953175769389,0.01929969276527678,0.004315542496801977,1.0,0.0,0.0
voter,rho_4,5,550,20,0.04148806686764405,0.025203207467642805,0.005635608514867964,1.0,0.0,0.0
voter,rho_4,5,600,20,0.0513961020023865,0.021673051260092658,0.004846241589740466,1.0,0.0,0.0
voter,rho_4,5,650,20,0.050899934245653825,0.03221481329154308,0.007203451240235408,1.0,0.0,0.0
voter,rho_4,5,700,20,0.04615093777502402,0.02647758686205197,0.005920568410370354,1.0,0.0,0.0
voter,rho_4,5,750,20,0.04083460756059333,0.020809707472263354,0.004653192049986618,1.0,0.0,0.0
voter,rho_4,5,800,20,0.03908244923496791,0.021296821232690517,0.004762113998095686,1.0,0.0,0.0
voter,rho_4,5,850,20,0.04996404663809245,0.02302117077207788,0.005147690276799745,1.0,0.0,0.0
voter,rho_4,5,900,20,0.04676688415253018,0.02256068400815815,0.0050447223061134035,1.0,0.0,0.0
voter,rho_4,5,950,20,0.03896664282533792,0.01879688246078191,0.0042031106947381875,1.0,0.0,0.0
voter,rho_4,5,1000,20,0.0474658601007406,0.020176219557156844,0.0045115398458763405,1.0,0.0,0.0
voter,rho_4,5,1050,20,0.05128006415276766,0.025193221744893992,0.005633375639380883,1.0,0.0,0.0
voter,rho_4,5,1100,20,0.04991973049235241,0.020069559792290588,0.004487689997405831,1.0,0.0,0.0
voter,rho_4,5,1150,20,0.05201101536946483,0.025257948211734656,0.005647848917360794,1.0,0.0,0.0
voter,rho_4,5,1200,20,0.04355591687575554,0.018839529866303054,0.004212646944519115,1.0,0.0,0.0
voter,rho_4,5,1250,20,0.0457226143117635,0.025280067068256338,0.005652794844037499,1.0,0.0,0.0
voter,rho_4,5,1300,20,0.045703527130975724,0.01961175386836106,0.004385321480764979,1.0,0.0,0.0
voter,rho_4,5,1350,20,0.047352365564515254,0.02503073879189815,0.005597043346572523,1.0,0.0,0.0
voter,rho_4,5,1400,20,0.0369271048488979,0.023852724899552924,0.005333631432400218,1.0,0.0,0.0
voter,rho_4,5,1450,20,0.053577253608373586,0.022715781931404225,0.005079403256068131,1.0,0.0,0.0
voter,rho_4,5,1500,20,0.04556874758492133,0.023616039040610656,0.005280706865409434,1.0,0.0,0.0
voter,rho_4,5,1550,20,0.05334345758179262,0.028633514067490227,0.006402648388960465,1.0,0.0,0.0
voter,rho_4,5,1600,20,0.05109903370219519,0.02925807748756931,0.006542305015316123,1.0,0.0,0.0
voter,rho_4,5,1650,20,0.050306252859549275,0.021832539372050274,0.004881904215734498,1.0,0.0,0.0
voter,rho_4,5,1700,20,0.04202922386982845,0.022593250921787496,0.0050520044893826626,1.0,0.0,0.0
voter,rho_4,5,1750,20,0.04897884629522851,0.022611308306654827,0.005056042243388585,1.0,0.0,0.0
voter,rho_4,5,1800,20,0.04745730013379565,0.02892916541008432,0.0064687580389284115,1.0,0.0,0.0
voter,rho_4,5,1850,20,0.04116019573057226,0.01760285063590606,0.003936117061966135,1.0,0.0,0.0
voter,rho_4,5,1900,20,0.042449920138264555,0.022452407060926848,0.005020510844672869,1.0,0.0,0.0
voter,rho_4,5,1950,20,0.04063767220422388,0.021653504848647195,0.004841870879269642,1.0,0.0,0.0
voter,rho_4,5,2000,20,0.04737399034857605,0.01830318442680326,0.004092716458304761,1.0,0.0,0.0
voter,rho_4,5,2050,20,0.04741093549223076,0.02186531938472877,0.0048892340493997405,1.0,0.0,0.0
voter,rho_4,5,2100,20,0.046257787819130744,0.024025448365726832,0.005372253573567643,0.999875,0.0005448623679425726,0.00012183492931010944
voter,rho_4,5,2150,20,0.042768814444284334,0.023496884854257705,0.005254063179360546,1.0,0.0,0.0
voter,rho_4,5,2200,20,0.042621551184177806,0.020152968053952117,0.0045063406517018584,1.0,0.0,0.0
voter,rho_4,5,2250,20,0.03571611442150453,0.019104081446235165,0.004271802476147432,1.0,0.0,0.0
voter,rho_4,5,2300,20,0.048027254449251974,0.023955014917721944,0.005356504175804779,1.0,0.0,0.0
voter,rho_4,5,2350,20,0.043168157666560826,0.030766458679792837,0.0068795893034955214,0.999875,0.0005448623679425726,0.00012183492931010944
voter,rho_4,5,2400,20,0.0382966222746057,0.026140070861662874,0.005845097538333968,1.0,0.0,0.0
voter,rho_4,5,2450,20,0.04193677185674462,0.025367317827468507,0.005672304706906186,1.0,0.0,0.0
voter,rho_4,5,2500,20,0.050520085801212235,0.02326151615592502,0.005201433138435793,1.0,0.0,0.0
voter,rho_4,5,2550,20,0.049694059052803385,0.0253403617326955,0.005666277140874149,1.0,0.0,0.0
voter,rho_4,5,2600,20,0.03935425677349536,0.021901882602960207,0.004897409833543906,1.0,0.0,0.0
voter,rho_4,5,2650,20,0.04868464705494628,0.029772234254605894,0.006657273963534656,1.0,0.0,0.0
voter,rho_4,5,2700,20,0.052842644569777185,0.027193027402634157,0.0060805457786304515,1.0,0.0,0.0
voter,rho_4,5,2750,20,0.05250047998305465,0.023815323310167006,0.005325268182766873,1.0,0.0,0.0
voter,rho_4,5,2800,20,0.04787583877872764,0.025603485202870757,0.0057251133374529,1.0,0.0,0.0
voter,rho_4,5,2850,20,0.05283753709957052,0.027055036117778656,0.006049689989306508,1.0,0.0,0.0
voter,rho_4,5,2900,20,0.044687746962928585,0.02021566469647239,0.004520360047165492,1.0,0.0,0.0
voter,rho_4,5,2950,20,0.03944385301239329,0.017006777733541485,0.0038028311090428563,1.0,0.0,0.0
voter,rho_4,5,3000,20,0.05744699955063433,0.0153332815979094,0.0034286259971072013,1.0,0.0,0.0
voter,rho_4,6,0,20,0.03408505203773855,0.017227908836277925,0.0038522775268086734,1.0,0.0,0.0
voter,rho_4,6,50,20,0.04867272112439346,0.022028820949398942,0.004925794110702749,1.0,0.0,0.0
voter,rho_4,6,100,20,0.043198831887462416,0.024971277946423332,0.005583747497324392,1.0,0.0,0.0
voter,rho_4,6,150,20,0.03823735477369515,0.02279932643721298,0.005098084375481631,1.0,0.0,0.0
voter,rho_4,6,200,20,0.058271149836055004,0.0241438162054614,0.005398721427167272,1.0,0.0,0.0
voter,rho_4,6,250,20,0.043457728657976674,0.020586148349496146,0.004603202710436848,1.0,0.0,0.0
voter,rho_4,6,300,20,0.0442774065708088,0.02177632250878578,0.004869333742960376,1.0,0.0,0.0
voter,rho_4,6,350,20,0.04604033221377755,0.023140672095749847,0.005174411585112918,1.0,0.0,0.0
voter,rho_4,6,400,20,0.05535950598919635,0.025905763241160954,0.005792704761625117,1.0,0.0,0.0
voter,rho_4,6,450,20,0.04686895759363548,0.02198019974844974,0.004914922079655739,1.0,0.0,0.0
voter,rho_4,6,500,20,0.04953128532268471,0.029619771685418007,0.0066231822966618175,1.0,0.0,0.0
voter,rho_4,6,550,20,0.038133998898192856,0.02066679752489078,0.004621236414288019,1.0,0.0,0.0
voter,rho_4,6,600,20,0.043454819532025686,0.02588579014181367,0.005788238640838929,1.0,0.0,0.0
voter,rho_4,6,650,20,0.0524921491693216,0.01897329104209797,0.004242556852701888,1.0,0.0,0.0
voter,rho_4,6,700,20,0.045274886008834704,0.024605722701248542,0.005502006859550148,1.0,0.0,0.0
voter,rho_4,6,750,20,0.045169700210012105,0.03148847894462993,0.007041037942826336,1.0,0.0,0.0
voter,rho_4,6,800,20,0.0450503795283013,0.021071855093535086,0.004711810040116964,1.0,0.0,0.0
voter,rho_4,6,850,20,0.051563256067584586,0.0258777726877466,0.005786445883608883,1.0,0.0,0.0
voter,rho_4,6,900,20,0.040392779791320846,0.022336746103851113,0.004994648268436467,1.0,0.0,0.0
voter,rho_4,6,950,20,0.04286641812016849,0.01938537316564958,0.004334701216759274,1.0,0.0,0.0
voter,rho_4,6,1000,20,0.040890136373129535,0.021125191244327098,0.0047237363659998755,1.0,0.0,0.0
voter,rho_4,6,1050,20,0.04799341469008421,0.024938753461079717,0.00557647480130824,0.999875,0.0005448623679425726,0.00012183492931010944
voter,rho_4,6,1100,20,0.042125391769742865,0.020442921647004328,0.004571176246140364,1.0,0.0,0.0
voter,rho_4,6,1150,20,0.03602264295588596,0.016693934194154592,0.003732877167003784,1.0,0.0,0.0
voter,rho_4,6,1200,20,0.0474519248254334,0.023273561617041305,0.005204126585423428,1.0,0.0,0.0
voter,rho_4,6,1250,20,0.03853597550986613,0.021121200488236697,0.0047228440058099,1.0,0.0,0.0
voter,rho_4,6,1300,20,0.04969918922098354,0.02497532585191209,0.005584652636508328,1.0,0.0,0.0
voter,rho_4,6,1350,20,0.04865553391894711,0.02289551043882467,0.0051195917720768,1.0,0.0,0.0
voter,rho_4,6,1400,20,0.045160325723217036,0.02133910149116374,0.004771568151300925,1.0,0.0,0.0
voter,rho_4,6,1450,20,0.0456777632302436,0.019844614396090653,0.004437390677692964,1.0,0.0,0.0
voter,rho_4,6,1500,20,0.035789983789821955,0.02120481109073913,0.004741539904893415,1.0,0.0,0.0
voter,rho_4,6,1550,20,0.04390807917035424,0.020915150799305417,0.0046767698946905975,1.0,0.0,0.0
voter,rho_4,6,1600,20,0.03254826849646892,0.015960228785837843,0.003568815650158235,1.0,0.0,0.0
voter,rho_4,6,1650,20,0.044277466656410115,0.028928288184531813,0.006468561885331711,1.0,0.0,0.0
voter,rho_4,6,1700,20,0.047508932446568945,0.02719485010167118,0.006080953346525382,1.0,0.0,0.0
voter,rho_4,6,1750,20,0.0508213147180598,0.017952311222375755,0.004014258824646453,1.0,0.0,0.0
voter,rho_4,6,1800,20,0.04320135136995359,0.024392586656629887,0.005454348191127874,1.0,0.0,0.0
voter,rho_4,6,1850,20,0.03978258050502349,0.02295510020213708,0.005132916448229767,1.0,0.0,0.0
voter,rho_4,6,1900,20,0.0568116355896641,0.03127403733884124,0.006993087342051563,1.0,0.0,0.0
voter,rho_4,6,1950,20,0.04577834210147871,0.023840019041992865,0.005330790316278545,1.0,0.0,0.0
voter,rho_4,6,2000,20,0.042381385383523845,0.02117043195219951,0.004733852495815168,1.0,0.0,0.0
voter,rho_4,6,2050,20,0.05294907049275235,0.023416548699594586,0.005236099469072779,1.0,0.0,0.0
voter,rho_4,6,2100,20,0.049658800370502236,0.022693910486904147,0.005074512652401302,1.0,0.0,0.0
voter,rho_4,6,2150,20,0.04577493355900103,0.020517206876397468,0.004587786928405086,1.0,0.0,0.0
voter,rho_4,6,2200,20,0.0465238911784167,0.01739002552824173,0.00388852792116052,1.0,0.0,0.0
voter,rho_4,6,2250,20,0.040921805165026484,0.02177056048550967,0.004868045315387044,1.0,0.0,0.0
voter,rho_4,6,2300,20,0.047265335815986756,0.026848367559708545,0.006003477494840845,1.0,0.0,0.0
voter,rho_4,6,2350,20,0.043432896887484786,0.024683457110831683,0.0055193888019520205,1.0,0.0,0.0
voter,rho_4,6,2400,20,0.04204603073084688,0.019230554188411752,0.004300082641028198,1.0,0.0,0.0
voter,rho_4,6,2450,20,0.04456220998305076,0.020899967786620673,0.004673374869843964,1.0,0.0,0.0
voter,rho_4,6,2500,20,0.04370998412306818,0.014538927759912416,0.00325100307911229,1.0,0.0,0.0
voter,rho_4,6,2550,20,0.0455172181072641,0.017246299047866894,0.0038563897031320274,1.0,0.0,0.0
voter,rho_4,6,2600,20,0.041235363154869906,0.02302056450589307,0.005147554711559576,1.0,0.0,0.0
voter,rho_4,6,2650,20,0.028555498171706672,0.013671887087149356,0.003057126890756755,1.0,0.0,0.0
voter,rho_4,6,2700,20,0.03855293693191224,0.017953122201044475,0.004014440164989609,1.0,0.0,0.0
voter,rho_4,6,2750,20,0.044712893082131444,0.023051223016525055,0.005154410162945777,1.0,0.0,0.0
voter,rho_4,6,2800,20,0.036066376750159154,0.018944563558516404,0.004236133192090799,1.0,0.0,0.0
voter,rho_4,6,2850,20,0.04579786133820141,0.026754023937004316,0.00598238161947982,1.0,0.0,0.0
voter,rho_4,6,2900,20,0.04173707516323337,0.025071993573244224,0.005606268196121193,1.0,0.0,0.0
voter,rho_4,6,2950,20,0.044791466557329254,0.017047942655641014,0.0038120358654531593,1.0,0.0,0.0
voter,rho_4,6,3000,20,0.0492353245883368,0.02141291554710488,0.004788073475978861,1.0,0.0,0.0
voter,rho_8,0,0,20,0.030111043959396223,0.014146141875649002,0.0031631734853307543,1.0,0.0,0.0
voter,rho_8,0,50,20,0.19328118936398575,0.09714605554782856,0.02172251839509152,1.0,0.0,0.0
voter,rho_8,0,100,20,0.27211491120959624,0.17007853802581172,0.03803071725394978,1.0,0.0,0.0
voter,rho_8,0,150,20,0.35669879191870024,0.18004420557017517,0.0402591082609858,1.0,0.0,0.0
voter,rho_8,0,200,20,0.427159275122522,0.21179636545847366,0.04735910705525355,1.0,0.0,0.0
voter,rho_8,0,250,20,0.47778725331260985,0.22340907065839685,0.049955786878222906,1.0,0.0,0.0
voter,rho_8,0,300,20,0.5189291979311099,0.23460776575409362,0.05245989122755005,1.0,0.0,0.0
voter,rho_8,0,350,20,0.5890224021664673,0.23902916350690567,0.05344854582063531,1.0,0.0,0.0
voter,rho_8,0,400,20,0.5947064022949567,0.24142127764593388,0.05398343880311585,1.0,0.0,0.0
voter,rho_8,0,450,20,0.6192021270272953,0.24557181986301108,0.05491152825720258,1.0,0.0,0.0
voter,rho_8,0,500,20,0.6662132048851315,0.2509987418213251,0.056125024897940225,1.0,0.0,0.0
voter,rho_8,0,550,20,0.7071332844435283,0.22810201806234168,0.05100516181922808,1.0,0.0,0.0
voter,rho_8,0,600,20,0.755481197420578,0.22962304496950128,0.0513452737752296,1.0,0.0,0.0
voter,rho_8,0,650,20,0.7847369001667245,0.21629513309124457,0.048365062079438706,1.0,0.0,0.0
voter,rho_8,0,700,20,0.7916917657771164,0.23442275325843745,0.05241852117585264,1.0,0.0,0.0
voter,rho_8,0,750,20,0.816662745932408,0.21943280621428618,0.049066667118868215,1.0,0.0,0.0
voter,rho_8,0,800,20,0.8118287080333426,0.24263067466461874,0.05425386819767235,1.0,0.0,0.0
voter,rho_8,0,850,20,0.8436766136790613,0.226539385401522,0.05065574653388266,1.0,0.0,0.0
voter,rho_8,0,900,20,0.8635829205427873,0.22003818670955733,0.049202034312836096,1.0,0.0,0.0
voter,rho_8,0,950,20,0.8796538635601594,0.2050717037546526,0.045855426985710206,1.0,0.0,0.0
voter,rho_8,0,1000,20,0.9003041544511982,0.1794603995369713,0.04012856526339396,1.0,0.0,0.0
voter,rho_8,0,1050,20,0.9113955730217065,0.1617692774577049,0.036172710106645245,1.0,0.0,0.0
voter,rho_8,0,1100,20,0.9257981035872007,0.1325517077894997,0.029639462915100973,1.0,0.0,0.0
voter,rho_8,0,1150,20,0.9320494784483742,0.13122456287833836,0.029342704291366,1.0,0.0,0.0
voter,rho_8,0,1200,20,0.9364429902396656,0.13470925016867638,0.03012190405751854,1.0,0.0,0.0
voter,rho_8,0,1250,20,0.9368929188883062,0.1401180718686817,0.03133135335745733,0.999875,0.0005448623679425726,0.00012183492931010944
voter,rho_8,0,1300,20,0.9389016646502759,0.14733731113419932,0.03294562433181063,0.999875,0.0005448623679425726,0.00012183492931010944
voter,rho_8,0,1350,20,0.9424738768141923,0.1493749114277004,0.03340124560853482,0.9996875,0.0009581068572972428,0.00021423920626253252
voter,rho_8,0,1400,20,0.9441603018052142,0.13992059526682202,0.03128719624688493,0.999875,0.0005448623679425726,0.00012183492931010944
voter,rho_8,0,1450,20,0.9540286327516876,0.10778249118232056,0.024100897706794043,0.999875,0.0005448623679425726,0.00012183492931010944
voter,rho_8,0,1500,20,0.9693249890865658,0.0670938123107911,0.015002632519654115,0.999875,0.0005448623679425726,0.00012183492931010944
voter,rho_8,0,1550,20,0.9618480974401467,0.09160606768598696,0.02048373944973137,0.99975,0.000749999999999984,0.00016770509831248064
voter,rho_8,0,1600,20,0.9562026051825674,0.11287711476969986,0.02524009017290944,0.99975,0.000749999999999984,0.00016770509831248064
voter,rho_8,0,1650,20,0.9483998472118461,0.13842734518636443,0.030953295378153913,0.99975,0.000749999999999984,0.00016770509831248064
voter,rho_8,0,1700,20,0.951888540672547,0.13655273317581676,0.0305341193894517,0.9994999999999999,0.0012747548783981887,0.0002850438562747828
voter,rho_8,0,1750,20,0.9583734490005076,0.116477724480028,0.026045210980183392,0.99975,0.000749999999999984,0.00016770509831248064
voter,rho_8,0,1800,20,0.9460422279845183,0.1407687716529022,0.031476854252503475,0.999625,0.0011924240017711781,0.0002666341125962684
voter,rho_8,0,1850,20,0.9590134759950469,0.10241762113591237,0.022901276295371926,0.9994375,0.0013961442439805428,0.0003121873435935545
voter,rho_8,0,1900,20,0.9657082093131363,0.09628957718621217,0.021531004011308332,0.999625,0.0011924240017711781,0.0002666341125962684
voter,rho_8,0,1950,20,0.9693508873385399,0.09565072425453318,0.021388152153022408,0.999625,0.0011924240017711781,0.0002666341125962684
voter,rho_8,0,2000,20,0.9744840714085132,0.08470784325615494,0.018941249574815956,0.999625,0.0011924240017711781,0.0002666341125962684
voter,rho_8,0,2050,20,0.9775699967439564,0.07592834483033346,0.016978094045967035,0.9994375,0.0013961442439805428,0.0003121873435935545
voter,rho_8,0,2100,20,0.9883402504598156,0.035976420185841074,0.008044572112263625,0.9994375,0.0013961442439805428,0.0003121873435935545
voter,rho_8,0,2150,20,0.9920196593848452,0.02405464126342603,0.005378781303939203,0.999625,0.0011924240017711781,0.0002666341125962684
voter,rho_8,0,2200,20,0.997962942077711,0.008661496928071236,0.0019367695918072888,0.999625,0.0011924240017711781,0.0002666341125962684
voter,rho_8,0,2250,20,0.9962256418840119,0.01645204560432357,0.0036787892340194106,0.999625,0.0011924240017711781,0.0002666341125962684
voter,rho_8,0,2300,20,0.9978539504865639,0.009354412956901112,0.0020917103261235697,0.999625,0.0011924240017711781,0.0002666341125962684
voter,rho_8,0,2350,20,0.9933839420091453,0.02883872818673937,0.006448535661018848,0.999625,0.0011924240017711781,0.0002666341125962684
voter,rho_8,0,2400,20,0.9913899566348142,0.037530308928346336,0.00839203219803497,0.999625,0.0011924240017711781,0.0002666341125962684
voter,rho_8,0,2450,20,0.9986422412978678,0.005918332972305774,0.0013233794839554091,0.999625,0.0011924240017711781,0.0002666341125962684
voter,rho_8,0,2500,20,0.9999999999999991,9.963198579389778e-15,2.2278389296844877e-15,0.999625,0.0011924240017711781,0.0002666341125962684
voter,rho_8,0,2550,20,0.9999999999999991,9.963198579389778e-15,2.2278389296844877e-15,0.999625,0.0011924240017711781,0.0002666341125962684
voter,rho_8,0,2600,20,0.9999999999999991,9.963198579389778e-15,2.2278389296844877e-15,0.999625,0.0011924240017711781,0.0002666341125962684
voter,rho_8,0,2650,20,0.9999999999999991,9.963198579389778e-15,2.2278389296844877e-15,0.999625,0.0011924240017711781,0.0002666341125962684
voter,rho_8,0,2700,20,0.9999999999999991,9.963198579389778e-15,2.2278389296844877e-15,0.999625,0.0011924240017711781,0.0002666341125962684
voter,rho_8,0,2750,20,0.9999999999999991,9.963198579389778e-15,2.2278389296844877e-15,0.999625,0.0011924240017711781,0.0002666341125962684
voter,rho_8,0,2800,20,0.9999999999999991,9.963198579389778e-15,2.2278389296844877e-15,0.999625,0.0011924240017711781,0.0002666341125962684
voter,rho_8,0,2850,20,0.9999999999999991,9.963198579389778e-15,2.2278389296844877e-15,0.999625,0.0011924240017711781,0.0002666341125962684
voter,rho_8,0,2900,20,0.9999999999999991,9.963198579389778e-15,2.2278389296844877e-15,0.999625,0.0011924240017711781,0.0002666341125962684
voter,rho_8,0,2950,20,0.9999999999999991,9.963198579389778e-15,2.2278389296844877e-15,0.999625,0.0011924240017711781,0.0002666341125962684
voter,rho_8,0,3000,20,0.9999999999999991,9.963198579389778e-15,2.2278389296844877e-15,0.999625,0.0011924240017711781,0.0002666341125962684
voter,rho_8,0.5,0,20,0.03261848584685173,0.013674120708749484,0.003057626343730145,1.0,0.0,0.0
voter,rho_8,0.5,50,20,0.15794766123886356,0.07821066820663562,0.01748843706757188,1.0,0.0,0.0
voter,rho_8,0.5,100,20,0.1440152129405743,0.07853293464581362,0.017560498034058764,1.0,0.0,0.0
voter,rho_8,0.5,150,20,0.2141841063162493,0.08119462023637014,0.018155669025580367,1.0,0.0,0.0
voter,rho_8,0.5,200,20,0.20978260108694008,0.10640521572616768,0.023792929552424055,1.0,0.0,0.0
voter,rho_8,0.5,250,20,0.22041709733648518,0.11176585957909688,0.024991605958255662,1.0,0.0,0.0
voter,rho_8,0.5,300,20,0.23259980524725976,0.08507903584077367,0.01902425076001109,1.0,0.0,0.0
voter,rho_8,0.5,350,20,0.20192363957953846,0.09997047217191972,0.02235407715191635,1.0,0.0,0.0
voter,rho_8,0.5,400,20,0.2063791807566277,0.09559465222488425,0.02137561406602927,1.0,0.0,0.0
voter,rho_8,0.5,450,20,0.1900862658460515,0.09664350444253691,0.021610144551731544,1.0,0.0,0.0
voter,rho_8,0.5,500,20,0.20197824025171243,0.0957910607401119,0.02141953234517015,1.0,0.0,0.0
voter,rho_8,0.5,550,20,0.19738265686245876,0.10538492498273395,0.023564785606510895,0.999875,0.0005448623679425726,0.00012183492931010944
voter,rho_8,0.5,600,20,0.2236223691324546,0.08752337885950981,0.019570822475033195,0.999875,0.0005448623679425726,0.00012183492931010944
voter,rho_8,0.5,650,20,0.21082552379370684,0.08009164687179063,0.01790903668352322,0.999875,0.0005448623679425726,0.00012183492931010944
voter,rho_8,0.5,700,20,0.2517271587238701,0.09217665535245192,0.020611326730665232,0.99975,0.0010897247358851695,0.00024366985862022433
voter,rho_8,0.5,750,20,0.2193128070865557,0.1011523269886052,0.02261834792288078,0.9996875,0.0009581068572972428,0.00021423920626253252
voter,rho_8,0.5,800,20,0.2287505944639025,0.12240580883553143,0.027370770939709264,0.999875,0.0005448623679425726,0.00012183492931010944
voter,rho_8,0.5,850,20,0.2220177227185423,0.12062804360923247,0.026973250550305288,0.9996875,0.0009581068572972428,0.00021423920626253252
voter,rho_8,0.5,900,20,0.18812890112441888,0.09553671290170408,0.02136265843950915,1.0,0.0,0.0
voter,rho_8,0.5,950,20,0.21162131733512557,0.10969607464493367,0.02452878797709628,1.0,0.0,0.0
voter,rho_8,0.5,1000,20,0.22031908167381142,0.06775398656562219,0.015150251970733872,1.0,0.0,0.0
voter,rho_8,0.5,1050,20,0.17548317789077864,0.08378209249249005,0.018734245411038252,1.0,0.0,0.0
voter,rho_8,0.5,1100,20,0.22631755597883768,0.10403144767742582,0.023262138880443674,1.0,0.0,0.0
voter,rho_8,0.5,1150,20,0.25877271891783077,0.13917290898874882,0.031120008512523386,1.0,0.0,0.0
voter,rho_8,0.5,1200,20,0.244577837773137,0.10910576132890722,0.024396789906830432,0.9998125,0.0008172935519138831,0.00018275239396516957
voter,rho_8,0.5,1250,20,0.20528956718853753,0.10026210242181073,0.022419287658221508,1.0,0.0,0.0
voter,rho_8,0.5,1300,20,0.23126437850901413,0.10339354208764381,0.023119498854245708,1.0,0.0,0.0
voter,rho_8,0.5,1350,20,0.23358372019045687,0.09875770889285236,0.022082895038655338,0.999875,0.0005448623679425726,0.00012183492931010944
voter,rho_8,0.5,1400,20,0.20144109110606828,0.09983273609896204,0.02232327842970763,1.0,0.0,0.0
voter,rho_8,0.5,1450,20,0.2525434882852423,0.09997491702386373,0.022355071051026024,0.999875,0.0005448623679425726,0.00012183492931010944
voter,rho_8,0.5,1500,20,0.2683428202437222,0.11696937426169456,0.02615514721347633,0.999875,0.0005448623679425726,0.00012183492931010944
voter,rho_8,0.5,1550,20,0.19333540553802536,0.08404751956467948,0.018793596708686685,1.0,0.0,0.0
voter,rho_8,0.5,1600,20,0.21979305275576552,0.11900101110948022,0.026609435023200543,0.999875,0.0005448623679425726,0.00012183492931010944
voter,rho_8,0.5,1650,20,0.22391359885291698,0.09416590682776756,0.021056136882979984,0.99975,0.000749999999999984,0.00016770509831248064
voter,rho_8,0.5,1700,20,0.23413531766435985,0.14363805528685294,0.032118445577727625,0.9996875,0.0009581068572972428,0.00021423920626253252
voter,rho_8,0.5,1750,20,0.2266621158975947,0.1387862924904199,0.031033558435374746,1.0,0.0,0.0
voter,rho_8,0.5,1800,20,0.25442693268809685,0.09518688769382583,0.021284435145003274,0.99975,0.0010897247358851695,0.00024366985862022433
voter,rho_8,0.5,1850,20,0.2362395317006049,0.08842368705973042,0.01977213750867257,0.99975,0.0010897247358851695,0.00024366985862022433
voter,rho_8,0.5,1900,20,0.27220823912297504,0.14696460659448363,0.032862285063177926,0.9989375,0.002885172221895938,0.0006451441214953424
voter,rho_8,0.5,1950,20,0.23480672398343988,0.13799687593521695,0.030857039527374994,0.999625,0.001634587103827742,0.0003655047879303338
voter,rho_8,0.5,2000,20,0.23925517980246608,0.10713471174934494,0.02395604982213807,0.999875,0.0005448623679425726,0.00012183492931010944
voter,rho_8,0.5,2050,20,0.2247703374941631,0.1371260040701,0.030662306658365644,1.0,0.0,0.0
voter,rho_8,0.5,2100,20,0.21729881997400802,0.1210194258650804,0.027060766283231605,0.999625,0.0011924240017711781,0.0002666341125962684
voter,rho_8,0.5,2150,20,0.2418009852933441,0.1001489387130265,0.022393983483678756,1.0,0.0,0.0
voter,rho_8,0.5,2200,20,0.22503203362085458,0.10076689770803789,0.022532163315694045,0.9996875,0.0009581068572972428,0.00021423920626253252
voter,rho_8,0.5,2250,20,0.2511095395526305,0.14148777773611107,0.031637628900332566,1.0,0.0,0.0
voter,rho_8,0.5,2300,20,0.2681308392768308,0.0959915106591036,0.021464354309665125,1.0,0.0,0.0
voter,rho_8,0.5,2350,20,0.2441418818043341,0.11238260823839959,0.025129515150978936,0.9993124999999999,0.0016990346523835253,0.00037991569788572874
voter,rho_8,0.5,2400,20,0.23960533764668024,0.1331116836186638,0.029764677317077742,1.0,0.0,0.0
voter,rho_8,0.5,2450,20,0.19998373306825018,0.09919439997202112,0.022180542132474244,1.0,0.0,0.0
voter,rho_8,0.5,2500,20,0.24979110830549436,0.12983934886238374,0.02903296102106,1.0,0.0,0.0
voter,rho_8,0.5,2550,20,0.20688414489180396,0.09394235885971791,0.021006150037700885,1.0,0.0,0.0
voter,rho_8,0.5,2600,20,0.20600091716903646,0.09382604992190405,0.020980142568566628,0.9998125,0.0008172935519138831,0.00018275239396516957
voter,rho_8,0.5,2650,20,0.21316526490077012,0.10702106623791528,0.023930637913248624,1.0,0.0,0.0
voter,rho_8,0.5,2700,20,0.23705013643960365,0.11055564447258201,0.024720993633699225,0.9998125,0.0008172935519138831,0.00018275239396516957
voter,rho_8,0.5,2750,20,0.20511716375773092,0.10541392826765782,0.02357127093817695,1.0,0.0,0.0
voter,rho_8,0.5,2800,20,0.2144691950024949,0.11748017343624055,0.02626936538118989,1.0,0.0,0.0
voter,rho_8,0.5,2850,20,0.19756868621079354,0.09561854304156144,0.021380956215042084,1.0,0.0,0.0
voter,rho_8,0.5,2900,20,0.25098733419876634,0.11715804458205356,0.02619733517964227,0.99975,0.000749999999999984,0.00016770509831248064
voter,rho_8,0.5,2950,20,0.23905673137193556,0.13019110188488436,0.02911161538802024,0.999875,0.0005448623679425726,0.00012183492931010944
voter,rho_8,0.5,3000,20,0.21257219719432432,0.09959021616021511,0.022269049322813907,0.999625,0.0011924240017711781,0.0002666341125962684
voter,rho_8,1,0,20,0.032937737995969704,0.014762212479929093,0.00330093106034172,1.0,0.0,0.0
voter,rho_8,1,50,20,0.11079378997151532,0.035476115987442894,0.007932700692558938,1.0,0.0,0.0
voter,rho_8,1,100,20,0.11265244488700729,0.041890396570405886,0.009366977433585161,1.0,0.0,0.0
voter,rho_8,1,150,20,0.11807184020749861,0.05759299718231996,0.012878185672762128,1.0,0.0,0.0
voter,rho_8,1,200,20,0.09959129771591174,0.06718246107393598,0.015022454985705437,1.0,0.0,0.0
voter,rho_8,1,250,20,0.1052814061462439,0.051933666269815736,0.01161272081000959,1.0,0.0,0.0
voter,rho_8,1,300,20,0.09877082747753926,0.05474485909968779,0.012241322636554983,1.0,0.0,0.0
voter,rho_8,1,350,20,0.10072818259265226,0.04721790437145147,0.010558244392964997,1.0,0.0,0.0
voter,rho_8,1,400,20,0.11937851099027139,0.05023792892573703,0.011233542412675098,1.0,0.0,0.0
voter,rho_8,1,450,20,0.12989875093275136,0.05457615551277565,0.012203599367716624,0.9999375,0.0002724311839712863,6.091746465505472e-05
voter,rho_8,1,500,20,0.0971820327581794,0.05642075529465716,0.01261606441807346,1.0,0.0,0.0
voter,rho_8,1,550,20,0.11057550522777035,0.05829137904789109,0.013034348605329144,1.0,0.0,0.0
voter,rho_8,1,600,20,0.10669378799525644,0.061786325580281784,0.01381584240774442,1.0,0.0,0.0
voter,rho_8,1,650,20,0.12170368612974716,0.07557150175192792,0.016898301507905528,1.0,0.0,0.0
voter,rho_8,1,700,20,0.09663010183536466,0.04918237429142284,0.010997513221045951,1.0,0.0,0.0
voter,rho_8,1,750,20,0.11910240366107887,0.05379608815864196,0.012029171004629491,1.0,0.0,0.0
voter,rho_8,1,800,20,0.12252848976492499,0.06358868933087992,0.014218863194396312,1.0,0.0,0.0
voter,rho_8,1,850,20,0.1261271486998345,0.05522815621428964,0.012349391156712908,1.0,0.0,0.0
voter,rho_8,1,900,20,0.08873571207872422,0.039127738820400076,0.008749228380827201,1.0,0.0,0.0
voter,rho_8,1,950,20,0.112717841332972,0.060959830995599165,0.013631032600305841,1.0,0.0,0.0
voter,rho_8,1,1000,20,0.1277739810620005,0.05974147324207136,0.01335859952452563,1.0,0.0,0.0
voter,rho_8,1,1050,20,0.11897532950512155,0.0670466909850156,0.014992095870891722,1.0,0.0,0.0
voter,rho_8,1,1100,20,0.12306191772708137,0.05657556280045555,0.012650680428712698,1.0,0.0,0.0
voter,rho_8,1,1150,20,0.11801676695507786,0.06163805089439405,0.01378268718004568,1.0,0.0,0.0
voter,rho_8,1,1200,20,0.10742481384165992,0.05100919112193051,0.011406001882591537,1.0,0.0,0.0
voter,rho_8,1,1250,20,0.100868827983044,0.05310662100002607,0.011875001461137614,1.0,0.0,0.0
voter,rho_8,1,1300,20,0.10898547779775061,0.07323559301485881,0.016375976435373307,1.0,0.0,0.0
voter,rho_8,1,1350,20,0.1337610081812189,0.06595328489441571,0.014747602836332356,1.0,0.0,0.0
voter,rho_8,1,1400,20,0.10948019492449852,0.05461499130520991,0.01221228331490093,0.999875,0.0005448623679425726,0.00012183492931010944
voter,rho_8,1,1450,20,0.11038148086022845,0.03652829814999007,0.00816797577657576,0.999875,0.0005448623679425726,0.00012183492931010944
voter,rho_8,1,1500,20,0.12978008178630085,0.045812367250487096,0.010243956738227427,1.0,0.0,0.0
voter,rho_8,1,1550,20,0.10971865832414655,0.05410316624248801,0.012097835751617506,0.9998125,0.0008172935519138831,0.00018275239396516957
voter,rho_8,1,1600,20,0.10905184778498585,0.06560262761265284,0.01466919348444965,1.0,0.0,0.0
voter,rho_8,1,1650,20,0.12027184775102737,0.06275849678532086,0.014033226497767946,1.0,0.0,0.0
voter,rho_8,1,1700,20,0.11562842965922289,0.05449852608593069,0.012186240900168656,1.0,0.0,0.0
voter,rho_8,1,1750,20,0.11905382886300504,0.055532305240286926,0.012417400946454936,1.0,0.0,0.0
voter,rho_8,1,1800,20,0.10504136023999874,0.053485434186574664,0.011959706664727211,1.0,0.0,0.0
voter,rho_8,1,1850,20,0.1351622111993664,0.0682439338786322,0.015259807520462248,1.0,0.0,0.0
voter,rho_8,1,1900,20,0.11104380608205962,0.06528081668274005,0.014597234372930907,0.999875,0.0005448623679425726,0.00012183492931010944
voter,rho_8,1,1950,20,0.09269543591864511,0.04260172484022751,0.009526035270149008,0.9998125,0.0008172935519138831,0.00018275239396516957
voter,rho_8,1,2000,20,0.1067935343407899,0.04895827181280269,0.010947402383433866,0.999875,0.0005448623679425726,0.00012183492931010944
voter,rho_8,1,2050,20,0.11565419858265791,0.06907081911251499,0.01544470467971752,0.9994375,0.001955560980895257,0.00043727672874279615
voter,rho_8,1,2100,20,0.12301695573008167,0.0675395727632322,0.01510230758698805,0.999875,0.0005448623679425726,0.00012183492931010944
voter,rho_8,1,2150,20,0.11816856816217676,0.05138253695913741,0.011489484549702658,1.0,0.0,0.0
voter,rho_8,1,2200,20,0.0944236900922589,0.03553607974893134,0.007946108997246413,1.0,0.0,0.0
voter,rho_8,1,2250,20,0.09496732381961674,0.04738191019255285,0.010594917209433832,0.99975,0.0010897247358851695,0.00024366985862022433
voter,rho_8,1,2300,20,0.10136153510732107,0.05739264807318971,0.012833386250037451,0.999875,0.0005448623679425726,0.00012183492931010944
voter,rho_8,1,2350,20,0.10349423908548147,0.04387069478633367,0.009809785576238768,0.999875,0.0005448623679425726,0.00012183492931010944
voter,rho_8,1,2400,20,0.10771699636378936,0.05045241460714676,0.011281502869058348,0.9989375,0.004094107808790588,0.0009154703367668465
voter,rho_8,1,2450,20,0.10797711236362695,0.04800974455953436,0.010735305241751952,0.999875,0.0005448623679425726,0.00012183492931010944
voter,rho_8,1,2500,20,0.09492767649099514,0.04236067144519036,0.00947213409239799,0.999875,0.0005448623679425726,0.00012183492931010944
voter,rho_8,1,2550,20,0.08449741841377847,0.04981535728855709,0.011139052522065327,0.99975,0.000749999999999984,0.00016770509831248064
voter,rho_8,1,2600,20,0.10365268258306104,0.05225157906871583,0.011683808272935374,0.9994999999999999,0.0015000000000000013,0.0003354101966249687
voter,rho_8,1,2650,20,0.13267819365581532,0.06776063690916989,0.015151739032758512,0.99975,0.0010897247358851695,0.00024366985862022433
voter,rho_8,1,2700,20,0.0971958993230311,0.04457225375412413,0.009966658930459175,0.9995625,0.0016429299285118533,0.00036737030024213736
voter,rho_8,1,2750,20,0.10997875244844421,0.06221376487185016,0.013911420738964545,0.999625,0.001634587103827742,0.0003655047879303338
voter,rho_8,1,2800,20,0.11804886237670065,0.05183073742546088,0.011589705220727295,1.0,0.0,0.0
voter,rho_8,1,2850,20,0.11961183464505964,0.05801057240231788,0.012971558330525605,1.0,0.0,0.0
voter,rho_8,1,2900,20,0.09576195279486348,0.04619167403892161,0.010328772314554098,1.0,0.0,0.0
voter,rho_8,1,2950,20,0.11994132719241664,0.056334363189978635,0.012596746556195412,1.0,0.0,0.0
voter,rho_8,1,3000,20,0.10175950785887986,0.04375621041803573,0.009784186093251237,1.0,0.0,0.0
voter,rho_8,2,0,20,0.03503037378209074,0.017073259729827314,0.0038176969353403566,1.0,0.0,0.0
voter,rho_8,2,50,20,0.04541385754729164,0.030631527974160872,0.006849417880491013,1.0,0.0,0.0
voter,rho_8,2,100,20,0.057498755581762206,0.02634335719357144,0.005890553744038383,1.0,0.0,0.0
voter,rho_8,2,150,20,0.050190597172597474,0.01776033486056065,0.003971331605137286,1.0,0.0,0.0
voter,rho_8,2,200,20,0.045856065224414676,0.02321265065266998,0.0051905064797324926,1.0,0.0,0.0
voter,rho_8,2,250,20,0.061053757944565246,0.03156224754574021,0.007057533103495101,1.0,0.0,0.0
voter,rho_8,2,300,20,0.05786762351261436,0.02467204680086818,0.005516837379079747,1.0,0.0,0.0
voter,rho_8,2,350,20,0.0585715141126491,0.02902537356360037,0.006490270836053575,1.0,0.0,0.0
voter,rho_8,2,400,20,0.05195616881120173,0.021909723530282883,0.00489916311819392,1.0,0.0,0.0
voter,rho_8,2,450,20,0.05265675904159265,0.03168149087238186,0.0070841967219184955,1.0,0.0,0.0
voter,rho_8,2,500,20,0.05526187275477409,0.02800979156245153,0.006263179796924166,1.0,0.0,0.0
voter,rho_8,2,550,20,0.07162662314288307,0.02916041986008619,0.006520468105958762,1.0,0.0,0.0
voter,rho_8,2,600,20,0.04506853072435256,0.02426959427524986,0.005426846258579842,1.0,0.0,0.0
voter,rho_8,2,650,20,0.061770742268236166,0.02953054771740343,0.006603231210891531,1.0,0.0,0.0
voter,rho_8,2,700,20,0.06010874460437449,0.028884571882898964,0.006458786623114118,1.0,0.0,0.0
voter,rho_8,2,750,20,0.05830195005364559,0.02981710324538948,0.006667306974882047,1.0,0.0,0.0
voter,rho_8,2,800,20,0.05639005955034219,0.027662409141667958,0.006185502726218116,1.0,0.0,0.0
voter,rho_8,2,850,20,0.05794355089313372,0.03038680816946391,0.006794696868616725,1.0,0.0,0.0
voter,rho_8,2,900,20,0.06573641979204539,0.034646871582387134,0.0077472760065923334,1.0,0.0,0.0
voter,rho_8,2,950,20,0.07411556431731814,0.04321191761958392,0.009662478523551054,1.0,0.0,0.0
voter,rho_8,2,1000,20,0.06866633037530379,0.04097945913405408,0.00916328563049196,1.0,0.0,0.0
voter,rho_8,2,1050,20,0.05527241452619519,0.02596792759500119,0.005806605133721528,1.0,0.0,0.0
voter,rho_8,2,1100,20,0.05253421814974567,0.023228809058261236,0.005194119609063499,1.0,0.0,0.0
voter,rho_8,2,1150,20,0.0579209628462843,0.028859189274415834,0.006453110899312663,1.0,0.0,0.0
voter,rho_8,2,1200,20,0.04412697710669012,0.027639981070318825,0.006180487657004029,1.0,0.0,0.0
voter,rho_8,2,1250,20,0.053509124859207814,0.03672614776982448,0.008212216296502983,1.0,0.0,0.0
voter,rho_8,2,1300,20,0.04950960287483823,0.02383773696996024,0.0053302800294590955,1.0,0.0,0.0
voter,rho_8,2,1350,20,0.03757535383215088,0.02656406667854025,0.0059399058852053046,1.0,0.0,0.0
voter,rho_8,2,1400,20,0.04586200614020634,0.027837634253360104,0.006224684252328979,1.0,0.0,0.0
voter,rho_8,2,1450,20,0.06389259629039729,0.03289125664549135,0.007354708572471036,1.0,0.0,0.0
voter,rho_8,2,1500,20,0.05406246566998846,0.022528608268666643,0.005037549952720246,1.0,0.0,0.0
voter,rho_8,2,1550,20,0.04929332292782712,0.03098878533983946,0.006929303056002995,1.0,0.0,0.0
voter,rho_8,2,1600,20,0.0617696778664887,0.027724743762362846,0.00619944117114066,1.0,0.0,0.0
voter,rho_8,2,1650,20,0.05443574472439251,0.03375135605674532,0.007547032647568178,1.0,0.0,0.0
voter,rho_8,2,1700,20,0.06911336989711639,0.030223822029202017,0.006758252059715134,1.0,0.0,0.0
voter,rho_8,2,1750,20,0.05256048858408117,0.02412136355999375,0.005393700863013235,1.0,0.0,0.0
voter,rho_8,2,1800,20,0.048420462514125226,0.031795459061914284,0.007109680783825203,1.0,0.0,0.0
voter,rho_8,2,1850,20,0.06140350352286735,0.020135415329835427,0.004502415743270336,1.0,0.0,0.0
voter,rho_8,2,1900,20,0.05119518819263515,0.023135486533495897,0.0051732520581427785,1.0,0.0,0.0
voter,rho_8,2,1950,20,0.055059968971056736,0.034662672648036456,0.007750809232283215,1.0,0.0,0.0
voter,rho_8,2,2000,20,0.05823449466356149,0.030139514779789513,0.006739400385646895,1.0,0.0,0.0
voter,rho_8,2,2050,20,0.05120430487735968,0.02616265199183625,0.0058501468325416126,1.0,0.0,0.0
voter,rho_8,2,2100,20,0.052819267573577855,0.03038540624504247,0.006794383388786159,1.0,0.0,0.0
voter,rho_8,2,2150,20,0.05370138298766373,0.02736875835710628,0.00611984041462551,1.0,0.0,0.0
voter,rho_8,2,2200,20,0.056506787403938906,0.03211519958967541,0.007181176939348757,1.0,0.0,0.0
voter,rho_8,2,2250,20,0.05646487913101663,0.025431415647471152,0.005686637415179732,1.0,0.0,0.0
voter,rho_8,2,2300,20,0.06757283973036048,0.02523335488232712,0.005642349681725964,1.0,0.0,0.0
voter,rho_8,2,2350,20,0.06453509528342902,0.03733574688822325,0.008348526803279343,1.0,0.0,0.0
voter,rho_8,2,2400,20,0.05949958300365484,0.03790772345529243,0.008476424651829708,1.0,0.0,0.0
voter,rho_8,2,2450,20,0.048710484856677144,0.030253518067512343,0.006764892295747567,1.0,0.0,0.0
voter,rho_8,2,2500,20,0.04223847474093581,0.027955395682980298,0.00625101650850481,1.0,0.0,0.0
voter,rho_8,2,2550,20,0.05261013613491712,0.029447188842260982,0.006584591599756888,1.0,0.0,0.0
voter,rho_8,2,2600,20,0.04725526107867159,0.026980354899610783,0.0060329907612599225,1.0,0.0,0.0
voter,rho_8,2,2650,20,0.054715893063752505,0.02700859230157577,0.0060393048362900915,1.0,0.0,0.0
voter,rho_8,2,2700,20,0.05909503640295388,0.02999063043476037,0.006706108834019826,1.0,0.0,0.0
voter,rho_8,2,2750,20,0.05293566194907993,0.024100492958352277,0.005389034054613069,1.0,0.0,0.0
voter,rho_8,2,2800,20,0.06271487518782198,0.037136332787243716,0.008303936454733117,1.0,0.0,0.0
voter,rho_8,2,2850,20,0.057183249002834266,0.03909979627325297,0.008742980237338658,1.0,0.0,0.0
voter,rho_8,2,2900,20,0.060741019131832,0.02712698011085493,0.00606577715521564,1.0,0.0,0.0
voter,rho_8,2,2950,20,0.04982050843877837,0.03376258578627589,0.007549543691428107,1.0,0.0,0.0
voter,rho_8,2,3000,20,0.05391796401602748,0.022912140731758426,0.005123310418625361,1.0,0.0,0.0
voter,rho_8,3,0,20,0.02917766122700252,0.012813299375146464,0.0028651408418883073,1.0,0.0,0.0
voter,rho_8,3,50,20,0.04780015995898803,0.02312150317793899,0.0051701252847849,1.0,0.0,0.0
voter,rho_8,3,100,20,0.04562366122964494,0.022258078771518506,0.004977057718166039,1.0,0.0,0.0
voter,rho_8,3,150,20,0.025934556710571814,0.015572154664318926,0.0034820396385557536,1.0,0.0,0.0
voter,rho_8,3,200,20,0.03844155697430471,0.023423649054315977,0.005237687156654919,1.0,0.0,0.0
voter,rho_8,3,250,20,0.04175369039275482,0.018993146883735615,0.004246996753867113,1.0,0.0,0.0
voter,rho_8,3,300,20,0.04087816069791729,0.020444604911770893,0.00457155263558458,1.0,0.0,0.0
voter,rho_8,3,350,20,0.04136837991514907,0.020940812927336506,0.004682508120963079,1.0,0.0,0.0
voter,rho_8,3,400,20,0.04028056118645869,0.020084666260495085,0.004491067906386351,1.0,0.0,0.0
voter,rho_8,3,450,20,0.042046114626166774,0.01748413884956397,0.003909572299567001,1.0,0.0,0.0
voter,rho_8,3,500,20,0.040103822040843624,0.020290331731796764,0.004537056103831859,1.0,0.0,0.0
voter,rho_8,3,550,20,0.035500725564072896,0.017911253858518706,0.004005078118990322,1.0,0.0,0.0
voter,rho_8,3,600,20,0.02694750160459945,0.015058670684367665,0.0033672211301029376,1.0,0.0,0.0
voter,rho_8,3,650,20,0.02658942684177439,0.013670392875286902,0.0030567927748270315,1.0,0.0,0.0
voter,rho_8,3,700,20,0.05203579448808504,0.022227242638883545,0.004970162549292541,1.0,0.0,0.0
voter,rho_8,3,750,20,0.0396564229266934,0.01683541953771103,0.0037645142516049943,1.0,0.0,0.0
voter,rho_8,3,800,20,0.04391285448529185,0.025948699786069198,0.005802305664938497,1.0,0.0,0.0
voter,rho_8,3,850,20,0.03347635319952853,0.020042185296252846,0.004481568874006812,1.0,0.0,0.0
voter,rho_8,3,900,20,0.03458020753971831,0.01714814318415667,0.0038344413847674007,1.0,0.0,0.0
voter,rho_8,3,950,20,0.04111987103933777,0.02253573337703537,0.005039143175386198,1.0,0.0,0.0
voter,rho_8,3,1000,20,0.03625782211906782,0.01897790394830595,0.004243588329887376,1.0,0.0,0.0
voter,rho_8,3,1050,20,0.038129183470901405,0.01868226475713265,0.0041774813970597196,1.0,0.0,0.0
voter,rho_8,3,1100,20,0.04238819347679672,0.027191802557656745,0.006080271894967312,1.0,0.0,0.0
voter,rho_8,3,1150,20,0.048051717395729054,0.017621014913923035,0.003940178718006951,1.0,0.0,0.0
voter,rho_8,3,1200,20,0.04815412233274374,0.024726662971160274,0.005529049926024129,1.0,0.0,0.0
voter,rho_8,3,1250,20,0.05126886905120508,0.0243898139322076,0.005453728191098763,1.0,0.0,0.0
voter,rho_8,3,1300,20,0.03957948257952647,0.02451985468839621,0.005482806188167084,1.0,0.0,0.0
voter,rho_8,3,1350,20,0.03429916006182881,0.01948068867289868,0.004356014412111161,1.0,0.0,0.0
voter,rho_8,3,1400,20,0.03771864999617801,0.019639472366605053,0.004391519525395756,1.0,0.0,0.0
voter,rho_8,3,1450,20,0.04044725243064635,0.019914227622231107,0.004452956668271275,1.0,0.0,0.0
voter,rho_8,3,1500,20,0.04235357414524724,0.017632930535073046,0.003942843131895507,1.0,0.0,0.0
voter,rho_8,3,1550,20,0.041205535966047924,0.019868468771969273,0.004442724678295506,1.0,0.0,0.0
voter,rho_8,3,1600,20,0.041947081275759426,0.02190658420930159,0.0048984611446821836,1.0,0.0,0.0
voter,rho_8,3,1650,20,0.038518279107282616,0.020566000281904088,0.004598697465561737,1.0,0.0,0.0
voter,rho_8,3,1700,20,0.04050478952559878,0.014843812640098205,0.0033191774108530204,1.0,0.0,0.0
voter,rho_8,3,1750,20,0.041232344985669744,0.02053632203294338,0.004592061207348807,1.0,0.0,0.0
voter,rho_8,3,1800,20,0.042396024891358346,0.02453964159087226,0.005487230674067145,1.0,0.0,0.0
voter,rho_8,3,1850,20,0.04741312751372323,0.021779341510279174,0.004870008812216716,1.0,0.0,0.0
voter,rho_8,3,1900,20,0.046095978834261135,0.02333417148058607,0.005217679362922737,1.0,0.0,0.0
voter,rho_8,3,1950,20,0.03940820484667169,0.01692971004936976,0.00378559825097521,1.0,0.0,0.0
voter,rho_8,3,2000,20,0.040198464773552336,0.02610769683806893,0.005837858486587844,1.0,0.0,0.0
voter,rho_8,3,2050,20,0.04509406350398901,0.023781379072150322,0.005317678020401899,1.0,0.0,0.0
voter,rho_8,3,2100,20,0.03917801945413536,0.024439904827414517,0.005464928855772412,1.0,0.0,0.0
voter,rho_8,3,2150,20,0.045852299359886994,0.019253422230713323,0.004305196090738063,1.0,0.0,0.0
voter,rho_8,3,2200,20,0.04189807125457399,0.029924383359493194,0.006691295537659031,1.0,0.0,0.0
voter,rho_8,3,2250,20,0.036986440433383325,0.020396290950133365,0.0045607493053361975,1.0,0.0,0.0
voter,rho_8,3,2300,20,0.05108635925675177,0.024027377000251905,0.005372684829357824,1.0,0.0,0.0
voter,rho_8,3,2350,20,0.04448389690534359,0.021871403535160264,0.004890594506794756,1.0,0.0,0.0
voter,rho_8,3,2400,20,0.043624629223455114,0.023376195123899185,0.005227076135233769,1.0,0.0,0.0
voter,rho_8,3,2450,20,0.04161746892635969,0.01746088609638414,0.0039043728258895878,1.0,0.0,0.0
voter,rho_8,3,2500,20,0.037370870523870586,0.025127556403469278,0.005618692422661743,1.0,0.0,0.0
voter,rho_8,3,2550,20,0.036449371122918066,0.017546489939385793,0.00392351442709828,1.0,0.0,0.0
voter,rho_8,3,2600,20,0.029164378179558186,0.018493588156663857,0.004135292026618541,1.0,0.0,0.0
voter,rho_8,3,2650,20,0.03784448841436637,0.015496835861979188,0.0034651978423542013,1.0,0.0,0.0
voter,rho_8,3,2700,20,0.045207271543417124,0.021376435012979474,0.004779916180562871,1.0,0.0,0.0
voter,rho_8,3,2750,20,0.04467209836248808,0.016079149128230535,0.0035954070471079956,1.0,0.0,0.0
voter,rho_8,3,2800,20,0.03367464204252271,0.017396557799730143,0.003889988581470077,1.0,0.0,0.0
voter,rho_8,3,2850,20,0.04426359344543325,0.02408616477452932,0.005385830175310845,1.0,0.0,0.0
voter,rho_8,3,2900,20,0.041917328476108004,0.019330077203724098,0.004322336663784613,1.0,0.0,0.0
voter,rho_8,3,2950,20,0.03266535860086009,0.016530185005847593,0.0036962617353722975,1.0,0.0,0.0
voter,rho_8,3,3000,20,0.04272423622739365,0.02233533665051939,0.004994333105090382,1.0,0.0,0.0
voter,rho_8,4,0,20,0.034394762239892816,0.020681836610486552,0.0046245992560591765,1.0,0.0,0.0
voter,rho_8,4,50,20,0.03487943119885632,0.015244181160948486,0.0034087025337202477,1.0,0.0,0.0
voter,rho_8,4,100,20,0.04098519001810734,0.02129043418898033,0.004760685811704562,1.0,0.0,0.0
voter,rho_8,4,150,20,0.029088369263537854,0.01696141008475088,0.0037926865943753436,1.0,0.0,0.0
voter,rho_8,4,200,20,0.036272010803931706,0.016633279907659292,0.0037193144562307602,1.0,0.0,0.0
voter,rho_8,4,250,20,0.032329541081798634,0.012807894197063617,0.0028639322073259334,1.0,0.0,0.0
voter,rho_8,4,300,20,0.03478359604984975,0.0197651241537539,0.004419616119151672,1.0,0.0,0.0
voter,rho_8,4,350,20,0.03219447420174081,0.010648886261481274,0.0023811633565335726,1.0,0.0,0.0
voter,rho_8,4,400,20,0.047708140796242304,0.022704477433361934,0.0050768754934607235,1.0,0.0,0.0
voter,rho_8,4,450,20,0.037647547075063605,0.017971365171193625,0.004018519417126109,1.0,0.0,0.0
voter,rho_8,4,500,20,0.035983280383118835,0.01778797155418226,0.003977511357698411,1.0,0.0,0.0
voter,rho_8,4,550,20,0.03829966207937653,0.017502995730921293,0.003913788826422863,1.0,0.0,0.0
voter,rho_8,4,600,20,0.030889964989776232,0.014155505772319419,0.003165267316279688,1.0,0.0,0.0
voter,rho_8,4,650,20,0.031294074816897534,0.015461364881094444,0.003457266289905513,1.0,0.0,0.0
voter,rho_8,4,700,20,0.0430880062807146,0.020595906807425637,0.004605384767965439,1.0,0.0,0.0
voter,rho_8,4,750,20,0.028793117302830108,0.014534564536540876,0.003250027432706312,1.0,0.0,0.0
voter,rho_8,4,800,20,0.03463820210861128,0.019178365469734643,0.004288412888766135,1.0,0.0,0.0
voter,rho_8,4,850,20,0.03367914282621234,0.017302349266661264,0.003868922913069822,1.0,0.0,0.0
voter,rho_8,4,900,20,0.03557862040988116,0.020223299541902575,0.004522067250503452,1.0,0.0,0.0
voter,rho_8,4,950,20,0.03735923704589756,0.014109218343326116,0.0031549171325064157,1.0,0.0,0.0
voter,rho_8,4,1000,20,0.03987634828031302,0.021602098518222305,0.004830376074339255,1.0,0.0,0.0
voter,rho_8,4,1050,20,0.0379760987689704,0.018087795699280197,0.004044554074671886,1.0,0.0,0.0
voter,rho_8,4,1100,20,0.03849756265288702,0.01616861712317657,0.00361541269895899,1.0,0.0,0.0
voter,rho_8,4,1150,20,0.040240586950898175,0.018036387159218868,0.004033058775651771,1.0,0.0,0.0
voter,rho_8,4,1200,20,0.029335627729354153,0.016257178107478235,0.0036352155370642713,1.0,0.0,0.0
voter,rho_8,4,1250,20,0.035986325289443136,0.015920216186196698,0.003559868560882826,1.0,0.0,0.0
voter,rho_8,4,1300,20,0.041701713683004835,0.020096136344333417,0.004493632695103364,1.0,0.0,0.0
voter,rho_8,4,1350,20,0.03318820827717834,0.020920651570936005,0.004677999904620067,1.0,0.0,0.0
voter,rho_8,4,1400,20,0.03906203300175437,0.01750363631073159,0.003913932064422946,1.0,0.0,0.0
voter,rho_8,4,1450,20,0.0381063697671232,0.023174470126590015,0.005181969054559343,1.0,0.0,0.0
voter,rho_8,4,1500,20,0.032259242796049664,0.01878185688935153,0.004199750874826276,1.0,0.0,0.0
voter,rho_8,4,1550,20,0.03860378145662365,0.020244549187887654,0.0045268188157954956,1.0,0.0,0.0
voter,rho_8,4,1600,20,0.03688175572361255,0.01611669844304419,0.003603803329151183,1.0,0.0,0.0
voter,rho_8,4,1650,20,0.039991853950297654,0.022562991962060623,0.005045238380294891,1.0,0.0,0.0
voter,rho_8,4,1700,20,0.03726228122585108,0.01792951530757733,0.004009161503136596,1.0,0.0,0.0
voter,rho_8,4,1750,20,0.03570486962635572,0.0226379025993108,0.005061988908007813,1.0,0.0,0.0
voter,rho_8,4,1800,20,0.03402361000584884,0.015059830150262025,0.0033674803945586756,1.0,0.0,0.0
voter,rho_8,4,1850,20,0.04355984556487306,0.018612220646428347,0.004161819057763886,1.0,0.0,0.0
voter,rho_8,4,1900,20,0.030263017669754894,0.012753182800606945,0.0028516983671638273,1.0,0.0,0.0
voter,rho_8,4,1950,20,0.03939844266903157,0.019645438202243782,0.004392853526798836,1.0,0.0,0.0
voter,rho_8,4,2000,20,0.029987928032756163,0.013455739848602937,0.0030087948989028896,1.0,0.0,0.0
voter,rho_8,4,2050,20,0.03169922207476212,0.017446041450685422,0.0039010534622011647,1.0,0.0,0.0
voter,rho_8,4,2100,20,0.02909530161899685,0.012668486118476477,0.0028327596132925854,1.0,0.0,0.0
voter,rho_8,4,2150,20,0.03557245325131823,0.019819492469523727,0.004431773244140023,1.0,0.0,0.0
voter,rho_8,4,2200,20,0.04375530785726354,0.021211001791971662,0.004742924187771848,1.0,0.0,0.0
voter,rho_8,4,2250,20,0.029744787379585032,0.016835403202727552,0.003764510598991648,1.0,0.0,0.0
voter,rho_8,4,2300,20,0.028761158613971115,0.01627373143450606,0.0036389169735130712,1.0,0.0,0.0
voter,rho_8,4,2350,20,0.03423341157325817,0.015428716967224232,0.0034499659944317775,1.0,0.0,0.0
voter,rho_8,4,2400,20,0.035635803020272555,0.021729093443807444,0.004858773002979845,1.0,0.0,0.0
voter,rho_8,4,2450,20,0.03832598299283067,0.02186039602263692,0.004888133152168218,1.0,0.0,0.0
voter,rho_8,4,2500,20,0.03803195551003044,0.01971722630887493,0.004408905835439161,1.0,0.0,0.0
voter,rho_8,4,2550,20,0.040100553785787876,0.01992641795227382,0.004455682508935642,1.0,0.0,0.0
voter,rho_8,4,2600,20,0.03403896651160347,0.019612821443931172,0.004385560197919568,1.0,0.0,0.0
voter,rho_8,4,2650,20,0.037937764127837205,0.016724052046734512,0.0037396117235742854,1.0,0.0,0.0
voter,rho_8,4,2700,20,0.034986346535522704,0.018912761704394418,0.00422902208132807,1.0,0.0,0.0
voter,rho_8,4,2750,20,0.03274559864037949,0.013314366992311961,0.002977182967218896,1.0,0.0,0.0
voter,rho_8,4,2800,20,0.040710979437285605,0.016146743389699163,0.0036105215834612704,1.0,0.0,0.0
voter,rho_8,4,2850,20,0.039079702598777306,0.018077174682424764,0.004042179143103995,1.0,0.0,0.0
voter,rho_8,4,2900,20,0.028364744380814814,0.01739527155011436,0.003889700967312385,1.0,0.0,0.0
voter,rho_8,4,2950,20,0.0404839874952141,0.017599143534859273,0.003935288128972127,1.0,0.0,0.0
voter,rho_8,4,3000,20,0.04178976196106689,0.015045570084915402,0.0033642917470108123,1.0,0.0,0.0
voter,rho_8,5,0,20,0.02859267239875419,0.014358265072673989,0.0032106056741459995,1.0,0.0,0.0
voter,rho_8,5,50,20,0.032276881592835004,0.015092500550511395,0.0033747857181396475,1.0,0.0,0.0
voter,rho_8,5,100,20,0.03152931562654652,0.013809100367159497,0.0030878087129085937,1.0,0.0,0.0
voter,rho_8,5,150,20,0.03760448575352475,0.0206079373339563,0.004608074875478207,1.0,0.0,0.0
voter,rho_8,5,200,20,0.03239389594158297,0.016850381919738217,0.0037678599419368056,1.0,0.0,0.0
voter,rho_8,5,250,20,0.03400348975128111,0.01182646124149945,0.0026444771269259326,1.0,0.0,0.0
voter,rho_8,5,300,20,0.030818977292289346,0.01665598320543335,0.0037243910679443815,1.0,0.0,0.0
voter,rho_8,5,350,20,0.029765663903725082,0.019374873166746912,0.004332353345628271,1.0,0.0,0.0
voter,rho_8,5,400,20,0.027595866877245228,0.014622805944766245,0.0032697588114285357,1.0,0.0,0.0
voter,rho_8,5,450,20,0.03331575118928,0.019298217403643105,0.004315212595911548,1.0,0.0,0.0
voter,rho_8,5,500,20,0.03830347602020663,0.016418723993665278,0.003671338295364239,1.0,0.0,0.0
voter,rho_8,5,550,20,0.034816941232574505,0.016573628796467607,0.003705976062274959,1.0,0.0,0.0
voter,rho_8,5,600,20,0.028808362506351465,0.015402282596317774,0.0034440550894028494,1.0,0.0,0.0
voter,rho_8,5,650,20,0.02764724145807661,0.015426091532761043,0.0034493789294387615,1.0,0.0,0.0
voter,rho_8,5,700,20,0.034102887769037325,0.011950529778897625,0.002672219695275062,1.0,0.0,0.0
voter,rho_8,5,750,20,0.03220184103387545,0.014242150405797415,0.003184641645313923,1.0,0.0,0.0
voter,rho_8,5,800,20,0.024031553423209444,0.013770879144956089,0.0030792621878055993,1.0,0.0,0.0
voter,rho_8,5,850,20,0.03219859278516572,0.014617865924726928,0.0032686541893667234,1.0,0.0,0.0
voter,rho_8,5,900,20,0.030867324007205016,0.014449461867941528,0.0032309978975008343,1.0,0.0,0.0
voter,rho_8,5,950,20,0.030245356030303854,0.01640219002414754,0.003667641187386281,1.0,0.0,0.0
voter,rho_8,5,1000,20,0.03807026873428458,0.014862554064608388,0.0033233681207730154,1.0,0.0,0.0
voter,rho_8,5,1050,20,0.028064906337282737,0.017549167924642645,0.003924113242805986,1.0,0.0,0.0
voter,rho_8,5,1100,20,0.028399081818955074,0.014538289735239894,0.003250860412458382,1.0,0.0,0.0
voter,rho_8,5,1150,20,0.036815276655951204,0.014093052877413336,0.003151302424439523,1.0,0.0,0.0
voter,rho_8,5,1200,20,0.033058549215585965,0.019114509813569318,0.004274134329972782,1.0,0.0,0.0
voter,rho_8,5,1250,20,0.03631542095309983,0.01499943577895817,0.003353975802589298,1.0,0.0,0.0
voter,rho_8,5,1300,20,0.03315823902853819,0.013901175520202319,0.0031083973430328384,1.0,0.0,0.0
voter,rho_8,5,1350,20,0.0357927439453901,0.0203265805214455,0.004545161579607526,1.0,0.0,0.0
voter,rho_8,5,1400,20,0.02867983910046094,0.014759382530202097,0.003300298264345473,1.0,0.0,0.0
voter,rho_8,5,1450,20,0.03370526473945553,0.013695448777110599,0.0030623954447985663,1.0,0.0,0.0
voter,rho_8,5,1500,20,0.03968943139871694,0.016734155543897684,0.0037418709342210187,1.0,0.0,0.0
voter,rho_8,5,1550,20,0.038606720608754724,0.02187598807165063,0.004891619640318534,1.0,0.0,0.0
voter,rho_8,5,1600,20,0.028781391526091084,0.012883992838906537,0.0028809483809415512,1.0,0.0,0.0
voter,rho_8,5,1650,20,0.035570383238469686,0.02297263919527213,0.005136838286320455,1.0,0.0,0.0
voter,rho_8,5,1700,20,0.033200042115657934,0.02227335709698915,0.0049804740555995115,1.0,0.0,0.0
voter,rho_8,5,1750,20,0.029282465760508507,0.018366308279050107,0.004106831380767321,1.0,0.0,0.0
voter,rho_8,5,1800,20,0.0335031811967239,0.015720727901408296,0.003515261624332656,1.0,0.0,0.0
voter,rho_8,5,1850,20,0.026639389224326106,0.012315600076779714,0.0027538518955381066,1.0,0.0,0.0
voter,rho_8,5,1900,20,0.034966070392042546,0.017799362470315598,0.003980058443978426,1.0,0.0,0.0
voter,rho_8,5,1950,20,0.03026851543802945,0.015242054045794123,0.003408226896312135,1.0,0.0,0.0
voter,rho_8,5,2000,20,0.027994219648687358,0.016204378521835573,0.0036234091907961902,1.0,0.0,0.0
voter,rho_8,5,2050,20,0.03524629055480948,0.015003476228920036,0.0033548792746667393,1.0,0.0,0.0
voter,rho_8,5,2100,20,0.028973150608103286,0.013960218758591924,0.0031215998124979267,1.0,0.0,0.0
voter,rho_8,5,2150,20,0.023476192050463703,0.012129625426172899,0.002712266699453246,1.0,0.0,0.0
voter,rho_8,5,2200,20,0.03201467311259516,0.017976735014518984,0.004019720150596512,1.0,0.0,0.0
voter,rho_8,5,2250,20,0.0367401458903159,0.0161016692622068,0.003600442702151329,1.0,0.0,0.0
voter,rho_8,5,2300,20,0.035854737015698704,0.019601487248402077,0.004383025794752235,1.0,0.0,0.0
voter,rho_8,5,2350,20,0.02920829538806346,0.01706032976753547,0.003814805707877249,1.0,0.0,0.0
voter,rho_8,5,2400,20,0.03203008766696013,0.01319826144045125,0.0029512209765663283,1.0,0.0,0.0
voter,rho_8,5,2450,20,0.02621696355037818,0.014859364751501578,0.0033226549686821796,1.0,0.0,0.0
voter,rho_8,5,2500,20,0.03356499012886129,0.017201926695174816,0.003846467743437919,1.0,0.0,0.0
voter,rho_8,5,2550,20,0.041215834173241095,0.022380301658526867,0.005004387586541736,1.0,0.0,0.0
voter,rho_8,5,2600,20,0.03428401291195574,0.016080507961010695,0.0035957108913546453,1.0,0.0,0.0
voter,rho_8,5,2650,20,0.030710892039096216,0.014004020241521847,0.003131394121832587,1.0,0.0,0.0
voter,rho_8,5,2700,20,0.03610162353235984,0.015396096334988525,0.003442671799316971,1.0,0.0,0.0
voter,rho_8,5,2750,20,0.0351694246010062,0.015346822340246917,0.003431653799140451,1.0,0.0,0.0
voter,rho_8,5,2800,20,0.04013336567700991,0.018216694254693657,0.004073376667882488,1.0,0.0,0.0
voter,rho_8,5,2850,20,0.03480313743085489,0.021937874219660976,0.004905457803700209,1.0,0.0,0.0
voter,rho_8,5,2900,20,0.03143327185000029,0.01611948431290885,0.003604426268590568,1.0,0.0,0.0
voter,rho_8,5,2950,20,0.030528676872114476,0.016119575675892516,0.003604446697974778,1.0,0.0,0.0
voter,rho_8,5,3000,20,0.032776132503316305,0.01575077648837673,0.003521980692641579,1.0,0.0,0.0
voter,rho_8,6,0,20,0.04119605245189971,0.018983690982417357,0.004244882350053498,1.0,0.0,0.0
voter,rho_8,6,50,20,0.03718568330716525,0.0168126088394993,0.0037594136244234284,1.0,0.0,0.0
voter,rho_8,6,100,20,0.028550394417613256,0.013870792572531359,0.0031016035093979297,1.0,0.0,0.0
voter,rho_8,6,150,20,0.025591263614326027,0.016532565628500834,0.00369679405878044,1.0,0.0,0.0
voter,rho_8,6,200,20,0.025961168799470812,0.015156701962355235,0.0033891415902530765,1.0,0.0,0.0
voter,rho_8,6,250,20,0.025233114767386017,0.015587493767314532,0.003485469566256958,1.0,0.0,0.0
voter,rho_8,6,300,20,0.03676031964947796,0.01479228896955437,0.0033076563678743885,1.0,0.0,0.0
voter,rho_8,6,350,20,0.03704315132117468,0.01817717635536961,0.0040645401969608315,1.0,0.0,0.0
voter,rho_8,6,400,20,0.0317759402041051,0.012849063574646555,0.002873137960012614,1.0,0.0,0.0
voter,rho_8,6,450,20,0.03051095026535164,0.016783509866452297,0.0037529068962425752,1.0,0.0,0.0
voter,rho_8,6,500,20,0.027158669831761646,0.014086671422305373,0.003149875487697846,1.0,0.0,0.0
voter,rho_8,6,550,20,0.03354087841988284,0.018120759088583686,0.004051924912597025,1.0,0.0,0.0
voter,rho_8,6,600,20,0.03035561412338843,0.01888802383220491,0.004223490524944626,1.0,0.0,0.0
voter,rho_8,6,650,20,0.029193460765016804,0.011245135049642575,0.002514488638716627,1.0,0.0,0.0
voter,rho_8,6,700,20,0.02901232556161041,0.017250031366853436,0.003857224275028789,1.0,0.0,0.0
voter,rho_8,6,750,20,0.03204046201137979,0.01567675842554865,0.003505429750636936,1.0,0.0,0.0
voter,rho_8,6,800,20,0.026237393116531782,0.012592525474934961,0.0028157742970352398,1.0,0.0,0.0
voter,rho_8,6,850,20,0.02859025360711958,0.01159683810850492,0.0025931318334677083,1.0,0.0,0.0
voter,rho_8,6,900,20,0.029000634904878288,0.017270750922242888,0.003861857308460228,1.0,0.0,0.0
voter,rho_8,6,950,20,0.03474484745682495,0.015172945435172802,0.003392773741194151,1.0,0.0,0.0
voter,rho_8,6,1000,20,0.03191718315463662,0.013987383614283012,0.0031276740588903514,1.0,0.0,0.0
voter,rho_8,6,1050,20,0.030026473430049983,0.017193043972882172,0.0038444815063507585,1.0,0.0,0.0
voter,rho_8,6,1100,20,0.03163340432505367,0.01333028493381224,0.002980742327144545,1.0,0.0,0.0
voter,rho_8,6,1150,20,0.03225874170182307,0.01928033403797698,0.004311213753781953,1.0,0.0,0.0
voter,rho_8,6,1200,20,0.03487121271416642,0.016716939069156722,0.0037380212134356487,1.0,0.0,0.0
voter,rho_8,6,1250,20,0.03218639671041291,0.017822786509885894,0.0039852962184571085,1.0,0.0,0.0
voter,rho_8,6,1300,20,0.03376971348010471,0.016948473537777647,0.0037897938945327166,1.0,0.0,0.0
voter,rho_8,6,1350,20,0.029555503803698913,0.012029697255179272,0.0026899220811323486,1.0,0.0,0.0
voter,rho_8,6,1400,20,0.02451909944449139,0.012849917532880008,0.0028733289108786087,1.0,0.0,0.0
voter,rho_8,6,1450,20,0.031483819093842604,0.013645076129385819,0.0030511317783466405,1.0,0.0,0.0
voter,rho_8,6,1500,20,0.03289976842779096,0.015415184179295395,0.003446939971058381,1.0,0.0,0.0
voter,rho_8,6,1550,20,0.03056003987275932,0.01669720680303022,0.0037336089445947516,1.0,0.0,0.0
voter,rho_8,6,1600,20,0.029557980440780063,0.0167093987945143,0.003736335156768701,1.0,0.0,0.0
voter,rho_8,6,1650,20,0.035236426858641035,0.01649205131828893,0.003687734783610907,1.0,0.0,0.0
voter,rho_8,6,1700,20,0.030557611824841874,0.013900607794922587,0.003108270395801036,1.0,0.0,0.0
voter,rho_8,6,1750,20,0.03341110736692032,0.017927175260280415,0.004008638252653949,1.0,0.0,0.0
voter,rho_8,6,1800,20,0.028524467149746064,0.013448826569926377,0.0030072490427960705,1.0,0.0,0.0
voter,rho_8,6,1850,20,0.03561110731507769,0.0170252613961693,0.0038069641816537527,1.0,0.0,0.0
voter,rho_8,6,1900,20,0.0371191011114255,0.016440423970259185,0.003676190557641652,1.0,0.0,0.0
voter,rho_8,6,1950,20,0.036306614485698475,0.013972866947622372,0.0031244280335443616,1.0,0.0,0.0
voter,rho_8,6,2000,20,0.02454443876595839,0.014521110101532763,0.0032470189295786133,1.0,0.0,0.0
voter,rho_8,6,2050,20,0.03562123577613282,0.015270600581106781,0.003414610095660255,1.0,0.0,0.0
voter,rho_8,6,2100,20,0.03728582295393772,0.019280403939878166,0.004311229384322234,1.0,0.0,0.0
voter,rho_8,6,2150,20,0.0285865672114823,0.012448247481631354,0.002783512756966827,1.0,0.0,0.0
voter,rho_8,6,2200,20,0.03473192315365588,0.023040813209824183,0.005152082459404199,1.0,0.0,0.0
voter,rho_8,6,2250,20,0.03089081172805865,0.013944270251418095,0.003118033617879894,1.0,0.0,0.0
voter,rho_8,6,2300,20,0.031048100498209535,0.013913701994167624,0.003111198347763319,1.0,0.0,0.0
voter,rho_8,6,2350,20,0.030501259740908983,0.015300149806471769,0.0034212175033201124,1.0,0.0,0.0
voter,rho_8,6,2400,20,0.028310615326196813,0.01802704004358724,0.004030968697057184,1.0,0.0,0.0
voter,rho_8,6,2450,20,0.030892014209002304,0.010692801054017424,0.002390983002666436,1.0,0.0,0.0
voter,rho_8,6,2500,20,0.03521766644738869,0.01737095267430114,0.0038842631013669116,1.0,0.0,0.0
voter,rho_8,6,2550,20,0.037842402453767035,0.017980163408851422,0.004020486762874612,1.0,0.0,0.0
voter,rho_8,6,2600,20,0.03916577838830783,0.018816656368866164,0.00420753227500391,1.0,0.0,0.0
voter,rho_8,6,2650,20,0.034561387044345034,0.01095072061941436,0.0024486555707619114,1.0,0.0,0.0
voter,rho_8,6,2700,20,0.028851964529139667,0.01476178050674061,0.0033008344682003295,1.0,0.0,0.0
voter,rho_8,6,2750,20,0.031340677431182774,0.01612742293630574,0.0036062013987468895,1.0,0.0,0.0
voter,rho_8,6,2800,20,0.030265573015322216,0.014120456602278451,0.0031574300836030326,1.0,0.0,0.0
voter,rho_8,6,2850,20,0.022016354065613312,0.013978740854119265,0.0031257414789664147,1.0,0.0,0.0
voter,rho_8,6,2900,20,0.024677868673590307,0.015320439915273355,0.003425754509575234,1.0,0.0,0.0
voter,rho_8,6,2950,20,0.029312801499694712,0.0196498664546883,0.004393843714147583,1.0,0.0,0.0
voter,rho_8,6,3000,20,0.02835222151774482,0.015597713880841343,0.0034877548531153297,1.0,0.0,0.0
