model,rho_nominal,rho_label,N,eta,eta_index,steps,base_seed,realization,returncode,elapsed_s
vicsek,2.0,rho_2,200,0.6,0,3000,1600000,0,0,1.6718
vicsek,2.0,rho_2,200,0.6,0,3000,1600001,1,0,1.8036
vicsek,2.0,rho_2,200,0.6,0,3000,1600002,2,0,1.8509
vicsek,2.0,rho_2,200,0.6,0,3000,1600003,3,0,1.9413
vicsek,2.0,rho_2,200,0.6,0,3000,1600004,4,0,1.8076
vicsek,2.0,rho_2,200,0.6,0,3000,1600005,5,0,1.7275
vicsek,2.0,rho_2,200,0.6,0,3000,1600006,6,0,1.7344
vicsek,2.0,rho_2,200,0.6,0,3000,1600007,7,0,1.6726
vicsek,2.0,rho_2,200,0.6,0,3000,1600008,8,0,1.8858
vicsek,2.0,rho_2,200,0.6,0,3000,1600009,9,0,1.8182
vicsek,2.0,rho_2,200,0.6,0,3000,1600010,10,0,1.8523
vicsek,2.0,rho_2,200,0.6,0,3000,1600011,11,0,1.799
vicsek,2.0,rho_2,200,0.6,0,3000,1600012,12,0,1.8171
vicsek,2.0,rho_2,200,0.6,0,3000,1600013,13,0,1.6732
vicsek,2.0,rho_2,200,0.6,0,3000,1600014,14,0,1.7954
vicsek,2.0,rho_2,200,0.6,0,3000,1600015,15,0,1.6715
vicsek,2.0,rho_2,200,0.6,0,3000,1600016,16,0,1.7617
vicsek,2.0,rho_2,200,0.6,0,3000,1600017,17,0,1.7382
vicsek,2.0,rho_2,200,0.6,0,3000,1600018,18,0,1.6074
vicsek,2.0,rho_2,200,0.6,0,3000,1600019,19,0,1.6339
vicsek,2.0,rho_2,200,0.8,1,3000,1600100,0,0,2.0531
vicsek,2.0,rho_2,200,0.8,1,3000,1600101,1,0,1.9748
vicsek,2.0,rho_2,200,0.8,1,3000,1600102,2,0,2.1317
vicsek,2.0,rho_2,200,0.8,1,3000,1600103,3,0,1.9071
vicsek,2.0,rho_2,200,0.8,1,3000,1600104,4,0,1.9383
vicsek,2.0,rho_2,200,0.8,1,3000,1600105,5,0,2.0977
vicsek,2.0,rho_2,200,0.8,1,3000,1600106,6,0,1.9857
vicsek,2.0,rho_2,200,0.8,1,3000,1600107,7,0,2.0038
vicsek,2.0,rho_2,200,0.8,1,3000,1600108,8,0,2.0424
vicsek,2.0,rho_2,200,0.8,1,3000,1600109,9,0,1.8662
vicsek,2.0,rho_2,200,0.8,1,3000,1600110,10,0,2.0514
vicsek,2.0,rho_2,200,0.8,1,3000,1600111,11,0,2.1724
vicsek,2.0,rho_2,200,0.8,1,3000,1600112,12,0,1.9892
vicsek,2.0,rho_2,200,0.8,1,3000,1600113,13,0,2.5166
vicsek,2.0,rho_2,200,0.8,1,3000,1600114,14,0,2.1201
vicsek,2.0,rho_2,200,0.8,1,3000,1600115,15,0,2.1733
vicsek,2.0,rho_2,200,0.8,1,3000,1600116,16,0,2.23
vicsek,2.0,rho_2,200,0.8,1,3000,1600117,17,0,2.4817
vicsek,2.0,rho_2,200,0.8,1,3000,1600118,18,0,2.1927
vicsek,2.0,rho_2,200,0.8,1,3000,1600119,19,0,2.0451
vicsek,2.0,rho_2,200,1.2,2,3000,1600200,0,0,1.8356
vicsek,2.0,rho_2,200,1.2,2,3000,1600201,1,0,1.8995
vicsek,2.0,rho_2,200,1.2,2,3000,1600202,2,0,1.838
vicsek,2.0,rho_2,200,1.2,2,3000,1600203,3,0,1.8515
vicsek,2.0,rho_2,200,1.2,2,3000,1600204,4,0,1.6749
vicsek,2.0,rho_2,200,1.2,2,3000,1600205,5,0,1.7549
vicsek,2.0,rho_2,200,1.2,2,3000,1600206,6,0,1.8715
vicsek,2.0,rho_2,200,1.2,2,3000,1600207,7,0,1.9737
vicsek,2.0,rho_2,200,1.2,2,3000,1600208,8,0,2.0258
vicsek,2.0,rho_2,200,1.2,2,3000,1600209,9,0,1.9173
vicsek,2.0,rho_2,200,1.2,2,3000,1600210,10,0,1.7612
vicsek,2.0,rho_2,200,1.2,2,3000,1600211,11,0,1.915
vicsek,2.0,rho_2,200,1.2,2,3000,1600212,12,0,1.6937
vicsek,2.0,rho_2,200,1.2,2,3000,1600213,13,0,1.9007
vicsek,2.0,rho_2,200,1.2,2,3000,1600214,14,0,1.7823
vicsek,2.0,rho_2,200,1.2,2,3000,1600215,15,0,1.9563
vicsek,2.0,rho_2,200,1.2,2,3000,1600216,16,0,1.8872
vicsek,2.0,rho_2,200,1.2,2,3000,1600217,17,0,1.9267
vicsek,2.0,rho_2,200,1.2,2,3000,1600218,18,0,1.9845
vicsek,2.0,rho_2,200,1.2,2,3000,1600219,19,0,1.9486
vicsek,2.0,rho_2,200,1.4,3,3000,1600300,0,0,1.9751
vicsek,2.0,rho_2,200,1.4,3,3000,1600301,1,0,1.9852
vicsek,2.0,rho_2,200,1.4,3,3000,1600302,2,0,2.2115
vicsek,2.0,rho_2,200,1.4,3,3000,1600303,3,0,1.8534
vicsek,2.0,rho_2,200,1.4,3,3000,1600304,4,0,2.0349
vicsek,2.0,rho_2,200,1.4,3,3000,1600305,5,0,1.9504
vicsek,2.0,rho_2,200,1.4,3,3000,1600306,6,0,2.0409
vicsek,2.0,rho_2,200,1.4,3,3000,1600307,7,0,1.8249
vicsek,2.0,rho_2,200,1.4,3,3000,1600308,8,0,1.8526
vicsek,2.0,rho_2,200,1.4,3,3000,1600309,9,0,2.0599
vicsek,2.0,rho_2,200,1.4,3,3000,1600310,10,0,1.893
vicsek,2.0,rho_2,200,1.4,3,3000,1600311,11,0,1.9482
vicsek,2.0,rho_2,200,1.4,3,3000,1600312,12,0,1.708
vicsek,2.0,rho_2,200,1.4,3,3000,1600313,13,0,1.8026
vicsek,2.0,rho_2,200,1.4,3,3000,1600314,14,0,1.6176
vicsek,2.0,rho_2,200,1.4,3,3000,1600315,15,0,1.8117
vicsek,2.0,rho_2,200,1.4,3,3000,1600316,16,0,1.8435
vicsek,2.0,rho_2,200,1.4,3,3000,1600317,17,0,1.7991
vicsek,2.0,rho_2,200,1.4,3,3000,1600318,18,0,1.9743
vicsek,2.0,rho_2,200,1.4,3,3000,1600319,19,0,1.9496
vicsek,2.0,rho_2,200,1.6,4,3000,1600400,0,0,2.0658
vicsek,2.0,rho_2,200,1.6,4,3000,1600401,1,0,1.9424
vicsek,2.0,rho_2,200,1.6,4,3000,1600402,2,0,1.7961
vicsek,2.0,rho_2,200,1.6,4,3000,1600403,3,0,1.9548
vicsek,2.0,rho_2,200,1.6,4,3000,1600404,4,0,2.0609
vicsek,2.0,rho_2,200,1.6,4,3000,1600405,5,0,2.0477
vicsek,2.0,rho_2,200,1.6,4,3000,1600406,6,0,1.9932
vicsek,2.0,rho_2,200,1.6,4,3000,1600407,7,0,1.8812
vicsek,2.0,rho_2,200,1.6,4,3000,1600408,8,0,1.9058
vicsek,2.0,rho_2,200,1.6,4,3000,1600409,9,0,1.9181
vicsek,2.0,rho_2,200,1.6,4,3000,1600410,10,0,1.9303
vicsek,2.0,rho_2,200,1.6,4,3000,1600411,11,0,2.0142
vicsek,2.0,rho_2,200,1.6,4,3000,1600412,12,0,1.848
vicsek,2.0,rho_2,200,1.6,4,3000,1600413,13,0,2.0844
vicsek,2.0,rho_2,200,1.6,4,3000,1600414,14,0,2.0088
vicsek,2.0,rho_2,200,1.6,4,3000,1600415,15,0,1.9281
vicsek,2.0,rho_2,200,1.6,4,3000,1600416,16,0,1.7205
vicsek,2.0,rho_2,200,1.6,4,3000,1600417,17,0,1.7437
vicsek,2.0,rho_2,200,1.6,4,3000,1600418,18,0,1.775
vicsek,2.0,rho_2,200,1.6,4,3000,1600419,19,0,1.9732
vicsek,2.0,rho_2,200,1.8,5,3000,1600500,0,0,1.7687
vicsek,2.0,rho_2,200,1.8,5,3000,1600501,1,0,1.9149
vicsek,2.0,rho_2,200,1.8,5,3000,1600502,2,0,1.9887
vicsek,2.0,rho_2,200,1.8,5,3000,1600503,3,0,1.798
vicsek,2.0,rho_2,200,1.8,5,3000,1600504,4,0,1.8976
vicsek,2.0,rho_2,200,1.8,5,3000,1600505,5,0,1.9078
vicsek,2.0,rho_2,200,1.8,5,3000,1600506,6,0,2.0036
vicsek,2.0,rho_2,200,1.8,5,3000,1600507,7,0,1.8289
vicsek,2.0,rho_2,200,1.8,5,3000,1600508,8,0,1.8082
vicsek,2.0,rho_2,200,1.8,5,3000,1600509,9,0,1.8179
vicsek,2.0,rho_2,200,1.8,5,3000,1600510,10,0,1.8257
vicsek,2.0,rho_2,200,1.8,5,3000,1600511,11,0,2.0303
vicsek,2.0,rho_2,200,1.8,5,3000,1600512,12,0,1.7484
vicsek,2.0,rho_2,200,1.8,5,3000,1600513,13,0,1.8723
vicsek,2.0,rho_2,200,1.8,5,3000,1600514,14,0,1.7922
vicsek,2.0,rho_2,200,1.8,5,3000,1600515,15,0,1.8436
vicsek,2.0,rho_2,200,1.8,5,3000,1600516,16,0,1.8033
vicsek,2.0,rho_2,200,1.8,5,3000,1600517,17,0,1.7355
vicsek,2.0,rho_2,200,1.8,5,3000,1600518,18,0,1.9703
vicsek,2.0,rho_2,200,1.8,5,3000,1600519,19,0,1.8326
vicsek,2.0,rho_2,200,2.2,6,3000,1600600,0,0,1.9358
vicsek,2.0,rho_2,200,2.2,6,3000,1600601,1,0,2.0653
vicsek,2.0,rho_2,200,2.2,6,3000,1600602,2,0,1.9597
vicsek,2.0,rho_2,200,2.2,6,3000,1600603,3,0,2.0545
vicsek,2.0,rho_2,200,2.2,6,3000,1600604,4,0,2.0009
vicsek,2.0,rho_2,200,2.2,6,3000,1600605,5,0,1.8397
vicsek,2.0,rho_2,200,2.2,6,3000,1600606,6,0,1.9821
vicsek,2.0,rho_2,200,2.2,6,3000,1600607,7,0,1.9899
vicsek,2.0,rho_2,200,2.2,6,3000,1600608,8,0,2.0954
vicsek,2.0,rho_2,200,2.2,6,3000,1600609,9,0,2.0542
vicsek,2.0,rho_2,200,2.2,6,3000,1600610,10,0,1.9294
vicsek,2.0,rho_2,200,2.2,6,3000,1600611,11,0,2.1598
vicsek,2.0,rho_2,200,2.2,6,3000,1600612,12,0,1.9641
vicsek,2.0,rho_2,200,2.2,6,3000,1600613,13,0,2.0194
vicsek,2.0,rho_2,200,2.2,6,3000,1600614,14,0,2.0502
vicsek,2.0,rho_2,200,2.2,6,3000,1600615,15,0,2.0736
vicsek,2.0,rho_2,200,2.2,6,3000,1600616,16,0,1.9276
vicsek,2.0,rho_2,200,2.2,6,3000,1600617,17,0,2.02
vicsek,2.0,rho_2,200,2.2,6,3000,1600618,18,0,2.0086
vicsek,2.0,rho_2,200,2.2,6,3000,1600619,19,0,1.9987
vicsek,2.0,rho_2,200,2.4,7,3000,1600700,0,0,1.9966
vicsek,2.0,rho_2,200,2.4,7,3000,1600701,1,0,2.0102
vicsek,2.0,rho_2,200,2.4,7,3000,1600702,2,0,1.9934
vicsek,2.0,rho_2,200,2.4,7,3000,1600703,3,0,1.9575
vicsek,2.0,rho_2,200,2.4,7,3000,1600704,4,0,2.0312
vicsek,2.0,rho_2,200,2.4,7,3000,1600705,5,0,2.3593
vicsek,2.0,rho_2,200,2.4,7,3000,1600706,6,0,1.8947
vicsek,2.0,rho_2,200,2.4,7,3000,1600707,7,0,2.1387
vicsek,2.0,rho_2,200,2.4,7,3000,1600708,8,0,1.9872
vicsek,2.0,rho_2,200,2.4,7,3000,1600709,9,0,2.2024
vicsek,2.0,rho_2,200,2.4,7,3000,1600710,10,0,1.8682
vicsek,2.0,rho_2,200,2.4,7,3000,1600711,11,0,1.947
vicsek,2.0,rho_2,200,2.4,7,3000,1600712,12,0,1.9778
vicsek,2.0,rho_2,200,2.4,7,3000,1600713,13,0,1.9196
vicsek,2.0,rho_2,200,2.4,7,3000,1600714,14,0,2.1503
vicsek,2.0,rho_2,200,2.4,7,3000,1600715,15,0,2.0575
vicsek,2.0,rho_2,200,2.4,7,3000,1600716,16,0,1.9941
vicsek,2.0,rho_2,200,2.4,7,3000,1600717,17,0,2.0353
vicsek,2.0,rho_2,200,2.4,7,3000,1600718,18,0,2.0399
vicsek,2.0,rho_2,200,2.4,7,3000,1600719,19,0,2.2168
vicsek,2.0,rho_2,200,2.6,8,3000,1600800,0,0,1.8982
vicsek,2.0,rho_2,200,2.6,8,3000,1600801,1,0,1.9174
vicsek,2.0,rho_2,200,2.6,8,3000,1600802,2,0,2.0354
vicsek,2.0,rho_2,200,2.6,8,3000,1600803,3,0,2.0529
vicsek,2.0,rho_2,200,2.6,8,3000,1600804,4,0,2.0909
vicsek,2.0,rho_2,200,2.6,8,3000,1600805,5,0,2.133
vicsek,2.0,rho_2,200,2.6,8,3000,1600806,6,0,2.0876
vicsek,2.0,rho_2,200,2.6,8,3000,1600807,7,0,1.9087
vicsek,2.0,rho_2,200,2.6,8,3000,1600808,8,0,1.9063
vicsek,2.0,rho_2,200,2.6,8,3000,1600809,9,0,2.0562
vicsek,2.0,rho_2,200,2.6,8,3000,1600810,10,0,2.0913
vicsek,2.0,rho_2,200,2.6,8,3000,1600811,11,0,2.0962
vicsek,2.0,rho_2,200,2.6,8,3000,1600812,12,0,1.9097
vicsek,2.0,rho_2,200,2.6,8,3000,1600813,13,0,1.8485
vicsek,2.0,rho_2,200,2.6,8,3000,1600814,14,0,1.7926
vicsek,2.0,rho_2,200,2.6,8,3000,1600815,15,0,2.0712
vicsek,2.0,rho_2,200,2.6,8,3000,1600816,16,0,1.8766
vicsek,2.0,rho_2,200,2.6,8,3000,1600817,17,0,1.8891
vicsek,2.0,rho_2,200,2.6,8,3000,1600818,18,0,1.8762
vicsek,2.0,rho_2,200,2.6,8,3000,1600819,19,0,2.002
vicsek,2.0,rho_2,200,2.8,9,3000,1600900,0,0,1.9457
vicsek,2.0,rho_2,200,2.8,9,3000,1600901,1,0,1.8993
vicsek,2.0,rho_2,200,2.8,9,3000,1600902,2,0,1.961
vicsek,2.0,rho_2,200,2.8,9,3000,1600903,3,0,1.9139
vicsek,2.0,rho_2,200,2.8,9,3000,1600904,4,0,2.0322
vicsek,2.0,rho_2,200,2.8,9,3000,1600905,5,0,1.9537
vicsek,2.0,rho_2,200,2.8,9,3000,1600906,6,0,1.933
vicsek,2.0,rho_2,200,2.8,9,3000,1600907,7,0,1.8664
vicsek,2.0,rho_2,200,2.8,9,3000,1600908,8,0,1.9398
vicsek,2.0,rho_2,200,2.8,9,3000,1600909,9,0,2.0039
vicsek,2.0,rho_2,200,2.8,9,3000,1600910,10,0,1.9198
vicsek,2.0,rho_2,200,2.8,9,3000,1600911,11,0,1.8968
vicsek,2.0,rho_2,200,2.8,9,3000,1600912,12,0,1.8356
vicsek,2.0,rho_2,200,2.8,9,3000,1600913,13,0,1.9973
vicsek,2.0,rho_2,200,2.8,9,3000,1600914,14,0,2.0358
vicsek,2.0,rho_2,200,2.8,9,3000,1600915,15,0,1.8868
vicsek,2.0,rho_2,200,2.8,9,3000,1600916,16,0,1.9777
vicsek,2.0,rho_2,200,2.8,9,3000,1600917,17,0,2.0551
vicsek,2.0,rho_2,200,2.8,9,3000,1600918,18,0,1.8635
vicsek,2.0,rho_2,200,2.8,9,3000,1600919,19,0,1.9492
vicsek,2.0,rho_2,200,3.2,10,3000,1601000,0,0,1.8542
vicsek,2.0,rho_2,200,3.2,10,3000,1601001,1,0,2.0092
vicsek,2.0,rho_2,200,3.2,10,3000,1601002,2,0,1.9125
vicsek,2.0,rho_2,200,3.2,10,3000,1601003,3,0,1.9531
vicsek,2.0,rho_2,200,3.2,10,3000,1601004,4,0,1.9937
vicsek,2.0,rho_2,200,3.2,10,3000,1601005,5,0,1.8334
vicsek,2.0,rho_2,200,3.2,10,3000,1601006,6,0,1.9645
vicsek,2.0,rho_2,200,3.2,10,3000,1601007,7,0,1.7012
vicsek,2.0,rho_2,200,3.2,10,3000,1601008,8,0,1.8576
vicsek,2.0,rho_2,200,3.2,10,3000,1601009,9,0,1.8887
vicsek,2.0,rho_2,200,3.2,10,3000,1601010,10,0,2.0102
vicsek,2.0,rho_2,200,3.2,10,3000,1601011,11,0,1.8806
vicsek,2.0,rho_2,200,3.2,10,3000,1601012,12,0,1.8032
vicsek,2.0,rho_2,200,3.2,10,3000,1601013,13,0,1.6844
vicsek,2.0,rho_2,200,3.2,10,3000,1601014,14,0,1.678
vicsek,2.0,rho_2,200,3.2,10,3000,1601015,15,0,1.6864
vicsek,2.0,rho_2,200,3.2,10,3000,1601016,16,0,1.8748
vicsek,2.0,rho_2,200,3.2,10,3000,1601017,17,0,1.7237
vicsek,2.0,rho_2,200,3.2,10,3000,1601018,18,0,1.8359
vicsek,2.0,rho_2,200,3.2,10,3000,1601019,19,0,1.9551
vicsek,2.0,rho_2,200,3.4,11,3000,1601100,0,0,1.8393
vicsek,2.0,rho_2,200,3.4,11,3000,1601101,1,0,1.893
vicsek,2.0,rho_2,200,3.4,11,3000,1601102,2,0,1.7152
vicsek,2.0,rho_2,200,3.4,11,3000,1601103,3,0,1.7941
vicsek,2.0,rho_2,200,3.4,11,3000,1601104,4,0,1.8654
vicsek,2.0,rho_2,200,3.4,11,3000,1601105,5,0,1.9202
vicsek,2.0,rho_2,200,3.4,11,3000,1601106,6,0,1.9224
vicsek,2.0,rho_2,200,3.4,11,3000,1601107,7,0,1.7767
vicsek,2.0,rho_2,200,3.4,11,3000,1601108,8,0,1.9617
vicsek,2.0,rho_2,200,3.4,11,3000,1601109,9,0,1.7855
vicsek,2.0,rho_2,200,3.4,11,3000,1601110,10,0,1.6923
vicsek,2.0,rho_2,200,3.4,11,3000,1601111,11,0,1.7379
vicsek,2.0,rho_2,200,3.4,11,3000,1601112,12,0,1.8251
vicsek,2.0,rho_2,200,3.4,11,3000,1601113,13,0,1.8913
vicsek,2.0,rho_2,200,3.4,11,3000,1601114,14,0,1.8222
vicsek,2.0,rho_2,200,3.4,11,3000,1601115,15,0,1.7835
vicsek,2.0,rho_2,200,3.4,11,3000,1601116,16,0,1.715
vicsek,2.0,rho_2,200,3.4,11,3000,1601117,17,0,1.7825
vicsek,2.0,rho_2,200,3.4,11,3000,1601118,18,0,1.6294
vicsek,2.0,rho_2,200,3.4,11,3000,1601119,19,0,1.7409
vicsek,2.0,rho_2,200,3.6,12,3000,1601200,0,0,1.7816
vicsek,2.0,rho_2,200,3.6,12,3000,1601201,1,0,1.6411
vicsek,2.0,rho_2,200,3.6,12,3000,1601202,2,0,1.7436
vicsek,2.0,rho_2,200,3.6,12,3000,1601203,3,0,1.6973
vicsek,2.0,rho_2,200,3.6,12,3000,1601204,4,0,1.725
vicsek,2.0,rho_2,200,3.6,12,3000,1601205,5,0,1.6809
vicsek,2.0,rho_2,200,3.6,12,3000,1601206,6,0,1.7
vicsek,2.0,rho_2,200,3.6,12,3000,1601207,7,0,1.7298
vicsek,2.0,rho_2,200,3.6,12,3000,1601208,8,0,1.6485
vicsek,2.0,rho_2,200,3.6,12,3000,1601209,9,0,1.7602
vicsek,2.0,rho_2,200,3.6,12,3000,1601210,10,0,1.7583
vicsek,2.0,rho_2,200,3.6,12,3000,1601211,11,0,1.847
vicsek,2.0,rho_2,200,3.6,12,3000,1601212,12,0,1.8022
vicsek,2.0,rho_2,200,3.6,12,3000,1601213,13,0,1.8746
vicsek,2.0,rho_2,200,3.6,12,3000,1601214,14,0,1.6991
vicsek,2.0,rho_2,200,3.6,12,3000,1601215,15,0,1.8187
vicsek,2.0,rho_2,200,3.6,12,3000,1601216,16,0,1.7594
vicsek,2.0,rho_2,200,3.6,12,3000,1601217,17,0,1.8493
vicsek,2.0,rho_2,200,3.6,12,3000,1601218,18,0,1.9111
vicsek,2.0,rho_2,200,3.6,12,3000,1601219,19,0,1.8154
vicsek,2.0,rho_2,200,3.8,13,3000,1601300,0,0,1.7576
vicsek,2.0,rho_2,200,3.8,13,3000,1601301,1,0,1.916
vicsek,2.0,rho_2,200,3.8,13,3000,1601302,2,0,1.8243
vicsek,2.0,rho_2,200,3.8,13,3000,1601303,3,0,1.7991
vicsek,2.0,rho_2,200,3.8,13,3000,1601304,4,0,1.7631
vicsek,2.0,rho_2,200,3.8,13,3000,1601305,5,0,1.7926
vicsek,2.0,rho_2,200,3.8,13,3000,1601306,6,0,1.7866
vicsek,2.0,rho_2,200,3.8,13,3000,1601307,7,0,1.5899
vicsek,2.0,rho_2,200,3.8,13,3000,1601308,8,0,1.6571
vicsek,2.0,rho_2,200,3.8,13,3000,1601309,9,0,1.8704
vicsek,2.0,rho_2,200,3.8,13,3000,1601310,10,0,1.6548
vicsek,2.0,rho_2,200,3.8,13,3000,1601311,11,0,1.7362
vicsek,2.0,rho_2,200,3.8,13,3000,1601312,12,0,1.6985
vicsek,2.0,rho_2,200,3.8,13,3000,1601313,13,0,1.8617
vicsek,2.0,rho_2,200,3.8,13,3000,1601314,14,0,1.592
vicsek,2.0,rho_2,200,3.8,13,3000,1601315,15,0,1.7635
vicsek,2.0,rho_2,200,3.8,13,3000,1601316,16,0,1.6473
vicsek,2.0,rho_2,200,3.8,13,3000,1601317,17,0,1.6311
vicsek,2.0,rho_2,200,3.8,13,3000,1601318,18,0,1.7532
vicsek,2.0,rho_2,200,3.8,13,3000,1601319,19,0,1.9171
vicsek,2.0,rho_2,200,4.2,14,3000,1601400,0,0,1.6028
vicsek,2.0,rho_2,200,4.2,14,3000,1601401,1,0,1.6969
vicsek,2.0,rho_2,200,4.2,14,3000,1601402,2,0,1.674
vicsek,2.0,rho_2,200,4.2,14,3000,1601403,3,0,1.707
vicsek,2.0,rho_2,200,4.2,14,3000,1601404,4,0,1.6679
vicsek,2.0,rho_2,200,4.2,14,3000,1601405,5,0,1.6803
vicsek,2.0,rho_2,200,4.2,14,3000,1601406,6,0,1.6236
vicsek,2.0,rho_2,200,4.2,14,3000,1601407,7,0,1.6482
vicsek,2.0,rho_2,200,4.2,14,3000,1601408,8,0,1.6056
vicsek,2.0,rho_2,200,4.2,14,3000,1601409,9,0,1.5149
vicsek,2.0,rho_2,200,4.2,14,3000,1601410,10,0,1.5075
vicsek,2.0,rho_2,200,4.2,14,3000,1601411,11,0,1.5733
vicsek,2.0,rho_2,200,4.2,14,3000,1601412,12,0,1.5554
vicsek,2.0,rho_2,200,4.2,14,3000,1601413,13,0,1.5533
vicsek,2.0,rho_2,200,4.2,14,3000,1601414,14,0,1.5658
vicsek,2.0,rho_2,200,4.2,14,3000,1601415,15,0,1.6634
vicsek,2.0,rho_2,200,4.2,14,3000,1601416,16,0,1.6778
vicsek,2.0,rho_2,200,4.2,14,3000,1601417,17,0,1.6452
vicsek,2.0,rho_2,200,4.2,14,3000,1601418,18,0,1.6861
vicsek,2.0,rho_2,200,4.2,14,3000,1601419,19,0,1.6303
vicsek,2.0,rho_2,200,4.4,15,3000,1601500,0,0,1.6416
vicsek,2.0,rho_2,200,4.4,15,3000,1601501,1,0,1.6758
vicsek,2.0,rho_2,200,4.4,15,3000,1601502,2,0,1.6121
vicsek,2.0,rho_2,200,4.4,15,3000,1601503,3,0,1.651
vicsek,2.0,rho_2,200,4.4,15,3000,1601504,4,0,1.6828
vicsek,2.0,rho_2,200,4.4,15,3000,1601505,5,0,1.5728
vicsek,2.0,rho_2,200,4.4,15,3000,1601506,6,0,1.5955
vicsek,2.0,rho_2,200,4.4,15,3000,1601507,7,0,1.5588
vicsek,2.0,rho_2,200,4.4,15,3000,1601508,8,0,1.5854
vicsek,2.0,rho_2,200,4.4,15,3000,1601509,9,0,1.5906
vicsek,2.0,rho_2,200,4.4,15,3000,1601510,10,0,1.6148
vicsek,2.0,rho_2,200,4.4,15,3000,1601511,11,0,1.5835
vicsek,2.0,rho_2,200,4.4,15,3000,1601512,12,0,1.5078
vicsek,2.0,rho_2,200,4.4,15,3000,1601513,13,0,1.5531
vicsek,2.0,rho_2,200,4.4,15,3000,1601514,14,0,1.5414
vicsek,2.0,rho_2,200,4.4,15,3000,1601515,15,0,1.5631
vicsek,2.0,rho_2,200,4.4,15,3000,1601516,16,0,1.5668
vicsek,2.0,rho_2,200,4.4,15,3000,1601517,17,0,1.5693
vicsek,2.0,rho_2,200,4.4,15,3000,1601518,18,0,1.5746
vicsek,2.0,rho_2,200,4.4,15,3000,1601519,19,0,1.5324
vicsek,2.0,rho_2,200,4.6,16,3000,1601600,0,0,1.5333
vicsek,2.0,rho_2,200,4.6,16,3000,1601601,1,0,1.5284
vicsek,2.0,rho_2,200,4.6,16,3000,1601602,2,0,1.5806
vicsek,2.0,rho_2,200,4.6,16,3000,1601603,3,0,1.5898
vicsek,2.0,rho_2,200,4.6,16,3000,1601604,4,0,1.6141
vicsek,2.0,rho_2,200,4.6,16,3000,1601605,5,0,1.5741
vicsek,2.0,rho_2,200,4.6,16,3000,1601606,6,0,1.5833
vicsek,2.0,rho_2,200,4.6,16,3000,1601607,7,0,1.6043
vicsek,2.0,rho_2,200,4.6,16,3000,1601608,8,0,1.6041
vicsek,2.0,rho_2,200,4.6,16,3000,1601609,9,0,1.5747
vicsek,2.0,rho_2,200,4.6,16,3000,1601610,10,0,1.5462
vicsek,2.0,rho_2,200,4.6,16,3000,1601611,11,0,1.5626
vicsek,2.0,rho_2,200,4.6,16,3000,1601612,12,0,1.5515
vicsek,2.0,rho_2,200,4.6,16,3000,1601613,13,0,1.5151
vicsek,2.0,rho_2,200,4.6,16,3000,1601614,14,0,1.537
vicsek,2.0,rho_2,200,4.6,16,3000,1601615,15,0,1.5235
vicsek,2.0,rho_2,200,4.6,16,3000,1601616,16,0,1.5428
vicsek,2.0,rho_2,200,4.6,16,3000,1601617,17,0,1.5666
vicsek,2.0,rho_2,200,4.6,16,3000,1601618,18,0,1.5975
vicsek,2.0,rho_2,200,4.6,16,3000,1601619,19,0,1.5595
vicsek,2.0,rho_2,200,4.8,17,3000,1601700,0,0,1.4701
vicsek,2.0,rho_2,200,4.8,17,3000,1601701,1,0,1.5245
vicsek,2.0,rho_2,200,4.8,17,3000,1601702,2,0,1.4979
vicsek,2.0,rho_2,200,4.8,17,3000,1601703,3,0,1.5535
vicsek,2.0,rho_2,200,4.8,17,3000,1601704,4,0,1.4843
vicsek,2.0,rho_2,200,4.8,17,3000,1601705,5,0,1.5482
vicsek,2.0,rho_2,200,4.8,17,3000,1601706,6,0,1.5018
vicsek,2.0,rho_2,200,4.8,17,3000,1601707,7,0,1.502
vicsek,2.0,rho_2,200,4.8,17,3000,1601708,8,0,1.5399
vicsek,2.0,rho_2,200,4.8,17,3000,1601709,9,0,1.5373
vicsek,2.0,rho_2,200,4.8,17,3000,1601710,10,0,1.5187
vicsek,2.0,rho_2,200,4.8,17,3000,1601711,11,0,1.4932
vicsek,2.0,rho_2,200,4.8,17,3000,1601712,12,0,1.5229
vicsek,2.0,rho_2,200,4.8,17,3000,1601713,13,0,1.48
vicsek,2.0,rho_2,200,4.8,17,3000,1601714,14,0,1.5293
vicsek,2.0,rho_2,200,4.8,17,3000,1601715,15,0,1.4477
vicsek,2.0,rho_2,200,4.8,17,3000,1601716,16,0,1.5088
vicsek,2.0,rho_2,200,4.8,17,3000,1601717,17,0,1.5349
vicsek,2.0,rho_2,200,4.8,17,3000,1601718,18,0,1.5396
vicsek,2.0,rho_2,200,4.8,17,3000,1601719,19,0,1.5794
vicsek,2.0,rho_2,200,5.2,18,3000,1601800,0,0,1.5249
vicsek,2.0,rho_2,200,5.2,18,3000,1601801,1,0,1.5239
vicsek,2.0,rho_2,200,5.2,18,3000,1601802,2,0,1.4823
vicsek,2.0,rho_2,200,5.2,18,3000,1601803,3,0,1.5191
vicsek,2.0,rho_2,200,5.2,18,3000,1601804,4,0,1.5095
vicsek,2.0,rho_2,200,5.2,18,3000,1601805,5,0,1.5171
vicsek,2.0,rho_2,200,5.2,18,3000,1601806,6,0,1.5128
vicsek,2.0,rho_2,200,5.2,18,3000,1601807,7,0,1.5224
vicsek,2.0,rho_2,200,5.2,18,3000,1601808,8,0,1.4812
vicsek,2.0,rho_2,200,5.2,18,3000,1601809,9,0,1.4441
vicsek,2.0,rho_2,200,5.2,18,3000,1601810,10,0,1.4613
vicsek,2.0,rho_2,200,5.2,18,3000,1601811,11,0,1.4363
vicsek,2.0,rho_2,200,5.2,18,3000,1601812,12,0,1.4512
vicsek,2.0,rho_2,200,5.2,18,3000,1601813,13,0,1.441
vicsek,2.0,rho_2,200,5.2,18,3000,1601814,14,0,1.4206
vicsek,2.0,rho_2,200,5.2,18,3000,1601815,15,0,1.4446
vicsek,2.0,rho_2,200,5.2,18,3000,1601816,16,0,1.4455
vicsek,2.0,rho_2,200,5.2,18,3000,1601817,17,0,1.4457
vicsek,2.0,rho_2,200,5.2,18,3000,1601818,18,0,1.4126
vicsek,2.0,rho_2,200,5.2,18,3000,1601819,19,0,1.4378
vicsek,2.0,rho_2,200,5.4,19,3000,1601900,0,0,1.4638
vicsek,2.0,rho_2,200,5.4,19,3000,1601901,1,0,1.4734
vicsek,2.0,rho_2,200,5.4,19,3000,1601902,2,0,1.4339
vicsek,2.0,rho_2,200,5.4,19,3000,1601903,3,0,1.4482
vicsek,2.0,rho_2,200,5.4,19,3000,1601904,4,0,1.4543
vicsek,2.0,rho_2,200,5.4,19,3000,1601905,5,0,1.4434
vicsek,2.0,rho_2,200,5.4,19,3000,1601906,6,0,1.4852
vicsek,2.0,rho_2,200,5.4,19,3000,1601907,7,0,1.4389
vicsek,2.0,rho_2,200,5.4,19,3000,1601908,8,0,1.5131
vicsek,2.0,rho_2,200,5.4,19,3000,1601909,9,0,1.5532
vicsek,2.0,rho_2,200,5.4,19,3000,1601910,10,0,1.5642
vicsek,2.0,rho_2,200,5.4,19,3000,1601911,11,0,1.5735
vicsek,2.0,rho_2,200,5.4,19,3000,1601912,12,0,1.6045
vicsek,2.0,rho_2,200,5.4,19,3000,1601913,13,0,1.607
vicsek,2.0,rho_2,200,5.4,19,3000,1601914,14,0,1.6229
vicsek,2.0,rho_2,200,5.4,19,3000,1601915,15,0,1.6106
vicsek,2.0,rho_2,200,5.4,19,3000,1601916,16,0,1.5507
vicsek,2.0,rho_2,200,5.4,19,3000,1601917,17,0,1.6339
vicsek,2.0,rho_2,200,5.4,19,3000,1601918,18,0,1.7903
vicsek,2.0,rho_2,200,5.4,19,3000,1601919,19,0,1.6683
vicsek,2.0,rho_2,200,5.6,20,3000,1602000,0,0,1.7333
vicsek,2.0,rho_2,200,5.6,20,3000,1602001,1,0,1.6671
vicsek,2.0,rho_2,200,5.6,20,3000,1602002,2,0,1.6411
vicsek,2.0,rho_2,200,5.6,20,3000,1602003,3,0,1.6251
vicsek,2.0,rho_2,200,5.6,20,3000,1602004,4,0,1.6531
vicsek,2.0,rho_2,200,5.6,20,3000,1602005,5,0,1.6314
vicsek,2.0,rho_2,200,5.6,20,3000,1602006,6,0,1.6541
vicsek,2.0,rho_2,200,5.6,20,3000,1602007,7,0,1.6551
vicsek,2.0,rho_2,200,5.6,20,3000,1602008,8,0,1.53
vicsek,2.0,rho_2,200,5.6,20,3000,1602009,9,0,1.5073
vicsek,2.0,rho_2,200,5.6,20,3000,1602010,10,0,1.5021
vicsek,2.0,rho_2,200,5.6,20,3000,1602011,11,0,1.5198
vicsek,2.0,rho_2,200,5.6,20,3000,1602012,12,0,1.5186
vicsek,2.0,rho_2,200,5.6,20,3000,1602013,13,0,1.516
vicsek,2.0,rho_2,200,5.6,20,3000,1602014,14,0,1.5313
vicsek,2.0,rho_2,200,5.6,20,3000,1602015,15,0,1.4875
vicsek,2.0,rho_2,200,5.6,20,3000,1602016,16,0,1.492
vicsek,2.0,rho_2,200,5.6,20,3000,1602017,17,0,1.4736
vicsek,2.0,rho_2,200,5.6,20,3000,1602018,18,0,1.4591
vicsek,2.0,rho_2,200,5.6,20,3000,1602019,19,0,1.4689
vicsek,2.0,rho_2,200,5.8,21,3000,1602100,0,0,1.4913
vicsek,2.0,rho_2,200,5.8,21,3000,1602101,1,0,1.4672
vicsek,2.0,rho_2,200,5.8,21,3000,1602102,2,0,1.4716
vicsek,2.0,rho_2,200,5.8,21,3000,1602103,3,0,1.4999
vicsek,2.0,rho_2,200,5.8,21,3000,1602104,4,0,1.5263
vicsek,2.0,rho_2,200,5.8,21,3000,1602105,5,0,1.4889
vicsek,2.0,rho_2,200,5.8,21,3000,1602106,6,0,1.4592
vicsek,2.0,rho_2,200,5.8,21,3000,1602107,7,0,1.5514
vicsek,2.0,rho_2,200,5.8,21,3000,1602108,8,0,1.537
vicsek,2.0,rho_2,200,5.8,21,3000,1602109,9,0,1.5448
vicsek,2.0,rho_2,200,5.8,21,3000,1602110,10,0,1.4926
vicsek,2.0,rho_2,200,5.8,21,3000,1602111,11,0,1.5683
vicsek,2.0,rho_2,200,5.8,21,3000,1602112,12,0,1.5337
vicsek,2.0,rho_2,200,5.8,21,3000,1602113,13,0,1.5713
vicsek,2.0,rho_2,200,5.8,21,3000,1602114,14,0,1.5221
vicsek,2.0,rho_2,200,5.8,21,3000,1602115,15,0,1.53
vicsek,2.0,rho_2,200,5.8,21,3000,1602116,16,0,1.5144
vicsek,2.0,rho_2,200,5.8,21,3000,1602117,17,0,1.5339
vicsek,2.0,rho_2,200,5.8,21,3000,1602118,18,0,1.5182
vicsek,2.0,rho_2,200,5.8,21,3000,1602119,19,0,1.5389
vicsek,2.0,rho_2,200,6.2,22,3000,1602200,0,0,1.5359
vicsek,2.0,rho_2,200,6.2,22,3000,1602201,1,0,1.5978
vicsek,2.0,rho_2,200,6.2,22,3000,1602202,2,0,1.5318
vicsek,2.0,rho_2,200,6.2,22,3000,1602203,3,0,1.5184
vicsek,2.0,rho_2,200,6.2,22,3000,1602204,4,0,1.4994
vicsek,2.0,rho_2,200,6.2,22,3000,1602205,5,0,1.4669
vicsek,2.0,rho_2,200,6.2,22,3000,1602206,6,0,1.555
vicsek,2.0,rho_2,200,6.2,22,3000,1602207,7,0,1.4852
vicsek,2.0,rho_2,200,6.2,22,3000,1602208,8,0,1.4768
vicsek,2.0,rho_2,200,6.2,22,3000,1602209,9,0,1.474
vicsek,2.0,rho_2,200,6.2,22,3000,1602210,10,0,1.4651
vicsek,2.0,rho_2,200,6.2,22,3000,1602211,11,0,1.4576
vicsek,2.0,rho_2,200,6.2,22,3000,1602212,12,0,1.4588
vicsek,2.0,rho_2,200,6.2,22,3000,1602213,13,0,1.473
vicsek,2.0,rho_2,200,6.2,22,3000,1602214,14,0,1.5147
vicsek,2.0,rho_2,200,6.2,22,3000,1602215,15,0,1.4603
vicsek,2.0,rho_2,200,6.2,22,3000,1602216,16,0,1.4885
vicsek,2.0,rho_2,200,6.2,22,3000,1602217,17,0,1.529
vicsek,2.0,rho_2,200,6.2,22,3000,1602218,18,0,1.5428
vicsek,2.0,rho_2,200,6.2,22,3000,1602219,19,0,1.583
vicsek,4.0,rho_4,400,0.6,0,3000,1660000,0,0,4.0114
vicsek,4.0,rho_4,400,0.6,0,3000,1660001,1,0,4.3081
vicsek,4.0,rho_4,400,0.6,0,3000,1660002,2,0,4.4703
vicsek,4.0,rho_4,400,0.6,0,3000,1660003,3,0,4.5208
vicsek,4.0,rho_4,400,0.6,0,3000,1660004,4,0,4.8467
vicsek,4.0,rho_4,400,0.6,0,3000,1660005,5,0,4.2477
vicsek,4.0,rho_4,400,0.6,0,3000,1660006,6,0,4.0664
vicsek,4.0,rho_4,400,0.6,0,3000,1660007,7,0,4.466
vicsek,4.0,rho_4,400,0.6,0,3000,1660008,8,0,5.5199
vicsek,4.0,rho_4,400,0.6,0,3000,1660009,9,0,3.6871
vicsek,4.0,rho_4,400,0.6,0,3000,1660010,10,0,4.88
vicsek,4.0,rho_4,400,0.6,0,3000,1660011,11,0,5.0714
vicsek,4.0,rho_4,400,0.6,0,3000,1660012,12,0,4.5742
vicsek,4.0,rho_4,400,0.6,0,3000,1660013,13,0,4.8997
vicsek,4.0,rho_4,400,0.6,0,3000,1660014,14,0,4.2877
vicsek,4.0,rho_4,400,0.6,0,3000,1660015,15,0,4.0719
vicsek,4.0,rho_4,400,0.6,0,3000,1660016,16,0,4.1909
vicsek,4.0,rho_4,400,0.6,0,3000,1660017,17,0,4.2349
vicsek,4.0,rho_4,400,0.6,0,3000,1660018,18,0,4.5089
vicsek,4.0,rho_4,400,0.6,0,3000,1660019,19,0,4.7374
vicsek,4.0,rho_4,400,0.8,1,3000,1660100,0,0,4.3551
vicsek,4.0,rho_4,400,0.8,1,3000,1660101,1,0,4.2169
vicsek,4.0,rho_4,400,0.8,1,3000,1660102,2,0,4.5974
vicsek,4.0,rho_4,400,0.8,1,3000,1660103,3,0,3.9973
vicsek,4.0,rho_4,400,0.8,1,3000,1660104,4,0,4.5693
vicsek,4.0,rho_4,400,0.8,1,3000,1660105,5,0,4.5204
vicsek,4.0,rho_4,400,0.8,1,3000,1660106,6,0,4.4417
vicsek,4.0,rho_4,400,0.8,1,3000,1660107,7,0,4.5335
vicsek,4.0,rho_4,400,0.8,1,3000,1660108,8,0,4.4829
vicsek,4.0,rho_4,400,0.8,1,3000,1660109,9,0,5.2757
vicsek,4.0,rho_4,400,0.8,1,3000,1660110,10,0,4.6969
vicsek,4.0,rho_4,400,0.8,1,3000,1660111,11,0,4.8525
vicsek,4.0,rho_4,400,0.8,1,3000,1660112,12,0,4.3933
vicsek,4.0,rho_4,400,0.8,1,3000,1660113,13,0,4.9377
vicsek,4.0,rho_4,400,0.8,1,3000,1660114,14,0,4.0846
vicsek,4.0,rho_4,400,0.8,1,3000,1660115,15,0,4.3635
vicsek,4.0,rho_4,400,0.8,1,3000,1660116,16,0,4.4681
vicsek,4.0,rho_4,400,0.8,1,3000,1660117,17,0,4.715
vicsek,4.0,rho_4,400,0.8,1,3000,1660118,18,0,5.0873
vicsek,4.0,rho_4,400,0.8,1,3000,1660119,19,0,4.7568
vicsek,4.0,rho_4,400,1.2,2,3000,1660200,0,0,4.5556
vicsek,4.0,rho_4,400,1.2,2,3000,1660201,1,0,4.4677
vicsek,4.0,rho_4,400,1.2,2,3000,1660202,2,0,4.6527
vicsek,4.0,rho_4,400,1.2,2,3000,1660203,3,0,4.5537
vicsek,4.0,rho_4,400,1.2,2,3000,1660204,4,0,4.1566
vicsek,4.0,rho_4,400,1.2,2,3000,1660205,5,0,4.446
vicsek,4.0,rho_4,400,1.2,2,3000,1660206,6,0,4.4961
vicsek,4.0,rho_4,400,1.2,2,3000,1660207,7,0,4.3534
vicsek,4.0,rho_4,400,1.2,2,3000,1660208,8,0,5.0514
vicsek,4.0,rho_4,400,1.2,2,3000,1660209,9,0,4.8374
vicsek,4.0,rho_4,400,1.2,2,3000,1660210,10,0,4.5176
vicsek,4.0,rho_4,400,1.2,2,3000,1660211,11,0,4.5071
vicsek,4.0,rho_4,400,1.2,2,3000,1660212,12,0,3.9896
vicsek,4.0,rho_4,400,1.2,2,3000,1660213,13,0,4.5005
vicsek,4.0,rho_4,400,1.2,2,3000,1660214,14,0,4.5535
vicsek,4.0,rho_4,400,1.2,2,3000,1660215,15,0,4.0847
vicsek,4.0,rho_4,400,1.2,2,3000,1660216,16,0,5.1047
vicsek,4.0,rho_4,400,1.2,2,3000,1660217,17,0,4.4381
vicsek,4.0,rho_4,400,1.2,2,3000,1660218,18,0,4.089
vicsek,4.0,rho_4,400,1.2,2,3000,1660219,19,0,4.0695
vicsek,4.0,rho_4,400,1.4,3,3000,1660300,0,0,4.6408
vicsek,4.0,rho_4,400,1.4,3,3000,1660301,1,0,4.2104
vicsek,4.0,rho_4,400,1.4,3,3000,1660302,2,0,4.238
vicsek,4.0,rho_4,400,1.4,3,3000,1660303,3,0,4.4876
vicsek,4.0,rho_4,400,1.4,3,3000,1660304,4,0,4.7805
vicsek,4.0,rho_4,400,1.4,3,3000,1660305,5,0,4.3843
vicsek,4.0,rho_4,400,1.4,3,3000,1660306,6,0,4.7784
vicsek,4.0,rho_4,400,1.4,3,3000,1660307,7,0,4.3683
vicsek,4.0,rho_4,400,1.4,3,3000,1660308,8,0,5.0689
vicsek,4.0,rho_4,400,1.4,3,3000,1660309,9,0,4.014
vicsek,4.0,rho_4,400,1.4,3,3000,1660310,10,0,4.7326
vicsek,4.0,rho_4,400,1.4,3,3000,1660311,11,0,4.2952
vicsek,4.0,rho_4,400,1.4,3,3000,1660312,12,0,4.3231
vicsek,4.0,rho_4,400,1.4,3,3000,1660313,13,0,4.1297
vicsek,4.0,rho_4,400,1.4,3,3000,1660314,14,0,4.1477
vicsek,4.0,rho_4,400,1.4,3,3000,1660315,15,0,4.4441
vicsek,4.0,rho_4,400,1.4,3,3000,1660316,16,0,3.9497
vicsek,4.0,rho_4,400,1.4,3,3000,1660317,17,0,4.5111
vicsek,4.0,rho_4,400,1.4,3,3000,1660318,18,0,4.7087
vicsek,4.0,rho_4,400,1.4,3,3000,1660319,19,0,3.9504
vicsek,4.0,rho_4,400,1.6,4,3000,1660400,0,0,4.217
vicsek,4.0,rho_4,400,1.6,4,3000,1660401,1,0,4.2773
vicsek,4.0,rho_4,400,1.6,4,3000,1660402,2,0,4.0822
vicsek,4.0,rho_4,400,1.6,4,3000,1660403,3,0,4.1758
vicsek,4.0,rho_4,400,1.6,4,3000,1660404,4,0,4.3228
vicsek,4.0,rho_4,400,1.6,4,3000,1660405,5,0,4.0392
vicsek,4.0,rho_4,400,1.6,4,3000,1660406,6,0,4.142
vicsek,4.0,rho_4,400,1.6,4,3000,1660407,7,0,4.3901
vicsek,4.0,rho_4,400,1.6,4,3000,1660408,8,0,4.5093
vicsek,4.0,rho_4,400,1.6,4,3000,1660409,9,0,4.5186
vicsek,4.0,rho_4,400,1.6,4,3000,1660410,10,0,4.4733
vicsek,4.0,rho_4,400,1.6,4,3000,1660411,11,0,4.531
vicsek,4.0,rho_4,400,1.6,4,3000,1660412,12,0,4.2008
vicsek,4.0,rho_4,400,1.6,4,3000,1660413,13,0,4.2059
vicsek,4.0,rho_4,400,1.6,4,3000,1660414,14,0,4.2839
vicsek,4.0,rho_4,400,1.6,4,3000,1660415,15,0,4.4561
vicsek,4.0,rho_4,400,1.6,4,3000,1660416,16,0,4.7267
vicsek,4.0,rho_4,400,1.6,4,3000,1660417,17,0,3.8728
vicsek,4.0,rho_4,400,1.6,4,3000,1660418,18,0,4.3115
vicsek,4.0,rho_4,400,1.6,4,3000,1660419,19,0,4.4053
vicsek,4.0,rho_4,400,1.8,5,3000,1660500,0,0,4.7165
vicsek,4.0,rho_4,400,1.8,5,3000,1660501,1,0,4.8313
vicsek,4.0,rho_4,400,1.8,5,3000,1660502,2,0,5.1047
vicsek,4.0,rho_4,400,1.8,5,3000,1660503,3,0,4.2897
vicsek,4.0,rho_4,400,1.8,5,3000,1660504,4,0,4.2009
vicsek,4.0,rho_4,400,1.8,5,3000,1660505,5,0,4.3706
vicsek,4.0,rho_4,400,1.8,5,3000,1660506,6,0,4.406
vicsek,4.0,rho_4,400,1.8,5,3000,1660507,7,0,4.8397
vicsek,4.0,rho_4,400,1.8,5,3000,1660508,8,0,4.8751
vicsek,4.0,rho_4,400,1.8,5,3000,1660509,9,0,4.1388
vicsek,4.0,rho_4,400,1.8,5,3000,1660510,10,0,4.3409
vicsek,4.0,rho_4,400,1.8,5,3000,1660511,11,0,4.5118
vicsek,4.0,rho_4,400,1.8,5,3000,1660512,12,0,5.2952
vicsek,4.0,rho_4,400,1.8,5,3000,1660513,13,0,4.6715
vicsek,4.0,rho_4,400,1.8,5,3000,1660514,14,0,4.333
vicsek,4.0,rho_4,400,1.8,5,3000,1660515,15,0,4.5482
vicsek,4.0,rho_4,400,1.8,5,3000,1660516,16,0,4.6001
vicsek,4.0,rho_4,400,1.8,5,3000,1660517,17,0,4.6344
vicsek,4.0,rho_4,400,1.8,5,3000,1660518,18,0,4.3575
vicsek,4.0,rho_4,400,1.8,5,3000,1660519,19,0,4.571
vicsek,4.0,rho_4,400,2.2,6,3000,1660600,0,0,4.5367
vicsek,4.0,rho_4,400,2.2,6,3000,1660601,1,0,4.3143
vicsek,4.0,rho_4,400,2.2,6,3000,1660602,2,0,4.4776
vicsek,4.0,rho_4,400,2.2,6,3000,1660603,3,0,4.4931
vicsek,4.0,rho_4,400,2.2,6,3000,1660604,4,0,4.3317
vicsek,4.0,rho_4,400,2.2,6,3000,1660605,5,0,4.3857
vicsek,4.0,rho_4,400,2.2,6,3000,1660606,6,0,4.6371
vicsek,4.0,rho_4,400,2.2,6,3000,1660607,7,0,4.4892
vicsek,4.0,rho_4,400,2.2,6,3000,1660608,8,0,4.5886
vicsek,4.0,rho_4,400,2.2,6,3000,1660609,9,0,4.4573
vicsek,4.0,rho_4,400,2.2,6,3000,1660610,10,0,4.622
vicsek,4.0,rho_4,400,2.2,6,3000,1660611,11,0,4.0536
vicsek,4.0,rho_4,400,2.2,6,3000,1660612,12,0,4.6281
vicsek,4.0,rho_4,400,2.2,6,3000,1660613,13,0,4.5419
vicsek,4.0,rho_4,400,2.2,6,3000,1660614,14,0,4.3193
vicsek,4.0,rho_4,400,2.2,6,3000,1660615,15,0,4.4406
vicsek,4.0,rho_4,400,2.2,6,3000,1660616,16,0,4.4258
vicsek,4.0,rho_4,400,2.2,6,3000,1660617,17,0,4.6726
vicsek,4.0,rho_4,400,2.2,6,3000,1660618,18,0,4.1801
vicsek,4.0,rho_4,400,2.2,6,3000,1660619,19,0,4.4789
vicsek,4.0,rho_4,400,2.4,7,3000,1660700,0,0,4.1307
vicsek,4.0,rho_4,400,2.4,7,3000,1660701,1,0,4.758
vicsek,4.0,rho_4,400,2.4,7,3000,1660702,2,0,4.4101
vicsek,4.0,rho_4,400,2.4,7,3000,1660703,3,0,4.2568
vicsek,4.0,rho_4,400,2.4,7,3000,1660704,4,0,4.2263
vicsek,4.0,rho_4,400,2.4,7,3000,1660705,5,0,4.4123
vicsek,4.0,rho_4,400,2.4,7,3000,1660706,6,0,4.4929
vicsek,4.0,rho_4,400,2.4,7,3000,1660707,7,0,4.6607
vicsek,4.0,rho_4,400,2.4,7,3000,1660708,8,0,4.3845
vicsek,4.0,rho_4,400,2.4,7,3000,1660709,9,0,4.4282
vicsek,4.0,rho_4,400,2.4,7,3000,1660710,10,0,4.803
vicsek,4.0,rho_4,400,2.4,7,3000,1660711,11,0,4.7161
vicsek,4.0,rho_4,400,2.4,7,3000,1660712,12,0,5.2618
vicsek,4.0,rho_4,400,2.4,7,3000,1660713,13,0,4.6924
vicsek,4.0,rho_4,400,2.4,7,3000,1660714,14,0,5.3649
vicsek,4.0,rho_4,400,2.4,7,3000,1660715,15,0,4.8611
vicsek,4.0,rho_4,400,2.4,7,3000,1660716,16,0,4.8192
vicsek,4.0,rho_4,400,2.4,7,3000,1660717,17,0,4.6827
vicsek,4.0,rho_4,400,2.4,7,3000,1660718,18,0,5.5553
vicsek,4.0,rho_4,400,2.4,7,3000,1660719,19,0,4.5022
vicsek,4.0,rho_4,400,2.6,8,3000,1660800,0,0,4.5524
vicsek,4.0,rho_4,400,2.6,8,3000,1660801,1,0,4.7547
vicsek,4.0,rho_4,400,2.6,8,3000,1660802,2,0,4.8445
vicsek,4.0,rho_4,400,2.6,8,3000,1660803,3,0,4.8713
vicsek,4.0,rho_4,400,2.6,8,3000,1660804,4,0,4.4328
vicsek,4.0,rho_4,400,2.6,8,3000,1660805,5,0,4.817
vicsek,4.0,rho_4,400,2.6,8,3000,1660806,6,0,4.6287
vicsek,4.0,rho_4,400,2.6,8,3000,1660807,7,0,4.9543
vicsek,4.0,rho_4,400,2.6,8,3000,1660808,8,0,4.8889
vicsek,4.0,rho_4,400,2.6,8,3000,1660809,9,0,4.3634
vicsek,4.0,rho_4,400,2.6,8,3000,1660810,10,0,5.0028
vicsek,4.0,rho_4,400,2.6,8,3000,1660811,11,0,4.895
vicsek,4.0,rho_4,400,2.6,8,3000,1660812,12,0,4.8831
vicsek,4.0,rho_4,400,2.6,8,3000,1660813,13,0,4.9061
vicsek,4.0,rho_4,400,2.6,8,3000,1660814,14,0,5.237
vicsek,4.0,rho_4,400,2.6,8,3000,1660815,15,0,5.8585
vicsek,4.0,rho_4,400,2.6,8,3000,1660816,16,0,4.731
vicsek,4.0,rho_4,400,2.6,8,3000,1660817,17,0,4.6745
vicsek,4.0,rho_4,400,2.6,8,3000,1660818,18,0,5.6568
vicsek,4.0,rho_4,400,2.6,8,3000,1660819,19,0,4.7226
vicsek,4.0,rho_4,400,2.8,9,3000,1660900,0,0,4.5011
vicsek,4.0,rho_4,400,2.8,9,3000,1660901,1,0,5.0687
vicsek,4.0,rho_4,400,2.8,9,3000,1660902,2,0,5.2541
vicsek,4.0,rho_4,400,2.8,9,3000,1660903,3,0,4.8907
vicsek,4.0,rho_4,400,2.8,9,3000,1660904,4,0,4.4746
vicsek,4.0,rho_4,400,2.8,9,3000,1660905,5,0,4.7478
vicsek,4.0,rho_4,400,2.8,9,3000,1660906,6,0,4.9196
vicsek,4.0,rho_4,400,2.8,9,3000,1660907,7,0,4.7484
vicsek,4.0,rho_4,400,2.8,9,3000,1660908,8,0,5.1512
vicsek,4.0,rho_4,400,2.8,9,3000,1660909,9,0,4.8672
vicsek,4.0,rho_4,400,2.8,9,3000,1660910,10,0,4.7239
vicsek,4.0,rho_4,400,2.8,9,3000,1660911,11,0,5.0327
vicsek,4.0,rho_4,400,2.8,9,3000,1660912,12,0,5.0004
vicsek,4.0,rho_4,400,2.8,9,3000,1660913,13,0,4.6755
vicsek,4.0,rho_4,400,2.8,9,3000,1660914,14,0,4.7655
vicsek,4.0,rho_4,400,2.8,9,3000,1660915,15,0,4.779
vicsek,4.0,rho_4,400,2.8,9,3000,1660916,16,0,4.6285
vicsek,4.0,rho_4,400,2.8,9,3000,1660917,17,0,4.9608
vicsek,4.0,rho_4,400,2.8,9,3000,1660918,18,0,4.5481
vicsek,4.0,rho_4,400,2.8,9,3000,1660919,19,0,4.4376
vicsek,4.0,rho_4,400,3.2,10,3000,1661000,0,0,4.2471
vicsek,4.0,rho_4,400,3.2,10,3000,1661001,1,0,4.3189
vicsek,4.0,rho_4,400,3.2,10,3000,1661002,2,0,4.223
vicsek,4.0,rho_4,400,3.2,10,3000,1661003,3,0,4.6918
vicsek,4.0,rho_4,400,3.2,10,3000,1661004,4,0,4.6759
vicsek,4.0,rho_4,400,3.2,10,3000,1661005,5,0,4.6204
vicsek,4.0,rho_4,400,3.2,10,3000,1661006,6,0,4.7345
vicsek,4.0,rho_4,400,3.2,10,3000,1661007,7,0,4.8211
vicsek,4.0,rho_4,400,3.2,10,3000,1661008,8,0,5.3161
vicsek,4.0,rho_4,400,3.2,10,3000,1661009,9,0,4.406
vicsek,4.0,rho_4,400,3.2,10,3000,1661010,10,0,4.6061
vicsek,4.0,rho_4,400,3.2,10,3000,1661011,11,0,4.4622
vicsek,4.0,rho_4,400,3.2,10,3000,1661012,12,0,4.5145
vicsek,4.0,rho_4,400,3.2,10,3000,1661013,13,0,4.6372
vicsek,4.0,rho_4,400,3.2,10,3000,1661014,14,0,4.5375
vicsek,4.0,rho_4,400,3.2,10,3000,1661015,15,0,4.4444
vicsek,4.0,rho_4,400,3.2,10,3000,1661016,16,0,5.0211
vicsek,4.0,rho_4,400,3.2,10,3000,1661017,17,0,4.5013
vicsek,4.0,rho_4,400,3.2,10,3000,1661018,18,0,4.9856
vicsek,4.0,rho_4,400,3.2,10,3000,1661019,19,0,4.7676
vicsek,4.0,rho_4,400,3.4,11,3000,1661100,0,0,5.2256
vicsek,4.0,rho_4,400,3.4,11,3000,1661101,1,0,4.2802
vicsek,4.0,rho_4,400,3.4,11,3000,1661102,2,0,4.3055
vicsek,4.0,rho_4,400,3.4,11,3000,1661103,3,0,4.3496
vicsek,4.0,rho_4,400,3.4,11,3000,1661104,4,0,4.5543
vicsek,4.0,rho_4,400,3.4,11,3000,1661105,5,0,4.3229
vicsek,4.0,rho_4,400,3.4,11,3000,1661106,6,0,4.2301
vicsek,4.0,rho_4,400,3.4,11,3000,1661107,7,0,4.7529
vicsek,4.0,rho_4,400,3.4,11,3000,1661108,8,0,4.4074
vicsek,4.0,rho_4,400,3.4,11,3000,1661109,9,0,4.7333
vicsek,4.0,rho_4,400,3.4,11,3000,1661110,10,0,4.5122
vicsek,4.0,rho_4,400,3.4,11,3000,1661111,11,0,4.7088
vicsek,4.0,rho_4,400,3.4,11,3000,1661112,12,0,5.0136
vicsek,4.0,rho_4,400,3.4,11,3000,1661113,13,0,4.3138
vicsek,4.0,rho_4,400,3.4,11,3000,1661114,14,0,4.5252
vicsek,4.0,rho_4,400,3.4,11,3000,1661115,15,0,5.1036
vicsek,4.0,rho_4,400,3.4,11,3000,1661116,16,0,4.3572
vicsek,4.0,rho_4,400,3.4,11,3000,1661117,17,0,4.386
vicsek,4.0,rho_4,400,3.4,11,3000,1661118,18,0,5.2234
vicsek,4.0,rho_4,400,3.4,11,3000,1661119,19,0,4.8035
vicsek,4.0,rho_4,400,3.6,12,3000,1661200,0,0,4.9677
vicsek,4.0,rho_4,400,3.6,12,3000,1661201,1,0,4.3575
vicsek,4.0,rho_4,400,3.6,12,3000,1661202,2,0,4.7021
vicsek,4.0,rho_4,400,3.6,12,3000,1661203,3,0,4.7883
vicsek,4.0,rho_4,400,3.6,12,3000,1661204,4,0,4.4941
vicsek,4.0,rho_4,400,3.6,12,3000,1661205,5,0,4.3964
vicsek,4.0,rho_4,400,3.6,12,3000,1661206,6,0,4.6782
vicsek,4.0,rho_4,400,3.6,12,3000,1661207,7,0,4.8581
vicsek,4.0,rho_4,400,3.6,12,3000,1661208,8,0,4.8693
vicsek,4.0,rho_4,400,3.6,12,3000,1661209,9,0,4.7383
vicsek,4.0,rho_4,400,3.6,12,3000,1661210,10,0,4.4335
vicsek,4.0,rho_4,400,3.6,12,3000,1661211,11,0,4.4377
vicsek,4.0,rho_4,400,3.6,12,3000,1661212,12,0,4.4503
vicsek,4.0,rho_4,400,3.6,12,3000,1661213,13,0,4.6914
vicsek,4.0,rho_4,400,3.6,12,3000,1661214,14,0,4.4108
vicsek,4.0,rho_4,400,3.6,12,3000,1661215,15,0,4.1416
vicsek,4.0,rho_4,400,3.6,12,3000,1661216,16,0,4.4448
vicsek,4.0,rho_4,400,3.6,12,3000,1661217,17,0,4.6292
vicsek,4.0,rho_4,400,3.6,12,3000,1661218,18,0,4.7121
vicsek,4.0,rho_4,400,3.6,12,3000,1661219,19,0,4.3643
vicsek,4.0,rho_4,400,3.8,13,3000,1661300,0,0,4.6854
vicsek,4.0,rho_4,400,3.8,13,3000,1661301,1,0,4.4174
vicsek,4.0,rho_4,400,3.8,13,3000,1661302,2,0,4.4467
vicsek,4.0,rho_4,400,3.8,13,3000,1661303,3,0,4.3244
vicsek,4.0,rho_4,400,3.8,13,3000,1661304,4,0,4.4236
vicsek,4.0,rho_4,400,3.8,13,3000,1661305,5,0,4.3833
vicsek,4.0,rho_4,400,3.8,13,3000,1661306,6,0,4.2661
vicsek,4.0,rho_4,400,3.8,13,3000,1661307,7,0,4.3883
vicsek,4.0,rho_4,400,3.8,13,3000,1661308,8,0,4.3496
vicsek,4.0,rho_4,400,3.8,13,3000,1661309,9,0,4.3487
vicsek,4.0,rho_4,400,3.8,13,3000,1661310,10,0,4.3209
vicsek,4.0,rho_4,400,3.8,13,3000,1661311,11,0,4.422
vicsek,4.0,rho_4,400,3.8,13,3000,1661312,12,0,4.4562
vicsek,4.0,rho_4,400,3.8,13,3000,1661313,13,0,4.2188
vicsek,4.0,rho_4,400,3.8,13,3000,1661314,14,0,4.6035
vicsek,4.0,rho_4,400,3.8,13,3000,1661315,15,0,4.2512
vicsek,4.0,rho_4,400,3.8,13,3000,1661316,16,0,4.5862
vicsek,4.0,rho_4,400,3.8,13,3000,1661317,17,0,4.8409
vicsek,4.0,rho_4,400,3.8,13,3000,1661318,18,0,4.4403
vicsek,4.0,rho_4,400,3.8,13,3000,1661319,19,0,4.5823
vicsek,4.0,rho_4,400,4.2,14,3000,1661400,0,0,3.9494
vicsek,4.0,rho_4,400,4.2,14,3000,1661401,1,0,4.2827
vicsek,4.0,rho_4,400,4.2,14,3000,1661402,2,0,4.1379
vicsek,4.0,rho_4,400,4.2,14,3000,1661403,3,0,3.9823
vicsek,4.0,rho_4,400,4.2,14,3000,1661404,4,0,4.0071
vicsek,4.0,rho_4,400,4.2,14,3000,1661405,5,0,4.348
vicsek,4.0,rho_4,400,4.2,14,3000,1661406,6,0,4.0009
vicsek,4.0,rho_4,400,4.2,14,3000,1661407,7,0,4.1286
vicsek,4.0,rho_4,400,4.2,14,3000,1661408,8,0,4.0207
vicsek,4.0,rho_4,400,4.2,14,3000,1661409,9,0,3.9508
vicsek,4.0,rho_4,400,4.2,14,3000,1661410,10,0,4.0372
vicsek,4.0,rho_4,400,4.2,14,3000,1661411,11,0,4.1576
vicsek,4.0,rho_4,400,4.2,14,3000,1661412,12,0,4.1792
vicsek,4.0,rho_4,400,4.2,14,3000,1661413,13,0,3.9708
vicsek,4.0,rho_4,400,4.2,14,3000,1661414,14,0,4.1144
vicsek,4.0,rho_4,400,4.2,14,3000,1661415,15,0,3.8704
vicsek,4.0,rho_4,400,4.2,14,3000,1661416,16,0,4.0644
vicsek,4.0,rho_4,400,4.2,14,3000,1661417,17,0,4.1515
vicsek,4.0,rho_4,400,4.2,14,3000,1661418,18,0,3.8992
vicsek,4.0,rho_4,400,4.2,14,3000,1661419,19,0,4.0711
vicsek,4.0,rho_4,400,4.4,15,3000,1661500,0,0,3.9105
vicsek,4.0,rho_4,400,4.4,15,3000,1661501,1,0,4.0649
vicsek,4.0,rho_4,400,4.4,15,3000,1661502,2,0,4.274
vicsek,4.0,rho_4,400,4.4,15,3000,1661503,3,0,3.898
vicsek,4.0,rho_4,400,4.4,15,3000,1661504,4,0,3.8368
vicsek,4.0,rho_4,400,4.4,15,3000,1661505,5,0,3.8724
vicsek,4.0,rho_4,400,4.4,15,3000,1661506,6,0,3.7599
vicsek,4.0,rho_4,400,4.4,15,3000,1661507,7,0,3.8627
vicsek,4.0,rho_4,400,4.4,15,3000,1661508,8,0,4.0097
vicsek,4.0,rho_4,400,4.4,15,3000,1661509,9,0,4.3389
vicsek,4.0,rho_4,400,4.4,15,3000,1661510,10,0,3.772
vicsek,4.0,rho_4,400,4.4,15,3000,1661511,11,0,3.8692
vicsek,4.0,rho_4,400,4.4,15,3000,1661512,12,0,3.8963
vicsek,4.0,rho_4,400,4.4,15,3000,1661513,13,0,3.7873
vicsek,4.0,rho_4,400,4.4,15,3000,1661514,14,0,3.7526
vicsek,4.0,rho_4,400,4.4,15,3000,1661515,15,0,4.0118
vicsek,4.0,rho_4,400,4.4,15,3000,1661516,16,0,3.9771
vicsek,4.0,rho_4,400,4.4,15,3000,1661517,17,0,4.0573
vicsek,4.0,rho_4,400,4.4,15,3000,1661518,18,0,4.1745
vicsek,4.0,rho_4,400,4.4,15,3000,1661519,19,0,4.0173
vicsek,4.0,rho_4,400,4.6,16,3000,1661600,0,0,3.7871
vicsek,4.0,rho_4,400,4.6,16,3000,1661601,1,0,3.7496
vicsek,4.0,rho_4,400,4.6,16,3000,1661602,2,0,3.8746
vicsek,4.0,rho_4,400,4.6,16,3000,1661603,3,0,3.8086
vicsek,4.0,rho_4,400,4.6,16,3000,1661604,4,0,3.732
vicsek,4.0,rho_4,400,4.6,16,3000,1661605,5,0,3.7549
vicsek,4.0,rho_4,400,4.6,16,3000,1661606,6,0,3.7681
vicsek,4.0,rho_4,400,4.6,16,3000,1661607,7,0,3.7261
vicsek,4.0,rho_4,400,4.6,16,3000,1661608,8,0,3.7736
vicsek,4.0,rho_4,400,4.6,16,3000,1661609,9,0,3.7679
vicsek,4.0,rho_4,400,4.6,16,3000,1661610,10,0,3.6955
vicsek,4.0,rho_4,400,4.6,16,3000,1661611,11,0,3.7643
vicsek,4.0,rho_4,400,4.6,16,3000,1661612,12,0,3.6229
vicsek,4.0,rho_4,400,4.6,16,3000,1661613,13,0,3.6549
vicsek,4.0,rho_4,400,4.6,16,3000,1661614,14,0,3.8629
vicsek,4.0,rho_4,400,4.6,16,3000,1661615,15,0,3.9649
vicsek,4.0,rho_4,400,4.6,16,3000,1661616,16,0,3.8751
vicsek,4.0,rho_4,400,4.6,16,3000,1661617,17,0,3.9021
vicsek,4.0,rho_4,400,4.6,16,3000,1661618,18,0,3.6322
vicsek,4.0,rho_4,400,4.6,16,3000,1661619,19,0,3.8279
vicsek,4.0,rho_4,400,4.8,17,3000,1661700,0,0,3.6643
vicsek,4.0,rho_4,400,4.8,17,3000,1661701,1,0,3.623
vicsek,4.0,rho_4,400,4.8,17,3000,1661702,2,0,3.5453
vicsek,4.0,rho_4,400,4.8,17,3000,1661703,3,0,3.5636
vicsek,4.0,rho_4,400,4.8,17,3000,1661704,4,0,3.5188
vicsek,4.0,rho_4,400,4.8,17,3000,1661705,5,0,3.6503
vicsek,4.0,rho_4,400,4.8,17,3000,1661706,6,0,3.6488
vicsek,4.0,rho_4,400,4.8,17,3000,1661707,7,0,3.6699
vicsek,4.0,rho_4,400,4.8,17,3000,1661708,8,0,3.5813
vicsek,4.0,rho_4,400,4.8,17,3000,1661709,9,0,3.5656
vicsek,4.0,rho_4,400,4.8,17,3000,1661710,10,0,3.6999
vicsek,4.0,rho_4,400,4.8,17,3000,1661711,11,0,3.8098
vicsek,4.0,rho_4,400,4.8,17,3000,1661712,12,0,3.6732
vicsek,4.0,rho_4,400,4.8,17,3000,1661713,13,0,3.6607
vicsek,4.0,rho_4,400,4.8,17,3000,1661714,14,0,3.791
vicsek,4.0,rho_4,400,4.8,17,3000,1661715,15,0,3.59
vicsek,4.0,rho_4,400,4.8,17,3000,1661716,16,0,3.7422
vicsek,4.0,rho_4,400,4.8,17,3000,1661717,17,0,3.7721
vicsek,4.0,rho_4,400,4.8,17,3000,1661718,18,0,3.6248
vicsek,4.0,rho_4,400,4.8,17,3000,1661719,19,0,3.6382
vicsek,4.0,rho_4,400,5.2,18,3000,1661800,0,0,3.4968
vicsek,4.0,rho_4,400,5.2,18,3000,1661801,1,0,3.5185
vicsek,4.0,rho_4,400,5.2,18,3000,1661802,2,0,3.54
vicsek,4.0,rho_4,400,5.2,18,3000,1661803,3,0,3.4387
vicsek,4.0,rho_4,400,5.2,18,3000,1661804,4,0,3.5553
vicsek,4.0,rho_4,400,5.2,18,3000,1661805,5,0,3.4627
vicsek,4.0,rho_4,400,5.2,18,3000,1661806,6,0,3.5941
vicsek,4.0,rho_4,400,5.2,18,3000,1661807,7,0,3.4267
vicsek,4.0,rho_4,400,5.2,18,3000,1661808,8,0,3.5523
vicsek,4.0,rho_4,400,5.2,18,3000,1661809,9,0,3.5029
vicsek,4.0,rho_4,400,5.2,18,3000,1661810,10,0,3.566
vicsek,4.0,rho_4,400,5.2,18,3000,1661811,11,0,3.459
vicsek,4.0,rho_4,400,5.2,18,3000,1661812,12,0,3.4558
vicsek,4.0,rho_4,400,5.2,18,3000,1661813,13,0,3.4427
vicsek,4.0,rho_4,400,5.2,18,3000,1661814,14,0,3.5267
vicsek,4.0,rho_4,400,5.2,18,3000,1661815,15,0,3.5281
vicsek,4.0,rho_4,400,5.2,18,3000,1661816,16,0,3.6425
vicsek,4.0,rho_4,400,5.2,18,3000,1661817,17,0,3.5156
vicsek,4.0,rho_4,400,5.2,18,3000,1661818,18,0,3.5529
vicsek,4.0,rho_4,400,5.2,18,3000,1661819,19,0,3.4739
vicsek,4.0,rho_4,400,5.4,19,3000,1661900,0,0,3.5399
vicsek,4.0,rho_4,400,5.4,19,3000,1661901,1,0,3.3763
vicsek,4.0,rho_4,400,5.4,19,3000,1661902,2,0,3.3801
vicsek,4.0,rho_4,400,5.4,19,3000,1661903,3,0,3.4356
vicsek,4.0,rho_4,400,5.4,19,3000,1661904,4,0,3.4899
vicsek,4.0,rho_4,400,5.4,19,3000,1661905,5,0,3.5181
vicsek,4.0,rho_4,400,5.4,19,3000,1661906,6,0,3.3956
vicsek,4.0,rho_4,400,5.4,19,3000,1661907,7,0,3.4585
vicsek,4.0,rho_4,400,5.4,19,3000,1661908,8,0,3.4885
vicsek,4.0,rho_4,400,5.4,19,3000,1661909,9,0,3.4495
vicsek,4.0,rho_4,400,5.4,19,3000,1661910,10,0,3.4876
vicsek,4.0,rho_4,400,5.4,19,3000,1661911,11,0,3.5222
vicsek,4.0,rho_4,400,5.4,19,3000,1661912,12,0,3.5176
vicsek,4.0,rho_4,400,5.4,19,3000,1661913,13,0,3.5066
vicsek,4.0,rho_4,400,5.4,19,3000,1661914,14,0,3.446
vicsek,4.0,rho_4,400,5.4,19,3000,1661915,15,0,3.5066
vicsek,4.0,rho_4,400,5.4,19,3000,1661916,16,0,3.4959
vicsek,4.0,rho_4,400,5.4,19,3000,1661917,17,0,3.5393
vicsek,4.0,rho_4,400,5.4,19,3000,1661918,18,0,3.4943
vicsek,4.0,rho_4,400,5.4,19,3000,1661919,19,0,3.5661
vicsek,4.0,rho_4,400,5.6,20,3000,1662000,0,0,3.4874
vicsek,4.0,rho_4,400,5.6,20,3000,1662001,1,0,3.5249
vicsek,4.0,rho_4,400,5.6,20,3000,1662002,2,0,3.4531
vicsek,4.0,rho_4,400,5.6,20,3000,1662003,3,0,3.4258
vicsek,4.0,rho_4,400,5.6,20,3000,1662004,4,0,3.4485
vicsek,4.0,rho_4,400,5.6,20,3000,1662005,5,0,3.4171
vicsek,4.0,rho_4,400,5.6,20,3000,1662006,6,0,3.4563
vicsek,4.0,rho_4,400,5.6,20,3000,1662007,7,0,3.4309
vicsek,4.0,rho_4,400,5.6,20,3000,1662008,8,0,3.4162
vicsek,4.0,rho_4,400,5.6,20,3000,1662009,9,0,3.5452
vicsek,4.0,rho_4,400,5.6,20,3000,1662010,10,0,3.3627
vicsek,4.0,rho_4,400,5.6,20,3000,1662011,11,0,3.4278
vicsek,4.0,rho_4,400,5.6,20,3000,1662012,12,0,3.4046
vicsek,4.0,rho_4,400,5.6,20,3000,1662013,13,0,3.4676
vicsek,4.0,rho_4,400,5.6,20,3000,1662014,14,0,3.5271
vicsek,4.0,rho_4,400,5.6,20,3000,1662015,15,0,3.472
vicsek,4.0,rho_4,400,5.6,20,3000,1662016,16,0,3.5171
vicsek,4.0,rho_4,400,5.6,20,3000,1662017,17,0,3.5954
vicsek,4.0,rho_4,400,5.6,20,3000,1662018,18,0,3.4601
vicsek,4.0,rho_4,400,5.6,20,3000,1662019,19,0,3.4738
vicsek,4.0,rho_4,400,5.8,21,3000,1662100,0,0,3.4314
vicsek,4.0,rho_4,400,5.8,21,3000,1662101,1,0,3.4741
vicsek,4.0,rho_4,400,5.8,21,3000,1662102,2,0,3.5053
vicsek,4.0,rho_4,400,5.8,21,3000,1662103,3,0,3.4246
vicsek,4.0,rho_4,400,5.8,21,3000,1662104,4,0,3.3748
vicsek,4.0,rho_4,400,5.8,21,3000,1662105,5,0,3.382
vicsek,4.0,rho_4,400,5.8,21,3000,1662106,6,0,3.3447
vicsek,4.0,rho_4,400,5.8,21,3000,1662107,7,0,3.3907
vicsek,4.0,rho_4,400,5.8,21,3000,1662108,8,0,3.4051
vicsek,4.0,rho_4,400,5.8,21,3000,1662109,9,0,3.5138
vicsek,4.0,rho_4,400,5.8,21,3000,1662110,10,0,3.4062
vicsek,4.0,rho_4,400,5.8,21,3000,1662111,11,0,3.4052
vicsek,4.0,rho_4,400,5.8,21,3000,1662112,12,0,3.4623
vicsek,4.0,rho_4,400,5.8,21,3000,1662113,13,0,3.3461
vicsek,4.0,rho_4,400,5.8,21,3000,1662114,14,0,3.4613
vicsek,4.0,rho_4,400,5.8,21,3000,1662115,15,0,3.4517
vicsek,4.0,rho_4,400,5.8,21,3000,1662116,16,0,3.3896
vicsek,4.0,rho_4,400,5.8,21,3000,1662117,17,0,3.4465
vicsek,4.0,rho_4,400,5.8,21,3000,1662118,18,0,3.4034
vicsek,4.0,rho_4,400,5.8,21,3000,1662119,19,0,3.4669
vicsek,4.0,rho_4,400,6.2,22,3000,1662200,0,0,3.3666
vicsek,4.0,rho_4,400,6.2,22,3000,1662201,1,0,3.432
vicsek,4.0,rho_4,400,6.2,22,3000,1662202,2,0,3.3374
vicsek,4.0,rho_4,400,6.2,22,3000,1662203,3,0,3.3424
vicsek,4.0,rho_4,400,6.2,22,3000,1662204,4,0,3.3133
vicsek,4.0,rho_4,400,6.2,22,3000,1662205,5,0,3.4171
vicsek,4.0,rho_4,400,6.2,22,3000,1662206,6,0,3.3249
vicsek,4.0,rho_4,400,6.2,22,3000,1662207,7,0,3.3946
vicsek,4.0,rho_4,400,6.2,22,3000,1662208,8,0,3.3807
vicsek,4.0,rho_4,400,6.2,22,3000,1662209,9,0,3.4352
vicsek,4.0,rho_4,400,6.2,22,3000,1662210,10,0,3.3614
vicsek,4.0,rho_4,400,6.2,22,3000,1662211,11,0,3.4034
vicsek,4.0,rho_4,400,6.2,22,3000,1662212,12,0,3.3618
vicsek,4.0,rho_4,400,6.2,22,3000,1662213,13,0,3.3427
vicsek,4.0,rho_4,400,6.2,22,3000,1662214,14,0,3.3877
vicsek,4.0,rho_4,400,6.2,22,3000,1662215,15,0,3.37
vicsek,4.0,rho_4,400,6.2,22,3000,1662216,16,0,3.3745
vicsek,4.0,rho_4,400,6.2,22,3000,1662217,17,0,3.3083
vicsek,4.0,rho_4,400,6.2,22,3000,1662218,18,0,3.2996
vicsek,4.0,rho_4,400,6.2,22,3000,1662219,19,0,3.443
vicsek,8.0,rho_8,800,0.6,0,3000,1720000,0,0,14.0857
vicsek,8.0,rho_8,800,0.6,0,3000,1720001,1,0,13.3861
vicsek,8.0,rho_8,800,0.6,0,3000,1720002,2,0,10.7229
vicsek,8.0,rho_8,800,0.6,0,3000,1720003,3,0,10.422
vicsek,8.0,rho_8,800,0.6,0,3000,1720004,4,0,14.8048
vicsek,8.0,rho_8,800,0.6,0,3000,1720005,5,0,13.9314
vicsek,8.0,rho_8,800,0.6,0,3000,1720006,6,0,13.4968
vicsek,8.0,rho_8,800,0.6,0,3000,1720007,7,0,12.0159
vicsek,8.0,rho_8,800,0.6,0,3000,1720008,8,0,12.8506
vicsek,8.0,rho_8,800,0.6,0,3000,1720009,9,0,12.5337
vicsek,8.0,rho_8,800,0.6,0,3000,1720010,10,0,10.7769
vicsek,8.0,rho_8,800,0.6,0,3000,1720011,11,0,13.6748
vicsek,8.0,rho_8,800,0.6,0,3000,1720012,12,0,11.1717
vicsek,8.0,rho_8,800,0.6,0,3000,1720013,13,0,14.0239
vicsek,8.0,rho_8,800,0.6,0,3000,1720014,14,0,13.4172
vicsek,8.0,rho_8,800,0.6,0,3000,1720015,15,0,10.7692
vicsek,8.0,rho_8,800,0.6,0,3000,1720016,16,0,11.4766
vicsek,8.0,rho_8,800,0.6,0,3000,1720017,17,0,10.567
vicsek,8.0,rho_8,800,0.6,0,3000,1720018,18,0,13.569
vicsek,8.0,rho_8,800,0.6,0,3000,1720019,19,0,10.0846
vicsek,8.0,rho_8,800,0.8,1,3000,1720100,0,0,12.29
vicsek,8.0,rho_8,800,0.8,1,3000,1720101,1,0,12.0805
vicsek,8.0,rho_8,800,0.8,1,3000,1720102,2,0,10.4068
vicsek,8.0,rho_8,800,0.8,1,3000,1720103,3,0,11.9308
vicsek,8.0,rho_8,800,0.8,1,3000,1720104,4,0,11.8292
vicsek,8.0,rho_8,800,0.8,1,3000,1720105,5,0,10.2928
vicsek,8.0,rho_8,800,0.8,1,3000,1720106,6,0,10.3779
vicsek,8.0,rho_8,800,0.8,1,3000,1720107,7,0,16.4552
vicsek,8.0,rho_8,800,0.8,1,3000,1720108,8,0,13.2548
vicsek,8.0,rho_8,800,0.8,1,3000,1720109,9,0,12.6485
vicsek,8.0,rho_8,800,0.8,1,3000,1720110,10,0,11.1403
vicsek,8.0,rho_8,800,0.8,1,3000,1720111,11,0,11.9571
vicsek,8.0,rho_8,800,0.8,1,3000,1720112,12,0,11.6022
vicsek,8.0,rho_8,800,0.8,1,3000,1720113,13,0,10.1641
vicsek,8.0,rho_8,800,0.8,1,3000,1720114,14,0,10.4578
vicsek,8.0,rho_8,800,0.8,1,3000,1720115,15,0,14.4912
vicsek,8.0,rho_8,800,0.8,1,3000,1720116,16,0,10.4501
vicsek,8.0,rho_8,800,0.8,1,3000,1720117,17,0,11.7462
vicsek,8.0,rho_8,800,0.8,1,3000,1720118,18,0,11.7412
vicsek,8.0,rho_8,800,0.8,1,3000,1720119,19,0,13.3612
vicsek,8.0,rho_8,800,1.2,2,3000,1720200,0,0,11.9984
vicsek,8.0,rho_8,800,1.2,2,3000,1720201,1,0,14.9153
vicsek,8.0,rho_8,800,1.2,2,3000,1720202,2,0,11.7927
vicsek,8.0,rho_8,800,1.2,2,3000,1720203,3,0,13.1206
vicsek,8.0,rho_8,800,1.2,2,3000,1720204,4,0,11.7953
vicsek,8.0,rho_8,800,1.2,2,3000,1720205,5,0,13.9853
vicsek,8.0,rho_8,800,1.2,2,3000,1720206,6,0,10.2385
vicsek,8.0,rho_8,800,1.2,2,3000,1720207,7,0,13.1048
vicsek,8.0,rho_8,800,1.2,2,3000,1720208,8,0,9.6908
vicsek,8.0,rho_8,800,1.2,2,3000,1720209,9,0,11.7984
vicsek,8.0,rho_8,800,1.2,2,3000,1720210,10,0,12.9085
vicsek,8.0,rho_8,800,1.2,2,3000,1720211,11,0,11.5154
vicsek,8.0,rho_8,800,1.2,2,3000,1720212,12,0,12.3482
vicsek,8.0,rho_8,800,1.2,2,3000,1720213,13,0,11.0589
vicsek,8.0,rho_8,800,1.2,2,3000,1720214,14,0,12.2647
vicsek,8.0,rho_8,800,1.2,2,3000,1720215,15,0,10.7598
vicsek,8.0,rho_8,800,1.2,2,3000,1720216,16,0,11.429
vicsek,8.0,rho_8,800,1.2,2,3000,1720217,17,0,12.5815
vicsek,8.0,rho_8,800,1.2,2,3000,1720218,18,0,12.6975
vicsek,8.0,rho_8,800,1.2,2,3000,1720219,19,0,10.5488
vicsek,8.0,rho_8,800,1.4,3,3000,1720300,0,0,13.5248
vicsek,8.0,rho_8,800,1.4,3,3000,1720301,1,0,12.3921
vicsek,8.0,rho_8,800,1.4,3,3000,1720302,2,0,13.4993
vicsek,8.0,rho_8,800,1.4,3,3000,1720303,3,0,12.2228
vicsek,8.0,rho_8,800,1.4,3,3000,1720304,4,0,11.0959
vicsek,8.0,rho_8,800,1.4,3,3000,1720305,5,0,10.7987
vicsek,8.0,rho_8,800,1.4,3,3000,1720306,6,0,11.2052
vicsek,8.0,rho_8,800,1.4,3,3000,1720307,7,0,11.0381
vicsek,8.0,rho_8,800,1.4,3,3000,1720308,8,0,12.1543
vicsek,8.0,rho_8,800,1.4,3,3000,1720309,9,0,12.9263
vicsek,8.0,rho_8,800,1.4,3,3000,1720310,10,0,10.321
vicsek,8.0,rho_8,800,1.4,3,3000,1720311,11,0,13.1938
vicsek,8.0,rho_8,800,1.4,3,3000,1720312,12,0,12.7294
vicsek,8.0,rho_8,800,1.4,3,3000,1720313,13,0,10.4809
vicsek,8.0,rho_8,800,1.4,3,3000,1720314,14,0,10.542
vicsek,8.0,rho_8,800,1.4,3,3000,1720315,15,0,11.6644
vicsek,8.0,rho_8,800,1.4,3,3000,1720316,16,0,11.0765
vicsek,8.0,rho_8,800,1.4,3,3000,1720317,17,0,14.6929
vicsek,8.0,rho_8,800,1.4,3,3000,1720318,18,0,11.401
vicsek,8.0,rho_8,800,1.4,3,3000,1720319,19,0,11.6406
vicsek,8.0,rho_8,800,1.6,4,3000,1720400,0,0,11.9084
vicsek,8.0,rho_8,800,1.6,4,3000,1720401,1,0,11.8313
vicsek,8.0,rho_8,800,1.6,4,3000,1720402,2,0,11.3837
vicsek,8.0,rho_8,800,1.6,4,3000,1720403,3,0,11.909
vicsek,8.0,rho_8,800,1.6,4,3000,1720404,4,0,11.662
vicsek,8.0,rho_8,800,1.6,4,3000,1720405,5,0,11.3302
vicsek,8.0,rho_8,800,1.6,4,3000,1720406,6,0,11.5251
vicsek,8.0,rho_8,800,1.6,4,3000,1720407,7,0,13.2624
vicsek,8.0,rho_8,800,1.6,4,3000,1720408,8,0,13.3255
vicsek,8.0,rho_8,800,1.6,4,3000,1720409,9,0,13.1915
vicsek,8.0,rho_8,800,1.6,4,3000,1720410,10,0,13.2438
vicsek,8.0,rho_8,800,1.6,4,3000,1720411,11,0,11.8746
vicsek,8.0,rho_8,800,1.6,4,3000,1720412,12,0,12.5349
vicsek,8.0,rho_8,800,1.6,4,3000,1720413,13,0,12.9079
vicsek,8.0,rho_8,800,1.6,4,3000,1720414,14,0,11.4687
vicsek,8.0,rho_8,800,1.6,4,3000,1720415,15,0,12.1878
vicsek,8.0,rho_8,800,1.6,4,3000,1720416,16,0,13.5952
vicsek,8.0,rho_8,800,1.6,4,3000,1720417,17,0,11.4782
vicsek,8.0,rho_8,800,1.6,4,3000,1720418,18,0,11.4032
vicsek,8.0,rho_8,800,1.6,4,3000,1720419,19,0,12.3188
vicsek,8.0,rho_8,800,1.8,5,3000,1720500,0,0,10.2403
vicsek,8.0,rho_8,800,1.8,5,3000,1720501,1,0,11.0134
vicsek,8.0,rho_8,800,1.8,5,3000,1720502,2,0,11.3928
vicsek,8.0,rho_8,800,1.8,5,3000,1720503,3,0,12.0471
vicsek,8.0,rho_8,800,1.8,5,3000,1720504,4,0,10.6831
vicsek,8.0,rho_8,800,1.8,5,3000,1720505,5,0,10.9291
vicsek,8.0,rho_8,800,1.8,5,3000,1720506,6,0,15.2544
vicsek,8.0,rho_8,800,1.8,5,3000,1720507,7,0,11.6729
vicsek,8.0,rho_8,800,1.8,5,3000,1720508,8,0,11.5778
vicsek,8.0,rho_8,800,1.8,5,3000,1720509,9,0,14.4289
vicsek,8.0,rho_8,800,1.8,5,3000,1720510,10,0,11.1513
vicsek,8.0,rho_8,800,1.8,5,3000,1720511,11,0,12.6112
vicsek,8.0,rho_8,800,1.8,5,3000,1720512,12,0,11.8101
vicsek,8.0,rho_8,800,1.8,5,3000,1720513,13,0,12.7265
vicsek,8.0,rho_8,800,1.8,5,3000,1720514,14,0,10.4609
vicsek,8.0,rho_8,800,1.8,5,3000,1720515,15,0,11.4186
vicsek,8.0,rho_8,800,1.8,5,3000,1720516,16,0,12.9369
vicsek,8.0,rho_8,800,1.8,5,3000,1720517,17,0,12.0958
vicsek,8.0,rho_8,800,1.8,5,3000,1720518,18,0,11.9363
vicsek,8.0,rho_8,800,1.8,5,3000,1720519,19,0,12.0982
vicsek,8.0,rho_8,800,2.2,6,3000,1720600,0,0,13.3922
vicsek,8.0,rho_8,800,2.2,6,3000,1720601,1,0,11.2445
vicsek,8.0,rho_8,800,2.2,6,3000,1720602,2,0,12.0087
vicsek,8.0,rho_8,800,2.2,6,3000,1720603,3,0,11.824
vicsek,8.0,rho_8,800,2.2,6,3000,1720604,4,0,11.6483
vicsek,8.0,rho_8,800,2.2,6,3000,1720605,5,0,12.606
vicsek,8.0,rho_8,800,2.2,6,3000,1720606,6,0,12.1176
vicsek,8.0,rho_8,800,2.2,6,3000,1720607,7,0,12.7324
vicsek,8.0,rho_8,800,2.2,6,3000,1720608,8,0,13.2265
vicsek,8.0,rho_8,800,2.2,6,3000,1720609,9,0,15.5696
vicsek,8.0,rho_8,800,2.2,6,3000,1720610,10,0,11.1771
vicsek,8.0,rho_8,800,2.2,6,3000,1720611,11,0,10.6672
vicsek,8.0,rho_8,800,2.2,6,3000,1720612,12,0,13.2007
vicsek,8.0,rho_8,800,2.2,6,3000,1720613,13,0,11.1685
vicsek,8.0,rho_8,800,2.2,6,3000,1720614,14,0,11.8607
vicsek,8.0,rho_8,800,2.2,6,3000,1720615,15,0,11.9608
vicsek,8.0,rho_8,800,2.2,6,3000,1720616,16,0,11.142
vicsek,8.0,rho_8,800,2.2,6,3000,1720617,17,0,12.6783
vicsek,8.0,rho_8,800,2.2,6,3000,1720618,18,0,12.5074
vicsek,8.0,rho_8,800,2.2,6,3000,1720619,19,0,14.3119
vicsek,8.0,rho_8,800,2.4,7,3000,1720700,0,0,12.3034
vicsek,8.0,rho_8,800,2.4,7,3000,1720701,1,0,11.9522
vicsek,8.0,rho_8,800,2.4,7,3000,1720702,2,0,12.0742
vicsek,8.0,rho_8,800,2.4,7,3000,1720703,3,0,12.1181
vicsek,8.0,rho_8,800,2.4,7,3000,1720704,4,0,12.244
vicsek,8.0,rho_8,800,2.4,7,3000,1720705,5,0,11.99
vicsek,8.0,rho_8,800,2.4,7,3000,1720706,6,0,13.8807
vicsek,8.0,rho_8,800,2.4,7,3000,1720707,7,0,12.4567
vicsek,8.0,rho_8,800,2.4,7,3000,1720708,8,0,12.3469
vicsek,8.0,rho_8,800,2.4,7,3000,1720709,9,0,12.8307
vicsek,8.0,rho_8,800,2.4,7,3000,1720710,10,0,12.4611
vicsek,8.0,rho_8,800,2.4,7,3000,1720711,11,0,13.4757
vicsek,8.0,rho_8,800,2.4,7,3000,1720712,12,0,11.8725
vicsek,8.0,rho_8,800,2.4,7,3000,1720713,13,0,10.845
vicsek,8.0,rho_8,800,2.4,7,3000,1720714,14,0,11.7718
vicsek,8.0,rho_8,800,2.4,7,3000,1720715,15,0,12.2224
vicsek,8.0,rho_8,800,2.4,7,3000,1720716,16,0,12.4551
vicsek,8.0,rho_8,800,2.4,7,3000,1720717,17,0,11.3708
vicsek,8.0,rho_8,800,2.4,7,3000,1720718,18,0,11.7588
vicsek,8.0,rho_8,800,2.4,7,3000,1720719,19,0,13.8609
vicsek,8.0,rho_8,800,2.6,8,3000,1720800,0,0,11.7028
vicsek,8.0,rho_8,800,2.6,8,3000,1720801,1,0,16.5525
vicsek,8.0,rho_8,800,2.6,8,3000,1720802,2,0,12.1811
vicsek,8.0,rho_8,800,2.6,8,3000,1720803,3,0,10.8321
vicsek,8.0,rho_8,800,2.6,8,3000,1720804,4,0,12.723
vicsek,8.0,rho_8,800,2.6,8,3000,1720805,5,0,12.8313
vicsek,8.0,rho_8,800,2.6,8,3000,1720806,6,0,11.1843
vicsek,8.0,rho_8,800,2.6,8,3000,1720807,7,0,12.4923
vicsek,8.0,rho_8,800,2.6,8,3000,1720808,8,0,11.7871
vicsek,8.0,rho_8,800,2.6,8,3000,1720809,9,0,12.4616
vicsek,8.0,rho_8,800,2.6,8,3000,1720810,10,0,13.9889
vicsek,8.0,rho_8,800,2.6,8,3000,1720811,11,0,13.6332
vicsek,8.0,rho_8,800,2.6,8,3000,1720812,12,0,12.189
vicsek,8.0,rho_8,800,2.6,8,3000,1720813,13,0,12.0717
vicsek,8.0,rho_8,800,2.6,8,3000,1720814,14,0,12.6216
vicsek,8.0,rho_8,800,2.6,8,3000,1720815,15,0,12.6237
vicsek,8.0,rho_8,800,2.6,8,3000,1720816,16,0,14.1318
vicsek,8.0,rho_8,800,2.6,8,3000,1720817,17,0,12.5245
vicsek,8.0,rho_8,800,2.6,8,3000,1720818,18,0,14.0735
vicsek,8.0,rho_8,800,2.6,8,3000,1720819,19,0,12.377
vicsek,8.0,rho_8,800,2.8,9,3000,1720900,0,0,14.5573
vicsek,8.0,rho_8,800,2.8,9,3000,1720901,1,0,14.4259
vicsek,8.0,rho_8,800,2.8,9,3000,1720902,2,0,12.7821
vicsek,8.0,rho_8,800,2.8,9,3000,1720903,3,0,13.313
vicsek,8.0,rho_8,800,2.8,9,3000,1720904,4,0,13.1077
vicsek,8.0,rho_8,800,2.8,9,3000,1720905,5,0,14.9201
vicsek,8.0,rho_8,800,2.8,9,3000,1720906,6,0,13.3015
vicsek,8.0,rho_8,800,2.8,9,3000,1720907,7,0,12.6678
vicsek,8.0,rho_8,800,2.8,9,3000,1720908,8,0,11.8743
vicsek,8.0,rho_8,800,2.8,9,3000,1720909,9,0,12.8573
vicsek,8.0,rho_8,800,2.8,9,3000,1720910,10,0,13.2919
vicsek,8.0,rho_8,800,2.8,9,3000,1720911,11,0,12.786
vicsek,8.0,rho_8,800,2.8,9,3000,1720912,12,0,13.3191
vicsek,8.0,rho_8,800,2.8,9,3000,1720913,13,0,13.7063
vicsek,8.0,rho_8,800,2.8,9,3000,1720914,14,0,12.6891
vicsek,8.0,rho_8,800,2.8,9,3000,1720915,15,0,13.2719
vicsek,8.0,rho_8,800,2.8,9,3000,1720916,16,0,12.2695
vicsek,8.0,rho_8,800,2.8,9,3000,1720917,17,0,12.5147
vicsek,8.0,rho_8,800,2.8,9,3000,1720918,18,0,14.3452
vicsek,8.0,rho_8,800,2.8,9,3000,1720919,19,0,13.2517
vicsek,8.0,rho_8,800,3.2,10,3000,1721000,0,0,12.7666
vicsek,8.0,rho_8,800,3.2,10,3000,1721001,1,0,12.7327
vicsek,8.0,rho_8,800,3.2,10,3000,1721002,2,0,12.2801
vicsek,8.0,rho_8,800,3.2,10,3000,1721003,3,0,12.4889
vicsek,8.0,rho_8,800,3.2,10,3000,1721004,4,0,13.5692
vicsek,8.0,rho_8,800,3.2,10,3000,1721005,5,0,13.57
vicsek,8.0,rho_8,800,3.2,10,3000,1721006,6,0,14.7713
vicsek,8.0,rho_8,800,3.2,10,3000,1721007,7,0,12.5498
vicsek,8.0,rho_8,800,3.2,10,3000,1721008,8,0,13.5548
vicsek,8.0,rho_8,800,3.2,10,3000,1721009,9,0,14.671
vicsek,8.0,rho_8,800,3.2,10,3000,1721010,10,0,12.4087
vicsek,8.0,rho_8,800,3.2,10,3000,1721011,11,0,12.9916
vicsek,8.0,rho_8,800,3.2,10,3000,1721012,12,0,12.495
vicsek,8.0,rho_8,800,3.2,10,3000,1721013,13,0,11.9767
vicsek,8.0,rho_8,800,3.2,10,3000,1721014,14,0,12.1981
vicsek,8.0,rho_8,800,3.2,10,3000,1721015,15,0,12.5032
vicsek,8.0,rho_8,800,3.2,10,3000,1721016,16,0,13.1902
vicsek,8.0,rho_8,800,3.2,10,3000,1721017,17,0,15.0428
vicsek,8.0,rho_8,800,3.2,10,3000,1721018,18,0,14.0605
vicsek,8.0,rho_8,800,3.2,10,3000,1721019,19,0,12.117
vicsek,8.0,rho_8,800,3.4,11,3000,1721100,0,0,11.9595
vicsek,8.0,rho_8,800,3.4,11,3000,1721101,1,0,13.744
vicsek,8.0,rho_8,800,3.4,11,3000,1721102,2,0,12.8104
vicsek,8.0,rho_8,800,3.4,11,3000,1721103,3,0,13.0997
vicsek,8.0,rho_8,800,3.4,11,3000,1721104,4,0,12.4285
vicsek,8.0,rho_8,800,3.4,11,3000,1721105,5,0,13.2755
vicsek,8.0,rho_8,800,3.4,11,3000,1721106,6,0,12.947
vicsek,8.0,rho_8,800,3.4,11,3000,1721107,7,0,12.3626
vicsek,8.0,rho_8,800,3.4,11,3000,1721108,8,0,12.9043
vicsek,8.0,rho_8,800,3.4,11,3000,1721109,9,0,13.9241
vicsek,8.0,rho_8,800,3.4,11,3000,1721110,10,0,15.4296
vicsek,8.0,rho_8,800,3.4,11,3000,1721111,11,0,13.4272
vicsek,8.0,rho_8,800,3.4,11,3000,1721112,12,0,13.49
vicsek,8.0,rho_8,800,3.4,11,3000,1721113,13,0,12.1769
vicsek,8.0,rho_8,800,3.4,11,3000,1721114,14,0,13.0735
vicsek,8.0,rho_8,800,3.4,11,3000,1721115,15,0,12.4655
vicsek,8.0,rho_8,800,3.4,11,3000,1721116,16,0,14.025
vicsek,8.0,rho_8,800,3.4,11,3000,1721117,17,0,12.8098
vicsek,8.0,rho_8,800,3.4,11,3000,1721118,18,0,13.5962
vicsek,8.0,rho_8,800,3.4,11,3000,1721119,19,0,13.5999
vicsek,8.0,rho_8,800,3.6,12,3000,1721200,0,0,11.8736
vicsek,8.0,rho_8,800,3.6,12,3000,1721201,1,0,12.7785
vicsek,8.0,rho_8,800,3.6,12,3000,1721202,2,0,14.7769
vicsek,8.0,rho_8,800,3.6,12,3000,1721203,3,0,12.0652
vicsek,8.0,rho_8,800,3.6,12,3000,1721204,4,0,11.9695
vicsek,8.0,rho_8,800,3.6,12,3000,1721205,5,0,12.3054
vicsek,8.0,rho_8,800,3.6,12,3000,1721206,6,0,13.5075
vicsek,8.0,rho_8,800,3.6,12,3000,1721207,7,0,13.5351
vicsek,8.0,rho_8,800,3.6,12,3000,1721208,8,0,12.6461
vicsek,8.0,rho_8,800,3.6,12,3000,1721209,9,0,12.3207
vicsek,8.0,rho_8,800,3.6,12,3000,1721210,10,0,14.0268
vicsek,8.0,rho_8,800,3.6,12,3000,1721211,11,0,13.3506
vicsek,8.0,rho_8,800,3.6,12,3000,1721212,12,0,14.1661
vicsek,8.0,rho_8,800,3.6,12,3000,1721213,13,0,15.3005
vicsek,8.0,rho_8,800,3.6,12,3000,1721214,14,0,14.6216
vicsek,8.0,rho_8,800,3.6,12,3000,1721215,15,0,13.9162
vicsek,8.0,rho_8,800,3.6,12,3000,1721216,16,0,12.5074
vicsek,8.0,rho_8,800,3.6,12,3000,1721217,17,0,12.8906
vicsek,8.0,rho_8,800,3.6,12,3000,1721218,18,0,12.9893
vicsek,8.0,rho_8,800,3.6,12,3000,1721219,19,0,13.6319
vicsek,8.0,rho_8,800,3.8,13,3000,1721300,0,0,12.5956
vicsek,8.0,rho_8,800,3.8,13,3000,1721301,1,0,12.2794
vicsek,8.0,rho_8,800,3.8,13,3000,1721302,2,0,12.9426
vicsek,8.0,rho_8,800,3.8,13,3000,1721303,3,0,12.8844
vicsek,8.0,rho_8,800,3.8,13,3000,1721304,4,0,12.8635
vicsek,8.0,rho_8,800,3.8,13,3000,1721305,5,0,11.8183
vicsek,8.0,rho_8,800,3.8,13,3000,1721306,6,0,13.3174
vicsek,8.0,rho_8,800,3.8,13,3000,1721307,7,0,13.7393
vicsek,8.0,rho_8,800,3.8,13,3000,1721308,8,0,12.9215
vicsek,8.0,rho_8,800,3.8,13,3000,1721309,9,0,12.8757
vicsek,8.0,rho_8,800,3.8,13,3000,1721310,10,0,12.5994
vicsek,8.0,rho_8,800,3.8,13,3000,1721311,11,0,12.8601
vicsek,8.0,rho_8,800,3.8,13,3000,1721312,12,0,12.9418
vicsek,8.0,rho_8,800,3.8,13,3000,1721313,13,0,12.0227
vicsek,8.0,rho_8,800,3.8,13,3000,1721314,14,0,13.2881
vicsek,8.0,rho_8,800,3.8,13,3000,1721315,15,0,14.3656
vicsek,8.0,rho_8,800,3.8,13,3000,1721316,16,0,12.8576
vicsek,8.0,rho_8,800,3.8,13,3000,1721317,17,0,12.6304
vicsek,8.0,rho_8,800,3.8,13,3000,1721318,18,0,12.1246
vicsek,8.0,rho_8,800,3.8,13,3000,1721319,19,0,12.4322
vicsek,8.0,rho_8,800,4.2,14,3000,1721400,0,0,12.3185
vicsek,8.0,rho_8,800,4.2,14,3000,1721401,1,0,12.2072
vicsek,8.0,rho_8,800,4.2,14,3000,1721402,2,0,11.5429
vicsek,8.0,rho_8,800,4.2,14,3000,1721403,3,0,12.6294
vicsek,8.0,rho_8,800,4.2,14,3000,1721404,4,0,12.8131
vicsek,8.0,rho_8,800,4.2,14,3000,1721405,5,0,12.9918
vicsek,8.0,rho_8,800,4.2,14,3000,1721406,6,0,12.2319
vicsek,8.0,rho_8,800,4.2,14,3000,1721407,7,0,12.4371
vicsek,8.0,rho_8,800,4.2,14,3000,1721408,8,0,11.8248
vicsek,8.0,rho_8,800,4.2,14,3000,1721409,9,0,11.3695
vicsek,8.0,rho_8,800,4.2,14,3000,1721410,10,0,12.2542
vicsek,8.0,rho_8,800,4.2,14,3000,1721411,11,0,13.0187
vicsek,8.0,rho_8,800,4.2,14,3000,1721412,12,0,11.487
vicsek,8.0,rho_8,800,4.2,14,3000,1721413,13,0,12.5233
vicsek,8.0,rho_8,800,4.2,14,3000,1721414,14,0,12.81
vicsek,8.0,rho_8,800,4.2,14,3000,1721415,15,0,12.9615
vicsek,8.0,rho_8,800,4.2,14,3000,1721416,16,0,12.5372
vicsek,8.0,rho_8,800,4.2,14,3000,1721417,17,0,13.352
vicsek,8.0,rho_8,800,4.2,14,3000,1721418,18,0,12.1275
vicsek,8.0,rho_8,800,4.2,14,3000,1721419,19,0,12.7518
vicsek,8.0,rho_8,800,4.4,15,3000,1721500,0,0,12.1173
vicsek,8.0,rho_8,800,4.4,15,3000,1721501,1,0,13.0015
vicsek,8.0,rho_8,800,4.4,15,3000,1721502,2,0,12.2625
vicsek,8.0,rho_8,800,4.4,15,3000,1721503,3,0,12.114
vicsek,8.0,rho_8,800,4.4,15,3000,1721504,4,0,12.4854
vicsek,8.0,rho_8,800,4.4,15,3000,1721505,5,0,13.1069
vicsek,8.0,rho_8,800,4.4,15,3000,1721506,6,0,11.6372
vicsek,8.0,rho_8,800,4.4,15,3000,1721507,7,0,13.2876
vicsek,8.0,rho_8,800,4.4,15,3000,1721508,8,0,13.0766
vicsek,8.0,rho_8,800,4.4,15,3000,1721509,9,0,11.9801
vicsek,8.0,rho_8,800,4.4,15,3000,1721510,10,0,12.2489
vicsek,8.0,rho_8,800,4.4,15,3000,1721511,11,0,12.1011
vicsek,8.0,rho_8,800,4.4,15,3000,1721512,12,0,13.9226
vicsek,8.0,rho_8,800,4.4,15,3000,1721513,13,0,12.31
vicsek,8.0,rho_8,800,4.4,15,3000,1721514,14,0,11.9657
vicsek,8.0,rho_8,800,4.4,15,3000,1721515,15,0,12.2195
vicsek,8.0,rho_8,800,4.4,15,3000,1721516,16,0,11.9647
vicsek,8.0,rho_8,800,4.4,15,3000,1721517,17,0,12.3508
vicsek,8.0,rho_8,800,4.4,15,3000,1721518,18,0,11.9815
vicsek,8.0,rho_8,800,4.4,15,3000,1721519,19,0,13.0072
vicsek,8.0,rho_8,800,4.6,16,3000,1721600,0,0,11.6726
vicsek,8.0,rho_8,800,4.6,16,3000,1721601,1,0,12.5524
vicsek,8.0,rho_8,800,4.6,16,3000,1721602,2,0,11.7407
vicsek,8.0,rho_8,800,4.6,16,3000,1721603,3,0,11.6633
vicsek,8.0,rho_8,800,4.6,16,3000,1721604,4,0,12.03
vicsek,8.0,rho_8,800,4.6,16,3000,1721605,5,0,12.0341
vicsek,8.0,rho_8,800,4.6,16,3000,1721606,6,0,12.1261
vicsek,8.0,rho_8,800,4.6,16,3000,1721607,7,0,12.3069
vicsek,8.0,rho_8,800,4.6,16,3000,1721608,8,0,12.4415
vicsek,8.0,rho_8,800,4.6,16,3000,1721609,9,0,12.6228
vicsek,8.0,rho_8,800,4.6,16,3000,1721610,10,0,11.7837
vicsek,8.0,rho_8,800,4.6,16,3000,1721611,11,0,12.642
vicsek,8.0,rho_8,800,4.6,16,3000,1721612,12,0,11.7672
vicsek,8.0,rho_8,800,4.6,16,3000,1721613,13,0,11.3771
vicsek,8.0,rho_8,800,4.6,16,3000,1721614,14,0,11.9973
vicsek,8.0,rho_8,800,4.6,16,3000,1721615,15,0,12.4107
vicsek,8.0,rho_8,800,4.6,16,3000,1721616,16,0,11.6738
vicsek,8.0,rho_8,800,4.6,16,3000,1721617,17,0,11.7709
vicsek,8.0,rho_8,800,4.6,16,3000,1721618,18,0,11.9441
vicsek,8.0,rho_8,800,4.6,16,3000,1721619,19,0,11.1954
vicsek,8.0,rho_8,800,4.8,17,3000,1721700,0,0,11.6209
vicsek,8.0,rho_8,800,4.8,17,3000,1721701,1,0,11.5407
vicsek,8.0,rho_8,800,4.8,17,3000,1721702,2,0,11.1578
vicsek,8.0,rho_8,800,4.8,17,3000,1721703,3,0,11.2726
vicsek,8.0,rho_8,800,4.8,17,3000,1721704,4,0,11.1619
vicsek,8.0,rho_8,800,4.8,17,3000,1721705,5,0,11.9342
vicsek,8.0,rho_8,800,4.8,17,3000,1721706,6,0,11.212
vicsek,8.0,rho_8,800,4.8,17,3000,1721707,7,0,11.0603
vicsek,8.0,rho_8,800,4.8,17,3000,1721708,8,0,11.2201
vicsek,8.0,rho_8,800,4.8,17,3000,1721709,9,0,10.9973
vicsek,8.0,rho_8,800,4.8,17,3000,1721710,10,0,12.4968
vicsek,8.0,rho_8,800,4.8,17,3000,1721711,11,0,11.6304
vicsek,8.0,rho_8,800,4.8,17,3000,1721712,12,0,11.7328
vicsek,8.0,rho_8,800,4.8,17,3000,1721713,13,0,11.7441
vicsek,8.0,rho_8,800,4.8,17,3000,1721714,14,0,11.8279
vicsek,8.0,rho_8,800,4.8,17,3000,1721715,15,0,11.6581
vicsek,8.0,rho_8,800,4.8,17,3000,1721716,16,0,10.956
vicsek,8.0,rho_8,800,4.8,17,3000,1721717,17,0,11.382
vicsek,8.0,rho_8,800,4.8,17,3000,1721718,18,0,11.5875
vicsek,8.0,rho_8,800,4.8,17,3000,1721719,19,0,12.2699
vicsek,8.0,rho_8,800,5.2,18,3000,1721800,0,0,10.2586
vicsek,8.0,rho_8,800,5.2,18,3000,1721801,1,0,10.6029
vicsek,8.0,rho_8,800,5.2,18,3000,1721802,2,0,10.4319
vicsek,8.0,rho_8,800,5.2,18,3000,1721803,3,0,10.3952
vicsek,8.0,rho_8,800,5.2,18,3000,1721804,4,0,10.4553
vicsek,8.0,rho_8,800,5.2,18,3000,1721805,5,0,10.5932
vicsek,8.0,rho_8,800,5.2,18,3000,1721806,6,0,10.5674
vicsek,8.0,rho_8,800,5.2,18,3000,1721807,7,0,10.406
vicsek,8.0,rho_8,800,5.2,18,3000,1721808,8,0,10.3994
vicsek,8.0,rho_8,800,5.2,18,3000,1721809,9,0,10.7031
vicsek,8.0,rho_8,800,5.2,18,3000,1721810,10,0,10.5105
vicsek,8.0,rho_8,800,5.2,18,3000,1721811,11,0,10.4256
vicsek,8.0,rho_8,800,5.2,18,3000,1721812,12,0,10.5381
vicsek,8.0,rho_8,800,5.2,18,3000,1721813,13,0,10.4757
vicsek,8.0,rho_8,800,5.2,18,3000,1721814,14,0,10.6558
vicsek,8.0,rho_8,800,5.2,18,3000,1721815,15,0,10.5459
vicsek,8.0,rho_8,800,5.2,18,3000,1721816,16,0,10.725
vicsek,8.0,rho_8,800,5.2,18,3000,1721817,17,0,10.5874
vicsek,8.0,rho_8,800,5.2,18,3000,1721818,18,0,10.6055
vicsek,8.0,rho_8,800,5.2,18,3000,1721819,19,0,10.5036
vicsek,8.0,rho_8,800,5.4,19,3000,1721900,0,0,10.3141
vicsek,8.0,rho_8,800,5.4,19,3000,1721901,1,0,10.5084
vicsek,8.0,rho_8,800,5.4,19,3000,1721902,2,0,10.6205
vicsek,8.0,rho_8,800,5.4,19,3000,1721903,3,0,10.2734
vicsek,8.0,rho_8,800,5.4,19,3000,1721904,4,0,10.4005
vicsek,8.0,rho_8,800,5.4,19,3000,1721905,5,0,10.1043
vicsek,8.0,rho_8,800,5.4,19,3000,1721906,6,0,10.2776
vicsek,8.0,rho_8,800,5.4,19,3000,1721907,7,0,10.1715
vicsek,8.0,rho_8,800,5.4,19,3000,1721908,8,0,10.0821
vicsek,8.0,rho_8,800,5.4,19,3000,1721909,9,0,10.3118
vicsek,8.0,rho_8,800,5.4,19,3000,1721910,10,0,10.163
vicsek,8.0,rho_8,800,5.4,19,3000,1721911,11,0,10.1575
vicsek,8.0,rho_8,800,5.4,19,3000,1721912,12,0,10.1449
vicsek,8.0,rho_8,800,5.4,19,3000,1721913,13,0,10.361
vicsek,8.0,rho_8,800,5.4,19,3000,1721914,14,0,10.107
vicsek,8.0,rho_8,800,5.4,19,3000,1721915,15,0,10.1786
vicsek,8.0,rho_8,800,5.4,19,3000,1721916,16,0,10.219
vicsek,8.0,rho_8,800,5.4,19,3000,1721917,17,0,10.3775
vicsek,8.0,rho_8,800,5.4,19,3000,1721918,18,0,10.3582
vicsek,8.0,rho_8,800,5.4,19,3000,1721919,19,0,10.1535
vicsek,8.0,rho_8,800,5.6,20,3000,1722000,0,0,10.157
vicsek,8.0,rho_8,800,5.6,20,3000,1722001,1,0,10.0299
vicsek,8.0,rho_8,800,5.6,20,3000,1722002,2,0,10.1602
vicsek,8.0,rho_8,800,5.6,20,3000,1722003,3,0,10.0544
vicsek,8.0,rho_8,800,5.6,20,3000,1722004,4,0,10.0235
vicsek,8.0,rho_8,800,5.6,20,3000,1722005,5,0,10.2227
vicsek,8.0,rho_8,800,5.6,20,3000,1722006,6,0,9.8977
vicsek,8.0,rho_8,800,5.6,20,3000,1722007,7,0,9.9792
vicsek,8.0,rho_8,800,5.6,20,3000,1722008,8,0,10.108
vicsek,8.0,rho_8,800,5.6,20,3000,1722009,9,0,10.0337
vicsek,8.0,rho_8,800,5.6,20,3000,1722010,10,0,9.9721
vicsek,8.0,rho_8,800,5.6,20,3000,1722011,11,0,10.1815
vicsek,8.0,rho_8,800,5.6,20,3000,1722012,12,0,10.0025
vicsek,8.0,rho_8,800,5.6,20,3000,1722013,13,0,10.0098
vicsek,8.0,rho_8,800,5.6,20,3000,1722014,14,0,10.0748
vicsek,8.0,rho_8,800,5.6,20,3000,1722015,15,0,10.1205
vicsek,8.0,rho_8,800,5.6,20,3000,1722016,16,0,10.0166
vicsek,8.0,rho_8,800,5.6,20,3000,1722017,17,0,10.2026
vicsek,8.0,rho_8,800,5.6,20,3000,1722018,18,0,10.1704
vicsek,8.0,rho_8,800,5.6,20,3000,1722019,19,0,10.0171
vicsek,8.0,rho_8,800,5.8,21,3000,1722100,0,0,9.9522
vicsek,8.0,rho_8,800,5.8,21,3000,1722101,1,0,9.9557
vicsek,8.0,rho_8,800,5.8,21,3000,1722102,2,0,9.9712
vicsek,8.0,rho_8,800,5.8,21,3000,1722103,3,0,9.8846
vicsek,8.0,rho_8,800,5.8,21,3000,1722104,4,0,9.8319
vicsek,8.0,rho_8,800,5.8,21,3000,1722105,5,0,9.9375
vicsek,8.0,rho_8,800,5.8,21,3000,1722106,6,0,10.1826
vicsek,8.0,rho_8,800,5.8,21,3000,1722107,7,0,9.872
vicsek,8.0,rho_8,800,5.8,21,3000,1722108,8,0,10.0054
vicsek,8.0,rho_8,800,5.8,21,3000,1722109,9,0,9.974
vicsek,8.0,rho_8,800,5.8,21,3000,1722110,10,0,9.9689
vicsek,8.0,rho_8,800,5.8,21,3000,1722111,11,0,9.9918
vicsek,8.0,rho_8,800,5.8,21,3000,1722112,12,0,9.9925
vicsek,8.0,rho_8,800,5.8,21,3000,1722113,13,0,10.019
vicsek,8.0,rho_8,800,5.8,21,3000,1722114,14,0,9.996
vicsek,8.0,rho_8,800,5.8,21,3000,1722115,15,0,10.1687
vicsek,8.0,rho_8,800,5.8,21,3000,1722116,16,0,10.13
vicsek,8.0,rho_8,800,5.8,21,3000,1722117,17,0,10.0561
vicsek,8.0,rho_8,800,5.8,21,3000,1722118,18,0,10.0748
vicsek,8.0,rho_8,800,5.8,21,3000,1722119,19,0,10.1178
vicsek,8.0,rho_8,800,6.2,22,3000,1722200,0,0,9.9212
vicsek,8.0,rho_8,800,6.2,22,3000,1722201,1,0,9.8805
vicsek,8.0,rho_8,800,6.2,22,3000,1722202,2,0,10.0424
vicsek,8.0,rho_8,800,6.2,22,3000,1722203,3,0,9.9847
vicsek,8.0,rho_8,800,6.2,22,3000,1722204,4,0,9.9018
vicsek,8.0,rho_8,800,6.2,22,3000,1722205,5,0,9.6491
vicsek,8.0,rho_8,800,6.2,22,3000,1722206,6,0,9.8046
vicsek,8.0,rho_8,800,6.2,22,3000,1722207,7,0,9.9072
vicsek,8.0,rho_8,800,6.2,22,3000,1722208,8,0,9.8222
vicsek,8.0,rho_8,800,6.2,22,3000,1722209,9,0,9.9175
vicsek,8.0,rho_8,800,6.2,22,3000,1722210,10,0,9.8389
vicsek,8.0,rho_8,800,6.2,22,3000,1722211,11,0,9.8086
vicsek,8.0,rho_8,800,6.2,22,3000,1722212,12,0,9.7598
vicsek,8.0,rho_8,800,6.2,22,3000,1722213,13,0,9.915
vicsek,8.0,rho_8,800,6.2,22,3000,1722214,14,0,9.781
vicsek,8.0,rho_8,800,6.2,22,3000,1722215,15,0,9.9345
vicsek,8.0,rho_8,800,6.2,22,3000,1722216,16,0,9.9275
vicsek,8.0,rho_8,800,6.2,22,3000,1722217,17,0,9.9254
vicsek,8.0,rho_8,800,6.2,22,3000,1722218,18,0,10.0248
vicsek,8.0,rho_8,800,6.2,22,3000,1722219,19,0,10.0899
voter,2.0,rho_2,200,0.6,0,3000,1800000,0,0,1.7406
voter,2.0,rho_2,200,0.6,0,3000,1800001,1,0,1.5677
voter,2.0,rho_2,200,0.6,0,3000,1800002,2,0,1.6827
voter,2.0,rho_2,200,0.6,0,3000,1800003,3,0,1.6955
voter,2.0,rho_2,200,0.6,0,3000,1800004,4,0,1.6033
voter,2.0,rho_2,200,0.6,0,3000,1800005,5,0,1.7744
voter,2.0,rho_2,200,0.6,0,3000,1800006,6,0,1.8069
voter,2.0,rho_2,200,0.6,0,3000,1800007,7,0,1.5827
voter,2.0,rho_2,200,0.6,0,3000,1800008,8,0,1.8191
voter,2.0,rho_2,200,0.6,0,3000,1800009,9,0,1.6788
voter,2.0,rho_2,200,0.6,0,3000,1800010,10,0,1.6695
voter,2.0,rho_2,200,0.6,0,3000,1800011,11,0,1.6467
voter,2.0,rho_2,200,0.6,0,3000,1800012,12,0,1.7087
voter,2.0,rho_2,200,0.6,0,3000,1800013,13,0,1.6086
voter,2.0,rho_2,200,0.6,0,3000,1800014,14,0,1.6411
voter,2.0,rho_2,200,0.6,0,3000,1800015,15,0,1.854
voter,2.0,rho_2,200,0.6,0,3000,1800016,16,0,1.7558
voter,2.0,rho_2,200,0.6,0,3000,1800017,17,0,1.742
voter,2.0,rho_2,200,0.6,0,3000,1800018,18,0,1.6251
voter,2.0,rho_2,200,0.6,0,3000,1800019,19,0,1.682
voter,2.0,rho_2,200,0.8,1,3000,1800100,0,0,1.596
voter,2.0,rho_2,200,0.8,1,3000,1800101,1,0,1.5898
voter,2.0,rho_2,200,0.8,1,3000,1800102,2,0,1.6339
voter,2.0,rho_2,200,0.8,1,3000,1800103,3,0,1.6383
voter,2.0,rho_2,200,0.8,1,3000,1800104,4,0,1.7329
voter,2.0,rho_2,200,0.8,1,3000,1800105,5,0,1.773
voter,2.0,rho_2,200,0.8,1,3000,1800106,6,0,1.8672
voter,2.0,rho_2,200,0.8,1,3000,1800107,7,0,1.986
voter,2.0,rho_2,200,0.8,1,3000,1800108,8,0,1.786
voter,2.0,rho_2,200,0.8,1,3000,1800109,9,0,1.8427
voter,2.0,rho_2,200,0.8,1,3000,1800110,10,0,1.7947
voter,2.0,rho_2,200,0.8,1,3000,1800111,11,0,1.8675
voter,2.0,rho_2,200,0.8,1,3000,1800112,12,0,1.8629
voter,2.0,rho_2,200,0.8,1,3000,1800113,13,0,1.798
voter,2.0,rho_2,200,0.8,1,3000,1800114,14,0,1.7311
voter,2.0,rho_2,200,0.8,1,3000,1800115,15,0,1.7282
voter,2.0,rho_2,200,0.8,1,3000,1800116,16,0,1.8197
voter,2.0,rho_2,200,0.8,1,3000,1800117,17,0,1.7447
voter,2.0,rho_2,200,0.8,1,3000,1800118,18,0,1.7896
voter,2.0,rho_2,200,0.8,1,3000,1800119,19,0,1.6382
voter,2.0,rho_2,200,1.2,2,3000,1800200,0,0,1.6469
voter,2.0,rho_2,200,1.2,2,3000,1800201,1,0,1.6585
voter,2.0,rho_2,200,1.2,2,3000,1800202,2,0,1.713
voter,2.0,rho_2,200,1.2,2,3000,1800203,3,0,1.7699
voter,2.0,rho_2,200,1.2,2,3000,1800204,4,0,1.6778
voter,2.0,rho_2,200,1.2,2,3000,1800205,5,0,1.6861
voter,2.0,rho_2,200,1.2,2,3000,1800206,6,0,1.6432
voter,2.0,rho_2,200,1.2,2,3000,1800207,7,0,1.727
voter,2.0,rho_2,200,1.2,2,3000,1800208,8,0,1.6168
voter,2.0,rho_2,200,1.2,2,3000,1800209,9,0,1.6331
voter,2.0,rho_2,200,1.2,2,3000,1800210,10,0,1.6434
voter,2.0,rho_2,200,1.2,2,3000,1800211,11,0,1.6193
voter,2.0,rho_2,200,1.2,2,3000,1800212,12,0,1.6561
voter,2.0,rho_2,200,1.2,2,3000,1800213,13,0,1.6574
voter,2.0,rho_2,200,1.2,2,3000,1800214,14,0,1.6029
voter,2.0,rho_2,200,1.2,2,3000,1800215,15,0,1.6261
voter,2.0,rho_2,200,1.2,2,3000,1800216,16,0,1.6631
voter,2.0,rho_2,200,1.2,2,3000,1800217,17,0,1.693
voter,2.0,rho_2,200,1.2,2,3000,1800218,18,0,1.6636
voter,2.0,rho_2,200,1.2,2,3000,1800219,19,0,1.484
voter,2.0,rho_2,200,1.4,3,3000,1800300,0,0,1.5397
voter,2.0,rho_2,200,1.4,3,3000,1800301,1,0,1.6025
voter,2.0,rho_2,200,1.4,3,3000,1800302,2,0,1.6289
voter,2.0,rho_2,200,1.4,3,3000,1800303,3,0,1.5926
voter,2.0,rho_2,200,1.4,3,3000,1800304,4,0,1.5543
voter,2.0,rho_2,200,1.4,3,3000,1800305,5,0,1.538
voter,2.0,rho_2,200,1.4,3,3000,1800306,6,0,1.5388
voter,2.0,rho_2,200,1.4,3,3000,1800307,7,0,1.5457
voter,2.0,rho_2,200,1.4,3,3000,1800308,8,0,1.5369
voter,2.0,rho_2,200,1.4,3,3000,1800309,9,0,1.4871
voter,2.0,rho_2,200,1.4,3,3000,1800310,10,0,1.5379
voter,2.0,rho_2,200,1.4,3,3000,1800311,11,0,1.581
voter,2.0,rho_2,200,1.4,3,3000,1800312,12,0,1.5719
voter,2.0,rho_2,200,1.4,3,3000,1800313,13,0,1.5036
voter,2.0,rho_2,200,1.4,3,3000,1800314,14,0,1.5598
voter,2.0,rho_2,200,1.4,3,3000,1800315,15,0,1.4796
voter,2.0,rho_2,200,1.4,3,3000,1800316,16,0,1.5809
voter,2.0,rho_2,200,1.4,3,3000,1800317,17,0,1.5325
voter,2.0,rho_2,200,1.4,3,3000,1800318,18,0,1.5688
voter,2.0,rho_2,200,1.4,3,3000,1800319,19,0,1.5777
voter,2.0,rho_2,200,1.6,4,3000,1800400,0,0,1.544
voter,2.0,rho_2,200,1.6,4,3000,1800401,1,0,1.5484
voter,2.0,rho_2,200,1.6,4,3000,1800402,2,0,1.6049
voter,2.0,rho_2,200,1.6,4,3000,1800403,3,0,1.5536
voter,2.0,rho_2,200,1.6,4,3000,1800404,4,0,1.5473
voter,2.0,rho_2,200,1.6,4,3000,1800405,5,0,1.5306
voter,2.0,rho_2,200,1.6,4,3000,1800406,6,0,1.5407
voter,2.0,rho_2,200,1.6,4,3000,1800407,7,0,1.5741
voter,2.0,rho_2,200,1.6,4,3000,1800408,8,0,1.5371
voter,2.0,rho_2,200,1.6,4,3000,1800409,9,0,1.5736
voter,2.0,rho_2,200,1.6,4,3000,1800410,10,0,1.5665
voter,2.0,rho_2,200,1.6,4,3000,1800411,11,0,1.5357
voter,2.0,rho_2,200,1.6,4,3000,1800412,12,0,1.5223
voter,2.0,rho_2,200,1.6,4,3000,1800413,13,0,1.5579
voter,2.0,rho_2,200,1.6,4,3000,1800414,14,0,1.5433
voter,2.0,rho_2,200,1.6,4,3000,1800415,15,0,1.6142
voter,2.0,rho_2,200,1.6,4,3000,1800416,16,0,1.5652
voter,2.0,rho_2,200,1.6,4,3000,1800417,17,0,1.5707
voter,2.0,rho_2,200,1.6,4,3000,1800418,18,0,1.5898
voter,2.0,rho_2,200,1.6,4,3000,1800419,19,0,1.5965
voter,2.0,rho_2,200,1.8,5,3000,1800500,0,0,1.5953
voter,2.0,rho_2,200,1.8,5,3000,1800501,1,0,1.623
voter,2.0,rho_2,200,1.8,5,3000,1800502,2,0,1.5836
voter,2.0,rho_2,200,1.8,5,3000,1800503,3,0,1.5838
voter,2.0,rho_2,200,1.8,5,3000,1800504,4,0,1.5523
voter,2.0,rho_2,200,1.8,5,3000,1800505,5,0,1.5368
voter,2.0,rho_2,200,1.8,5,3000,1800506,6,0,1.5503
voter,2.0,rho_2,200,1.8,5,3000,1800507,7,0,1.486
voter,2.0,rho_2,200,1.8,5,3000,1800508,8,0,1.5326
voter,2.0,rho_2,200,1.8,5,3000,1800509,9,0,1.5241
voter,2.0,rho_2,200,1.8,5,3000,1800510,10,0,1.5051
voter,2.0,rho_2,200,1.8,5,3000,1800511,11,0,1.5377
voter,2.0,rho_2,200,1.8,5,3000,1800512,12,0,1.5095
voter,2.0,rho_2,200,1.8,5,3000,1800513,13,0,1.5146
voter,2.0,rho_2,200,1.8,5,3000,1800514,14,0,1.4816
voter,2.0,rho_2,200,1.8,5,3000,1800515,15,0,1.4862
voter,2.0,rho_2,200,1.8,5,3000,1800516,16,0,1.4529
voter,2.0,rho_2,200,1.8,5,3000,1800517,17,0,1.4836
voter,2.0,rho_2,200,1.8,5,3000,1800518,18,0,1.5044
voter,2.0,rho_2,200,1.8,5,3000,1800519,19,0,1.5689
voter,2.0,rho_2,200,2.2,6,3000,1800600,0,0,1.4408
voter,2.0,rho_2,200,2.2,6,3000,1800601,1,0,1.5079
voter,2.0,rho_2,200,2.2,6,3000,1800602,2,0,1.5667
voter,2.0,rho_2,200,2.2,6,3000,1800603,3,0,1.5714
voter,2.0,rho_2,200,2.2,6,3000,1800604,4,0,1.5508
voter,2.0,rho_2,200,2.2,6,3000,1800605,5,0,1.5864
voter,2.0,rho_2,200,2.2,6,3000,1800606,6,0,1.5586
voter,2.0,rho_2,200,2.2,6,3000,1800607,7,0,1.5725
voter,2.0,rho_2,200,2.2,6,3000,1800608,8,0,1.5591
voter,2.0,rho_2,200,2.2,6,3000,1800609,9,0,1.5994
voter,2.0,rho_2,200,2.2,6,3000,1800610,10,0,1.5031
voter,2.0,rho_2,200,2.2,6,3000,1800611,11,0,1.5815
voter,2.0,rho_2,200,2.2,6,3000,1800612,12,0,1.53
voter,2.0,rho_2,200,2.2,6,3000,1800613,13,0,1.4888
voter,2.0,rho_2,200,2.2,6,3000,1800614,14,0,1.5078
voter,2.0,rho_2,200,2.2,6,3000,1800615,15,0,1.4914
voter,2.0,rho_2,200,2.2,6,3000,1800616,16,0,1.4793
voter,2.0,rho_2,200,2.2,6,3000,1800617,17,0,1.4919
voter,2.0,rho_2,200,2.2,6,3000,1800618,18,0,1.542
voter,2.0,rho_2,200,2.2,6,3000,1800619,19,0,1.488
voter,2.0,rho_2,200,2.4,7,3000,1800700,0,0,1.4796
voter,2.0,rho_2,200,2.4,7,3000,1800701,1,0,1.5381
voter,2.0,rho_2,200,2.4,7,3000,1800702,2,0,1.4569
voter,2.0,rho_2,200,2.4,7,3000,1800703,3,0,1.5091
voter,2.0,rho_2,200,2.4,7,3000,1800704,4,0,1.4537
voter,2.0,rho_2,200,2.4,7,3000,1800705,5,0,1.4344
voter,2.0,rho_2,200,2.4,7,3000,1800706,6,0,1.432
voter,2.0,rho_2,200,2.4,7,3000,1800707,7,0,1.5114
voter,2.0,rho_2,200,2.4,7,3000,1800708,8,0,1.4681
voter,2.0,rho_2,200,2.4,7,3000,1800709,9,0,1.4844
voter,2.0,rho_2,200,2.4,7,3000,1800710,10,0,1.4896
voter,2.0,rho_2,200,2.4,7,3000,1800711,11,0,1.4316
voter,2.0,rho_2,200,2.4,7,3000,1800712,12,0,1.4407
voter,2.0,rho_2,200,2.4,7,3000,1800713,13,0,1.4572
voter,2.0,rho_2,200,2.4,7,3000,1800714,14,0,1.484
voter,2.0,rho_2,200,2.4,7,3000,1800715,15,0,1.4572
voter,2.0,rho_2,200,2.4,7,3000,1800716,16,0,1.4854
voter,2.0,rho_2,200,2.4,7,3000,1800717,17,0,1.52
voter,2.0,rho_2,200,2.4,7,3000,1800718,18,0,1.4967
voter,2.0,rho_2,200,2.4,7,3000,1800719,19,0,1.4358
voter,2.0,rho_2,200,2.6,8,3000,1800800,0,0,1.4763
voter,2.0,rho_2,200,2.6,8,3000,1800801,1,0,1.5221
voter,2.0,rho_2,200,2.6,8,3000,1800802,2,0,1.5183
voter,2.0,rho_2,200,2.6,8,3000,1800803,3,0,1.5493
voter,2.0,rho_2,200,2.6,8,3000,1800804,4,0,1.5103
voter,2.0,rho_2,200,2.6,8,3000,1800805,5,0,1.5558
voter,2.0,rho_2,200,2.6,8,3000,1800806,6,0,1.4694
voter,2.0,rho_2,200,2.6,8,3000,1800807,7,0,1.483
voter,2.0,rho_2,200,2.6,8,3000,1800808,8,0,1.4939
voter,2.0,rho_2,200,2.6,8,3000,1800809,9,0,1.4833
voter,2.0,rho_2,200,2.6,8,3000,1800810,10,0,1.4881
voter,2.0,rho_2,200,2.6,8,3000,1800811,11,0,1.4545
voter,2.0,rho_2,200,2.6,8,3000,1800812,12,0,1.456
voter,2.0,rho_2,200,2.6,8,3000,1800813,13,0,1.4252
voter,2.0,rho_2,200,2.6,8,3000,1800814,14,0,1.5084
voter,2.0,rho_2,200,2.6,8,3000,1800815,15,0,1.4768
voter,2.0,rho_2,200,2.6,8,3000,1800816,16,0,1.4346
voter,2.0,rho_2,200,2.6,8,3000,1800817,17,0,1.4647
voter,2.0,rho_2,200,2.6,8,3000,1800818,18,0,1.4353
voter,2.0,rho_2,200,2.6,8,3000,1800819,19,0,1.4435
voter,2.0,rho_2,200,2.8,9,3000,1800900,0,0,1.432
voter,2.0,rho_2,200,2.8,9,3000,1800901,1,0,1.4661
voter,2.0,rho_2,200,2.8,9,3000,1800902,2,0,1.4804
voter,2.0,rho_2,200,2.8,9,3000,1800903,3,0,1.4333
voter,2.0,rho_2,200,2.8,9,3000,1800904,4,0,1.4366
voter,2.0,rho_2,200,2.8,9,3000,1800905,5,0,1.4482
voter,2.0,rho_2,200,2.8,9,3000,1800906,6,0,1.48
voter,2.0,rho_2,200,2.8,9,3000,1800907,7,0,1.4088
voter,2.0,rho_2,200,2.8,9,3000,1800908,8,0,1.4629
voter,2.0,rho_2,200,2.8,9,3000,1800909,9,0,1.4586
voter,2.0,rho_2,200,2.8,9,3000,1800910,10,0,1.4723
voter,2.0,rho_2,200,2.8,9,3000,1800911,11,0,1.4695
voter,2.0,rho_2,200,2.8,9,3000,1800912,12,0,1.4956
voter,2.0,rho_2,200,2.8,9,3000,1800913,13,0,1.4832
voter,2.0,rho_2,200,2.8,9,3000,1800914,14,0,1.5073
voter,2.0,rho_2,200,2.8,9,3000,1800915,15,0,1.46
voter,2.0,rho_2,200,2.8,9,3000,1800916,16,0,1.4692
voter,2.0,rho_2,200,2.8,9,3000,1800917,17,0,1.4854
voter,2.0,rho_2,200,2.8,9,3000,1800918,18,0,1.5179
voter,2.0,rho_2,200,2.8,9,3000,1800919,19,0,1.4955
voter,2.0,rho_2,200,3.2,10,3000,1801000,0,0,1.5262
voter,2.0,rho_2,200,3.2,10,3000,1801001,1,0,1.4412
voter,2.0,rho_2,200,3.2,10,3000,1801002,2,0,1.4708
voter,2.0,rho_2,200,3.2,10,3000,1801003,3,0,1.4978
voter,2.0,rho_2,200,3.2,10,3000,1801004,4,0,1.4281
voter,2.0,rho_2,200,3.2,10,3000,1801005,5,0,1.4254
voter,2.0,rho_2,200,3.2,10,3000,1801006,6,0,1.5118
voter,2.0,rho_2,200,3.2,10,3000,1801007,7,0,1.4061
voter,2.0,rho_2,200,3.2,10,3000,1801008,8,0,1.4601
voter,2.0,rho_2,200,3.2,10,3000,1801009,9,0,1.476
voter,2.0,rho_2,200,3.2,10,3000,1801010,10,0,1.4836
voter,2.0,rho_2,200,3.2,10,3000,1801011,11,0,1.4917
voter,2.0,rho_2,200,3.2,10,3000,1801012,12,0,1.454
voter,2.0,rho_2,200,3.2,10,3000,1801013,13,0,1.4707
voter,2.0,rho_2,200,3.2,10,3000,1801014,14,0,1.468
voter,2.0,rho_2,200,3.2,10,3000,1801015,15,0,1.4596
voter,2.0,rho_2,200,3.2,10,3000,1801016,16,0,1.4701
voter,2.0,rho_2,200,3.2,10,3000,1801017,17,0,1.4968
voter,2.0,rho_2,200,3.2,10,3000,1801018,18,0,1.4377
voter,2.0,rho_2,200,3.2,10,3000,1801019,19,0,1.4441
voter,2.0,rho_2,200,3.4,11,3000,1801100,0,0,1.4487
voter,2.0,rho_2,200,3.4,11,3000,1801101,1,0,1.4406
voter,2.0,rho_2,200,3.4,11,3000,1801102,2,0,1.5057
voter,2.0,rho_2,200,3.4,11,3000,1801103,3,0,1.4859
voter,2.0,rho_2,200,3.4,11,3000,1801104,4,0,1.4758
voter,2.0,rho_2,200,3.4,11,3000,1801105,5,0,1.4668
voter,2.0,rho_2,200,3.4,11,3000,1801106,6,0,1.4786
voter,2.0,rho_2,200,3.4,11,3000,1801107,7,0,1.4798
voter,2.0,rho_2,200,3.4,11,3000,1801108,8,0,1.4581
voter,2.0,rho_2,200,3.4,11,3000,1801109,9,0,1.4732
voter,2.0,rho_2,200,3.4,11,3000,1801110,10,0,1.4546
voter,2.0,rho_2,200,3.4,11,3000,1801111,11,0,1.4368
voter,2.0,rho_2,200,3.4,11,3000,1801112,12,0,1.4595
voter,2.0,rho_2,200,3.4,11,3000,1801113,13,0,1.5045
voter,2.0,rho_2,200,3.4,11,3000,1801114,14,0,1.4857
voter,2.0,rho_2,200,3.4,11,3000,1801115,15,0,1.4529
voter,2.0,rho_2,200,3.4,11,3000,1801116,16,0,1.4887
voter,2.0,rho_2,200,3.4,11,3000,1801117,17,0,1.443
voter,2.0,rho_2,200,3.4,11,3000,1801118,18,0,1.4204
voter,2.0,rho_2,200,3.4,11,3000,1801119,19,0,1.4741
voter,2.0,rho_2,200,3.6,12,3000,1801200,0,0,1.4523
voter,2.0,rho_2,200,3.6,12,3000,1801201,1,0,1.4694
voter,2.0,rho_2,200,3.6,12,3000,1801202,2,0,1.4528
voter,2.0,rho_2,200,3.6,12,3000,1801203,3,0,1.4475
voter,2.0,rho_2,200,3.6,12,3000,1801204,4,0,1.5023
voter,2.0,rho_2,200,3.6,12,3000,1801205,5,0,1.4803
voter,2.0,rho_2,200,3.6,12,3000,1801206,6,0,1.5072
voter,2.0,rho_2,200,3.6,12,3000,1801207,7,0,1.5048
voter,2.0,rho_2,200,3.6,12,3000,1801208,8,0,1.4484
voter,2.0,rho_2,200,3.6,12,3000,1801209,9,0,1.5163
voter,2.0,rho_2,200,3.6,12,3000,1801210,10,0,1.5048
voter,2.0,rho_2,200,3.6,12,3000,1801211,11,0,1.4895
voter,2.0,rho_2,200,3.6,12,3000,1801212,12,0,1.4777
voter,2.0,rho_2,200,3.6,12,3000,1801213,13,0,1.5174
voter,2.0,rho_2,200,3.6,12,3000,1801214,14,0,1.493
voter,2.0,rho_2,200,3.6,12,3000,1801215,15,0,1.513
voter,2.0,rho_2,200,3.6,12,3000,1801216,16,0,1.4297
voter,2.0,rho_2,200,3.6,12,3000,1801217,17,0,1.5021
voter,2.0,rho_2,200,3.6,12,3000,1801218,18,0,1.502
voter,2.0,rho_2,200,3.6,12,3000,1801219,19,0,1.4838
voter,2.0,rho_2,200,3.8,13,3000,1801300,0,0,1.4932
voter,2.0,rho_2,200,3.8,13,3000,1801301,1,0,1.4329
voter,2.0,rho_2,200,3.8,13,3000,1801302,2,0,1.4874
voter,2.0,rho_2,200,3.8,13,3000,1801303,3,0,1.4338
voter,2.0,rho_2,200,3.8,13,3000,1801304,4,0,1.4173
voter,2.0,rho_2,200,3.8,13,3000,1801305,5,0,1.364
voter,2.0,rho_2,200,3.8,13,3000,1801306,6,0,1.452
voter,2.0,rho_2,200,3.8,13,3000,1801307,7,0,1.4487
voter,2.0,rho_2,200,3.8,13,3000,1801308,8,0,1.4582
voter,2.0,rho_2,200,3.8,13,3000,1801309,9,0,1.4179
voter,2.0,rho_2,200,3.8,13,3000,1801310,10,0,1.4506
voter,2.0,rho_2,200,3.8,13,3000,1801311,11,0,1.4221
voter,2.0,rho_2,200,3.8,13,3000,1801312,12,0,1.4166
voter,2.0,rho_2,200,3.8,13,3000,1801313,13,0,1.4038
voter,2.0,rho_2,200,3.8,13,3000,1801314,14,0,1.42
voter,2.0,rho_2,200,3.8,13,3000,1801315,15,0,1.4215
voter,2.0,rho_2,200,3.8,13,3000,1801316,16,0,1.434
voter,2.0,rho_2,200,3.8,13,3000,1801317,17,0,1.4422
voter,2.0,rho_2,200,3.8,13,3000,1801318,18,0,1.4185
voter,2.0,rho_2,200,3.8,13,3000,1801319,19,0,1.4301
voter,2.0,rho_2,200,4.2,14,3000,1801400,0,0,1.4257
voter,2.0,rho_2,200,4.2,14,3000,1801401,1,0,1.4015
voter,2.0,rho_2,200,4.2,14,3000,1801402,2,0,1.427
voter,2.0,rho_2,200,4.2,14,3000,1801403,3,0,1.4095
voter,2.0,rho_2,200,4.2,14,3000,1801404,4,0,1.4332
voter,2.0,rho_2,200,4.2,14,3000,1801405,5,0,1.4304
voter,2.0,rho_2,200,4.2,14,3000,1801406,6,0,1.4012
voter,2.0,rho_2,200,4.2,14,3000,1801407,7,0,1.4304
voter,2.0,rho_2,200,4.2,14,3000,1801408,8,0,1.4317
voter,2.0,rho_2,200,4.2,14,3000,1801409,9,0,1.4437
voter,2.0,rho_2,200,4.2,14,3000,1801410,10,0,1.4228
voter,2.0,rho_2,200,4.2,14,3000,1801411,11,0,1.4101
voter,2.0,rho_2,200,4.2,14,3000,1801412,12,0,1.4019
voter,2.0,rho_2,200,4.2,14,3000,1801413,13,0,1.4108
voter,2.0,rho_2,200,4.2,14,3000,1801414,14,0,1.4343
voter,2.0,rho_2,200,4.2,14,3000,1801415,15,0,1.4454
voter,2.0,rho_2,200,4.2,14,3000,1801416,16,0,1.4232
voter,2.0,rho_2,200,4.2,14,3000,1801417,17,0,1.4494
voter,2.0,rho_2,200,4.2,14,3000,1801418,18,0,1.3939
voter,2.0,rho_2,200,4.2,14,3000,1801419,19,0,1.4168
voter,2.0,rho_2,200,4.4,15,3000,1801500,0,0,1.394
voter,2.0,rho_2,200,4.4,15,3000,1801501,1,0,1.4063
voter,2.0,rho_2,200,4.4,15,3000,1801502,2,0,1.4052
voter,2.0,rho_2,200,4.4,15,3000,1801503,3,0,1.3888
voter,2.0,rho_2,200,4.4,15,3000,1801504,4,0,1.4033
voter,2.0,rho_2,200,4.4,15,3000,1801505,5,0,1.4239
voter,2.0,rho_2,200,4.4,15,3000,1801506,6,0,1.4286
voter,2.0,rho_2,200,4.4,15,3000,1801507,7,0,1.4239
voter,2.0,rho_2,200,4.4,15,3000,1801508,8,0,1.3934
voter,2.0,rho_2,200,4.4,15,3000,1801509,9,0,1.4042
voter,2.0,rho_2,200,4.4,15,3000,1801510,10,0,1.4114
voter,2.0,rho_2,200,4.4,15,3000,1801511,11,0,1.4387
voter,2.0,rho_2,200,4.4,15,3000,1801512,12,0,1.4061
voter,2.0,rho_2,200,4.4,15,3000,1801513,13,0,1.4406
voter,2.0,rho_2,200,4.4,15,3000,1801514,14,0,1.4266
voter,2.0,rho_2,200,4.4,15,3000,1801515,15,0,1.4153
voter,2.0,rho_2,200,4.4,15,3000,1801516,16,0,1.431
voter,2.0,rho_2,200,4.4,15,3000,1801517,17,0,1.38
voter,2.0,rho_2,200,4.4,15,3000,1801518,18,0,1.4357
voter,2.0,rho_2,200,4.4,15,3000,1801519,19,0,1.4445
voter,2.0,rho_2,200,4.6,16,3000,1801600,0,0,1.4436
voter,2.0,rho_2,200,4.6,16,3000,1801601,1,0,1.3706
voter,2.0,rho_2,200,4.6,16,3000,1801602,2,0,1.4524
voter,2.0,rho_2,200,4.6,16,3000,1801603,3,0,1.4297
voter,2.0,rho_2,200,4.6,16,3000,1801604,4,0,1.4054
voter,2.0,rho_2,200,4.6,16,3000,1801605,5,0,1.4523
voter,2.0,rho_2,200,4.6,16,3000,1801606,6,0,1.4145
voter,2.0,rho_2,200,4.6,16,3000,1801607,7,0,1.4446
voter,2.0,rho_2,200,4.6,16,3000,1801608,8,0,1.4242
voter,2.0,rho_2,200,4.6,16,3000,1801609,9,0,1.4064
voter,2.0,rho_2,200,4.6,16,3000,1801610,10,0,1.3794
voter,2.0,rho_2,200,4.6,16,3000,1801611,11,0,1.4255
voter,2.0,rho_2,200,4.6,16,3000,1801612,12,0,1.3906
voter,2.0,rho_2,200,4.6,16,3000,1801613,13,0,1.429
voter,2.0,rho_2,200,4.6,16,3000,1801614,14,0,1.4183
voter,2.0,rho_2,200,4.6,16,3000,1801615,15,0,1.4598
voter,2.0,rho_2,200,4.6,16,3000,1801616,16,0,1.4008
voter,2.0,rho_2,200,4.6,16,3000,1801617,17,0,1.396
voter,2.0,rho_2,200,4.6,16,3000,1801618,18,0,1.407
voter,2.0,rho_2,200,4.6,16,3000,1801619,19,0,1.4153
voter,2.0,rho_2,200,4.8,17,3000,1801700,0,0,1.4167
voter,2.0,rho_2,200,4.8,17,3000,1801701,1,0,1.4454
voter,2.0,rho_2,200,4.8,17,3000,1801702,2,0,1.4171
voter,2.0,rho_2,200,4.8,17,3000,1801703,3,0,1.4034
voter,2.0,rho_2,200,4.8,17,3000,1801704,4,0,1.4143
voter,2.0,rho_2,200,4.8,17,3000,1801705,5,0,1.4324
voter,2.0,rho_2,200,4.8,17,3000,1801706,6,0,1.4822
voter,2.0,rho_2,200,4.8,17,3000,1801707,7,0,1.4421
voter,2.0,rho_2,200,4.8,17,3000,1801708,8,0,1.4578
voter,2.0,rho_2,200,4.8,17,3000,1801709,9,0,1.4585
voter,2.0,rho_2,200,4.8,17,3000,1801710,10,0,1.4464
voter,2.0,rho_2,200,4.8,17,3000,1801711,11,0,1.466
voter,2.0,rho_2,200,4.8,17,3000,1801712,12,0,1.4438
voter,2.0,rho_2,200,4.8,17,3000,1801713,13,0,1.4189
voter,2.0,rho_2,200,4.8,17,3000,1801714,14,0,1.4348
voter,2.0,rho_2,200,4.8,17,3000,1801715,15,0,1.4042
voter,2.0,rho_2,200,4.8,17,3000,1801716,16,0,1.4374
voter,2.0,rho_2,200,4.8,17,3000,1801717,17,0,1.381
voter,2.0,rho_2,200,4.8,17,3000,1801718,18,0,1.4302
voter,2.0,rho_2,200,4.8,17,3000,1801719,19,0,1.4023
voter,2.0,rho_2,200,5.2,18,3000,1801800,0,0,1.3937
voter,2.0,rho_2,200,5.2,18,3000,1801801,1,0,1.398
voter,2.0,rho_2,200,5.2,18,3000,1801802,2,0,1.4248
voter,2.0,rho_2,200,5.2,18,3000,1801803,3,0,1.392
voter,2.0,rho_2,200,5.2,18,3000,1801804,4,0,1.4109
voter,2.0,rho_2,200,5.2,18,3000,1801805,5,0,1.4142
voter,2.0,rho_2,200,5.2,18,3000,1801806,6,0,1.4339
voter,2.0,rho_2,200,5.2,18,3000,1801807,7,0,1.4022
voter,2.0,rho_2,200,5.2,18,3000,1801808,8,0,1.4311
voter,2.0,rho_2,200,5.2,18,3000,1801809,9,0,1.4109
voter,2.0,rho_2,200,5.2,18,3000,1801810,10,0,1.4254
voter,2.0,rho_2,200,5.2,18,3000,1801811,11,0,1.4341
voter,2.0,rho_2,200,5.2,18,3000,1801812,12,0,1.3992
voter,2.0,rho_2,200,5.2,18,3000,1801813,13,0,1.4004
voter,2.0,rho_2,200,5.2,18,3000,1801814,14,0,1.4278
voter,2.0,rho_2,200,5.2,18,3000,1801815,15,0,1.3977
voter,2.0,rho_2,200,5.2,18,3000,1801816,16,0,1.4239
voter,2.0,rho_2,200,5.2,18,3000,1801817,17,0,1.3665
voter,2.0,rho_2,200,5.2,18,3000,1801818,18,0,1.4223
voter,2.0,rho_2,200,5.2,18,3000,1801819,19,0,1.4168
voter,2.0,rho_2,200,5.4,19,3000,1801900,0,0,1.4105
voter,2.0,rho_2,200,5.4,19,3000,1801901,1,0,1.3981
voter,2.0,rho_2,200,5.4,19,3000,1801902,2,0,1.4088
voter,2.0,rho_2,200,5.4,19,3000,1801903,3,0,1.4044
voter,2.0,rho_2,200,5.4,19,3000,1801904,4,0,1.4302
voter,2.0,rho_2,200,5.4,19,3000,1801905,5,0,1.4017
voter,2.0,rho_2,200,5.4,19,3000,1801906,6,0,1.3964
voter,2.0,rho_2,200,5.4,19,3000,1801907,7,0,1.44
voter,2.0,rho_2,200,5.4,19,3000,1801908,8,0,1.3821
voter,2.0,rho_2,200,5.4,19,3000,1801909,9,0,1.3952
voter,2.0,rho_2,200,5.4,19,3000,1801910,10,0,1.401
voter,2.0,rho_2,200,5.4,19,3000,1801911,11,0,1.4587
voter,2.0,rho_2,200,5.4,19,3000,1801912,12,0,1.4047
voter,2.0,rho_2,200,5.4,19,3000,1801913,13,0,1.424
voter,2.0,rho_2,200,5.4,19,3000,1801914,14,0,1.4176
voter,2.0,rho_2,200,5.4,19,3000,1801915,15,0,1.4154
voter,2.0,rho_2,200,5.4,19,3000,1801916,16,0,1.3982
voter,2.0,rho_2,200,5.4,19,3000,1801917,17,0,1.3982
voter,2.0,rho_2,200,5.4,19,3000,1801918,18,0,1.3817
voter,2.0,rho_2,200,5.4,19,3000,1801919,19,0,1.4025
voter,2.0,rho_2,200,5.6,20,3000,1802000,0,0,1.4352
voter,2.0,rho_2,200,5.6,20,3000,1802001,1,0,1.4226
voter,2.0,rho_2,200,5.6,20,3000,1802002,2,0,1.3939
voter,2.0,rho_2,200,5.6,20,3000,1802003,3,0,1.4087
voter,2.0,rho_2,200,5.6,20,3000,1802004,4,0,1.45
voter,2.0,rho_2,200,5.6,20,3000,1802005,5,0,1.4082
voter,2.0,rho_2,200,5.6,20,3000,1802006,6,0,1.3962
voter,2.0,rho_2,200,5.6,20,3000,1802007,7,0,1.4413
voter,2.0,rho_2,200,5.6,20,3000,1802008,8,0,1.4303
voter,2.0,rho_2,200,5.6,20,3000,1802009,9,0,1.4223
voter,2.0,rho_2,200,5.6,20,3000,1802010,10,0,1.4119
voter,2.0,rho_2,200,5.6,20,3000,1802011,11,0,1.3864
voter,2.0,rho_2,200,5.6,20,3000,1802012,12,0,1.3883
voter,2.0,rho_2,200,5.6,20,3000,1802013,13,0,1.3911
voter,2.0,rho_2,200,5.6,20,3000,1802014,14,0,1.3944
voter,2.0,rho_2,200,5.6,20,3000,1802015,15,0,1.4357
voter,2.0,rho_2,200,5.6,20,3000,1802016,16,0,1.4285
voter,2.0,rho_2,200,5.6,20,3000,1802017,17,0,1.414
voter,2.0,rho_2,200,5.6,20,3000,1802018,18,0,1.4067
voter,2.0,rho_2,200,5.6,20,3000,1802019,19,0,1.3715
voter,2.0,rho_2,200,5.8,21,3000,1802100,0,0,1.4312
voter,2.0,rho_2,200,5.8,21,3000,1802101,1,0,1.4071
voter,2.0,rho_2,200,5.8,21,3000,1802102,2,0,1.4789
voter,2.0,rho_2,200,5.8,21,3000,1802103,3,0,1.4013
voter,2.0,rho_2,200,5.8,21,3000,1802104,4,0,1.4107
voter,2.0,rho_2,200,5.8,21,3000,1802105,5,0,1.3917
voter,2.0,rho_2,200,5.8,21,3000,1802106,6,0,1.4189
voter,2.0,rho_2,200,5.8,21,3000,1802107,7,0,1.4308
voter,2.0,rho_2,200,5.8,21,3000,1802108,8,0,1.4125
voter,2.0,rho_2,200,5.8,21,3000,1802109,9,0,1.4125
voter,2.0,rho_2,200,5.8,21,3000,1802110,10,0,1.4301
voter,2.0,rho_2,200,5.8,21,3000,1802111,11,0,1.4225
voter,2.0,rho_2,200,5.8,21,3000,1802112,12,0,1.4051
voter,2.0,rho_2,200,5.8,21,3000,1802113,13,0,1.4105
voter,2.0,rho_2,200,5.8,21,3000,1802114,14,0,1.3921
voter,2.0,rho_2,200,5.8,21,3000,1802115,15,0,1.3987
voter,2.0,rho_2,200,5.8,21,3000,1802116,16,0,1.4453
voter,2.0,rho_2,200,5.8,21,3000,1802117,17,0,1.4587
voter,2.0,rho_2,200,5.8,21,3000,1802118,18,0,1.4417
voter,2.0,rho_2,200,5.8,21,3000,1802119,19,0,1.4796
voter,2.0,rho_2,200,6.2,22,3000,1802200,0,0,1.4626
voter,2.0,rho_2,200,6.2,22,3000,1802201,1,0,1.398
voter,2.0,rho_2,200,6.2,22,3000,1802202,2,0,1.437
voter,2.0,rho_2,200,6.2,22,3000,1802203,3,0,1.4898
voter,2.0,rho_2,200,6.2,22,3000,1802204,4,0,1.4921
voter,2.0,rho_2,200,6.2,22,3000,1802205,5,0,1.4593
voter,2.0,rho_2,200,6.2,22,3000,1802206,6,0,1.4658
voter,2.0,rho_2,200,6.2,22,3000,1802207,7,0,1.4488
voter,2.0,rho_2,200,6.2,22,3000,1802208,8,0,1.4407
voter,2.0,rho_2,200,6.2,22,3000,1802209,9,0,1.4387
voter,2.0,rho_2,200,6.2,22,3000,1802210,10,0,1.4491
voter,2.0,rho_2,200,6.2,22,3000,1802211,11,0,1.4843
voter,2.0,rho_2,200,6.2,22,3000,1802212,12,0,1.4812
voter,2.0,rho_2,200,6.2,22,3000,1802213,13,0,1.4421
voter,2.0,rho_2,200,6.2,22,3000,1802214,14,0,1.4411
voter,2.0,rho_2,200,6.2,22,3000,1802215,15,0,1.419
voter,2.0,rho_2,200,6.2,22,3000,1802216,16,0,1.3512
voter,2.0,rho_2,200,6.2,22,3000,1802217,17,0,1.3988
voter,2.0,rho_2,200,6.2,22,3000,1802218,18,0,1.4141
voter,2.0,rho_2,200,6.2,22,3000,1802219,19,0,1.4497
voter,4.0,rho_4,400,0.6,0,3000,1860000,0,0,4.1218
voter,4.0,rho_4,400,0.6,0,3000,1860001,1,0,4.1447
voter,4.0,rho_4,400,0.6,0,3000,1860002,2,0,4.1072
voter,4.0,rho_4,400,0.6,0,3000,1860003,3,0,4.0234
voter,4.0,rho_4,400,0.6,0,3000,1860004,4,0,4.3156
voter,4.0,rho_4,400,0.6,0,3000,1860005,5,0,4.105
voter,4.0,rho_4,400,0.6,0,3000,1860006,6,0,3.8714
voter,4.0,rho_4,400,0.6,0,3000,1860007,7,0,4.21
voter,4.0,rho_4,400,0.6,0,3000,1860008,8,0,4.1767
voter,4.0,rho_4,400,0.6,0,3000,1860009,9,0,4.4507
voter,4.0,rho_4,400,0.6,0,3000,1860010,10,0,3.9142
voter,4.0,rho_4,400,0.6,0,3000,1860011,11,0,3.9598
voter,4.0,rho_4,400,0.6,0,3000,1860012,12,0,4.4311
voter,4.0,rho_4,400,0.6,0,3000,1860013,13,0,4.3128
voter,4.0,rho_4,400,0.6,0,3000,1860014,14,0,4.0732
voter,4.0,rho_4,400,0.6,0,3000,1860015,15,0,4.1404
voter,4.0,rho_4,400,0.6,0,3000,1860016,16,0,4.103
voter,4.0,rho_4,400,0.6,0,3000,1860017,17,0,4.7007
voter,4.0,rho_4,400,0.6,0,3000,1860018,18,0,4.0886
voter,4.0,rho_4,400,0.6,0,3000,1860019,19,0,4.1867
voter,4.0,rho_4,400,0.8,1,3000,1860100,0,0,4.178
voter,4.0,rho_4,400,0.8,1,3000,1860101,1,0,4.0274
voter,4.0,rho_4,400,0.8,1,3000,1860102,2,0,4.0106
voter,4.0,rho_4,400,0.8,1,3000,1860103,3,0,4.2279
voter,4.0,rho_4,400,0.8,1,3000,1860104,4,0,3.9937
voter,4.0,rho_4,400,0.8,1,3000,1860105,5,0,3.9056
voter,4.0,rho_4,400,0.8,1,3000,1860106,6,0,4.1313
voter,4.0,rho_4,400,0.8,1,3000,1860107,7,0,3.9036
voter,4.0,rho_4,400,0.8,1,3000,1860108,8,0,4.0644
voter,4.0,rho_4,400,0.8,1,3000,1860109,9,0,3.7798
voter,4.0,rho_4,400,0.8,1,3000,1860110,10,0,3.7532
voter,4.0,rho_4,400,0.8,1,3000,1860111,11,0,3.7429
voter,4.0,rho_4,400,0.8,1,3000,1860112,12,0,3.9329
voter,4.0,rho_4,400,0.8,1,3000,1860113,13,0,3.9285
voter,4.0,rho_4,400,0.8,1,3000,1860114,14,0,4.5037
voter,4.0,rho_4,400,0.8,1,3000,1860115,15,0,3.8135
voter,4.0,rho_4,400,0.8,1,3000,1860116,16,0,4.0677
voter,4.0,rho_4,400,0.8,1,3000,1860117,17,0,3.7197
voter,4.0,rho_4,400,0.8,1,3000,1860118,18,0,3.9395
voter,4.0,rho_4,400,0.8,1,3000,1860119,19,0,4.0755
voter,4.0,rho_4,400,1.2,2,3000,1860200,0,0,3.8906
voter,4.0,rho_4,400,1.2,2,3000,1860201,1,0,3.6375
voter,4.0,rho_4,400,1.2,2,3000,1860202,2,0,3.8728
voter,4.0,rho_4,400,1.2,2,3000,1860203,3,0,3.6925
voter,4.0,rho_4,400,1.2,2,3000,1860204,4,0,3.6556
voter,4.0,rho_4,400,1.2,2,3000,1860205,5,0,3.6653
voter,4.0,rho_4,400,1.2,2,3000,1860206,6,0,3.7309
voter,4.0,rho_4,400,1.2,2,3000,1860207,7,0,3.8823
voter,4.0,rho_4,400,1.2,2,3000,1860208,8,0,3.8754
voter,4.0,rho_4,400,1.2,2,3000,1860209,9,0,3.6611
voter,4.0,rho_4,400,1.2,2,3000,1860210,10,0,3.6796
voter,4.0,rho_4,400,1.2,2,3000,1860211,11,0,3.734
voter,4.0,rho_4,400,1.2,2,3000,1860212,12,0,3.684
voter,4.0,rho_4,400,1.2,2,3000,1860213,13,0,3.8063
voter,4.0,rho_4,400,1.2,2,3000,1860214,14,0,3.6587
voter,4.0,rho_4,400,1.2,2,3000,1860215,15,0,3.8693
voter,4.0,rho_4,400,1.2,2,3000,1860216,16,0,3.776
voter,4.0,rho_4,400,1.2,2,3000,1860217,17,0,3.7839
voter,4.0,rho_4,400,1.2,2,3000,1860218,18,0,3.6814
voter,4.0,rho_4,400,1.2,2,3000,1860219,19,0,3.6363
voter,4.0,rho_4,400,1.4,3,3000,1860300,0,0,3.6855
voter,4.0,rho_4,400,1.4,3,3000,1860301,1,0,3.7211
voter,4.0,rho_4,400,1.4,3,3000,1860302,2,0,3.7572
voter,4.0,rho_4,400,1.4,3,3000,1860303,3,0,3.8103
voter,4.0,rho_4,400,1.4,3,3000,1860304,4,0,3.746
voter,4.0,rho_4,400,1.4,3,3000,1860305,5,0,3.7332
voter,4.0,rho_4,400,1.4,3,3000,1860306,6,0,3.6857
voter,4.0,rho_4,400,1.4,3,3000,1860307,7,0,3.7781
voter,4.0,rho_4,400,1.4,3,3000,1860308,8,0,3.5913
voter,4.0,rho_4,400,1.4,3,3000,1860309,9,0,3.7209
voter,4.0,rho_4,400,1.4,3,3000,1860310,10,0,3.7167
voter,4.0,rho_4,400,1.4,3,3000,1860311,11,0,3.8661
voter,4.0,rho_4,400,1.4,3,3000,1860312,12,0,3.6727
voter,4.0,rho_4,400,1.4,3,3000,1860313,13,0,3.6204
voter,4.0,rho_4,400,1.4,3,3000,1860314,14,0,3.6535
voter,4.0,rho_4,400,1.4,3,3000,1860315,15,0,3.9142
voter,4.0,rho_4,400,1.4,3,3000,1860316,16,0,3.7298
voter,4.0,rho_4,400,1.4,3,3000,1860317,17,0,3.7195
voter,4.0,rho_4,400,1.4,3,3000,1860318,18,0,3.6146
voter,4.0,rho_4,400,1.4,3,3000,1860319,19,0,3.9254
voter,4.0,rho_4,400,1.6,4,3000,1860400,0,0,3.647
voter,4.0,rho_4,400,1.6,4,3000,1860401,1,0,3.6383
voter,4.0,rho_4,400,1.6,4,3000,1860402,2,0,3.6725
voter,4.0,rho_4,400,1.6,4,3000,1860403,3,0,3.5959
voter,4.0,rho_4,400,1.6,4,3000,1860404,4,0,3.6671
voter,4.0,rho_4,400,1.6,4,3000,1860405,5,0,3.5503
voter,4.0,rho_4,400,1.6,4,3000,1860406,6,0,3.7086
voter,4.0,rho_4,400,1.6,4,3000,1860407,7,0,3.5405
voter,4.0,rho_4,400,1.6,4,3000,1860408,8,0,3.6234
voter,4.0,rho_4,400,1.6,4,3000,1860409,9,0,3.6814
voter,4.0,rho_4,400,1.6,4,3000,1860410,10,0,3.5596
voter,4.0,rho_4,400,1.6,4,3000,1860411,11,0,3.5646
voter,4.0,rho_4,400,1.6,4,3000,1860412,12,0,3.5605
voter,4.0,rho_4,400,1.6,4,3000,1860413,13,0,3.7573
voter,4.0,rho_4,400,1.6,4,3000,1860414,14,0,3.4913
voter,4.0,rho_4,400,1.6,4,3000,1860415,15,0,3.6238
voter,4.0,rho_4,400,1.6,4,3000,1860416,16,0,3.5094
voter,4.0,rho_4,400,1.6,4,3000,1860417,17,0,3.6542
voter,4.0,rho_4,400,1.6,4,3000,1860418,18,0,3.7583
voter,4.0,rho_4,400,1.6,4,3000,1860419,19,0,3.6143
voter,4.0,rho_4,400,1.8,5,3000,1860500,0,0,3.5067
voter,4.0,rho_4,400,1.8,5,3000,1860501,1,0,3.5471
voter,4.0,rho_4,400,1.8,5,3000,1860502,2,0,3.5285
voter,4.0,rho_4,400,1.8,5,3000,1860503,3,0,3.6332
voter,4.0,rho_4,400,1.8,5,3000,1860504,4,0,3.4296
voter,4.0,rho_4,400,1.8,5,3000,1860505,5,0,3.558
voter,4.0,rho_4,400,1.8,5,3000,1860506,6,0,3.5178
voter,4.0,rho_4,400,1.8,5,3000,1860507,7,0,3.5611
voter,4.0,rho_4,400,1.8,5,3000,1860508,8,0,3.4925
voter,4.0,rho_4,400,1.8,5,3000,1860509,9,0,3.5018
voter,4.0,rho_4,400,1.8,5,3000,1860510,10,0,3.5191
voter,4.0,rho_4,400,1.8,5,3000,1860511,11,0,3.6177
voter,4.0,rho_4,400,1.8,5,3000,1860512,12,0,3.5448
voter,4.0,rho_4,400,1.8,5,3000,1860513,13,0,3.5896
voter,4.0,rho_4,400,1.8,5,3000,1860514,14,0,3.525
voter,4.0,rho_4,400,1.8,5,3000,1860515,15,0,3.5856
voter,4.0,rho_4,400,1.8,5,3000,1860516,16,0,3.5057
voter,4.0,rho_4,400,1.8,5,3000,1860517,17,0,3.6141
voter,4.0,rho_4,400,1.8,5,3000,1860518,18,0,3.5237
voter,4.0,rho_4,400,1.8,5,3000,1860519,19,0,3.6838
voter,4.0,rho_4,400,2.2,6,3000,1860600,0,0,3.4912
voter,4.0,rho_4,400,2.2,6,3000,1860601,1,0,3.4854
voter,4.0,rho_4,400,2.2,6,3000,1860602,2,0,3.4543
voter,4.0,rho_4,400,2.2,6,3000,1860603,3,0,3.5548
voter,4.0,rho_4,400,2.2,6,3000,1860604,4,0,3.5401
voter,4.0,rho_4,400,2.2,6,3000,1860605,5,0,3.4624
voter,4.0,rho_4,400,2.2,6,3000,1860606,6,0,3.5537
voter,4.0,rho_4,400,2.2,6,3000,1860607,7,0,3.4547
voter,4.0,rho_4,400,2.2,6,3000,1860608,8,0,3.5248
voter,4.0,rho_4,400,2.2,6,3000,1860609,9,0,3.5207
voter,4.0,rho_4,400,2.2,6,3000,1860610,10,0,3.4499
voter,4.0,rho_4,400,2.2,6,3000,1860611,11,0,3.4666
voter,4.0,rho_4,400,2.2,6,3000,1860612,12,0,3.5417
voter,4.0,rho_4,400,2.2,6,3000,1860613,13,0,3.4813
voter,4.0,rho_4,400,2.2,6,3000,1860614,14,0,3.3932
voter,4.0,rho_4,400,2.2,6,3000,1860615,15,0,3.5289
voter,4.0,rho_4,400,2.2,6,3000,1860616,16,0,3.4515
voter,4.0,rho_4,400,2.2,6,3000,1860617,17,0,3.3674
voter,4.0,rho_4,400,2.2,6,3000,1860618,18,0,3.4856
voter,4.0,rho_4,400,2.2,6,3000,1860619,19,0,3.4275
voter,4.0,rho_4,400,2.4,7,3000,1860700,0,0,3.4866
voter,4.0,rho_4,400,2.4,7,3000,1860701,1,0,3.4494
voter,4.0,rho_4,400,2.4,7,3000,1860702,2,0,3.5295
voter,4.0,rho_4,400,2.4,7,3000,1860703,3,0,3.4302
voter,4.0,rho_4,400,2.4,7,3000,1860704,4,0,3.4934
voter,4.0,rho_4,400,2.4,7,3000,1860705,5,0,3.4287
voter,4.0,rho_4,400,2.4,7,3000,1860706,6,0,3.5543
voter,4.0,rho_4,400,2.4,7,3000,1860707,7,0,3.4072
voter,4.0,rho_4,400,2.4,7,3000,1860708,8,0,3.4316
voter,4.0,rho_4,400,2.4,7,3000,1860709,9,0,3.4818
voter,4.0,rho_4,400,2.4,7,3000,1860710,10,0,3.4309
voter,4.0,rho_4,400,2.4,7,3000,1860711,11,0,3.4504
voter,4.0,rho_4,400,2.4,7,3000,1860712,12,0,3.3673
voter,4.0,rho_4,400,2.4,7,3000,1860713,13,0,3.4945
voter,4.0,rho_4,400,2.4,7,3000,1860714,14,0,3.5312
voter,4.0,rho_4,400,2.4,7,3000,1860715,15,0,3.4032
voter,4.0,rho_4,400,2.4,7,3000,1860716,16,0,3.6042
voter,4.0,rho_4,400,2.4,7,3000,1860717,17,0,3.458
voter,4.0,rho_4,400,2.4,7,3000,1860718,18,0,3.4555
voter,4.0,rho_4,400,2.4,7,3000,1860719,19,0,3.4952
voter,4.0,rho_4,400,2.6,8,3000,1860800,0,0,3.5017
voter,4.0,rho_4,400,2.6,8,3000,1860801,1,0,3.4134
voter,4.0,rho_4,400,2.6,8,3000,1860802,2,0,3.4709
voter,4.0,rho_4,400,2.6,8,3000,1860803,3,0,3.4015
voter,4.0,rho_4,400,2.6,8,3000,1860804,4,0,3.4617
voter,4.0,rho_4,400,2.6,8,3000,1860805,5,0,3.3825
voter,4.0,rho_4,400,2.6,8,3000,1860806,6,0,3.3749
voter,4.0,rho_4,400,2.6,8,3000,1860807,7,0,3.4771
voter,4.0,rho_4,400,2.6,8,3000,1860808,8,0,3.4062
voter,4.0,rho_4,400,2.6,8,3000,1860809,9,0,3.4152
voter,4.0,rho_4,400,2.6,8,3000,1860810,10,0,3.4492
voter,4.0,rho_4,400,2.6,8,3000,1860811,11,0,3.3443
voter,4.0,rho_4,400,2.6,8,3000,1860812,12,0,3.4192
voter,4.0,rho_4,400,2.6,8,3000,1860813,13,0,3.3873
voter,4.0,rho_4,400,2.6,8,3000,1860814,14,0,3.4539
voter,4.0,rho_4,400,2.6,8,3000,1860815,15,0,3.4081
voter,4.0,rho_4,400,2.6,8,3000,1860816,16,0,3.35
voter,4.0,rho_4,400,2.6,8,3000,1860817,17,0,3.4056
voter,4.0,rho_4,400,2.6,8,3000,1860818,18,0,3.4291
voter,4.0,rho_4,400,2.6,8,3000,1860819,19,0,3.3917
voter,4.0,rho_4,400,2.8,9,3000,1860900,0,0,3.4043
voter,4.0,rho_4,400,2.8,9,3000,1860901,1,0,3.4377
voter,4.0,rho_4,400,2.8,9,3000,1860902,2,0,3.4323
voter,4.0,rho_4,400,2.8,9,3000,1860903,3,0,3.4297
voter,4.0,rho_4,400,2.8,9,3000,1860904,4,0,3.2841
voter,4.0,rho_4,400,2.8,9,3000,1860905,5,0,3.355
voter,4.0,rho_4,400,2.8,9,3000,1860906,6,0,3.4339
voter,4.0,rho_4,400,2.8,9,3000,1860907,7,0,3.3554
voter,4.0,rho_4,400,2.8,9,3000,1860908,8,0,3.4133
voter,4.0,rho_4,400,2.8,9,3000,1860909,9,0,3.444
voter,4.0,rho_4,400,2.8,9,3000,1860910,10,0,3.4467
voter,4.0,rho_4,400,2.8,9,3000,1860911,11,0,3.3824
voter,4.0,rho_4,400,2.8,9,3000,1860912,12,0,3.3908
voter,4.0,rho_4,400,2.8,9,3000,1860913,13,0,3.4334
voter,4.0,rho_4,400,2.8,9,3000,1860914,14,0,3.4105
voter,4.0,rho_4,400,2.8,9,3000,1860915,15,0,3.4472
voter,4.0,rho_4,400,2.8,9,3000,1860916,16,0,3.3176
voter,4.0,rho_4,400,2.8,9,3000,1860917,17,0,3.4272
voter,4.0,rho_4,400,2.8,9,3000,1860918,18,0,3.411
voter,4.0,rho_4,400,2.8,9,3000,1860919,19,0,3.3722
voter,4.0,rho_4,400,3.2,10,3000,1861000,0,0,3.4074
voter,4.0,rho_4,400,3.2,10,3000,1861001,1,0,3.3764
voter,4.0,rho_4,400,3.2,10,3000,1861002,2,0,3.3408
voter,4.0,rho_4,400,3.2,10,3000,1861003,3,0,3.4259
voter,4.0,rho_4,400,3.2,10,3000,1861004,4,0,3.374
voter,4.0,rho_4,400,3.2,10,3000,1861005,5,0,3.4199
voter,4.0,rho_4,400,3.2,10,3000,1861006,6,0,3.28
voter,4.0,rho_4,400,3.2,10,3000,1861007,7,0,3.386
voter,4.0,rho_4,400,3.2,10,3000,1861008,8,0,3.4171
voter,4.0,rho_4,400,3.2,10,3000,1861009,9,0,3.367
voter,4.0,rho_4,400,3.2,10,3000,1861010,10,0,3.3797
voter,4.0,rho_4,400,3.2,10,3000,1861011,11,0,3.3625
voter,4.0,rho_4,400,3.2,10,3000,1861012,12,0,3.3865
voter,4.0,rho_4,400,3.2,10,3000,1861013,13,0,3.35
voter,4.0,rho_4,400,3.2,10,3000,1861014,14,0,3.3944
voter,4.0,rho_4,400,3.2,10,3000,1861015,15,0,3.379
voter,4.0,rho_4,400,3.2,10,3000,1861016,16,0,3.4164
voter,4.0,rho_4,400,3.2,10,3000,1861017,17,0,3.4016
voter,4.0,rho_4,400,3.2,10,3000,1861018,18,0,3.3039
voter,4.0,rho_4,400,3.2,10,3000,1861019,19,0,3.3743
voter,4.0,rho_4,400,3.4,11,3000,1861100,0,0,3.3868
voter,4.0,rho_4,400,3.4,11,3000,1861101,1,0,3.3102
voter,4.0,rho_4,400,3.4,11,3000,1861102,2,0,3.4377
voter,4.0,rho_4,400,3.4,11,3000,1861103,3,0,3.3635
voter,4.0,rho_4,400,3.4,11,3000,1861104,4,0,3.3683
voter,4.0,rho_4,400,3.4,11,3000,1861105,5,0,3.3233
voter,4.0,rho_4,400,3.4,11,3000,1861106,6,0,3.3633
voter,4.0,rho_4,400,3.4,11,3000,1861107,7,0,3.3821
voter,4.0,rho_4,400,3.4,11,3000,1861108,8,0,3.3942
voter,4.0,rho_4,400,3.4,11,3000,1861109,9,0,3.3923
voter,4.0,rho_4,400,3.4,11,3000,1861110,10,0,3.4029
voter,4.0,rho_4,400,3.4,11,3000,1861111,11,0,3.3604
voter,4.0,rho_4,400,3.4,11,3000,1861112,12,0,3.3749
voter,4.0,rho_4,400,3.4,11,3000,1861113,13,0,3.3151
voter,4.0,rho_4,400,3.4,11,3000,1861114,14,0,3.3903
voter,4.0,rho_4,400,3.4,11,3000,1861115,15,0,3.343
voter,4.0,rho_4,400,3.4,11,3000,1861116,16,0,3.3366
voter,4.0,rho_4,400,3.4,11,3000,1861117,17,0,3.3988
voter,4.0,rho_4,400,3.4,11,3000,1861118,18,0,3.4343
voter,4.0,rho_4,400,3.4,11,3000,1861119,19,0,3.3713
voter,4.0,rho_4,400,3.6,12,3000,1861200,0,0,3.3911
voter,4.0,rho_4,400,3.6,12,3000,1861201,1,0,3.3953
voter,4.0,rho_4,400,3.6,12,3000,1861202,2,0,3.504
voter,4.0,rho_4,400,3.6,12,3000,1861203,3,0,3.5016
voter,4.0,rho_4,400,3.6,12,3000,1861204,4,0,3.6532
voter,4.0,rho_4,400,3.6,12,3000,1861205,5,0,3.4338
voter,4.0,rho_4,400,3.6,12,3000,1861206,6,0,3.4794
voter,4.0,rho_4,400,3.6,12,3000,1861207,7,0,3.5381
voter,4.0,rho_4,400,3.6,12,3000,1861208,8,0,3.5322
voter,4.0,rho_4,400,3.6,12,3000,1861209,9,0,3.6167
voter,4.0,rho_4,400,3.6,12,3000,1861210,10,0,3.6223
voter,4.0,rho_4,400,3.6,12,3000,1861211,11,0,3.6076
voter,4.0,rho_4,400,3.6,12,3000,1861212,12,0,3.5064
voter,4.0,rho_4,400,3.6,12,3000,1861213,13,0,3.4391
voter,4.0,rho_4,400,3.6,12,3000,1861214,14,0,3.4574
voter,4.0,rho_4,400,3.6,12,3000,1861215,15,0,3.4309
voter,4.0,rho_4,400,3.6,12,3000,1861216,16,0,3.4751
voter,4.0,rho_4,400,3.6,12,3000,1861217,17,0,3.4406
voter,4.0,rho_4,400,3.6,12,3000,1861218,18,0,3.4063
voter,4.0,rho_4,400,3.6,12,3000,1861219,19,0,3.3742
voter,4.0,rho_4,400,3.8,13,3000,1861300,0,0,3.3512
voter,4.0,rho_4,400,3.8,13,3000,1861301,1,0,3.3307
voter,4.0,rho_4,400,3.8,13,3000,1861302,2,0,3.3606
voter,4.0,rho_4,400,3.8,13,3000,1861303,3,0,3.3112
voter,4.0,rho_4,400,3.8,13,3000,1861304,4,0,3.3461
voter,4.0,rho_4,400,3.8,13,3000,1861305,5,0,3.3035
voter,4.0,rho_4,400,3.8,13,3000,1861306,6,0,3.3326
voter,4.0,rho_4,400,3.8,13,3000,1861307,7,0,3.394
voter,4.0,rho_4,400,3.8,13,3000,1861308,8,0,3.3382
voter,4.0,rho_4,400,3.8,13,3000,1861309,9,0,3.4466
voter,4.0,rho_4,400,3.8,13,3000,1861310,10,0,3.3316
voter,4.0,rho_4,400,3.8,13,3000,1861311,11,0,3.3999
voter,4.0,rho_4,400,3.8,13,3000,1861312,12,0,3.366
voter,4.0,rho_4,400,3.8,13,3000,1861313,13,0,3.3543
voter,4.0,rho_4,400,3.8,13,3000,1861314,14,0,3.406
voter,4.0,rho_4,400,3.8,13,3000,1861315,15,0,3.3944
voter,4.0,rho_4,400,3.8,13,3000,1861316,16,0,3.3532
voter,4.0,rho_4,400,3.8,13,3000,1861317,17,0,3.356
voter,4.0,rho_4,400,3.8,13,3000,1861318,18,0,3.4062
voter,4.0,rho_4,400,3.8,13,3000,1861319,19,0,3.2758
voter,4.0,rho_4,400,4.2,14,3000,1861400,0,0,3.3501
voter,4.0,rho_4,400,4.2,14,3000,1861401,1,0,3.2756
voter,4.0,rho_4,400,4.2,14,3000,1861402,2,0,3.3082
voter,4.0,rho_4,400,4.2,14,3000,1861403,3,0,3.3591
voter,4.0,rho_4,400,4.2,14,3000,1861404,4,0,3.2919
voter,4.0,rho_4,400,4.2,14,3000,1861405,5,0,3.3694
voter,4.0,rho_4,400,4.2,14,3000,1861406,6,0,3.3103
voter,4.0,rho_4,400,4.2,14,3000,1861407,7,0,3.3484
voter,4.0,rho_4,400,4.2,14,3000,1861408,8,0,3.3023
voter,4.0,rho_4,400,4.2,14,3000,1861409,9,0,3.3743
voter,4.0,rho_4,400,4.2,14,3000,1861410,10,0,3.3047
voter,4.0,rho_4,400,4.2,14,3000,1861411,11,0,3.356
voter,4.0,rho_4,400,4.2,14,3000,1861412,12,0,3.2887
voter,4.0,rho_4,400,4.2,14,3000,1861413,13,0,3.3563
voter,4.0,rho_4,400,4.2,14,3000,1861414,14,0,3.3692
voter,4.0,rho_4,400,4.2,14,3000,1861415,15,0,3.3206
voter,4.0,rho_4,400,4.2,14,3000,1861416,16,0,3.3436
voter,4.0,rho_4,400,4.2,14,3000,1861417,17,0,3.3544
voter,4.0,rho_4,400,4.2,14,3000,1861418,18,0,3.3976
voter,4.0,rho_4,400,4.2,14,3000,1861419,19,0,3.3476
voter,4.0,rho_4,400,4.4,15,3000,1861500,0,0,3.3701
voter,4.0,rho_4,400,4.4,15,3000,1861501,1,0,3.4434
voter,4.0,rho_4,400,4.4,15,3000,1861502,2,0,3.3207
voter,4.0,rho_4,400,4.4,15,3000,1861503,3,0,3.2738
voter,4.0,rho_4,400,4.4,15,3000,1861504,4,0,3.4118
voter,4.0,rho_4,400,4.4,15,3000,1861505,5,0,3.3051
voter,4.0,rho_4,400,4.4,15,3000,1861506,6,0,3.3626
voter,4.0,rho_4,400,4.4,15,3000,1861507,7,0,3.3135
voter,4.0,rho_4,400,4.4,15,3000,1861508,8,0,3.3021
voter,4.0,rho_4,400,4.4,15,3000,1861509,9,0,3.2223
voter,4.0,rho_4,400,4.4,15,3000,1861510,10,0,3.2839
voter,4.0,rho_4,400,4.4,15,3000,1861511,11,0,3.3504
voter,4.0,rho_4,400,4.4,15,3000,1861512,12,0,3.2884
voter,4.0,rho_4,400,4.4,15,3000,1861513,13,0,3.3385
voter,4.0,rho_4,400,4.4,15,3000,1861514,14,0,3.3065
voter,4.0,rho_4,400,4.4,15,3000,1861515,15,0,3.2441
voter,4.0,rho_4,400,4.4,15,3000,1861516,16,0,3.2577
voter,4.0,rho_4,400,4.4,15,3000,1861517,17,0,3.3154
voter,4.0,rho_4,400,4.4,15,3000,1861518,18,0,3.281
voter,4.0,rho_4,400,4.4,15,3000,1861519,19,0,3.3619
voter,4.0,rho_4,400,4.6,16,3000,1861600,0,0,3.4764
voter,4.0,rho_4,400,4.6,16,3000,1861601,1,0,3.5356
voter,4.0,rho_4,400,4.6,16,3000,1861602,2,0,3.515
voter,4.0,rho_4,400,4.6,16,3000,1861603,3,0,3.3695
voter,4.0,rho_4,400,4.6,16,3000,1861604,4,0,3.5162
voter,4.0,rho_4,400,4.6,16,3000,1861605,5,0,3.5098
voter,4.0,rho_4,400,4.6,16,3000,1861606,6,0,3.5213
voter,4.0,rho_4,400,4.6,16,3000,1861607,7,0,3.5153
voter,4.0,rho_4,400,4.6,16,3000,1861608,8,0,3.4274
voter,4.0,rho_4,400,4.6,16,3000,1861609,9,0,3.4003
voter,4.0,rho_4,400,4.6,16,3000,1861610,10,0,3.3893
voter,4.0,rho_4,400,4.6,16,3000,1861611,11,0,3.3116
voter,4.0,rho_4,400,4.6,16,3000,1861612,12,0,3.3621
voter,4.0,rho_4,400,4.6,16,3000,1861613,13,0,3.2815
voter,4.0,rho_4,400,4.6,16,3000,1861614,14,0,3.3376
voter,4.0,rho_4,400,4.6,16,3000,1861615,15,0,3.3568
voter,4.0,rho_4,400,4.6,16,3000,1861616,16,0,3.3734
voter,4.0,rho_4,400,4.6,16,3000,1861617,17,0,3.3456
voter,4.0,rho_4,400,4.6,16,3000,1861618,18,0,3.3527
voter,4.0,rho_4,400,4.6,16,3000,1861619,19,0,3.2935
voter,4.0,rho_4,400,4.8,17,3000,1861700,0,0,3.2809
voter,4.0,rho_4,400,4.8,17,3000,1861701,1,0,3.2971
voter,4.0,rho_4,400,4.8,17,3000,1861702,2,0,3.3145
voter,4.0,rho_4,400,4.8,17,3000,1861703,3,0,3.2125
voter,4.0,rho_4,400,4.8,17,3000,1861704,4,0,3.2721
voter,4.0,rho_4,400,4.8,17,3000,1861705,5,0,3.2734
voter,4.0,rho_4,400,4.8,17,3000,1861706,6,0,3.3101
voter,4.0,rho_4,400,4.8,17,3000,1861707,7,0,3.2935
voter,4.0,rho_4,400,4.8,17,3000,1861708,8,0,3.2781
voter,4.0,rho_4,400,4.8,17,3000,1861709,9,0,3.2951
voter,4.0,rho_4,400,4.8,17,3000,1861710,10,0,3.2697
voter,4.0,rho_4,400,4.8,17,3000,1861711,11,0,3.2661
voter,4.0,rho_4,400,4.8,17,3000,1861712,12,0,3.3067
voter,4.0,rho_4,400,4.8,17,3000,1861713,13,0,3.24
voter,4.0,rho_4,400,4.8,17,3000,1861714,14,0,3.2779
voter,4.0,rho_4,400,4.8,17,3000,1861715,15,0,3.2869
voter,4.0,rho_4,400,4.8,17,3000,1861716,16,0,3.2448
voter,4.0,rho_4,400,4.8,17,3000,1861717,17,0,3.1842
voter,4.0,rho_4,400,4.8,17,3000,1861718,18,0,3.3203
voter,4.0,rho_4,400,4.8,17,3000,1861719,19,0,3.2906
voter,4.0,rho_4,400,5.2,18,3000,1861800,0,0,3.2922
voter,4.0,rho_4,400,5.2,18,3000,1861801,1,0,3.3237
voter,4.0,rho_4,400,5.2,18,3000,1861802,2,0,3.2412
voter,4.0,rho_4,400,5.2,18,3000,1861803,3,0,3.3012
voter,4.0,rho_4,400,5.2,18,3000,1861804,4,0,3.3433
voter,4.0,rho_4,400,5.2,18,3000,1861805,5,0,3.3619
voter,4.0,rho_4,400,5.2,18,3000,1861806,6,0,3.3047
voter,4.0,rho_4,400,5.2,18,3000,1861807,7,0,3.3581
voter,4.0,rho_4,400,5.2,18,3000,1861808,8,0,3.3876
voter,4.0,rho_4,400,5.2,18,3000,1861809,9,0,3.315
voter,4.0,rho_4,400,5.2,18,3000,1861810,10,0,3.3467
voter,4.0,rho_4,400,5.2,18,3000,1861811,11,0,3.3537
voter,4.0,rho_4,400,5.2,18,3000,1861812,12,0,3.3509
voter,4.0,rho_4,400,5.2,18,3000,1861813,13,0,3.2905
voter,4.0,rho_4,400,5.2,18,3000,1861814,14,0,3.3544
voter,4.0,rho_4,400,5.2,18,3000,1861815,15,0,3.3345
voter,4.0,rho_4,400,5.2,18,3000,1861816,16,0,3.2973
voter,4.0,rho_4,400,5.2,18,3000,1861817,17,0,3.3188
voter,4.0,rho_4,400,5.2,18,3000,1861818,18,0,3.2819
voter,4.0,rho_4,400,5.2,18,3000,1861819,19,0,3.3133
voter,4.0,rho_4,400,5.4,19,3000,1861900,0,0,3.3156
voter,4.0,rho_4,400,5.4,19,3000,1861901,1,0,3.3888
voter,4.0,rho_4,400,5.4,19,3000,1861902,2,0,3.3696
voter,4.0,rho_4,400,5.4,19,3000,1861903,3,0,3.381
voter,4.0,rho_4,400,5.4,19,3000,1861904,4,0,3.2797
voter,4.0,rho_4,400,5.4,19,3000,1861905,5,0,3.319
voter,4.0,rho_4,400,5.4,19,3000,1861906,6,0,3.3704
voter,4.0,rho_4,400,5.4,19,3000,1861907,7,0,3.3908
voter,4.0,rho_4,400,5.4,19,3000,1861908,8,0,3.3417
voter,4.0,rho_4,400,5.4,19,3000,1861909,9,0,3.3072
voter,4.0,rho_4,400,5.4,19,3000,1861910,10,0,3.3573
voter,4.0,rho_4,400,5.4,19,3000,1861911,11,0,3.3241
voter,4.0,rho_4,400,5.4,19,3000,1861912,12,0,3.3845
voter,4.0,rho_4,400,5.4,19,3000,1861913,13,0,3.3033
voter,4.0,rho_4,400,5.4,19,3000,1861914,14,0,3.2725
voter,4.0,rho_4,400,5.4,19,3000,1861915,15,0,3.3564
voter,4.0,rho_4,400,5.4,19,3000,1861916,16,0,3.3708
voter,4.0,rho_4,400,5.4,19,3000,1861917,17,0,3.2871
voter,4.0,rho_4,400,5.4,19,3000,1861918,18,0,3.3626
voter,4.0,rho_4,400,5.4,19,3000,1861919,19,0,3.3419
voter,4.0,rho_4,400,5.6,20,3000,1862000,0,0,3.3399
voter,4.0,rho_4,400,5.6,20,3000,1862001,1,0,3.2295
voter,4.0,rho_4,400,5.6,20,3000,1862002,2,0,3.2632
voter,4.0,rho_4,400,5.6,20,3000,1862003,3,0,3.3481
voter,4.0,rho_4,400,5.6,20,3000,1862004,4,0,3.3288
voter,4.0,rho_4,400,5.6,20,3000,1862005,5,0,3.2787
voter,4.0,rho_4,400,5.6,20,3000,1862006,6,0,3.2769
voter,4.0,rho_4,400,5.6,20,3000,1862007,7,0,3.2728
voter,4.0,rho_4,400,5.6,20,3000,1862008,8,0,3.2931
voter,4.0,rho_4,400,5.6,20,3000,1862009,9,0,3.2848
voter,4.0,rho_4,400,5.6,20,3000,1862010,10,0,3.3254
voter,4.0,rho_4,400,5.6,20,3000,1862011,11,0,3.3551
voter,4.0,rho_4,400,5.6,20,3000,1862012,12,0,3.2771
voter,4.0,rho_4,400,5.6,20,3000,1862013,13,0,3.2957
voter,4.0,rho_4,400,5.6,20,3000,1862014,14,0,3.3332
voter,4.0,rho_4,400,5.6,20,3000,1862015,15,0,3.3615
voter,4.0,rho_4,400,5.6,20,3000,1862016,16,0,3.3359
voter,4.0,rho_4,400,5.6,20,3000,1862017,17,0,3.2888
voter,4.0,rho_4,400,5.6,20,3000,1862018,18,0,3.3299
voter,4.0,rho_4,400,5.6,20,3000,1862019,19,0,3.3385
voter,4.0,rho_4,400,5.8,21,3000,1862100,0,0,3.3099
voter,4.0,rho_4,400,5.8,21,3000,1862101,1,0,3.3754
voter,4.0,rho_4,400,5.8,21,3000,1862102,2,0,3.371
voter,4.0,rho_4,400,5.8,21,3000,1862103,3,0,3.3643
voter,4.0,rho_4,400,5.8,21,3000,1862104,4,0,3.3868
voter,4.0,rho_4,400,5.8,21,3000,1862105,5,0,3.3517
voter,4.0,rho_4,400,5.8,21,3000,1862106,6,0,3.4539
voter,4.0,rho_4,400,5.8,21,3000,1862107,7,0,3.4267
voter,4.0,rho_4,400,5.8,21,3000,1862108,8,0,3.4631
voter,4.0,rho_4,400,5.8,21,3000,1862109,9,0,3.4863
voter,4.0,rho_4,400,5.8,21,3000,1862110,10,0,3.4042
voter,4.0,rho_4,400,5.8,21,3000,1862111,11,0,3.3737
voter,4.0,rho_4,400,5.8,21,3000,1862112,12,0,3.3707
voter,4.0,rho_4,400,5.8,21,3000,1862113,13,0,3.3881
voter,4.0,rho_4,400,5.8,21,3000,1862114,14,0,3.374
voter,4.0,rho_4,400,5.8,21,3000,1862115,15,0,3.3554
voter,4.0,rho_4,400,5.8,21,3000,1862116,16,0,3.2982
voter,4.0,rho_4,400,5.8,21,3000,1862117,17,0,3.3795
voter,4.0,rho_4,400,5.8,21,3000,1862118,18,0,3.345
voter,4.0,rho_4,400,5.8,21,3000,1862119,19,0,3.3255
voter,4.0,rho_4,400,6.2,22,3000,1862200,0,0,3.2894
voter,4.0,rho_4,400,6.2,22,3000,1862201,1,0,3.3037
voter,4.0,rho_4,400,6.2,22,3000,1862202,2,0,3.3165
voter,4.0,rho_4,400,6.2,22,3000,1862203,3,0,3.2697
voter,4.0,rho_4,400,6.2,22,3000,1862204,4,0,3.2418
voter,4.0,rho_4,400,6.2,22,3000,1862205,5,0,3.2285
voter,4.0,rho_4,400,6.2,22,3000,1862206,6,0,3.2393
voter,4.0,rho_4,400,6.2,22,3000,1862207,7,0,3.2425
voter,4.0,rho_4,400,6.2,22,3000,1862208,8,0,3.2571
voter,4.0,rho_4,400,6.2,22,3000,1862209,9,0,3.3318
voter,4.0,rho_4,400,6.2,22,3000,1862210,10,0,3.2451
voter,4.0,rho_4,400,6.2,22,3000,1862211,11,0,3.2374
voter,4.0,rho_4,400,6.2,22,3000,1862212,12,0,3.2634
voter,4.0,rho_4,400,6.2,22,3000,1862213,13,0,3.2752
voter,4.0,rho_4,400,6.2,22,3000,1862214,14,0,3.2178
voter,4.0,rho_4,400,6.2,22,3000,1862215,15,0,3.3275
voter,4.0,rho_4,400,6.2,22,3000,1862216,16,0,3.2704
voter,4.0,rho_4,400,6.2,22,3000,1862217,17,0,3.2543
voter,4.0,rho_4,400,6.2,22,3000,1862218,18,0,3.2119
voter,4.0,rho_4,400,6.2,22,3000,1862219,19,0,3.2783
voter,8.0,rho_8,800,0.6,0,3000,1920000,0,0,12.5206
voter,8.0,rho_8,800,0.6,0,3000,1920001,1,0,11.3118
voter,8.0,rho_8,800,0.6,0,3000,1920002,2,0,10.1791
voter,8.0,rho_8,800,0.6,0,3000,1920003,3,0,12.0266
voter,8.0,rho_8,800,0.6,0,3000,1920004,4,0,12.4083
voter,8.0,rho_8,800,0.6,0,3000,1920005,5,0,10.0908
voter,8.0,rho_8,800,0.6,0,3000,1920006,6,0,10.8808
voter,8.0,rho_8,800,0.6,0,3000,1920007,7,0,10.6423
voter,8.0,rho_8,800,0.6,0,3000,1920008,8,0,9.7957
voter,8.0,rho_8,800,0.6,0,3000,1920009,9,0,10.7931
voter,8.0,rho_8,800,0.6,0,3000,1920010,10,0,11.592
voter,8.0,rho_8,800,0.6,0,3000,1920011,11,0,13.018
voter,8.0,rho_8,800,0.6,0,3000,1920012,12,0,11.1135
voter,8.0,rho_8,800,0.6,0,3000,1920013,13,0,10.4257
voter,8.0,rho_8,800,0.6,0,3000,1920014,14,0,10.6767
voter,8.0,rho_8,800,0.6,0,3000,1920015,15,0,11.7178
voter,8.0,rho_8,800,0.6,0,3000,1920016,16,0,10.7829
voter,8.0,rho_8,800,0.6,0,3000,1920017,17,0,10.7922
voter,8.0,rho_8,800,0.6,0,3000,1920018,18,0,10.9252
voter,8.0,rho_8,800,0.6,0,3000,1920019,19,0,11.3613
voter,8.0,rho_8,800,0.8,1,3000,1920100,0,0,10.5829
voter,8.0,rho_8,800,0.8,1,3000,1920101,1,0,11.4072
voter,8.0,rho_8,800,0.8,1,3000,1920102,2,0,10.7111
voter,8.0,rho_8,800,0.8,1,3000,1920103,3,0,10.3758
voter,8.0,rho_8,800,0.8,1,3000,1920104,4,0,10.4215
voter,8.0,rho_8,800,0.8,1,3000,1920105,5,0,10.5593
voter,8.0,rho_8,800,0.8,1,3000,1920106,6,0,10.4474
voter,8.0,rho_8,800,0.8,1,3000,1920107,7,0,10.5804
voter,8.0,rho_8,800,0.8,1,3000,1920108,8,0,10.6678
voter,8.0,rho_8,800,0.8,1,3000,1920109,9,0,10.1122
voter,8.0,rho_8,800,0.8,1,3000,1920110,10,0,10.2756
voter,8.0,rho_8,800,0.8,1,3000,1920111,11,0,10.3218
voter,8.0,rho_8,800,0.8,1,3000,1920112,12,0,11.0914
voter,8.0,rho_8,800,0.8,1,3000,1920113,13,0,10.5461
voter,8.0,rho_8,800,0.8,1,3000,1920114,14,0,10.0505
voter,8.0,rho_8,800,0.8,1,3000,1920115,15,0,11.3616
voter,8.0,rho_8,800,0.8,1,3000,1920116,16,0,10.2997
voter,8.0,rho_8,800,0.8,1,3000,1920117,17,0,10.463
voter,8.0,rho_8,800,0.8,1,3000,1920118,18,0,10.0367
voter,8.0,rho_8,800,0.8,1,3000,1920119,19,0,10.4319
voter,8.0,rho_8,800,1.2,2,3000,1920200,0,0,9.6734
voter,8.0,rho_8,800,1.2,2,3000,1920201,1,0,10.3782
voter,8.0,rho_8,800,1.2,2,3000,1920202,2,0,10.1617
voter,8.0,rho_8,800,1.2,2,3000,1920203,3,0,9.8496
voter,8.0,rho_8,800,1.2,2,3000,1920204,4,0,10.0411
voter,8.0,rho_8,800,1.2,2,3000,1920205,5,0,10.483
voter,8.0,rho_8,800,1.2,2,3000,1920206,6,0,9.7461
voter,8.0,rho_8,800,1.2,2,3000,1920207,7,0,10.0654
voter,8.0,rho_8,800,1.2,2,3000,1920208,8,0,10.2048
voter,8.0,rho_8,800,1.2,2,3000,1920209,9,0,10.8515
voter,8.0,rho_8,800,1.2,2,3000,1920210,10,0,10.1855
voter,8.0,rho_8,800,1.2,2,3000,1920211,11,0,9.9687
voter,8.0,rho_8,800,1.2,2,3000,1920212,12,0,9.9983
voter,8.0,rho_8,800,1.2,2,3000,1920213,13,0,9.9794
voter,8.0,rho_8,800,1.2,2,3000,1920214,14,0,9.8654
voter,8.0,rho_8,800,1.2,2,3000,1920215,15,0,9.8463
voter,8.0,rho_8,800,1.2,2,3000,1920216,16,0,10.2068
voter,8.0,rho_8,800,1.2,2,3000,1920217,17,0,10.0002
voter,8.0,rho_8,800,1.2,2,3000,1920218,18,0,10.0909
voter,8.0,rho_8,800,1.2,2,3000,1920219,19,0,9.6141
voter,8.0,rho_8,800,1.4,3,3000,1920300,0,0,9.5988
voter,8.0,rho_8,800,1.4,3,3000,1920301,1,0,9.6356
voter,8.0,rho_8,800,1.4,3,3000,1920302,2,0,9.834
voter,8.0,rho_8,800,1.4,3,3000,1920303,3,0,9.8411
voter,8.0,rho_8,800,1.4,3,3000,1920304,4,0,9.6091
voter,8.0,rho_8,800,1.4,3,3000,1920305,5,0,9.4838
voter,8.0,rho_8,800,1.4,3,3000,1920306,6,0,9.7103
voter,8.0,rho_8,800,1.4,3,3000,1920307,7,0,10.2368
voter,8.0,rho_8,800,1.4,3,3000,1920308,8,0,9.4712
voter,8.0,rho_8,800,1.4,3,3000,1920309,9,0,9.5717
voter,8.0,rho_8,800,1.4,3,3000,1920310,10,0,9.9725
voter,8.0,rho_8,800,1.4,3,3000,1920311,11,0,9.6851
voter,8.0,rho_8,800,1.4,3,3000,1920312,12,0,9.82
voter,8.0,rho_8,800,1.4,3,3000,1920313,13,0,9.4385
voter,8.0,rho_8,800,1.4,3,3000,1920314,14,0,9.7727
voter,8.0,rho_8,800,1.4,3,3000,1920315,15,0,9.3724
voter,8.0,rho_8,800,1.4,3,3000,1920316,16,0,9.532
voter,8.0,rho_8,800,1.4,3,3000,1920317,17,0,9.4295
voter,8.0,rho_8,800,1.4,3,3000,1920318,18,0,9.445
voter,8.0,rho_8,800,1.4,3,3000,1920319,19,0,9.4764
voter,8.0,rho_8,800,1.6,4,3000,1920400,0,0,9.463
voter,8.0,rho_8,800,1.6,4,3000,1920401,1,0,9.7845
voter,8.0,rho_8,800,1.6,4,3000,1920402,2,0,9.7478
voter,8.0,rho_8,800,1.6,4,3000,1920403,3,0,9.6606
voter,8.0,rho_8,800,1.6,4,3000,1920404,4,0,9.8595
voter,8.0,rho_8,800,1.6,4,3000,1920405,5,0,9.4211
voter,8.0,rho_8,800,1.6,4,3000,1920406,6,0,9.4918
voter,8.0,rho_8,800,1.6,4,3000,1920407,7,0,9.4648
voter,8.0,rho_8,800,1.6,4,3000,1920408,8,0,9.6449
voter,8.0,rho_8,800,1.6,4,3000,1920409,9,0,9.3534
voter,8.0,rho_8,800,1.6,4,3000,1920410,10,0,9.319
voter,8.0,rho_8,800,1.6,4,3000,1920411,11,0,9.6659
voter,8.0,rho_8,800,1.6,4,3000,1920412,12,0,9.4868
voter,8.0,rho_8,800,1.6,4,3000,1920413,13,0,9.6027
voter,8.0,rho_8,800,1.6,4,3000,1920414,14,0,9.5684
voter,8.0,rho_8,800,1.6,4,3000,1920415,15,0,9.4597
voter,8.0,rho_8,800,1.6,4,3000,1920416,16,0,10.1958
voter,8.0,rho_8,800,1.6,4,3000,1920417,17,0,9.0841
voter,8.0,rho_8,800,1.6,4,3000,1920418,18,0,9.8341
voter,8.0,rho_8,800,1.6,4,3000,1920419,19,0,9.7377
voter,8.0,rho_8,800,1.8,5,3000,1920500,0,0,9.6967
voter,8.0,rho_8,800,1.8,5,3000,1920501,1,0,9.5666
voter,8.0,rho_8,800,1.8,5,3000,1920502,2,0,9.445
voter,8.0,rho_8,800,1.8,5,3000,1920503,3,0,9.77
voter,8.0,rho_8,800,1.8,5,3000,1920504,4,0,9.4132
voter,8.0,rho_8,800,1.8,5,3000,1920505,5,0,9.3241
voter,8.0,rho_8,800,1.8,5,3000,1920506,6,0,9.4064
voter,8.0,rho_8,800,1.8,5,3000,1920507,7,0,9.6613
voter,8.0,rho_8,800,1.8,5,3000,1920508,8,0,9.5596
voter,8.0,rho_8,800,1.8,5,3000,1920509,9,0,9.5436
voter,8.0,rho_8,800,1.8,5,3000,1920510,10,0,9.6538
voter,8.0,rho_8,800,1.8,5,3000,1920511,11,0,9.3833
voter,8.0,rho_8,800,1.8,5,3000,1920512,12,0,9.4842
voter,8.0,rho_8,800,1.8,5,3000,1920513,13,0,9.3552
voter,8.0,rho_8,800,1.8,5,3000,1920514,14,0,9.6721
voter,8.0,rho_8,800,1.8,5,3000,1920515,15,0,9.3112
voter,8.0,rho_8,800,1.8,5,3000,1920516,16,0,9.3187
voter,8.0,rho_8,800,1.8,5,3000,1920517,17,0,9.3884
voter,8.0,rho_8,800,1.8,5,3000,1920518,18,0,9.1275
voter,8.0,rho_8,800,1.8,5,3000,1920519,19,0,9.494
voter,8.0,rho_8,800,2.2,6,3000,1920600,0,0,9.2755
voter,8.0,rho_8,800,2.2,6,3000,1920601,1,0,9.2898
voter,8.0,rho_8,800,2.2,6,3000,1920602,2,0,9.3335
voter,8.0,rho_8,800,2.2,6,3000,1920603,3,0,9.0913
voter,8.0,rho_8,800,2.2,6,3000,1920604,4,0,9.1165
voter,8.0,rho_8,800,2.2,6,3000,1920605,5,0,9.3703
voter,8.0,rho_8,800,2.2,6,3000,1920606,6,0,9.2823
voter,8.0,rho_8,800,2.2,6,3000,1920607,7,0,9.2237
voter,8.0,rho_8,800,2.2,6,3000,1920608,8,0,9.2614
voter,8.0,rho_8,800,2.2,6,3000,1920609,9,0,9.2367
voter,8.0,rho_8,800,2.2,6,3000,1920610,10,0,9.2132
voter,8.0,rho_8,800,2.2,6,3000,1920611,11,0,9.136
voter,8.0,rho_8,800,2.2,6,3000,1920612,12,0,9.2535
voter,8.0,rho_8,800,2.2,6,3000,1920613,13,0,9.1983
voter,8.0,rho_8,800,2.2,6,3000,1920614,14,0,9.0584
voter,8.0,rho_8,800,2.2,6,3000,1920615,15,0,9.1937
voter,8.0,rho_8,800,2.2,6,3000,1920616,16,0,9.1629
voter,8.0,rho_8,800,2.2,6,3000,1920617,17,0,9.1888
voter,8.0,rho_8,800,2.2,6,3000,1920618,18,0,9.1609
voter,8.0,rho_8,800,2.2,6,3000,1920619,19,0,9.5727
voter,8.0,rho_8,800,2.4,7,3000,1920700,0,0,9.1865
voter,8.0,rho_8,800,2.4,7,3000,1920701,1,0,9.2788
voter,8.0,rho_8,800,2.4,7,3000,1920702,2,0,8.99
voter,8.0,rho_8,800,2.4,7,3000,1920703,3,0,9.3592
voter,8.0,rho_8,800,2.4,7,3000,1920704,4,0,9.1547
voter,8.0,rho_8,800,2.4,7,3000,1920705,5,0,9.2577
voter,8.0,rho_8,800,2.4,7,3000,1920706,6,0,9.1147
voter,8.0,rho_8,800,2.4,7,3000,1920707,7,0,9.191
voter,8.0,rho_8,800,2.4,7,3000,1920708,8,0,8.9964
voter,8.0,rho_8,800,2.4,7,3000,1920709,9,0,9.3148
voter,8.0,rho_8,800,2.4,7,3000,1920710,10,0,9.0772
voter,8.0,rho_8,800,2.4,7,3000,1920711,11,0,9.3147
voter,8.0,rho_8,800,2.4,7,3000,1920712,12,0,8.9132
voter,8.0,rho_8,800,2.4,7,3000,1920713,13,0,9.164
voter,8.0,rho_8,800,2.4,7,3000,1920714,14,0,9.1769
voter,8.0,rho_8,800,2.4,7,3000,1920715,15,0,9.1046
voter,8.0,rho_8,800,2.4,7,3000,1920716,16,0,8.9312
voter,8.0,rho_8,800,2.4,7,3000,1920717,17,0,9.1457
voter,8.0,rho_8,800,2.4,7,3000,1920718,18,0,8.981
voter,8.0,rho_8,800,2.4,7,3000,1920719,19,0,9.1374
voter,8.0,rho_8,800,2.6,8,3000,1920800,0,0,8.9841
voter,8.0,rho_8,800,2.6,8,3000,1920801,1,0,9.1804
voter,8.0,rho_8,800,2.6,8,3000,1920802,2,0,8.9531
voter,8.0,rho_8,800,2.6,8,3000,1920803,3,0,9.0595
voter,8.0,rho_8,800,2.6,8,3000,1920804,4,0,8.9962
voter,8.0,rho_8,800,2.6,8,3000,1920805,5,0,9.0943
voter,8.0,rho_8,800,2.6,8,3000,1920806,6,0,9.0366
voter,8.0,rho_8,800,2.6,8,3000,1920807,7,0,9.1234
voter,8.0,rho_8,800,2.6,8,3000,1920808,8,0,9.146
voter,8.0,rho_8,800,2.6,8,3000,1920809,9,0,8.9494
voter,8.0,rho_8,800,2.6,8,3000,1920810,10,0,9.3929
voter,8.0,rho_8,800,2.6,8,3000,1920811,11,0,9.4701
voter,8.0,rho_8,800,2.6,8,3000,1920812,12,0,9.2085
voter,8.0,rho_8,800,2.6,8,3000,1920813,13,0,9.1216
voter,8.0,rho_8,800,2.6,8,3000,1920814,14,0,9.4372
voter,8.0,rho_8,800,2.6,8,3000,1920815,15,0,9.2392
voter,8.0,rho_8,800,2.6,8,3000,1920816,16,0,9.3134
voter,8.0,rho_8,800,2.6,8,3000,1920817,17,0,9.4092
voter,8.0,rho_8,800,2.6,8,3000,1920818,18,0,9.0051
voter,8.0,rho_8,800,2.6,8,3000,1920819,19,0,9.2055
voter,8.0,rho_8,800,2.8,9,3000,1920900,0,0,8.9993
voter,8.0,rho_8,800,2.8,9,3000,1920901,1,0,8.957
voter,8.0,rho_8,800,2.8,9,3000,1920902,2,0,9.1306
voter,8.0,rho_8,800,2.8,9,3000,1920903,3,0,9.0712
voter,8.0,rho_8,800,2.8,9,3000,1920904,4,0,9.0017
voter,8.0,rho_8,800,2.8,9,3000,1920905,5,0,8.9947
voter,8.0,rho_8,800,2.8,9,3000,1920906,6,0,8.9045
voter,8.0,rho_8,800,2.8,9,3000,1920907,7,0,9.1149
voter,8.0,rho_8,800,2.8,9,3000,1920908,8,0,8.8923
voter,8.0,rho_8,800,2.8,9,3000,1920909,9,0,8.9839
voter,8.0,rho_8,800,2.8,9,3000,1920910,10,0,9.0476
voter,8.0,rho_8,800,2.8,9,3000,1920911,11,0,9.0477
voter,8.0,rho_8,800,2.8,9,3000,1920912,12,0,8.9204
voter,8.0,rho_8,800,2.8,9,3000,1920913,13,0,9.1635
voter,8.0,rho_8,800,2.8,9,3000,1920914,14,0,9.1128
voter,8.0,rho_8,800,2.8,9,3000,1920915,15,0,8.8343
voter,8.0,rho_8,800,2.8,9,3000,1920916,16,0,9.0504
voter,8.0,rho_8,800,2.8,9,3000,1920917,17,0,9.1388
voter,8.0,rho_8,800,2.8,9,3000,1920918,18,0,8.9309
voter,8.0,rho_8,800,2.8,9,3000,1920919,19,0,8.8808
voter,8.0,rho_8,800,3.2,10,3000,1921000,0,0,8.8928
voter,8.0,rho_8,800,3.2,10,3000,1921001,1,0,8.9298
voter,8.0,rho_8,800,3.2,10,3000,1921002,2,0,8.9797
voter,8.0,rho_8,800,3.2,10,3000,1921003,3,0,9.0693
voter,8.0,rho_8,800,3.2,10,3000,1921004,4,0,9.0653
voter,8.0,rho_8,800,3.2,10,3000,1921005,5,0,8.915
voter,8.0,rho_8,800,3.2,10,3000,1921006,6,0,8.873
voter,8.0,rho_8,800,3.2,10,3000,1921007,7,0,8.8956
voter,8.0,rho_8,800,3.2,10,3000,1921008,8,0,9.0572
voter,8.0,rho_8,800,3.2,10,3000,1921009,9,0,8.8345
voter,8.0,rho_8,800,3.2,10,3000,1921010,10,0,8.957
voter,8.0,rho_8,800,3.2,10,3000,1921011,11,0,8.7868
voter,8.0,rho_8,800,3.2,10,3000,1921012,12,0,9.1554
voter,8.0,rho_8,800,3.2,10,3000,1921013,13,0,9.0269
voter,8.0,rho_8,800,3.2,10,3000,1921014,14,0,8.9003
voter,8.0,rho_8,800,3.2,10,3000,1921015,15,0,8.9348
voter,8.0,rho_8,800,3.2,10,3000,1921016,16,0,8.875
voter,8.0,rho_8,800,3.2,10,3000,1921017,17,0,8.8427
voter,8.0,rho_8,800,3.2,10,3000,1921018,18,0,8.861
voter,8.0,rho_8,800,3.2,10,3000,1921019,19,0,8.883
voter,8.0,rho_8,800,3.4,11,3000,1921100,0,0,8.8669
voter,8.0,rho_8,800,3.4,11,3000,1921101,1,0,8.8639
voter,8.0,rho_8,800,3.4,11,3000,1921102,2,0,8.8941
voter,8.0,rho_8,800,3.4,11,3000,1921103,3,0,8.9968
voter,8.0,rho_8,800,3.4,11,3000,1921104,4,0,8.953
voter,8.0,rho_8,800,3.4,11,3000,1921105,5,0,8.9723
voter,8.0,rho_8,800,3.4,11,3000,1921106,6,0,8.9952
voter,8.0,rho_8,800,3.4,11,3000,1921107,7,0,8.9138
voter,8.0,rho_8,800,3.4,11,3000,1921108,8,0,8.969
voter,8.0,rho_8,800,3.4,11,3000,1921109,9,0,9.014
voter,8.0,rho_8,800,3.4,11,3000,1921110,10,0,8.8294
voter,8.0,rho_8,800,3.4,11,3000,1921111,11,0,8.8852
voter,8.0,rho_8,800,3.4,11,3000,1921112,12,0,8.8754
voter,8.0,rho_8,800,3.4,11,3000,1921113,13,0,8.9276
voter,8.0,rho_8,800,3.4,11,3000,1921114,14,0,8.9034
voter,8.0,rho_8,800,3.4,11,3000,1921115,15,0,9.1334
voter,8.0,rho_8,800,3.4,11,3000,1921116,16,0,8.9302
voter,8.0,rho_8,800,3.4,11,3000,1921117,17,0,9.0668
voter,8.0,rho_8,800,3.4,11,3000,1921118,18,0,9.2131
voter,8.0,rho_8,800,3.4,11,3000,1921119,19,0,9.1255
voter,8.0,rho_8,800,3.6,12,3000,1921200,0,0,9.6549
voter,8.0,rho_8,800,3.6,12,3000,1921201,1,0,9.5312
voter,8.0,rho_8,800,3.6,12,3000,1921202,2,0,9.6119
voter,8.0,rho_8,800,3.6,12,3000,1921203,3,0,9.4454
voter,8.0,rho_8,800,3.6,12,3000,1921204,4,0,9.3719
voter,8.0,rho_8,800,3.6,12,3000,1921205,5,0,9.5091
voter,8.0,rho_8,800,3.6,12,3000,1921206,6,0,9.5355
voter,8.0,rho_8,800,3.6,12,3000,1921207,7,0,9.399
voter,8.0,rho_8,800,3.6,12,3000,1921208,8,0,9.337
voter,8.0,rho_8,800,3.6,12,3000,1921209,9,0,9.2521
voter,8.0,rho_8,800,3.6,12,3000,1921210,10,0,8.8471
voter,8.0,rho_8,800,3.6,12,3000,1921211,11,0,8.8243
voter,8.0,rho_8,800,3.6,12,3000,1921212,12,0,8.7706
voter,8.0,rho_8,800,3.6,12,3000,1921213,13,0,8.7153
voter,8.0,rho_8,800,3.6,12,3000,1921214,14,0,8.7758
voter,8.0,rho_8,800,3.6,12,3000,1921215,15,0,8.8426
voter,8.0,rho_8,800,3.6,12,3000,1921216,16,0,8.8652
voter,8.0,rho_8,800,3.6,12,3000,1921217,17,0,8.771
voter,8.0,rho_8,800,3.6,12,3000,1921218,18,0,8.8532
voter,8.0,rho_8,800,3.6,12,3000,1921219,19,0,8.8373
voter,8.0,rho_8,800,3.8,13,3000,1921300,0,0,8.7881
voter,8.0,rho_8,800,3.8,13,3000,1921301,1,0,8.8557
voter,8.0,rho_8,800,3.8,13,3000,1921302,2,0,8.8791
voter,8.0,rho_8,800,3.8,13,3000,1921303,3,0,8.9158
voter,8.0,rho_8,800,3.8,13,3000,1921304,4,0,8.9993
voter,8.0,rho_8,800,3.8,13,3000,1921305,5,0,8.8696
voter,8.0,rho_8,800,3.8,13,3000,1921306,6,0,9.0224
voter,8.0,rho_8,800,3.8,13,3000,1921307,7,0,8.9748
voter,8.0,rho_8,800,3.8,13,3000,1921308,8,0,8.8666
voter,8.0,rho_8,800,3.8,13,3000,1921309,9,0,8.9259
voter,8.0,rho_8,800,3.8,13,3000,1921310,10,0,8.9302
voter,8.0,rho_8,800,3.8,13,3000,1921311,11,0,8.9758
voter,8.0,rho_8,800,3.8,13,3000,1921312,12,0,9.0013
voter,8.0,rho_8,800,3.8,13,3000,1921313,13,0,9.0871
voter,8.0,rho_8,800,3.8,13,3000,1921314,14,0,8.9913
voter,8.0,rho_8,800,3.8,13,3000,1921315,15,0,8.9371
voter,8.0,rho_8,800,3.8,13,3000,1921316,16,0,8.9197
voter,8.0,rho_8,800,3.8,13,3000,1921317,17,0,9.0274
voter,8.0,rho_8,800,3.8,13,3000,1921318,18,0,8.9509
voter,8.0,rho_8,800,3.8,13,3000,1921319,19,0,8.8801
voter,8.0,rho_8,800,4.2,14,3000,1921400,0,0,8.7681
voter,8.0,rho_8,800,4.2,14,3000,1921401,1,0,8.7973
voter,8.0,rho_8,800,4.2,14,3000,1921402,2,0,8.7527
voter,8.0,rho_8,800,4.2,14,3000,1921403,3,0,8.7988
voter,8.0,rho_8,800,4.2,14,3000,1921404,4,0,8.7155
voter,8.0,rho_8,800,4.2,14,3000,1921405,5,0,8.711
voter,8.0,rho_8,800,4.2,14,3000,1921406,6,0,8.7824
voter,8.0,rho_8,800,4.2,14,3000,1921407,7,0,8.8154
voter,8.0,rho_8,800,4.2,14,3000,1921408,8,0,8.8793
voter,8.0,rho_8,800,4.2,14,3000,1921409,9,0,8.775
voter,8.0,rho_8,800,4.2,14,3000,1921410,10,0,8.7291
voter,8.0,rho_8,800,4.2,14,3000,1921411,11,0,8.7493
voter,8.0,rho_8,800,4.2,14,3000,1921412,12,0,8.813
voter,8.0,rho_8,800,4.2,14,3000,1921413,13,0,8.7813
voter,8.0,rho_8,800,4.2,14,3000,1921414,14,0,8.7404
voter,8.0,rho_8,800,4.2,14,3000,1921415,15,0,8.8024
voter,8.0,rho_8,800,4.2,14,3000,1921416,16,0,8.7954
voter,8.0,rho_8,800,4.2,14,3000,1921417,17,0,8.718
voter,8.0,rho_8,800,4.2,14,3000,1921418,18,0,8.8284
voter,8.0,rho_8,800,4.2,14,3000,1921419,19,0,8.7241
voter,8.0,rho_8,800,4.4,15,3000,1921500,0,0,8.7949
voter,8.0,rho_8,800,4.4,15,3000,1921501,1,0,8.8384
voter,8.0,rho_8,800,4.4,15,3000,1921502,2,0,8.8786
voter,8.0,rho_8,800,4.4,15,3000,1921503,3,0,8.8844
voter,8.0,rho_8,800,4.4,15,3000,1921504,4,0,8.8025
voter,8.0,rho_8,800,4.4,15,3000,1921505,5,0,8.9577
voter,8.0,rho_8,800,4.4,15,3000,1921506,6,0,8.9688
voter,8.0,rho_8,800,4.4,15,3000,1921507,7,0,8.9037
voter,8.0,rho_8,800,4.4,15,3000,1921508,8,0,8.7774
voter,8.0,rho_8,800,4.4,15,3000,1921509,9,0,8.8388
voter,8.0,rho_8,800,4.4,15,3000,1921510,10,0,8.8068
voter,8.0,rho_8,800,4.4,15,3000,1921511,11,0,8.8802
voter,8.0,rho_8,800,4.4,15,3000,1921512,12,0,8.8425
voter,8.0,rho_8,800,4.4,15,3000,1921513,13,0,8.8307
voter,8.0,rho_8,800,4.4,15,3000,1921514,14,0,8.8353
voter,8.0,rho_8,800,4.4,15,3000,1921515,15,0,8.7963
voter,8.0,rho_8,800,4.4,15,3000,1921516,16,0,8.6552
voter,8.0,rho_8,800,4.4,15,3000,1921517,17,0,8.9224
voter,8.0,rho_8,800,4.4,15,3000,1921518,18,0,8.784
voter,8.0,rho_8,800,4.4,15,3000,1921519,19,0,8.8355
voter,8.0,rho_8,800,4.6,16,3000,1921600,0,0,8.7041
voter,8.0,rho_8,800,4.6,16,3000,1921601,1,0,8.6486
voter,8.0,rho_8,800,4.6,16,3000,1921602,2,0,8.7217
voter,8.0,rho_8,800,4.6,16,3000,1921603,3,0,8.7198
voter,8.0,rho_8,800,4.6,16,3000,1921604,4,0,8.7485
voter,8.0,rho_8,800,4.6,16,3000,1921605,5,0,8.6956
voter,8.0,rho_8,800,4.6,16,3000,1921606,6,0,8.7574
voter,8.0,rho_8,800,4.6,16,3000,1921607,7,0,8.7689
voter,8.0,rho_8,800,4.6,16,3000,1921608,8,0,8.746
voter,8.0,rho_8,800,4.6,16,3000,1921609,9,0,8.7888
voter,8.0,rho_8,800,4.6,16,3000,1921610,10,0,8.8667
voter,8.0,rho_8,800,4.6,16,3000,1921611,11,0,8.7728
voter,8.0,rho_8,800,4.6,16,3000,1921612,12,0,8.6791
voter,8.0,rho_8,800,4.6,16,3000,1921613,13,0,8.8249
voter,8.0,rho_8,800,4.6,16,3000,1921614,14,0,8.6831
voter,8.0,rho_8,800,4.6,16,3000,1921615,15,0,8.8188
voter,8.0,rho_8,800,4.6,16,3000,1921616,16,0,8.7516
voter,8.0,rho_8,800,4.6,16,3000,1921617,17,0,8.7123
voter,8.0,rho_8,800,4.6,16,3000,1921618,18,0,8.7167
voter,8.0,rho_8,800,4.6,16,3000,1921619,19,0,8.7181
voter,8.0,rho_8,800,4.8,17,3000,1921700,0,0,8.7136
voter,8.0,rho_8,800,4.8,17,3000,1921701,1,0,8.7501
voter,8.0,rho_8,800,4.8,17,3000,1921702,2,0,8.7992
voter,8.0,rho_8,800,4.8,17,3000,1921703,3,0,8.9156
voter,8.0,rho_8,800,4.8,17,3000,1921704,4,0,8.8333
voter,8.0,rho_8,800,4.8,17,3000,1921705,5,0,8.8167
voter,8.0,rho_8,800,4.8,17,3000,1921706,6,0,8.7507
voter,8.0,rho_8,800,4.8,17,3000,1921707,7,0,8.9169
voter,8.0,rho_8,800,4.8,17,3000,1921708,8,0,8.7846
voter,8.0,rho_8,800,4.8,17,3000,1921709,9,0,8.6561
voter,8.0,rho_8,800,4.8,17,3000,1921710,10,0,8.7512
voter,8.0,rho_8,800,4.8,17,3000,1921711,11,0,8.7637
voter,8.0,rho_8,800,4.8,17,3000,1921712,12,0,8.7483
voter,8.0,rho_8,800,4.8,17,3000,1921713,13,0,8.7863
voter,8.0,rho_8,800,4.8,17,3000,1921714,14,0,8.6908
voter,8.0,rho_8,800,4.8,17,3000,1921715,15,0,8.6326
voter,8.0,rho_8,800,4.8,17,3000,1921716,16,0,8.6589
voter,8.0,rho_8,800,4.8,17,3000,1921717,17,0,8.7633
voter,8.0,rho_8,800,4.8,17,3000,1921718,18,0,8.73
voter,8.0,rho_8,800,4.8,17,3000,1921719,19,0,8.7799
voter,8.0,rho_8,800,5.2,18,3000,1921800,0,0,8.6537
voter,8.0,rho_8,800,5.2,18,3000,1921801,1,0,8.8831
voter,8.0,rho_8,800,5.2,18,3000,1921802,2,0,8.7696
voter,8.0,rho_8,800,5.2,18,3000,1921803,3,0,8.7034
voter,8.0,rho_8,800,5.2,18,3000,1921804,4,0,8.8322
voter,8.0,rho_8,800,5.2,18,3000,1921805,5,0,8.5916
voter,8.0,rho_8,800,5.2,18,3000,1921806,6,0,8.7842
voter,8.0,rho_8,800,5.2,18,3000,1921807,7,0,8.8239
voter,8.0,rho_8,800,5.2,18,3000,1921808,8,0,8.6754
voter,8.0,rho_8,800,5.2,18,3000,1921809,9,0,8.6998
voter,8.0,rho_8,800,5.2,18,3000,1921810,10,0,8.7427
voter,8.0,rho_8,800,5.2,18,3000,1921811,11,0,8.7052
voter,8.0,rho_8,800,5.2,18,3000,1921812,12,0,8.852
voter,8.0,rho_8,800,5.2,18,3000,1921813,13,0,8.9076
voter,8.0,rho_8,800,5.2,18,3000,1921814,14,0,8.8629
voter,8.0,rho_8,800,5.2,18,3000,1921815,15,0,8.7463
voter,8.0,rho_8,800,5.2,18,3000,1921816,16,0,8.811
voter,8.0,rho_8,800,5.2,18,3000,1921817,17,0,8.9044
voter,8.0,rho_8,800,5.2,18,3000,1921818,18,0,8.8531
voter,8.0,rho_8,800,5.2,18,3000,1921819,19,0,8.8429
voter,8.0,rho_8,800,5.4,19,3000,1921900,0,0,8.7921
voter,8.0,rho_8,800,5.4,19,3000,1921901,1,0,8.7866
voter,8.0,rho_8,800,5.4,19,3000,1921902,2,0,8.7119
voter,8.0,rho_8,800,5.4,19,3000,1921903,3,0,8.7201
voter,8.0,rho_8,800,5.4,19,3000,1921904,4,0,8.6651
voter,8.0,rho_8,800,5.4,19,3000,1921905,5,0,8.7615
voter,8.0,rho_8,800,5.4,19,3000,1921906,6,0,8.7732
voter,8.0,rho_8,800,5.4,19,3000,1921907,7,0,8.6815
voter,8.0,rho_8,800,5.4,19,3000,1921908,8,0,8.6904
voter,8.0,rho_8,800,5.4,19,3000,1921909,9,0,8.6745
voter,8.0,rho_8,800,5.4,19,3000,1921910,10,0,8.642
voter,8.0,rho_8,800,5.4,19,3000,1921911,11,0,8.7621
voter,8.0,rho_8,800,5.4,19,3000,1921912,12,0,8.8312
voter,8.0,rho_8,800,5.4,19,3000,1921913,13,0,8.7019
voter,8.0,rho_8,800,5.4,19,3000,1921914,14,0,8.6577
voter,8.0,rho_8,800,5.4,19,3000,1921915,15,0,8.8504
voter,8.0,rho_8,800,5.4,19,3000,1921916,16,0,8.9088
voter,8.0,rho_8,800,5.4,19,3000,1921917,17,0,8.8643
voter,8.0,rho_8,800,5.4,19,3000,1921918,18,0,8.72
voter,8.0,rho_8,800,5.4,19,3000,1921919,19,0,8.7702
voter,8.0,rho_8,800,5.6,20,3000,1922000,0,0,8.83
voter,8.0,rho_8,800,5.6,20,3000,1922001,1,0,8.6533
voter,8.0,rho_8,800,5.6,20,3000,1922002,2,0,8.6751
voter,8.0,rho_8,800,5.6,20,3000,1922003,3,0,8.658
voter,8.0,rho_8,800,5.6,20,3000,1922004,4,0,8.7294
voter,8.0,rho_8,800,5.6,20,3000,1922005,5,0,8.6728
voter,8.0,rho_8,800,5.6,20,3000,1922006,6,0,8.5934
voter,8.0,rho_8,800,5.6,20,3000,1922007,7,0,8.6859
voter,8.0,rho_8,800,5.6,20,3000,1922008,8,0,8.5749
voter,8.0,rho_8,800,5.6,20,3000,1922009,9,0,8.7074
voter,8.0,rho_8,800,5.6,20,3000,1922010,10,0,8.7411
voter,8.0,rho_8,800,5.6,20,3000,1922011,11,0,8.7594
voter,8.0,rho_8,800,5.6,20,3000,1922012,12,0,8.7647
voter,8.0,rho_8,800,5.6,20,3000,1922013,13,0,8.8452
voter,8.0,rho_8,800,5.6,20,3000,1922014,14,0,8.7179
voter,8.0,rho_8,800,5.6,20,3000,1922015,15,0,8.6566
voter,8.0,rho_8,800,5.6,20,3000,1922016,16,0,8.6736
voter,8.0,rho_8,800,5.6,20,3000,1922017,17,0,8.7087
voter,8.0,rho_8,800,5.6,20,3000,1922018,18,0,8.7074
voter,8.0,rho_8,800,5.6,20,3000,1922019,19,0,8.6949
voter,8.0,rho_8,800,5.8,21,3000,1922100,0,0,8.669
voter,8.0,rho_8,800,5.8,21,3000,1922101,1,0,8.6632
voter,8.0,rho_8,800,5.8,21,3000,1922102,2,0,8.5295
voter,8.0,rho_8,800,5.8,21,3000,1922103,3,0,8.6617
voter,8.0,rho_8,800,5.8,21,3000,1922104,4,0,8.6531
voter,8.0,rho_8,800,5.8,21,3000,1922105,5,0,8.58
voter,8.0,rho_8,800,5.8,21,3000,1922106,6,0,8.6876
voter,8.0,rho_8,800,5.8,21,3000,1922107,7,0,8.6001
voter,8.0,rho_8,800,5.8,21,3000,1922108,8,0,8.6771
voter,8.0,rho_8,800,5.8,21,3000,1922109,9,0,8.5782
voter,8.0,rho_8,800,5.8,21,3000,1922110,10,0,8.6959
voter,8.0,rho_8,800,5.8,21,3000,1922111,11,0,8.6672
voter,8.0,rho_8,800,5.8,21,3000,1922112,12,0,8.7537
voter,8.0,rho_8,800,5.8,21,3000,1922113,13,0,8.6769
voter,8.0,rho_8,800,5.8,21,3000,1922114,14,0,8.6809
voter,8.0,rho_8,800,5.8,21,3000,1922115,15,0,8.6224
voter,8.0,rho_8,800,5.8,21,3000,1922116,16,0,8.7102
voter,8.0,rho_8,800,5.8,21,3000,1922117,17,0,8.6462
voter,8.0,rho_8,800,5.8,21,3000,1922118,18,0,8.7672
voter,8.0,rho_8,800,5.8,21,3000,1922119,19,0,8.612
voter,8.0,rho_8,800,6.2,22,3000,1922200,0,0,8.6764
voter,8.0,rho_8,800,6.2,22,3000,1922201,1,0,8.7244
voter,8.0,rho_8,800,6.2,22,3000,1922202,2,0,8.8019
voter,8.0,rho_8,800,6.2,22,3000,1922203,3,0,8.6704
voter,8.0,rho_8,800,6.2,22,3000,1922204,4,0,8.8546
voter,8.0,rho_8,800,6.2,22,3000,1922205,5,0,8.7458
voter,8.0,rho_8,800,6.2,22,3000,1922206,6,0,8.7553
voter,8.0,rho_8,800,6.2,22,3000,1922207,7,0,8.8589
voter,8.0,rho_8,800,6.2,22,3000,1922208,8,0,8.7906
voter,8.0,rho_8,800,6.2,22,3000,1922209,9,0,8.801
voter,8.0,rho_8,800,6.2,22,3000,1922210,10,0,8.7733
voter,8.0,rho_8,800,6.2,22,3000,1922211,11,0,8.6529
voter,8.0,rho_8,800,6.2,22,3000,1922212,12,0,8.6095
voter,8.0,rho_8,800,6.2,22,3000,1922213,13,0,8.6101
voter,8.0,rho_8,800,6.2,22,3000,1922214,14,0,8.5342
voter,8.0,rho_8,800,6.2,22,3000,1922215,15,0,8.6209
voter,8.0,rho_8,800,6.2,22,3000,1922216,16,0,8.4202
voter,8.0,rho_8,800,6.2,22,3000,1922217,17,0,8.3067
voter,8.0,rho_8,800,6.2,22,3000,1922218,18,0,8.2694
voter,8.0,rho_8,800,6.2,22,3000,1922219,19,0,8.1517
