model,rho_label,rho_nominal,N,eta,base_seed,realization,steps,va_t0,S_t0,t_window_start,va_window_mean,va_window_stdev,S_window_mean,S_window_stdev,source_run
vicsek,rho_2,2,200,0,920000,0,3000,0.05548577924330845,1.0,1500,1.0000000000000022,1.779091829144931e-15,1.0,0.0,vicsek_eta0_6_deta0p5_steps3000_R20_v1
vicsek,rho_2,2,200,0,920001,1,3000,0.02904888181211723,1.0,1500,1.000000000000002,4.6715793836929264e-17,1.0,0.0,vicsek_eta0_6_deta0p5_steps3000_R20_v1
vicsek,rho_2,2,200,0,920002,2,3000,0.10692448256691295,0.995,1500,1.0000000000000024,0.0,1.0,0.0,vicsek_eta0_6_deta0p5_steps3000_R20_v1
vicsek,rho_2,2,200,0,920003,3,3000,0.09417129012066114,0.99,1500,1.0000000000000018,9.630682794076787e-16,1.0,0.0,vicsek_eta0_6_deta0p5_steps3000_R20_v1
vicsek,rho_2,2,200,0,920004,4,3000,0.12417775344126483,1.0,1500,1.0,3.238259600574279e-16,1.0,0.0,vicsek_eta0_6_deta0p5_steps3000_R20_v1
vicsek,rho_2,2,200,0,920005,5,3000,0.09515645827552456,0.99,1500,0.9999999999999992,2.566855781078475e-15,1.0,0.0,vicsek_eta0_6_deta0p5_steps3000_R20_v1
vicsek,rho_2,2,200,0,920006,6,3000,0.049825467545021845,0.96,1500,1.000000000000001,1.5438940528931507e-15,1.0,0.0,vicsek_eta0_6_deta0p5_steps3000_R20_v1
vicsek,rho_2,2,200,0,920007,7,3000,0.11721699066424326,1.0,1500,0.9999999999994975,1.5954241409702331e-12,1.0,0.0,vicsek_eta0_6_deta0p5_steps3000_R20_v1
vicsek,rho_2,2,200,0,920008,8,3000,0.05318142936877777,1.0,1500,1.0000000000000022,5.682362384188567e-16,1.0,0.0,vicsek_eta0_6_deta0p5_steps3000_R20_v1
vicsek,rho_2,2,200,0,920009,9,3000,0.030649727740839107,1.0,1500,0.9999999999999991,2.3915708322792215e-17,1.0,0.0,vicsek_eta0_6_deta0p5_steps3000_R20_v1
vicsek,rho_2,2,200,0,920010,10,3000,0.11003790733661009,1.0,1500,0.9999999999999568,1.353905235674607e-13,1.0,0.0,vicsek_eta0_6_deta0p5_steps3000_R20_v1
vicsek,rho_2,2,200,0,920011,11,3000,0.02382550278430977,1.0,1500,0.9999999999999989,0.0,1.0,0.0,vicsek_eta0_6_deta0p5_steps3000_R20_v1
vicsek,rho_2,2,200,0,920012,12,3000,0.08670418388482609,0.975,1500,0.9999999999152561,2.687272150670285e-10,1.0,0.0,vicsek_eta0_6_deta0p5_steps3000_R20_v1
vicsek,rho_2,2,200,0,920013,13,3000,0.018945594484427213,1.0,1500,0.9999999999999999,9.04466775024117e-16,1.0,0.0,vicsek_eta0_6_deta0p5_steps3000_R20_v1
vicsek,rho_2,2,200,0,920014,14,3000,0.09781453550690966,1.0,1500,0.9999999999999999,6.286987233096559e-16,1.0,0.0,vicsek_eta0_6_deta0p5_steps3000_R20_v1
vicsek,rho_2,2,200,0,920015,15,3000,0.06735578354236636,0.97,1500,0.9999999999988296,4.1725954407157135e-12,1.0,0.0,vicsek_eta0_6_deta0p5_steps3000_R20_v1
vicsek,rho_2,2,200,0,920016,16,3000,0.051086873733503235,1.0,1500,1.000000000000001,8.020914591989714e-16,1.0,0.0,vicsek_eta0_6_deta0p5_steps3000_R20_v1
vicsek,rho_2,2,200,0,920017,17,3000,0.0785800554006651,0.995,1500,1.0000000000000004,5.400946300920345e-16,1.0,0.0,vicsek_eta0_6_deta0p5_steps3000_R20_v1
vicsek,rho_2,2,200,0,920018,18,3000,0.11263962089817832,0.99,1500,0.9999999999999978,8.20900294229886e-15,1.0,0.0,vicsek_eta0_6_deta0p5_steps3000_R20_v1
vicsek,rho_2,2,200,0,920019,19,3000,0.05163132509314739,0.995,1500,0.9999999999999856,4.776183327391519e-14,1.0,0.0,vicsek_eta0_6_deta0p5_steps3000_R20_v1
vicsek,rho_2,2,200,0.050000000000000003,1100000,0,3000,0.04225265296119713,1.0,1500,0.9998379661436569,3.155509881293366e-05,1.0,0.0,final_fine_grid_steps3000_R20_v1
vicsek,rho_2,2,200,0.050000000000000003,1100001,1,3000,0.044652022431856266,1.0,1500,0.9998260320354682,3.7274650899143214e-05,1.0,0.0,final_fine_grid_steps3000_R20_v1
vicsek,rho_2,2,200,0.050000000000000003,1100002,2,3000,0.08030831155390537,0.995,1500,0.9998289516268037,3.272984890562635e-05,1.0,0.0,final_fine_grid_steps3000_R20_v1
vicsek,rho_2,2,200,0.050000000000000003,1100003,3,3000,0.03383324908792895,1.0,1500,0.9998281479607348,3.4488062125045375e-05,1.0,0.0,final_fine_grid_steps3000_R20_v1
vicsek,rho_2,2,200,0.050000000000000003,1100004,4,3000,0.07908155950841303,1.0,1500,0.9998263243543689,4.188071341140627e-05,1.0,0.0,final_fine_grid_steps3000_R20_v1
vicsek,rho_2,2,200,0.050000000000000003,1100005,5,3000,0.07140407077317977,1.0,1500,0.9998495487119602,2.2872263070150293e-05,1.0,0.0,final_fine_grid_steps3000_R20_v1
vicsek,rho_2,2,200,0.050000000000000003,1100006,6,3000,0.09369461858413758,0.995,1500,0.9998389996466641,3.052098896393426e-05,1.0,0.0,final_fine_grid_steps3000_R20_v1
vicsek,rho_2,2,200,0.050000000000000003,1100007,7,3000,0.08322593843203457,0.99,1500,0.9998161991863277,5.454271627276506e-05,0.9986009327115257,0.006325711768374497,final_fine_grid_steps3000_R20_v1
vicsek,rho_2,2,200,0.050000000000000003,1100008,8,3000,0.058134147676466325,0.995,1500,0.9998374184699663,3.114549502760193e-05,1.0,0.0,final_fine_grid_steps3000_R20_v1
vicsek,rho_2,2,200,0.050000000000000003,1100009,9,3000,0.12010352091879611,1.0,1500,0.9998510358771766,2.66573436863638e-05,1.0,0.0,final_fine_grid_steps3000_R20_v1
vicsek,rho_2,2,200,0.050000000000000003,1100010,10,3000,0.0725861895104874,0.99,1500,0.9997818859499568,7.560528138282983e-05,1.0,0.0,final_fine_grid_steps3000_R20_v1
vicsek,rho_2,2,200,0.050000000000000003,1100011,11,3000,0.022676169271729756,0.92,1500,0.9998069271616599,5.659596506963896e-05,1.0,0.0,final_fine_grid_steps3000_R20_v1
vicsek,rho_2,2,200,0.050000000000000003,1100012,12,3000,0.08552060784948781,1.0,1500,0.9998212136734486,4.4783680327742866e-05,1.0,0.0,final_fine_grid_steps3000_R20_v1
vicsek,rho_2,2,200,0.050000000000000003,1100013,13,3000,0.04979829863924603,0.965,1500,0.9998047971096783,5.7004061283691736e-05,1.0,0.0,final_fine_grid_steps3000_R20_v1
vicsek,rho_2,2,200,0.050000000000000003,1100014,14,3000,0.08694022022683408,0.98,1500,0.9998319266669119,3.0835916115113476e-05,1.0,0.0,final_fine_grid_steps3000_R20_v1
vicsek,rho_2,2,200,0.050000000000000003,1100015,15,3000,0.06229494679160715,1.0,1500,0.999845691001194,2.970127861089393e-05,1.0,0.0,final_fine_grid_steps3000_R20_v1
vicsek,rho_2,2,200,0.050000000000000003,1100016,16,3000,0.038794569583951,1.0,1500,0.9998367088012429,3.5031143405551496e-05,1.0,0.0,final_fine_grid_steps3000_R20_v1
vicsek,rho_2,2,200,0.050000000000000003,1100017,17,3000,0.09005638329408465,1.0,1500,0.9998403883065222,2.6710957925398407e-05,1.0,0.0,final_fine_grid_steps3000_R20_v1
vicsek,rho_2,2,200,0.050000000000000003,1100018,18,3000,0.06090109610860139,0.99,1500,0.9998309373886388,3.5645298105923175e-05,1.0,0.0,final_fine_grid_steps3000_R20_v1
vicsek,rho_2,2,200,0.050000000000000003,1100019,19,3000,0.05961189686198219,1.0,1500,0.9998159013139025,5.077466281359269e-05,1.0,0.0,final_fine_grid_steps3000_R20_v1
vicsek,rho_2,2,200,0.10000000000000001,1100100,0,3000,0.016216500388510385,0.985,1500,0.9993956833527208,0.00011560090654877336,1.0,0.0,final_fine_grid_steps3000_R20_v1
vicsek,rho_2,2,200,0.10000000000000001,1100101,1,3000,0.060889523387873935,1.0,1500,0.9993345876040509,0.00011843570415704795,1.0,0.0,final_fine_grid_steps3000_R20_v1
vicsek,rho_2,2,200,0.10000000000000001,1100102,2,3000,0.036021668063520015,0.99,1500,0.999288567541709,0.00014794037754200606,0.9999933377748168,0.00018239172314462137,final_fine_grid_steps3000_R20_v1
vicsek,rho_2,2,200,0.10000000000000001,1100103,3,3000,0.055814634394399654,1.0,1500,0.9993312516377538,0.00014777691989779372,1.0,0.0,final_fine_grid_steps3000_R20_v1
vicsek,rho_2,2,200,0.10000000000000001,1100104,4,3000,0.05393193118186799,1.0,1500,0.9993797434071341,0.00011141189930027935,1.0,0.0,final_fine_grid_steps3000_R20_v1
vicsek,rho_2,2,200,0.10000000000000001,1100105,5,3000,0.06273086301841009,1.0,1500,0.9993359986103018,0.0001554328956013996,1.0,0.0,final_fine_grid_steps3000_R20_v1
vicsek,rho_2,2,200,0.10000000000000001,1100106,6,3000,0.030017615053188167,0.995,1500,0.9993327255379824,0.0001606792661193529,1.0,0.0,final_fine_grid_steps3000_R20_v1
vicsek,rho_2,2,200,0.10000000000000001,1100107,7,3000,0.07628448889645026,0.975,1500,0.9993809757700205,0.00011362868612242646,1.0,0.0,final_fine_grid_steps3000_R20_v1
vicsek,rho_2,2,200,0.10000000000000001,1100108,8,3000,0.0634655175025237,1.0,1500,0.9993388185473144,0.00015192246833529006,1.0,0.0,final_fine_grid_steps3000_R20_v1
vicsek,rho_2,2,200,0.10000000000000001,1100109,9,3000,0.04118183519973132,0.99,1500,0.9993229189434631,0.0001546763705792204,0.9993970686209194,0.0018575784423567054,final_fine_grid_steps3000_R20_v1
vicsek,rho_2,2,200,0.10000000000000001,1100110,10,3000,0.0763005166519501,0.985,1500,0.9990729049859574,0.0006128681280468058,0.9902664890073285,0.007159708698377011,final_fine_grid_steps3000_R20_v1
vicsek,rho_2,2,200,0.10000000000000001,1100111,11,3000,0.05182274951125049,0.98,1500,0.9994323926014378,9.500910304930247e-05,1.0,0.0,final_fine_grid_steps3000_R20_v1
vicsek,rho_2,2,200,0.10000000000000001,1100112,12,3000,0.07436003070614347,1.0,1500,0.9993828980044568,0.0001228100021914786,0.9993537641572285,0.0016773665220740698,final_fine_grid_steps3000_R20_v1
vicsek,rho_2,2,200,0.10000000000000001,1100113,13,3000,0.12305517905911395,1.0,1500,0.9993404898110452,0.00023293257064336493,0.9982744836775483,0.004446806991721028,final_fine_grid_steps3000_R20_v1
vicsek,rho_2,2,200,0.10000000000000001,1100114,14,3000,0.1141097895330851,1.0,1500,0.9992973734473142,0.00017672175813071846,1.0,0.0,final_fine_grid_steps3000_R20_v1
vicsek,rho_2,2,200,0.10000000000000001,1100115,15,3000,0.08110230768259635,0.995,1500,0.9991017070250747,0.0002950846103249455,1.0,0.0,final_fine_grid_steps3000_R20_v1
vicsek,rho_2,2,200,0.10000000000000001,1100116,16,3000,0.1499932625213727,1.0,1500,0.9992796147912365,0.0001635099314525466,1.0,0.0,final_fine_grid_steps3000_R20_v1
vicsek,rho_2,2,200,0.10000000000000001,1100117,17,3000,0.08045116756361756,1.0,1500,0.9993659097743911,0.0001079180670986874,1.0,0.0,final_fine_grid_steps3000_R20_v1
vicsek,rho_2,2,200,0.10000000000000001,1100118,18,3000,0.05112567062432311,1.0,1500,0.9993888369967995,8.905668783145355e-05,1.0,0.0,final_fine_grid_steps3000_R20_v1
vicsek,rho_2,2,200,0.10000000000000001,1100119,19,3000,0.04028069087907591,0.955,1500,0.9994085451346397,0.00011483442464841083,1.0,0.0,final_fine_grid_steps3000_R20_v1
vicsek,rho_2,2,200,0.14999999999999999,1100200,0,3000,0.0645298329383832,1.0,1500,0.9987098338026711,0.00022567499624700555,0.9964823451032645,0.00477521235075759,final_fine_grid_steps3000_R20_v1
vicsek,rho_2,2,200,0.14999999999999999,1100201,1,3000,0.023873770755696442,1.0,1500,0.9987060411960661,0.00018693354092178164,1.0,0.0,final_fine_grid_steps3000_R20_v1
vicsek,rho_2,2,200,0.14999999999999999,1100202,2,3000,0.037045121587211696,1.0,1500,0.9985865959057074,0.0003039388006449234,0.9992005329780146,0.001989418974769673,final_fine_grid_steps3000_R20_v1
vicsek,rho_2,2,200,0.14999999999999999,1100203,3,3000,0.01854725342819708,1.0,1500,0.9985096266519291,0.0003099436895150783,1.0,0.0,final_fine_grid_steps3000_R20_v1
vicsek,rho_2,2,200,0.14999999999999999,1100204,4,3000,0.036551854962460564,1.0,1500,0.9986355255173947,0.00025900494053712834,0.999340439706862,0.001691975675181349,final_fine_grid_steps3000_R20_v1
vicsek,rho_2,2,200,0.14999999999999999,1100205,5,3000,0.008351436759800436,0.995,1500,0.9982335444469318,0.0007835960761558193,0.9833644237175216,0.019857246368235246,final_fine_grid_steps3000_R20_v1
vicsek,rho_2,2,200,0.14999999999999999,1100206,6,3000,0.053176168209802636,1.0,1500,0.9986647322160339,0.0002556402113077292,1.0,0.0,final_fine_grid_steps3000_R20_v1
vicsek,rho_2,2,200,0.14999999999999999,1100207,7,3000,0.07943082125617795,1.0,1500,0.9982288853364174,0.0005446946035097775,1.0,0.0,final_fine_grid_steps3000_R20_v1
vicsek,rho_2,2,200,0.14999999999999999,1100208,8,3000,0.024597858535298535,0.995,1500,0.9986351248161924,0.00023423023292322851,1.0,0.0,final_fine_grid_steps3000_R20_v1
vicsek,rho_2,2,200,0.14999999999999999,1100209,9,3000,0.08934206614621262,1.0,1500,0.9983886576326119,0.00032346366424559745,1.0,0.0,final_fine_grid_steps3000_R20_v1
vicsek,rho_2,2,200,0.14999999999999999,1100210,10,3000,0.05501447813151892,1.0,1500,0.9987920824528402,0.00019937450327761242,1.0,0.0,final_fine_grid_steps3000_R20_v1
vicsek,rho_2,2,200,0.14999999999999999,1100211,11,3000,0.03901920937477234,1.0,1500,0.9986129718877724,0.000275487850539406,1.0,0.0,final_fine_grid_steps3000_R20_v1
vicsek,rho_2,2,200,0.14999999999999999,1100212,12,3000,0.11390415896707806,1.0,1500,0.9983338121658671,0.00040147544278223805,1.0,0.0,final_fine_grid_steps3000_R20_v1
vicsek,rho_2,2,200,0.14999999999999999,1100213,13,3000,0.13796618919871947,1.0,1500,0.9986768725083585,0.0001881123817083242,0.9999866755496336,0.0005160537436652126,final_fine_grid_steps3000_R20_v1
vicsek,rho_2,2,200,0.14999999999999999,1100214,14,3000,0.05697412436038064,1.0,1500,0.9985671154693959,0.00030592715745468856,1.0,0.0,final_fine_grid_steps3000_R20_v1
vicsek,rho_2,2,200,0.14999999999999999,1100215,15,3000,0.04719224469985754,0.99,1500,0.9985053680276562,0.00034316206167689373,0.9979080612924717,0.004067330760981695,final_fine_grid_steps3000_R20_v1
vicsek,rho_2,2,200,0.14999999999999999,1100216,16,3000,0.06948921814454416,1.0,1500,0.9980673778116533,0.0006075437281011932,0.9861492338441039,0.014955910589849302,final_fine_grid_steps3000_R20_v1
vicsek,rho_2,2,200,0.14999999999999999,1100217,17,3000,0.12408373145418304,1.0,1500,0.9980176259723642,0.0010107241726643654,1.0,0.0,final_fine_grid_steps3000_R20_v1
vicsek,rho_2,2,200,0.14999999999999999,1100218,18,3000,0.10933303662933286,1.0,1500,0.9985980084402687,0.00022134851277058718,1.0,0.0,final_fine_grid_steps3000_R20_v1
vicsek,rho_2,2,200,0.14999999999999999,1100219,19,3000,0.020860817994613833,0.99,1500,0.9980516686945532,0.0007142534166864627,0.9962691538974018,0.0077908734690465085,final_fine_grid_steps3000_R20_v1
vicsek,rho_2,2,200,0.20000000000000001,1100300,0,3000,0.040377832810308094,0.995,1500,0.9974797280833583,0.0008001564912812614,0.9996002664890073,0.00343979918744825,final_fine_grid_steps3000_R20_v1
vicsek,rho_2,2,200,0.20000000000000001,1100301,1,3000,0.08880873314833071,0.985,1500,0.9973824401668819,0.0004929163326265729,1.0,0.0,final_fine_grid_steps3000_R20_v1
vicsek,rho_2,2,200,0.20000000000000001,1100302,2,3000,0.03282723577138944,1.0,1500,0.9978024896895411,0.00031618284967506975,1.0,0.0,final_fine_grid_steps3000_R20_v1
vicsek,rho_2,2,200,0.20000000000000001,1100303,3,3000,0.08007977993788844,1.0,1500,0.9966684377861833,0.0009666112739353845,1.0,0.0,final_fine_grid_steps3000_R20_v1
vicsek,rho_2,2,200,0.20000000000000001,1100304,4,3000,0.039460414504867806,1.0,1500,0.997895415174787,0.000311735903704035,1.0,0.0,final_fine_grid_steps3000_R20_v1
vicsek,rho_2,2,200,0.20000000000000001,1100305,5,3000,0.041853082714001524,1.0,1500,0.9976063265336972,0.00038671278327897303,1.0,0.0,final_fine_grid_steps3000_R20_v1
vicsek,rho_2,2,200,0.20000000000000001,1100306,6,3000,0.048352854191776685,0.95,1500,0.9964489851436882,0.0017085101675429577,0.9928147901399067,0.0074933908991735914,final_fine_grid_steps3000_R20_v1
vicsek,rho_2,2,200,0.20000000000000001,1100307,7,3000,0.02148772912671121,0.985,1500,0.997683308654747,0.00040598854263939834,1.0,0.0,final_fine_grid_steps3000_R20_v1
vicsek,rho_2,2,200,0.20000000000000001,1100308,8,3000,0.05218518624434287,0.945,1500,0.9956604931355176,0.0023354525765262625,0.9970552964690206,0.019103567975357942,final_fine_grid_steps3000_R20_v1
vicsek,rho_2,2,200,0.20000000000000001,1100309,9,3000,0.026804277567603806,1.0,1500,0.9961795901899207,0.0030077649183151566,0.9759093937375083,0.021281146434574936,final_fine_grid_steps3000_R20_v1
vicsek,rho_2,2,200,0.20000000000000001,1100310,10,3000,0.02692723976778032,1.0,1500,0.9978367412085459,0.00029877334716465613,1.0,0.0,final_fine_grid_steps3000_R20_v1
vicsek,rho_2,2,200,0.20000000000000001,1100311,11,3000,0.10107258351178013,0.995,1500,0.9975280354794681,0.0005498364556011496,1.0,0.0,final_fine_grid_steps3000_R20_v1
vicsek,rho_2,2,200,0.20000000000000001,1100312,12,3000,0.09264142924659939,0.995,1500,0.9969758245303562,0.0007042724892805088,1.0,0.0,final_fine_grid_steps3000_R20_v1
vicsek,rho_2,2,200,0.20000000000000001,1100313,13,3000,0.05603244920419937,1.0,1500,0.9970654763836476,0.0008068536701620831,0.9967754830113258,0.007354782795109302,final_fine_grid_steps3000_R20_v1
vicsek,rho_2,2,200,0.20000000000000001,1100314,14,3000,0.040831378496989215,1.0,1500,0.9957787068671289,0.002285930352630287,1.0,0.0,final_fine_grid_steps3000_R20_v1
vicsek,rho_2,2,200,0.20000000000000001,1100315,15,3000,0.022384763774084,1.0,1500,0.9969112934361856,0.0010024788888499468,0.9735343104596936,0.057483163731645394,final_fine_grid_steps3000_R20_v1
vicsek,rho_2,2,200,0.20000000000000001,1100316,16,3000,0.09310532457181074,0.995,1500,0.9969894547855576,0.0007309745495191814,0.9999933377748168,0.00018239172314462137,final_fine_grid_steps3000_R20_v1
vicsek,rho_2,2,200,0.20000000000000001,1100317,17,3000,0.0558651350610121,1.0,1500,0.9969378671368427,0.0011479127095872406,0.9928947368421053,0.009057789460684793,final_fine_grid_steps3000_R20_v1
vicsek,rho_2,2,200,0.20000000000000001,1100318,18,3000,0.05573166788853541,0.975,1500,0.996800230333036,0.0014381957745561117,0.9909227181878747,0.008098619128304459,final_fine_grid_steps3000_R20_v1
vicsek,rho_2,2,200,0.20000000000000001,1100319,19,3000,0.03373244841893131,1.0,1500,0.9965622995547821,0.0011755262277897826,0.9791872085276482,0.03119225798650936,final_fine_grid_steps3000_R20_v1
vicsek,rho_2,2,200,0.29999999999999999,1100400,0,3000,0.04485768457150608,1.0,1500,0.9933953149099503,0.001522027355228828,0.9997235176548968,0.0017141220517364769,final_fine_grid_steps3000_R20_v1
vicsek,rho_2,2,200,0.29999999999999999,1100401,1,3000,0.0980482348545223,0.965,1500,0.9933385922031628,0.0022183657944362515,0.9940306462358427,0.013164125393805896,final_fine_grid_steps3000_R20_v1
vicsek,rho_2,2,200,0.29999999999999999,1100402,2,3000,0.04873318449098599,1.0,1500,0.9941673705742433,0.0014158909456750926,1.0,0.0,final_fine_grid_steps3000_R20_v1
vicsek,rho_2,2,200,0.29999999999999999,1100403,3,3000,0.058969159089677765,1.0,1500,0.9935791859765928,0.0015700339636769425,1.0,0.0,final_fine_grid_steps3000_R20_v1
vicsek,rho_2,2,200,0.29999999999999999,1100404,4,3000,0.05053742387757885,1.0,1500,0.9948297765418266,0.001018771390868637,0.9990306462358428,0.0036879072307031617,final_fine_grid_steps3000_R20_v1
vicsek,rho_2,2,200,0.29999999999999999,1100405,5,3000,0.056222571843441364,1.0,1500,0.9940929418899473,0.0011523389254344645,0.9975249833444371,0.006019085408677233,final_fine_grid_steps3000_R20_v1
vicsek,rho_2,2,200,0.29999999999999999,1100406,6,3000,0.048307674727293026,0.995,1500,0.9936981681380203,0.0013388970088038493,0.9992804796802133,0.004589978224677998,final_fine_grid_steps3000_R20_v1
vicsek,rho_2,2,200,0.29999999999999999,1100407,7,3000,0.04034695898951598,1.0,1500,0.9942604451508058,0.001223519407957579,0.9999400399733511,0.0005442471207537687,final_fine_grid_steps3000_R20_v1
vicsek,rho_2,2,200,0.29999999999999999,1100408,8,3000,0.07750457226065527,0.995,1500,0.9939132672260446,0.0013788808961235773,1.0,0.0,final_fine_grid_steps3000_R20_v1
vicsek,rho_2,2,200,0.29999999999999999,1100409,9,3000,0.08049071381638917,1.0,1500,0.9928004491334255,0.0018514271721393957,0.9997001998667555,0.0011870638341425026,final_fine_grid_steps3000_R20_v1
vicsek,rho_2,2,200,0.29999999999999999,1100410,10,3000,0.008991578848923747,1.0,1500,0.9919364277899945,0.004332225134889856,0.9951532311792138,0.009213391349863716,final_fine_grid_steps3000_R20_v1
vicsek,rho_2,2,200,0.29999999999999999,1100411,11,3000,0.08542015521790183,1.0,1500,0.9940399371519725,0.0012035586752488056,0.9988507661558961,0.002902200182966793,final_fine_grid_steps3000_R20_v1
vicsek,rho_2,2,200,0.29999999999999999,1100412,12,3000,0.025956346484784964,0.995,1500,0.9945899123667938,0.0009300117627857509,0.9995902731512325,0.001371407362251096,final_fine_grid_steps3000_R20_v1
vicsek,rho_2,2,200,0.29999999999999999,1100413,13,3000,0.046153632136873554,1.0,1500,0.991833624540918,0.0027553530027942847,1.0,0.0,final_fine_grid_steps3000_R20_v1
vicsek,rho_2,2,200,0.29999999999999999,1100414,14,3000,0.03317535467457333,1.0,1500,0.993812062291745,0.0012995363281262395,1.0,0.0,final_fine_grid_steps3000_R20_v1
vicsek,rho_2,2,200,0.29999999999999999,1100415,15,3000,0.06427225833359743,0.985,1500,0.9943772693732429,0.0009576803871217851,1.0,0.0,final_fine_grid_steps3000_R20_v1
vicsek,rho_2,2,200,0.29999999999999999,1100416,16,3000,0.07271351391778544,0.995,1500,0.9931416070445087,0.001846125489725264,0.992128580946036,0.014860537188851875,final_fine_grid_steps3000_R20_v1
vicsek,rho_2,2,200,0.29999999999999999,1100417,17,3000,0.09531379699885516,0.98,1500,0.9927952439614176,0.0021339290410679413,0.9980846102598268,0.004004349275798292,final_fine_grid_steps3000_R20_v1
vicsek,rho_2,2,200,0.29999999999999999,1100418,18,3000,0.14528874587727753,0.995,1500,0.9944399652014466,0.0012007697967870246,0.9997834776815456,0.00374527285857049,final_fine_grid_steps3000_R20_v1
vicsek,rho_2,2,200,0.29999999999999999,1100419,19,3000,0.07902793000935293,0.99,1500,0.9932963311391461,0.0016990962425454208,0.9985076615589606,0.0035631882335612672,final_fine_grid_steps3000_R20_v1
vicsek,rho_2,2,200,0.40000000000000002,1100500,0,3000,0.013952981529822597,0.99,1500,0.9909464529050865,0.0014148308691739975,0.9895469686875416,0.024311874622083854,final_fine_grid_steps3000_R20_v1
vicsek,rho_2,2,200,0.40000000000000002,1100501,1,3000,0.02833674089074991,1.0,1500,0.9855859416012618,0.006453471069922548,0.9980113257828115,0.004204848527636629,final_fine_grid_steps3000_R20_v1
vicsek,rho_2,2,200,0.40000000000000002,1100502,2,3000,0.021683512458084225,0.995,1500,0.9891170607309547,0.0024644311340916904,0.9938441039307129,0.011506147020919446,final_fine_grid_steps3000_R20_v1
vicsek,rho_2,2,200,0.40000000000000002,1100503,3,3000,0.10460218348423407,0.985,1500,0.9867878836555011,0.004197048335646656,0.9934243837441705,0.01072795657779643,final_fine_grid_steps3000_R20_v1
vicsek,rho_2,2,200,0.40000000000000002,1100504,4,3000,0.05654547376683823,0.995,1500,0.9886288809234135,0.003554275148324066,0.9975116588940707,0.005839346310676555,final_fine_grid_steps3000_R20_v1
vicsek,rho_2,2,200,0.40000000000000002,1100505,5,3000,0.03939592726150518,1.0,1500,0.9860849408637932,0.00471625541628242,0.9840039973351099,0.03495867910139508,final_fine_grid_steps3000_R20_v1
vicsek,rho_2,2,200,0.40000000000000002,1100506,6,3000,0.0411596114731543,1.0,1500,0.9881601722147111,0.0030402694432586337,0.9976382411725516,0.008768340062187734,final_fine_grid_steps3000_R20_v1
vicsek,rho_2,2,200,0.40000000000000002,1100507,7,3000,0.030642886346065042,1.0,1500,0.9884849373398552,0.004259080386578408,0.9978014656895403,0.007818086479409295,final_fine_grid_steps3000_R20_v1
vicsek,rho_2,2,200,0.40000000000000002,1100508,8,3000,0.030857170654048742,1.0,1500,0.9879899252218346,0.004437669445158195,0.9998001332445037,0.0013995430807984188,final_fine_grid_steps3000_R20_v1
vicsek,rho_2,2,200,0.40000000000000002,1100509,9,3000,0.06626825525058756,1.0,1500,0.9881915140796528,0.003813688680355683,0.9925216522318455,0.010255904404368368,final_fine_grid_steps3000_R20_v1
vicsek,rho_2,2,200,0.40000000000000002,1100510,10,3000,0.029753394365479347,1.0,1500,0.9904680290701535,0.0014709689775748713,0.9992338441039307,0.0018010509774197701,final_fine_grid_steps3000_R20_v1
vicsek,rho_2,2,200,0.40000000000000002,1100511,11,3000,0.06118058008201434,0.99,1500,0.9871554521784539,0.004841567090902281,0.9924350433044636,0.009135697592473324,final_fine_grid_steps3000_R20_v1
vicsek,rho_2,2,200,0.40000000000000002,1100512,12,3000,0.018539928552813,0.97,1500,0.9870982143469001,0.004429205283987113,0.994197201865423,0.010021882395408148,final_fine_grid_steps3000_R20_v1
vicsek,rho_2,2,200,0.40000000000000002,1100513,13,3000,0.019726111234466027,0.985,1500,0.9906301843350779,0.0019239315967777457,0.999620253164557,0.0019113504899419635,final_fine_grid_steps3000_R20_v1
vicsek,rho_2,2,200,0.40000000000000002,1100514,14,3000,0.03303891911787323,0.995,1500,0.9870453517980523,0.004173630275817226,0.9950766155896069,0.011658481005340952,final_fine_grid_steps3000_R20_v1
vicsek,rho_2,2,200,0.40000000000000002,1100515,15,3000,0.08218417091099268,1.0,1500,0.9874337066638369,0.003762583961378617,0.99881745502998,0.003333153938143191,final_fine_grid_steps3000_R20_v1
vicsek,rho_2,2,200,0.40000000000000002,1100516,16,3000,0.10182468065333651,1.0,1500,0.985468448974851,0.006607236889136988,0.9701532311792139,0.07978950804558464,final_fine_grid_steps3000_R20_v1
vicsek,rho_2,2,200,0.40000000000000002,1100517,17,3000,0.0372820342294947,1.0,1500,0.9885941863304533,0.004731312559760603,0.9915356429047302,0.013146926166395265,final_fine_grid_steps3000_R20_v1
vicsek,rho_2,2,200,0.40000000000000002,1100518,18,3000,0.038486496280801065,0.98,1500,0.9886784189686882,0.0029677962661658797,1.0,0.0,final_fine_grid_steps3000_R20_v1
vicsek,rho_2,2,200,0.40000000000000002,1100519,19,3000,0.05242745331240832,1.0,1500,0.9879461609284038,0.0038675757925520694,0.9892571618920719,0.012375879042922583,final_fine_grid_steps3000_R20_v1
vicsek,rho_2,2,200,0.5,921000,0,3000,0.02513873896528886,1.0,1500,0.9807651491565319,0.012297442597041805,0.9893337774816788,0.014417025279480513,vicsek_eta0_6_deta0p5_steps3000_R20_v1
vicsek,rho_2,2,200,0.5,921001,1,3000,0.05339748350348094,1.0,1500,0.9805552824631683,0.0044036339420324795,0.9993204530313125,0.00226594021793272,vicsek_eta0_6_deta0p5_steps3000_R20_v1
vicsek,rho_2,2,200,0.5,921002,2,3000,0.06369073818907994,0.99,1500,0.9821467492436966,0.005363082469284517,0.9977614923384411,0.004168232246976105,vicsek_eta0_6_deta0p5_steps3000_R20_v1
vicsek,rho_2,2,200,0.5,921003,3,3000,0.04657095010379984,1.0,1500,0.9827660016233641,0.0037422578964041464,0.9914223850766156,0.015853220141295754,vicsek_eta0_6_deta0p5_steps3000_R20_v1
vicsek,rho_2,2,200,0.5,921004,4,3000,0.03318540364500778,0.995,1500,0.9790671895661662,0.009848731242170382,0.9966522318454363,0.006388096077957118,vicsek_eta0_6_deta0p5_steps3000_R20_v1
vicsek,rho_2,2,200,0.5,921005,5,3000,0.07961736126410739,1.0,1500,0.9803167088016298,0.006669977934278388,0.9962091938707528,0.011703086512843719,vicsek_eta0_6_deta0p5_steps3000_R20_v1
vicsek,rho_2,2,200,0.5,921006,6,3000,0.035592537144065683,1.0,1500,0.9824666540974967,0.005007012456285047,0.9993537641572285,0.0016773665220740698,vicsek_eta0_6_deta0p5_steps3000_R20_v1
vicsek,rho_2,2,200,0.5,921007,7,3000,0.12780518734952867,0.98,1500,0.9843901433485666,0.003243764783478152,0.9993171219187208,0.002124544857271525,vicsek_eta0_6_deta0p5_steps3000_R20_v1
vicsek,rho_2,2,200,0.5,921008,8,3000,0.029523517179069755,0.99,1500,0.9845146282573961,0.0037374590144435772,0.9945136575616257,0.010768132532052131,vicsek_eta0_6_deta0p5_steps3000_R20_v1
vicsek,rho_2,2,200,0.5,921009,9,3000,0.04369319578040622,1.0,1500,0.9849715517258876,0.003299060658618631,0.9961658894070619,0.006296562386982732,vicsek_eta0_6_deta0p5_steps3000_R20_v1
vicsek,rho_2,2,200,0.5,921010,10,3000,0.07787176994750165,1.0,1500,0.9794954677391616,0.011769776512257015,1.0,0.0,vicsek_eta0_6_deta0p5_steps3000_R20_v1
vicsek,rho_2,2,200,0.5,921011,11,3000,0.055046489731425806,0.995,1500,0.9836277722286348,0.003647196399086372,0.9983944037308461,0.002900815777118148,vicsek_eta0_6_deta0p5_steps3000_R20_v1
vicsek,rho_2,2,200,0.5,921012,12,3000,0.016656313903365857,0.95,1500,0.9750225149012408,0.009607012082678397,0.9744570286475683,0.07573526984283083,vicsek_eta0_6_deta0p5_steps3000_R20_v1
vicsek,rho_2,2,200,0.5,921013,13,3000,0.02810118095487428,1.0,1500,0.9861216693340679,0.0023813256425147928,0.9977681545636243,0.004343918979910289,vicsek_eta0_6_deta0p5_steps3000_R20_v1
vicsek,rho_2,2,200,0.5,921014,14,3000,0.03954179687955467,1.0,1500,0.9837492700667464,0.006864764923925954,0.9987508327781479,0.0048034528067603345,vicsek_eta0_6_deta0p5_steps3000_R20_v1
vicsek,rho_2,2,200,0.5,921015,15,3000,0.11892485116873512,1.0,1500,0.9731121286826407,0.01101801981799113,1.0,0.0,vicsek_eta0_6_deta0p5_steps3000_R20_v1
vicsek,rho_2,2,200,0.5,921016,16,3000,0.014496436905936765,0.96,1500,0.9862744099913469,0.001985137038597264,1.0,0.0,vicsek_eta0_6_deta0p5_steps3000_R20_v1
vicsek,rho_2,2,200,0.5,921017,17,3000,0.028129214651840182,1.0,1500,0.9792303082340463,0.006868487268223775,0.999983344437042,0.0002880979121977305,vicsek_eta0_6_deta0p5_steps3000_R20_v1
vicsek,rho_2,2,200,0.5,921018,18,3000,0.06877819604469546,0.985,1500,0.9814625158952739,0.0046205671150911275,0.99473017988008,0.005711573092370903,vicsek_eta0_6_deta0p5_steps3000_R20_v1
vicsek,rho_2,2,200,0.5,921019,19,3000,0.07458538178114904,1.0,1500,0.986051814023113,0.0022580642149562023,0.997271818787475,0.005346308067240447,vicsek_eta0_6_deta0p5_steps3000_R20_v1
vicsek,rho_2,2,200,0.59999999999999998,1600000,0,3000,0.06348545880027259,1.0,1500,0.970358925445513,0.00775253260470789,0.9920119920053297,0.011458402714489689,final_dense_eta_grid_steps3000_R20_v1
vicsek,rho_2,2,200,0.59999999999999998,1600001,1,3000,0.05216162148146829,0.98,1500,0.9729862899340321,0.008281774013711758,0.9944070619586942,0.011453997586942197,final_dense_eta_grid_steps3000_R20_v1
vicsek,rho_2,2,200,0.59999999999999998,1600002,2,3000,0.09292719016699542,0.98,1500,0.9753950593005674,0.007184956433017008,0.9964823451032645,0.004487511885392989,final_dense_eta_grid_steps3000_R20_v1
vicsek,rho_2,2,200,0.59999999999999998,1600003,3,3000,0.02117803591556551,0.995,1500,0.9752330066093453,0.007322904474409857,0.9863157894736843,0.029095586865988208,final_dense_eta_grid_steps3000_R20_v1
vicsek,rho_2,2,200,0.59999999999999998,1600004,4,3000,0.04247121487181873,0.97,1500,0.9721848607668927,0.011110984086708174,0.9495169886742171,0.12843657024438865,final_dense_eta_grid_steps3000_R20_v1
vicsek,rho_2,2,200,0.59999999999999998,1600005,5,3000,0.03252182537933176,0.985,1500,0.9753830775450713,0.006132345315513866,0.9984743504330447,0.003577100021629021,final_dense_eta_grid_steps3000_R20_v1
vicsek,rho_2,2,200,0.59999999999999998,1600006,6,3000,0.04354204629527608,1.0,1500,0.9630369938907445,0.012467377449531735,0.9933944037308461,0.024064516229640856,final_dense_eta_grid_steps3000_R20_v1
vicsek,rho_2,2,200,0.59999999999999998,1600007,7,3000,0.07402456132286214,1.0,1500,0.9738355858800123,0.0064615079703973675,0.994367088607595,0.00657041671947565,final_dense_eta_grid_steps3000_R20_v1
vicsek,rho_2,2,200,0.59999999999999998,1600008,8,3000,0.09135587452598205,1.0,1500,0.9789267039597661,0.003755333520457741,0.9977081945369753,0.0046793370621527166,final_dense_eta_grid_steps3000_R20_v1
vicsek,rho_2,2,200,0.59999999999999998,1600009,9,3000,0.11028180506498275,0.99,1500,0.9733973967352342,0.007164368736176758,0.9885976015989341,0.018545062811272838,final_dense_eta_grid_steps3000_R20_v1
vicsek,rho_2,2,200,0.59999999999999998,1600010,10,3000,0.04345552395737469,0.965,1500,0.9786777427364862,0.004457776904625129,0.9900666222518321,0.02401411612644365,final_dense_eta_grid_steps3000_R20_v1
vicsek,rho_2,2,200,0.59999999999999998,1600011,11,3000,0.04783867306319158,1.0,1500,0.9788232935468312,0.005142384630240513,0.9983944037308461,0.003432077488970671,final_dense_eta_grid_steps3000_R20_v1
vicsek,rho_2,2,200,0.59999999999999998,1600012,12,3000,0.01923916067419828,1.0,1500,0.9783119689478231,0.005750198156419253,0.9924317121918722,0.026136069028520757,final_dense_eta_grid_steps3000_R20_v1
vicsek,rho_2,2,200,0.59999999999999998,1600013,13,3000,0.09579546988725028,0.99,1500,0.9758706591890777,0.00586254944212895,0.9991272485009993,0.003146087270583894,final_dense_eta_grid_steps3000_R20_v1
vicsek,rho_2,2,200,0.59999999999999998,1600014,14,3000,0.020924384067098237,1.0,1500,0.9748389697432106,0.008146807836726108,0.9892171885409727,0.00927430801538957,final_dense_eta_grid_steps3000_R20_v1
vicsek,rho_2,2,200,0.59999999999999998,1600015,15,3000,0.056666403045928716,0.955,1500,0.9768361306875681,0.0049727384143981234,0.9963590939373751,0.008919935841037827,final_dense_eta_grid_steps3000_R20_v1
vicsek,rho_2,2,200,0.59999999999999998,1600016,16,3000,0.06220911709200271,1.0,1500,0.9727294817643305,0.007722419482206999,0.9728980679546968,0.03746144724351058,final_dense_eta_grid_steps3000_R20_v1
vicsek,rho_2,2,200,0.59999999999999998,1600017,17,3000,0.09182917819956071,0.99,1500,0.9727154082638916,0.009380168829562099,0.9961392405063291,0.016969854110267687,final_dense_eta_grid_steps3000_R20_v1
vicsek,rho_2,2,200,0.59999999999999998,1600018,18,3000,0.09657195611684402,1.0,1500,0.9708526001447834,0.007622016073798831,0.9934010659560293,0.015236587647093501,final_dense_eta_grid_steps3000_R20_v1
vicsek,rho_2,2,200,0.59999999999999998,1600019,19,3000,0.037062928394166535,1.0,1500,0.9717586544930725,0.00797664200058391,0.9987874750166557,0.0049878736716526696,final_dense_eta_grid_steps3000_R20_v1
vicsek,rho_2,2,200,0.80000000000000004,1600100,0,3000,0.04918066094142677,1.0,1500,0.949974451208808,0.013038889244408486,0.9892238507661559,0.015226926300865844,final_dense_eta_grid_steps3000_R20_v1
vicsek,rho_2,2,200,0.80000000000000004,1600101,1,3000,0.06881310095136045,1.0,1500,0.9565936457141978,0.013521345584040223,0.9786842105263158,0.035330139136041716,final_dense_eta_grid_steps3000_R20_v1
vicsek,rho_2,2,200,0.80000000000000004,1600102,2,3000,0.050963105944530025,1.0,1500,0.9619351934378764,0.008057550202491706,0.9968654230512992,0.006065752061549627,final_dense_eta_grid_steps3000_R20_v1
vicsek,rho_2,2,200,0.80000000000000004,1600103,3,3000,0.05190213946267818,0.96,1500,0.954258491948497,0.01707566313112185,0.995769487008661,0.010465076036944274,final_dense_eta_grid_steps3000_R20_v1
vicsek,rho_2,2,200,0.80000000000000004,1600104,4,3000,0.031968693138007674,0.995,1500,0.9558836755871727,0.012353111138276734,0.9846935376415723,0.021743753685304602,final_dense_eta_grid_steps3000_R20_v1
vicsek,rho_2,2,200,0.80000000000000004,1600105,5,3000,0.061721766700815396,1.0,1500,0.9615981145963107,0.008162515682239167,0.9894470353097935,0.012217249502833129,final_dense_eta_grid_steps3000_R20_v1
vicsek,rho_2,2,200,0.80000000000000004,1600106,6,3000,0.014862826231230785,1.0,1500,0.9386364233662189,0.04873593772960624,0.9615989340439706,0.056116922280349917,final_dense_eta_grid_steps3000_R20_v1
vicsek,rho_2,2,200,0.80000000000000004,1600107,7,3000,0.06850913974306191,1.0,1500,0.9559772877877519,0.010840211212438305,0.9384343770819453,0.09972270276019324,final_dense_eta_grid_steps3000_R20_v1
vicsek,rho_2,2,200,0.80000000000000004,1600108,8,3000,0.13396783262252226,1.0,1500,0.957190796045613,0.01210217615693643,0.9846002664890073,0.035301217957308825,final_dense_eta_grid_steps3000_R20_v1
vicsek,rho_2,2,200,0.80000000000000004,1600109,9,3000,0.0536973623936615,1.0,1500,0.9538874839434512,0.011009039575993468,0.9658494337108594,0.05749108190273404,final_dense_eta_grid_steps3000_R20_v1
vicsek,rho_2,2,200,0.80000000000000004,1600110,10,3000,0.037767809188268234,1.0,1500,0.95611191702871,0.010392077597931267,0.9983211192538308,0.006763799304071045,final_dense_eta_grid_steps3000_R20_v1
vicsek,rho_2,2,200,0.80000000000000004,1600111,11,3000,0.052509058591047104,1.0,1500,0.9542984212913496,0.012623656646892726,0.9870486342438374,0.03141484317249462,final_dense_eta_grid_steps3000_R20_v1
vicsek,rho_2,2,200,0.80000000000000004,1600112,12,3000,0.04079636311589058,1.0,1500,0.9507147920022052,0.012995999547390556,0.9925549633577615,0.011946659026999349,final_dense_eta_grid_steps3000_R20_v1
vicsek,rho_2,2,200,0.80000000000000004,1600113,13,3000,0.04710966311236328,1.0,1500,0.9462425054098742,0.020089743151557732,0.9588441039307128,0.053970095109258945,final_dense_eta_grid_steps3000_R20_v1
vicsek,rho_2,2,200,0.80000000000000004,1600114,14,3000,0.03564217747976199,0.99,1500,0.9482101985296354,0.016523100643049744,0.9952131912058628,0.012086788610027087,final_dense_eta_grid_steps3000_R20_v1
vicsek,rho_2,2,200,0.80000000000000004,1600115,15,3000,0.03282339297081401,1.0,1500,0.9544156650692425,0.022601395519983275,0.9809393737508328,0.057225872252308435,final_dense_eta_grid_steps3000_R20_v1
vicsek,rho_2,2,200,0.80000000000000004,1600116,16,3000,0.016137900808667238,0.99,1500,0.9560571895913943,0.012141388039486578,0.9908860759493671,0.03338918668471251,final_dense_eta_grid_steps3000_R20_v1
vicsek,rho_2,2,200,0.80000000000000004,1600117,17,3000,0.009686709033700568,1.0,1500,0.9567471279230083,0.021321681738564992,0.9871085942704864,0.021511060308878296,final_dense_eta_grid_steps3000_R20_v1
vicsek,rho_2,2,200,0.80000000000000004,1600118,18,3000,0.05591086048823077,1.0,1500,0.9555321804975206,0.015390374702752719,0.9987308461025983,0.0021760096212376135,final_dense_eta_grid_steps3000_R20_v1
vicsek,rho_2,2,200,0.80000000000000004,1600119,19,3000,0.04720769913574543,1.0,1500,0.9483176869460906,0.014040065387356556,0.9856162558294471,0.0433545487537361,final_dense_eta_grid_steps3000_R20_v1
vicsek,rho_2,2,200,1,922000,0,3000,0.027145714428160262,1.0,1500,0.9270772351958954,0.02438774488627694,0.9815589606928714,0.03601948203304013,vicsek_eta0_6_deta0p5_steps3000_R20_v1
vicsek,rho_2,2,200,1,922001,1,3000,0.03844567025740771,0.99,1500,0.9216519221597583,0.027271740066040197,0.9660659560293138,0.06410816179938299,vicsek_eta0_6_deta0p5_steps3000_R20_v1
vicsek,rho_2,2,200,1,922002,2,3000,0.03961779736079603,0.94,1500,0.9253187384326202,0.028264139823461258,0.9964257161892072,0.01051470108676903,vicsek_eta0_6_deta0p5_steps3000_R20_v1
vicsek,rho_2,2,200,1,922003,3,3000,0.0837324977187936,1.0,1500,0.9276842922702876,0.018931962941468875,0.986325782811459,0.026125073177016393,vicsek_eta0_6_deta0p5_steps3000_R20_v1
vicsek,rho_2,2,200,1,922004,4,3000,0.11918798537373837,1.0,1500,0.9123490591558614,0.02936677896049127,0.9945336442371753,0.01709057173461061,vicsek_eta0_6_deta0p5_steps3000_R20_v1
vicsek,rho_2,2,200,1,922005,5,3000,0.05414794846086909,1.0,1500,0.9245985864360344,0.030057662073699382,0.9892804796802133,0.016122716397898213,vicsek_eta0_6_deta0p5_steps3000_R20_v1
vicsek,rho_2,2,200,1,922006,6,3000,0.02154442301470284,0.97,1500,0.9247768246115148,0.03278216863224611,0.9871852098600933,0.033953690605030375,vicsek_eta0_6_deta0p5_steps3000_R20_v1
vicsek,rho_2,2,200,1,922007,7,3000,0.10264525449102699,0.99,1500,0.9304145702549474,0.01650095100757736,0.9943337774816788,0.010824866427151685,vicsek_eta0_6_deta0p5_steps3000_R20_v1
vicsek,rho_2,2,200,1,922008,8,3000,0.04680953580863747,0.995,1500,0.9158026004594687,0.023419515738480032,0.9863357761492338,0.028235315189751545,vicsek_eta0_6_deta0p5_steps3000_R20_v1
vicsek,rho_2,2,200,1,922009,9,3000,0.0457141275767499,0.99,1500,0.9213110523939257,0.024414876197698644,0.9965023317788141,0.006860037984230564,vicsek_eta0_6_deta0p5_steps3000_R20_v1
vicsek,rho_2,2,200,1,922010,10,3000,0.05730265418466478,1.0,1500,0.9323319700469238,0.025917588696343096,0.9835109926715523,0.03458661431566744,vicsek_eta0_6_deta0p5_steps3000_R20_v1
vicsek,rho_2,2,200,1,922011,11,3000,0.08758933647323562,1.0,1500,0.9384360468144699,0.010901408933162214,0.9860659560293138,0.019172495677620912,vicsek_eta0_6_deta0p5_steps3000_R20_v1
vicsek,rho_2,2,200,1,922012,12,3000,0.10623772085414236,1.0,1500,0.9460176681754487,0.007921076637422511,0.9938974017321784,0.01442779813433662,vicsek_eta0_6_deta0p5_steps3000_R20_v1
vicsek,rho_2,2,200,1,922013,13,3000,0.08293781249173303,0.985,1500,0.9313452603885956,0.025254634281423417,0.9700033311125915,0.045352457764485474,vicsek_eta0_6_deta0p5_steps3000_R20_v1
vicsek,rho_2,2,200,1,922014,14,3000,0.06593935017172997,1.0,1500,0.9346552065680716,0.018542799146276386,0.9962624916722186,0.006220604598674363,vicsek_eta0_6_deta0p5_steps3000_R20_v1
vicsek,rho_2,2,200,1,922015,15,3000,0.10502396917855367,1.0,1500,0.9302665709887725,0.01622688382832559,0.9820652898067954,0.02926648907557497,vicsek_eta0_6_deta0p5_steps3000_R20_v1
vicsek,rho_2,2,200,1,922016,16,3000,0.11163815691940053,1.0,1500,0.9309298626087239,0.018862942266240353,0.9875749500333111,0.0195761690451557,vicsek_eta0_6_deta0p5_steps3000_R20_v1
vicsek,rho_2,2,200,1,922017,17,3000,0.06837976625548949,0.99,1500,0.9211556730702064,0.02705139203443692,0.9694070619586942,0.05969566546334904,vicsek_eta0_6_deta0p5_steps3000_R20_v1
vicsek,rho_2,2,200,1,922018,18,3000,0.07495821114682699,1.0,1500,0.9338089279371166,0.01658050315295993,0.9746902065289806,0.0410767058908828,vicsek_eta0_6_deta0p5_steps3000_R20_v1
vicsek,rho_2,2,200,1,922019,19,3000,0.030536497269101005,0.995,1500,0.9377594477504136,0.011963046500073253,0.9843937375083278,0.012914630294280999,vicsek_eta0_6_deta0p5_steps3000_R20_v1
vicsek,rho_2,2,200,1.2,1600200,0,3000,0.079883818642105,0.995,1500,0.8838687083940917,0.029585491720092963,0.9957928047968021,0.008257859692241038,final_dense_eta_grid_steps3000_R20_v1
vicsek,rho_2,2,200,1.2,1600201,1,3000,0.026189677743784424,1.0,1500,0.9064263715882784,0.027117683149718276,0.9937774816788808,0.012798902738631764,final_dense_eta_grid_steps3000_R20_v1
vicsek,rho_2,2,200,1.2,1600202,2,3000,0.03809779940110373,0.995,1500,0.8948647114714152,0.03866535018485837,0.9882445036642239,0.02213608307690173,final_dense_eta_grid_steps3000_R20_v1
vicsek,rho_2,2,200,1.2,1600203,3,3000,0.04310043162660962,1.0,1500,0.9000002907666136,0.022336310623538948,0.985016655562958,0.03157665275285789,final_dense_eta_grid_steps3000_R20_v1
vicsek,rho_2,2,200,1.2,1600204,4,3000,0.08780471648223069,1.0,1500,0.8862771150063538,0.027451131654370894,0.9920353097934711,0.016382688751447744,final_dense_eta_grid_steps3000_R20_v1
vicsek,rho_2,2,200,1.2,1600205,5,3000,0.03830218931440441,0.945,1500,0.9006395575037355,0.029286050652452197,0.9976482345103265,0.005126531413286572,final_dense_eta_grid_steps3000_R20_v1
vicsek,rho_2,2,200,1.2,1600206,6,3000,0.08423940022552323,0.995,1500,0.8901729119295705,0.04180270501226463,0.9872018654230513,0.024154563293491305,final_dense_eta_grid_steps3000_R20_v1
vicsek,rho_2,2,200,1.2,1600207,7,3000,0.02119006608425225,1.0,1500,0.8731438657719289,0.06129198795894356,0.9748934043970686,0.054638189409737685,final_dense_eta_grid_steps3000_R20_v1
vicsek,rho_2,2,200,1.2,1600208,8,3000,0.029597502160427912,1.0,1500,0.9042034731320001,0.031026846014155146,0.9787808127914724,0.03218315430974274,final_dense_eta_grid_steps3000_R20_v1
vicsek,rho_2,2,200,1.2,1600209,9,3000,0.07425573523671428,1.0,1500,0.9067292516525218,0.04217150503239072,0.9890439706862092,0.01425715800058476,final_dense_eta_grid_steps3000_R20_v1
vicsek,rho_2,2,200,1.2,1600210,10,3000,0.02943567591823443,0.99,1500,0.9058919909981622,0.025356629325408307,0.9849866755496335,0.034317847823270915,final_dense_eta_grid_steps3000_R20_v1
vicsek,rho_2,2,200,1.2,1600211,11,3000,0.08585977254918316,1.0,1500,0.8934440894103217,0.030261495599176014,0.9793970686209195,0.02434866853912555,final_dense_eta_grid_steps3000_R20_v1
vicsek,rho_2,2,200,1.2,1600212,12,3000,0.08728689542491834,0.995,1500,0.8605333448096992,0.07731917677587281,0.9929880079946701,0.020004559509317576,final_dense_eta_grid_steps3000_R20_v1
vicsek,rho_2,2,200,1.2,1600213,13,3000,0.10655148264305382,0.985,1500,0.9046506499070179,0.025128069106928153,0.987541638907395,0.025785186596448156,final_dense_eta_grid_steps3000_R20_v1
vicsek,rho_2,2,200,1.2,1600214,14,3000,0.07447529700194226,1.0,1500,0.8783256328680115,0.03230253715748393,0.9831645569620253,0.026068356235527623,final_dense_eta_grid_steps3000_R20_v1
vicsek,rho_2,2,200,1.2,1600215,15,3000,0.10597579059076766,1.0,1500,0.8967906289233283,0.03211693965931118,0.9782178547634911,0.016417231516543243,final_dense_eta_grid_steps3000_R20_v1
vicsek,rho_2,2,200,1.2,1600216,16,3000,0.01398992334044207,0.995,1500,0.9122917854588601,0.017351591841217272,0.994433710859427,0.00897173941226678,final_dense_eta_grid_steps3000_R20_v1
vicsek,rho_2,2,200,1.2,1600217,17,3000,0.07636364811991476,1.0,1500,0.9090789077903345,0.021829416846526128,0.9912724850099934,0.012094717068482044,final_dense_eta_grid_steps3000_R20_v1
vicsek,rho_2,2,200,1.2,1600218,18,3000,0.13717873210751186,0.98,1500,0.910143160246794,0.021788945599002053,0.992931379080613,0.011732129365858119,final_dense_eta_grid_steps3000_R20_v1
vicsek,rho_2,2,200,1.2,1600219,19,3000,0.0593405459719509,1.0,1500,0.8959412070427378,0.02947291279699948,0.9703664223850766,0.06148586805501314,final_dense_eta_grid_steps3000_R20_v1
vicsek,rho_2,2,200,1.3999999999999999,1600300,0,3000,0.03105731021818487,0.995,1500,0.854966989016216,0.045609474679004815,0.9833744170552965,0.08187421324129286,final_dense_eta_grid_steps3000_R20_v1
vicsek,rho_2,2,200,1.3999999999999999,1600301,1,3000,0.01653962984170611,1.0,1500,0.8751542896279878,0.04775763036052049,0.9890572951365757,0.01737889614038045,final_dense_eta_grid_steps3000_R20_v1
vicsek,rho_2,2,200,1.3999999999999999,1600302,2,3000,0.0473631942698818,0.98,1500,0.8788464847683147,0.029051399346602693,0.9808394403730846,0.03838982960900369,final_dense_eta_grid_steps3000_R20_v1
vicsek,rho_2,2,200,1.3999999999999999,1600303,3,3000,0.03211651142110264,1.0,1500,0.8548693288226564,0.042390214455680204,0.9614756828780813,0.0583900503193752,final_dense_eta_grid_steps3000_R20_v1
vicsek,rho_2,2,200,1.3999999999999999,1600304,4,3000,0.04655074474203964,1.0,1500,0.8824736737587627,0.021201898129449018,0.9866788807461692,0.012998724390848627,final_dense_eta_grid_steps3000_R20_v1
vicsek,rho_2,2,200,1.3999999999999999,1600305,5,3000,0.07669168709712046,1.0,1500,0.8640503327661556,0.036406124173389925,0.9181045969353765,0.11893061867106569,final_dense_eta_grid_steps3000_R20_v1
vicsek,rho_2,2,200,1.3999999999999999,1600306,6,3000,0.09248268268246897,1.0,1500,0.8729832899378246,0.04386444556851443,0.9797834776815456,0.025296438753743978,final_dense_eta_grid_steps3000_R20_v1
vicsek,rho_2,2,200,1.3999999999999999,1600307,7,3000,0.09374913137527997,0.98,1500,0.8728881350448789,0.04222023878704468,0.9870419720186542,0.02636943948871971,final_dense_eta_grid_steps3000_R20_v1
vicsek,rho_2,2,200,1.3999999999999999,1600308,8,3000,0.03908650088055433,0.985,1500,0.867991901784676,0.040861077746081116,0.9887541638907394,0.01965763403701388,final_dense_eta_grid_steps3000_R20_v1
vicsek,rho_2,2,200,1.3999999999999999,1600309,9,3000,0.055215323591920565,1.0,1500,0.8783683190043675,0.028043592887393685,0.9860892738174549,0.021703655431737162,final_dense_eta_grid_steps3000_R20_v1
vicsek,rho_2,2,200,1.3999999999999999,1600310,10,3000,0.0708190500884652,1.0,1500,0.8860280843739344,0.02255366178270569,0.9781479013990673,0.020468385558905542,final_dense_eta_grid_steps3000_R20_v1
vicsek,rho_2,2,200,1.3999999999999999,1600311,11,3000,0.06511268261752468,1.0,1500,0.8864751290398086,0.033434927050016085,0.9960892738174552,0.028237052563030416,final_dense_eta_grid_steps3000_R20_v1
vicsek,rho_2,2,200,1.3999999999999999,1600312,12,3000,0.036141738883781874,1.0,1500,0.8457960208500952,0.05821752288651617,0.9763624250499667,0.03508093659582441,final_dense_eta_grid_steps3000_R20_v1
vicsek,rho_2,2,200,1.3999999999999999,1600313,13,3000,0.0482804577555317,0.985,1500,0.8693550686717983,0.036910260733026196,0.9904097268487675,0.010859867441399811,final_dense_eta_grid_steps3000_R20_v1
vicsek,rho_2,2,200,1.3999999999999999,1600314,14,3000,0.05005883337892282,1.0,1500,0.8524895378713421,0.04345511107876687,0.9657894736842106,0.054838139113715094,final_dense_eta_grid_steps3000_R20_v1
vicsek,rho_2,2,200,1.3999999999999999,1600315,15,3000,0.10314215877810255,0.985,1500,0.8907770251706041,0.023923341544451644,0.9890039973351099,0.01184330224804583,final_dense_eta_grid_steps3000_R20_v1
vicsek,rho_2,2,200,1.3999999999999999,1600316,16,3000,0.1104737105522174,0.99,1500,0.8811483477456915,0.03058893315976426,0.9864257161892072,0.01801895824770426,final_dense_eta_grid_steps3000_R20_v1
vicsek,rho_2,2,200,1.3999999999999999,1600317,17,3000,0.0392037002948706,0.975,1500,0.863428206774594,0.04356974936996916,0.962568287808128,0.06594303484399866,final_dense_eta_grid_steps3000_R20_v1
vicsek,rho_2,2,200,1.3999999999999999,1600318,18,3000,0.008988103902904138,1.0,1500,0.8760289069924162,0.03151218489676318,0.9902731512325117,0.029301642976842648,final_dense_eta_grid_steps3000_R20_v1
vicsek,rho_2,2,200,1.3999999999999999,1600319,19,3000,0.03682112556724584,1.0,1500,0.8683075517960342,0.03892922333539324,0.9864223850766155,0.019335879113543168,final_dense_eta_grid_steps3000_R20_v1
vicsek,rho_2,2,200,1.6000000000000001,1600400,0,3000,0.02661947410596978,0.99,1500,0.8491599394019939,0.04150809298043317,0.9834643570952699,0.02236046142739979,final_dense_eta_grid_steps3000_R20_v1
vicsek,rho_2,2,200,1.6000000000000001,1600401,1,3000,0.10545015938088714,1.0,1500,0.851808463660283,0.028897284631725525,0.979147235176549,0.023095815556499446,final_dense_eta_grid_steps3000_R20_v1
vicsek,rho_2,2,200,1.6000000000000001,1600402,2,3000,0.02249779736851808,0.995,1500,0.8289935318891875,0.07093890551180172,0.9723850766155896,0.06171333130129925,final_dense_eta_grid_steps3000_R20_v1
vicsek,rho_2,2,200,1.6000000000000001,1600403,3,3000,0.09325784504165804,1.0,1500,0.8328241305684324,0.06322011489776927,0.9411758827448368,0.047778773221203844,final_dense_eta_grid_steps3000_R20_v1
vicsek,rho_2,2,200,1.6000000000000001,1600404,4,3000,0.069328380780466,0.995,1500,0.8444794421139638,0.04397300882734299,0.9851165889407063,0.018459213677109856,final_dense_eta_grid_steps3000_R20_v1
vicsek,rho_2,2,200,1.6000000000000001,1600405,5,3000,0.02150437627421593,0.995,1500,0.8455446477318832,0.04367100045517353,0.9861125916055963,0.04273496378758053,final_dense_eta_grid_steps3000_R20_v1
vicsek,rho_2,2,200,1.6000000000000001,1600406,6,3000,0.038773134653913584,0.995,1500,0.8423897520303567,0.034312056484556444,0.969746835443038,0.026728130057201278,final_dense_eta_grid_steps3000_R20_v1
vicsek,rho_2,2,200,1.6000000000000001,1600407,7,3000,0.050116550492251354,1.0,1500,0.8288994775667536,0.04594485391805618,0.9715123251165889,0.033808027047753826,final_dense_eta_grid_steps3000_R20_v1
vicsek,rho_2,2,200,1.6000000000000001,1600408,8,3000,0.08705650020790172,0.995,1500,0.8160233087688419,0.07376025684730401,0.9521119253830779,0.04819669611788041,final_dense_eta_grid_steps3000_R20_v1
vicsek,rho_2,2,200,1.6000000000000001,1600409,9,3000,0.02601933334704588,1.0,1500,0.8185178219064613,0.06356685377025026,0.9750699533644237,0.047359790998225064,final_dense_eta_grid_steps3000_R20_v1
vicsek,rho_2,2,200,1.6000000000000001,1600410,10,3000,0.07919128257431446,1.0,1500,0.8078931278626029,0.06807015767680298,0.9470952698201198,0.06166162080762556,final_dense_eta_grid_steps3000_R20_v1
vicsek,rho_2,2,200,1.6000000000000001,1600411,11,3000,0.04405146954015158,1.0,1500,0.8446009725954545,0.0284526736937981,0.9636309127248501,0.03685605474345035,final_dense_eta_grid_steps3000_R20_v1
vicsek,rho_2,2,200,1.6000000000000001,1600412,12,3000,0.04608861375508039,1.0,1500,0.7891611169585072,0.07835094500958813,0.9755529646902066,0.06190642741832993,final_dense_eta_grid_steps3000_R20_v1
vicsek,rho_2,2,200,1.6000000000000001,1600413,13,3000,0.026322446961410367,0.995,1500,0.8308904552789335,0.04247765480079346,0.9125116588940707,0.15572375361203,final_dense_eta_grid_steps3000_R20_v1
vicsek,rho_2,2,200,1.6000000000000001,1600414,14,3000,0.06717016067709403,0.995,1500,0.8558990908914469,0.02609892227083146,0.9886875416389074,0.0409368508093011,final_dense_eta_grid_steps3000_R20_v1
vicsek,rho_2,2,200,1.6000000000000001,1600415,15,3000,0.004152046145164714,1.0,1500,0.8406746551176794,0.05177992237478181,0.972211858760826,0.03172328547584224,final_dense_eta_grid_steps3000_R20_v1
vicsek,rho_2,2,200,1.6000000000000001,1600416,16,3000,0.0361051255789364,1.0,1500,0.8256357211452784,0.04077789675855166,0.9915489673550967,0.01642059712453588,final_dense_eta_grid_steps3000_R20_v1
vicsek,rho_2,2,200,1.6000000000000001,1600417,17,3000,0.03770196427980072,0.995,1500,0.830042667469346,0.06033904201568772,0.984197201865423,0.0444138494783054,final_dense_eta_grid_steps3000_R20_v1
vicsek,rho_2,2,200,1.6000000000000001,1600418,18,3000,0.057647299722173306,1.0,1500,0.8123027263157988,0.0530992423101695,0.9670752831445703,0.02727961773267143,final_dense_eta_grid_steps3000_R20_v1
vicsek,rho_2,2,200,1.6000000000000001,1600419,19,3000,0.0602155700397069,1.0,1500,0.8247518345310951,0.06692828451657537,0.9769453697534977,0.052310184890239336,final_dense_eta_grid_steps3000_R20_v1
vicsek,rho_2,2,200,1.8,1600500,0,3000,0.06281932940393274,1.0,1500,0.705006657321619,0.12668434819614724,0.9387541638907395,0.12288116347685475,final_dense_eta_grid_steps3000_R20_v1
vicsek,rho_2,2,200,1.8,1600501,1,3000,0.07328663086089492,0.985,1500,0.7649287650031346,0.06884245810810549,0.9742638241172551,0.0373074584071047,final_dense_eta_grid_steps3000_R20_v1
vicsek,rho_2,2,200,1.8,1600502,2,3000,0.020808781069511686,0.995,1500,0.7694857778893204,0.09840791965281474,0.9703297801465689,0.04630851095742088,final_dense_eta_grid_steps3000_R20_v1
vicsek,rho_2,2,200,1.8,1600503,3,3000,0.039335779722740945,1.0,1500,0.7682100166102208,0.07273395434750864,0.964890073284477,0.08255298043282507,final_dense_eta_grid_steps3000_R20_v1
vicsek,rho_2,2,200,1.8,1600504,4,3000,0.05851193862852315,0.98,1500,0.7283036872330406,0.15006092240460406,0.9452498334443704,0.07314019334846064,final_dense_eta_grid_steps3000_R20_v1
vicsek,rho_2,2,200,1.8,1600505,5,3000,0.032815262695522096,0.995,1500,0.8033186022619888,0.040745437018186,0.9680046635576282,0.053556080971545246,final_dense_eta_grid_steps3000_R20_v1
vicsek,rho_2,2,200,1.8,1600506,6,3000,0.07883778853408793,1.0,1500,0.6911665125229528,0.24068077103371613,0.9556262491672218,0.11141438614572353,final_dense_eta_grid_steps3000_R20_v1
vicsek,rho_2,2,200,1.8,1600507,7,3000,0.0697079110802269,0.995,1500,0.793085559741444,0.051375862405333345,0.9722251832111926,0.039080179355236486,final_dense_eta_grid_steps3000_R20_v1
vicsek,rho_2,2,200,1.8,1600508,8,3000,0.07711410018371251,0.985,1500,0.7973518718157203,0.04118496171013144,0.9773151232511659,0.05421463959458324,final_dense_eta_grid_steps3000_R20_v1
vicsek,rho_2,2,200,1.8,1600509,9,3000,0.04569737797815879,1.0,1500,0.8052339918422364,0.050824993668662145,0.9523151232511659,0.09107811564275713,final_dense_eta_grid_steps3000_R20_v1
vicsek,rho_2,2,200,1.8,1600510,10,3000,0.07231798479216298,1.0,1500,0.8055785173534651,0.05350092703049359,0.9855596269153898,0.021234861180955834,final_dense_eta_grid_steps3000_R20_v1
vicsek,rho_2,2,200,1.8,1600511,11,3000,0.0548574564533242,1.0,1500,0.8012398647565598,0.05331448367626836,0.9839040639573617,0.04060150820467442,final_dense_eta_grid_steps3000_R20_v1
vicsek,rho_2,2,200,1.8,1600512,12,3000,0.06921837973452408,1.0,1500,0.7681122699110069,0.07748657942944023,0.9748167888074617,0.03830324162611638,final_dense_eta_grid_steps3000_R20_v1
vicsek,rho_2,2,200,1.8,1600513,13,3000,0.023699134814646857,1.0,1500,0.741329663423821,0.1226953770210368,0.8793204530313123,0.2015383985514113,final_dense_eta_grid_steps3000_R20_v1
vicsek,rho_2,2,200,1.8,1600514,14,3000,0.04670478192244655,1.0,1500,0.7830580175546462,0.03970233094022422,0.9353264490339773,0.088219262453297,final_dense_eta_grid_steps3000_R20_v1
vicsek,rho_2,2,200,1.8,1600515,15,3000,0.0740368916315151,0.995,1500,0.7846492016020995,0.052255514781785674,0.9781112591605596,0.024711128125697302,final_dense_eta_grid_steps3000_R20_v1
vicsek,rho_2,2,200,1.8,1600516,16,3000,0.02516513533098161,1.0,1500,0.7951514301515122,0.043751411948593354,0.9890439706862092,0.019795811405202535,final_dense_eta_grid_steps3000_R20_v1
vicsek,rho_2,2,200,1.8,1600517,17,3000,0.011683768739920346,0.995,1500,0.76115959107923,0.08238863761359469,0.9779380413057961,0.029841835317847554,final_dense_eta_grid_steps3000_R20_v1
vicsek,rho_2,2,200,1.8,1600518,18,3000,0.038288751574177014,1.0,1500,0.8161654549749685,0.04410444148546978,0.991985343104597,0.013328066631190384,final_dense_eta_grid_steps3000_R20_v1
vicsek,rho_2,2,200,1.8,1600519,19,3000,0.04859978908133399,0.995,1500,0.7240760003679666,0.13258901482656982,0.9000066622251832,0.1667857556769183,final_dense_eta_grid_steps3000_R20_v1
vicsek,rho_2,2,200,2,924000,0,3000,0.11605526078897474,1.0,1500,0.7536994251113668,0.06902730426555595,0.9441339107261826,0.10547321771991171,vicsek_eta0_6_deta0p5_steps3000_R20_v1
vicsek,rho_2,2,200,2,924001,1,3000,0.05233934631441528,1.0,1500,0.7283783090369449,0.07258611481255298,0.9537041972018654,0.08494895854962539,vicsek_eta0_6_deta0p5_steps3000_R20_v1
vicsek,rho_2,2,200,2,924002,2,3000,0.02637868974848517,0.995,1500,0.6753346141581356,0.22338140374514814,0.9530413057961358,0.08543435066672264,vicsek_eta0_6_deta0p5_steps3000_R20_v1
vicsek,rho_2,2,200,2,924003,3,3000,0.017518782994188048,0.99,1500,0.7544586871390717,0.07428663334446267,0.9716355762824783,0.027754751353042794,vicsek_eta0_6_deta0p5_steps3000_R20_v1
vicsek,rho_2,2,200,2,924004,4,3000,0.010602575491336488,1.0,1500,0.705783361283128,0.09019369574978571,0.9450233177881413,0.09169502424307248,vicsek_eta0_6_deta0p5_steps3000_R20_v1
vicsek,rho_2,2,200,2,924005,5,3000,0.025858540644908348,1.0,1500,0.7679211917357114,0.058772401602098505,0.9792771485676216,0.020311378651602173,vicsek_eta0_6_deta0p5_steps3000_R20_v1
vicsek,rho_2,2,200,2,924006,6,3000,0.11744682090924062,0.97,1500,0.7091409345247883,0.08911351864440624,0.9427048634243838,0.08295073811021403,vicsek_eta0_6_deta0p5_steps3000_R20_v1
vicsek,rho_2,2,200,2,924007,7,3000,0.08416003497863857,0.995,1500,0.6561363031938726,0.15152546371869613,0.9526748834110592,0.09674425355030858,vicsek_eta0_6_deta0p5_steps3000_R20_v1
vicsek,rho_2,2,200,2,924008,8,3000,0.07698220530927145,1.0,1500,0.743556440274531,0.05386308136962171,0.970759493670886,0.04321779262923583,vicsek_eta0_6_deta0p5_steps3000_R20_v1
vicsek,rho_2,2,200,2,924009,9,3000,0.149879815249111,1.0,1500,0.7261904202738727,0.09199188631065049,0.9421518987341773,0.060087374572398614,vicsek_eta0_6_deta0p5_steps3000_R20_v1
vicsek,rho_2,2,200,2,924010,10,3000,0.022566554462511528,0.985,1500,0.777537053721114,0.041013603533146516,0.9806762158560959,0.029457550176976512,vicsek_eta0_6_deta0p5_steps3000_R20_v1
vicsek,rho_2,2,200,2,924011,11,3000,0.04144333532441972,0.91,1500,0.7688562471638583,0.05912304244245857,0.9864390406395735,0.02278482717174267,vicsek_eta0_6_deta0p5_steps3000_R20_v1
vicsek,rho_2,2,200,2,924012,12,3000,0.07867393365049118,1.0,1500,0.721995532489976,0.07679654597740677,0.9812991339107262,0.04841606189289437,vicsek_eta0_6_deta0p5_steps3000_R20_v1
vicsek,rho_2,2,200,2,924013,13,3000,0.09663200682987412,1.0,1500,0.7562566732081244,0.04412611745409327,0.954636908727515,0.07516859626817379,vicsek_eta0_6_deta0p5_steps3000_R20_v1
vicsek,rho_2,2,200,2,924014,14,3000,0.046997254576367636,1.0,1500,0.7578502611276173,0.06193435458582753,0.9786608927381746,0.03509441338781902,vicsek_eta0_6_deta0p5_steps3000_R20_v1
vicsek,rho_2,2,200,2,924015,15,3000,0.026871059065827665,0.995,1500,0.7197900308972786,0.10334197063885926,0.9565456362425051,0.09547599509223434,vicsek_eta0_6_deta0p5_steps3000_R20_v1
vicsek,rho_2,2,200,2,924016,16,3000,0.16948343864182497,1.0,1500,0.7586200039990663,0.06268449545870075,0.9769187208527649,0.032253514482895644,vicsek_eta0_6_deta0p5_steps3000_R20_v1
vicsek,rho_2,2,200,2,924017,17,3000,0.10072376290966543,0.995,1500,0.6368580724389729,0.16198260501211578,0.9362225183211192,0.10394542487135273,vicsek_eta0_6_deta0p5_steps3000_R20_v1
vicsek,rho_2,2,200,2,924018,18,3000,0.006269528476155897,0.98,1500,0.7665680813075944,0.07627367951059859,0.9552998001332444,0.06031681342134896,vicsek_eta0_6_deta0p5_steps3000_R20_v1
vicsek,rho_2,2,200,2,924019,19,3000,0.044725029790343956,1.0,1500,0.7864856195398516,0.0388914391323774,0.9727748167888075,0.0303232406925614,vicsek_eta0_6_deta0p5_steps3000_R20_v1
vicsek,rho_2,2,200,2.2000000000000002,1600600,0,3000,0.10413164493186645,0.995,1500,0.7261315802822675,0.05589364145241858,0.9595003331112592,0.08202579683037846,final_dense_eta_grid_steps3000_R20_v1
vicsek,rho_2,2,200,2.2000000000000002,1600601,1,3000,0.09778886952896926,1.0,1500,0.7100569001860125,0.06771359990120793,0.9752431712191871,0.023890242064339488,final_dense_eta_grid_steps3000_R20_v1
vicsek,rho_2,2,200,2.2000000000000002,1600602,2,3000,0.028746759648609718,0.995,1500,0.7360744294797724,0.048113511631430184,0.9542838107928047,0.051177052187685604,final_dense_eta_grid_steps3000_R20_v1
vicsek,rho_2,2,200,2.2000000000000002,1600603,3,3000,0.016442276681287765,0.97,1500,0.7195064903917155,0.05277885011685702,0.9570353097934711,0.07669387276031019,final_dense_eta_grid_steps3000_R20_v1
vicsek,rho_2,2,200,2.2000000000000002,1600604,4,3000,0.012664828681010582,0.955,1500,0.7615246715497185,0.03437894961736515,0.9871152564956696,0.010344146791089599,final_dense_eta_grid_steps3000_R20_v1
vicsek,rho_2,2,200,2.2000000000000002,1600605,5,3000,0.07914816766901689,0.925,1500,0.7205159403679404,0.05496067602751805,0.9664490339773485,0.05192736529571996,final_dense_eta_grid_steps3000_R20_v1
vicsek,rho_2,2,200,2.2000000000000002,1600606,6,3000,0.09684547856433218,1.0,1500,0.7016633152719659,0.128526817021347,0.932271818787475,0.12065900850910471,final_dense_eta_grid_steps3000_R20_v1
vicsek,rho_2,2,200,2.2000000000000002,1600607,7,3000,0.1025031443194965,1.0,1500,0.6283460487807867,0.15882337051940887,0.9088840772818121,0.14686464654014747,final_dense_eta_grid_steps3000_R20_v1
vicsek,rho_2,2,200,2.2000000000000002,1600608,8,3000,0.06716240720504923,1.0,1500,0.7531820284244228,0.052200527027553005,0.9857728181212525,0.02721657324891011,final_dense_eta_grid_steps3000_R20_v1
vicsek,rho_2,2,200,2.2000000000000002,1600609,9,3000,0.04271872283131029,1.0,1500,0.73979169644968,0.03861936659993145,0.9686075949367088,0.023011017165794262,final_dense_eta_grid_steps3000_R20_v1
vicsek,rho_2,2,200,2.2000000000000002,1600610,10,3000,0.04423176040741892,0.98,1500,0.67417166529845,0.09792996050610694,0.9768021319120587,0.028593503280151478,final_dense_eta_grid_steps3000_R20_v1
vicsek,rho_2,2,200,2.2000000000000002,1600611,11,3000,0.025782895583087925,1.0,1500,0.7454060405872771,0.05379402505834678,0.9868820786142571,0.022477438950392826,final_dense_eta_grid_steps3000_R20_v1
vicsek,rho_2,2,200,2.2000000000000002,1600612,12,3000,0.033467810255187705,0.995,1500,0.6954968651295452,0.06414154671364071,0.9569720186542305,0.05994452701436832,final_dense_eta_grid_steps3000_R20_v1
vicsek,rho_2,2,200,2.2000000000000002,1600613,13,3000,0.10416553597989768,1.0,1500,0.6968179773608927,0.07191244328334258,0.929367088607595,0.09098999781834716,final_dense_eta_grid_steps3000_R20_v1
vicsek,rho_2,2,200,2.2000000000000002,1600614,14,3000,0.005343757330067596,0.905,1500,0.6886188253826268,0.07477839032242073,0.9713790806129247,0.04139067620495017,final_dense_eta_grid_steps3000_R20_v1
vicsek,rho_2,2,200,2.2000000000000002,1600615,15,3000,0.03944634474506894,1.0,1500,0.6782570700964919,0.10290648225790955,0.9447368421052631,0.07395044459805646,final_dense_eta_grid_steps3000_R20_v1
vicsek,rho_2,2,200,2.2000000000000002,1600616,16,3000,0.031043954250681884,1.0,1500,0.6735868067852715,0.06940342664894666,0.9739240506329113,0.041411129422995,final_dense_eta_grid_steps3000_R20_v1
vicsek,rho_2,2,200,2.2000000000000002,1600617,17,3000,0.15190301900058384,1.0,1500,0.6734124189388169,0.1326537373187285,0.9623017988007995,0.07250845839672393,final_dense_eta_grid_steps3000_R20_v1
vicsek,rho_2,2,200,2.2000000000000002,1600618,18,3000,0.012936853768992323,1.0,1500,0.7290083547192918,0.05964070513666835,0.9808960692871419,0.026652197497609127,final_dense_eta_grid_steps3000_R20_v1
vicsek,rho_2,2,200,2.2000000000000002,1600619,19,3000,0.08923146916361518,1.0,1500,0.6862703938790776,0.06097104643697976,0.947475016655563,0.07657791733783652,final_dense_eta_grid_steps3000_R20_v1
vicsek,rho_2,2,200,2.3999999999999999,1600700,0,3000,0.14342096742261043,0.85,1500,0.5223471697560048,0.18159708750736867,0.9346235842771485,0.12385494816365356,final_dense_eta_grid_steps3000_R20_v1
vicsek,rho_2,2,200,2.3999999999999999,1600701,1,3000,0.029736269856923056,0.99,1500,0.5409257490995708,0.17589716811841533,0.9616655562958029,0.06409616624382115,final_dense_eta_grid_steps3000_R20_v1
vicsek,rho_2,2,200,2.3999999999999999,1600702,2,3000,0.0679590072008072,0.985,1500,0.6569579073205054,0.08271705172679301,0.9516522318454365,0.0562706914494992,final_dense_eta_grid_steps3000_R20_v1
vicsek,rho_2,2,200,2.3999999999999999,1600703,3,3000,0.06788923305054309,0.995,1500,0.6783295598687615,0.07827365508846956,0.9158394403730846,0.09664420039043835,final_dense_eta_grid_steps3000_R20_v1
vicsek,rho_2,2,200,2.3999999999999999,1600704,4,3000,0.08676739474109452,1.0,1500,0.6759300003664237,0.07343350193554629,0.9446269153897402,0.07922905119573617,final_dense_eta_grid_steps3000_R20_v1
vicsek,rho_2,2,200,2.3999999999999999,1600705,5,3000,0.08787101294762016,0.985,1500,0.6686925856453202,0.07308760207464,0.9440106595602932,0.055321456752751234,final_dense_eta_grid_steps3000_R20_v1
vicsek,rho_2,2,200,2.3999999999999999,1600706,6,3000,0.10679384536615487,0.96,1500,0.5806297819632393,0.10276932903253715,0.9434377081945369,0.08206796482130436,final_dense_eta_grid_steps3000_R20_v1
vicsek,rho_2,2,200,2.3999999999999999,1600707,7,3000,0.02509590766428117,1.0,1500,0.6591238033147124,0.07871870146358557,0.927728181212525,0.06513990017053288,final_dense_eta_grid_steps3000_R20_v1
vicsek,rho_2,2,200,2.3999999999999999,1600708,8,3000,0.019013822123291498,1.0,1500,0.632065241790654,0.08160868953062851,0.9245636242504996,0.06720626207044794,final_dense_eta_grid_steps3000_R20_v1
vicsek,rho_2,2,200,2.3999999999999999,1600709,9,3000,0.07493458900223536,1.0,1500,0.6573410557659658,0.07768651552573214,0.9207794803464356,0.10512226949747731,final_dense_eta_grid_steps3000_R20_v1
vicsek,rho_2,2,200,2.3999999999999999,1600710,10,3000,0.06851538453327613,0.99,1500,0.5996782924780404,0.09664200245128135,0.9547268487674884,0.08171805254606739,final_dense_eta_grid_steps3000_R20_v1
vicsek,rho_2,2,200,2.3999999999999999,1600711,11,3000,0.10169802019404937,0.985,1500,0.6415855523383206,0.07880233055681389,0.912744836775483,0.13476282932697428,final_dense_eta_grid_steps3000_R20_v1
vicsek,rho_2,2,200,2.3999999999999999,1600712,12,3000,0.10292805026928682,1.0,1500,0.6415414200513475,0.13687536868009895,0.9666322451698868,0.05072427457869484,final_dense_eta_grid_steps3000_R20_v1
vicsek,rho_2,2,200,2.3999999999999999,1600713,13,3000,0.022953095850152656,0.99,1500,0.6093575315831775,0.13009741702707187,0.9569220519653564,0.06524580632672479,final_dense_eta_grid_steps3000_R20_v1
vicsek,rho_2,2,200,2.3999999999999999,1600714,14,3000,0.032228360296231114,0.98,1500,0.6885619661517512,0.049887985815358,0.9485309793471018,0.04583037846865169,final_dense_eta_grid_steps3000_R20_v1
vicsek,rho_2,2,200,2.3999999999999999,1600715,15,3000,0.07090551299359987,0.97,1500,0.6090713774352916,0.18041244369208348,0.9057661558960693,0.1604696615323225,final_dense_eta_grid_steps3000_R20_v1
vicsek,rho_2,2,200,2.3999999999999999,1600716,16,3000,0.050799470251322136,0.995,1500,0.6746042756749795,0.09571470304734472,0.9630579613590939,0.0866258618712942,final_dense_eta_grid_steps3000_R20_v1
vicsek,rho_2,2,200,2.3999999999999999,1600717,17,3000,0.021609910959540055,1.0,1500,0.6237229110692102,0.12581622752745864,0.977651565622918,0.04213289758025414,final_dense_eta_grid_steps3000_R20_v1
vicsek,rho_2,2,200,2.3999999999999999,1600718,18,3000,0.04400990431356867,1.0,1500,0.6521888416016636,0.08541039318536038,0.9518887408394404,0.06834178721612076,final_dense_eta_grid_steps3000_R20_v1
vicsek,rho_2,2,200,2.3999999999999999,1600719,19,3000,0.06586932970435214,1.0,1500,0.6589350913399362,0.1038833944767353,0.9761758827448368,0.024474484217617942,final_dense_eta_grid_steps3000_R20_v1
vicsek,rho_2,2,200,2.6000000000000001,1600800,0,3000,0.05661385685812125,0.995,1500,0.6180983003516813,0.06852689534814826,0.9453930712858095,0.1011911670573769,final_dense_eta_grid_steps3000_R20_v1
vicsek,rho_2,2,200,2.6000000000000001,1600801,1,3000,0.139926919042634,1.0,1500,0.5964503954566557,0.06902031845463111,0.9609993337774817,0.02957280787444436,final_dense_eta_grid_steps3000_R20_v1
vicsek,rho_2,2,200,2.6000000000000001,1600802,2,3000,0.06990716699460663,1.0,1500,0.5846484116990326,0.09184853300630928,0.9606029313790806,0.041887347311864206,final_dense_eta_grid_steps3000_R20_v1
vicsek,rho_2,2,200,2.6000000000000001,1600803,3,3000,0.03640473219578289,0.995,1500,0.5732521216908807,0.1679104888597484,0.9626715522984677,0.0646408469220113,final_dense_eta_grid_steps3000_R20_v1
vicsek,rho_2,2,200,2.6000000000000001,1600804,4,3000,0.06432200702101529,0.975,1500,0.6430289293202014,0.05387032327467595,0.9566988674217187,0.037237358187979235,final_dense_eta_grid_steps3000_R20_v1
vicsek,rho_2,2,200,2.6000000000000001,1600805,5,3000,0.0496165360524183,1.0,1500,0.6369927071617101,0.06126690307564914,0.9578847435043305,0.026481538081804215,final_dense_eta_grid_steps3000_R20_v1
vicsek,rho_2,2,200,2.6000000000000001,1600806,6,3000,0.014237420923760773,1.0,1500,0.5867562536586488,0.08230523270650494,0.9489806795469687,0.05595450254954939,final_dense_eta_grid_steps3000_R20_v1
vicsek,rho_2,2,200,2.6000000000000001,1600807,7,3000,0.12521059497073084,1.0,1500,0.5636752636706496,0.1260179267149564,0.9053264490339773,0.14909116196787436,final_dense_eta_grid_steps3000_R20_v1
vicsek,rho_2,2,200,2.6000000000000001,1600808,8,3000,0.07919577824323626,0.995,1500,0.5348404952696938,0.11443843123569707,0.935852764823451,0.08282149101793788,final_dense_eta_grid_steps3000_R20_v1
vicsek,rho_2,2,200,2.6000000000000001,1600809,9,3000,0.09180473972596204,0.995,1500,0.5962913098182104,0.09070331998123118,0.9403997335109926,0.060552146108375456,final_dense_eta_grid_steps3000_R20_v1
vicsek,rho_2,2,200,2.6000000000000001,1600810,10,3000,0.02158306711170275,1.0,1500,0.6412806140358094,0.08459018298290903,0.9588374417055296,0.03775377233646562,final_dense_eta_grid_steps3000_R20_v1
vicsek,rho_2,2,200,2.6000000000000001,1600811,11,3000,0.024346443066858733,1.0,1500,0.6037410498582473,0.12542150969303853,0.9582811459027314,0.04082726614056293,final_dense_eta_grid_steps3000_R20_v1
vicsek,rho_2,2,200,2.6000000000000001,1600812,12,3000,0.048961119417048754,0.995,1500,0.584206483210229,0.1053218696738805,0.9639806795469686,0.05996745975097871,final_dense_eta_grid_steps3000_R20_v1
vicsek,rho_2,2,200,2.6000000000000001,1600813,13,3000,0.09156741572191172,1.0,1500,0.5443768821441188,0.1413334135071496,0.9345203197868087,0.11559928326177997,final_dense_eta_grid_steps3000_R20_v1
vicsek,rho_2,2,200,2.6000000000000001,1600814,14,3000,0.12741948610211973,0.995,1500,0.536629456119401,0.14725816589612312,0.9139773484343771,0.14172454358976555,final_dense_eta_grid_steps3000_R20_v1
vicsek,rho_2,2,200,2.6000000000000001,1600815,15,3000,0.04696870647869301,0.995,1500,0.6053527981017338,0.11437722695639554,0.9352498334443704,0.12507168181185035,final_dense_eta_grid_steps3000_R20_v1
vicsek,rho_2,2,200,2.6000000000000001,1600816,16,3000,0.04455021523815086,1.0,1500,0.4856062383646608,0.18307931695056065,0.9552131912058628,0.08911281495955602,final_dense_eta_grid_steps3000_R20_v1
vicsek,rho_2,2,200,2.6000000000000001,1600817,17,3000,0.05266078057781172,0.985,1500,0.5101159231773651,0.14762500870239129,0.8967321785476349,0.15570570973844855,final_dense_eta_grid_steps3000_R20_v1
vicsek,rho_2,2,200,2.6000000000000001,1600818,18,3000,0.14415384309484078,0.965,1500,0.5584016786341987,0.144970870542565,0.9342671552298468,0.13120119439837752,final_dense_eta_grid_steps3000_R20_v1
vicsek,rho_2,2,200,2.6000000000000001,1600819,19,3000,0.07750956543857843,0.985,1500,0.6525901312773634,0.05764096971309645,0.9739806795469687,0.03424877089180732,final_dense_eta_grid_steps3000_R20_v1
vicsek,rho_2,2,200,2.7999999999999998,1600900,0,3000,0.08046970482464139,0.985,1500,0.5305338505559128,0.12749475174445632,0.9252498334443704,0.09158127240509029,final_dense_eta_grid_steps3000_R20_v1
vicsek,rho_2,2,200,2.7999999999999998,1600901,1,3000,0.05816343202921066,0.985,1500,0.49911180614540906,0.1492704296019835,0.9039940039973351,0.11573385163561425,final_dense_eta_grid_steps3000_R20_v1
vicsek,rho_2,2,200,2.7999999999999998,1600902,2,3000,0.04322595242810917,1.0,1500,0.5492729154536709,0.10302060345521376,0.9710359760159895,0.03534369232463786,final_dense_eta_grid_steps3000_R20_v1
vicsek,rho_2,2,200,2.7999999999999998,1600903,3,3000,0.05815978256641788,0.995,1500,0.49865663629263046,0.15458306691382256,0.9207328447701533,0.11934264731794741,final_dense_eta_grid_steps3000_R20_v1
vicsek,rho_2,2,200,2.7999999999999998,1600904,4,3000,0.10224509102296463,0.985,1500,0.511758046345647,0.10337363759416014,0.907321785476349,0.0944477393487948,final_dense_eta_grid_steps3000_R20_v1
vicsek,rho_2,2,200,2.7999999999999998,1600905,5,3000,0.08128814365771163,1.0,1500,0.5053427602883552,0.13562868501401723,0.9179846768820786,0.11968306650249469,final_dense_eta_grid_steps3000_R20_v1
vicsek,rho_2,2,200,2.7999999999999998,1600906,6,3000,0.035510692320040914,0.995,1500,0.590700660092966,0.06314126025012573,0.9722251832111926,0.030931226371955615,final_dense_eta_grid_steps3000_R20_v1
vicsek,rho_2,2,200,2.7999999999999998,1600907,7,3000,0.049551472140436675,1.0,1500,0.5801771757066629,0.08382547747114975,0.9459660226515656,0.06176560141716856,final_dense_eta_grid_steps3000_R20_v1
vicsek,rho_2,2,200,2.7999999999999998,1600908,8,3000,0.101633042889996,0.985,1500,0.5936687040286506,0.05654870438718976,0.9533544303797468,0.03317162528742263,final_dense_eta_grid_steps3000_R20_v1
vicsek,rho_2,2,200,2.7999999999999998,1600909,9,3000,0.10097831856384414,1.0,1500,0.5817987007673119,0.07742316019297597,0.9610692871419054,0.07088762815570242,final_dense_eta_grid_steps3000_R20_v1
vicsek,rho_2,2,200,2.7999999999999998,1600910,10,3000,0.08348596113986759,1.0,1500,0.5432077858798543,0.11868294824168768,0.9669187208527649,0.029027934396241212,final_dense_eta_grid_steps3000_R20_v1
vicsek,rho_2,2,200,2.7999999999999998,1600911,11,3000,0.020919369374457167,0.995,1500,0.5325658170356743,0.09405656976101036,0.9611692205196535,0.05472524198744989,final_dense_eta_grid_steps3000_R20_v1
vicsek,rho_2,2,200,2.7999999999999998,1600912,12,3000,0.0085825671376026,1.0,1500,0.5392176327502768,0.09584799344111224,0.9182278481012658,0.11879260468850937,final_dense_eta_grid_steps3000_R20_v1
vicsek,rho_2,2,200,2.7999999999999998,1600913,13,3000,0.06468603647075152,0.985,1500,0.55192408472888,0.09232673554753794,0.9298034643570953,0.1251553785053244,final_dense_eta_grid_steps3000_R20_v1
vicsek,rho_2,2,200,2.7999999999999998,1600914,14,3000,0.07073105459350114,1.0,1500,0.5461608908691064,0.11109709788626804,0.948740839440373,0.06806290045795166,final_dense_eta_grid_steps3000_R20_v1
vicsek,rho_2,2,200,2.7999999999999998,1600915,15,3000,0.09779868984024087,0.995,1500,0.5187167354561042,0.09174236511224967,0.9372085276482345,0.07331543074715109,final_dense_eta_grid_steps3000_R20_v1
vicsek,rho_2,2,200,2.7999999999999998,1600916,16,3000,0.06612259240503414,1.0,1500,0.5628490773909942,0.08722426163253327,0.9294237175216523,0.09030161362247227,final_dense_eta_grid_steps3000_R20_v1
vicsek,rho_2,2,200,2.7999999999999998,1600917,17,3000,0.05025525794671725,0.99,1500,0.5836260507439042,0.0785725290397115,0.9448500999333778,0.07045058782418703,final_dense_eta_grid_steps3000_R20_v1
vicsek,rho_2,2,200,2.7999999999999998,1600918,18,3000,0.08272049793589732,0.995,1500,0.5055868931920304,0.10147693192027529,0.9324183877415056,0.11075108862930952,final_dense_eta_grid_steps3000_R20_v1
vicsek,rho_2,2,200,2.7999999999999998,1600919,19,3000,0.05520174855138884,0.995,1500,0.5783786129283572,0.07368899257260773,0.9654163890739507,0.024797175335431042,final_dense_eta_grid_steps3000_R20_v1
vicsek,rho_2,2,200,3,926000,0,3000,0.045931234812826564,0.995,1500,0.45365547341112866,0.1121847303029521,0.9136508994003997,0.08347783946096007,vicsek_eta0_6_deta0p5_steps3000_R20_v1
vicsek,rho_2,2,200,3,926001,1,3000,0.03684869255051484,1.0,1500,0.43485252151380865,0.1522561457330761,0.9158894070619586,0.08894914536262294,vicsek_eta0_6_deta0p5_steps3000_R20_v1
vicsek,rho_2,2,200,3,926002,2,3000,0.055299070785798675,1.0,1500,0.5289432382889923,0.08592474726217991,0.9193770819453697,0.07327720438143075,vicsek_eta0_6_deta0p5_steps3000_R20_v1
vicsek,rho_2,2,200,3,926003,3,3000,0.13237099637345212,0.99,1500,0.431919207703633,0.14399293441721744,0.8426449033977348,0.15186383617958954,vicsek_eta0_6_deta0p5_steps3000_R20_v1
vicsek,rho_2,2,200,3,926004,4,3000,0.019541945724426114,1.0,1500,0.4540769383422965,0.13866854961459868,0.9696069287141904,0.03190350298884031,vicsek_eta0_6_deta0p5_steps3000_R20_v1
vicsek,rho_2,2,200,3,926005,5,3000,0.059458813707850104,1.0,1500,0.5325616906976688,0.08196677887359552,0.926419053964024,0.05774826146505418,vicsek_eta0_6_deta0p5_steps3000_R20_v1
vicsek,rho_2,2,200,3,926006,6,3000,0.05817534298011961,1.0,1500,0.4878175040869364,0.12565045446712134,0.9641072618254497,0.05529313640294986,vicsek_eta0_6_deta0p5_steps3000_R20_v1
vicsek,rho_2,2,200,3,926007,7,3000,0.05622827351549767,0.995,1500,0.4614110023551227,0.11791560066376747,0.918690872751499,0.09869721854914776,vicsek_eta0_6_deta0p5_steps3000_R20_v1
vicsek,rho_2,2,200,3,926008,8,3000,0.09260261941390593,0.99,1500,0.4385514289835397,0.1462998218420356,0.9408461025982678,0.08408628483648051,vicsek_eta0_6_deta0p5_steps3000_R20_v1
vicsek,rho_2,2,200,3,926009,9,3000,0.1354029462944203,0.98,1500,0.5272165641673829,0.10482509723676375,0.9134810126582278,0.08323684415223959,vicsek_eta0_6_deta0p5_steps3000_R20_v1
vicsek,rho_2,2,200,3,926010,10,3000,0.0709122632609633,0.985,1500,0.44244238785592577,0.1102457387221492,0.8973550966022652,0.09440352291580392,vicsek_eta0_6_deta0p5_steps3000_R20_v1
vicsek,rho_2,2,200,3,926011,11,3000,0.08789176165929198,1.0,1500,0.4201823419207586,0.13526180897401854,0.9259693537641571,0.12003723214950444,vicsek_eta0_6_deta0p5_steps3000_R20_v1
vicsek,rho_2,2,200,3,926012,12,3000,0.14119318050322877,1.0,1500,0.45030230674136346,0.1249926384661857,0.9534576948700865,0.08301049660967327,vicsek_eta0_6_deta0p5_steps3000_R20_v1
vicsek,rho_2,2,200,3,926013,13,3000,0.10387175416789565,1.0,1500,0.45443202423098844,0.11850347617231972,0.9586675549633578,0.04839623204789315,vicsek_eta0_6_deta0p5_steps3000_R20_v1
vicsek,rho_2,2,200,3,926014,14,3000,0.13704085912240946,1.0,1500,0.4383426177471575,0.12418138493285105,0.9263657561625582,0.12234481856685935,vicsek_eta0_6_deta0p5_steps3000_R20_v1
vicsek,rho_2,2,200,3,926015,15,3000,0.0793112043596561,1.0,1500,0.5228470602967642,0.1230499295726891,0.9621185876082611,0.02893125039533424,vicsek_eta0_6_deta0p5_steps3000_R20_v1
vicsek,rho_2,2,200,3,926016,16,3000,0.06089173929539048,0.995,1500,0.42684771546355904,0.1456286089880747,0.9693770819453698,0.03714756725875578,vicsek_eta0_6_deta0p5_steps3000_R20_v1
vicsek,rho_2,2,200,3,926017,17,3000,0.08332915989055327,0.985,1500,0.444967941525787,0.10567590008043802,0.8965256495669554,0.1462253384628968,vicsek_eta0_6_deta0p5_steps3000_R20_v1
vicsek,rho_2,2,200,3,926018,18,3000,0.021409372695323645,0.975,1500,0.5411076279768586,0.07228514842564522,0.9471219187208527,0.04675561001495765,vicsek_eta0_6_deta0p5_steps3000_R20_v1
vicsek,rho_2,2,200,3,926019,19,3000,0.045126032551128556,1.0,1500,0.3612944458530627,0.1534897598586483,0.8822518321119254,0.16507329607255364,vicsek_eta0_6_deta0p5_steps3000_R20_v1
vicsek,rho_2,2,200,3.2000000000000002,1601000,0,3000,0.07698869900081058,1.0,1500,0.37175237307592923,0.13174684084862706,0.9257361758827448,0.0906369919379573,final_dense_eta_grid_steps3000_R20_v1
vicsek,rho_2,2,200,3.2000000000000002,1601001,1,3000,0.06248789580162329,0.995,1500,0.45774358872383675,0.07224132220591802,0.9380146568954031,0.037886657974330364,final_dense_eta_grid_steps3000_R20_v1
vicsek,rho_2,2,200,3.2000000000000002,1601002,2,3000,0.08615406410752798,0.98,1500,0.3671256915883469,0.15332567099850636,0.915742838107928,0.11258336680294288,final_dense_eta_grid_steps3000_R20_v1
vicsek,rho_2,2,200,3.2000000000000002,1601003,3,3000,0.06632283626004762,1.0,1500,0.3439195856479081,0.14765663346344687,0.9251698867421719,0.11755087826100609,final_dense_eta_grid_steps3000_R20_v1
vicsek,rho_2,2,200,3.2000000000000002,1601004,4,3000,0.05900546356054684,1.0,1500,0.4843941794552092,0.06359583798993353,0.9158627581612259,0.05574854155518738,final_dense_eta_grid_steps3000_R20_v1
vicsek,rho_2,2,200,3.2000000000000002,1601005,5,3000,0.07787828825978195,1.0,1500,0.37656447087126116,0.11769804188595287,0.8894836775483012,0.13752723635547096,final_dense_eta_grid_steps3000_R20_v1
vicsek,rho_2,2,200,3.2000000000000002,1601006,6,3000,0.00976934299699668,0.98,1500,0.4297847536347978,0.11108459769183582,0.9480346435709527,0.06492732676243387,final_dense_eta_grid_steps3000_R20_v1
vicsek,rho_2,2,200,3.2000000000000002,1601007,7,3000,0.022929868278876074,0.97,1500,0.35356008246065473,0.12324913577509441,0.9637208527648236,0.03118623046941891,final_dense_eta_grid_steps3000_R20_v1
vicsek,rho_2,2,200,3.2000000000000002,1601008,8,3000,0.03844708577833398,1.0,1500,0.4001782919904499,0.12492344225366461,0.9213491005996002,0.08169809664160255,final_dense_eta_grid_steps3000_R20_v1
vicsek,rho_2,2,200,3.2000000000000002,1601009,9,3000,0.04694216551937747,1.0,1500,0.46961273908698786,0.083363760981807,0.9519220519653565,0.03662684220177211,final_dense_eta_grid_steps3000_R20_v1
vicsek,rho_2,2,200,3.2000000000000002,1601010,10,3000,0.08099347077729059,1.0,1500,0.4567737008162961,0.11028878951130634,0.9335209860093271,0.05165912583889553,final_dense_eta_grid_steps3000_R20_v1
vicsek,rho_2,2,200,3.2000000000000002,1601011,11,3000,0.03710138968800401,0.95,1500,0.44761961293534014,0.1021848239689156,0.9263324450366422,0.0923769509811264,final_dense_eta_grid_steps3000_R20_v1
vicsek,rho_2,2,200,3.2000000000000002,1601012,12,3000,0.11681453774637442,1.0,1500,0.39881897614275685,0.12681643204790827,0.9163957361758828,0.09313744806638986,final_dense_eta_grid_steps3000_R20_v1
vicsek,rho_2,2,200,3.2000000000000002,1601013,13,3000,0.157418263213801,1.0,1500,0.40949598084808425,0.12649925854341001,0.9410826115922718,0.0778413192983968,final_dense_eta_grid_steps3000_R20_v1
vicsek,rho_2,2,200,3.2000000000000002,1601014,14,3000,0.07745991273158853,0.98,1500,0.37485475394526424,0.12717993180690146,0.9329080612924717,0.08494435735080787,final_dense_eta_grid_steps3000_R20_v1
vicsek,rho_2,2,200,3.2000000000000002,1601015,15,3000,0.09716077897794563,0.995,1500,0.4154058968483426,0.1006381221716848,0.9370552964690206,0.06800225537268255,final_dense_eta_grid_steps3000_R20_v1
vicsek,rho_2,2,200,3.2000000000000002,1601016,16,3000,0.04474861369816936,0.99,1500,0.47975714460097285,0.09360686699479648,0.9510259826782145,0.037971288871961766,final_dense_eta_grid_steps3000_R20_v1
vicsek,rho_2,2,200,3.2000000000000002,1601017,17,3000,0.07751656751240588,1.0,1500,0.3614478089618177,0.10440543244017796,0.9047335109926715,0.07648983683800771,final_dense_eta_grid_steps3000_R20_v1
vicsek,rho_2,2,200,3.2000000000000002,1601018,18,3000,0.046678661599690904,1.0,1500,0.37778681041669154,0.1390986378262418,0.9329613590939374,0.11514007273021595,final_dense_eta_grid_steps3000_R20_v1
vicsek,rho_2,2,200,3.2000000000000002,1601019,19,3000,0.05072520471481747,1.0,1500,0.4098680684107373,0.10395414362755982,0.9131145902731512,0.08532441633534155,final_dense_eta_grid_steps3000_R20_v1
vicsek,rho_2,2,200,3.3999999999999999,1601100,0,3000,0.029838316777178006,0.995,1500,0.35547786046323177,0.09322905523458841,0.9372651565622918,0.06549660887869742,final_dense_eta_grid_steps3000_R20_v1
vicsek,rho_2,2,200,3.3999999999999999,1601101,1,3000,0.08626752731303373,0.995,1500,0.3819871644221487,0.09769945833597588,0.9097501665556297,0.09068685023255671,final_dense_eta_grid_steps3000_R20_v1
vicsek,rho_2,2,200,3.3999999999999999,1601102,2,3000,0.07188026573304025,1.0,1500,0.30802646603910666,0.11220390623134366,0.9218554297135243,0.089829795487876,final_dense_eta_grid_steps3000_R20_v1
vicsek,rho_2,2,200,3.3999999999999999,1601103,3,3000,0.11475576602448868,0.975,1500,0.38353412561068045,0.10029777770125231,0.9081612258494336,0.10492288016304398,final_dense_eta_grid_steps3000_R20_v1
vicsek,rho_2,2,200,3.3999999999999999,1601104,4,3000,0.07108551034622738,1.0,1500,0.3631218082019258,0.10065341039196445,0.9081045969353765,0.07917770506610057,final_dense_eta_grid_steps3000_R20_v1
vicsek,rho_2,2,200,3.3999999999999999,1601105,5,3000,0.13518770725113527,1.0,1500,0.34696878249709395,0.10249878478981109,0.9101765489673551,0.07523615148775648,final_dense_eta_grid_steps3000_R20_v1
vicsek,rho_2,2,200,3.3999999999999999,1601106,6,3000,0.09096233361368468,0.99,1500,0.3800492732154989,0.10681947656024973,0.8527948034643571,0.12931042652742872,final_dense_eta_grid_steps3000_R20_v1
vicsek,rho_2,2,200,3.3999999999999999,1601107,7,3000,0.0715014519762614,1.0,1500,0.33939664286414784,0.10423991078521087,0.8336808794137242,0.15713623885804048,final_dense_eta_grid_steps3000_R20_v1
vicsek,rho_2,2,200,3.3999999999999999,1601108,8,3000,0.06219232899006902,1.0,1500,0.35340341266029746,0.11166538198294833,0.9052664890073285,0.10259083300626863,final_dense_eta_grid_steps3000_R20_v1
vicsek,rho_2,2,200,3.3999999999999999,1601109,9,3000,0.06579824714941675,0.995,1500,0.3892968110264398,0.11387398483490407,0.9460626249167221,0.046778498517547354,final_dense_eta_grid_steps3000_R20_v1
vicsek,rho_2,2,200,3.3999999999999999,1601110,10,3000,0.08932011313520137,1.0,1500,0.27277540999735095,0.11756946888560736,0.9105862758161226,0.11667496455232237,final_dense_eta_grid_steps3000_R20_v1
vicsek,rho_2,2,200,3.3999999999999999,1601111,11,3000,0.022486310243280374,0.975,1500,0.3765248806680845,0.08966636253925436,0.8980213191205864,0.128581466068201,final_dense_eta_grid_steps3000_R20_v1
vicsek,rho_2,2,200,3.3999999999999999,1601112,12,3000,0.059054806946668516,0.995,1500,0.38683902309999313,0.09205633884769439,0.8907428381079281,0.09442909114693705,final_dense_eta_grid_steps3000_R20_v1
vicsek,rho_2,2,200,3.3999999999999999,1601113,13,3000,0.10062050669470006,1.0,1500,0.41171413514719185,0.08341289457038917,0.9097468354430379,0.07558963775603227,final_dense_eta_grid_steps3000_R20_v1
vicsek,rho_2,2,200,3.3999999999999999,1601114,14,3000,0.11074009215968772,1.0,1500,0.36222381062310566,0.11479030377138295,0.8853897401732179,0.12881964782938918,final_dense_eta_grid_steps3000_R20_v1
vicsek,rho_2,2,200,3.3999999999999999,1601115,15,3000,0.02385420316579031,0.995,1500,0.3830272078861365,0.11215671701728866,0.823674217188541,0.18890363876408325,final_dense_eta_grid_steps3000_R20_v1
vicsek,rho_2,2,200,3.3999999999999999,1601116,16,3000,0.025818290989869923,1.0,1500,0.3813501880341722,0.09441313610484046,0.9384510326449034,0.09586860056808491,final_dense_eta_grid_steps3000_R20_v1
vicsek,rho_2,2,200,3.3999999999999999,1601117,17,3000,0.034022806115442394,0.99,1500,0.42199691864631717,0.07925780677597305,0.9327181878747501,0.05601322648523729,final_dense_eta_grid_steps3000_R20_v1
vicsek,rho_2,2,200,3.3999999999999999,1601118,18,3000,0.037329217982391444,0.99,1500,0.32275931414004594,0.12627057480424603,0.8837841439040639,0.1336884025726552,final_dense_eta_grid_steps3000_R20_v1
vicsek,rho_2,2,200,3.3999999999999999,1601119,19,3000,0.09474195632188945,0.985,1500,0.360603388688031,0.08724900973885094,0.9140906062624916,0.07423396794617797,final_dense_eta_grid_steps3000_R20_v1
vicsek,rho_2,2,200,3.6000000000000001,1601200,0,3000,0.017064469560433036,1.0,1500,0.3953521603340543,0.08354443105687401,0.9575616255829447,0.042706765130329415,final_dense_eta_grid_steps3000_R20_v1
vicsek,rho_2,2,200,3.6000000000000001,1601201,1,3000,0.030384235306497205,1.0,1500,0.2600681060558468,0.0927003574574737,0.847398401065956,0.1835054794734402,final_dense_eta_grid_steps3000_R20_v1
vicsek,rho_2,2,200,3.6000000000000001,1601202,2,3000,0.09758080648488976,0.97,1500,0.2874855697099408,0.10808738531266396,0.9155962691538974,0.08865488011136105,final_dense_eta_grid_steps3000_R20_v1
vicsek,rho_2,2,200,3.6000000000000001,1601203,3,3000,0.08395332050311735,1.0,1500,0.29492894808313874,0.08605268356799514,0.9291172551632245,0.06906559831648197,final_dense_eta_grid_steps3000_R20_v1
vicsek,rho_2,2,200,3.6000000000000001,1601204,4,3000,0.0685734866483797,1.0,1500,0.27637720926461873,0.10907547739354634,0.9360059960026649,0.061220546609281626,final_dense_eta_grid_steps3000_R20_v1
vicsek,rho_2,2,200,3.6000000000000001,1601205,5,3000,0.04865410875429482,1.0,1500,0.28607903494310144,0.1205537635328987,0.9327914723517654,0.08964640633316968,final_dense_eta_grid_steps3000_R20_v1
vicsek,rho_2,2,200,3.6000000000000001,1601206,6,3000,0.04135441421889995,1.0,1500,0.26567329492476366,0.10554877292893262,0.9291605596269155,0.08954356204524574,final_dense_eta_grid_steps3000_R20_v1
vicsek,rho_2,2,200,3.6000000000000001,1601207,7,3000,0.07686187039684102,1.0,1500,0.2863258460465798,0.08940358840167568,0.8766489007328447,0.0880215737693034,final_dense_eta_grid_steps3000_R20_v1
vicsek,rho_2,2,200,3.6000000000000001,1601208,8,3000,0.04534703343891558,0.98,1500,0.26926595153922644,0.10368996487381943,0.931342438374417,0.07275908237742393,final_dense_eta_grid_steps3000_R20_v1
vicsek,rho_2,2,200,3.6000000000000001,1601209,9,3000,0.05224713960442823,0.945,1500,0.2565811686169146,0.09670466435329492,0.8827914723517655,0.130582035678226,final_dense_eta_grid_steps3000_R20_v1
vicsek,rho_2,2,200,3.6000000000000001,1601210,10,3000,0.04628970106303363,1.0,1500,0.2643568821673365,0.10627761343901419,0.9349167221852098,0.07414587864003343,final_dense_eta_grid_steps3000_R20_v1
vicsek,rho_2,2,200,3.6000000000000001,1601211,11,3000,0.08718080638230888,0.995,1500,0.31606526768041765,0.10646184355643178,0.9049100599600266,0.10270577517627735,final_dense_eta_grid_steps3000_R20_v1
vicsek,rho_2,2,200,3.6000000000000001,1601212,12,3000,0.03488196436065333,0.995,1500,0.30204892051720733,0.10366197123585169,0.8652598267821452,0.16198520397708646,final_dense_eta_grid_steps3000_R20_v1
vicsek,rho_2,2,200,3.6000000000000001,1601213,13,3000,0.03261603337890763,1.0,1500,0.3258903845340683,0.10815636241491661,0.9425216522318454,0.05886801679973333,final_dense_eta_grid_steps3000_R20_v1
vicsek,rho_2,2,200,3.6000000000000001,1601214,14,3000,0.07209317788045431,0.995,1500,0.2789633524565728,0.11088366371997721,0.9369753497668221,0.1123151915687403,final_dense_eta_grid_steps3000_R20_v1
vicsek,rho_2,2,200,3.6000000000000001,1601215,15,3000,0.12509790369874701,0.995,1500,0.28000001113415995,0.0992482369295502,0.9084177215189874,0.09423529698723764,final_dense_eta_grid_steps3000_R20_v1
vicsek,rho_2,2,200,3.6000000000000001,1601216,16,3000,0.036587795349231726,0.995,1500,0.2665149308661325,0.10803136298134683,0.8884043970686208,0.14699432233974033,final_dense_eta_grid_steps3000_R20_v1
vicsek,rho_2,2,200,3.6000000000000001,1601217,17,3000,0.01483732598427577,1.0,1500,0.3166195289441062,0.10340836305962968,0.9397601598934043,0.04883870349495746,final_dense_eta_grid_steps3000_R20_v1
vicsek,rho_2,2,200,3.6000000000000001,1601218,18,3000,0.03724737990472406,1.0,1500,0.3214621186698649,0.09935005265254142,0.947111925383078,0.04963561558800858,final_dense_eta_grid_steps3000_R20_v1
vicsek,rho_2,2,200,3.6000000000000001,1601219,19,3000,0.0489042023019122,1.0,1500,0.27255655407462953,0.10079251307602202,0.9329613590939374,0.08562060060359199,final_dense_eta_grid_steps3000_R20_v1
vicsek,rho_2,2,200,3.7999999999999998,1601300,0,3000,0.07467089977428261,1.0,1500,0.23623969910427634,0.08665786163614994,0.9165356429047302,0.10656931492139057,final_dense_eta_grid_steps3000_R20_v1
vicsek,rho_2,2,200,3.7999999999999998,1601301,1,3000,0.08477122244408765,1.0,1500,0.29925027130632953,0.09300672966093769,0.8772485009993338,0.09834722206901611,final_dense_eta_grid_steps3000_R20_v1
vicsek,rho_2,2,200,3.7999999999999998,1601302,2,3000,0.05201640467463354,1.0,1500,0.29627655402581055,0.074930826445196,0.8930246502331779,0.10799708242395344,final_dense_eta_grid_steps3000_R20_v1
vicsek,rho_2,2,200,3.7999999999999998,1601303,3,3000,0.07628700208456073,1.0,1500,0.21846083157042306,0.09053537243443337,0.8935742838107927,0.11203123959773985,final_dense_eta_grid_steps3000_R20_v1
vicsek,rho_2,2,200,3.7999999999999998,1601304,4,3000,0.14579275362318708,1.0,1500,0.24072578635927552,0.10180035170762572,0.7576548967355097,0.1927207892848899,final_dense_eta_grid_steps3000_R20_v1
vicsek,rho_2,2,200,3.7999999999999998,1601305,5,3000,0.030011860742376505,0.975,1500,0.2449408490434789,0.09346130773658871,0.8810759493670886,0.1400972521779171,final_dense_eta_grid_steps3000_R20_v1
vicsek,rho_2,2,200,3.7999999999999998,1601306,6,3000,0.03501873291763584,0.995,1500,0.2295033101612189,0.10621671118439656,0.9015556295802798,0.10667727831555393,final_dense_eta_grid_steps3000_R20_v1
vicsek,rho_2,2,200,3.7999999999999998,1601307,7,3000,0.0688322400990289,0.995,1500,0.2145539709276664,0.09636019069741629,0.9316389073950698,0.08835727202778476,final_dense_eta_grid_steps3000_R20_v1
vicsek,rho_2,2,200,3.7999999999999998,1601308,8,3000,0.10692094920764396,1.0,1500,0.2188980866968247,0.09763823258246636,0.9121185876082611,0.09705631685698046,final_dense_eta_grid_steps3000_R20_v1
vicsek,rho_2,2,200,3.7999999999999998,1601309,9,3000,0.14634035768846615,1.0,1500,0.3367780747633967,0.07268796392654327,0.8855429713524318,0.08892684070009783,final_dense_eta_grid_steps3000_R20_v1
vicsek,rho_2,2,200,3.7999999999999998,1601310,10,3000,0.04218744577726533,1.0,1500,0.23495162007628415,0.08816434068263893,0.9339806795469686,0.11199894843332739,final_dense_eta_grid_steps3000_R20_v1
vicsek,rho_2,2,200,3.7999999999999998,1601311,11,3000,0.13252408102454738,1.0,1500,0.2729933397333613,0.07783251240690202,0.8666255829447036,0.10273940559218579,final_dense_eta_grid_steps3000_R20_v1
vicsek,rho_2,2,200,3.7999999999999998,1601312,12,3000,0.06496923808180767,1.0,1500,0.2339178367559453,0.09053353948060845,0.9096935376415723,0.07601132067634907,final_dense_eta_grid_steps3000_R20_v1
vicsek,rho_2,2,200,3.7999999999999998,1601313,13,3000,0.04860622445797321,0.99,1500,0.3313488714790236,0.06672192214508228,0.9145836109260492,0.044637594334826336,final_dense_eta_grid_steps3000_R20_v1
vicsek,rho_2,2,200,3.7999999999999998,1601314,14,3000,0.07134138050906072,1.0,1500,0.20491983717995904,0.08579610458432504,0.9615656229180546,0.06874346089012112,final_dense_eta_grid_steps3000_R20_v1
vicsek,rho_2,2,200,3.7999999999999998,1601315,15,3000,0.09253640237968358,0.975,1500,0.27197741575767814,0.08761966018634763,0.9149733510992671,0.09024966825949379,final_dense_eta_grid_steps3000_R20_v1
vicsek,rho_2,2,200,3.7999999999999998,1601316,16,3000,0.027722465065470082,1.0,1500,0.22658510733046108,0.08579362609114767,0.9701165889407062,0.029251198998702196,final_dense_eta_grid_steps3000_R20_v1
vicsek,rho_2,2,200,3.7999999999999998,1601317,17,3000,0.06954321366103727,0.99,1500,0.18201393954890938,0.08553107970763393,0.8303764157228514,0.18670048251133262,final_dense_eta_grid_steps3000_R20_v1
vicsek,rho_2,2,200,3.7999999999999998,1601318,18,3000,0.048482489558925305,1.0,1500,0.2333631753812613,0.08966797888018893,0.924070619586942,0.06442270939577074,final_dense_eta_grid_steps3000_R20_v1
vicsek,rho_2,2,200,3.7999999999999998,1601319,19,3000,0.05638088942318598,0.995,1500,0.30946461762223887,0.08091393128768698,0.8601165889407063,0.1095937765905467,final_dense_eta_grid_steps3000_R20_v1
vicsek,rho_2,2,200,4,928000,0,3000,0.032429863830564475,1.0,1500,0.1828898740322826,0.0828199366736579,0.9177181878747501,0.1375698230893345,vicsek_eta0_6_deta0p5_steps3000_R20_v1
vicsek,rho_2,2,200,4,928001,1,3000,0.0507092117415989,1.0,1500,0.1918903457612423,0.0819443241596712,0.898994003997335,0.12379729446671738,vicsek_eta0_6_deta0p5_steps3000_R20_v1
vicsek,rho_2,2,200,4,928002,2,3000,0.005524612397430617,1.0,1500,0.16524068171273892,0.07778122965338023,0.9377148567621586,0.06714513380084997,vicsek_eta0_6_deta0p5_steps3000_R20_v1
vicsek,rho_2,2,200,4,928003,3,3000,0.07629139082648285,1.0,1500,0.2638013591037708,0.07751178344734616,0.8813790806129247,0.07160083157826472,vicsek_eta0_6_deta0p5_steps3000_R20_v1
vicsek,rho_2,2,200,4,928004,4,3000,0.05373551946337152,1.0,1500,0.1855836664898066,0.07645014346790355,0.897238507661559,0.10669565642879249,vicsek_eta0_6_deta0p5_steps3000_R20_v1
vicsek,rho_2,2,200,4,928005,5,3000,0.05726040587074031,1.0,1500,0.17770045533490694,0.08500219825162393,0.9436875416389073,0.1011755173669802,vicsek_eta0_6_deta0p5_steps3000_R20_v1
vicsek,rho_2,2,200,4,928006,6,3000,0.034178725035575494,0.995,1500,0.1599934760403574,0.07565052852534693,0.923910726182545,0.09033929690798143,vicsek_eta0_6_deta0p5_steps3000_R20_v1
vicsek,rho_2,2,200,4,928007,7,3000,0.16246701722276832,1.0,1500,0.20186571932999528,0.07813156637106812,0.8571585609593605,0.1464435284912577,vicsek_eta0_6_deta0p5_steps3000_R20_v1
vicsek,rho_2,2,200,4,928008,8,3000,0.03230299214462228,0.97,1500,0.1800463575288241,0.08043856071413379,0.9617854763491005,0.05375081874023976,vicsek_eta0_6_deta0p5_steps3000_R20_v1
vicsek,rho_2,2,200,4,928009,9,3000,0.10558388210984948,0.995,1500,0.21964298813030741,0.0806461600349376,0.9346935376415723,0.08290370318754531,vicsek_eta0_6_deta0p5_steps3000_R20_v1
vicsek,rho_2,2,200,4,928010,10,3000,0.07269504820249378,1.0,1500,0.2088393870815636,0.07786562396720542,0.9105829447035311,0.10746601316818927,vicsek_eta0_6_deta0p5_steps3000_R20_v1
vicsek,rho_2,2,200,4,928011,11,3000,0.011131408082848772,1.0,1500,0.17126369251451062,0.08080822031844682,0.9020819453697536,0.12517640828720572,vicsek_eta0_6_deta0p5_steps3000_R20_v1
vicsek,rho_2,2,200,4,928012,12,3000,0.021364968367441096,1.0,1500,0.1666217350741551,0.07918679946823111,0.9322584943371085,0.1162286098298069,vicsek_eta0_6_deta0p5_steps3000_R20_v1
vicsek,rho_2,2,200,4,928013,13,3000,0.04660355803386323,0.99,1500,0.1706940051824538,0.0759903972438005,0.96263491005996,0.04723150865896378,vicsek_eta0_6_deta0p5_steps3000_R20_v1
vicsek,rho_2,2,200,4,928014,14,3000,0.03888297249513302,1.0,1500,0.1871066253495528,0.07766617056318482,0.9201598934043971,0.0795965912513181,vicsek_eta0_6_deta0p5_steps3000_R20_v1
vicsek,rho_2,2,200,4,928015,15,3000,0.045565355566263774,1.0,1500,0.1680194337437071,0.0794608511889973,0.8899966688874084,0.11805348606393794,vicsek_eta0_6_deta0p5_steps3000_R20_v1
vicsek,rho_2,2,200,4,928016,16,3000,0.06061529407226961,1.0,1500,0.20829920300927654,0.08238877544126046,0.9076582278481012,0.10319090821497742,vicsek_eta0_6_deta0p5_steps3000_R20_v1
vicsek,rho_2,2,200,4,928017,17,3000,0.03883519027938906,0.995,1500,0.1915463564879774,0.08498293631096988,0.9212325116588941,0.07733709255609934,vicsek_eta0_6_deta0p5_steps3000_R20_v1
vicsek,rho_2,2,200,4,928018,18,3000,0.09521834278514502,1.0,1500,0.20518522614249327,0.07850951167466136,0.921309127248501,0.09837555528036415,vicsek_eta0_6_deta0p5_steps3000_R20_v1
vicsek,rho_2,2,200,4,928019,19,3000,0.030034043000588335,1.0,1500,0.1879929808649174,0.08279782815527119,0.8259160559626916,0.16842772440961434,vicsek_eta0_6_deta0p5_steps3000_R20_v1
vicsek,rho_2,2,200,4.2000000000000002,1601400,0,3000,0.06989757520505953,0.995,1500,0.13988348356308805,0.06516084810956009,0.9534377081945369,0.07672667698940333,final_dense_eta_grid_steps3000_R20_v1
vicsek,rho_2,2,200,4.2000000000000002,1601401,1,3000,0.04877377047238827,1.0,1500,0.16269634070207198,0.0663225689507171,0.9227181878747501,0.07377473407647979,final_dense_eta_grid_steps3000_R20_v1
vicsek,rho_2,2,200,4.2000000000000002,1601402,2,3000,0.08187312350036109,1.0,1500,0.15963883946982146,0.0704794732430203,0.9480812791472352,0.04885684593823745,final_dense_eta_grid_steps3000_R20_v1
vicsek,rho_2,2,200,4.2000000000000002,1601403,3,3000,0.039661975004991336,0.995,1500,0.14928113239923468,0.06791850106441981,0.9566522318454364,0.07549217794399889,final_dense_eta_grid_steps3000_R20_v1
vicsek,rho_2,2,200,4.2000000000000002,1601404,4,3000,0.05588281914279449,1.0,1500,0.13645362306879238,0.06813654531577384,0.8990772818121253,0.12769570820617665,final_dense_eta_grid_steps3000_R20_v1
vicsek,rho_2,2,200,4.2000000000000002,1601405,5,3000,0.06656319898076064,1.0,1500,0.15310378353628332,0.07247726718487678,0.9258560959360427,0.10445641443270665,final_dense_eta_grid_steps3000_R20_v1
vicsek,rho_2,2,200,4.2000000000000002,1601406,6,3000,0.04678023486276686,1.0,1500,0.14490548443257592,0.06539301960012106,0.9645702864756829,0.05769875035610481,final_dense_eta_grid_steps3000_R20_v1
vicsek,rho_2,2,200,4.2000000000000002,1601407,7,3000,0.06042149412280642,0.995,1500,0.12307073266749623,0.06159109812771383,0.916359093937375,0.09381853239577936,final_dense_eta_grid_steps3000_R20_v1
vicsek,rho_2,2,200,4.2000000000000002,1601408,8,3000,0.10112328687178275,0.985,1500,0.13307432832017202,0.0671817328951783,0.9394836775483011,0.08296301179350583,final_dense_eta_grid_steps3000_R20_v1
vicsek,rho_2,2,200,4.2000000000000002,1601409,9,3000,0.050538227971924414,1.0,1500,0.13147918358196953,0.06356825441191141,0.9553864090606263,0.06537075058318273,final_dense_eta_grid_steps3000_R20_v1
vicsek,rho_2,2,200,4.2000000000000002,1601410,10,3000,0.08301683172460253,1.0,1500,0.13024783027001002,0.06634240933642062,0.9302265156562292,0.08598945206171513,final_dense_eta_grid_steps3000_R20_v1
vicsek,rho_2,2,200,4.2000000000000002,1601411,11,3000,0.09371155462436807,1.0,1500,0.15066760737061685,0.06997495570495572,0.9128814123917388,0.07475860727276099,final_dense_eta_grid_steps3000_R20_v1
vicsek,rho_2,2,200,4.2000000000000002,1601412,12,3000,0.09492784872077202,1.0,1500,0.1297431988941689,0.06474137180156776,0.9426015989340439,0.07899103819230745,final_dense_eta_grid_steps3000_R20_v1
vicsek,rho_2,2,200,4.2000000000000002,1601413,13,3000,0.10145785979520064,1.0,1500,0.12448962453982083,0.06337377264911402,0.9594703530979347,0.09382998761638614,final_dense_eta_grid_steps3000_R20_v1
vicsek,rho_2,2,200,4.2000000000000002,1601414,14,3000,0.045089354417083644,0.985,1500,0.1256914818405638,0.061697614281805785,0.9449766822118588,0.11988383835802045,final_dense_eta_grid_steps3000_R20_v1
vicsek,rho_2,2,200,4.2000000000000002,1601415,15,3000,0.06351415570080754,0.99,1500,0.14631453027134375,0.06517838638912553,0.9115489673550965,0.10276579470601374,final_dense_eta_grid_steps3000_R20_v1
vicsek,rho_2,2,200,4.2000000000000002,1601416,16,3000,0.04805061774940029,1.0,1500,0.1530474534367186,0.07096582341729978,0.9279380413057962,0.10044900276818519,final_dense_eta_grid_steps3000_R20_v1
vicsek,rho_2,2,200,4.2000000000000002,1601417,17,3000,0.04005979090161113,1.0,1500,0.1311987968745018,0.06974675388309129,0.9006962025316455,0.14047861812675413,final_dense_eta_grid_steps3000_R20_v1
vicsek,rho_2,2,200,4.2000000000000002,1601418,18,3000,0.09531765991657308,1.0,1500,0.17601458739553003,0.06664042802060055,0.9394070619586942,0.06431659019449021,final_dense_eta_grid_steps3000_R20_v1
vicsek,rho_2,2,200,4.2000000000000002,1601419,19,3000,0.02611972856176752,0.98,1500,0.1393976249386549,0.06784113458772122,0.8665989340439707,0.12505871388105905,final_dense_eta_grid_steps3000_R20_v1
vicsek,rho_2,2,200,4.4000000000000004,1601500,0,3000,0.020372887955176687,0.995,1500,0.124358800737147,0.059590965214644576,0.9518520986009327,0.054328933561332345,final_dense_eta_grid_steps3000_R20_v1
vicsek,rho_2,2,200,4.4000000000000004,1601501,1,3000,0.04581341440735242,1.0,1500,0.12668057927527024,0.0635661763978909,0.9448334443704197,0.07735039442939391,final_dense_eta_grid_steps3000_R20_v1
vicsek,rho_2,2,200,4.4000000000000004,1601502,2,3000,0.045427863702387536,1.0,1500,0.11643887550351043,0.058087644736055086,0.8951499000666222,0.12862981935786888,final_dense_eta_grid_steps3000_R20_v1
vicsek,rho_2,2,200,4.4000000000000004,1601503,3,3000,0.06954198483769976,1.0,1500,0.12783980232072406,0.06382853305443692,0.9045303131245837,0.09365387631132233,final_dense_eta_grid_steps3000_R20_v1
vicsek,rho_2,2,200,4.4000000000000004,1601504,4,3000,0.07489201904492816,0.985,1500,0.11506273686063732,0.056568532499446274,0.9522385076615589,0.06377675198254047,final_dense_eta_grid_steps3000_R20_v1
vicsek,rho_2,2,200,4.4000000000000004,1601505,5,3000,0.04447089598017432,0.99,1500,0.10897565442883066,0.05507281049098415,0.9362325116588941,0.09220274221431524,final_dense_eta_grid_steps3000_R20_v1
vicsek,rho_2,2,200,4.4000000000000004,1601506,6,3000,0.06727396855752171,1.0,1500,0.11280436589566865,0.05520963728601729,0.9731045969353763,0.0615526541482897,final_dense_eta_grid_steps3000_R20_v1
vicsek,rho_2,2,200,4.4000000000000004,1601507,7,3000,0.08971585660469124,1.0,1500,0.10524659509761909,0.05545758475250442,0.94690872751499,0.07539549948693519,final_dense_eta_grid_steps3000_R20_v1
vicsek,rho_2,2,200,4.4000000000000004,1601508,8,3000,0.07856425314770918,0.99,1500,0.12219780255366401,0.0590972458078207,0.9283211192538309,0.12142233687046922,final_dense_eta_grid_steps3000_R20_v1
vicsek,rho_2,2,200,4.4000000000000004,1601509,9,3000,0.08212913560385729,0.995,1500,0.11547394970961063,0.056717713665319656,0.9435043304463692,0.08342484648608739,final_dense_eta_grid_steps3000_R20_v1
vicsek,rho_2,2,200,4.4000000000000004,1601510,10,3000,0.026028772742093115,1.0,1500,0.12826937751742754,0.058562565788776826,0.9473517654896735,0.08258360699185469,final_dense_eta_grid_steps3000_R20_v1
vicsek,rho_2,2,200,4.4000000000000004,1601511,11,3000,0.044332340446062324,0.98,1500,0.10727316230148616,0.05601605707609768,0.965,0.031531526687055965,final_dense_eta_grid_steps3000_R20_v1
vicsek,rho_2,2,200,4.4000000000000004,1601512,12,3000,0.09033449624699091,0.995,1500,0.1035728504796608,0.05431156442065309,0.9861025982678215,0.03535062972418699,final_dense_eta_grid_steps3000_R20_v1
vicsek,rho_2,2,200,4.4000000000000004,1601513,13,3000,0.059430438034206216,1.0,1500,0.10853996479687578,0.056596727860476335,0.9745203197868088,0.04909205367139593,final_dense_eta_grid_steps3000_R20_v1
vicsek,rho_2,2,200,4.4000000000000004,1601514,14,3000,0.05038112511371859,0.995,1500,0.1128520743207616,0.054230871647162227,0.9561892071952032,0.06626141003981174,final_dense_eta_grid_steps3000_R20_v1
vicsek,rho_2,2,200,4.4000000000000004,1601515,15,3000,0.0905962613477353,0.995,1500,0.11700438629070332,0.06057098736955388,0.9660193204530313,0.03834205981387447,final_dense_eta_grid_steps3000_R20_v1
vicsek,rho_2,2,200,4.4000000000000004,1601516,16,3000,0.06538346923881398,0.995,1500,0.11256731957898314,0.05902942921380688,0.9729447035309794,0.050080776925387385,final_dense_eta_grid_steps3000_R20_v1
vicsek,rho_2,2,200,4.4000000000000004,1601517,17,3000,0.11616525396694395,0.99,1500,0.12951673200700559,0.06304034828438079,0.9504163890739508,0.07622425082354115,final_dense_eta_grid_steps3000_R20_v1
vicsek,rho_2,2,200,4.4000000000000004,1601518,18,3000,0.03779039175983698,1.0,1500,0.11852291347497959,0.05931297464326493,0.8836675549633578,0.17122483691557902,final_dense_eta_grid_steps3000_R20_v1
vicsek,rho_2,2,200,4.4000000000000004,1601519,19,3000,0.11453435938864366,1.0,1500,0.10597130270041433,0.053602652951477675,0.9728047968021319,0.028920643167834086,final_dense_eta_grid_steps3000_R20_v1
vicsek,rho_2,2,200,4.5999999999999996,1601600,0,3000,0.035686872389457114,1.0,1500,0.09184437069595386,0.04504435974416009,0.9656828780812792,0.033532080654538034,final_dense_eta_grid_steps3000_R20_v1
vicsek,rho_2,2,200,4.5999999999999996,1601601,1,3000,0.10558483678618885,1.0,1500,0.10036594256301819,0.05159356675280979,0.9551399067288474,0.042470122112019185,final_dense_eta_grid_steps3000_R20_v1
vicsek,rho_2,2,200,4.5999999999999996,1601602,2,3000,0.03237588831027288,1.0,1500,0.09206435478258072,0.047059898270087795,0.9801332445036642,0.02345312064852086,final_dense_eta_grid_steps3000_R20_v1
vicsek,rho_2,2,200,4.5999999999999996,1601603,3,3000,0.1074613256560434,0.995,1500,0.09136229739907469,0.04759812593997784,0.9581012658227848,0.04335288636940933,final_dense_eta_grid_steps3000_R20_v1
vicsek,rho_2,2,200,4.5999999999999996,1601604,4,3000,0.07682449255265196,1.0,1500,0.10080645572524055,0.0511670885877807,0.98327781479014,0.020979085286907943,final_dense_eta_grid_steps3000_R20_v1
vicsek,rho_2,2,200,4.5999999999999996,1601605,5,3000,0.0735377134534475,1.0,1500,0.09185411964035735,0.04699967020162597,0.9753131245836109,0.06105884947243823,final_dense_eta_grid_steps3000_R20_v1
vicsek,rho_2,2,200,4.5999999999999996,1601606,6,3000,0.07057048299754409,0.99,1500,0.09175149027129144,0.04784575022283941,0.9753164556962025,0.028933113192387953,final_dense_eta_grid_steps3000_R20_v1
vicsek,rho_2,2,200,4.5999999999999996,1601607,7,3000,0.12345527088571005,0.995,1500,0.10252290809306104,0.05232441047636038,0.980616255829447,0.029160528423879218,final_dense_eta_grid_steps3000_R20_v1
vicsek,rho_2,2,200,4.5999999999999996,1601608,8,3000,0.040680223019959875,0.955,1500,0.10215159208785156,0.05159359431171605,0.9709826782145236,0.038862280536831204,final_dense_eta_grid_steps3000_R20_v1
vicsek,rho_2,2,200,4.5999999999999996,1601609,9,3000,0.0226539495896229,1.0,1500,0.09844924932205829,0.04944300894604581,0.980819453697535,0.03101322569253507,final_dense_eta_grid_steps3000_R20_v1
vicsek,rho_2,2,200,4.5999999999999996,1601610,10,3000,0.057707531112344626,1.0,1500,0.09588764259706113,0.04998167647395306,0.967661558960693,0.035158270416061725,final_dense_eta_grid_steps3000_R20_v1
vicsek,rho_2,2,200,4.5999999999999996,1601611,11,3000,0.03625397420127288,1.0,1500,0.09500776927398151,0.04826537212999023,0.9764090606262491,0.03581956444531797,final_dense_eta_grid_steps3000_R20_v1
vicsek,rho_2,2,200,4.5999999999999996,1601612,12,3000,0.04638501166587031,1.0,1500,0.10223349810374306,0.052245248826468166,0.9352465023317789,0.11508855552290995,final_dense_eta_grid_steps3000_R20_v1
vicsek,rho_2,2,200,4.5999999999999996,1601613,13,3000,0.11057252262330941,0.995,1500,0.09677088227286568,0.05009877734501217,0.9461325782811459,0.08990603065636056,final_dense_eta_grid_steps3000_R20_v1
vicsek,rho_2,2,200,4.5999999999999996,1601614,14,3000,0.07809528014350703,1.0,1500,0.09886810899609051,0.05044456591645664,0.9669786808794136,0.03562633933607411,final_dense_eta_grid_steps3000_R20_v1
vicsek,rho_2,2,200,4.5999999999999996,1601615,15,3000,0.051231843360764036,1.0,1500,0.09828885107959885,0.05017165750280446,0.9664090606262491,0.061060988050275364,final_dense_eta_grid_steps3000_R20_v1
vicsek,rho_2,2,200,4.5999999999999996,1601616,16,3000,0.04089318126211052,1.0,1500,0.10732586261025559,0.05470760835617123,0.9277315123251166,0.07387666766281066,final_dense_eta_grid_steps3000_R20_v1
vicsek,rho_2,2,200,4.5999999999999996,1601617,17,3000,0.02822772152466002,1.0,1500,0.09897107910890324,0.05147998306232605,0.9354930046635576,0.0649974897098874,final_dense_eta_grid_steps3000_R20_v1
vicsek,rho_2,2,200,4.5999999999999996,1601618,18,3000,0.07726089544574832,0.985,1500,0.10419597398249743,0.051759696662404625,0.9494403730846102,0.0458168871795851,final_dense_eta_grid_steps3000_R20_v1
vicsek,rho_2,2,200,4.5999999999999996,1601619,19,3000,0.06799747150572023,1.0,1500,0.09922135481630824,0.05022181270341038,0.9214357095269821,0.08084448122094448,final_dense_eta_grid_steps3000_R20_v1
vicsek,rho_2,2,200,4.7999999999999998,1601700,0,3000,0.11904011624443261,0.995,1500,0.08545572843112166,0.04312592982933555,0.9732911392405064,0.044666517470166145,final_dense_eta_grid_steps3000_R20_v1
vicsek,rho_2,2,200,4.7999999999999998,1601701,1,3000,0.03579578400475925,1.0,1500,0.07970367296086539,0.04105308497202611,0.9718587608261159,0.052962307674174994,final_dense_eta_grid_steps3000_R20_v1
vicsek,rho_2,2,200,4.7999999999999998,1601702,2,3000,0.05515583575576551,1.0,1500,0.08554906051486191,0.04455555534610904,0.9844836775483011,0.018522630523379196,final_dense_eta_grid_steps3000_R20_v1
vicsek,rho_2,2,200,4.7999999999999998,1601703,3,3000,0.05021537705048863,0.985,1500,0.08346437047064763,0.04241338563797406,0.966435709526982,0.04027124096358431,final_dense_eta_grid_steps3000_R20_v1
vicsek,rho_2,2,200,4.7999999999999998,1601704,4,3000,0.07687349147209327,1.0,1500,0.08510409577371135,0.04408822310926234,0.9626182544970019,0.07577562631120874,final_dense_eta_grid_steps3000_R20_v1
vicsek,rho_2,2,200,4.7999999999999998,1601705,5,3000,0.005366016888885247,1.0,1500,0.08446099671665241,0.04370299270024838,0.9808660892738175,0.030136532352631373,final_dense_eta_grid_steps3000_R20_v1
vicsek,rho_2,2,200,4.7999999999999998,1601706,6,3000,0.04084526764177231,0.98,1500,0.08367788201832875,0.042187692231278016,0.9904930046635576,0.017127790582145377,final_dense_eta_grid_steps3000_R20_v1
vicsek,rho_2,2,200,4.7999999999999998,1601707,7,3000,0.05090812313707947,0.995,1500,0.085470238026152,0.04455638968928961,0.9665189873417721,0.054934317929532156,final_dense_eta_grid_steps3000_R20_v1
vicsek,rho_2,2,200,4.7999999999999998,1601708,8,3000,0.07377770943373071,1.0,1500,0.08228856682164074,0.042619070362114944,0.9749966688874084,0.031723478206473726,final_dense_eta_grid_steps3000_R20_v1
vicsek,rho_2,2,200,4.7999999999999998,1601709,9,3000,0.053109123875034,1.0,1500,0.08593890876578843,0.0434722273952151,0.9802298467688209,0.02313526114767076,final_dense_eta_grid_steps3000_R20_v1
vicsek,rho_2,2,200,4.7999999999999998,1601710,10,3000,0.07503311141853772,0.995,1500,0.08123956829809653,0.04229454067441873,0.9819287141905396,0.02754732312956238,final_dense_eta_grid_steps3000_R20_v1
vicsek,rho_2,2,200,4.7999999999999998,1601711,11,3000,0.08568280211784936,0.995,1500,0.08198823420907309,0.043033711519353285,0.970203197868088,0.05513633411408907,final_dense_eta_grid_steps3000_R20_v1
vicsek,rho_2,2,200,4.7999999999999998,1601712,12,3000,0.02687139431681859,1.0,1500,0.0864652094081621,0.043473729794825444,0.9814856762158561,0.03735631537629791,final_dense_eta_grid_steps3000_R20_v1
vicsek,rho_2,2,200,4.7999999999999998,1601713,13,3000,0.0878712580921406,1.0,1500,0.08138027724800821,0.04363761467476201,0.9736575616255829,0.028797461611286677,final_dense_eta_grid_steps3000_R20_v1
vicsek,rho_2,2,200,4.7999999999999998,1601714,14,3000,0.04779755096278354,0.995,1500,0.08253012818298788,0.04394457844991537,0.9718021319120586,0.03801539217330958,final_dense_eta_grid_steps3000_R20_v1
vicsek,rho_2,2,200,4.7999999999999998,1601715,15,3000,0.03995597831308604,1.0,1500,0.08437035047799497,0.04489699316617841,0.9903064623584278,0.022575051042918053,final_dense_eta_grid_steps3000_R20_v1
vicsek,rho_2,2,200,4.7999999999999998,1601716,16,3000,0.030344918653222128,1.0,1500,0.08486257516034709,0.04350832089499604,0.9721185876082611,0.023153499474418086,final_dense_eta_grid_steps3000_R20_v1
vicsek,rho_2,2,200,4.7999999999999998,1601717,17,3000,0.058313266687741415,0.985,1500,0.0835531623893969,0.043117765660464,0.9678347768154564,0.03950655858191351,final_dense_eta_grid_steps3000_R20_v1
vicsek,rho_2,2,200,4.7999999999999998,1601718,18,3000,0.06910992322959406,0.975,1500,0.08418827145300077,0.04496612956470916,0.9800932711525648,0.03851971939372067,final_dense_eta_grid_steps3000_R20_v1
vicsek,rho_2,2,200,4.7999999999999998,1601719,19,3000,0.06324486773209913,1.0,1500,0.08140651453983119,0.0425373199299353,0.9573650899400399,0.07255797347040836,final_dense_eta_grid_steps3000_R20_v1
vicsek,rho_2,2,200,5,930000,0,3000,0.039463554583359324,1.0,1500,0.07492546503391097,0.038978878411126835,0.9886475682878082,0.023040886573945565,vicsek_eta0_6_deta0p5_steps3000_R20_v1
vicsek,rho_2,2,200,5,930001,1,3000,0.035057262590382485,0.99,1500,0.07559089055381339,0.039552379616187114,0.9888707528314458,0.015628322187509536,vicsek_eta0_6_deta0p5_steps3000_R20_v1
vicsek,rho_2,2,200,5,930002,2,3000,0.12063580365467784,0.995,1500,0.07434567178752745,0.03905376308967742,0.9890506329113924,0.02520168019813924,vicsek_eta0_6_deta0p5_steps3000_R20_v1
vicsek,rho_2,2,200,5,930003,3,3000,0.07831639996911671,1.0,1500,0.07629736798705834,0.040278428688800695,0.99099600266489,0.018277525508617977,vicsek_eta0_6_deta0p5_steps3000_R20_v1
vicsek,rho_2,2,200,5,930004,4,3000,0.03445337930934877,1.0,1500,0.07432783690474311,0.039774037495522004,0.9949566955363092,0.00932149111867069,vicsek_eta0_6_deta0p5_steps3000_R20_v1
vicsek,rho_2,2,200,5,930005,5,3000,0.03269257386269552,1.0,1500,0.07725386476912972,0.039294758353347815,0.9730079946702198,0.05677071422291941,vicsek_eta0_6_deta0p5_steps3000_R20_v1
vicsek,rho_2,2,200,5,930006,6,3000,0.024519390335029815,1.0,1500,0.07414449852683994,0.039088990709949284,0.9743570952698201,0.027273439538998242,vicsek_eta0_6_deta0p5_steps3000_R20_v1
vicsek,rho_2,2,200,5,930007,7,3000,0.06243469015291838,1.0,1500,0.07654889102713817,0.03940497320475612,0.9830346435709527,0.0275565217524904,vicsek_eta0_6_deta0p5_steps3000_R20_v1
vicsek,rho_2,2,200,5,930008,8,3000,0.050929917945722804,1.0,1500,0.07610718786496508,0.03980149529037139,0.9867521652231845,0.017777809294355674,vicsek_eta0_6_deta0p5_steps3000_R20_v1
vicsek,rho_2,2,200,5,930009,9,3000,0.02239703074682156,0.995,1500,0.07615226215082947,0.03915727967241743,0.9643171219187209,0.03310417057167118,vicsek_eta0_6_deta0p5_steps3000_R20_v1
vicsek,rho_2,2,200,5,930010,10,3000,0.04067904356261127,0.99,1500,0.0779658978993035,0.03863164977491638,0.9813191205862758,0.023791064519943644,vicsek_eta0_6_deta0p5_steps3000_R20_v1
vicsek,rho_2,2,200,5,930011,11,3000,0.09320464800635031,1.0,1500,0.079191790820902,0.03979276209759729,0.9747201865423052,0.02979926712774904,vicsek_eta0_6_deta0p5_steps3000_R20_v1
vicsek,rho_2,2,200,5,930012,12,3000,0.03957955282134127,0.995,1500,0.07553431571773397,0.039890897683257626,0.9592205196535643,0.06346028049519972,vicsek_eta0_6_deta0p5_steps3000_R20_v1
vicsek,rho_2,2,200,5,930013,13,3000,0.0743784848960461,0.99,1500,0.0765163655697799,0.03966496462519947,0.9552864756828781,0.05889288832652559,vicsek_eta0_6_deta0p5_steps3000_R20_v1
vicsek,rho_2,2,200,5,930014,14,3000,0.011916239913537408,1.0,1500,0.07264100702783763,0.03781451830289928,0.9897568287808128,0.02041273397982194,vicsek_eta0_6_deta0p5_steps3000_R20_v1
vicsek,rho_2,2,200,5,930015,15,3000,0.09487686250941815,1.0,1500,0.07784750406733873,0.04102163428889896,0.9899300466355763,0.01583807249123659,vicsek_eta0_6_deta0p5_steps3000_R20_v1
vicsek,rho_2,2,200,5,930016,16,3000,0.08696488241032686,1.0,1500,0.07682881368846899,0.03965656582853089,0.9524716855429715,0.08830584021916392,vicsek_eta0_6_deta0p5_steps3000_R20_v1
vicsek,rho_2,2,200,5,930017,17,3000,0.039371443398302335,1.0,1500,0.07759506729509995,0.040216629385634424,0.9841772151898734,0.03336810283761536,vicsek_eta0_6_deta0p5_steps3000_R20_v1
vicsek,rho_2,2,200,5,930018,18,3000,0.012365834080547335,0.995,1500,0.07780812668126925,0.039554779022647306,0.9788274483677548,0.04671369634772212,vicsek_eta0_6_deta0p5_steps3000_R20_v1
vicsek,rho_2,2,200,5,930019,19,3000,0.04141423327805617,0.95,1500,0.07505635520253945,0.0390772763360027,0.990126582278481,0.02048505653439227,vicsek_eta0_6_deta0p5_steps3000_R20_v1
vicsek,rho_2,2,200,5.2000000000000002,1601800,0,3000,0.06589942839403959,0.99,1500,0.06945908793213408,0.03687542346368943,0.9886842105263158,0.01793422573993802,final_dense_eta_grid_steps3000_R20_v1
vicsek,rho_2,2,200,5.2000000000000002,1601801,1,3000,0.0558194547898565,0.99,1500,0.07229063925863163,0.037605031294667295,0.990786142571619,0.011841512582021485,final_dense_eta_grid_steps3000_R20_v1
vicsek,rho_2,2,200,5.2000000000000002,1601802,2,3000,0.14732706194079706,1.0,1500,0.07078186062796603,0.036241772810481424,0.9860359760159894,0.017539601281709453,final_dense_eta_grid_steps3000_R20_v1
vicsek,rho_2,2,200,5.2000000000000002,1601803,3,3000,0.06335798976854028,1.0,1500,0.07035460414018735,0.03586440458334484,0.9827881412391739,0.0300937534483758,final_dense_eta_grid_steps3000_R20_v1
vicsek,rho_2,2,200,5.2000000000000002,1601804,4,3000,0.054331325238970114,0.99,1500,0.07025097826555685,0.03640182028413483,0.9893337774816788,0.0245334042963916,final_dense_eta_grid_steps3000_R20_v1
vicsek,rho_2,2,200,5.2000000000000002,1601805,5,3000,0.06788254632597909,0.99,1500,0.07169429346725192,0.038920830947527026,0.9908227848101265,0.022947509270474585,final_dense_eta_grid_steps3000_R20_v1
vicsek,rho_2,2,200,5.2000000000000002,1601806,6,3000,0.06368382566324307,1.0,1500,0.07098258607544085,0.03695449632961522,0.9875316455696203,0.021939286140909724,final_dense_eta_grid_steps3000_R20_v1
vicsek,rho_2,2,200,5.2000000000000002,1601807,7,3000,0.10418146227602369,0.995,1500,0.07218165350498856,0.038005745594948785,0.9939973351099267,0.013380009085629915,final_dense_eta_grid_steps3000_R20_v1
vicsek,rho_2,2,200,5.2000000000000002,1601808,8,3000,0.11676614976390788,1.0,1500,0.07078583191507712,0.03638164017957232,0.9927814790139906,0.009424206755075876,final_dense_eta_grid_steps3000_R20_v1
vicsek,rho_2,2,200,5.2000000000000002,1601809,9,3000,0.046388553602129325,1.0,1500,0.0720631593368728,0.03740163708818759,0.9943570952698201,0.011846638175710737,final_dense_eta_grid_steps3000_R20_v1
vicsek,rho_2,2,200,5.2000000000000002,1601810,10,3000,0.017207004927604436,0.99,1500,0.07225612389119246,0.03825630002633363,0.9887874750166556,0.048122949385040796,final_dense_eta_grid_steps3000_R20_v1
vicsek,rho_2,2,200,5.2000000000000002,1601811,11,3000,0.02334858934780758,0.995,1500,0.07222300869856522,0.03755536142158656,0.9803564290473019,0.036482446386952694,final_dense_eta_grid_steps3000_R20_v1
vicsek,rho_2,2,200,5.2000000000000002,1601812,12,3000,0.06482858743673345,1.0,1500,0.07274194355195256,0.03720776975415911,0.9906795469686875,0.014313210543547405,final_dense_eta_grid_steps3000_R20_v1
vicsek,rho_2,2,200,5.2000000000000002,1601813,13,3000,0.034878553820913566,1.0,1500,0.07142295597488044,0.03771570067526766,0.9928147901399067,0.0117400931816569,final_dense_eta_grid_steps3000_R20_v1
vicsek,rho_2,2,200,5.2000000000000002,1601814,14,3000,0.014256634429280733,0.995,1500,0.07053234980430045,0.0370855138073937,0.9922584943371086,0.019404761605067496,final_dense_eta_grid_steps3000_R20_v1
vicsek,rho_2,2,200,5.2000000000000002,1601815,15,3000,0.03582609916757392,0.98,1500,0.07081081116713939,0.0374434207318891,0.9919586942038642,0.022117899803084685,final_dense_eta_grid_steps3000_R20_v1
vicsek,rho_2,2,200,5.2000000000000002,1601816,16,3000,0.05413379072531477,0.995,1500,0.07316282327471403,0.037254871954489614,0.9878047968021318,0.017390406918954257,final_dense_eta_grid_steps3000_R20_v1
vicsek,rho_2,2,200,5.2000000000000002,1601817,17,3000,0.06733646735043583,1.0,1500,0.07137207940904815,0.03687053179519354,0.9744170552964689,0.028014640259639643,final_dense_eta_grid_steps3000_R20_v1
vicsek,rho_2,2,200,5.2000000000000002,1601818,18,3000,0.09934328318044731,0.99,1500,0.07244230267743768,0.03736959142383161,0.9855529646902066,0.023637291409436826,final_dense_eta_grid_steps3000_R20_v1
vicsek,rho_2,2,200,5.2000000000000002,1601819,19,3000,0.13771684111957058,0.99,1500,0.0691905248917914,0.0367877577242991,0.9890572951365757,0.03447561944603815,final_dense_eta_grid_steps3000_R20_v1
vicsek,rho_2,2,200,5.4000000000000004,1601900,0,3000,0.024397131480486483,0.965,1500,0.06933188086562071,0.035557220446276586,0.9768487674883412,0.04006402828687501,final_dense_eta_grid_steps3000_R20_v1
vicsek,rho_2,2,200,5.4000000000000004,1601901,1,3000,0.07850148118840129,1.0,1500,0.06791832993519262,0.03551865772824928,0.9950832778147901,0.010795000640244799,final_dense_eta_grid_steps3000_R20_v1
vicsek,rho_2,2,200,5.4000000000000004,1601902,2,3000,0.10372669432380467,1.0,1500,0.06728959249513904,0.03412608982693183,0.9811292471685543,0.027700705129227836,final_dense_eta_grid_steps3000_R20_v1
vicsek,rho_2,2,200,5.4000000000000004,1601903,3,3000,0.03677462047267029,0.985,1500,0.06601550334433476,0.034580985135980624,0.968927381745503,0.057805891069843296,final_dense_eta_grid_steps3000_R20_v1
vicsek,rho_2,2,200,5.4000000000000004,1601904,4,3000,0.09048086580885782,1.0,1500,0.06714574028885203,0.0340384725187531,0.9924650233177882,0.013659985810432915,final_dense_eta_grid_steps3000_R20_v1
vicsek,rho_2,2,200,5.4000000000000004,1601905,5,3000,0.09533426269519536,0.955,1500,0.06812133748160121,0.03612320382382146,0.9904963357761492,0.014533730893180724,final_dense_eta_grid_steps3000_R20_v1
vicsek,rho_2,2,200,5.4000000000000004,1601906,6,3000,0.0329674831288478,1.0,1500,0.06752649316581485,0.03531147510054553,0.9831112591605596,0.03165299888248539,final_dense_eta_grid_steps3000_R20_v1
vicsek,rho_2,2,200,5.4000000000000004,1601907,7,3000,0.031252644848458334,0.995,1500,0.0704184606910867,0.03544077485414078,0.9940672884743504,0.0116421265169285,final_dense_eta_grid_steps3000_R20_v1
vicsek,rho_2,2,200,5.4000000000000004,1601908,8,3000,0.06458901507680964,1.0,1500,0.0684145852296412,0.0352844940366276,0.9839307128580945,0.02425380447278101,final_dense_eta_grid_steps3000_R20_v1
vicsek,rho_2,2,200,5.4000000000000004,1601909,9,3000,0.02303819183189101,0.95,1500,0.06596546911680752,0.03475589971487635,0.9875616255829447,0.02295573398101907,final_dense_eta_grid_steps3000_R20_v1
vicsek,rho_2,2,200,5.4000000000000004,1601910,10,3000,0.0818694634333585,1.0,1500,0.06770725212968284,0.035768560545948035,0.9917688207861426,0.02342264090868284,final_dense_eta_grid_steps3000_R20_v1
vicsek,rho_2,2,200,5.4000000000000004,1601911,11,3000,0.08608627763834091,0.995,1500,0.0677065928432867,0.03582490302936658,0.9902398401065955,0.03777729947297411,final_dense_eta_grid_steps3000_R20_v1
vicsek,rho_2,2,200,5.4000000000000004,1601912,12,3000,0.004146459762779447,1.0,1500,0.06687680543812947,0.034751947985093457,0.9802265156562291,0.029874520890757168,final_dense_eta_grid_steps3000_R20_v1
vicsek,rho_2,2,200,5.4000000000000004,1601913,13,3000,0.05684783129354325,0.985,1500,0.06927278581934702,0.035860936125586905,0.9898201199200534,0.01511231397117048,final_dense_eta_grid_steps3000_R20_v1
vicsek,rho_2,2,200,5.4000000000000004,1601914,14,3000,0.04808392058201066,1.0,1500,0.06754649717361766,0.03503373933086444,0.9959760159893405,0.008202757720888293,final_dense_eta_grid_steps3000_R20_v1
vicsek,rho_2,2,200,5.4000000000000004,1601915,15,3000,0.15666140080379673,0.96,1500,0.06640842086196688,0.034362518516387,0.9871852098600932,0.014369551782396638,final_dense_eta_grid_steps3000_R20_v1
vicsek,rho_2,2,200,5.4000000000000004,1601916,16,3000,0.05411583471887629,0.99,1500,0.06754368618809435,0.03588333679244427,0.9858427714856762,0.028387239606299092,final_dense_eta_grid_steps3000_R20_v1
vicsek,rho_2,2,200,5.4000000000000004,1601917,17,3000,0.05598364126102601,1.0,1500,0.06721881106346206,0.03527752713866091,0.9959193870752832,0.005674448370945839,final_dense_eta_grid_steps3000_R20_v1
vicsek,rho_2,2,200,5.4000000000000004,1601918,18,3000,0.09245507063052898,1.0,1500,0.06935156743182327,0.03635918599459941,0.9913724183877415,0.015851846098515286,final_dense_eta_grid_steps3000_R20_v1
vicsek,rho_2,2,200,5.4000000000000004,1601919,19,3000,0.07040314206457185,0.995,1500,0.0675360566508648,0.03548077864840303,0.990126582278481,0.016775865992297734,final_dense_eta_grid_steps3000_R20_v1
vicsek,rho_2,2,200,5.5999999999999996,1602000,0,3000,0.10303228804481407,1.0,1500,0.0662594708395118,0.03426755752879313,0.9913590939373751,0.014828071950414157,final_dense_eta_grid_steps3000_R20_v1
vicsek,rho_2,2,200,5.5999999999999996,1602001,1,3000,0.0313630285600864,1.0,1500,0.06615583380020752,0.03422598373242094,0.9920586275816122,0.021672857495352787,final_dense_eta_grid_steps3000_R20_v1
vicsek,rho_2,2,200,5.5999999999999996,1602002,2,3000,0.09113161921949448,1.0,1500,0.06570621873643225,0.034164462969031195,0.9937808127914723,0.014848084540749469,final_dense_eta_grid_steps3000_R20_v1
vicsek,rho_2,2,200,5.5999999999999996,1602003,3,3000,0.011755388512019791,0.975,1500,0.06490549566001812,0.03384433150811849,0.9921485676215855,0.008147780192515466,final_dense_eta_grid_steps3000_R20_v1
vicsek,rho_2,2,200,5.5999999999999996,1602004,4,3000,0.07330812278488487,1.0,1500,0.06328364746269693,0.03387361150788187,0.995929380413058,0.009486429675271245,final_dense_eta_grid_steps3000_R20_v1
vicsek,rho_2,2,200,5.5999999999999996,1602005,5,3000,0.05237342852001643,0.98,1500,0.0662732025661244,0.03407555680748028,0.9926315789473684,0.009779557706732129,final_dense_eta_grid_steps3000_R20_v1
vicsek,rho_2,2,200,5.5999999999999996,1602006,6,3000,0.04562282641289807,0.975,1500,0.06749210856763936,0.03464821620057979,0.9893937375083277,0.018684203696613208,final_dense_eta_grid_steps3000_R20_v1
vicsek,rho_2,2,200,5.5999999999999996,1602007,7,3000,0.05474790587758176,0.99,1500,0.0655396249377025,0.03295577632785758,0.9939706862091939,0.00961569025756256,final_dense_eta_grid_steps3000_R20_v1
vicsek,rho_2,2,200,5.5999999999999996,1602008,8,3000,0.004570582978937951,1.0,1500,0.06617263913714282,0.033346284838202456,0.9893937375083277,0.009453709272504962,final_dense_eta_grid_steps3000_R20_v1
vicsek,rho_2,2,200,5.5999999999999996,1602009,9,3000,0.053221624761960296,0.99,1500,0.06606374092897807,0.03421218400016433,0.989593604263824,0.02131506144734952,final_dense_eta_grid_steps3000_R20_v1
vicsek,rho_2,2,200,5.5999999999999996,1602010,10,3000,0.09854946010089254,0.97,1500,0.06391011465422614,0.03426281321744365,0.9918554297135244,0.017565099781811463,final_dense_eta_grid_steps3000_R20_v1
vicsek,rho_2,2,200,5.5999999999999996,1602011,11,3000,0.027631187155040326,1.0,1500,0.06534211579297008,0.033328086486283416,0.9851698867421719,0.029539342196956222,final_dense_eta_grid_steps3000_R20_v1
vicsek,rho_2,2,200,5.5999999999999996,1602012,12,3000,0.032287010240456854,0.995,1500,0.06590721739777532,0.03388858290556564,0.9956429047301799,0.008688272204969523,final_dense_eta_grid_steps3000_R20_v1
vicsek,rho_2,2,200,5.5999999999999996,1602013,13,3000,0.06115769716338563,0.995,1500,0.06529102712989798,0.034626860262419366,0.9925816122584944,0.011708520061798223,final_dense_eta_grid_steps3000_R20_v1
vicsek,rho_2,2,200,5.5999999999999996,1602014,14,3000,0.09757360578135142,1.0,1500,0.06579855759653117,0.03418028234417352,0.9949999999999999,0.014889108199329886,final_dense_eta_grid_steps3000_R20_v1
vicsek,rho_2,2,200,5.5999999999999996,1602015,15,3000,0.08536760362347025,1.0,1500,0.06322612072896129,0.0339650780022299,0.9944736842105263,0.008989008408574941,final_dense_eta_grid_steps3000_R20_v1
vicsek,rho_2,2,200,5.5999999999999996,1602016,16,3000,0.040129446973463344,1.0,1500,0.06601176003914393,0.03380791835247676,0.9922185209860093,0.01706401954120007,final_dense_eta_grid_steps3000_R20_v1
vicsek,rho_2,2,200,5.5999999999999996,1602017,17,3000,0.025562017615941426,1.0,1500,0.06642244861047211,0.03416920312658126,0.9895569620253165,0.0169547027458782,final_dense_eta_grid_steps3000_R20_v1
vicsek,rho_2,2,200,5.5999999999999996,1602018,18,3000,0.018627964513938063,1.0,1500,0.06566328934706414,0.03380091798404006,0.9880846102598267,0.0289721575377075,final_dense_eta_grid_steps3000_R20_v1
vicsek,rho_2,2,200,5.5999999999999996,1602019,19,3000,0.04600998178077991,1.0,1500,0.06523955509556592,0.03402067130696004,0.991132578281146,0.013145387421996554,final_dense_eta_grid_steps3000_R20_v1
vicsek,rho_2,2,200,5.7999999999999998,1602100,0,3000,0.07898963782064966,1.0,1500,0.06421146969499165,0.03352833041563631,0.9894303797468355,0.014823814830589616,final_dense_eta_grid_steps3000_R20_v1
vicsek,rho_2,2,200,5.7999999999999998,1602101,1,3000,0.06922437909646922,1.0,1500,0.06330960653839039,0.032029986303002106,0.9917688207861426,0.013260290231006286,final_dense_eta_grid_steps3000_R20_v1
vicsek,rho_2,2,200,5.7999999999999998,1602102,2,3000,0.01579503510911105,1.0,1500,0.0634708481371604,0.033337887854397015,0.9923417721518987,0.011299439324056096,final_dense_eta_grid_steps3000_R20_v1
vicsek,rho_2,2,200,5.7999999999999998,1602103,3,3000,0.0802972896438095,1.0,1500,0.063174184828432,0.03292833768404798,0.989906728847435,0.017703550046142436,final_dense_eta_grid_steps3000_R20_v1
vicsek,rho_2,2,200,5.7999999999999998,1602104,4,3000,0.04885497502712956,0.995,1500,0.0632977779273685,0.03314012376603345,0.989290473017988,0.02693564954414864,final_dense_eta_grid_steps3000_R20_v1
vicsek,rho_2,2,200,5.7999999999999998,1602105,5,3000,0.06612264240432125,0.995,1500,0.06359864601182445,0.03335680357394309,0.9930113257828115,0.014268501844197807,final_dense_eta_grid_steps3000_R20_v1
vicsek,rho_2,2,200,5.7999999999999998,1602106,6,3000,0.05113151047742308,1.0,1500,0.06364417232726721,0.033625347158218126,0.9949200532978014,0.01602671833107187,final_dense_eta_grid_steps3000_R20_v1
vicsek,rho_2,2,200,5.7999999999999998,1602107,7,3000,0.05302603984583836,1.0,1500,0.062433555422630294,0.032823717833090356,0.9957495003331112,0.007819661758040424,final_dense_eta_grid_steps3000_R20_v1
vicsek,rho_2,2,200,5.7999999999999998,1602108,8,3000,0.04753412216617247,0.995,1500,0.06432166564985374,0.03234484323109104,0.9912391738840772,0.013162367787239754,final_dense_eta_grid_steps3000_R20_v1
vicsek,rho_2,2,200,5.7999999999999998,1602109,9,3000,0.05189041036636783,1.0,1500,0.06363878662462621,0.03458317678044067,0.9923217854763491,0.011038168219328346,final_dense_eta_grid_steps3000_R20_v1
vicsek,rho_2,2,200,5.7999999999999998,1602110,10,3000,0.08151908566191599,1.0,1500,0.06357891480137308,0.03413866581931916,0.9946968687541639,0.011492171401425846,final_dense_eta_grid_steps3000_R20_v1
vicsek,rho_2,2,200,5.7999999999999998,1602111,11,3000,0.1475892985378535,1.0,1500,0.06440387961160282,0.03481431563550867,0.9955129913391073,0.009317302347276884,final_dense_eta_grid_steps3000_R20_v1
vicsek,rho_2,2,200,5.7999999999999998,1602112,12,3000,0.05913451942552954,1.0,1500,0.06484837234427437,0.03333274491023788,0.9968287808127915,0.006787681197230382,final_dense_eta_grid_steps3000_R20_v1
vicsek,rho_2,2,200,5.7999999999999998,1602113,13,3000,0.04347472031675895,1.0,1500,0.06443590252990096,0.033561413022607914,0.9858994003997336,0.01960614543999484,final_dense_eta_grid_steps3000_R20_v1
vicsek,rho_2,2,200,5.7999999999999998,1602114,14,3000,0.05136571564500465,0.995,1500,0.06475388330864595,0.03306747652121737,0.9929113924050632,0.01248789460979681,final_dense_eta_grid_steps3000_R20_v1
vicsek,rho_2,2,200,5.7999999999999998,1602115,15,3000,0.013361208628835983,1.0,1500,0.06326617248823033,0.03296757208777065,0.9948834110592938,0.008883530822651526,final_dense_eta_grid_steps3000_R20_v1
vicsek,rho_2,2,200,5.7999999999999998,1602116,16,3000,0.03033698039796175,1.0,1500,0.06414725424732592,0.03327506424070517,0.9969120586275816,0.014185935545967738,final_dense_eta_grid_steps3000_R20_v1
vicsek,rho_2,2,200,5.7999999999999998,1602117,17,3000,0.08326573585217291,1.0,1500,0.06388565100399676,0.03306619070705957,0.9866322451698867,0.015542617248131154,final_dense_eta_grid_steps3000_R20_v1
vicsek,rho_2,2,200,5.7999999999999998,1602118,18,3000,0.11536979099526144,0.98,1500,0.06446323639258492,0.034699612804626884,0.9910093271152565,0.015388503574165019,final_dense_eta_grid_steps3000_R20_v1
vicsek,rho_2,2,200,5.7999999999999998,1602119,19,3000,0.14964718693702495,1.0,1500,0.06410973494547151,0.0342817887248703,0.9907528314457028,0.011639410769258627,final_dense_eta_grid_steps3000_R20_v1
vicsek,rho_2,2,200,6,932000,0,3000,0.013890890747697907,0.995,1500,0.06273922976054488,0.03271773520578315,0.9916155896069286,0.009151446014666708,vicsek_eta0_6_deta0p5_steps3000_R20_v1
vicsek,rho_2,2,200,6,932001,1,3000,0.07901808186094607,1.0,1500,0.06356503570229223,0.03375680226316272,0.9961125916055963,0.008544743389127937,vicsek_eta0_6_deta0p5_steps3000_R20_v1
vicsek,rho_2,2,200,6,932002,2,3000,0.10401731006347147,0.98,1500,0.06260543636686042,0.03317987560183225,0.9965556295802798,0.007201423212752582,vicsek_eta0_6_deta0p5_steps3000_R20_v1
vicsek,rho_2,2,200,6,932003,3,3000,0.07293576395192487,1.0,1500,0.06343252389256636,0.032525684077474276,0.9811958694203865,0.026189597418026987,vicsek_eta0_6_deta0p5_steps3000_R20_v1
vicsek,rho_2,2,200,6,932004,4,3000,0.004558397730426692,0.985,1500,0.06198139428447639,0.032569868706385945,0.9956762158560959,0.009055629427111132,vicsek_eta0_6_deta0p5_steps3000_R20_v1
vicsek,rho_2,2,200,6,932005,5,3000,0.02773814009033748,1.0,1500,0.0631769912818724,0.03223513948882752,0.9942671552298468,0.008610835200295998,vicsek_eta0_6_deta0p5_steps3000_R20_v1
vicsek,rho_2,2,200,6,932006,6,3000,0.0268608971073546,0.975,1500,0.06392495420851892,0.03348777167147781,0.9946568954030647,0.009616161069742925,vicsek_eta0_6_deta0p5_steps3000_R20_v1
vicsek,rho_2,2,200,6,932007,7,3000,0.05722066698447161,1.0,1500,0.06292881752465133,0.031008063682523707,0.9957561625582946,0.010155905115994035,vicsek_eta0_6_deta0p5_steps3000_R20_v1
vicsek,rho_2,2,200,6,932008,8,3000,0.03393466032683513,1.0,1500,0.06271858833882393,0.03241507919877044,0.9956095936042639,0.010595752352843282,vicsek_eta0_6_deta0p5_steps3000_R20_v1
vicsek,rho_2,2,200,6,932009,9,3000,0.025813701140775466,1.0,1500,0.06384494836815245,0.03304332218343174,0.9953564290473018,0.016357806141369426,vicsek_eta0_6_deta0p5_steps3000_R20_v1
vicsek,rho_2,2,200,6,932010,10,3000,0.11193855051024025,1.0,1500,0.0627756891318822,0.0328462267367057,0.988311125916056,0.026911824636417604,vicsek_eta0_6_deta0p5_steps3000_R20_v1
vicsek,rho_2,2,200,6,932011,11,3000,0.028291849888951535,0.99,1500,0.06308870399174596,0.0325760179998015,0.9915123251165889,0.009921981531523209,vicsek_eta0_6_deta0p5_steps3000_R20_v1
vicsek,rho_2,2,200,6,932012,12,3000,0.08176103629057584,0.985,1500,0.06264033755494285,0.03217388328480345,0.9859593604263824,0.01838442336985974,vicsek_eta0_6_deta0p5_steps3000_R20_v1
vicsek,rho_2,2,200,6,932013,13,3000,0.006705138829004077,0.995,1500,0.0630997558561796,0.03377657121793892,0.9906462358427716,0.01246241922313157,vicsek_eta0_6_deta0p5_steps3000_R20_v1
vicsek,rho_2,2,200,6,932014,14,3000,0.04995826399903319,1.0,1500,0.06336506125588665,0.03358181603957448,0.9922118587608261,0.008207284138744208,vicsek_eta0_6_deta0p5_steps3000_R20_v1
vicsek,rho_2,2,200,6,932015,15,3000,0.08029211809578982,0.995,1500,0.06346328878293549,0.03335936127830742,0.9972818121252499,0.00536227808832048,vicsek_eta0_6_deta0p5_steps3000_R20_v1
vicsek,rho_2,2,200,6,932016,16,3000,0.028803699952440177,1.0,1500,0.062439912017975704,0.033250447818938315,0.9982944703530979,0.0038052038515327077,vicsek_eta0_6_deta0p5_steps3000_R20_v1
vicsek,rho_2,2,200,6,932017,17,3000,0.01800400069367239,0.995,1500,0.06350968457074459,0.03345971129046361,0.9946235842771486,0.009740549156959268,vicsek_eta0_6_deta0p5_steps3000_R20_v1
vicsek,rho_2,2,200,6,932018,18,3000,0.031112220334761763,1.0,1500,0.06178529120188432,0.032249586793944636,0.9986575616255828,0.004729173401662402,vicsek_eta0_6_deta0p5_steps3000_R20_v1
vicsek,rho_2,2,200,6,932019,19,3000,0.10262128458740176,0.985,1500,0.06228766533132004,0.03266681799423132,0.9958327781479013,0.007167410296834797,vicsek_eta0_6_deta0p5_steps3000_R20_v1
vicsek,rho_2,2,200,6.2000000000000002,1602200,0,3000,0.049814134510124154,0.98,1500,0.06132558640479959,0.031730488849899804,0.9947868087941372,0.010591493413156405,final_dense_eta_grid_steps3000_R20_v1
vicsek,rho_2,2,200,6.2000000000000002,1602201,1,3000,0.13783143749396612,1.0,1500,0.06293519808939341,0.03262176792299082,0.9960992671552298,0.007714777655020455,final_dense_eta_grid_steps3000_R20_v1
vicsek,rho_2,2,200,6.2000000000000002,1602202,2,3000,0.027712734886322497,0.995,1500,0.06446897409289769,0.03266016756144619,0.9892971352431712,0.013701477953939223,final_dense_eta_grid_steps3000_R20_v1
vicsek,rho_2,2,200,6.2000000000000002,1602203,3,3000,0.0033156051588776737,0.995,1500,0.06206312293712854,0.03302577225115181,0.994070619586942,0.00941593877142501,final_dense_eta_grid_steps3000_R20_v1
vicsek,rho_2,2,200,6.2000000000000002,1602204,4,3000,0.16091813232257507,1.0,1500,0.06382602661927608,0.03269887060371598,0.9969220519653565,0.00639994379138931,final_dense_eta_grid_steps3000_R20_v1
vicsek,rho_2,2,200,6.2000000000000002,1602205,5,3000,0.009566514542017157,1.0,1500,0.06331594048231586,0.03231022766076408,0.9955596269153898,0.008953574589445418,final_dense_eta_grid_steps3000_R20_v1
vicsek,rho_2,2,200,6.2000000000000002,1602206,6,3000,0.014581325888502665,1.0,1500,0.06412640511505459,0.03407583159002114,0.9838007994670219,0.03275432381952816,final_dense_eta_grid_steps3000_R20_v1
vicsek,rho_2,2,200,6.2000000000000002,1602207,7,3000,0.10445393395593594,0.99,1500,0.061988951515303585,0.03278261615459063,0.9974450366422385,0.006536257484783241,final_dense_eta_grid_steps3000_R20_v1
vicsek,rho_2,2,200,6.2000000000000002,1602208,8,3000,0.07239154221606493,0.98,1500,0.06311659042461112,0.03293831967056537,0.9982378414390406,0.009536705994735372,final_dense_eta_grid_steps3000_R20_v1
vicsek,rho_2,2,200,6.2000000000000002,1602209,9,3000,0.06215033035709966,1.0,1500,0.061557117165083476,0.031725609344631096,0.9987841439040639,0.004678616118478675,final_dense_eta_grid_steps3000_R20_v1
vicsek,rho_2,2,200,6.2000000000000002,1602210,10,3000,0.025933809619666473,0.995,1500,0.06313339396224413,0.032794073868903914,0.9964756828780813,0.00868066850034939,final_dense_eta_grid_steps3000_R20_v1
vicsek,rho_2,2,200,6.2000000000000002,1602211,11,3000,0.09799161723160617,1.0,1500,0.062225174329413144,0.03359246902238907,0.9878281145902732,0.015671078900326565,final_dense_eta_grid_steps3000_R20_v1
vicsek,rho_2,2,200,6.2000000000000002,1602212,12,3000,0.03766710016633988,0.95,1500,0.0637389933679234,0.03285002875481638,0.987348434377082,0.01533539684139286,final_dense_eta_grid_steps3000_R20_v1
vicsek,rho_2,2,200,6.2000000000000002,1602213,13,3000,0.08063656477574994,0.995,1500,0.06411237505152628,0.033145634821327034,0.9851632245169887,0.023116381534863582,final_dense_eta_grid_steps3000_R20_v1
vicsek,rho_2,2,200,6.2000000000000002,1602214,14,3000,0.08230515534131717,1.0,1500,0.06259245417920492,0.03194232167021309,0.9865189873417722,0.030097960303497078,final_dense_eta_grid_steps3000_R20_v1
vicsek,rho_2,2,200,6.2000000000000002,1602215,15,3000,0.053594414262932676,1.0,1500,0.062150681841037655,0.03317845178605859,0.9966922051965357,0.008785389982755482,final_dense_eta_grid_steps3000_R20_v1
vicsek,rho_2,2,200,6.2000000000000002,1602216,16,3000,0.1100573995629108,1.0,1500,0.06381532930920132,0.03289680460292495,0.9956762158560959,0.011150913207467281,final_dense_eta_grid_steps3000_R20_v1
vicsek,rho_2,2,200,6.2000000000000002,1602217,17,3000,0.042419440347065185,1.0,1500,0.061336536911431774,0.032737322210369145,0.9941805463024651,0.014621406371658123,final_dense_eta_grid_steps3000_R20_v1
vicsek,rho_2,2,200,6.2000000000000002,1602218,18,3000,0.05516326602313162,1.0,1500,0.06311427002191862,0.03229331684341235,0.997001998667555,0.00808882212112041,final_dense_eta_grid_steps3000_R20_v1
vicsek,rho_2,2,200,6.2000000000000002,1602219,19,3000,0.0544271524161992,0.99,1500,0.06205727745200041,0.033004703601363504,0.9895969353764157,0.018367431019433614,final_dense_eta_grid_steps3000_R20_v1
vicsek,rho_4,4,400,0,1020000,0,3000,0.03044887161625283,1.0,1500,0.9999999999999972,5.791800741364572e-17,1.0,0.0,vicsek_eta0_6_deta0p5_steps3000_R20_v1
vicsek,rho_4,4,400,0,1020001,1,3000,0.042481456083909484,1.0,1500,1.0000000000000058,0.0,1.0,0.0,vicsek_eta0_6_deta0p5_steps3000_R20_v1
vicsek,rho_4,4,400,0,1020002,2,3000,0.020235388205022818,1.0,1500,0.9999999999999938,0.0,1.0,0.0,vicsek_eta0_6_deta0p5_steps3000_R20_v1
vicsek,rho_4,4,400,0,1020003,3,3000,0.08610250275982823,1.0,1500,1.000000000000005,1.083163227252719e-15,1.0,0.0,vicsek_eta0_6_deta0p5_steps3000_R20_v1
vicsek,rho_4,4,400,0,1020004,4,3000,0.006569653185789496,1.0,1500,0.9999999999999976,1.116223848681704e-15,1.0,0.0,vicsek_eta0_6_deta0p5_steps3000_R20_v1
vicsek,rho_4,4,400,0,1020005,5,3000,0.032852568756284437,1.0,1500,1.0000000000000056,3.1165431503090945e-16,1.0,0.0,vicsek_eta0_6_deta0p5_steps3000_R20_v1
vicsek,rho_4,4,400,0,1020006,6,3000,0.011962226639381736,1.0,1500,0.9999999999999971,0.0,1.0,0.0,vicsek_eta0_6_deta0p5_steps3000_R20_v1
vicsek,rho_4,4,400,0,1020007,7,3000,0.07481446843017438,1.0,1500,0.9999999999999999,3.9482658248611923e-16,1.0,0.0,vicsek_eta0_6_deta0p5_steps3000_R20_v1
vicsek,rho_4,4,400,0,1020008,8,3000,0.05973498301213758,1.0,1500,0.9999999999999987,7.55367566776054e-16,1.0,0.0,vicsek_eta0_6_deta0p5_steps3000_R20_v1
vicsek,rho_4,4,400,0,1020009,9,3000,0.06350079491703302,1.0,1500,1.0000000000000033,5.258601407708302e-16,1.0,0.0,vicsek_eta0_6_deta0p5_steps3000_R20_v1
vicsek,rho_4,4,400,0,1020010,10,3000,0.01891606698944714,1.0,1500,0.9999999999999994,0.0,1.0,0.0,vicsek_eta0_6_deta0p5_steps3000_R20_v1
vicsek,rho_4,4,400,0,1020011,11,3000,0.05850156323975494,1.0,1500,0.9999999999999963,9.46932482493775e-18,1.0,0.0,vicsek_eta0_6_deta0p5_steps3000_R20_v1
vicsek,rho_4,4,400,0,1020012,12,3000,0.0024474145220146977,1.0,1500,1.0000000000000002,1.3859179844370698e-16,1.0,0.0,vicsek_eta0_6_deta0p5_steps3000_R20_v1
vicsek,rho_4,4,400,0,1020013,13,3000,0.009838057875820528,1.0,1500,1.0000000000000002,4.041343526733922e-16,1.0,0.0,vicsek_eta0_6_deta0p5_steps3000_R20_v1
vicsek,rho_4,4,400,0,1020014,14,3000,0.04494553159297581,1.0,1500,1.0000000000000027,8.351093823271879e-16,1.0,0.0,vicsek_eta0_6_deta0p5_steps3000_R20_v1
vicsek,rho_4,4,400,0,1020015,15,3000,0.049241765425157055,1.0,1500,1.000000000000004,0.0,1.0,0.0,vicsek_eta0_6_deta0p5_steps3000_R20_v1
vicsek,rho_4,4,400,0,1020016,16,3000,0.025723826719053995,1.0,1500,0.9999999999999933,1.953902940130614e-16,1.0,0.0,vicsek_eta0_6_deta0p5_steps3000_R20_v1
vicsek,rho_4,4,400,0,1020017,17,3000,0.020689179446769724,1.0,1500,0.9999999999999934,4.0499098107243105e-18,1.0,0.0,vicsek_eta0_6_deta0p5_steps3000_R20_v1
vicsek,rho_4,4,400,0,1020018,18,3000,0.0341319051888827,1.0,1500,1.000000000000005,2.2404268007862894e-15,1.0,0.0,vicsek_eta0_6_deta0p5_steps3000_R20_v1
vicsek,rho_4,4,400,0,1020019,19,3000,0.02192917413972137,1.0,1500,0.9999999999999966,0.0,1.0,0.0,vicsek_eta0_6_deta0p5_steps3000_R20_v1
vicsek,rho_4,4,400,0.050000000000000003,1130000,0,3000,0.08155867074674433,1.0,1500,0.9998577830911309,2.1520136602970486e-05,1.0,0.0,final_fine_grid_steps3000_R20_v1
vicsek,rho_4,4,400,0.050000000000000003,1130001,1,3000,0.08608921225723298,1.0,1500,0.9998693662542141,1.443573922400345e-05,1.0,0.0,final_fine_grid_steps3000_R20_v1
vicsek,rho_4,4,400,0.050000000000000003,1130002,2,3000,0.046398873539603785,1.0,1500,0.9998759463558223,1.163296727250167e-05,1.0,0.0,final_fine_grid_steps3000_R20_v1
vicsek,rho_4,4,400,0.050000000000000003,1130003,3,3000,0.05019017901413985,1.0,1500,0.9998756174094294,1.2473769624701579e-05,1.0,0.0,final_fine_grid_steps3000_R20_v1
vicsek,rho_4,4,400,0.050000000000000003,1130004,4,3000,0.046292977972538896,1.0,1500,0.9998650843636051,1.5765599220359003e-05,1.0,0.0,final_fine_grid_steps3000_R20_v1
vicsek,rho_4,4,400,0.050000000000000003,1130005,5,3000,0.07020178287888632,1.0,1500,0.999861788624072,1.631462910612101e-05,0.9999683544303798,0.0002794861033647993,final_fine_grid_steps3000_R20_v1
vicsek,rho_4,4,400,0.050000000000000003,1130006,6,3000,0.03415000867530449,1.0,1500,0.9998664236131078,2.218484260319585e-05,0.9978464357095269,0.0033932127881031765,final_fine_grid_steps3000_R20_v1
vicsek,rho_4,4,400,0.050000000000000003,1130007,7,3000,0.04304512100906774,1.0,1500,0.9998643863926497,1.5260373256788836e-05,1.0,0.0,final_fine_grid_steps3000_R20_v1
vicsek,rho_4,4,400,0.050000000000000003,1130008,8,3000,0.053443600138241065,1.0,1500,0.9998687165547769,1.4833791240974291e-05,1.0,0.0,final_fine_grid_steps3000_R20_v1
vicsek,rho_4,4,400,0.050000000000000003,1130009,9,3000,0.029047464684045912,1.0,1500,0.9998752049266257,1.0782736743510647e-05,1.0,0.0,final_fine_grid_steps3000_R20_v1
vicsek,rho_4,4,400,0.050000000000000003,1130010,10,3000,0.022505971028715557,1.0,1500,0.9998720060965605,1.1892393574464745e-05,1.0,0.0,final_fine_grid_steps3000_R20_v1
vicsek,rho_4,4,400,0.050000000000000003,1130011,11,3000,0.022384105338342987,1.0,1500,0.9998566539763066,2.3858223478162944e-05,1.0,0.0,final_fine_grid_steps3000_R20_v1
vicsek,rho_4,4,400,0.050000000000000003,1130012,12,3000,0.031108309760760088,1.0,1500,0.999864480621387,1.756263449527612e-05,1.0,0.0,final_fine_grid_steps3000_R20_v1
vicsek,rho_4,4,400,0.050000000000000003,1130013,13,3000,0.03267523887243339,1.0,1500,0.9998606806323964,2.2923663467587738e-05,1.0,0.0,final_fine_grid_steps3000_R20_v1
vicsek,rho_4,4,400,0.050000000000000003,1130014,14,3000,0.0891113526494277,1.0,1500,0.9998514825565222,3.316031590293883e-05,0.9989556962025318,0.0012329594771378317,final_fine_grid_steps3000_R20_v1
vicsek,rho_4,4,400,0.050000000000000003,1130015,15,3000,0.03135518985666126,1.0,1500,0.9998752348918022,1.4272538143362168e-05,1.0,0.0,final_fine_grid_steps3000_R20_v1
vicsek,rho_4,4,400,0.050000000000000003,1130016,16,3000,0.05331379656247386,1.0,1500,0.9998616182078148,1.4349201304113493e-05,1.0,0.0,final_fine_grid_steps3000_R20_v1
vicsek,rho_4,4,400,0.050000000000000003,1130017,17,3000,0.03079467278283312,1.0,1500,0.9998683455807083,1.3327242216150177e-05,1.0,0.0,final_fine_grid_steps3000_R20_v1
vicsek,rho_4,4,400,0.050000000000000003,1130018,18,3000,0.0486090406568063,0.9975,1500,0.9998634001743127,1.9835626895149113e-05,1.0,0.0,final_fine_grid_steps3000_R20_v1
vicsek,rho_4,4,400,0.050000000000000003,1130019,19,3000,0.07624739645500664,1.0,1500,0.9998725364387991,1.544488316174722e-05,1.0,0.0,final_fine_grid_steps3000_R20_v1
vicsek,rho_4,4,400,0.10000000000000001,1130100,0,3000,0.05059447916207182,1.0,1500,0.9994625510301292,5.351559880785589e-05,1.0,0.0,final_fine_grid_steps3000_R20_v1
vicsek,rho_4,4,400,0.10000000000000001,1130101,1,3000,0.053046418188987546,1.0,1500,0.9994855505849202,6.501567923742261e-05,1.0,0.0,final_fine_grid_steps3000_R20_v1
vicsek,rho_4,4,400,0.10000000000000001,1130102,2,3000,0.04071765635813472,1.0,1500,0.9994552494276766,6.880251728442175e-05,1.0,0.0,final_fine_grid_steps3000_R20_v1
vicsek,rho_4,4,400,0.10000000000000001,1130103,3,3000,0.06929636270435649,1.0,1500,0.9994789453196278,5.473189146484988e-05,1.0,0.0,final_fine_grid_steps3000_R20_v1
vicsek,rho_4,4,400,0.10000000000000001,1130104,4,3000,0.060285821559203485,1.0,1500,0.9994926037167825,6.196660140468931e-05,1.0,0.0,final_fine_grid_steps3000_R20_v1
vicsek,rho_4,4,400,0.10000000000000001,1130105,5,3000,0.0757447652814325,1.0,1500,0.999455515651764,7.410096925739171e-05,1.0,0.0,final_fine_grid_steps3000_R20_v1
vicsek,rho_4,4,400,0.10000000000000001,1130106,6,3000,0.13824867571066596,1.0,1500,0.9994546243670749,7.111378675988307e-05,1.0,0.0,final_fine_grid_steps3000_R20_v1
vicsek,rho_4,4,400,0.10000000000000001,1130107,7,3000,0.06313905272514343,1.0,1500,0.9994798686812647,5.7634228079188766e-05,1.0,0.0,final_fine_grid_steps3000_R20_v1
vicsek,rho_4,4,400,0.10000000000000001,1130108,8,3000,0.013453506497203864,1.0,1500,0.9994732376843097,5.179727371248415e-05,1.0,0.0,final_fine_grid_steps3000_R20_v1
vicsek,rho_4,4,400,0.10000000000000001,1130109,9,3000,0.07155300472524813,1.0,1500,0.9994634854607415,6.063636667850804e-05,1.0,0.0,final_fine_grid_steps3000_R20_v1
vicsek,rho_4,4,400,0.10000000000000001,1130110,10,3000,0.07005925408761914,1.0,1500,0.9994798856486041,5.3380934190692353e-05,1.0,0.0,final_fine_grid_steps3000_R20_v1
vicsek,rho_4,4,400,0.10000000000000001,1130111,11,3000,0.058083005700421075,1.0,1500,0.9995061494741281,4.7877215439234794e-05,1.0,0.0,final_fine_grid_steps3000_R20_v1
vicsek,rho_4,4,400,0.10000000000000001,1130112,12,3000,0.06978243898397964,1.0,1500,0.9994664686063959,6.02593010870289e-05,1.0,0.0,final_fine_grid_steps3000_R20_v1
vicsek,rho_4,4,400,0.10000000000000001,1130113,13,3000,0.027268316315125146,1.0,1500,0.9995059880719455,4.9863261062131135e-05,1.0,0.0,final_fine_grid_steps3000_R20_v1
vicsek,rho_4,4,400,0.10000000000000001,1130114,14,3000,0.008591760854569516,1.0,1500,0.9995003075933456,5.135229162774418e-05,1.0,0.0,final_fine_grid_steps3000_R20_v1
vicsek,rho_4,4,400,0.10000000000000001,1130115,15,3000,0.08130739233277615,1.0,1500,0.99944807959705,6.473479038104534e-05,1.0,0.0,final_fine_grid_steps3000_R20_v1
vicsek,rho_4,4,400,0.10000000000000001,1130116,16,3000,0.02889916587840979,1.0,1500,0.999489481271845,4.851154346435601e-05,1.0,0.0,final_fine_grid_steps3000_R20_v1
vicsek,rho_4,4,400,0.10000000000000001,1130117,17,3000,0.018197711917499308,1.0,1500,0.999456636242969,6.970552818836952e-05,1.0,0.0,final_fine_grid_steps3000_R20_v1
vicsek,rho_4,4,400,0.10000000000000001,1130118,18,3000,0.03885474862241311,1.0,1500,0.9995138452894162,4.2962063159992894e-05,1.0,0.0,final_fine_grid_steps3000_R20_v1
vicsek,rho_4,4,400,0.10000000000000001,1130119,19,3000,0.03641339593355516,1.0,1500,0.99947810513701,6.990383590494719e-05,0.9987008660892738,0.0021926971144305856,final_fine_grid_steps3000_R20_v1
vicsek,rho_4,4,400,0.14999999999999999,1130200,0,3000,0.030145203627364742,1.0,1500,0.9987868976218807,0.00015267575786121938,1.0,0.0,final_fine_grid_steps3000_R20_v1
vicsek,rho_4,4,400,0.14999999999999999,1130201,1,3000,0.0968505594596603,1.0,1500,0.9986364199549911,0.0003588401420833642,1.0,0.0,final_fine_grid_steps3000_R20_v1
vicsek,rho_4,4,400,0.14999999999999999,1130202,2,3000,0.032645831528601975,1.0,1500,0.9988490559655172,0.00011616809098186821,1.0,0.0,final_fine_grid_steps3000_R20_v1
vicsek,rho_4,4,400,0.14999999999999999,1130203,3,3000,0.049494608522434626,1.0,1500,0.998841336350677,0.00011023572531841384,1.0,0.0,final_fine_grid_steps3000_R20_v1
vicsek,rho_4,4,400,0.14999999999999999,1130204,4,3000,0.026855171697255598,1.0,1500,0.9987111549865794,0.0001663776476144033,1.0,0.0,final_fine_grid_steps3000_R20_v1
vicsek,rho_4,4,400,0.14999999999999999,1130205,5,3000,0.04535863157936762,1.0,1500,0.9987348542071859,0.0001976478853912072,1.0,0.0,final_fine_grid_steps3000_R20_v1
vicsek,rho_4,4,400,0.14999999999999999,1130206,6,3000,0.07917125061716788,1.0,1500,0.9988902717330261,0.00010541132932698374,1.0,0.0,final_fine_grid_steps3000_R20_v1
vicsek,rho_4,4,400,0.14999999999999999,1130207,7,3000,0.04177905650305311,1.0,1500,0.9988164024687414,0.00012462496226341225,1.0,0.0,final_fine_grid_steps3000_R20_v1
vicsek,rho_4,4,400,0.14999999999999999,1130208,8,3000,0.004238581017155787,1.0,1500,0.9988510153993699,0.0001325097246819251,1.0,0.0,final_fine_grid_steps3000_R20_v1
vicsek,rho_4,4,400,0.14999999999999999,1130209,9,3000,0.04220479120885092,1.0,1500,0.9989007085755238,9.781702084045382e-05,1.0,0.0,final_fine_grid_steps3000_R20_v1
vicsek,rho_4,4,400,0.14999999999999999,1130210,10,3000,0.05462739606233152,1.0,1500,0.9987800397306688,0.00015106781270272685,1.0,0.0,final_fine_grid_steps3000_R20_v1
vicsek,rho_4,4,400,0.14999999999999999,1130211,11,3000,0.09095151665501439,1.0,1500,0.9987416549095092,0.00016504839653402986,1.0,0.0,final_fine_grid_steps3000_R20_v1
vicsek,rho_4,4,400,0.14999999999999999,1130212,12,3000,0.026348678014064267,1.0,1500,0.9989235419168336,0.0001251027961950465,0.9999766822118588,0.00024031385958636625,final_fine_grid_steps3000_R20_v1
vicsek,rho_4,4,400,0.14999999999999999,1130213,13,3000,0.007931671568654697,1.0,1500,0.9988237671749172,0.00014782456405452025,1.0,0.0,final_fine_grid_steps3000_R20_v1
vicsek,rho_4,4,400,0.14999999999999999,1130214,14,3000,0.04794309099119673,1.0,1500,0.9988946365507961,9.767463737047137e-05,1.0,0.0,final_fine_grid_steps3000_R20_v1
vicsek,rho_4,4,400,0.14999999999999999,1130215,15,3000,0.06706981455040724,1.0,1500,0.9988854936103072,0.00010039423718801826,1.0,0.0,final_fine_grid_steps3000_R20_v1
vicsek,rho_4,4,400,0.14999999999999999,1130216,16,3000,0.08479270793728871,1.0,1500,0.998751151700185,0.0001623310793217657,1.0,0.0,final_fine_grid_steps3000_R20_v1
vicsek,rho_4,4,400,0.14999999999999999,1130217,17,3000,0.08401157361202324,1.0,1500,0.9987789358533196,0.00028805634267252476,0.9995453031312459,0.00486465172105247,final_fine_grid_steps3000_R20_v1
vicsek,rho_4,4,400,0.14999999999999999,1130218,18,3000,0.026097085396639734,1.0,1500,0.9987814048057151,0.00012860785909963365,1.0,0.0,final_fine_grid_steps3000_R20_v1
vicsek,rho_4,4,400,0.14999999999999999,1130219,19,3000,0.025752369596156205,1.0,1500,0.9988945140304514,9.214916948925161e-05,1.0,0.0,final_fine_grid_steps3000_R20_v1
vicsek,rho_4,4,400,0.20000000000000001,1130300,0,3000,0.036605271474154884,1.0,1500,0.9979280116278989,0.00021397346087549104,1.0,0.0,final_fine_grid_steps3000_R20_v1
vicsek,rho_4,4,400,0.20000000000000001,1130301,1,3000,0.050211466127087226,1.0,1500,0.9977532311338361,0.0002827905231866787,1.0,0.0,final_fine_grid_steps3000_R20_v1
vicsek,rho_4,4,400,0.20000000000000001,1130302,2,3000,0.05812534368570717,1.0,1500,0.997754573923238,0.00024989674084038036,1.0,0.0,final_fine_grid_steps3000_R20_v1
vicsek,rho_4,4,400,0.20000000000000001,1130303,3,3000,0.050937195954985706,1.0,1500,0.997710628574326,0.00032032953674519815,1.0,0.0,final_fine_grid_steps3000_R20_v1
vicsek,rho_4,4,400,0.20000000000000001,1130304,4,3000,0.013016932722019344,1.0,1500,0.997965576744957,0.00019434651338346107,1.0,0.0,final_fine_grid_steps3000_R20_v1
vicsek,rho_4,4,400,0.20000000000000001,1130305,5,3000,0.04105214168904252,1.0,1500,0.9979237383725585,0.00021060961963084165,1.0,0.0,final_fine_grid_steps3000_R20_v1
vicsek,rho_4,4,400,0.20000000000000001,1130306,6,3000,0.01932393658428265,1.0,1500,0.9978908090481097,0.000258179970781948,1.0,0.0,final_fine_grid_steps3000_R20_v1
vicsek,rho_4,4,400,0.20000000000000001,1130307,7,3000,0.02767163235188395,1.0,1500,0.9979015537379635,0.0002017970747762866,0.9998251165889407,0.0006376710125013393,final_fine_grid_steps3000_R20_v1
vicsek,rho_4,4,400,0.20000000000000001,1130308,8,3000,0.045335956783675566,1.0,1500,0.9978768961993766,0.00024467397245901343,1.0,0.0,final_fine_grid_steps3000_R20_v1
vicsek,rho_4,4,400,0.20000000000000001,1130309,9,3000,0.0396262537189628,1.0,1500,0.997999031821212,0.00017576891013480154,0.9999783477681545,0.0002316500819548746,final_fine_grid_steps3000_R20_v1
vicsek,rho_4,4,400,0.20000000000000001,1130310,10,3000,0.0791780049506265,1.0,1500,0.9977872560207973,0.0002545464595175219,1.0,0.0,final_fine_grid_steps3000_R20_v1
vicsek,rho_4,4,400,0.20000000000000001,1130311,11,3000,0.030629757534586802,1.0,1500,0.9980114079629765,0.00016419810868265446,1.0,0.0,final_fine_grid_steps3000_R20_v1
vicsek,rho_4,4,400,0.20000000000000001,1130312,12,3000,0.02888236909746153,1.0,1500,0.9978579813003439,0.00024104217380181982,1.0,0.0,final_fine_grid_steps3000_R20_v1
vicsek,rho_4,4,400,0.20000000000000001,1130313,13,3000,0.05001062266640803,1.0,1500,0.9977370601244486,0.0002550408058643665,1.0,0.0,final_fine_grid_steps3000_R20_v1
vicsek,rho_4,4,400,0.20000000000000001,1130314,14,3000,0.026514019108164463,1.0,1500,0.9979022869343244,0.00021792274468245758,1.0,0.0,final_fine_grid_steps3000_R20_v1
vicsek,rho_4,4,400,0.20000000000000001,1130315,15,3000,0.07556447464070853,1.0,1500,0.9977021473091983,0.00045648237923479106,1.0,0.0,final_fine_grid_steps3000_R20_v1
vicsek,rho_4,4,400,0.20000000000000001,1130316,16,3000,0.023859314039775828,1.0,1500,0.9979421382473963,0.0002187392660008199,0.9998650899400399,0.0005648667326207439,final_fine_grid_steps3000_R20_v1
vicsek,rho_4,4,400,0.20000000000000001,1130317,17,3000,0.03634801490719949,1.0,1500,0.9971045008336846,0.0012435456413643358,0.9995169886742172,0.0014770770758764052,final_fine_grid_steps3000_R20_v1
vicsek,rho_4,4,400,0.20000000000000001,1130318,18,3000,0.04563404476461036,1.0,1500,0.9979996643883771,0.00021644389156359056,1.0,0.0,final_fine_grid_steps3000_R20_v1
vicsek,rho_4,4,400,0.20000000000000001,1130319,19,3000,0.09345022576770573,1.0,1500,0.997782337642719,0.0002645968535707486,1.0,0.0,final_fine_grid_steps3000_R20_v1
vicsek,rho_4,4,400,0.29999999999999999,1130400,0,3000,0.030711307031773417,1.0,1500,0.9949653065265954,0.0006464196483690806,1.0,0.0,final_fine_grid_steps3000_R20_v1
vicsek,rho_4,4,400,0.29999999999999999,1130401,1,3000,0.06302404722566246,1.0,1500,0.995391904085108,0.0004979883553698302,1.0,0.0,final_fine_grid_steps3000_R20_v1
vicsek,rho_4,4,400,0.29999999999999999,1130402,2,3000,0.07848982955499448,1.0,1500,0.9951439353423523,0.0005432809281014216,1.0,0.0,final_fine_grid_steps3000_R20_v1
vicsek,rho_4,4,400,0.29999999999999999,1130403,3,3000,0.058054357980934806,1.0,1500,0.995318296022883,0.0004930905840419044,1.0,0.0,final_fine_grid_steps3000_R20_v1
vicsek,rho_4,4,400,0.29999999999999999,1130404,4,3000,0.04172477645307771,1.0,1500,0.9953308909880816,0.0004934426428329551,0.9977181878747502,0.0024904606102711235,final_fine_grid_steps3000_R20_v1
vicsek,rho_4,4,400,0.29999999999999999,1130405,5,3000,0.028724620723329024,1.0,1500,0.9953190488054939,0.0004511380689333603,1.0,0.0,final_fine_grid_steps3000_R20_v1
vicsek,rho_4,4,400,0.29999999999999999,1130406,6,3000,0.04645645261475453,1.0,1500,0.9949443319264988,0.0008876976738278361,0.9950966022651566,0.00860375762971047,final_fine_grid_steps3000_R20_v1
vicsek,rho_4,4,400,0.29999999999999999,1130407,7,3000,0.04352681538306032,1.0,1500,0.9952843914310388,0.0007804676777259308,1.0,0.0,final_fine_grid_steps3000_R20_v1
vicsek,rho_4,4,400,0.29999999999999999,1130408,8,3000,0.07172060129116564,1.0,1500,0.9946714830107003,0.0008805757234556297,1.0,0.0,final_fine_grid_steps3000_R20_v1
vicsek,rho_4,4,400,0.29999999999999999,1130409,9,3000,0.04732132940332939,1.0,1500,0.9950404955418465,0.0005591449640484387,1.0,0.0,final_fine_grid_steps3000_R20_v1
vicsek,rho_4,4,400,0.29999999999999999,1130410,10,3000,0.018136096942765786,1.0,1500,0.9951856152792438,0.0006915497271620761,1.0,0.0,final_fine_grid_steps3000_R20_v1
vicsek,rho_4,4,400,0.29999999999999999,1130411,11,3000,0.046448934139480015,1.0,1500,0.9947135365496057,0.0011947732887177456,1.0,0.0,final_fine_grid_steps3000_R20_v1
vicsek,rho_4,4,400,0.29999999999999999,1130412,12,3000,0.031031736332494977,1.0,1500,0.9949726416177408,0.0006220368488874063,0.9996718854097268,0.0008441725483174218,final_fine_grid_steps3000_R20_v1
vicsek,rho_4,4,400,0.29999999999999999,1130413,13,3000,0.019417467451948726,1.0,1500,0.995349351194407,0.0005058041497857181,1.0,0.0,final_fine_grid_steps3000_R20_v1
vicsek,rho_4,4,400,0.29999999999999999,1130414,14,3000,0.053392973132634206,1.0,1500,0.9955745391124332,0.00038647302292891004,0.9999633577614923,0.0004264604775303988,final_fine_grid_steps3000_R20_v1
vicsek,rho_4,4,400,0.29999999999999999,1130415,15,3000,0.005963025527347298,1.0,1500,0.9953624665182685,0.0005326828473988876,1.0,0.0,final_fine_grid_steps3000_R20_v1
vicsek,rho_4,4,400,0.29999999999999999,1130416,16,3000,0.052514143218161315,1.0,1500,0.9956762143128781,0.000346235405236086,1.0,0.0,final_fine_grid_steps3000_R20_v1
vicsek,rho_4,4,400,0.29999999999999999,1130417,17,3000,0.012682792614696198,1.0,1500,0.9956263970408414,0.00034249523406165017,1.0,0.0,final_fine_grid_steps3000_R20_v1
vicsek,rho_4,4,400,0.29999999999999999,1130418,18,3000,0.01670422873348025,0.9925,1500,0.9950922444556718,0.0006578557478685593,1.0,0.0,final_fine_grid_steps3000_R20_v1
vicsek,rho_4,4,400,0.29999999999999999,1130419,19,3000,0.07877409454338515,1.0,1500,0.9951909179275343,0.0005045977089782519,1.0,0.0,final_fine_grid_steps3000_R20_v1
vicsek,rho_4,4,400,0.40000000000000002,1130500,0,3000,0.05642063632682603,1.0,1500,0.9909698481467522,0.0021896419535375874,0.999755163224517,0.0013327905947648504,final_fine_grid_steps3000_R20_v1
vicsek,rho_4,4,400,0.40000000000000002,1130501,1,3000,0.036717497015681444,1.0,1500,0.9920831595907301,0.000708386856012955,1.0,0.0,final_fine_grid_steps3000_R20_v1
vicsek,rho_4,4,400,0.40000000000000002,1130502,2,3000,0.043916378794870606,1.0,1500,0.9916647399691333,0.0009134436614916974,0.999755163224517,0.0007430658733104261,final_fine_grid_steps3000_R20_v1
vicsek,rho_4,4,400,0.40000000000000002,1130503,3,3000,0.05192330060611132,1.0,1500,0.9921235005758272,0.0007040207435658904,1.0,0.0,final_fine_grid_steps3000_R20_v1
vicsek,rho_4,4,400,0.40000000000000002,1130504,4,3000,0.03888326109884919,1.0,1500,0.991504938752046,0.0009143004435720138,0.999442038640906,0.0010409526980093013,final_fine_grid_steps3000_R20_v1
vicsek,rho_4,4,400,0.40000000000000002,1130505,5,3000,0.0733864305278366,1.0,1500,0.9911692075049545,0.0011398676840090698,0.9999167221852099,0.0004486193737893186,final_fine_grid_steps3000_R20_v1
vicsek,rho_4,4,400,0.40000000000000002,1130506,6,3000,0.03264255875332783,1.0,1500,0.9914844885530089,0.0011667785082169154,0.9992771485676215,0.003447590493437304,final_fine_grid_steps3000_R20_v1
vicsek,rho_4,4,400,0.40000000000000002,1130507,7,3000,0.057890738658747,1.0,1500,0.9911371453242509,0.0013207169649548313,1.0,0.0,final_fine_grid_steps3000_R20_v1
vicsek,rho_4,4,400,0.40000000000000002,1130508,8,3000,0.07047247648842585,1.0,1500,0.9910647537805866,0.001244937389813476,1.0,0.0,final_fine_grid_steps3000_R20_v1
vicsek,rho_4,4,400,0.40000000000000002,1130509,9,3000,0.057765394357756156,1.0,1500,0.9917014661231978,0.0009456407603829175,1.0,0.0,final_fine_grid_steps3000_R20_v1
vicsek,rho_4,4,400,0.40000000000000002,1130510,10,3000,0.06689051144686689,1.0,1500,0.9906943794347761,0.0016669599115417652,1.0,0.0,final_fine_grid_steps3000_R20_v1
vicsek,rho_4,4,400,0.40000000000000002,1130511,11,3000,0.04776495343201468,1.0,1500,0.9908908828297032,0.0015071475241413335,1.0,0.0,final_fine_grid_steps3000_R20_v1
vicsek,rho_4,4,400,0.40000000000000002,1130512,12,3000,0.052511856383580226,1.0,1500,0.9919784076010439,0.0006865567354551239,1.0,0.0,final_fine_grid_steps3000_R20_v1
vicsek,rho_4,4,400,0.40000000000000002,1130513,13,3000,0.08250684819411137,1.0,1500,0.9912788908761218,0.00117893723787919,0.9988057961359094,0.002744158543464738,final_fine_grid_steps3000_R20_v1
vicsek,rho_4,4,400,0.40000000000000002,1130514,14,3000,0.03320037702264862,1.0,1500,0.9903245801995418,0.001713477132627264,0.9999367088607595,0.0003927111913288162,final_fine_grid_steps3000_R20_v1
vicsek,rho_4,4,400,0.40000000000000002,1130515,15,3000,0.010691086508104441,1.0,1500,0.9913012615843504,0.0011685751819242014,0.9994203864090607,0.0020027855644685517,final_fine_grid_steps3000_R20_v1
vicsek,rho_4,4,400,0.40000000000000002,1130516,16,3000,0.021289410257095756,1.0,1500,0.9912682607430785,0.0010489950762090931,0.9990339773484344,0.002779872834292363,final_fine_grid_steps3000_R20_v1
vicsek,rho_4,4,400,0.40000000000000002,1130517,17,3000,0.03465160865442989,1.0,1500,0.9908010960380637,0.0013388788992748204,0.9999900066622252,0.0001577449765829623,final_fine_grid_steps3000_R20_v1
vicsek,rho_4,4,400,0.40000000000000002,1130518,18,3000,0.020026888506851713,1.0,1500,0.9911743054195844,0.0013205031946068935,0.9999966688874083,9.119586157230865e-05,final_fine_grid_steps3000_R20_v1
vicsek,rho_4,4,400,0.40000000000000002,1130519,19,3000,0.06181896651126493,1.0,1500,0.9909762765288783,0.001358361750305814,1.0,0.0,final_fine_grid_steps3000_R20_v1
vicsek,rho_4,4,400,0.5,1021000,0,3000,0.0418283495404616,1.0,1500,0.9858085963957235,0.0018444833070207327,0.9998884077281812,0.0005162633479313432,vicsek_eta0_6_deta0p5_steps3000_R20_v1
vicsek,rho_4,4,400,0.5,1021001,1,3000,0.044100249928951035,1.0,1500,0.985721816014732,0.00189927264470532,0.9995369753497668,0.0009711692946440119,vicsek_eta0_6_deta0p5_steps3000_R20_v1
vicsek,rho_4,4,400,0.5,1021002,2,3000,0.018946154451841453,1.0,1500,0.9854515852001665,0.0032231942682789845,0.9995669553630913,0.0013642238035901694,vicsek_eta0_6_deta0p5_steps3000_R20_v1
vicsek,rho_4,4,400,0.5,1021003,3,3000,0.026590882184225683,1.0,1500,0.9867322505245485,0.0016350179025427867,1.0,0.0,vicsek_eta0_6_deta0p5_steps3000_R20_v1
vicsek,rho_4,4,400,0.5,1021004,4,3000,0.031554490993365755,1.0,1500,0.9867287650277212,0.0015434231068530307,0.9994353764157228,0.0016406380504978952,vicsek_eta0_6_deta0p5_steps3000_R20_v1
vicsek,rho_4,4,400,0.5,1021005,5,3000,0.030509550805509475,1.0,1500,0.9880422460405822,0.0010822832315767143,0.9999933377748168,0.00012888435790907855,vicsek_eta0_6_deta0p5_steps3000_R20_v1
vicsek,rho_4,4,400,0.5,1021006,6,3000,0.027761802904169932,1.0,1500,0.9875377100720665,0.0012498627927480682,0.99967854763491,0.0008368388672276785,vicsek_eta0_6_deta0p5_steps3000_R20_v1
vicsek,rho_4,4,400,0.5,1021007,7,3000,0.026415618593025315,1.0,1500,0.9869754590827029,0.00164098444524093,0.999653564290473,0.0008637543475907718,vicsek_eta0_6_deta0p5_steps3000_R20_v1
vicsek,rho_4,4,400,0.5,1021008,8,3000,0.055400011986343624,1.0,1500,0.9868729716065895,0.002806655781027619,0.9990606262491671,0.002482514871555076,vicsek_eta0_6_deta0p5_steps3000_R20_v1
vicsek,rho_4,4,400,0.5,1021009,9,3000,0.024421815735572894,1.0,1500,0.9860660572283397,0.0020721258775113992,0.9995369753497668,0.001384745547710477,vicsek_eta0_6_deta0p5_steps3000_R20_v1
vicsek,rho_4,4,400,0.5,1021010,10,3000,0.09037768875570207,1.0,1500,0.9861794647571697,0.0018771938055865008,1.0,0.0,vicsek_eta0_6_deta0p5_steps3000_R20_v1
vicsek,rho_4,4,400,0.5,1021011,11,3000,0.08203338872838291,1.0,1500,0.9863220365467389,0.0017209621097770112,0.9997701532311792,0.0010470932656485652,vicsek_eta0_6_deta0p5_steps3000_R20_v1
vicsek,rho_4,4,400,0.5,1021012,12,3000,0.026126736280334427,1.0,1500,0.9876971356172579,0.0010253354738190225,1.0,0.0,vicsek_eta0_6_deta0p5_steps3000_R20_v1
vicsek,rho_4,4,400,0.5,1021013,13,3000,0.015191237385354186,1.0,1500,0.9860977799104357,0.0017481745084241328,0.9989490339773484,0.0030099049344403735,vicsek_eta0_6_deta0p5_steps3000_R20_v1
vicsek,rho_4,4,400,0.5,1021014,14,3000,0.024681859247783385,1.0,1500,0.985428675322122,0.0034732740533488845,0.994518654230513,0.0141790909690017,vicsek_eta0_6_deta0p5_steps3000_R20_v1
vicsek,rho_4,4,400,0.5,1021015,15,3000,0.06340252615261534,1.0,1500,0.9867406763209051,0.0021045414455383195,0.9980029980013325,0.007046066961994283,vicsek_eta0_6_deta0p5_steps3000_R20_v1
vicsek,rho_4,4,400,0.5,1021016,16,3000,0.08095063639097175,1.0,1500,0.9861578231699052,0.002009479556747185,0.9997701532311792,0.0007616310493064786,vicsek_eta0_6_deta0p5_steps3000_R20_v1
vicsek,rho_4,4,400,0.5,1021017,17,3000,0.06388165356730571,1.0,1500,0.9857895439639838,0.002069128634042972,0.999983344437042,0.00020337526795955144,vicsek_eta0_6_deta0p5_steps3000_R20_v1
vicsek,rho_4,4,400,0.5,1021018,18,3000,0.032885254699338805,1.0,1500,0.9860670048341938,0.0031284931518808876,0.9996752165223185,0.0008405203072079312,vicsek_eta0_6_deta0p5_steps3000_R20_v1
vicsek,rho_4,4,400,0.5,1021019,19,3000,0.10224563389383279,1.0,1500,0.9854502625646754,0.0020505619972591305,0.9999233844103931,0.0006141726137364209,vicsek_eta0_6_deta0p5_steps3000_R20_v1
vicsek,rho_4,4,400,0.59999999999999998,1660000,0,3000,0.11052583612959443,1.0,1500,0.9795799078705211,0.0031645839183138407,0.9992205196535643,0.0022887798032550487,final_dense_eta_grid_steps3000_R20_v1
vicsek,rho_4,4,400,0.59999999999999998,1660001,1,3000,0.0006134611886891219,1.0,1500,0.9792768943409993,0.0032981967311742143,0.9999183877415057,0.00044426353158827684,final_dense_eta_grid_steps3000_R20_v1
vicsek,rho_4,4,400,0.59999999999999998,1660002,2,3000,0.027691304188830496,1.0,1500,0.9800616688905615,0.0028014472404233218,1.0,0.0,final_dense_eta_grid_steps3000_R20_v1
vicsek,rho_4,4,400,0.59999999999999998,1660003,3,3000,0.02856663808376143,1.0,1500,0.9816465415723545,0.0022598170311443322,0.9985609593604263,0.002940581031215846,final_dense_eta_grid_steps3000_R20_v1
vicsek,rho_4,4,400,0.59999999999999998,1660004,4,3000,0.012099787557307203,1.0,1500,0.9810210629340962,0.002583619707091577,0.9995802798134577,0.00408606415043759,final_dense_eta_grid_steps3000_R20_v1
vicsek,rho_4,4,400,0.59999999999999998,1660005,5,3000,0.04621898024650781,1.0,1500,0.9814205475445033,0.002084910788270928,1.0,0.0,final_dense_eta_grid_steps3000_R20_v1
vicsek,rho_4,4,400,0.59999999999999998,1660006,6,3000,0.02452484445803925,1.0,1500,0.9794692478577062,0.0035447101306321518,1.0,0.0,final_dense_eta_grid_steps3000_R20_v1
vicsek,rho_4,4,400,0.59999999999999998,1660007,7,3000,0.047990534184168994,1.0,1500,0.9810170223356658,0.002649693442948971,0.9936225849433711,0.00896160826145947,final_dense_eta_grid_steps3000_R20_v1
vicsek,rho_4,4,400,0.59999999999999998,1660008,8,3000,0.0293844938052344,1.0,1500,0.9825959538693446,0.0016587955052656924,0.9981828780812791,0.004356494838698428,final_dense_eta_grid_steps3000_R20_v1
vicsek,rho_4,4,400,0.59999999999999998,1660009,9,3000,0.0762678014344522,1.0,1500,0.9793181259058751,0.002327812344723721,0.9995403064623584,0.0036850356824185255,final_dense_eta_grid_steps3000_R20_v1
vicsek,rho_4,4,400,0.59999999999999998,1660010,10,3000,0.03649664806684406,1.0,1500,0.9809510530088511,0.0027388556786544214,0.9999583610926049,0.00031994291659390633,final_dense_eta_grid_steps3000_R20_v1
vicsek,rho_4,4,400,0.59999999999999998,1660011,11,3000,0.008124929034053565,1.0,1500,0.9815369572499056,0.0019474465841691777,0.9996169220519653,0.001397087047553256,final_dense_eta_grid_steps3000_R20_v1
vicsek,rho_4,4,400,0.59999999999999998,1660012,12,3000,0.027469089228019918,1.0,1500,0.981928457470692,0.002018896883158369,0.9974483677548301,0.0043595292563656666,final_dense_eta_grid_steps3000_R20_v1
vicsek,rho_4,4,400,0.59999999999999998,1660013,13,3000,0.0458102328833907,1.0,1500,0.9812630814003798,0.002392279295880895,0.9992338441039307,0.0012192713935759748,final_dense_eta_grid_steps3000_R20_v1
vicsek,rho_4,4,400,0.59999999999999998,1660014,14,3000,0.035316502167707396,1.0,1500,0.978923494068772,0.0033383298389941243,0.9992421718854096,0.00408473054974169,final_dense_eta_grid_steps3000_R20_v1
vicsek,rho_4,4,400,0.59999999999999998,1660015,15,3000,0.0617859323034655,1.0,1500,0.9794216345790099,0.003193876146164018,0.999763491005996,0.0009583391512402315,final_dense_eta_grid_steps3000_R20_v1
vicsek,rho_4,4,400,0.59999999999999998,1660016,16,3000,0.011269699765495265,1.0,1500,0.9804017416868711,0.00252229798227282,0.999830113257828,0.001587274276050774,final_dense_eta_grid_steps3000_R20_v1
vicsek,rho_4,4,400,0.59999999999999998,1660017,17,3000,0.032470085609923975,1.0,1500,0.979536472335177,0.0032363934940107548,0.9999133910726182,0.00045718837709650753,final_dense_eta_grid_steps3000_R20_v1
vicsek,rho_4,4,400,0.59999999999999998,1660018,18,3000,0.030848125044667683,1.0,1500,0.9796579946514054,0.00373637729348702,0.9925782811459026,0.01849648492751498,final_dense_eta_grid_steps3000_R20_v1
vicsek,rho_4,4,400,0.59999999999999998,1660019,19,3000,0.06434658702407955,1.0,1500,0.9809330735698891,0.0032414672909135255,0.9994437041972019,0.0013060850269835107,final_dense_eta_grid_steps3000_R20_v1
vicsek,rho_4,4,400,0.80000000000000004,1660100,0,3000,0.04394372646447125,1.0,1500,0.966712939853737,0.0034979217998464592,0.9994670219853431,0.001075472283121129,final_dense_eta_grid_steps3000_R20_v1
vicsek,rho_4,4,400,0.80000000000000004,1660101,1,3000,0.08481980471090406,1.0,1500,0.9630951916222453,0.006206683593628809,1.0,0.0,final_dense_eta_grid_steps3000_R20_v1
vicsek,rho_4,4,400,0.80000000000000004,1660102,2,3000,0.033202919650404734,1.0,1500,0.9627640573269359,0.010888608164676291,0.9993287808127915,0.002113532532534295,final_dense_eta_grid_steps3000_R20_v1
vicsek,rho_4,4,400,0.80000000000000004,1660103,3,3000,0.059044841155879324,1.0,1500,0.9639702189526441,0.004692970136338869,0.999350433044637,0.0016409305419948636,final_dense_eta_grid_steps3000_R20_v1
vicsek,rho_4,4,400,0.80000000000000004,1660104,4,3000,0.02975063476683358,1.0,1500,0.9665844340650258,0.003804965755219181,0.9997335109926715,0.000771496031936777,final_dense_eta_grid_steps3000_R20_v1
vicsek,rho_4,4,400,0.80000000000000004,1660105,5,3000,0.030599556913508654,1.0,1500,0.9670855430732553,0.0035340229699658407,0.9995769487008661,0.0009373664417589579,final_dense_eta_grid_steps3000_R20_v1
vicsek,rho_4,4,400,0.80000000000000004,1660106,6,3000,0.0413242451460586,1.0,1500,0.9655300614514802,0.00496217214668278,0.9996235842771485,0.0008940640417323474,final_dense_eta_grid_steps3000_R20_v1
vicsek,rho_4,4,400,0.80000000000000004,1660107,7,3000,0.07365674657383069,1.0,1500,0.9626036702891594,0.008657012124652159,0.9988107928047968,0.0023694796507175795,final_dense_eta_grid_steps3000_R20_v1
vicsek,rho_4,4,400,0.80000000000000004,1660108,8,3000,0.040444281832920766,1.0,1500,0.9660891720635649,0.004066752134534434,0.9991988674217189,0.0014296489495671883,final_dense_eta_grid_steps3000_R20_v1
vicsek,rho_4,4,400,0.80000000000000004,1660109,9,3000,0.04399750331032328,1.0,1500,0.9663221128713428,0.004073995746781285,0.9986142571618921,0.0030532313674697885,final_dense_eta_grid_steps3000_R20_v1
vicsek,rho_4,4,400,0.80000000000000004,1660110,10,3000,0.043995158551916456,1.0,1500,0.9660684615909275,0.0040760513260975585,0.9948534310459695,0.005659695084935148,final_dense_eta_grid_steps3000_R20_v1
vicsek,rho_4,4,400,0.80000000000000004,1660111,11,3000,0.05735639090792768,1.0,1500,0.965626208324694,0.006259430687784974,0.9897784810126582,0.020029252340637266,final_dense_eta_grid_steps3000_R20_v1
vicsek,rho_4,4,400,0.80000000000000004,1660112,12,3000,0.024780145847804684,1.0,1500,0.9652803489674608,0.003949199760746267,0.9993970686209194,0.0015415297138607253,final_dense_eta_grid_steps3000_R20_v1
vicsek,rho_4,4,400,0.80000000000000004,1660113,13,3000,0.04080485389181031,1.0,1500,0.9657114387043669,0.00514204992216096,0.9966505662891406,0.004933229858947235,final_dense_eta_grid_steps3000_R20_v1
vicsek,rho_4,4,400,0.80000000000000004,1660114,14,3000,0.06571175270122032,1.0,1500,0.9641501318593151,0.0052836970885709565,1.0,0.0,final_dense_eta_grid_steps3000_R20_v1
vicsek,rho_4,4,400,0.80000000000000004,1660115,15,3000,0.02853651838217265,1.0,1500,0.9601295009099821,0.010815854379205566,0.9999950033311127,0.00011165440214586283,final_dense_eta_grid_steps3000_R20_v1
vicsek,rho_4,4,400,0.80000000000000004,1660116,16,3000,0.0640841064377487,1.0,1500,0.9653359719212333,0.004080618289650425,0.9972301798800799,0.005952186955054669,final_dense_eta_grid_steps3000_R20_v1
vicsek,rho_4,4,400,0.80000000000000004,1660117,17,3000,0.03247979867158604,1.0,1500,0.9647112438951408,0.0061343035371919045,0.9995336442371752,0.000973859183630792,final_dense_eta_grid_steps3000_R20_v1
vicsek,rho_4,4,400,0.80000000000000004,1660118,18,3000,0.015709167290903152,1.0,1500,0.9630573270293931,0.006246788444559623,0.9831329113924051,0.047360185437506745,final_dense_eta_grid_steps3000_R20_v1
vicsek,rho_4,4,400,0.80000000000000004,1660119,19,3000,0.030764128768673266,1.0,1500,0.966417317475894,0.0049271893766015965,0.9990339773484344,0.0032185822845167567,final_dense_eta_grid_steps3000_R20_v1
vicsek,rho_4,4,400,1,1022000,0,3000,0.07031533649290811,1.0,1500,0.9417696663571309,0.0110825897638758,0.9999283810792804,0.0009074607359863329,vicsek_eta0_6_deta0p5_steps3000_R20_v1
vicsek,rho_4,4,400,1,1022001,1,3000,0.03808182778096426,1.0,1500,0.9449178369096429,0.011628944182859806,0.9969986675549635,0.00942302866619383,vicsek_eta0_6_deta0p5_steps3000_R20_v1
vicsek,rho_4,4,400,1,1022002,2,3000,0.0304166508306085,1.0,1500,0.9464753861183797,0.009671475719686158,0.9995136575616256,0.0012398743838252268,vicsek_eta0_6_deta0p5_steps3000_R20_v1
vicsek,rho_4,4,400,1,1022003,3,3000,0.027521293612692038,1.0,1500,0.9478011913395141,0.008476769876067157,0.999155562958028,0.0015960114445640655,vicsek_eta0_6_deta0p5_steps3000_R20_v1
vicsek,rho_4,4,400,1,1022004,4,3000,0.0686378336351727,1.0,1500,0.943462448480362,0.008998556301385706,0.9993720852764825,0.0013509540570082095,vicsek_eta0_6_deta0p5_steps3000_R20_v1
vicsek,rho_4,4,400,1,1022005,5,3000,0.07748057478613528,1.0,1500,0.948209609452763,0.0070635359690431046,0.9998234510326448,0.0006404708272150833,vicsek_eta0_6_deta0p5_steps3000_R20_v1
vicsek,rho_4,4,400,1,1022006,6,3000,0.07824575513110885,1.0,1500,0.9483334117480302,0.00703240006944606,0.9970902731512324,0.008050702006045516,vicsek_eta0_6_deta0p5_steps3000_R20_v1
vicsek,rho_4,4,400,1,1022007,7,3000,0.023035901934616184,1.0,1500,0.9473829607708362,0.005519147634614479,0.9996069287141905,0.0015007410874988143,vicsek_eta0_6_deta0p5_steps3000_R20_v1
vicsek,rho_4,4,400,1,1022008,8,3000,0.06493313910959565,1.0,1500,0.9442339340116845,0.010330134585405059,0.999323784143904,0.001765035515354125,vicsek_eta0_6_deta0p5_steps3000_R20_v1
vicsek,rho_4,4,400,1,1022009,9,3000,0.019952802631962408,1.0,1500,0.943829660539055,0.007777320862256252,0.9991672218520986,0.0017852805733549089,vicsek_eta0_6_deta0p5_steps3000_R20_v1
vicsek,rho_4,4,400,1,1022010,10,3000,0.035562368988720706,1.0,1500,0.9436293942308078,0.007493831945928907,0.999483677548301,0.0034388006387983537,vicsek_eta0_6_deta0p5_steps3000_R20_v1
vicsek,rho_4,4,400,1,1022011,11,3000,0.022446928359034852,1.0,1500,0.9472325290262549,0.006657250264654214,0.9991955363091273,0.002320843780096574,vicsek_eta0_6_deta0p5_steps3000_R20_v1
vicsek,rho_4,4,400,1,1022012,12,3000,0.014854020919403424,1.0,1500,0.9472265246379508,0.006073193058697092,0.9988890739506995,0.0020020443936199163,vicsek_eta0_6_deta0p5_steps3000_R20_v1
vicsek,rho_4,4,400,1,1022013,13,3000,0.06418654888060903,1.0,1500,0.9438246363180707,0.00824691969673903,0.999298800799467,0.0016412483349252053,vicsek_eta0_6_deta0p5_steps3000_R20_v1
vicsek,rho_4,4,400,1,1022014,14,3000,0.03488637408013639,1.0,1500,0.9454805095098291,0.009657834713580152,0.9992721518987342,0.002555001359089274,vicsek_eta0_6_deta0p5_steps3000_R20_v1
vicsek,rho_4,4,400,1,1022015,15,3000,0.05505423309168444,1.0,1500,0.9491605403819008,0.0071812574802617045,0.9954347101932045,0.012226967540746205,vicsek_eta0_6_deta0p5_steps3000_R20_v1
vicsek,rho_4,4,400,1,1022016,16,3000,0.04053881598196801,1.0,1500,0.9431489649963081,0.011247617590545161,0.9987758161225849,0.003143451482900537,vicsek_eta0_6_deta0p5_steps3000_R20_v1
vicsek,rho_4,4,400,1,1022017,17,3000,0.018452194352267564,1.0,1500,0.9465915618303192,0.006761894122834352,0.9997418387741506,0.0008136545095319147,vicsek_eta0_6_deta0p5_steps3000_R20_v1
vicsek,rho_4,4,400,1,1022018,18,3000,0.01967466075359585,1.0,1500,0.9469670360855738,0.007684991985593198,0.9989040639573618,0.0015561198969929874,vicsek_eta0_6_deta0p5_steps3000_R20_v1
vicsek,rho_4,4,400,1,1022019,19,3000,0.02030612675630563,1.0,1500,0.9473606209131472,0.00608405956815274,0.9942438374417056,0.010155495110707043,vicsek_eta0_6_deta0p5_steps3000_R20_v1
vicsek,rho_4,4,400,1.2,1660200,0,3000,0.034330072614081095,1.0,1500,0.9193227692763857,0.012592326886237418,0.9993104596935376,0.0011173114748894506,final_dense_eta_grid_steps3000_R20_v1
vicsek,rho_4,4,400,1.2,1660201,1,3000,0.044305854294314904,1.0,1500,0.914717237499,0.020055021408446238,0.9983327781479013,0.006112646064960077,final_dense_eta_grid_steps3000_R20_v1
vicsek,rho_4,4,400,1.2,1660202,2,3000,0.04207347376708932,1.0,1500,0.9181706783413347,0.018345507915240228,0.9963890739506995,0.01001926129066678,final_dense_eta_grid_steps3000_R20_v1
vicsek,rho_4,4,400,1.2,1660203,3,3000,0.049306749032949584,1.0,1500,0.9223836569293025,0.011490940778167978,0.9996469020652898,0.001322525115557933,final_dense_eta_grid_steps3000_R20_v1
vicsek,rho_4,4,400,1.2,1660204,4,3000,0.09883699637447536,1.0,1500,0.9182428844846786,0.017071136270157224,0.9995053297801465,0.0012213287075822552,final_dense_eta_grid_steps3000_R20_v1
vicsek,rho_4,4,400,1.2,1660205,5,3000,0.02716417543848174,1.0,1500,0.918380058231998,0.014841389653125342,0.9957311792138575,0.011304158432922377,final_dense_eta_grid_steps3000_R20_v1
vicsek,rho_4,4,400,1.2,1660206,6,3000,0.04509913735707185,1.0,1500,0.9147977736854165,0.02654241300752989,0.9990389740173219,0.0024700025785746875,final_dense_eta_grid_steps3000_R20_v1
vicsek,rho_4,4,400,1.2,1660207,7,3000,0.06883060236474359,1.0,1500,0.9289136415049326,0.006161493755951616,0.9993337774816788,0.0018561307892444817,final_dense_eta_grid_steps3000_R20_v1
vicsek,rho_4,4,400,1.2,1660208,8,3000,0.06284110196252361,1.0,1500,0.9198891878231302,0.01876838784466515,0.9989756828780814,0.0019000442550773516,final_dense_eta_grid_steps3000_R20_v1
vicsek,rho_4,4,400,1.2,1660209,9,3000,0.017681241848246963,1.0,1500,0.9244774493941711,0.010266768720009506,0.9976798800799467,0.004929647110951975,final_dense_eta_grid_steps3000_R20_v1
vicsek,rho_4,4,400,1.2,1660210,10,3000,0.06099090471950725,1.0,1500,0.9249613898322778,0.010414282860114608,0.9984393737508328,0.0021460626623928227,final_dense_eta_grid_steps3000_R20_v1
vicsek,rho_4,4,400,1.2,1660211,11,3000,0.04948220794329718,1.0,1500,0.9221664316540213,0.011841342048088037,0.9984826782145237,0.0031533691925001222,final_dense_eta_grid_steps3000_R20_v1
vicsek,rho_4,4,400,1.2,1660212,12,3000,0.04989209352397081,1.0,1500,0.91962795232506,0.012027498233688766,1.0,0.0,final_dense_eta_grid_steps3000_R20_v1
vicsek,rho_4,4,400,1.2,1660213,13,3000,0.02094247989942579,1.0,1500,0.9178269390164798,0.013444799447264715,0.9950116588940706,0.01687174936677005,final_dense_eta_grid_steps3000_R20_v1
vicsek,rho_4,4,400,1.2,1660214,14,3000,0.03564377364283509,1.0,1500,0.9203174328910206,0.018919333315761212,0.9978814123917388,0.003976772283140983,final_dense_eta_grid_steps3000_R20_v1
vicsek,rho_4,4,400,1.2,1660215,15,3000,0.03633584242685663,1.0,1500,0.9200036541857946,0.011531374883689252,0.9989290473017988,0.0031582926532287485,final_dense_eta_grid_steps3000_R20_v1
vicsek,rho_4,4,400,1.2,1660216,16,3000,0.05728643235398782,1.0,1500,0.927314117294779,0.009923660456088534,0.9955729513657562,0.009204981627310677,final_dense_eta_grid_steps3000_R20_v1
vicsek,rho_4,4,400,1.2,1660217,17,3000,0.02551025874148499,1.0,1500,0.9233146040746947,0.010513434135501164,0.9994053964023984,0.0013628912445229912,final_dense_eta_grid_steps3000_R20_v1
vicsek,rho_4,4,400,1.2,1660218,18,3000,0.09611605316832902,1.0,1500,0.9214132897528357,0.010188404282922708,0.9998684210526316,0.0007658009779557163,final_dense_eta_grid_steps3000_R20_v1
vicsek,rho_4,4,400,1.2,1660219,19,3000,0.016259181172385066,1.0,1500,0.9191947376314636,0.011197937563022259,0.9995486342438374,0.0010914084257960483,final_dense_eta_grid_steps3000_R20_v1
vicsek,rho_4,4,400,1.3999999999999999,1660300,0,3000,0.016839216714204307,1.0,1500,0.8999950198926692,0.012727064217206019,0.9965506329113925,0.00836369935820984,final_dense_eta_grid_steps3000_R20_v1
vicsek,rho_4,4,400,1.3999999999999999,1660301,1,3000,0.03952193902652328,1.0,1500,0.8893915927053352,0.016686129949039362,0.9992854763491006,0.0016124150627915533,final_dense_eta_grid_steps3000_R20_v1
vicsek,rho_4,4,400,1.3999999999999999,1660302,2,3000,0.020393828476514747,1.0,1500,0.8926065315056323,0.016132892370418678,0.9987308461025983,0.0033036694340001648,final_dense_eta_grid_steps3000_R20_v1
vicsek,rho_4,4,400,1.3999999999999999,1660303,3,3000,0.056684425815455144,1.0,1500,0.8966176469934871,0.012188640159635326,0.9976532311792138,0.004562086087110768,final_dense_eta_grid_steps3000_R20_v1
vicsek,rho_4,4,400,1.3999999999999999,1660304,4,3000,0.06635355256020894,1.0,1500,0.8997010341466175,0.010978620387505718,0.998336109260493,0.004218640061608473,final_dense_eta_grid_steps3000_R20_v1
vicsek,rho_4,4,400,1.3999999999999999,1660305,5,3000,0.044983955946602344,1.0,1500,0.8967618221273945,0.01608972465146583,0.9978697534976683,0.005513733493242702,final_dense_eta_grid_steps3000_R20_v1
vicsek,rho_4,4,400,1.3999999999999999,1660306,6,3000,0.010586969258478024,1.0,1500,0.8951166734064692,0.019024719524556866,0.9982478347768156,0.003810274467061415,final_dense_eta_grid_steps3000_R20_v1
vicsek,rho_4,4,400,1.3999999999999999,1660307,7,3000,0.04662233250011525,1.0,1500,0.8994483803501525,0.011111939891225829,0.9976115922718187,0.003731499627495652,final_dense_eta_grid_steps3000_R20_v1
vicsek,rho_4,4,400,1.3999999999999999,1660308,8,3000,0.05096303483777389,1.0,1500,0.8849851754487116,0.025462844576212913,0.9980346435709526,0.004837616217631806,final_dense_eta_grid_steps3000_R20_v1
vicsek,rho_4,4,400,1.3999999999999999,1660309,9,3000,0.048178358980250975,1.0,1500,0.8944449365543898,0.016933704993253515,0.9994920053297801,0.0019604524461058924,final_dense_eta_grid_steps3000_R20_v1
vicsek,rho_4,4,400,1.3999999999999999,1660310,10,3000,0.016139309736157514,1.0,1500,0.8961101161781941,0.020569112489714523,0.9981445702864756,0.004468419666468159,final_dense_eta_grid_steps3000_R20_v1
vicsek,rho_4,4,400,1.3999999999999999,1660311,11,3000,0.05571280736904631,1.0,1500,0.8947463211498162,0.014006237812025915,0.9979863424383744,0.0032834624909341505,final_dense_eta_grid_steps3000_R20_v1
vicsek,rho_4,4,400,1.3999999999999999,1660312,12,3000,0.0560474807144568,1.0,1500,0.8831401168923936,0.02340948022413815,0.9932744836775483,0.016531185330286635,final_dense_eta_grid_steps3000_R20_v1
vicsek,rho_4,4,400,1.3999999999999999,1660313,13,3000,0.027850572053802692,1.0,1500,0.8932963743914003,0.014503615479282134,0.9999217188540972,0.0006753250582359811,final_dense_eta_grid_steps3000_R20_v1
vicsek,rho_4,4,400,1.3999999999999999,1660314,14,3000,0.012050749662967259,1.0,1500,0.8887614805091852,0.018419464747318752,0.9988924050632912,0.002383511735448134,final_dense_eta_grid_steps3000_R20_v1
vicsek,rho_4,4,400,1.3999999999999999,1660315,15,3000,0.02727695002795843,1.0,1500,0.8998168160386235,0.010435297946532642,0.9982628247834776,0.0025958078260467335,final_dense_eta_grid_steps3000_R20_v1
vicsek,rho_4,4,400,1.3999999999999999,1660316,16,3000,0.07612713325039407,1.0,1500,0.8888620557397664,0.023309141383650162,0.9967288474350432,0.009608462185680882,final_dense_eta_grid_steps3000_R20_v1
vicsek,rho_4,4,400,1.3999999999999999,1660317,17,3000,0.041984381772414564,1.0,1500,0.8969257347618929,0.013161784662151434,0.9971685542971352,0.00753810465749393,final_dense_eta_grid_steps3000_R20_v1
vicsek,rho_4,4,400,1.3999999999999999,1660318,18,3000,0.031167921122229346,1.0,1500,0.8983382047881685,0.015764906158252285,0.9985126582278481,0.003011277879262635,final_dense_eta_grid_steps3000_R20_v1
vicsek,rho_4,4,400,1.3999999999999999,1660319,19,3000,0.06249053296045048,1.0,1500,0.8986588886160771,0.012846861356583767,0.998800799467022,0.003876331005695441,final_dense_eta_grid_steps3000_R20_v1
vicsek,rho_4,4,400,1.6000000000000001,1660400,0,3000,0.06668341462137697,1.0,1500,0.8678054704448875,0.017689441388161847,0.9985509660226516,0.006667902727369149,final_dense_eta_grid_steps3000_R20_v1
vicsek,rho_4,4,400,1.6000000000000001,1660401,1,3000,0.03426125486450006,1.0,1500,0.8717016782653779,0.014418534646713443,0.9977248500999334,0.004048783392930896,final_dense_eta_grid_steps3000_R20_v1
vicsek,rho_4,4,400,1.6000000000000001,1660402,2,3000,0.07413530544730978,1.0,1500,0.8598306596754589,0.023316222626848293,0.9985709526982012,0.0026334715194204455,final_dense_eta_grid_steps3000_R20_v1
vicsek,rho_4,4,400,1.6000000000000001,1660403,3,3000,0.02410162214707558,1.0,1500,0.8597521104086393,0.024226026626389317,0.9967405063291139,0.00869419684450185,final_dense_eta_grid_steps3000_R20_v1
vicsek,rho_4,4,400,1.6000000000000001,1660404,4,3000,0.05851875225038736,1.0,1500,0.8705421363889011,0.01420164407765722,0.9949816788807462,0.008582718416050222,final_dense_eta_grid_steps3000_R20_v1
vicsek,rho_4,4,400,1.6000000000000001,1660405,5,3000,0.05624620672866407,1.0,1500,0.8633021015207144,0.02109279452461732,0.9975366422385077,0.006245477227086706,final_dense_eta_grid_steps3000_R20_v1
vicsek,rho_4,4,400,1.6000000000000001,1660406,6,3000,0.07400633463032633,1.0,1500,0.8600246664688797,0.02694828361765894,0.9983544303797468,0.0029441212823579405,final_dense_eta_grid_steps3000_R20_v1
vicsek,rho_4,4,400,1.6000000000000001,1660407,7,3000,0.06728577504930881,1.0,1500,0.857940269291655,0.02396066499441092,0.9921918720852765,0.0252251849135676,final_dense_eta_grid_steps3000_R20_v1
vicsek,rho_4,4,400,1.6000000000000001,1660408,8,3000,0.029050023084693576,1.0,1500,0.873512676210007,0.012078470855882121,0.9928947368421053,0.013846615462783167,final_dense_eta_grid_steps3000_R20_v1
vicsek,rho_4,4,400,1.6000000000000001,1660409,9,3000,0.012223177595606921,1.0,1500,0.8723976682271497,0.013748792825553682,0.9986292471685544,0.0036796635829213966,final_dense_eta_grid_steps3000_R20_v1
vicsek,rho_4,4,400,1.6000000000000001,1660410,10,3000,0.006993948102248107,1.0,1500,0.861852570042018,0.02077011384067899,0.9943787475016655,0.012336929175550418,final_dense_eta_grid_steps3000_R20_v1
vicsek,rho_4,4,400,1.6000000000000001,1660411,11,3000,0.0381029473032011,1.0,1500,0.8682293213530586,0.0161396690394217,0.9954047301798801,0.01292750958000758,final_dense_eta_grid_steps3000_R20_v1
vicsek,rho_4,4,400,1.6000000000000001,1660412,12,3000,0.01576232022074085,1.0,1500,0.8613412906072613,0.018578157975331844,0.999350433044637,0.0018776131634479184,final_dense_eta_grid_steps3000_R20_v1
vicsek,rho_4,4,400,1.6000000000000001,1660413,13,3000,0.07098855493916903,1.0,1500,0.8668836119625271,0.01846415885716636,0.9977065289806796,0.00274207428110256,final_dense_eta_grid_steps3000_R20_v1
vicsek,rho_4,4,400,1.6000000000000001,1660414,14,3000,0.04960879581778481,1.0,1500,0.8628539258186908,0.020990469025062502,0.9902331778814123,0.01655912001055575,final_dense_eta_grid_steps3000_R20_v1
vicsek,rho_4,4,400,1.6000000000000001,1660415,15,3000,0.03288127716210439,1.0,1500,0.8572738022654841,0.029725298309687658,0.9982578281145903,0.003030130781237245,final_dense_eta_grid_steps3000_R20_v1
vicsek,rho_4,4,400,1.6000000000000001,1660416,16,3000,0.03470649309822051,1.0,1500,0.8682805899537229,0.01577837945781698,0.9982728181212526,0.0037992627865263504,final_dense_eta_grid_steps3000_R20_v1
vicsek,rho_4,4,400,1.6000000000000001,1660417,17,3000,0.02902199087242137,1.0,1500,0.8600101686259549,0.017560732363140635,0.9992405063291139,0.003023522837666895,final_dense_eta_grid_steps3000_R20_v1
vicsek,rho_4,4,400,1.6000000000000001,1660418,18,3000,0.05101849926280317,1.0,1500,0.8705735426326257,0.013886971438790204,0.9974400399733511,0.0038192509666735317,final_dense_eta_grid_steps3000_R20_v1
vicsek,rho_4,4,400,1.6000000000000001,1660419,19,3000,0.010258357544202693,1.0,1500,0.8666409364368077,0.021067794682167875,0.999340439706862,0.0018291508989660098,final_dense_eta_grid_steps3000_R20_v1
vicsek,rho_4,4,400,1.8,1660500,0,3000,0.0458067674580452,1.0,1500,0.8324188459768139,0.01951753966421963,0.9953697534976682,0.012128415349909882,final_dense_eta_grid_steps3000_R20_v1
vicsek,rho_4,4,400,1.8,1660501,1,3000,0.04979892455036941,1.0,1500,0.8277161690958292,0.02683550579375577,0.997305129913391,0.005990318110006501,final_dense_eta_grid_steps3000_R20_v1
vicsek,rho_4,4,400,1.8,1660502,2,3000,0.06854757121521607,1.0,1500,0.8395938088329585,0.016731031613384767,0.9976215856095937,0.002977716555837399,final_dense_eta_grid_steps3000_R20_v1
vicsek,rho_4,4,400,1.8,1660503,3,3000,0.048568731465870096,1.0,1500,0.8228086864402328,0.03280143550443147,0.9980862758161226,0.002946794154786004,final_dense_eta_grid_steps3000_R20_v1
vicsek,rho_4,4,400,1.8,1660504,4,3000,0.04645181178615752,1.0,1500,0.829461073335485,0.025392317563389517,0.9986075949367089,0.006488978685604242,final_dense_eta_grid_steps3000_R20_v1
vicsek,rho_4,4,400,1.8,1660505,5,3000,0.02650368761116297,1.0,1500,0.833107449126238,0.022887684244520128,0.9976832111925383,0.003200455593197924,final_dense_eta_grid_steps3000_R20_v1
vicsek,rho_4,4,400,1.8,1660506,6,3000,0.051540958617587826,1.0,1500,0.8382425190393507,0.01868098091693706,0.9901449033977349,0.012233153952963394,final_dense_eta_grid_steps3000_R20_v1
vicsek,rho_4,4,400,1.8,1660507,7,3000,0.03728035428179026,1.0,1500,0.8280510979128316,0.03171704166012742,0.9974916722185209,0.010355317902535839,final_dense_eta_grid_steps3000_R20_v1
vicsek,rho_4,4,400,1.8,1660508,8,3000,0.05807151492614046,1.0,1500,0.8348872316413262,0.027545359756306634,0.9964756828780813,0.008813481528068396,final_dense_eta_grid_steps3000_R20_v1
vicsek,rho_4,4,400,1.8,1660509,9,3000,0.017582469884896337,1.0,1500,0.813775278856975,0.051339976636026775,0.9987208527648234,0.004285687046825949,final_dense_eta_grid_steps3000_R20_v1
vicsek,rho_4,4,400,1.8,1660510,10,3000,0.019049349163174283,1.0,1500,0.8348796180479207,0.01694735185738888,0.9969437041972018,0.005023959450214949,final_dense_eta_grid_steps3000_R20_v1
vicsek,rho_4,4,400,1.8,1660511,11,3000,0.03900930397655344,1.0,1500,0.8347195358579069,0.021454281341594578,0.9972601598934044,0.0068400473348305,final_dense_eta_grid_steps3000_R20_v1
vicsek,rho_4,4,400,1.8,1660512,12,3000,0.012122564046771154,1.0,1500,0.8476857103409586,0.01573357845924626,0.9924117255163225,0.014189332060544374,final_dense_eta_grid_steps3000_R20_v1
vicsek,rho_4,4,400,1.8,1660513,13,3000,0.07479565238742075,1.0,1500,0.8236763148878616,0.03735872474923917,0.9969070619586943,0.0036863438085780616,final_dense_eta_grid_steps3000_R20_v1
vicsek,rho_4,4,400,1.8,1660514,14,3000,0.06267884198260862,1.0,1500,0.8407353414077795,0.01426098911778015,0.9958760826115922,0.007984743587433847,final_dense_eta_grid_steps3000_R20_v1
vicsek,rho_4,4,400,1.8,1660515,15,3000,0.05067544235449529,1.0,1500,0.8315396490813404,0.028610284777803776,0.9986109260493005,0.0027044982901073297,final_dense_eta_grid_steps3000_R20_v1
vicsek,rho_4,4,400,1.8,1660516,16,3000,0.028100979794217027,1.0,1500,0.8216346461389091,0.035643971336963044,0.9976415722851433,0.004664004927630474,final_dense_eta_grid_steps3000_R20_v1
vicsek,rho_4,4,400,1.8,1660517,17,3000,0.03314842795487108,1.0,1500,0.8304215909036614,0.024635839910831476,0.9992021985343105,0.0017767434494136915,final_dense_eta_grid_steps3000_R20_v1
vicsek,rho_4,4,400,1.8,1660518,18,3000,0.04070199029457714,1.0,1500,0.8246398607398017,0.029069747745994554,0.9949233844103932,0.007957820568430186,final_dense_eta_grid_steps3000_R20_v1
vicsek,rho_4,4,400,1.8,1660519,19,3000,0.03626871214583478,1.0,1500,0.8346987588247681,0.021973309573435358,0.9935926049300466,0.01976031642475254,final_dense_eta_grid_steps3000_R20_v1
vicsek,rho_4,4,400,2,1024000,0,3000,0.06740560935038396,1.0,1500,0.7957903410193101,0.024841217741549487,0.9980529646902065,0.004457852013586328,vicsek_eta0_6_deta0p5_steps3000_R20_v1
vicsek,rho_4,4,400,2,1024001,1,3000,0.03269842808573544,1.0,1500,0.7920962943607858,0.036858830222183225,0.9953231179213857,0.009130896799028874,vicsek_eta0_6_deta0p5_steps3000_R20_v1
vicsek,rho_4,4,400,2,1024002,2,3000,0.07910828641907264,1.0,1500,0.7960636059547532,0.025545519411424092,0.996140906062625,0.008785414612027892,vicsek_eta0_6_deta0p5_steps3000_R20_v1
vicsek,rho_4,4,400,2,1024003,3,3000,0.03993620148239231,1.0,1500,0.7891665120903052,0.028866737692838956,0.9967588274483677,0.0058876724800822205,vicsek_eta0_6_deta0p5_steps3000_R20_v1
vicsek,rho_4,4,400,2,1024004,4,3000,0.037084275269165946,1.0,1500,0.7903532612181846,0.03214228976369345,0.9975749500333111,0.004496487497401957,vicsek_eta0_6_deta0p5_steps3000_R20_v1
vicsek,rho_4,4,400,2,1024005,5,3000,0.05846659247204593,1.0,1500,0.7921388899756359,0.02914527121421618,0.996622251832112,0.007930927527822373,vicsek_eta0_6_deta0p5_steps3000_R20_v1
vicsek,rho_4,4,400,2,1024006,6,3000,0.030880512744301206,1.0,1500,0.8030922290423798,0.020238372467006584,0.9956279147235176,0.008973439242610886,vicsek_eta0_6_deta0p5_steps3000_R20_v1
vicsek,rho_4,4,400,2,1024007,7,3000,0.023634093299844325,1.0,1500,0.7900602061828546,0.025908002057062698,0.9941289140572951,0.012564750486317664,vicsek_eta0_6_deta0p5_steps3000_R20_v1
vicsek,rho_4,4,400,2,1024008,8,3000,0.004640708316343539,1.0,1500,0.808198046869687,0.02461656930525758,0.9970836109260492,0.00679919249177138,vicsek_eta0_6_deta0p5_steps3000_R20_v1
vicsek,rho_4,4,400,2,1024009,9,3000,0.04761137141123226,1.0,1500,0.8021536737599385,0.024584397296345394,0.995236508994004,0.024890547067428527,vicsek_eta0_6_deta0p5_steps3000_R20_v1
vicsek,rho_4,4,400,2,1024010,10,3000,0.06734987169672144,1.0,1500,0.7952947407706422,0.032599611777772326,0.9975899400399733,0.004776856688575339,vicsek_eta0_6_deta0p5_steps3000_R20_v1
vicsek,rho_4,4,400,2,1024011,11,3000,0.03067726162668563,1.0,1500,0.7829663047145019,0.04170661072144763,0.9940006662225184,0.009218767584227494,vicsek_eta0_6_deta0p5_steps3000_R20_v1
vicsek,rho_4,4,400,2,1024012,12,3000,0.029850056032681004,1.0,1500,0.7862201567156585,0.03955711243441958,0.9960259826782146,0.0066539818255144795,vicsek_eta0_6_deta0p5_steps3000_R20_v1
vicsek,rho_4,4,400,2,1024013,13,3000,0.048121338043122346,1.0,1500,0.7985600812213676,0.02787448271049005,0.9883744170552964,0.025425867443474054,vicsek_eta0_6_deta0p5_steps3000_R20_v1
vicsek,rho_4,4,400,2,1024014,14,3000,0.026390514749089426,1.0,1500,0.7969484936582373,0.025279227161525326,0.9977531645569621,0.00795416154317975,vicsek_eta0_6_deta0p5_steps3000_R20_v1
vicsek,rho_4,4,400,2,1024015,15,3000,0.051820395833042314,1.0,1500,0.7880745222951527,0.049085049129116966,0.9973367754830114,0.0045001672922740195,vicsek_eta0_6_deta0p5_steps3000_R20_v1
vicsek,rho_4,4,400,2,1024016,16,3000,0.038986213528863264,1.0,1500,0.8048578359418623,0.02293346558154349,0.9967504996668887,0.0032770487817071147,vicsek_eta0_6_deta0p5_steps3000_R20_v1
vicsek,rho_4,4,400,2,1024017,17,3000,0.040343057389011935,1.0,1500,0.8011506570257754,0.023597409607461407,0.9958644237175217,0.007508474458362532,vicsek_eta0_6_deta0p5_steps3000_R20_v1
vicsek,rho_4,4,400,2,1024018,18,3000,0.015518376077267904,1.0,1500,0.7724313039861535,0.050599728775036636,0.9933944037308461,0.011035434810037844,vicsek_eta0_6_deta0p5_steps3000_R20_v1
vicsek,rho_4,4,400,2,1024019,19,3000,0.05211846472971205,1.0,1500,0.8025596183899281,0.022313366008136742,0.9974733510992672,0.005029820073256515,vicsek_eta0_6_deta0p5_steps3000_R20_v1
vicsek,rho_4,4,400,2.2000000000000002,1660600,0,3000,0.042817176508073415,1.0,1500,0.7570409565293612,0.02963627001095886,0.9952131912058628,0.006684539163886089,final_dense_eta_grid_steps3000_R20_v1
vicsek,rho_4,4,400,2.2000000000000002,1660601,1,3000,0.08463945303794589,1.0,1500,0.7488517582757731,0.03318959445781241,0.9953097934710193,0.006834799755578171,final_dense_eta_grid_steps3000_R20_v1
vicsek,rho_4,4,400,2.2000000000000002,1660602,2,3000,0.02730745238399622,1.0,1500,0.7475917824202867,0.03589618629433447,0.9950816122584943,0.00471780279615494,final_dense_eta_grid_steps3000_R20_v1
vicsek,rho_4,4,400,2.2000000000000002,1660603,3,3000,0.07048707834968161,1.0,1500,0.7574482817199353,0.030660337724988652,0.9926848767488341,0.010894914640545959,final_dense_eta_grid_steps3000_R20_v1
vicsek,rho_4,4,400,2.2000000000000002,1660604,4,3000,0.04579992736614216,1.0,1500,0.7485368244121613,0.03681071624065809,0.9926049300466356,0.009691776341792574,final_dense_eta_grid_steps3000_R20_v1
vicsek,rho_4,4,400,2.2000000000000002,1660605,5,3000,0.05053245992151793,1.0,1500,0.7176050003731846,0.07258277610560893,0.995338107928048,0.007402358422210439,final_dense_eta_grid_steps3000_R20_v1
vicsek,rho_4,4,400,2.2000000000000002,1660606,6,3000,0.08529066322090025,1.0,1500,0.7459044607853887,0.03867492238953904,0.9970836109260492,0.007481478655359966,final_dense_eta_grid_steps3000_R20_v1
vicsek,rho_4,4,400,2.2000000000000002,1660607,7,3000,0.025414284406717304,1.0,1500,0.7370007526251389,0.05480417693832628,0.9925266489007328,0.00824796561208612,final_dense_eta_grid_steps3000_R20_v1
vicsek,rho_4,4,400,2.2000000000000002,1660608,8,3000,0.034351781343891406,1.0,1500,0.739513045109214,0.0582207212784232,0.997483344437042,0.004238248133658014,final_dense_eta_grid_steps3000_R20_v1
vicsek,rho_4,4,400,2.2000000000000002,1660609,9,3000,0.019367447429896486,1.0,1500,0.7516571465443923,0.048661149512240376,0.9936625582944704,0.017816965538780524,final_dense_eta_grid_steps3000_R20_v1
vicsek,rho_4,4,400,2.2000000000000002,1660610,10,3000,0.032729993136279605,1.0,1500,0.7506433597505607,0.03259684214564716,0.9954963357761493,0.006434999126289162,final_dense_eta_grid_steps3000_R20_v1
vicsek,rho_4,4,400,2.2000000000000002,1660611,11,3000,0.06858543130279073,1.0,1500,0.7373436877326933,0.03872934500395318,0.9977381745502998,0.009810278997876043,final_dense_eta_grid_steps3000_R20_v1
vicsek,rho_4,4,400,2.2000000000000002,1660612,12,3000,0.012241740150731418,1.0,1500,0.7341544332039234,0.06030145622664271,0.9886675549633578,0.05748691366843759,final_dense_eta_grid_steps3000_R20_v1
vicsek,rho_4,4,400,2.2000000000000002,1660613,13,3000,0.06322429699804193,1.0,1500,0.7624510273295886,0.025772895880670905,0.9968121252498334,0.005178912253123396,final_dense_eta_grid_steps3000_R20_v1
vicsek,rho_4,4,400,2.2000000000000002,1660614,14,3000,0.008088258558513906,1.0,1500,0.7539003589955768,0.03987307234729618,0.998057961359094,0.0037461023370110418,final_dense_eta_grid_steps3000_R20_v1
vicsek,rho_4,4,400,2.2000000000000002,1660615,15,3000,0.03451338631367386,1.0,1500,0.7568208301270002,0.03820720893032085,0.9972318454363758,0.004241095055200866,final_dense_eta_grid_steps3000_R20_v1
vicsek,rho_4,4,400,2.2000000000000002,1660616,16,3000,0.0754425776161306,1.0,1500,0.7348391245341349,0.05170756477900141,0.9963274483677548,0.005571819807524345,final_dense_eta_grid_steps3000_R20_v1
vicsek,rho_4,4,400,2.2000000000000002,1660617,17,3000,0.06801028885533114,1.0,1500,0.7301050849090538,0.047517562025386546,0.9949850099933378,0.008263882097316884,final_dense_eta_grid_steps3000_R20_v1
vicsek,rho_4,4,400,2.2000000000000002,1660618,18,3000,0.023612375037987056,1.0,1500,0.7489501093467588,0.04087456345913341,0.9977215189873417,0.003680493527060931,final_dense_eta_grid_steps3000_R20_v1
vicsek,rho_4,4,400,2.2000000000000002,1660619,19,3000,0.016654291902719446,1.0,1500,0.7531774591035341,0.03673166939634588,0.9936309127248502,0.011122059924091168,final_dense_eta_grid_steps3000_R20_v1
vicsek,rho_4,4,400,2.3999999999999999,1660700,0,3000,0.06713345266151549,1.0,1500,0.7203166521022384,0.0372748470437222,0.9982644903397735,0.002618478044951293,final_dense_eta_grid_steps3000_R20_v1
vicsek,rho_4,4,400,2.3999999999999999,1660701,1,3000,0.04703231525161003,1.0,1500,0.7111767926861066,0.06725950000825755,0.9964340439706862,0.0030913765805258204,final_dense_eta_grid_steps3000_R20_v1
vicsek,rho_4,4,400,2.3999999999999999,1660702,2,3000,0.028123732584695724,1.0,1500,0.7069807965593434,0.04566798529875611,0.9951482345103264,0.00866451360533048,final_dense_eta_grid_steps3000_R20_v1
vicsek,rho_4,4,400,2.3999999999999999,1660703,3,3000,0.06070618883597539,1.0,1500,0.712404889578462,0.03631670621382181,0.9981462358427715,0.003306530718353217,final_dense_eta_grid_steps3000_R20_v1
vicsek,rho_4,4,400,2.3999999999999999,1660704,4,3000,0.07420924215598478,1.0,1500,0.719068607300082,0.030347731738692516,0.9939473684210526,0.0065812121351665545,final_dense_eta_grid_steps3000_R20_v1
vicsek,rho_4,4,400,2.3999999999999999,1660705,5,3000,0.09634132548290256,1.0,1500,0.7088133504915675,0.04012525944574237,0.9968054630246502,0.009204979216374296,final_dense_eta_grid_steps3000_R20_v1
vicsek,rho_4,4,400,2.3999999999999999,1660706,6,3000,0.06701405736749186,1.0,1500,0.6977734807375633,0.06347763328915586,0.9952298467688208,0.00814572894077137,final_dense_eta_grid_steps3000_R20_v1
vicsek,rho_4,4,400,2.3999999999999999,1660707,7,3000,0.058175509886330634,1.0,1500,0.690342094642655,0.06431247927409067,0.9964540306462358,0.005215721386028557,final_dense_eta_grid_steps3000_R20_v1
vicsek,rho_4,4,400,2.3999999999999999,1660708,8,3000,0.03790996422786712,1.0,1500,0.7006380589569844,0.04972802682924174,0.9982061958694205,0.006004325133219056,final_dense_eta_grid_steps3000_R20_v1
vicsek,rho_4,4,400,2.3999999999999999,1660709,9,3000,0.03161620011475098,1.0,1500,0.6960301921735009,0.053450172144198047,0.9985293137908061,0.0028301002015304177,final_dense_eta_grid_steps3000_R20_v1
vicsek,rho_4,4,400,2.3999999999999999,1660710,10,3000,0.034431522603315494,1.0,1500,0.7166205807737586,0.041530436372745866,0.9956445702864758,0.0045706846379782095,final_dense_eta_grid_steps3000_R20_v1
vicsek,rho_4,4,400,2.3999999999999999,1660711,11,3000,0.0583685241557699,1.0,1500,0.706232649761544,0.035796278395097275,0.9959260493004664,0.00575714898816418,final_dense_eta_grid_steps3000_R20_v1
vicsek,rho_4,4,400,2.3999999999999999,1660712,12,3000,0.03692161599846502,1.0,1500,0.7012680277028578,0.07018640286082083,0.9943704197201865,0.008947531812741664,final_dense_eta_grid_steps3000_R20_v1
vicsek,rho_4,4,400,2.3999999999999999,1660713,13,3000,0.05485280624081348,1.0,1500,0.715176486131668,0.03848559982200552,0.9959360426382412,0.005864467473097509,final_dense_eta_grid_steps3000_R20_v1
vicsek,rho_4,4,400,2.3999999999999999,1660714,14,3000,0.05890742219387481,1.0,1500,0.7265433127224462,0.028639116654723584,0.9884077281812126,0.01494899100321008,final_dense_eta_grid_steps3000_R20_v1
vicsek,rho_4,4,400,2.3999999999999999,1660715,15,3000,0.06868741592989093,1.0,1500,0.7228624732855233,0.027996536549085158,0.9917421718854097,0.012583014696031404,final_dense_eta_grid_steps3000_R20_v1
vicsek,rho_4,4,400,2.3999999999999999,1660716,16,3000,0.04924356148702924,1.0,1500,0.7069505929547999,0.03798233293950557,0.9953264490339774,0.006664364246874866,final_dense_eta_grid_steps3000_R20_v1
vicsek,rho_4,4,400,2.3999999999999999,1660717,17,3000,0.042959361644311855,1.0,1500,0.7019527866726994,0.04960503185553854,0.9925349766822119,0.013349187563682762,final_dense_eta_grid_steps3000_R20_v1
vicsek,rho_4,4,400,2.3999999999999999,1660718,18,3000,0.07990550509505723,1.0,1500,0.7352250431720659,0.027612629401413243,0.9925616255829447,0.007072271328309197,final_dense_eta_grid_steps3000_R20_v1
vicsek,rho_4,4,400,2.3999999999999999,1660719,19,3000,0.06913865996331413,1.0,1500,0.7020081333816808,0.038300587609498046,0.9941905396402398,0.01547609976703632,final_dense_eta_grid_steps3000_R20_v1
vicsek,rho_4,4,400,2.6000000000000001,1660800,0,3000,0.06471593651165909,1.0,1500,0.6555448594521887,0.06234737687743983,0.9927931379080613,0.009626901269961921,final_dense_eta_grid_steps3000_R20_v1
vicsek,rho_4,4,400,2.6000000000000001,1660801,1,3000,0.01607736209745285,1.0,1500,0.6305713176577169,0.08387791032495774,0.9982678214523651,0.002277227848280475,final_dense_eta_grid_steps3000_R20_v1
vicsek,rho_4,4,400,2.6000000000000001,1660802,2,3000,0.04104314067945434,1.0,1500,0.6109569781429626,0.0916367258006779,0.9977548301132579,0.0028167171892062443,final_dense_eta_grid_steps3000_R20_v1
vicsek,rho_4,4,400,2.6000000000000001,1660803,3,3000,0.05786419190311572,1.0,1500,0.6523972387216227,0.06838145423944092,0.9926882078614258,0.011689494913178016,final_dense_eta_grid_steps3000_R20_v1
vicsek,rho_4,4,400,2.6000000000000001,1660804,4,3000,0.06566664056624907,1.0,1500,0.6571561497224702,0.04778173097655745,0.9952131912058628,0.008262909219129401,final_dense_eta_grid_steps3000_R20_v1
vicsek,rho_4,4,400,2.6000000000000001,1660805,5,3000,0.04012261927291294,1.0,1500,0.6790077892880243,0.036789782463614897,0.9953797468354431,0.004905573676998919,final_dense_eta_grid_steps3000_R20_v1
vicsek,rho_4,4,400,2.6000000000000001,1660806,6,3000,0.0710715506234251,1.0,1500,0.6405150025185005,0.05224876739090846,0.9926465689540307,0.01073630869233854,final_dense_eta_grid_steps3000_R20_v1
vicsek,rho_4,4,400,2.6000000000000001,1660807,7,3000,0.011112477019220149,1.0,1500,0.5790732750731724,0.13012607137549942,0.9903914057295137,0.019561759237680002,final_dense_eta_grid_steps3000_R20_v1
vicsek,rho_4,4,400,2.6000000000000001,1660808,8,3000,0.05675868419801102,1.0,1500,0.6704201662304358,0.04636930978830629,0.9919303797468355,0.012845180056681607,final_dense_eta_grid_steps3000_R20_v1
vicsek,rho_4,4,400,2.6000000000000001,1660809,9,3000,0.025514946748362233,1.0,1500,0.6545366336760546,0.037439349230405476,0.9981812125249834,0.0036454465581595564,final_dense_eta_grid_steps3000_R20_v1
vicsek,rho_4,4,400,2.6000000000000001,1660810,10,3000,0.028021781241414342,1.0,1500,0.6214110826181477,0.10817720031891973,0.9898784143904065,0.03231513878902885,final_dense_eta_grid_steps3000_R20_v1
vicsek,rho_4,4,400,2.6000000000000001,1660811,11,3000,0.09428208182923686,1.0,1500,0.6435865885854885,0.07899564109786786,0.9935493004663558,0.0057815180137484375,final_dense_eta_grid_steps3000_R20_v1
vicsek,rho_4,4,400,2.6000000000000001,1660812,12,3000,0.033609206513915434,1.0,1500,0.6632700373419754,0.05718691325779505,0.9914340439706861,0.019201792650897467,final_dense_eta_grid_steps3000_R20_v1
vicsek,rho_4,4,400,2.6000000000000001,1660813,13,3000,0.05510654037963835,1.0,1500,0.6659412419746934,0.03666996797933729,0.9957495003331114,0.00439412515292788,final_dense_eta_grid_steps3000_R20_v1
vicsek,rho_4,4,400,2.6000000000000001,1660814,14,3000,0.043071242317709334,1.0,1500,0.6774342164773316,0.0415532962667726,0.9930413057961359,0.009043309040472526,final_dense_eta_grid_steps3000_R20_v1
vicsek,rho_4,4,400,2.6000000000000001,1660815,15,3000,0.025893631122268633,1.0,1500,0.6527379452438575,0.049594929095659844,0.9950699533644236,0.009062671529649565,final_dense_eta_grid_steps3000_R20_v1
vicsek,rho_4,4,400,2.6000000000000001,1660816,16,3000,0.01242869571983996,1.0,1500,0.6806596148378096,0.03231894040520901,0.9952998001332445,0.006190141198819228,final_dense_eta_grid_steps3000_R20_v1
vicsek,rho_4,4,400,2.6000000000000001,1660817,17,3000,0.023975306271270525,1.0,1500,0.6648640836422357,0.05011453897973909,0.9961975349766822,0.0058177793199351785,final_dense_eta_grid_steps3000_R20_v1
vicsek,rho_4,4,400,2.6000000000000001,1660818,18,3000,0.016591332154981805,1.0,1500,0.6921885913968778,0.038995661273090634,0.9912708194536975,0.012348877603895723,final_dense_eta_grid_steps3000_R20_v1
vicsek,rho_4,4,400,2.6000000000000001,1660819,19,3000,0.017140767953346285,1.0,1500,0.6379788588427588,0.07355357984648549,0.9923667554963358,0.01658233753488223,final_dense_eta_grid_steps3000_R20_v1
vicsek,rho_4,4,400,2.7999999999999998,1660900,0,3000,0.028329876304709484,1.0,1500,0.6145733399427761,0.045585010259490945,0.996537308461026,0.005485060002282187,final_dense_eta_grid_steps3000_R20_v1
vicsek,rho_4,4,400,2.7999999999999998,1660901,1,3000,0.020173025114560476,1.0,1500,0.6379533298892047,0.03398961611269171,0.988209526982012,0.009469413356515846,final_dense_eta_grid_steps3000_R20_v1
vicsek,rho_4,4,400,2.7999999999999998,1660902,2,3000,0.0467898971443976,1.0,1500,0.5981226973965295,0.06427354974440125,0.9852331778814124,0.0321312254366729,final_dense_eta_grid_steps3000_R20_v1
vicsek,rho_4,4,400,2.7999999999999998,1660903,3,3000,0.043887645046725696,1.0,1500,0.6078499416705081,0.0638453527070093,0.9928930712858095,0.006462781671202313,final_dense_eta_grid_steps3000_R20_v1
vicsek,rho_4,4,400,2.7999999999999998,1660904,4,3000,0.0508270721304115,1.0,1500,0.6072695964992146,0.04501666002671978,0.9942638241172552,0.014078371712180843,final_dense_eta_grid_steps3000_R20_v1
vicsek,rho_4,4,400,2.7999999999999998,1660905,5,3000,0.03666121450088301,1.0,1500,0.5909030818851109,0.08315582841781698,0.9956479013990672,0.006807095775072556,final_dense_eta_grid_steps3000_R20_v1
vicsek,rho_4,4,400,2.7999999999999998,1660906,6,3000,0.013038660415668544,1.0,1500,0.6249935446282618,0.043154949832226605,0.9952598267821452,0.005243800791297889,final_dense_eta_grid_steps3000_R20_v1
vicsek,rho_4,4,400,2.7999999999999998,1660907,7,3000,0.015018085469626605,1.0,1500,0.6318775028712761,0.037029898463150225,0.9959610259826782,0.004658202169116204,final_dense_eta_grid_steps3000_R20_v1
vicsek,rho_4,4,400,2.7999999999999998,1660908,8,3000,0.03418796259063884,1.0,1500,0.6148310912940056,0.06139757994859564,0.9879163890739506,0.0230048622851782,final_dense_eta_grid_steps3000_R20_v1
vicsek,rho_4,4,400,2.7999999999999998,1660909,9,3000,0.038333478251482436,1.0,1500,0.6139301364998344,0.06780086082867835,0.9934243837441706,0.02421724169209188,final_dense_eta_grid_steps3000_R20_v1
vicsek,rho_4,4,400,2.7999999999999998,1660910,10,3000,0.05872015720856463,1.0,1500,0.6086014493064484,0.06303766238195731,0.9950299800133244,0.009013597356664077,final_dense_eta_grid_steps3000_R20_v1
vicsek,rho_4,4,400,2.7999999999999998,1660911,11,3000,0.04659567171562918,1.0,1500,0.6113189458387905,0.063503691205888,0.9922435043304464,0.00962881215047812,final_dense_eta_grid_steps3000_R20_v1
vicsek,rho_4,4,400,2.7999999999999998,1660912,12,3000,0.03349957857984396,1.0,1500,0.6471572382473542,0.028232283795104906,0.9908694203864091,0.00899710910694667,final_dense_eta_grid_steps3000_R20_v1
vicsek,rho_4,4,400,2.7999999999999998,1660913,13,3000,0.024565048760766664,1.0,1500,0.6152708779642687,0.050785795273837864,0.9921085942704864,0.013071417601667997,final_dense_eta_grid_steps3000_R20_v1
vicsek,rho_4,4,400,2.7999999999999998,1660914,14,3000,0.052461186223837594,1.0,1500,0.6302815497924168,0.03911159539457133,0.9932128580946036,0.007936697494199946,final_dense_eta_grid_steps3000_R20_v1
vicsek,rho_4,4,400,2.7999999999999998,1660915,15,3000,0.021390203043659094,1.0,1500,0.5834699006825728,0.09230070659393522,0.9976365756162558,0.0027036632191485372,final_dense_eta_grid_steps3000_R20_v1
vicsek,rho_4,4,400,2.7999999999999998,1660916,16,3000,0.026468175693081214,1.0,1500,0.6019724975094056,0.05317835164095341,0.9856179213857428,0.021828981095462028,final_dense_eta_grid_steps3000_R20_v1
vicsek,rho_4,4,400,2.7999999999999998,1660917,17,3000,0.05603086331359758,1.0,1500,0.6167061107534203,0.08398256952661087,0.9946702198534311,0.006682295302112074,final_dense_eta_grid_steps3000_R20_v1
vicsek,rho_4,4,400,2.7999999999999998,1660918,18,3000,0.041590462206332085,1.0,1500,0.5632337966385216,0.10070270662290248,0.9787191872085277,0.06046521228779067,final_dense_eta_grid_steps3000_R20_v1
vicsek,rho_4,4,400,2.7999999999999998,1660919,19,3000,0.06405058720401216,1.0,1500,0.6073584214980915,0.04716845619923267,0.9931778814123917,0.01334449774358613,final_dense_eta_grid_steps3000_R20_v1
vicsek,rho_4,4,400,3,1026000,0,3000,0.03334324356384921,1.0,1500,0.5470527468461498,0.07620170826354977,0.9937325116588941,0.011630336444122974,vicsek_eta0_6_deta0p5_steps3000_R20_v1
vicsek,rho_4,4,400,3,1026001,1,3000,0.053111720944702415,1.0,1500,0.5446842195064869,0.08789505262161545,0.995338107928048,0.004767908505483928,vicsek_eta0_6_deta0p5_steps3000_R20_v1
vicsek,rho_4,4,400,3,1026002,2,3000,0.03392396303960167,1.0,1500,0.5415232767118104,0.1297465844431071,0.9924533644237176,0.026393655935167914,vicsek_eta0_6_deta0p5_steps3000_R20_v1
vicsek,rho_4,4,400,3,1026003,3,3000,0.019543540581093158,1.0,1500,0.5614991289334266,0.10482093660873595,0.9938657561625583,0.007678053024411406,vicsek_eta0_6_deta0p5_steps3000_R20_v1
vicsek,rho_4,4,400,3,1026004,4,3000,0.0924242281345346,1.0,1500,0.5828275244091953,0.0447164217167222,0.9941089273817455,0.006882565929424463,vicsek_eta0_6_deta0p5_steps3000_R20_v1
vicsek,rho_4,4,400,3,1026005,5,3000,0.018149229830346957,1.0,1500,0.5673748382173572,0.06952447732738222,0.9922768154563625,0.008433726161111352,vicsek_eta0_6_deta0p5_steps3000_R20_v1
vicsek,rho_4,4,400,3,1026006,6,3000,0.09730301643739818,1.0,1500,0.572663837094843,0.053964607610212,0.9891489007328448,0.011444081547063346,vicsek_eta0_6_deta0p5_steps3000_R20_v1
vicsek,rho_4,4,400,3,1026007,7,3000,0.04794805956748901,1.0,1500,0.5784713032580464,0.05195088100462305,0.9938974017321784,0.007527440357714193,vicsek_eta0_6_deta0p5_steps3000_R20_v1
vicsek,rho_4,4,400,3,1026008,8,3000,0.048228998111760506,1.0,1500,0.5631086480766092,0.045063879717122786,0.9973401065956029,0.005961045295467898,vicsek_eta0_6_deta0p5_steps3000_R20_v1
vicsek,rho_4,4,400,3,1026009,9,3000,0.026661008797469212,1.0,1500,0.5724339895211291,0.04534050992006972,0.9881545636242505,0.015411048867873256,vicsek_eta0_6_deta0p5_steps3000_R20_v1
vicsek,rho_4,4,400,3,1026010,10,3000,0.07686073523698099,1.0,1500,0.5555975153437943,0.08686849501366248,0.9851249167221853,0.031724085597618995,vicsek_eta0_6_deta0p5_steps3000_R20_v1
vicsek,rho_4,4,400,3,1026011,11,3000,0.05258313075221497,1.0,1500,0.5456735882443081,0.06199204572456142,0.9862774816788807,0.016572708975862455,vicsek_eta0_6_deta0p5_steps3000_R20_v1
vicsek,rho_4,4,400,3,1026012,12,3000,0.04482587440728592,1.0,1500,0.5148224010949406,0.11077617529933463,0.9956528980679547,0.007769590009110084,vicsek_eta0_6_deta0p5_steps3000_R20_v1
vicsek,rho_4,4,400,3,1026013,13,3000,0.08642796287378493,1.0,1500,0.5852089753875251,0.04814113436613789,0.9879363757495003,0.011510334084156679,vicsek_eta0_6_deta0p5_steps3000_R20_v1
vicsek,rho_4,4,400,3,1026014,14,3000,0.059215445549413,1.0,1500,0.541348948741108,0.08616289931111284,0.9958127914723519,0.006256024113658779,vicsek_eta0_6_deta0p5_steps3000_R20_v1
vicsek,rho_4,4,400,3,1026015,15,3000,0.030070699069801723,1.0,1500,0.5980023772826939,0.03534738647173722,0.9863690872751498,0.014453433822689583,vicsek_eta0_6_deta0p5_steps3000_R20_v1
vicsek,rho_4,4,400,3,1026016,16,3000,0.03230426851929773,1.0,1500,0.56089142996441,0.06729696176823283,0.9875816122584944,0.0138005023732853,vicsek_eta0_6_deta0p5_steps3000_R20_v1
vicsek,rho_4,4,400,3,1026017,17,3000,0.03726959275025398,1.0,1500,0.584752136800843,0.04286456596434466,0.9891122584943371,0.014540733624531347,vicsek_eta0_6_deta0p5_steps3000_R20_v1
vicsek,rho_4,4,400,3,1026018,18,3000,0.01735271748709963,1.0,1500,0.5544159976400176,0.06525917833003425,0.9958311125916056,0.004224065522884353,vicsek_eta0_6_deta0p5_steps3000_R20_v1
vicsek,rho_4,4,400,3,1026019,19,3000,0.04804422872254385,1.0,1500,0.519127022648564,0.11970680030039091,0.9893620919387075,0.021843470661668606,vicsek_eta0_6_deta0p5_steps3000_R20_v1
vicsek,rho_4,4,400,3.2000000000000002,1661000,0,3000,0.010875466120227478,1.0,1500,0.5025155484367179,0.07349353852034354,0.9907678214523651,0.012478731693871826,final_dense_eta_grid_steps3000_R20_v1
vicsek,rho_4,4,400,3.2000000000000002,1661001,1,3000,0.021839675029867257,1.0,1500,0.4942274025587606,0.064420143390028,0.9945636242504996,0.006768474059588417,final_dense_eta_grid_steps3000_R20_v1
vicsek,rho_4,4,400,3.2000000000000002,1661002,2,3000,0.014884930380282005,1.0,1500,0.5067471450557459,0.05202000130333938,0.997441705529647,0.002772599493362798,final_dense_eta_grid_steps3000_R20_v1
vicsek,rho_4,4,400,3.2000000000000002,1661003,3,3000,0.022796540565582602,1.0,1500,0.46857362298478694,0.10382684757817054,0.9925316455696203,0.016365602420785857,final_dense_eta_grid_steps3000_R20_v1
vicsek,rho_4,4,400,3.2000000000000002,1661004,4,3000,0.029086031207415028,1.0,1500,0.5092790470492391,0.07003776823339657,0.9928281145902732,0.011682128271946809,final_dense_eta_grid_steps3000_R20_v1
vicsek,rho_4,4,400,3.2000000000000002,1661005,5,3000,0.03441378168942395,1.0,1500,0.530049179642088,0.05172404571457243,0.9879530313124584,0.012720524804588434,final_dense_eta_grid_steps3000_R20_v1
vicsek,rho_4,4,400,3.2000000000000002,1661006,6,3000,0.0719613705222279,1.0,1500,0.5021396898427951,0.07681099842228763,0.9929247168554298,0.014978843463435611,final_dense_eta_grid_steps3000_R20_v1
vicsek,rho_4,4,400,3.2000000000000002,1661007,7,3000,0.006396571995330113,1.0,1500,0.5024805344382287,0.07790361029222063,0.9927698201199201,0.015521754582651804,final_dense_eta_grid_steps3000_R20_v1
vicsek,rho_4,4,400,3.2000000000000002,1661008,8,3000,0.03742374987040398,1.0,1500,0.5500890865534596,0.04458072049718194,0.9874950033311126,0.01204674474608546,final_dense_eta_grid_steps3000_R20_v1
vicsek,rho_4,4,400,3.2000000000000002,1661009,9,3000,0.043308300911493784,1.0,1500,0.519131478407659,0.04648243593790724,0.9970003331112591,0.005538927099480004,final_dense_eta_grid_steps3000_R20_v1
vicsek,rho_4,4,400,3.2000000000000002,1661010,10,3000,0.015617859038911075,1.0,1500,0.478717199462726,0.12218352868436845,0.9885809460359761,0.012479894958918087,final_dense_eta_grid_steps3000_R20_v1
vicsek,rho_4,4,400,3.2000000000000002,1661011,11,3000,0.0285891413857638,1.0,1500,0.49503198788918984,0.0907310380060389,0.9944870086608928,0.004825744078238356,final_dense_eta_grid_steps3000_R20_v1
vicsek,rho_4,4,400,3.2000000000000002,1661012,12,3000,0.08445874883781017,1.0,1500,0.4810504539748052,0.09588953830867841,0.992051965356429,0.009307016211849036,final_dense_eta_grid_steps3000_R20_v1
vicsek,rho_4,4,400,3.2000000000000002,1661013,13,3000,0.015825164982737172,1.0,1500,0.5195686358415973,0.06333584588022247,0.9779330446369088,0.041116018727417464,final_dense_eta_grid_steps3000_R20_v1
vicsek,rho_4,4,400,3.2000000000000002,1661014,14,3000,0.016927537650181006,1.0,1500,0.4824313868287991,0.0782186369092808,0.9816655562958028,0.04493387405379161,final_dense_eta_grid_steps3000_R20_v1
vicsek,rho_4,4,400,3.2000000000000002,1661015,15,3000,0.09983622013938015,1.0,1500,0.5061925241390757,0.06152677785320347,0.992813124583611,0.014721268416860951,final_dense_eta_grid_steps3000_R20_v1
vicsek,rho_4,4,400,3.2000000000000002,1661016,16,3000,0.05116956823628396,1.0,1500,0.48128754061300594,0.10527768600756318,0.9912858094603598,0.013511373740202696,final_dense_eta_grid_steps3000_R20_v1
vicsek,rho_4,4,400,3.2000000000000002,1661017,17,3000,0.01625714233354121,1.0,1500,0.5107711843638091,0.07167126274001555,0.9896319120586275,0.0415451712409433,final_dense_eta_grid_steps3000_R20_v1
vicsek,rho_4,4,400,3.2000000000000002,1661018,18,3000,0.07036820990837436,1.0,1500,0.528124535070433,0.05346889380823075,0.9892388407728182,0.011802466616904055,final_dense_eta_grid_steps3000_R20_v1
vicsek,rho_4,4,400,3.2000000000000002,1661019,19,3000,0.006128096165340635,1.0,1500,0.5066196890773644,0.08738586670610847,0.992719853431046,0.008058122817977123,final_dense_eta_grid_steps3000_R20_v1
vicsek,rho_4,4,400,3.3999999999999999,1661100,0,3000,0.006271385808925487,1.0,1500,0.5019285625470021,0.04604726400949443,0.9823967355096603,0.019810418829659494,final_dense_eta_grid_steps3000_R20_v1
vicsek,rho_4,4,400,3.3999999999999999,1661101,1,3000,0.05041417209602034,1.0,1500,0.43744367412638613,0.08104939382368302,0.9936925383077948,0.008484529811483382,final_dense_eta_grid_steps3000_R20_v1
vicsek,rho_4,4,400,3.3999999999999999,1661102,2,3000,0.04223240736459552,1.0,1500,0.420325894293977,0.09956013587193856,0.9917088607594937,0.007459831234456191,final_dense_eta_grid_steps3000_R20_v1
vicsek,rho_4,4,400,3.3999999999999999,1661103,3,3000,0.07033168633809865,1.0,1500,0.38589762544317074,0.11033328462175283,0.9907378414390406,0.010594867920523577,final_dense_eta_grid_steps3000_R20_v1
vicsek,rho_4,4,400,3.3999999999999999,1661104,4,3000,0.07304524810939635,1.0,1500,0.4112539394129224,0.1119285464246003,0.9936359093937375,0.007836426264868149,final_dense_eta_grid_steps3000_R20_v1
vicsek,rho_4,4,400,3.3999999999999999,1661105,5,3000,0.048585593350468956,1.0,1500,0.44039706310192894,0.10948693608463692,0.9926532311792139,0.005952832413511939,final_dense_eta_grid_steps3000_R20_v1
vicsek,rho_4,4,400,3.3999999999999999,1661106,6,3000,0.0363896225413668,1.0,1500,0.40070113504937177,0.11305006671396128,0.99467854763491,0.006162422347565084,final_dense_eta_grid_steps3000_R20_v1
vicsek,rho_4,4,400,3.3999999999999999,1661107,7,3000,0.08222179689703342,1.0,1500,0.46330622653809156,0.06439549339837561,0.9797051965356428,0.03603310898348912,final_dense_eta_grid_steps3000_R20_v1
vicsek,rho_4,4,400,3.3999999999999999,1661108,8,3000,0.03973482680428984,1.0,1500,0.41416364689048196,0.09865802384317986,0.9940656229180546,0.008674504370721278,final_dense_eta_grid_steps3000_R20_v1
vicsek,rho_4,4,400,3.3999999999999999,1661109,9,3000,0.014401570517730576,1.0,1500,0.46851715458280596,0.07324951852393112,0.987711525649567,0.024379905807844614,final_dense_eta_grid_steps3000_R20_v1
vicsek,rho_4,4,400,3.3999999999999999,1661110,10,3000,0.0073246069818553115,1.0,1500,0.41335397225706383,0.11667522774261906,0.9886292471685544,0.020779663642260346,final_dense_eta_grid_steps3000_R20_v1
vicsek,rho_4,4,400,3.3999999999999999,1661111,11,3000,0.08439951830896959,1.0,1500,0.42899532416910513,0.09227702780404821,0.9921935376415723,0.01317030929194598,final_dense_eta_grid_steps3000_R20_v1
vicsek,rho_4,4,400,3.3999999999999999,1661112,12,3000,0.021892688868894727,1.0,1500,0.4768151777035749,0.06640874992588937,0.9752681545636243,0.028998217429973473,final_dense_eta_grid_steps3000_R20_v1
vicsek,rho_4,4,400,3.3999999999999999,1661113,13,3000,0.0448712363593343,1.0,1500,0.3815147058337221,0.1065706106095026,0.9940473017988009,0.005621005003557938,final_dense_eta_grid_steps3000_R20_v1
vicsek,rho_4,4,400,3.3999999999999999,1661114,14,3000,0.020581662735576343,1.0,1500,0.4694392927262308,0.06877939193525126,0.9909277148567621,0.011031174620092524,final_dense_eta_grid_steps3000_R20_v1
vicsek,rho_4,4,400,3.3999999999999999,1661115,15,3000,0.030353265548444867,1.0,1500,0.5037418772308249,0.044320208556236126,0.980354763491006,0.020787579864980216,final_dense_eta_grid_steps3000_R20_v1
vicsek,rho_4,4,400,3.3999999999999999,1661116,16,3000,0.07566869542424011,1.0,1500,0.4442287087603994,0.07097212545693576,0.9935109926715523,0.020261195301789117,final_dense_eta_grid_steps3000_R20_v1
vicsek,rho_4,4,400,3.3999999999999999,1661117,17,3000,0.0176660407647008,1.0,1500,0.38535409666424714,0.11114196053393548,0.9965423051299134,0.00392124023741222,final_dense_eta_grid_steps3000_R20_v1
vicsek,rho_4,4,400,3.3999999999999999,1661118,18,3000,0.04880702903797728,1.0,1500,0.48653105937358954,0.056600953205239675,0.9871802131912059,0.016771061064475533,final_dense_eta_grid_steps3000_R20_v1
vicsek,rho_4,4,400,3.3999999999999999,1661119,19,3000,0.05498204698734485,1.0,1500,0.45503600752897,0.06432937973570585,0.9858494337108594,0.021160013009890073,final_dense_eta_grid_steps3000_R20_v1
vicsek,rho_4,4,400,3.6000000000000001,1661200,0,3000,0.045953453759297706,1.0,1500,0.4152434506153956,0.07924216886922748,0.9821019320453032,0.014410314528888616,final_dense_eta_grid_steps3000_R20_v1
vicsek,rho_4,4,400,3.6000000000000001,1661201,1,3000,0.009302027647580402,1.0,1500,0.3188759373775745,0.09475207449415222,0.9933944037308461,0.008272427291432146,final_dense_eta_grid_steps3000_R20_v1
vicsek,rho_4,4,400,3.6000000000000001,1661202,2,3000,0.0680534628994756,1.0,1500,0.4081755913466897,0.07106835118461599,0.9925149900066623,0.008733732864974118,final_dense_eta_grid_steps3000_R20_v1
vicsek,rho_4,4,400,3.6000000000000001,1661203,3,3000,0.06350317562743996,1.0,1500,0.404459443470596,0.06995831930184128,0.9911642238507661,0.011917207418634267,final_dense_eta_grid_steps3000_R20_v1
vicsek,rho_4,4,400,3.6000000000000001,1661204,4,3000,0.017710154297688616,1.0,1500,0.379123953202735,0.08191747487114907,0.9945369753497668,0.008332517307649017,final_dense_eta_grid_steps3000_R20_v1
vicsek,rho_4,4,400,3.6000000000000001,1661205,5,3000,0.05667337075547831,1.0,1500,0.3983035824304278,0.06436936267061362,0.9924283810792804,0.0061602544444853274,final_dense_eta_grid_steps3000_R20_v1
vicsek,rho_4,4,400,3.6000000000000001,1661206,6,3000,0.03372487011402658,1.0,1500,0.3871539485831014,0.09642385760032257,0.9904646902065289,0.010214460122308831,final_dense_eta_grid_steps3000_R20_v1
vicsek,rho_4,4,400,3.6000000000000001,1661207,7,3000,0.08476954454641782,1.0,1500,0.39032586979316247,0.10531229249495581,0.9939890073284476,0.005605987366293792,final_dense_eta_grid_steps3000_R20_v1
vicsek,rho_4,4,400,3.6000000000000001,1661208,8,3000,0.032377269224796265,1.0,1500,0.43737154615108786,0.056035287441159834,0.9631612258494336,0.07900435977202545,final_dense_eta_grid_steps3000_R20_v1
vicsek,rho_4,4,400,3.6000000000000001,1661209,9,3000,0.022401486498579534,1.0,1500,0.39859398439468047,0.08849882350071284,0.9867721518987341,0.009265985015854248,final_dense_eta_grid_steps3000_R20_v1
vicsek,rho_4,4,400,3.6000000000000001,1661210,10,3000,0.03493190140051953,1.0,1500,0.4044428141831337,0.07219593649515185,0.9809660226515656,0.017323618932588516,final_dense_eta_grid_steps3000_R20_v1
vicsek,rho_4,4,400,3.6000000000000001,1661211,11,3000,0.0656690713408261,1.0,1500,0.39728681942420474,0.11204199028037572,0.9848151232511658,0.015191536326219019,final_dense_eta_grid_steps3000_R20_v1
vicsek,rho_4,4,400,3.6000000000000001,1661212,12,3000,0.02555261878802793,1.0,1500,0.29848753700920755,0.12420977221913578,0.9949650233177882,0.005716743395158808,final_dense_eta_grid_steps3000_R20_v1
vicsek,rho_4,4,400,3.6000000000000001,1661213,13,3000,0.01764042881817551,1.0,1500,0.4030228318130286,0.07273671901160718,0.986655562958028,0.015435029120485454,final_dense_eta_grid_steps3000_R20_v1
vicsek,rho_4,4,400,3.6000000000000001,1661214,14,3000,0.054218365298049596,1.0,1500,0.34366822903175864,0.10185373633959949,0.9904596935376416,0.01340592139642132,final_dense_eta_grid_steps3000_R20_v1
vicsek,rho_4,4,400,3.6000000000000001,1661215,15,3000,0.03016205413589622,1.0,1500,0.3635900563381933,0.10103101163095259,0.9960309793471019,0.005009870966618972,final_dense_eta_grid_steps3000_R20_v1
vicsek,rho_4,4,400,3.6000000000000001,1661216,16,3000,0.008561785304933966,1.0,1500,0.36561920018686345,0.09297374448041963,0.9901965356429048,0.009032734237115763,final_dense_eta_grid_steps3000_R20_v1
vicsek,rho_4,4,400,3.6000000000000001,1661217,17,3000,0.04627192364319119,1.0,1500,0.36998961265072644,0.09405182967412666,0.9899267155229847,0.010851242302090884,final_dense_eta_grid_steps3000_R20_v1
vicsek,rho_4,4,400,3.6000000000000001,1661218,18,3000,0.045599545044507445,1.0,1500,0.39238922556128764,0.09554688756725432,0.9737641572285144,0.04855023437225471,final_dense_eta_grid_steps3000_R20_v1
vicsek,rho_4,4,400,3.6000000000000001,1661219,19,3000,0.028228338053365935,1.0,1500,0.37091022357247627,0.08762116926388464,0.9895952698201199,0.01898968611706363,final_dense_eta_grid_steps3000_R20_v1
vicsek,rho_4,4,400,3.7999999999999998,1661300,0,3000,0.040054704515243955,1.0,1500,0.3598262969622422,0.06684873119810499,0.9879880079946702,0.00927183251451143,final_dense_eta_grid_steps3000_R20_v1
vicsek,rho_4,4,400,3.7999999999999998,1661301,1,3000,0.03651919701173405,1.0,1500,0.3368929626227971,0.08328022166343643,0.9851765489673551,0.015353989048321295,final_dense_eta_grid_steps3000_R20_v1
vicsek,rho_4,4,400,3.7999999999999998,1661302,2,3000,0.051583846653866325,1.0,1500,0.361938105052317,0.061593412079257795,0.9898167888074616,0.008756823433392135,final_dense_eta_grid_steps3000_R20_v1
vicsek,rho_4,4,400,3.7999999999999998,1661303,3,3000,0.07617254161737813,1.0,1500,0.2985979908387171,0.08314399011127505,0.9913207861425717,0.007882497814802596,final_dense_eta_grid_steps3000_R20_v1
vicsek,rho_4,4,400,3.7999999999999998,1661304,4,3000,0.012678912808189391,1.0,1500,0.2665635230348028,0.10573645697602185,0.9939556962025317,0.0060797390607613706,final_dense_eta_grid_steps3000_R20_v1
vicsek,rho_4,4,400,3.7999999999999998,1661305,5,3000,0.05149455417759114,1.0,1500,0.28086706173761067,0.09646227169723548,0.9883094603597602,0.013143281168795198,final_dense_eta_grid_steps3000_R20_v1
vicsek,rho_4,4,400,3.7999999999999998,1661306,6,3000,0.04765774606201083,1.0,1500,0.31867368592777356,0.08140126726123775,0.9883510992671553,0.017046571211363798,final_dense_eta_grid_steps3000_R20_v1
vicsek,rho_4,4,400,3.7999999999999998,1661307,7,3000,0.08537924732267703,1.0,1500,0.3605601256986321,0.06447076947646932,0.991798800799467,0.007744708186305808,final_dense_eta_grid_steps3000_R20_v1
vicsek,rho_4,4,400,3.7999999999999998,1661308,8,3000,0.10071301942415561,1.0,1500,0.3463898519011603,0.0641800190867602,0.9922968021319121,0.007942499243772744,final_dense_eta_grid_steps3000_R20_v1
vicsek,rho_4,4,400,3.7999999999999998,1661309,9,3000,0.04871100775991282,1.0,1500,0.3367233273316899,0.09077923204233146,0.9882245169886742,0.011970798852475708,final_dense_eta_grid_steps3000_R20_v1
vicsek,rho_4,4,400,3.7999999999999998,1661310,10,3000,0.05047403453000302,1.0,1500,0.3100092127767267,0.08213497166759295,0.9961642238507662,0.004698382276540839,final_dense_eta_grid_steps3000_R20_v1
vicsek,rho_4,4,400,3.7999999999999998,1661311,11,3000,0.12794211245697906,1.0,1500,0.34306188142558025,0.07011181438052566,0.9847018654230513,0.0201817249470072,final_dense_eta_grid_steps3000_R20_v1
vicsek,rho_4,4,400,3.7999999999999998,1661312,12,3000,0.0387313648254134,1.0,1500,0.3569476997468507,0.06945578282174615,0.9832961359093938,0.020514673866031365,final_dense_eta_grid_steps3000_R20_v1
vicsek,rho_4,4,400,3.7999999999999998,1661313,13,3000,0.047970202451918825,1.0,1500,0.2973323333065866,0.09099160626484795,0.9934393737508327,0.013853304514696099,final_dense_eta_grid_steps3000_R20_v1
vicsek,rho_4,4,400,3.7999999999999998,1661314,14,3000,0.025843776393683758,1.0,1500,0.37376265002597964,0.06187732280989079,0.9836042638241174,0.02316141880211715,final_dense_eta_grid_steps3000_R20_v1
vicsek,rho_4,4,400,3.7999999999999998,1661315,15,3000,0.052411520989569055,1.0,1500,0.2969992997725276,0.1048029708561716,0.9906045969353764,0.012305314773421368,final_dense_eta_grid_steps3000_R20_v1
vicsek,rho_4,4,400,3.7999999999999998,1661316,16,3000,0.01838641165699197,1.0,1500,0.31117663573413623,0.10720158137867668,0.9846219187208528,0.015915419950096543,final_dense_eta_grid_steps3000_R20_v1
vicsek,rho_4,4,400,3.7999999999999998,1661317,17,3000,0.03925807218313169,1.0,1500,0.3601744383458427,0.06484004746089692,0.9799783477681545,0.02958960967751572,final_dense_eta_grid_steps3000_R20_v1
vicsek,rho_4,4,400,3.7999999999999998,1661318,18,3000,0.04485647201754306,1.0,1500,0.30678186244310923,0.11138567849765027,0.9919403730846104,0.006050801665359678,final_dense_eta_grid_steps3000_R20_v1
vicsek,rho_4,4,400,3.7999999999999998,1661319,19,3000,0.006765304977578422,1.0,1500,0.3765584202889888,0.05101788593525527,0.9865156562291806,0.01969583638078323,final_dense_eta_grid_steps3000_R20_v1
vicsek,rho_4,4,400,4,1028000,0,3000,0.02641789971340818,1.0,1500,0.2597270978940554,0.08154268456877947,0.9978047968021319,0.003729646560516441,vicsek_eta0_6_deta0p5_steps3000_R20_v1
vicsek,rho_4,4,400,4,1028001,1,3000,0.025666616874955903,1.0,1500,0.28607339792081693,0.07015940224476667,0.9842538307794804,0.0304935450457258,vicsek_eta0_6_deta0p5_steps3000_R20_v1
vicsek,rho_4,4,400,4,1028002,2,3000,0.05823185987518559,1.0,1500,0.21561002153573247,0.07541249241361841,0.9980979347101931,0.0023258251775581354,vicsek_eta0_6_deta0p5_steps3000_R20_v1
vicsek,rho_4,4,400,4,1028003,3,3000,0.037079462466044905,1.0,1500,0.2766703061485599,0.06797147273941598,0.9932828114590273,0.006592254986463861,vicsek_eta0_6_deta0p5_steps3000_R20_v1
vicsek,rho_4,4,400,4,1028004,4,3000,0.029663731048653257,1.0,1500,0.27257124597279614,0.08461028576875605,0.988877415056629,0.01175288089962001,vicsek_eta0_6_deta0p5_steps3000_R20_v1
vicsek,rho_4,4,400,4,1028005,5,3000,0.07895350224137744,1.0,1500,0.25410814371231316,0.10091702928486805,0.9841239173884078,0.04506600349631362,vicsek_eta0_6_deta0p5_steps3000_R20_v1
vicsek,rho_4,4,400,4,1028006,6,3000,0.023580300716725948,1.0,1500,0.2777967386946219,0.0832381332181295,0.9923201199200533,0.00917395846457078,vicsek_eta0_6_deta0p5_steps3000_R20_v1
vicsek,rho_4,4,400,4,1028007,7,3000,0.00833533056355382,1.0,1500,0.2706099701472424,0.07350222473905588,0.9898534310459693,0.01676825533447356,vicsek_eta0_6_deta0p5_steps3000_R20_v1
vicsek,rho_4,4,400,4,1028008,8,3000,0.01970962458377847,1.0,1500,0.2591526969544642,0.09526747295208722,0.99473017988008,0.010594526223968115,vicsek_eta0_6_deta0p5_steps3000_R20_v1
vicsek,rho_4,4,400,4,1028009,9,3000,0.03525242167670005,1.0,1500,0.2508527234021184,0.09586782038474695,0.9924983344437042,0.009762971890975464,vicsek_eta0_6_deta0p5_steps3000_R20_v1
vicsek,rho_4,4,400,4,1028010,10,3000,0.028731997434864365,1.0,1500,0.2829959306342151,0.08277798148273542,0.9891305796135909,0.013533778561647905,vicsek_eta0_6_deta0p5_steps3000_R20_v1
vicsek,rho_4,4,400,4,1028011,11,3000,0.04504323834812203,1.0,1500,0.21842333847951007,0.09418303511348385,0.9950999333777482,0.005799504331857019,vicsek_eta0_6_deta0p5_steps3000_R20_v1
vicsek,rho_4,4,400,4,1028012,12,3000,0.09396418857240649,1.0,1500,0.3010401509845375,0.06462000056927153,0.9946269153897401,0.004753488330825636,vicsek_eta0_6_deta0p5_steps3000_R20_v1
vicsek,rho_4,4,400,4,1028013,13,3000,0.05277724905040013,1.0,1500,0.28810290468916716,0.0752628730951624,0.9892838107928048,0.01585620125763509,vicsek_eta0_6_deta0p5_steps3000_R20_v1
vicsek,rho_4,4,400,4,1028014,14,3000,0.02174775466442215,1.0,1500,0.20586585809639987,0.08829516769559852,0.9926082611592272,0.01563850152309438,vicsek_eta0_6_deta0p5_steps3000_R20_v1
vicsek,rho_4,4,400,4,1028015,15,3000,0.04589801568309605,1.0,1500,0.24441332101051833,0.09898098248989942,0.9913424383744172,0.006293799846359038,vicsek_eta0_6_deta0p5_steps3000_R20_v1
vicsek,rho_4,4,400,4,1028016,16,3000,0.013152814231188087,1.0,1500,0.2702302529034806,0.08400373031521385,0.9970469686875417,0.004337673976683842,vicsek_eta0_6_deta0p5_steps3000_R20_v1
vicsek,rho_4,4,400,4,1028017,17,3000,0.06350987806150755,1.0,1500,0.2838549638247899,0.06584582704887587,0.9873717521652232,0.017692861553780092,vicsek_eta0_6_deta0p5_steps3000_R20_v1
vicsek,rho_4,4,400,4,1028018,18,3000,0.061615120669292915,1.0,1500,0.23871767732437307,0.07861476192670311,0.9983660892738175,0.002527211526028896,vicsek_eta0_6_deta0p5_steps3000_R20_v1
vicsek,rho_4,4,400,4,1028019,19,3000,0.01698286704940835,1.0,1500,0.2085375768215594,0.08748602422091128,0.99513491005996,0.006451733918996593,vicsek_eta0_6_deta0p5_steps3000_R20_v1
vicsek,rho_4,4,400,4.2000000000000002,1661400,0,3000,0.023938040171618914,1.0,1500,0.16514633316818642,0.07363925494742783,0.9976815456362425,0.0034005112691311936,final_dense_eta_grid_steps3000_R20_v1
vicsek,rho_4,4,400,4.2000000000000002,1661401,1,3000,0.019315840897819656,1.0,1500,0.25722190229635195,0.06645191853318047,0.9876015989340441,0.013341670459926104,final_dense_eta_grid_steps3000_R20_v1
vicsek,rho_4,4,400,4.2000000000000002,1661402,2,3000,0.009911038778280905,1.0,1500,0.22004510861587115,0.07098634592501062,0.9900183211192538,0.01119874499753435,final_dense_eta_grid_steps3000_R20_v1
vicsek,rho_4,4,400,4.2000000000000002,1661403,3,3000,0.05766148310904212,1.0,1500,0.1957006383808236,0.07132168220584914,0.991520652898068,0.021338424362417042,final_dense_eta_grid_steps3000_R20_v1
vicsek,rho_4,4,400,4.2000000000000002,1661404,4,3000,0.10407997485314648,1.0,1500,0.17510843794030953,0.08438238146520852,0.9960926049300466,0.00819617596257808,final_dense_eta_grid_steps3000_R20_v1
vicsek,rho_4,4,400,4.2000000000000002,1661405,5,3000,0.09249932218939667,1.0,1500,0.231147388017054,0.07835086027394542,0.9920619586942039,0.008019930114508383,final_dense_eta_grid_steps3000_R20_v1
vicsek,rho_4,4,400,4.2000000000000002,1661406,6,3000,0.04195227862869522,1.0,1500,0.19499327993063556,0.07587748728042541,0.9960059960026649,0.005708815140678811,final_dense_eta_grid_steps3000_R20_v1
vicsek,rho_4,4,400,4.2000000000000002,1661407,7,3000,0.07444475731481132,1.0,1500,0.25046227661678305,0.061529642060937806,0.9864690206528981,0.016238013761324527,final_dense_eta_grid_steps3000_R20_v1
vicsek,rho_4,4,400,4.2000000000000002,1661408,8,3000,0.04917836458963391,1.0,1500,0.19654034149032448,0.07458187102366758,0.99650399733511,0.007314140613135654,final_dense_eta_grid_steps3000_R20_v1
vicsek,rho_4,4,400,4.2000000000000002,1661409,9,3000,0.04682863061108429,1.0,1500,0.19871445357094916,0.0682371277658239,0.9982195203197869,0.00271606836282136,final_dense_eta_grid_steps3000_R20_v1
vicsek,rho_4,4,400,4.2000000000000002,1661410,10,3000,0.016877810253472045,1.0,1500,0.21382067492385612,0.06747126217563362,0.9938757495003332,0.01232496578765084,final_dense_eta_grid_steps3000_R20_v1
vicsek,rho_4,4,400,4.2000000000000002,1661411,11,3000,0.05926451231084531,1.0,1500,0.1827247666712545,0.08318427360259315,0.9960526315789474,0.007312471987806892,final_dense_eta_grid_steps3000_R20_v1
vicsek,rho_4,4,400,4.2000000000000002,1661412,12,3000,0.03523463596477165,1.0,1500,0.2467509212119885,0.06686603231891633,0.9898984010659561,0.018099275719964992,final_dense_eta_grid_steps3000_R20_v1
vicsek,rho_4,4,400,4.2000000000000002,1661413,13,3000,0.055225998965823864,1.0,1500,0.1901619055476425,0.0709629223108476,0.9969670219853431,0.005679868348463639,final_dense_eta_grid_steps3000_R20_v1
vicsek,rho_4,4,400,4.2000000000000002,1661414,14,3000,0.07007230459315568,1.0,1500,0.2161440085612291,0.06302070543845903,0.9911259160559628,0.00988431424690291,final_dense_eta_grid_steps3000_R20_v1
vicsek,rho_4,4,400,4.2000000000000002,1661415,15,3000,0.05889334833324861,1.0,1500,0.19588454078460452,0.07205087220689031,0.9979746835443039,0.003900028013248059,final_dense_eta_grid_steps3000_R20_v1
vicsek,rho_4,4,400,4.2000000000000002,1661416,16,3000,0.05833412108714213,1.0,1500,0.20553312979791524,0.08157961921153856,0.9964340439706862,0.005500104193374274,final_dense_eta_grid_steps3000_R20_v1
vicsek,rho_4,4,400,4.2000000000000002,1661417,17,3000,0.04133421833420203,1.0,1500,0.214115879383563,0.08144743914275472,0.9936925383077948,0.00621097309832736,final_dense_eta_grid_steps3000_R20_v1
vicsek,rho_4,4,400,4.2000000000000002,1661418,18,3000,0.014024451779101357,1.0,1500,0.19270053345310253,0.07526522542822431,0.9977548301132579,0.0030413295115219066,final_dense_eta_grid_steps3000_R20_v1
vicsek,rho_4,4,400,4.2000000000000002,1661419,19,3000,0.05355367419987444,1.0,1500,0.18469667900914766,0.0789406661848019,0.9964806795469686,0.0054824193433802805,final_dense_eta_grid_steps3000_R20_v1
vicsek,rho_4,4,400,4.4000000000000004,1661500,0,3000,0.03388722364024886,1.0,1500,0.14964490149294452,0.06478817570443243,0.9973384410393072,0.0077031479912676604,final_dense_eta_grid_steps3000_R20_v1
vicsek,rho_4,4,400,4.4000000000000004,1661501,1,3000,0.04972201535855465,1.0,1500,0.16169340668329338,0.07621248397123631,0.9923317788141239,0.006560398124454284,final_dense_eta_grid_steps3000_R20_v1
vicsek,rho_4,4,400,4.4000000000000004,1661502,2,3000,0.017409077676351102,1.0,1500,0.20869872794402408,0.0582412695733017,0.9934143904063958,0.006919338692836456,final_dense_eta_grid_steps3000_R20_v1
vicsek,rho_4,4,400,4.4000000000000004,1661503,3,3000,0.036252026365792965,1.0,1500,0.14317977087476383,0.061855707246164224,0.9975649566955364,0.0026730471427639487,final_dense_eta_grid_steps3000_R20_v1
vicsek,rho_4,4,400,4.4000000000000004,1661504,4,3000,0.09233195060049022,1.0,1500,0.13642994212526788,0.06581837512797376,0.9986375749500332,0.0031731972931368833,final_dense_eta_grid_steps3000_R20_v1
vicsek,rho_4,4,400,4.4000000000000004,1661505,5,3000,0.06230727451530738,1.0,1500,0.1480793915338461,0.06461879236016813,0.9965756162558296,0.004177815490794852,final_dense_eta_grid_steps3000_R20_v1
vicsek,rho_4,4,400,4.4000000000000004,1661506,6,3000,0.019212265844640055,1.0,1500,0.12607447100384503,0.058361770908357445,0.9988024650233178,0.001985319350715703,final_dense_eta_grid_steps3000_R20_v1
vicsek,rho_4,4,400,4.4000000000000004,1661507,7,3000,0.09274032957211889,1.0,1500,0.14316725879993109,0.05921898715445126,0.9978664223850767,0.004837359310141047,final_dense_eta_grid_steps3000_R20_v1
vicsek,rho_4,4,400,4.4000000000000004,1661508,8,3000,0.053456503085349466,1.0,1500,0.1535945203958253,0.06579979102240993,0.9934643570952698,0.007774955227129957,final_dense_eta_grid_steps3000_R20_v1
vicsek,rho_4,4,400,4.4000000000000004,1661509,9,3000,0.08640019666580352,1.0,1500,0.19722511320701894,0.07093448274565577,0.9909543637574951,0.009013245265614027,final_dense_eta_grid_steps3000_R20_v1
vicsek,rho_4,4,400,4.4000000000000004,1661510,10,3000,0.06278454883716181,1.0,1500,0.14842882493138493,0.0680774002405786,0.9988291139240507,0.002973726581439277,final_dense_eta_grid_steps3000_R20_v1
vicsek,rho_4,4,400,4.4000000000000004,1661511,11,3000,0.05143167472788072,1.0,1500,0.1477243305938941,0.05859615440541543,0.9978847435043304,0.0038259571942018335,final_dense_eta_grid_steps3000_R20_v1
vicsek,rho_4,4,400,4.4000000000000004,1661512,12,3000,0.06323791628415752,1.0,1500,0.14237802695088048,0.06437449226671474,0.995972684876749,0.0027655297172307805,final_dense_eta_grid_steps3000_R20_v1
vicsek,rho_4,4,400,4.4000000000000004,1661513,13,3000,0.014179452372001349,1.0,1500,0.13392645487077304,0.05829464303374466,0.9989307128580945,0.002824100870662393,final_dense_eta_grid_steps3000_R20_v1
vicsek,rho_4,4,400,4.4000000000000004,1661514,14,3000,0.04446661647870151,1.0,1500,0.13375213266367522,0.05609105806164342,0.999062291805463,0.002220209657557237,final_dense_eta_grid_steps3000_R20_v1
vicsek,rho_4,4,400,4.4000000000000004,1661515,15,3000,0.03906933570614883,1.0,1500,0.14641754960343256,0.06198710996729233,0.9961592271818789,0.007855305590389746,final_dense_eta_grid_steps3000_R20_v1
vicsek,rho_4,4,400,4.4000000000000004,1661516,16,3000,0.008951261361322276,1.0,1500,0.12840869457766435,0.05761280839775014,0.9988907395069954,0.0023695943818317295,final_dense_eta_grid_steps3000_R20_v1
vicsek,rho_4,4,400,4.4000000000000004,1661517,17,3000,0.07198345364758107,1.0,1500,0.1633428712748462,0.06471333285739732,0.9952698201199202,0.00957075836200415,final_dense_eta_grid_steps3000_R20_v1
vicsek,rho_4,4,400,4.4000000000000004,1661518,18,3000,0.059997196746701516,1.0,1500,0.1755419259524381,0.061649709465977656,0.9937341772151899,0.007342389530429642,final_dense_eta_grid_steps3000_R20_v1
vicsek,rho_4,4,400,4.4000000000000004,1661519,19,3000,0.027827580175267767,1.0,1500,0.14191305542846205,0.05835520835151076,0.9985692871419054,0.002528491100768084,final_dense_eta_grid_steps3000_R20_v1
vicsek,rho_4,4,400,4.5999999999999996,1661600,0,3000,0.027787963306658586,1.0,1500,0.11020512648156494,0.05231905611205272,0.9981262491672218,0.0026352585193041645,final_dense_eta_grid_steps3000_R20_v1
vicsek,rho_4,4,400,4.5999999999999996,1661601,1,3000,0.02488813133463478,1.0,1500,0.10971186993644112,0.05109442577167465,0.9996169220519653,0.0014949905647620475,final_dense_eta_grid_steps3000_R20_v1
vicsek,rho_4,4,400,4.5999999999999996,1661602,2,3000,0.12268994113735393,1.0,1500,0.10575018388509778,0.05110598735851425,0.9990839440373085,0.0015112112783616564,final_dense_eta_grid_steps3000_R20_v1
vicsek,rho_4,4,400,4.5999999999999996,1661603,3,3000,0.01976664244192299,1.0,1500,0.12649166610680493,0.057504615087970244,0.9935193204530314,0.005596672640192604,final_dense_eta_grid_steps3000_R20_v1
vicsek,rho_4,4,400,4.5999999999999996,1661604,4,3000,0.03556776820573454,1.0,1500,0.10500531812448158,0.05107526991489807,0.9993570952698202,0.0017443344924936593,final_dense_eta_grid_steps3000_R20_v1
vicsek,rho_4,4,400,4.5999999999999996,1661605,5,3000,0.02980078020676643,1.0,1500,0.1075865733031572,0.05353636304225384,0.9997518321119254,0.0008218402279161709,final_dense_eta_grid_steps3000_R20_v1
vicsek,rho_4,4,400,4.5999999999999996,1661606,6,3000,0.050752007094438,1.0,1500,0.11103177779592001,0.04977088007112898,0.999290473017988,0.002526587965011608,final_dense_eta_grid_steps3000_R20_v1
vicsek,rho_4,4,400,4.5999999999999996,1661607,7,3000,0.03726076342563479,1.0,1500,0.10108401013080212,0.05121382953779896,0.9997068620919387,0.0011164744526856256,final_dense_eta_grid_steps3000_R20_v1
vicsek,rho_4,4,400,4.5999999999999996,1661608,8,3000,0.023973095705795866,1.0,1500,0.11259366796593075,0.05274063073522483,0.9971302465023318,0.008110343565926041,final_dense_eta_grid_steps3000_R20_v1
vicsek,rho_4,4,400,4.5999999999999996,1661609,9,3000,0.03435985552286012,1.0,1500,0.10831019248101198,0.05544162053123082,0.9991372418387741,0.002113962998990498,final_dense_eta_grid_steps3000_R20_v1
vicsek,rho_4,4,400,4.5999999999999996,1661610,10,3000,0.03647039077482728,1.0,1500,0.10577988298278769,0.05250075095532049,0.9987824783477682,0.0017398662871705548,final_dense_eta_grid_steps3000_R20_v1
vicsek,rho_4,4,400,4.5999999999999996,1661611,11,3000,0.02051960708595878,1.0,1500,0.10995919241968138,0.05034841045547669,0.999290473017988,0.0014065028768342732,final_dense_eta_grid_steps3000_R20_v1
vicsek,rho_4,4,400,4.5999999999999996,1661612,12,3000,0.03084718966838437,1.0,1500,0.09214916055937442,0.04652219326704008,0.9998750832778148,0.0007046661432748497,final_dense_eta_grid_steps3000_R20_v1
vicsek,rho_4,4,400,4.5999999999999996,1661613,13,3000,0.04083371198194588,1.0,1500,0.10219534914595013,0.04907802352563975,0.9988357761492339,0.0014960015152070236,final_dense_eta_grid_steps3000_R20_v1
vicsek,rho_4,4,400,4.5999999999999996,1661614,14,3000,0.035104941136461086,1.0,1500,0.1113749168230424,0.051076227024058535,0.9971219187208528,0.0049844320513113384,final_dense_eta_grid_steps3000_R20_v1
vicsek,rho_4,4,400,4.5999999999999996,1661615,15,3000,0.04262503161241809,1.0,1500,0.1433801207092871,0.06265499469318528,0.9912175216522319,0.009089320232677991,final_dense_eta_grid_steps3000_R20_v1
vicsek,rho_4,4,400,4.5999999999999996,1661616,16,3000,0.013685434718433111,1.0,1500,0.1225475334413896,0.0556309987615174,0.9977415056628914,0.0040826491540898934,final_dense_eta_grid_steps3000_R20_v1
vicsek,rho_4,4,400,4.5999999999999996,1661617,17,3000,0.056806064250049006,1.0,1500,0.1442117947068672,0.05103725002145038,0.9966055962691539,0.007420150688276817,final_dense_eta_grid_steps3000_R20_v1
vicsek,rho_4,4,400,4.5999999999999996,1661618,18,3000,0.06987602117401509,1.0,1500,0.10988298535802898,0.05355361648295945,0.9991355762824784,0.0015957472267047923,final_dense_eta_grid_steps3000_R20_v1
vicsek,rho_4,4,400,4.5999999999999996,1661619,19,3000,0.1115110413851139,1.0,1500,0.12181269793636922,0.05490087816213719,0.9988074616922052,0.0019491976225574571,final_dense_eta_grid_steps3000_R20_v1
vicsek,rho_4,4,400,4.7999999999999998,1661700,0,3000,0.014932838545060643,1.0,1500,0.08289253662123729,0.04121863411876398,0.9998617588274484,0.0006656434858817551,final_dense_eta_grid_steps3000_R20_v1
vicsek,rho_4,4,400,4.7999999999999998,1661701,1,3000,0.04641139467240449,1.0,1500,0.07510977649494847,0.037871434587355375,0.9997518321119254,0.0010763051082309928,final_dense_eta_grid_steps3000_R20_v1
vicsek,rho_4,4,400,4.7999999999999998,1661702,2,3000,0.04225494267715038,1.0,1500,0.07598586487992709,0.040524224285397134,0.9999800133244504,0.00027303949551593724,final_dense_eta_grid_steps3000_R20_v1
vicsek,rho_4,4,400,4.7999999999999998,1661703,3,3000,0.014068419612258708,1.0,1500,0.07612810602644776,0.03827601173446462,0.9994986675549633,0.001115124457195949,final_dense_eta_grid_steps3000_R20_v1
vicsek,rho_4,4,400,4.7999999999999998,1661704,4,3000,0.022608041049140836,1.0,1500,0.07507244636664709,0.0379479829516609,0.9998434377081946,0.0006193137664030178,final_dense_eta_grid_steps3000_R20_v1
vicsek,rho_4,4,400,4.7999999999999998,1661705,5,3000,0.005048565771390832,1.0,1500,0.07959944414041321,0.039560217289609005,0.9999433710859427,0.0003719750680300004,final_dense_eta_grid_steps3000_R20_v1
vicsek,rho_4,4,400,4.7999999999999998,1661706,6,3000,0.07441246243509808,1.0,1500,0.08542750234732749,0.043260994338126156,0.9993287808127915,0.0014726004474646206,final_dense_eta_grid_steps3000_R20_v1
vicsek,rho_4,4,400,4.7999999999999998,1661707,7,3000,0.0256936528218956,1.0,1500,0.07939457265271918,0.03942341491589231,0.9997901399067288,0.0006932596731601255,final_dense_eta_grid_steps3000_R20_v1
vicsek,rho_4,4,400,4.7999999999999998,1661708,8,3000,0.05960798828361092,1.0,1500,0.0839759146041616,0.04135322278773907,0.9999983344437041,6.450671795815013e-05,final_dense_eta_grid_steps3000_R20_v1
vicsek,rho_4,4,400,4.7999999999999998,1661709,9,3000,0.06520527298672088,1.0,1500,0.08451741589905536,0.043215502268775394,0.9996668887408394,0.0010066217704219034,final_dense_eta_grid_steps3000_R20_v1
vicsek,rho_4,4,400,4.7999999999999998,1661710,10,3000,0.041020627240424073,1.0,1500,0.08513081445771233,0.040932303001276496,0.9974200532978015,0.004538341096027066,final_dense_eta_grid_steps3000_R20_v1
vicsek,rho_4,4,400,4.7999999999999998,1661711,11,3000,0.010883159486065235,1.0,1500,0.08695080367307097,0.042783414624689355,0.9999133910726182,0.0004750544969897318,final_dense_eta_grid_steps3000_R20_v1
vicsek,rho_4,4,400,4.7999999999999998,1661712,12,3000,0.03299379106253451,1.0,1500,0.08537403212489901,0.04285322774397703,0.9997068620919387,0.0008737870894656509,final_dense_eta_grid_steps3000_R20_v1
vicsek,rho_4,4,400,4.7999999999999998,1661713,13,3000,0.06656467318986951,1.0,1500,0.08896156233593289,0.04275475551436342,0.9993171219187208,0.001774242003786559,final_dense_eta_grid_steps3000_R20_v1
vicsek,rho_4,4,400,4.7999999999999998,1661714,14,3000,0.07991369885583015,1.0,1500,0.08428473220969646,0.0413220087613879,0.9974383744170553,0.004407843051743772,final_dense_eta_grid_steps3000_R20_v1
vicsek,rho_4,4,400,4.7999999999999998,1661715,15,3000,0.04756237249930236,1.0,1500,0.07624149044837972,0.03941911140879153,0.9998867421718853,0.000608482220287002,final_dense_eta_grid_steps3000_R20_v1
vicsek,rho_4,4,400,4.7999999999999998,1661716,16,3000,0.02974701218974414,1.0,1500,0.08787094304093461,0.043048167541650015,0.9981112591605596,0.004310014964490056,final_dense_eta_grid_steps3000_R20_v1
vicsek,rho_4,4,400,4.7999999999999998,1661717,17,3000,0.02976965702570816,1.0,1500,0.08263456409487865,0.04026079576884686,0.9976132578281146,0.007582798398905344,final_dense_eta_grid_steps3000_R20_v1
vicsek,rho_4,4,400,4.7999999999999998,1661718,18,3000,0.047775837128632134,1.0,1500,0.08250958013547512,0.04156544537572017,0.9990689540306462,0.0024510685453238753,final_dense_eta_grid_steps3000_R20_v1
vicsek,rho_4,4,400,4.7999999999999998,1661719,19,3000,0.029926384457524335,1.0,1500,0.08651453300698873,0.04218748703432707,0.9997618254497002,0.0008146324211103929,final_dense_eta_grid_steps3000_R20_v1
vicsek,rho_4,4,400,5,1030000,0,3000,0.04207802501931756,1.0,1500,0.06555198544712511,0.03420931819862085,0.9998650899400399,0.0005936207135349073,vicsek_eta0_6_deta0p5_steps3000_R20_v1
vicsek,rho_4,4,400,5,1030001,1,3000,0.0380325371930593,1.0,1500,0.06582402531521095,0.03363546256616823,0.9999733510992672,0.00025673349590935756,vicsek_eta0_6_deta0p5_steps3000_R20_v1
vicsek,rho_4,4,400,5,1030002,2,3000,0.06978697215677482,1.0,1500,0.062234433606457605,0.03334168109411537,0.9995786142571619,0.0009578816838331757,vicsek_eta0_6_deta0p5_steps3000_R20_v1
vicsek,rho_4,4,400,5,1030003,3,3000,0.010462974837532175,1.0,1500,0.06899039608245369,0.03547367098316547,0.9991289140572952,0.0018865746678280943,vicsek_eta0_6_deta0p5_steps3000_R20_v1
vicsek,rho_4,4,400,5,1030004,4,3000,0.05553369543906756,1.0,1500,0.069749679457436,0.03513153207954736,0.9998967355096603,0.0004974913776984381,vicsek_eta0_6_deta0p5_steps3000_R20_v1
vicsek,rho_4,4,400,5,1030005,5,3000,0.030131222299982868,1.0,1500,0.0670188595200665,0.032754369639303026,0.9992604930046636,0.002190790978933271,vicsek_eta0_6_deta0p5_steps3000_R20_v1
vicsek,rho_4,4,400,5,1030006,6,3000,0.03571343746564647,1.0,1500,0.06757375486066435,0.035717023342727625,0.9994586942038641,0.0018642181080344353,vicsek_eta0_6_deta0p5_steps3000_R20_v1
vicsek,rho_4,4,400,5,1030007,7,3000,0.09598726607097502,1.0,1500,0.062488820255514076,0.03229851726858584,0.9998917388407729,0.0006773471598575339,vicsek_eta0_6_deta0p5_steps3000_R20_v1
vicsek,rho_4,4,400,5,1030008,8,3000,0.061021431115191635,1.0,1500,0.06222169898836306,0.03238250506677614,0.9999933377748168,0.0002580268718326063,vicsek_eta0_6_deta0p5_steps3000_R20_v1
vicsek,rho_4,4,400,5,1030009,9,3000,0.01461496436239677,1.0,1500,0.06356270632642694,0.03405085798190005,0.9999883411059294,0.00017032705412117538,vicsek_eta0_6_deta0p5_steps3000_R20_v1
vicsek,rho_4,4,400,5,1030010,10,3000,0.034130609721683774,1.0,1500,0.06766201286157918,0.03459038022317135,0.9993937375083277,0.001988608654009037,vicsek_eta0_6_deta0p5_steps3000_R20_v1
vicsek,rho_4,4,400,5,1030011,11,3000,0.030933264920323552,1.0,1500,0.06698736473392713,0.03452544909851634,0.9994970019986676,0.001070542058552524,vicsek_eta0_6_deta0p5_steps3000_R20_v1
vicsek,rho_4,4,400,5,1030012,12,3000,0.061861507069055396,1.0,1500,0.06341804384620274,0.03338318516947276,1.0,0.0,vicsek_eta0_6_deta0p5_steps3000_R20_v1
vicsek,rho_4,4,400,5,1030013,13,3000,0.04663734635331327,1.0,1500,0.06595665027193048,0.034135867649214856,0.9999533644237175,0.00033825148001301065,vicsek_eta0_6_deta0p5_steps3000_R20_v1
vicsek,rho_4,4,400,5,1030014,14,3000,0.059265869702250014,1.0,1500,0.07065781717207417,0.034231302065975674,0.9991272485009993,0.0018217897095188862,vicsek_eta0_6_deta0p5_steps3000_R20_v1
vicsek,rho_4,4,400,5,1030015,15,3000,0.06418620121683478,1.0,1500,0.0682635006430347,0.034610495175590505,0.9997684876748834,0.0008756075142448084,vicsek_eta0_6_deta0p5_steps3000_R20_v1
vicsek,rho_4,4,400,5,1030016,16,3000,0.03161305526941844,1.0,1500,0.06671559423115382,0.03573387220256407,0.9997751499000666,0.000787292094219521,vicsek_eta0_6_deta0p5_steps3000_R20_v1
vicsek,rho_4,4,400,5,1030017,17,3000,0.04035776967548876,1.0,1500,0.0691676490968505,0.0348755523011366,0.998825782811459,0.0016550836642016931,vicsek_eta0_6_deta0p5_steps3000_R20_v1
vicsek,rho_4,4,400,5,1030018,18,3000,0.0418251573980834,1.0,1500,0.0629481669550034,0.032603069640255444,0.9999950033311127,0.00011165440214586283,vicsek_eta0_6_deta0p5_steps3000_R20_v1
vicsek,rho_4,4,400,5,1030019,19,3000,0.01100199773276548,1.0,1500,0.06582904947388288,0.034268983638991224,0.9996718854097268,0.00111979153750537,vicsek_eta0_6_deta0p5_steps3000_R20_v1
vicsek,rho_4,4,400,5.2000000000000002,1661800,0,3000,0.09598932456061984,1.0,1500,0.056063952367048656,0.030108169615163865,0.9999950033311127,0.00011165440214586283,final_dense_eta_grid_steps3000_R20_v1
vicsek,rho_4,4,400,5.2000000000000002,1661801,1,3000,0.04691469226983891,1.0,1500,0.05505701669301385,0.029271078617953947,0.9999966688874083,9.119586157230865e-05,final_dense_eta_grid_steps3000_R20_v1
vicsek,rho_4,4,400,5.2000000000000002,1661802,2,3000,0.046181633204529476,1.0,1500,0.05597144516311339,0.028858161569693133,0.9999300466355763,0.0007209415787591094,final_dense_eta_grid_steps3000_R20_v1
vicsek,rho_4,4,400,5.2000000000000002,1661803,3,3000,0.03242818342882261,1.0,1500,0.057471074285069194,0.029997123269642198,0.9999933377748168,0.00018239172314462137,final_dense_eta_grid_steps3000_R20_v1
vicsek,rho_4,4,400,5.2000000000000002,1661804,4,3000,0.020489581730865215,1.0,1500,0.05707736639024046,0.029517625369685753,0.9999616922051966,0.000494168054904609,final_dense_eta_grid_steps3000_R20_v1
vicsek,rho_4,4,400,5.2000000000000002,1661805,5,3000,0.02606129782561647,1.0,1500,0.05493996694101012,0.028540486262183265,0.9999566955363091,0.00032616848813400603,final_dense_eta_grid_steps3000_R20_v1
vicsek,rho_4,4,400,5.2000000000000002,1661806,6,3000,0.08347417487266261,1.0,1500,0.05851837511041125,0.029447347719978454,0.9999966688874083,9.119586157230865e-05,final_dense_eta_grid_steps3000_R20_v1
vicsek,rho_4,4,400,5.2000000000000002,1661807,7,3000,0.03889485270763821,1.0,1500,0.05686920049060185,0.028715393256484544,0.9999900066622252,0.0001577449765829623,final_dense_eta_grid_steps3000_R20_v1
vicsek,rho_4,4,400,5.2000000000000002,1661808,8,3000,0.038904124023050664,1.0,1500,0.0573206714293857,0.030192375269734506,0.9997501665556295,0.001219241815707857,final_dense_eta_grid_steps3000_R20_v1
vicsek,rho_4,4,400,5.2000000000000002,1661809,9,3000,0.03934825285397409,1.0,1500,0.057055948937853374,0.029532468495253632,1.0,0.0,final_dense_eta_grid_steps3000_R20_v1
vicsek,rho_4,4,400,5.2000000000000002,1661810,10,3000,0.03741641073566176,1.0,1500,0.05757821185564673,0.029318556319586415,0.9999017321785476,0.0005425011145159145,final_dense_eta_grid_steps3000_R20_v1
vicsek,rho_4,4,400,5.2000000000000002,1661811,11,3000,0.026931280922012576,1.0,1500,0.054379023604226376,0.028917838931935978,0.9999866755496336,0.00018202633034395681,final_dense_eta_grid_steps3000_R20_v1
vicsek,rho_4,4,400,5.2000000000000002,1661812,12,3000,0.0254458335262663,1.0,1500,0.05566321105549617,0.028742160797431093,0.9999966688874083,9.119586157230865e-05,final_dense_eta_grid_steps3000_R20_v1
vicsek,rho_4,4,400,5.2000000000000002,1661813,13,3000,0.05418257152572146,1.0,1500,0.055178892673237785,0.02824658054660179,1.0,0.0,final_dense_eta_grid_steps3000_R20_v1
vicsek,rho_4,4,400,5.2000000000000002,1661814,14,3000,0.04903970345375111,1.0,1500,0.056967056917763166,0.029566665173713702,1.0,0.0,final_dense_eta_grid_steps3000_R20_v1
vicsek,rho_4,4,400,5.2000000000000002,1661815,15,3000,0.03907845561479491,0.9975,1500,0.056972619591713305,0.028708268261523485,0.9998867421718853,0.001058182850700516,final_dense_eta_grid_steps3000_R20_v1
vicsek,rho_4,4,400,5.2000000000000002,1661816,16,3000,0.039972893546774524,1.0,1500,0.05788306443087355,0.029817147339798854,0.9998384410393071,0.0006280538726176525,final_dense_eta_grid_steps3000_R20_v1
vicsek,rho_4,4,400,5.2000000000000002,1661817,17,3000,0.0759523619630917,1.0,1500,0.057204430767098864,0.029323777876285616,1.0,0.0,final_dense_eta_grid_steps3000_R20_v1
vicsek,rho_4,4,400,5.2000000000000002,1661818,18,3000,0.023605771481875256,1.0,1500,0.05778823077658299,0.029745740222654214,1.0,0.0,final_dense_eta_grid_steps3000_R20_v1
vicsek,rho_4,4,400,5.2000000000000002,1661819,19,3000,0.06001735493393604,1.0,1500,0.05590964295761186,0.02953502049072993,0.999983344437042,0.00022291092637336944,final_dense_eta_grid_steps3000_R20_v1
vicsek,rho_4,4,400,5.4000000000000004,1661900,0,3000,0.026853155648792003,1.0,1500,0.052681263186914386,0.027236225637676824,0.9997318454363758,0.0007736145933655134,final_dense_eta_grid_steps3000_R20_v1
vicsek,rho_4,4,400,5.4000000000000004,1661901,1,3000,0.01945746422495737,1.0,1500,0.05236617204766018,0.02728027028251776,0.9999983344437041,6.450671795815013e-05,final_dense_eta_grid_steps3000_R20_v1
vicsek,rho_4,4,400,5.4000000000000004,1661902,2,3000,0.046765951450968554,1.0,1500,0.05124462587883721,0.0262910527256534,0.9999983344437041,6.450671795815013e-05,final_dense_eta_grid_steps3000_R20_v1
vicsek,rho_4,4,400,5.4000000000000004,1661903,3,3000,0.020720275113345652,1.0,1500,0.05115822710321174,0.026848271429087533,1.0,0.0,final_dense_eta_grid_steps3000_R20_v1
vicsek,rho_4,4,400,5.4000000000000004,1661904,4,3000,0.023606041734697377,1.0,1500,0.05072953792299007,0.027411463478759335,0.9999816788807462,0.00021323023876519464,final_dense_eta_grid_steps3000_R20_v1
vicsek,rho_4,4,400,5.4000000000000004,1661905,5,3000,0.025268539915202906,1.0,1500,0.0521701802953035,0.026284445908262028,0.9999883411059294,0.00028103023723379276,final_dense_eta_grid_steps3000_R20_v1
vicsek,rho_4,4,400,5.4000000000000004,1661906,6,3000,0.03758557588684328,1.0,1500,0.051575724957698264,0.026361031305724498,1.0,0.0,final_dense_eta_grid_steps3000_R20_v1
vicsek,rho_4,4,400,5.4000000000000004,1661907,7,3000,0.005229685402284651,1.0,1500,0.05035099521848187,0.02619229695767961,1.0,0.0,final_dense_eta_grid_steps3000_R20_v1
vicsek,rho_4,4,400,5.4000000000000004,1661908,8,3000,0.07459103983560081,1.0,1500,0.050112310859341036,0.02662522271231661,1.0,0.0,final_dense_eta_grid_steps3000_R20_v1
vicsek,rho_4,4,400,5.4000000000000004,1661909,9,3000,0.01037672972351504,1.0,1500,0.05105296899723204,0.0266789098760777,0.9999900066622252,0.00022330880429173063,final_dense_eta_grid_steps3000_R20_v1
vicsek,rho_4,4,400,5.4000000000000004,1661910,10,3000,0.039769315882458994,1.0,1500,0.05249827589310095,0.027583264829591017,0.9999533644237175,0.00033825148001301065,final_dense_eta_grid_steps3000_R20_v1
vicsek,rho_4,4,400,5.4000000000000004,1661911,11,3000,0.027348841836994642,1.0,1500,0.05085059311837032,0.027037523606445034,0.9999700199866755,0.0002721235603768783,final_dense_eta_grid_steps3000_R20_v1
vicsek,rho_4,4,400,5.4000000000000004,1661912,12,3000,0.03877080852695604,1.0,1500,0.04993815954601854,0.02603235092643771,0.9999900066622252,0.0001577449765829623,final_dense_eta_grid_steps3000_R20_v1
vicsek,rho_4,4,400,5.4000000000000004,1661913,13,3000,0.01940952085023154,1.0,1500,0.05063161164175551,0.02684294293526189,0.9999367088607595,0.0005041383317533696,final_dense_eta_grid_steps3000_R20_v1
vicsek,rho_4,4,400,5.4000000000000004,1661914,14,3000,0.028344324055025506,1.0,1500,0.051514367471815134,0.02710084983570387,0.9999317121918722,0.0004075000559274377,final_dense_eta_grid_steps3000_R20_v1
vicsek,rho_4,4,400,5.4000000000000004,1661915,15,3000,0.06293578353069827,1.0,1500,0.052460139561159545,0.027244897307359506,0.9998334443704198,0.0006930035299152216,final_dense_eta_grid_steps3000_R20_v1
vicsek,rho_4,4,400,5.4000000000000004,1661916,16,3000,0.069635831809076,1.0,1500,0.05162103130578147,0.026752865857505352,0.9999583610926049,0.00031994291659390633,final_dense_eta_grid_steps3000_R20_v1
vicsek,rho_4,4,400,5.4000000000000004,1661917,17,3000,0.04262662137378119,1.0,1500,0.05175749054025804,0.026990069698219796,0.9997534976682213,0.0007453136453028477,final_dense_eta_grid_steps3000_R20_v1
vicsek,rho_4,4,400,5.4000000000000004,1661918,18,3000,0.05010188581708829,1.0,1500,0.05067625510345701,0.026613154746543088,0.9999900066622252,0.0001577449765829623,final_dense_eta_grid_steps3000_R20_v1
vicsek,rho_4,4,400,5.4000000000000004,1661919,19,3000,0.059759830144700314,1.0,1500,0.051676134204480154,0.026847246603962347,1.0,0.0,final_dense_eta_grid_steps3000_R20_v1
vicsek,rho_4,4,400,5.5999999999999996,1662000,0,3000,0.028526036006064195,1.0,1500,0.04807474682060611,0.0251429549981897,1.0,0.0,final_dense_eta_grid_steps3000_R20_v1
vicsek,rho_4,4,400,5.5999999999999996,1662001,1,3000,0.007877486834052837,1.0,1500,0.047840700646128845,0.025137006174688555,0.9999800133244504,0.00022263697283819576,final_dense_eta_grid_steps3000_R20_v1
vicsek,rho_4,4,400,5.5999999999999996,1662002,2,3000,0.036403494062390754,1.0,1500,0.04859119192957731,0.02485634882382454,1.0,0.0,final_dense_eta_grid_steps3000_R20_v1
vicsek,rho_4,4,400,5.5999999999999996,1662003,3,3000,0.0808936556776494,1.0,1500,0.04778079376315557,0.024960283680924043,1.0,0.0,final_dense_eta_grid_steps3000_R20_v1
vicsek,rho_4,4,400,5.5999999999999996,1662004,4,3000,0.012710074891410154,1.0,1500,0.04818721461199209,0.024509473265271253,0.9999650233177881,0.0003334691614949379,final_dense_eta_grid_steps3000_R20_v1
vicsek,rho_4,4,400,5.5999999999999996,1662005,5,3000,0.036820849371538567,1.0,1500,0.04789652020649903,0.025191494217719435,0.9999916722185209,0.00014404895609886203,final_dense_eta_grid_steps3000_R20_v1
vicsek,rho_4,4,400,5.5999999999999996,1662006,6,3000,0.05615372905839848,1.0,1500,0.049679501821658534,0.02596682473016482,1.0,0.0,final_dense_eta_grid_steps3000_R20_v1
vicsek,rho_4,4,400,5.5999999999999996,1662007,7,3000,0.018150096076840323,1.0,1500,0.047402150019257905,0.025206827483136813,0.9999983344437041,6.450671795815013e-05,final_dense_eta_grid_steps3000_R20_v1
vicsek,rho_4,4,400,5.5999999999999996,1662008,8,3000,0.04637165187127246,1.0,1500,0.048562963595173946,0.02528200633100454,0.9999916722185209,0.00014404895609886203,final_dense_eta_grid_steps3000_R20_v1
vicsek,rho_4,4,400,5.5999999999999996,1662009,9,3000,0.07228381556417011,1.0,1500,0.048055008039710356,0.024631382270828853,0.9999533644237175,0.0004806277191727432,final_dense_eta_grid_steps3000_R20_v1
vicsek,rho_4,4,400,5.5999999999999996,1662010,10,3000,0.033499414690104395,1.0,1500,0.047907289061357224,0.02537515236404149,1.0,0.0,final_dense_eta_grid_steps3000_R20_v1
vicsek,rho_4,4,400,5.5999999999999996,1662011,11,3000,0.022152532529346097,1.0,1500,0.04882542161306499,0.025599414368469544,1.0,0.0,final_dense_eta_grid_steps3000_R20_v1
vicsek,rho_4,4,400,5.5999999999999996,1662012,12,3000,0.044109916308473884,1.0,1500,0.047363408651411074,0.024773430719821892,1.0,0.0,final_dense_eta_grid_steps3000_R20_v1
vicsek,rho_4,4,400,5.5999999999999996,1662013,13,3000,0.11170455223360203,1.0,1500,0.04693412912110451,0.024657439187645055,1.0,0.0,final_dense_eta_grid_steps3000_R20_v1
vicsek,rho_4,4,400,5.5999999999999996,1662014,14,3000,0.07920841426126991,1.0,1500,0.048792812274576075,0.025723930932571866,1.0,0.0,final_dense_eta_grid_steps3000_R20_v1
vicsek,rho_4,4,400,5.5999999999999996,1662015,15,3000,0.04651082426468633,1.0,1500,0.04739458320332533,0.02460378915226481,0.9999983344437041,6.450671795815013e-05,final_dense_eta_grid_steps3000_R20_v1
vicsek,rho_4,4,400,5.5999999999999996,1662016,16,3000,0.017733976183177666,1.0,1500,0.04747232547192715,0.02532626729664287,1.0,0.0,final_dense_eta_grid_steps3000_R20_v1
vicsek,rho_4,4,400,5.5999999999999996,1662017,17,3000,0.049373400289549514,1.0,1500,0.04924373283992064,0.0250488174406736,0.9999033977348435,0.000688243654637973,final_dense_eta_grid_steps3000_R20_v1
vicsek,rho_4,4,400,5.5999999999999996,1662018,18,3000,0.0801648887992583,1.0,1500,0.04731981308407651,0.024109181885210638,1.0,0.0,final_dense_eta_grid_steps3000_R20_v1
vicsek,rho_4,4,400,5.5999999999999996,1662019,19,3000,0.022756539908261098,1.0,1500,0.048549110262958786,0.025540779265580668,1.0,0.0,final_dense_eta_grid_steps3000_R20_v1
vicsek,rho_4,4,400,5.7999999999999998,1662100,0,3000,0.06958157575016018,1.0,1500,0.046142235655362976,0.02424046567254864,1.0,0.0,final_dense_eta_grid_steps3000_R20_v1
vicsek,rho_4,4,400,5.7999999999999998,1662101,1,3000,0.06329533912892224,1.0,1500,0.04606394819484826,0.0234158291853315,0.9999167221852099,0.0004486193737893186,final_dense_eta_grid_steps3000_R20_v1
vicsek,rho_4,4,400,5.7999999999999998,1662102,2,3000,0.007199696641783105,1.0,1500,0.04657713733080535,0.02406166048460716,1.0,0.0,final_dense_eta_grid_steps3000_R20_v1
vicsek,rho_4,4,400,5.7999999999999998,1662103,3,3000,0.03532437155637011,1.0,1500,0.04677652581703916,0.023987470946623284,1.0,0.0,final_dense_eta_grid_steps3000_R20_v1
vicsek,rho_4,4,400,5.7999999999999998,1662104,4,3000,0.018309842510437834,1.0,1500,0.04491759194173921,0.0235973619616972,1.0,0.0,final_dense_eta_grid_steps3000_R20_v1
vicsek,rho_4,4,400,5.7999999999999998,1662105,5,3000,0.021488864451983693,1.0,1500,0.045791956925869376,0.02477091412444266,0.999983344437042,0.00020337526795955146,final_dense_eta_grid_steps3000_R20_v1
vicsek,rho_4,4,400,5.7999999999999998,1662106,6,3000,0.061513007375798026,1.0,1500,0.045675171426933475,0.024536044681662827,1.0,0.0,final_dense_eta_grid_steps3000_R20_v1
vicsek,rho_4,4,400,5.7999999999999998,1662107,7,3000,0.04089736438178289,1.0,1500,0.04641629254843408,0.02436252359510594,1.0,0.0,final_dense_eta_grid_steps3000_R20_v1
vicsek,rho_4,4,400,5.7999999999999998,1662108,8,3000,0.05184671236543629,1.0,1500,0.0460583614661939,0.023626893844545586,0.9999516988674217,0.00043973840558732464,final_dense_eta_grid_steps3000_R20_v1
vicsek,rho_4,4,400,5.7999999999999998,1662109,9,3000,0.019869933616503334,1.0,1500,0.046363105497211884,0.023634126201740248,0.9999200532978015,0.0004398582502396726,final_dense_eta_grid_steps3000_R20_v1
vicsek,rho_4,4,400,5.7999999999999998,1662110,10,3000,0.014242891972892711,1.0,1500,0.045747565584300126,0.023453690590624226,1.0,0.0,final_dense_eta_grid_steps3000_R20_v1
vicsek,rho_4,4,400,5.7999999999999998,1662111,11,3000,0.0073856102278187395,1.0,1500,0.046735491071243064,0.02443236138618023,1.0,0.0,final_dense_eta_grid_steps3000_R20_v1
vicsek,rho_4,4,400,5.7999999999999998,1662112,12,3000,0.04059726453285311,1.0,1500,0.04583617141874782,0.02454529352104016,0.9999883411059294,0.00023236748869547334,final_dense_eta_grid_steps3000_R20_v1
vicsek,rho_4,4,400,5.7999999999999998,1662113,13,3000,0.09457497949599736,1.0,1500,0.04587299183284404,0.023706532157882203,1.0,0.0,final_dense_eta_grid_steps3000_R20_v1
vicsek,rho_4,4,400,5.7999999999999998,1662114,14,3000,0.024429298408864746,1.0,1500,0.046522333536929666,0.02348953077543982,1.0,0.0,final_dense_eta_grid_steps3000_R20_v1
vicsek,rho_4,4,400,5.7999999999999998,1662115,15,3000,0.03514005375438556,1.0,1500,0.046667085644039964,0.024512420612747103,0.9999700199866755,0.0002721235603768783,final_dense_eta_grid_steps3000_R20_v1
vicsek,rho_4,4,400,5.7999999999999998,1662116,16,3000,0.03344743317994542,1.0,1500,0.045202310322948205,0.024050327708792462,1.0,0.0,final_dense_eta_grid_steps3000_R20_v1
vicsek,rho_4,4,400,5.7999999999999998,1662117,17,3000,0.07272714950996838,1.0,1500,0.04732128857036274,0.02447154425296894,1.0,0.0,final_dense_eta_grid_steps3000_R20_v1
vicsek,rho_4,4,400,5.7999999999999998,1662118,18,3000,0.014503679010867222,1.0,1500,0.046398661338003876,0.02395711073612731,1.0,0.0,final_dense_eta_grid_steps3000_R20_v1
vicsek,rho_4,4,400,5.7999999999999998,1662119,19,3000,0.0807962911433426,1.0,1500,0.04647374184213755,0.02372235876337508,1.0,0.0,final_dense_eta_grid_steps3000_R20_v1
vicsek,rho_4,4,400,6,1032000,0,3000,0.021259488619871692,1.0,1500,0.04514603997458766,0.023779660666137115,0.9999983344437041,6.450671795815015e-05,vicsek_eta0_6_deta0p5_steps3000_R20_v1
vicsek,rho_4,4,400,6,1032001,1,3000,0.0726843644287111,1.0,1500,0.04441769695249627,0.023496209920131034,1.0,0.0,vicsek_eta0_6_deta0p5_steps3000_R20_v1
vicsek,rho_4,4,400,6,1032002,2,3000,0.08180844418086433,1.0,1500,0.04492700631261455,0.023787078412442597,0.999983344437042,0.00020337526795955144,vicsek_eta0_6_deta0p5_steps3000_R20_v1
vicsek,rho_4,4,400,6,1032003,3,3000,0.008143892461352477,1.0,1500,0.04547112065861676,0.02401307820690003,0.9999966688874083,0.00012901343591630314,vicsek_eta0_6_deta0p5_steps3000_R20_v1
vicsek,rho_4,4,400,6,1032004,4,3000,0.030291982865464216,1.0,1500,0.044696892261672026,0.023245664400673004,1.0,0.0,vicsek_eta0_6_deta0p5_steps3000_R20_v1
vicsek,rho_4,4,400,6,1032005,5,3000,0.04897367626876286,1.0,1500,0.0454833903369946,0.02312898577554078,1.0,0.0,vicsek_eta0_6_deta0p5_steps3000_R20_v1
vicsek,rho_4,4,400,6,1032006,6,3000,0.05809029327373862,1.0,1500,0.04542484378088485,0.023127481151608335,1.0,0.0,vicsek_eta0_6_deta0p5_steps3000_R20_v1
vicsek,rho_4,4,400,6,1032007,7,3000,0.012956119652243416,1.0,1500,0.045051966433334235,0.02306244249979514,0.9999866755496336,0.00018202633034395681,vicsek_eta0_6_deta0p5_steps3000_R20_v1
vicsek,rho_4,4,400,6,1032008,8,3000,0.04932734011676351,1.0,1500,0.044476225251166006,0.02380823680887899,1.0,0.0,vicsek_eta0_6_deta0p5_steps3000_R20_v1
vicsek,rho_4,4,400,6,1032009,9,3000,0.07404742644403162,1.0,1500,0.04587806166145539,0.02355581861351853,1.0,0.0,vicsek_eta0_6_deta0p5_steps3000_R20_v1
vicsek,rho_4,4,400,6,1032010,10,3000,0.03322113297462658,1.0,1500,0.04548278129584742,0.023602194780368912,0.9999250499666889,0.0009650170510906678,vicsek_eta0_6_deta0p5_steps3000_R20_v1
vicsek,rho_4,4,400,6,1032011,11,3000,0.013199085927130767,1.0,1500,0.04565971863198504,0.023859252998484824,1.0,0.0,vicsek_eta0_6_deta0p5_steps3000_R20_v1
vicsek,rho_4,4,400,6,1032012,12,3000,0.040960192997785964,1.0,1500,0.0447147872736077,0.0227023730372249,1.0,0.0,vicsek_eta0_6_deta0p5_steps3000_R20_v1
vicsek,rho_4,4,400,6,1032013,13,3000,0.031092812048226847,1.0,1500,0.04491790100943967,0.02349237398368493,1.0,0.0,vicsek_eta0_6_deta0p5_steps3000_R20_v1
vicsek,rho_4,4,400,6,1032014,14,3000,0.05543517887663556,1.0,1500,0.045131447447878024,0.02259237046116124,1.0,0.0,vicsek_eta0_6_deta0p5_steps3000_R20_v1
vicsek,rho_4,4,400,6,1032015,15,3000,0.09327969792869224,1.0,1500,0.046084469739131904,0.023561616485747693,1.0,0.0,vicsek_eta0_6_deta0p5_steps3000_R20_v1
vicsek,rho_4,4,400,6,1032016,16,3000,0.10255663339446702,1.0,1500,0.04586052396570096,0.023451562080736683,1.0,0.0,vicsek_eta0_6_deta0p5_steps3000_R20_v1
vicsek,rho_4,4,400,6,1032017,17,3000,0.011623394398922566,1.0,1500,0.04496549971508705,0.02328378001023538,1.0,0.0,vicsek_eta0_6_deta0p5_steps3000_R20_v1
vicsek,rho_4,4,400,6,1032018,18,3000,0.02242398224829892,1.0,1500,0.04467915814487947,0.023126034856688713,1.0,0.0,vicsek_eta0_6_deta0p5_steps3000_R20_v1
vicsek,rho_4,4,400,6,1032019,19,3000,0.08616009393810495,1.0,1500,0.04549365965317744,0.024042844231700597,1.0,0.0,vicsek_eta0_6_deta0p5_steps3000_R20_v1
vicsek,rho_4,4,400,6.2000000000000002,1662200,0,3000,0.05465379911558738,1.0,1500,0.0437343886502632,0.02311779384548941,1.0,0.0,final_dense_eta_grid_steps3000_R20_v1
vicsek,rho_4,4,400,6.2000000000000002,1662201,1,3000,0.059008219755928376,1.0,1500,0.043919526879862655,0.023197486644985006,1.0,0.0,final_dense_eta_grid_steps3000_R20_v1
vicsek,rho_4,4,400,6.2000000000000002,1662202,2,3000,0.12480365985542803,1.0,1500,0.04506418742422554,0.023123022035297917,0.9999933377748168,0.00012888435790907855,final_dense_eta_grid_steps3000_R20_v1
vicsek,rho_4,4,400,6.2000000000000002,1662203,3,3000,0.026194093191729145,1.0,1500,0.04410582048367598,0.02247321058365955,1.0,0.0,final_dense_eta_grid_steps3000_R20_v1
vicsek,rho_4,4,400,6.2000000000000002,1662204,4,3000,0.04264945951544875,1.0,1500,0.04468077737250607,0.022990229825141033,1.0,0.0,final_dense_eta_grid_steps3000_R20_v1
vicsek,rho_4,4,400,6.2000000000000002,1662205,5,3000,0.014034395602539598,1.0,1500,0.045143586733762224,0.02324108666469415,1.0,0.0,final_dense_eta_grid_steps3000_R20_v1
vicsek,rho_4,4,400,6.2000000000000002,1662206,6,3000,0.024624181993707642,1.0,1500,0.04328296545702223,0.0225873509891893,1.0,0.0,final_dense_eta_grid_steps3000_R20_v1
vicsek,rho_4,4,400,6.2000000000000002,1662207,7,3000,0.04819269334070103,1.0,1500,0.04418175723829147,0.023869598451255643,1.0,0.0,final_dense_eta_grid_steps3000_R20_v1
vicsek,rho_4,4,400,6.2000000000000002,1662208,8,3000,0.038544624685140666,1.0,1500,0.04373938069429393,0.023767607975553395,1.0,0.0,final_dense_eta_grid_steps3000_R20_v1
vicsek,rho_4,4,400,6.2000000000000002,1662209,9,3000,0.04125236489485837,1.0,1500,0.04382062173259432,0.02257983393439355,1.0,0.0,final_dense_eta_grid_steps3000_R20_v1
vicsek,rho_4,4,400,6.2000000000000002,1662210,10,3000,0.062434939063794485,1.0,1500,0.04386861287708419,0.023267292064015063,1.0,0.0,final_dense_eta_grid_steps3000_R20_v1
vicsek,rho_4,4,400,6.2000000000000002,1662211,11,3000,0.008842479963139676,1.0,1500,0.043777352651543415,0.022593686870338404,0.9999950033311127,0.00011165440214586283,final_dense_eta_grid_steps3000_R20_v1
vicsek,rho_4,4,400,6.2000000000000002,1662212,12,3000,0.017555821929947927,1.0,1500,0.04506253380099435,0.023878298992924582,1.0,0.0,final_dense_eta_grid_steps3000_R20_v1
vicsek,rho_4,4,400,6.2000000000000002,1662213,13,3000,0.05961221549492789,1.0,1500,0.043789189795741326,0.022830736936820015,1.0,0.0,final_dense_eta_grid_steps3000_R20_v1
vicsek,rho_4,4,400,6.2000000000000002,1662214,14,3000,0.05287915278239409,1.0,1500,0.04381820032525578,0.023018595627602015,0.9999766822118588,0.00024031385958636625,final_dense_eta_grid_steps3000_R20_v1
vicsek,rho_4,4,400,6.2000000000000002,1662215,15,3000,0.07574297115085067,1.0,1500,0.04415041934151911,0.022694224998531142,1.0,0.0,final_dense_eta_grid_steps3000_R20_v1
vicsek,rho_4,4,400,6.2000000000000002,1662216,16,3000,0.07122679739164545,1.0,1500,0.04374119946803138,0.022981726239670992,1.0,0.0,final_dense_eta_grid_steps3000_R20_v1
vicsek,rho_4,4,400,6.2000000000000002,1662217,17,3000,0.06371001513974647,1.0,1500,0.04450031500160973,0.023016173720671523,1.0,0.0,final_dense_eta_grid_steps3000_R20_v1
vicsek,rho_4,4,400,6.2000000000000002,1662218,18,3000,0.055895750944397575,1.0,1500,0.044010771810620054,0.02303139666162497,1.0,0.0,final_dense_eta_grid_steps3000_R20_v1
vicsek,rho_4,4,400,6.2000000000000002,1662219,19,3000,0.07021191971488752,1.0,1500,0.04413079231826032,0.023395409626647445,1.0,0.0,final_dense_eta_grid_steps3000_R20_v1
vicsek,rho_8,8,800,0,1120000,0,3000,0.010644371483812264,1.0,1500,0.9999999999999976,0.0,1.0,0.0,vicsek_eta0_6_deta0p5_steps3000_R20_v1
vicsek,rho_8,8,800,0,1120001,1,3000,0.025125546166004174,1.0,1500,1.0000000000000153,0.0,1.0,0.0,vicsek_eta0_6_deta0p5_steps3000_R20_v1
vicsek,rho_8,8,800,0,1120002,2,3000,0.04866347059860659,1.0,1500,1.0000000000000022,0.0,1.0,0.0,vicsek_eta0_6_deta0p5_steps3000_R20_v1
vicsek,rho_8,8,800,0,1120003,3,3000,0.0047349268180261125,1.0,1500,1.000000000000005,2.2291188501472547e-15,1.0,0.0,vicsek_eta0_6_deta0p5_steps3000_R20_v1
vicsek,rho_8,8,800,0,1120004,4,3000,0.03750251588261229,1.0,1500,0.9999999999999944,1.3704751430821236e-15,1.0,0.0,vicsek_eta0_6_deta0p5_steps3000_R20_v1
vicsek,rho_8,8,800,0,1120005,5,3000,0.02772185124758511,1.0,1500,0.9999999999999976,1.784493519841017e-15,1.0,0.0,vicsek_eta0_6_deta0p5_steps3000_R20_v1
vicsek,rho_8,8,800,0,1120006,6,3000,0.03977630360443952,1.0,1500,1.0,5.027136713832073e-16,1.0,0.0,vicsek_eta0_6_deta0p5_steps3000_R20_v1
vicsek,rho_8,8,800,0,1120007,7,3000,0.060672908213402627,1.0,1500,0.9999999999999938,0.0,1.0,0.0,vicsek_eta0_6_deta0p5_steps3000_R20_v1
vicsek,rho_8,8,800,0,1120008,8,3000,0.01839287074298922,1.0,1500,1.0000000000000098,0.0,1.0,0.0,vicsek_eta0_6_deta0p5_steps3000_R20_v1
vicsek,rho_8,8,800,0,1120009,9,3000,0.026404966055627394,1.0,1500,1.000000000000018,0.0,1.0,0.0,vicsek_eta0_6_deta0p5_steps3000_R20_v1
vicsek,rho_8,8,800,0,1120010,10,3000,0.032339506505182074,1.0,1500,0.9999999999999996,0.0,1.0,0.0,vicsek_eta0_6_deta0p5_steps3000_R20_v1
vicsek,rho_8,8,800,0,1120011,11,3000,0.03291579556300519,1.0,1500,0.9999999999999918,0.0,1.0,0.0,vicsek_eta0_6_deta0p5_steps3000_R20_v1
vicsek,rho_8,8,800,0,1120012,12,3000,0.0398789370120817,1.0,1500,0.9999999999999979,0.0,1.0,0.0,vicsek_eta0_6_deta0p5_steps3000_R20_v1
vicsek,rho_8,8,800,0,1120013,13,3000,0.002354049902322743,1.0,1500,1.0000000000000058,0.0,1.0,0.0,vicsek_eta0_6_deta0p5_steps3000_R20_v1
vicsek,rho_8,8,800,0,1120014,14,3000,0.02919211113314438,1.0,1500,0.9999999999999961,4.1367186761232994e-15,1.0,0.0,vicsek_eta0_6_deta0p5_steps3000_R20_v1
vicsek,rho_8,8,800,0,1120015,15,3000,0.034136327043269264,1.0,1500,0.9999999999999921,3.22995261703855e-15,1.0,0.0,vicsek_eta0_6_deta0p5_steps3000_R20_v1
vicsek,rho_8,8,800,0,1120016,16,3000,0.024157081379182772,1.0,1500,0.9999999999999899,0.0,1.0,0.0,vicsek_eta0_6_deta0p5_steps3000_R20_v1
vicsek,rho_8,8,800,0,1120017,17,3000,0.046390373720119706,1.0,1500,1.0,4.829847856100604e-16,1.0,0.0,vicsek_eta0_6_deta0p5_steps3000_R20_v1
vicsek,rho_8,8,800,0,1120018,18,3000,0.029023017657539382,1.0,1500,1.0000000000000073,0.0,1.0,0.0,vicsek_eta0_6_deta0p5_steps3000_R20_v1
vicsek,rho_8,8,800,0,1120019,19,3000,0.031577813834916174,1.0,1500,0.9999999999999984,0.0,1.0,0.0,vicsek_eta0_6_deta0p5_steps3000_R20_v1
vicsek,rho_8,8,800,0.050000000000000003,1160000,0,3000,0.006171453081014422,1.0,1500,0.9998840948429175,6.688611688813572e-06,1.0,0.0,final_fine_grid_steps3000_R20_v1
vicsek,rho_8,8,800,0.050000000000000003,1160001,1,3000,0.0636694153420871,1.0,1500,0.9998790575479598,8.369014055086687e-06,1.0,0.0,final_fine_grid_steps3000_R20_v1
vicsek,rho_8,8,800,0.050000000000000003,1160002,2,3000,0.03105838234310402,1.0,1500,0.9998815050733648,7.4563538806682496e-06,1.0,0.0,final_fine_grid_steps3000_R20_v1
vicsek,rho_8,8,800,0.050000000000000003,1160003,3,3000,0.03251884573907743,1.0,1500,0.9998864816100071,5.593596423423591e-06,1.0,0.0,final_fine_grid_steps3000_R20_v1
vicsek,rho_8,8,800,0.050000000000000003,1160004,4,3000,0.03371660118894966,1.0,1500,0.9998792355439728,9.061518229263821e-06,1.0,0.0,final_fine_grid_steps3000_R20_v1
vicsek,rho_8,8,800,0.050000000000000003,1160005,5,3000,0.025242363184919646,1.0,1500,0.9998843158083713,6.549643014057077e-06,1.0,0.0,final_fine_grid_steps3000_R20_v1
vicsek,rho_8,8,800,0.050000000000000003,1160006,6,3000,0.011390182290860744,1.0,1500,0.99988596824021,6.317092520475288e-06,1.0,0.0,final_fine_grid_steps3000_R20_v1
vicsek,rho_8,8,800,0.050000000000000003,1160007,7,3000,0.04017444953170348,1.0,1500,0.9998798740622167,1.0053180844874452e-05,1.0,0.0,final_fine_grid_steps3000_R20_v1
vicsek,rho_8,8,800,0.050000000000000003,1160008,8,3000,0.013246319501273737,1.0,1500,0.9998854430435483,6.102893298851341e-06,1.0,0.0,final_fine_grid_steps3000_R20_v1
vicsek,rho_8,8,800,0.050000000000000003,1160009,9,3000,0.022386880755499293,1.0,1500,0.9998800642859496,9.203932041301914e-06,1.0,0.0,final_fine_grid_steps3000_R20_v1
vicsek,rho_8,8,800,0.050000000000000003,1160010,10,3000,0.07142440866307039,1.0,1500,0.9998824602217959,6.539112102345424e-06,1.0,0.0,final_fine_grid_steps3000_R20_v1
vicsek,rho_8,8,800,0.050000000000000003,1160011,11,3000,0.03151546250150075,1.0,1500,0.9998837208340293,6.986212499907355e-06,1.0,0.0,final_fine_grid_steps3000_R20_v1
vicsek,rho_8,8,800,0.050000000000000003,1160012,12,3000,0.023768280977337256,1.0,1500,0.9998865940858749,5.8156671150059744e-06,1.0,0.0,final_fine_grid_steps3000_R20_v1
vicsek,rho_8,8,800,0.050000000000000003,1160013,13,3000,0.01617517742449476,1.0,1500,0.9998863801368747,6.044019826861312e-06,1.0,0.0,final_fine_grid_steps3000_R20_v1
vicsek,rho_8,8,800,0.050000000000000003,1160014,14,3000,0.025207901260686918,1.0,1500,0.9998876934667095,5.42798020111603e-06,1.0,0.0,final_fine_grid_steps3000_R20_v1
vicsek,rho_8,8,800,0.050000000000000003,1160015,15,3000,0.05951410018126494,1.0,1500,0.9998813523214204,7.38719944083152e-06,1.0,0.0,final_fine_grid_steps3000_R20_v1
vicsek,rho_8,8,800,0.050000000000000003,1160016,16,3000,0.01950768712335946,1.0,1500,0.9998837637665982,6.452746577384323e-06,1.0,0.0,final_fine_grid_steps3000_R20_v1
vicsek,rho_8,8,800,0.050000000000000003,1160017,17,3000,0.0008904370131102425,1.0,1500,0.9998849600912922,6.331428771363034e-06,1.0,0.0,final_fine_grid_steps3000_R20_v1
vicsek,rho_8,8,800,0.050000000000000003,1160018,18,3000,0.04045538139237314,1.0,1500,0.9998806657436589,7.921634368610092e-06,1.0,0.0,final_fine_grid_steps3000_R20_v1
vicsek,rho_8,8,800,0.050000000000000003,1160019,19,3000,0.012224055562702778,1.0,1500,0.9998862656435816,6.0044026282774e-06,1.0,0.0,final_fine_grid_steps3000_R20_v1
vicsek,rho_8,8,800,0.10000000000000001,1160100,0,3000,0.04887611834312074,1.0,1500,0.9995389246750417,2.7622893190446444e-05,1.0,0.0,final_fine_grid_steps3000_R20_v1
vicsek,rho_8,8,800,0.10000000000000001,1160101,1,3000,0.03886787860887752,1.0,1500,0.9995281278305852,3.2975171413382805e-05,1.0,0.0,final_fine_grid_steps3000_R20_v1
vicsek,rho_8,8,800,0.10000000000000001,1160102,2,3000,0.032590958085301734,1.0,1500,0.9995478627480998,2.3714012739389344e-05,1.0,0.0,final_fine_grid_steps3000_R20_v1
vicsek,rho_8,8,800,0.10000000000000001,1160103,3,3000,0.02961403128597789,1.0,1500,0.9995395040267845,2.4551840032347372e-05,0.999890073284477,0.0003540120218552674,final_fine_grid_steps3000_R20_v1
vicsek,rho_8,8,800,0.10000000000000001,1160104,4,3000,0.006567572311521365,1.0,1500,0.9995321441236273,2.939441768731786e-05,1.0,0.0,final_fine_grid_steps3000_R20_v1
vicsek,rho_8,8,800,0.10000000000000001,1160105,5,3000,0.04593020412775947,1.0,1500,0.9995322165728396,2.4646292908051743e-05,1.0,0.0,final_fine_grid_steps3000_R20_v1
vicsek,rho_8,8,800,0.10000000000000001,1160106,6,3000,0.003982972489450158,1.0,1500,0.9995316526653153,2.6999345058236856e-05,1.0,0.0,final_fine_grid_steps3000_R20_v1
vicsek,rho_8,8,800,0.10000000000000001,1160107,7,3000,0.02024149274342722,1.0,1500,0.9995373273221662,2.3999875460856168e-05,1.0,0.0,final_fine_grid_steps3000_R20_v1
vicsek,rho_8,8,800,0.10000000000000001,1160108,8,3000,0.05143968738797667,1.0,1500,0.9995151406014402,3.570780037470422e-05,1.0,0.0,final_fine_grid_steps3000_R20_v1
vicsek,rho_8,8,800,0.10000000000000001,1160109,9,3000,0.023804398627145788,1.0,1500,0.9995532389723453,2.1197557095047296e-05,1.0,0.0,final_fine_grid_steps3000_R20_v1
vicsek,rho_8,8,800,0.10000000000000001,1160110,10,3000,0.0162324048948682,1.0,1500,0.9995411326117521,2.4952903061009633e-05,1.0,0.0,final_fine_grid_steps3000_R20_v1
vicsek,rho_8,8,800,0.10000000000000001,1160111,11,3000,0.02276177223401851,1.0,1500,0.9995499606100885,2.2669082338291495e-05,1.0,0.0,final_fine_grid_steps3000_R20_v1
vicsek,rho_8,8,800,0.10000000000000001,1160112,12,3000,0.005085451495546143,1.0,1500,0.9995203385043427,2.7952695615750866e-05,1.0,0.0,final_fine_grid_steps3000_R20_v1
vicsek,rho_8,8,800,0.10000000000000001,1160113,13,3000,0.034127797161705865,1.0,1500,0.99953203079416,3.0619738709631306e-05,1.0,0.0,final_fine_grid_steps3000_R20_v1
vicsek,rho_8,8,800,0.10000000000000001,1160114,14,3000,0.0017708048959015697,1.0,1500,0.9995376355813926,2.8131040881739355e-05,1.0,0.0,final_fine_grid_steps3000_R20_v1
vicsek,rho_8,8,800,0.10000000000000001,1160115,15,3000,0.043930569244521454,1.0,1500,0.9995361879244425,2.4285460130961926e-05,1.0,0.0,final_fine_grid_steps3000_R20_v1
vicsek,rho_8,8,800,0.10000000000000001,1160116,16,3000,0.03845655100640814,1.0,1500,0.9995361860400381,2.5207218035666556e-05,1.0,0.0,final_fine_grid_steps3000_R20_v1
vicsek,rho_8,8,800,0.10000000000000001,1160117,17,3000,0.033887991819124795,1.0,1500,0.9995428331919602,2.764427400382269e-05,1.0,0.0,final_fine_grid_steps3000_R20_v1
vicsek,rho_8,8,800,0.10000000000000001,1160118,18,3000,0.03780622447674316,1.0,1500,0.9995151386371195,3.1430705484105754e-05,1.0,0.0,final_fine_grid_steps3000_R20_v1
vicsek,rho_8,8,800,0.10000000000000001,1160119,19,3000,0.02463066348654562,1.0,1500,0.9995365987713423,2.433776320897438e-05,1.0,0.0,final_fine_grid_steps3000_R20_v1
vicsek,rho_8,8,800,0.14999999999999999,1160200,0,3000,0.03443688498668465,1.0,1500,0.9989372945565677,6.019150994678533e-05,1.0,0.0,final_fine_grid_steps3000_R20_v1
vicsek,rho_8,8,800,0.14999999999999999,1160201,1,3000,0.052875487981111774,1.0,1500,0.9989152927153145,6.777139413694567e-05,1.0,0.0,final_fine_grid_steps3000_R20_v1
vicsek,rho_8,8,800,0.14999999999999999,1160202,2,3000,0.001382043172269929,1.0,1500,0.9989235650410867,0.00010399466397304855,1.0,0.0,final_fine_grid_steps3000_R20_v1
vicsek,rho_8,8,800,0.14999999999999999,1160203,3,3000,0.01828719622578987,1.0,1500,0.9989966600621594,4.253091915981957e-05,1.0,0.0,final_fine_grid_steps3000_R20_v1
vicsek,rho_8,8,800,0.14999999999999999,1160204,4,3000,0.007444313032915801,1.0,1500,0.9989728668979224,5.8365474383831636e-05,1.0,0.0,final_fine_grid_steps3000_R20_v1
vicsek,rho_8,8,800,0.14999999999999999,1160205,5,3000,0.03916747859835947,1.0,1500,0.9989434551759828,6.430221051244178e-05,1.0,0.0,final_fine_grid_steps3000_R20_v1
vicsek,rho_8,8,800,0.14999999999999999,1160206,6,3000,0.03887213028035242,1.0,1500,0.9989437699691273,6.0060590726759823e-05,1.0,0.0,final_fine_grid_steps3000_R20_v1
vicsek,rho_8,8,800,0.14999999999999999,1160207,7,3000,0.018680744020724827,1.0,1500,0.9989745215943792,5.0096107894205705e-05,1.0,0.0,final_fine_grid_steps3000_R20_v1
vicsek,rho_8,8,800,0.14999999999999999,1160208,8,3000,0.01078474192007222,1.0,1500,0.9989318022054018,6.821653331017217e-05,1.0,0.0,final_fine_grid_steps3000_R20_v1
vicsek,rho_8,8,800,0.14999999999999999,1160209,9,3000,0.028138228618083086,1.0,1500,0.998944200114792,5.8937323226988254e-05,1.0,0.0,final_fine_grid_steps3000_R20_v1
vicsek,rho_8,8,800,0.14999999999999999,1160210,10,3000,0.050458719619893656,1.0,1500,0.9988968764360809,0.00010299871976719377,1.0,0.0,final_fine_grid_steps3000_R20_v1
vicsek,rho_8,8,800,0.14999999999999999,1160211,11,3000,0.02145145810060751,1.0,1500,0.9989185667122035,8.177217766678825e-05,0.9998492671552299,0.000986656206048767,final_fine_grid_steps3000_R20_v1
vicsek,rho_8,8,800,0.14999999999999999,1160212,12,3000,0.021510897348812758,1.0,1500,0.9989281272748012,6.960137869572692e-05,1.0,0.0,final_fine_grid_steps3000_R20_v1
vicsek,rho_8,8,800,0.14999999999999999,1160213,13,3000,0.04204198826173311,1.0,1500,0.9989293290144053,7.425536392984236e-05,1.0,0.0,final_fine_grid_steps3000_R20_v1
vicsek,rho_8,8,800,0.14999999999999999,1160214,14,3000,0.010928835911779133,1.0,1500,0.9989748817967163,5.102129505293814e-05,0.9998092938041306,0.00044945955512568775,final_fine_grid_steps3000_R20_v1
vicsek,rho_8,8,800,0.14999999999999999,1160215,15,3000,0.038008240251015894,1.0,1500,0.9989096180705542,7.161957475831826e-05,1.0,0.0,final_fine_grid_steps3000_R20_v1
vicsek,rho_8,8,800,0.14999999999999999,1160216,16,3000,0.050763217878367135,1.0,1500,0.9989390688376051,6.368774964173542e-05,1.0,0.0,final_fine_grid_steps3000_R20_v1
vicsek,rho_8,8,800,0.14999999999999999,1160217,17,3000,0.013695775855797314,1.0,1500,0.9989963498498783,4.960930817215775e-05,1.0,0.0,final_fine_grid_steps3000_R20_v1
vicsek,rho_8,8,800,0.14999999999999999,1160218,18,3000,0.07301772627033493,1.0,1500,0.9989248664120303,6.704650224898576e-05,1.0,0.0,final_fine_grid_steps3000_R20_v1
vicsek,rho_8,8,800,0.14999999999999999,1160219,19,3000,0.005377944976579638,1.0,1500,0.9989516986562561,5.693535446744928e-05,1.0,0.0,final_fine_grid_steps3000_R20_v1
vicsek,rho_8,8,800,0.20000000000000001,1160300,0,3000,0.06964602076413683,1.0,1500,0.9981224288033623,0.00010645614048299207,1.0,0.0,final_fine_grid_steps3000_R20_v1
vicsek,rho_8,8,800,0.20000000000000001,1160301,1,3000,0.04011118767345184,1.0,1500,0.9981226696426122,0.0001246693828304607,1.0,0.0,final_fine_grid_steps3000_R20_v1
vicsek,rho_8,8,800,0.20000000000000001,1160302,2,3000,0.05751636622812031,1.0,1500,0.998090833345832,0.00010220460709179998,1.0,0.0,final_fine_grid_steps3000_R20_v1
vicsek,rho_8,8,800,0.20000000000000001,1160303,3,3000,0.027937966359534053,1.0,1500,0.9981229913102907,0.0001362780489184726,1.0,0.0,final_fine_grid_steps3000_R20_v1
vicsek,rho_8,8,800,0.20000000000000001,1160304,4,3000,0.0398243129069749,1.0,1500,0.9981722094528863,0.00011418979645859665,1.0,0.0,final_fine_grid_steps3000_R20_v1
vicsek,rho_8,8,800,0.20000000000000001,1160305,5,3000,0.006086481083582956,1.0,1500,0.998127208406537,0.00012408508067946679,1.0,0.0,final_fine_grid_steps3000_R20_v1
vicsek,rho_8,8,800,0.20000000000000001,1160306,6,3000,0.008584979099955075,1.0,1500,0.9980968225466369,0.00012990072888286014,1.0,0.0,final_fine_grid_steps3000_R20_v1
vicsek,rho_8,8,800,0.20000000000000001,1160307,7,3000,0.02169755061570276,1.0,1500,0.9981427088939978,0.00011206030075573115,1.0,0.0,final_fine_grid_steps3000_R20_v1
vicsek,rho_8,8,800,0.20000000000000001,1160308,8,3000,0.0038767303859382134,1.0,1500,0.9980806947134189,0.00013667990080787546,0.9998650899400399,0.0005648667326207439,final_fine_grid_steps3000_R20_v1
vicsek,rho_8,8,800,0.20000000000000001,1160309,9,3000,0.03689654271897497,1.0,1500,0.9981733984164495,0.0001013446700730781,1.0,0.0,final_fine_grid_steps3000_R20_v1
vicsek,rho_8,8,800,0.20000000000000001,1160310,10,3000,0.015563860904728378,1.0,1500,0.9981177868739901,0.00010259726661260457,1.0,0.0,final_fine_grid_steps3000_R20_v1
vicsek,rho_8,8,800,0.20000000000000001,1160311,11,3000,0.026167554564743675,1.0,1500,0.9981518490948685,9.24160553450272e-05,1.0,0.0,final_fine_grid_steps3000_R20_v1
vicsek,rho_8,8,800,0.20000000000000001,1160312,12,3000,0.028267863332863668,1.0,1500,0.9981817887921558,9.769077392556179e-05,0.9998684210526316,0.0005582421956735783,final_fine_grid_steps3000_R20_v1
vicsek,rho_8,8,800,0.20000000000000001,1160313,13,3000,0.021517665323355056,1.0,1500,0.9980825845493263,0.0001277135087348912,1.0,0.0,final_fine_grid_steps3000_R20_v1
vicsek,rho_8,8,800,0.20000000000000001,1160314,14,3000,0.025588723826001497,1.0,1500,0.9981279786733639,0.0001262558962498175,1.0,0.0,final_fine_grid_steps3000_R20_v1
vicsek,rho_8,8,800,0.20000000000000001,1160315,15,3000,0.02234429499125054,1.0,1500,0.9980805037144823,0.0001564527151115286,1.0,0.0,final_fine_grid_steps3000_R20_v1
vicsek,rho_8,8,800,0.20000000000000001,1160316,16,3000,0.031798824118732784,1.0,1500,0.9981386299541801,0.00011675120533395514,1.0,0.0,final_fine_grid_steps3000_R20_v1
vicsek,rho_8,8,800,0.20000000000000001,1160317,17,3000,0.02246093907136838,1.0,1500,0.9981979919817907,8.746007127744908e-05,0.9999250499666889,0.00029676595853561904,final_fine_grid_steps3000_R20_v1
vicsek,rho_8,8,800,0.20000000000000001,1160318,18,3000,0.0355016369576394,1.0,1500,0.9981033741503067,0.0001268540255355706,1.0,0.0,final_fine_grid_steps3000_R20_v1
vicsek,rho_8,8,800,0.20000000000000001,1160319,19,3000,0.0403307012049183,1.0,1500,0.9981201952977854,0.00010528403655157773,1.0,0.0,final_fine_grid_steps3000_R20_v1
vicsek,rho_8,8,800,0.29999999999999999,1160400,0,3000,0.043888261092012326,1.0,1500,0.9957821700471355,0.0002814085890305655,1.0,0.0,final_fine_grid_steps3000_R20_v1
vicsek,rho_8,8,800,0.29999999999999999,1160401,1,3000,0.024335247792348965,1.0,1500,0.9959140765755083,0.00019994722439236926,0.9999791805463024,0.00015997145829695317,final_fine_grid_steps3000_R20_v1
vicsek,rho_8,8,800,0.29999999999999999,1160402,2,3000,0.02236147862595188,1.0,1500,0.9957725989069093,0.00036828005672703726,1.0,0.0,final_fine_grid_steps3000_R20_v1
vicsek,rho_8,8,800,0.29999999999999999,1160403,3,3000,0.03977845297924385,1.0,1500,0.9957814797672526,0.0002502550301181853,1.0,0.0,final_fine_grid_steps3000_R20_v1
vicsek,rho_8,8,800,0.29999999999999999,1160404,4,3000,0.01847133453680154,1.0,1500,0.9958449536742656,0.00030618063018409135,0.9997693204530312,0.0004849086308998536,final_fine_grid_steps3000_R20_v1
vicsek,rho_8,8,800,0.29999999999999999,1160405,5,3000,0.02779487509540535,1.0,1500,0.9954963323301422,0.0004286886491042202,0.9996927048634243,0.0005382272937676807,final_fine_grid_steps3000_R20_v1
vicsek,rho_8,8,800,0.29999999999999999,1160406,6,3000,0.04700637335047495,1.0,1500,0.9958251210672838,0.00020871803673787616,1.0,0.0,final_fine_grid_steps3000_R20_v1
vicsek,rho_8,8,800,0.29999999999999999,1160407,7,3000,0.03165066649550327,1.0,1500,0.9957658656820976,0.0002592292791852086,0.9999408727514991,0.0002653545347472834,final_fine_grid_steps3000_R20_v1
vicsek,rho_8,8,800,0.29999999999999999,1160408,8,3000,0.028021324683317476,1.0,1500,0.9958069201767527,0.00024933581167575514,1.0,0.0,final_fine_grid_steps3000_R20_v1
vicsek,rho_8,8,800,0.29999999999999999,1160409,9,3000,0.03494181888977091,1.0,1500,0.9959711028286365,0.0001946477428551221,1.0,0.0,final_fine_grid_steps3000_R20_v1
vicsek,rho_8,8,800,0.29999999999999999,1160410,10,3000,0.01769183791897081,1.0,1500,0.995948088941653,0.00021333964265141613,1.0,0.0,final_fine_grid_steps3000_R20_v1
vicsek,rho_8,8,800,0.29999999999999999,1160411,11,3000,0.033914459136308014,1.0,1500,0.9958107660726484,0.00025358339040134595,1.0,0.0,final_fine_grid_steps3000_R20_v1
vicsek,rho_8,8,800,0.29999999999999999,1160412,12,3000,0.007982294048545136,1.0,1500,0.9953733904698581,0.0008873608923651968,1.0,0.0,final_fine_grid_steps3000_R20_v1
vicsek,rho_8,8,800,0.29999999999999999,1160413,13,3000,0.0359511497333205,1.0,1500,0.9958946686317723,0.0002328335400024084,0.9999583610926049,0.0002243096868946593,final_fine_grid_steps3000_R20_v1
vicsek,rho_8,8,800,0.29999999999999999,1160414,14,3000,0.026688020867028373,1.0,1500,0.9954592147258751,0.00048100096423572917,1.0,0.0,final_fine_grid_steps3000_R20_v1
vicsek,rho_8,8,800,0.29999999999999999,1160415,15,3000,0.024842237034534826,1.0,1500,0.9957370844681753,0.00026815351472451256,0.9998667554963357,0.0005615667025419338,final_fine_grid_steps3000_R20_v1
vicsek,rho_8,8,800,0.29999999999999999,1160416,16,3000,0.003988016617213524,1.0,1500,0.9957743618723495,0.00026641398520744645,1.0,0.0,final_fine_grid_steps3000_R20_v1
vicsek,rho_8,8,800,0.29999999999999999,1160417,17,3000,0.02694281121785921,1.0,1500,0.9955166281162315,0.0004589510448943343,1.0,0.0,final_fine_grid_steps3000_R20_v1
vicsek,rho_8,8,800,0.29999999999999999,1160418,18,3000,0.04140801378780747,1.0,1500,0.9957498321452669,0.000288851952043259,1.0,0.0,final_fine_grid_steps3000_R20_v1
vicsek,rho_8,8,800,0.29999999999999999,1160419,19,3000,0.005801284264668024,1.0,1500,0.9957246959978268,0.0003053818309244687,1.0,0.0,final_fine_grid_steps3000_R20_v1
vicsek,rho_8,8,800,0.40000000000000002,1160500,0,3000,0.031255455776881276,1.0,1500,0.9926648947044163,0.0004003921465424382,1.0,0.0,final_fine_grid_steps3000_R20_v1
vicsek,rho_8,8,800,0.40000000000000002,1160501,1,3000,0.026505022712537532,1.0,1500,0.9923786435208499,0.0005023114478833782,1.0,0.0,final_fine_grid_steps3000_R20_v1
vicsek,rho_8,8,800,0.40000000000000002,1160502,2,3000,0.06646061425501303,1.0,1500,0.9923937751370737,0.00046349793318627033,1.0,0.0,final_fine_grid_steps3000_R20_v1
vicsek,rho_8,8,800,0.40000000000000002,1160503,3,3000,0.02147934651831532,1.0,1500,0.9925858135490594,0.0003841454010593321,1.0,0.0,final_fine_grid_steps3000_R20_v1
vicsek,rho_8,8,800,0.40000000000000002,1160504,4,3000,0.01108861027859989,1.0,1500,0.9925246838855106,0.00036742700413921396,1.0,0.0,final_fine_grid_steps3000_R20_v1
vicsek,rho_8,8,800,0.40000000000000002,1160505,5,3000,0.014926099343928897,1.0,1500,0.9923685087684198,0.0005750782924058358,0.9994003997335109,0.0018406469476742635,final_fine_grid_steps3000_R20_v1
vicsek,rho_8,8,800,0.40000000000000002,1160506,6,3000,0.026623107520805787,1.0,1500,0.9926376445892118,0.00039250923238635043,1.0,0.0,final_fine_grid_steps3000_R20_v1
vicsek,rho_8,8,800,0.40000000000000002,1160507,7,3000,0.022206971713618563,1.0,1500,0.9926417681572843,0.00036572733796731515,1.0,0.0,final_fine_grid_steps3000_R20_v1
vicsek,rho_8,8,800,0.40000000000000002,1160508,8,3000,0.02022484557087507,1.0,1500,0.992555179366101,0.0004431140338980238,1.0,0.0,final_fine_grid_steps3000_R20_v1
vicsek,rho_8,8,800,0.40000000000000002,1160509,9,3000,0.05500384119670478,1.0,1500,0.9923668905801292,0.00044196453190034743,1.0,0.0,final_fine_grid_steps3000_R20_v1
vicsek,rho_8,8,800,0.40000000000000002,1160510,10,3000,0.046262120550206634,1.0,1500,0.992216769233558,0.0007256150979608063,0.9999233844103931,0.0002998325173123151,final_fine_grid_steps3000_R20_v1
vicsek,rho_8,8,800,0.40000000000000002,1160511,11,3000,0.033818913778813825,1.0,1500,0.9922593710125651,0.0005084059804816768,1.0,0.0,final_fine_grid_steps3000_R20_v1
vicsek,rho_8,8,800,0.40000000000000002,1160512,12,3000,0.021295836067214424,1.0,1500,0.9926866988717507,0.0003944208604658135,1.0,0.0,final_fine_grid_steps3000_R20_v1
vicsek,rho_8,8,800,0.40000000000000002,1160513,13,3000,0.05854413474640865,1.0,1500,0.9923083441953292,0.0005073032526295808,1.0,0.0,final_fine_grid_steps3000_R20_v1
vicsek,rho_8,8,800,0.40000000000000002,1160514,14,3000,0.01371207413814844,1.0,1500,0.9925323317583716,0.0005260244844496473,1.0,0.0,final_fine_grid_steps3000_R20_v1
vicsek,rho_8,8,800,0.40000000000000002,1160515,15,3000,0.06648167532861263,1.0,1500,0.9922881302619957,0.0004957600223086241,1.0,0.0,final_fine_grid_steps3000_R20_v1
vicsek,rho_8,8,800,0.40000000000000002,1160516,16,3000,0.03723223641336646,1.0,1500,0.9924211096885218,0.0004587340973322661,1.0,0.0,final_fine_grid_steps3000_R20_v1
vicsek,rho_8,8,800,0.40000000000000002,1160517,17,3000,0.04274634214861235,1.0,1500,0.9923858844325594,0.0005390821208482757,1.0,0.0,final_fine_grid_steps3000_R20_v1
vicsek,rho_8,8,800,0.40000000000000002,1160518,18,3000,0.08135496343463902,1.0,1500,0.9922807806912002,0.0005266856364550532,1.0,0.0,final_fine_grid_steps3000_R20_v1
vicsek,rho_8,8,800,0.40000000000000002,1160519,19,3000,0.010736528245194957,1.0,1500,0.9925284217754918,0.0005022455892223376,0.9999783477681545,0.00016308424406700302,final_fine_grid_steps3000_R20_v1
vicsek,rho_8,8,800,0.5,1121000,0,3000,0.02124098088001538,1.0,1500,0.9880820779977072,0.0007439147835998984,1.0,0.0,vicsek_eta0_6_deta0p5_steps3000_R20_v1
vicsek,rho_8,8,800,0.5,1121001,1,3000,0.02542763233589607,1.0,1500,0.9880968955558647,0.0008008567997902401,1.0,0.0,vicsek_eta0_6_deta0p5_steps3000_R20_v1
vicsek,rho_8,8,800,0.5,1121002,2,3000,0.004084067250568784,1.0,1500,0.9883350328710777,0.0006529530199635971,0.9999916722185209,0.00010168763397977572,vicsek_eta0_6_deta0p5_steps3000_R20_v1
vicsek,rho_8,8,800,0.5,1121003,3,3000,0.04338746801888973,1.0,1500,0.9883059832657607,0.0006086968210803626,1.0,0.0,vicsek_eta0_6_deta0p5_steps3000_R20_v1
vicsek,rho_8,8,800,0.5,1121004,4,3000,0.06531396706692996,1.0,1500,0.9882713861651901,0.000654222764371458,1.0,0.0,vicsek_eta0_6_deta0p5_steps3000_R20_v1
vicsek,rho_8,8,800,0.5,1121005,5,3000,0.01846678250257495,1.0,1500,0.9878092057348126,0.0010408383824641457,0.9988832445036643,0.0033639792649749313,vicsek_eta0_6_deta0p5_steps3000_R20_v1
vicsek,rho_8,8,800,0.5,1121006,6,3000,0.02529288733687253,1.0,1500,0.9884202855558724,0.0006655065857525492,1.0,0.0,vicsek_eta0_6_deta0p5_steps3000_R20_v1
vicsek,rho_8,8,800,0.5,1121007,7,3000,0.030767022761280606,1.0,1500,0.9883732106430261,0.0009389004508758608,0.9995802798134577,0.0013865193463202818,vicsek_eta0_6_deta0p5_steps3000_R20_v1
vicsek,rho_8,8,800,0.5,1121008,8,3000,0.05008917489525397,1.0,1500,0.9885923068569693,0.0005854753375964234,1.0,0.0,vicsek_eta0_6_deta0p5_steps3000_R20_v1
vicsek,rho_8,8,800,0.5,1121009,9,3000,0.08359301167858782,1.0,1500,0.9881620865984586,0.0006568026570876541,0.9999300466355763,0.00028731208177771775,vicsek_eta0_6_deta0p5_steps3000_R20_v1
vicsek,rho_8,8,800,0.5,1121010,10,3000,0.027442191686595528,1.0,1500,0.9883057703210786,0.0007043822740397877,1.0,0.0,vicsek_eta0_6_deta0p5_steps3000_R20_v1
vicsek,rho_8,8,800,0.5,1121011,11,3000,0.03941883255325683,1.0,1500,0.9888061858661267,0.000579889031593087,1.0,0.0,vicsek_eta0_6_deta0p5_steps3000_R20_v1
vicsek,rho_8,8,800,0.5,1121012,12,3000,0.026491486738884563,1.0,1500,0.9884344447304905,0.0007620899078738921,0.9999966688874083,6.444217895453927e-05,vicsek_eta0_6_deta0p5_steps3000_R20_v1
vicsek,rho_8,8,800,0.5,1121013,13,3000,0.032524431117939075,1.0,1500,0.9886152543705873,0.0005875062733885245,1.0,0.0,vicsek_eta0_6_deta0p5_steps3000_R20_v1
vicsek,rho_8,8,800,0.5,1121014,14,3000,0.014912418796913154,1.0,1500,0.9882415247409232,0.0006507358675627016,0.9999383744170554,0.000270618303533966,vicsek_eta0_6_deta0p5_steps3000_R20_v1
vicsek,rho_8,8,800,0.5,1121015,15,3000,0.057512375906327066,1.0,1500,0.9883523152133185,0.0006665659212353994,0.9999142238507661,0.00048710474558215,vicsek_eta0_6_deta0p5_steps3000_R20_v1
vicsek,rho_8,8,800,0.5,1121016,16,3000,0.10645726503558815,1.0,1500,0.9880205225149813,0.0009309151031445846,1.0,0.0,vicsek_eta0_6_deta0p5_steps3000_R20_v1
vicsek,rho_8,8,800,0.5,1121017,17,3000,0.026919525527281506,1.0,1500,0.988605894408739,0.0005912140195516783,1.0,0.0,vicsek_eta0_6_deta0p5_steps3000_R20_v1
vicsek,rho_8,8,800,0.5,1121018,18,3000,0.03006678806495265,1.0,1500,0.9882986534158142,0.0007142351179932825,0.9996985343104596,0.0005347434431158165,vicsek_eta0_6_deta0p5_steps3000_R20_v1
vicsek,rho_8,8,800,0.5,1121019,19,3000,0.03536037936829763,1.0,1500,0.9882062777887378,0.0006843120801852713,1.0,0.0,vicsek_eta0_6_deta0p5_steps3000_R20_v1
vicsek,rho_8,8,800,0.59999999999999998,1720000,0,3000,0.023307680096511595,1.0,1500,0.983560219956019,0.000845149916612,1.0,0.0,final_dense_eta_grid_steps3000_R20_v1
vicsek,rho_8,8,800,0.59999999999999998,1720001,1,3000,0.02278125542636976,1.0,1500,0.9829999555847929,0.0010786360047937871,0.9999083944037308,0.0003257536033087134,final_dense_eta_grid_steps3000_R20_v1
vicsek,rho_8,8,800,0.59999999999999998,1720002,2,3000,0.029826373959314742,1.0,1500,0.9829043134422335,0.0011070735551845447,0.9998317788141239,0.00042658892972924177,final_dense_eta_grid_steps3000_R20_v1
vicsek,rho_8,8,800,0.59999999999999998,1720003,3,3000,0.031469968567378735,1.0,1500,0.9830482638255444,0.001097877377434783,0.9998967355096603,0.0003441177966330405,final_dense_eta_grid_steps3000_R20_v1
vicsek,rho_8,8,800,0.59999999999999998,1720004,4,3000,0.025363012345569966,1.0,1500,0.9837347782265513,0.0008465644869170956,0.9990406395736176,0.0019688650802437992,final_dense_eta_grid_steps3000_R20_v1
vicsek,rho_8,8,800,0.59999999999999998,1720005,5,3000,0.03222351404361303,1.0,1500,0.9835781076058807,0.0009017147612013377,0.9994353764157228,0.001120335176459106,final_dense_eta_grid_steps3000_R20_v1
vicsek,rho_8,8,800,0.59999999999999998,1720006,6,3000,0.025219990095143065,1.0,1500,0.9829376481774197,0.0017063160325097248,1.0,0.0,final_dense_eta_grid_steps3000_R20_v1
vicsek,rho_8,8,800,0.59999999999999998,1720007,7,3000,0.03131652790823052,1.0,1500,0.9821267366124715,0.0019495466227822922,0.9999800133244504,0.0001567924654998275,final_dense_eta_grid_steps3000_R20_v1
vicsek,rho_8,8,800,0.59999999999999998,1720008,8,3000,0.01853560421621179,1.0,1500,0.9835950146011658,0.0009120798784237081,1.0,0.0,final_dense_eta_grid_steps3000_R20_v1
vicsek,rho_8,8,800,0.59999999999999998,1720009,9,3000,0.018421598073730526,1.0,1500,0.9834952990991991,0.0009085081348548275,1.0,0.0,final_dense_eta_grid_steps3000_R20_v1
vicsek,rho_8,8,800,0.59999999999999998,1720010,10,3000,0.019138982267995805,1.0,1500,0.982711350385503,0.0013984451482571129,1.0,0.0,final_dense_eta_grid_steps3000_R20_v1
vicsek,rho_8,8,800,0.59999999999999998,1720011,11,3000,0.02154896956189897,1.0,1500,0.9836875580660538,0.0009022769828484622,0.9995303131245836,0.0018489550414736143,final_dense_eta_grid_steps3000_R20_v1
vicsek,rho_8,8,800,0.59999999999999998,1720012,12,3000,0.020065690286598166,1.0,1500,0.9823912851135623,0.0019010499586399204,0.9999516988674217,0.00024092201293054205,final_dense_eta_grid_steps3000_R20_v1
vicsek,rho_8,8,800,0.59999999999999998,1720013,13,3000,0.015185064640275504,1.0,1500,0.9836733053738835,0.0008641001102118175,0.9984085609593604,0.0016138531469111405,final_dense_eta_grid_steps3000_R20_v1
vicsek,rho_8,8,800,0.59999999999999998,1720014,14,3000,0.0075080784993882994,1.0,1500,0.9828996421711053,0.001430703440800896,0.9999641905396403,0.00020851740454561846,final_dense_eta_grid_steps3000_R20_v1
vicsek,rho_8,8,800,0.59999999999999998,1720015,15,3000,0.03136240335774279,1.0,1500,0.9827708966783419,0.001214426426517207,0.999881745502998,0.0005307090694945668,final_dense_eta_grid_steps3000_R20_v1
vicsek,rho_8,8,800,0.59999999999999998,1720016,16,3000,0.025393336415433815,1.0,1500,0.9826990521871473,0.0012671436567960677,0.9998759160559627,0.0003737754738860961,final_dense_eta_grid_steps3000_R20_v1
vicsek,rho_8,8,800,0.59999999999999998,1720017,17,3000,0.027426873474880466,1.0,1500,0.982995036170164,0.0010864189957550206,1.0,0.0,final_dense_eta_grid_steps3000_R20_v1
vicsek,rho_8,8,800,0.59999999999999998,1720018,18,3000,0.03423849562672396,1.0,1500,0.9838417101554164,0.0007737115932796977,0.9999800133244504,0.0001567924654998275,final_dense_eta_grid_steps3000_R20_v1
vicsek,rho_8,8,800,0.59999999999999998,1720019,19,3000,0.01975223743898098,1.0,1500,0.9828038161484838,0.0009473597867934194,1.0,0.0,final_dense_eta_grid_steps3000_R20_v1
vicsek,rho_8,8,800,0.80000000000000004,1720100,0,3000,0.007678409417549108,1.0,1500,0.970013138688798,0.0018627966590289997,1.0,0.0,final_dense_eta_grid_steps3000_R20_v1
vicsek,rho_8,8,800,0.80000000000000004,1720101,1,3000,0.01691168921476558,1.0,1500,0.9693885022294433,0.0022013027991132587,0.9999067288474349,0.0003284652687962547,final_dense_eta_grid_steps3000_R20_v1
vicsek,rho_8,8,800,0.80000000000000004,1720102,2,3000,0.02512835812877431,1.0,1500,0.9699247785561755,0.0016173410303777765,1.0,0.0,final_dense_eta_grid_steps3000_R20_v1
vicsek,rho_8,8,800,0.80000000000000004,1720103,3,3000,0.03550193094213558,1.0,1500,0.9699748242619216,0.001792629182057314,0.9998775816122586,0.00058129465722298,final_dense_eta_grid_steps3000_R20_v1
vicsek,rho_8,8,800,0.80000000000000004,1720104,4,3000,0.016634918582226377,1.0,1500,0.9700947912708417,0.0017077572059743433,0.9999267155229847,0.00029365793314286746,final_dense_eta_grid_steps3000_R20_v1
vicsek,rho_8,8,800,0.80000000000000004,1720105,5,3000,0.034671526374673536,1.0,1500,0.9689990382328745,0.0029631105082837616,0.9999850099933377,0.00019300341021813013,final_dense_eta_grid_steps3000_R20_v1
vicsek,rho_8,8,800,0.80000000000000004,1720106,6,3000,0.04438791994761328,1.0,1500,0.9698332579492422,0.0021219247254518547,1.0,0.0,final_dense_eta_grid_steps3000_R20_v1
vicsek,rho_8,8,800,0.80000000000000004,1720107,7,3000,0.016299372340399725,1.0,1500,0.9710274550718705,0.0015720163293664702,0.9998842438374418,0.00036234750451416136,final_dense_eta_grid_steps3000_R20_v1
vicsek,rho_8,8,800,0.80000000000000004,1720108,8,3000,0.0563704604495648,1.0,1500,0.9708369359764998,0.001559261103379365,0.9997693204530312,0.0005983069088157195,final_dense_eta_grid_steps3000_R20_v1
vicsek,rho_8,8,800,0.80000000000000004,1720109,9,3000,0.03733623006910768,1.0,1500,0.9698445611793769,0.002130721523409505,0.9998792471685543,0.0003692692689690931,final_dense_eta_grid_steps3000_R20_v1
vicsek,rho_8,8,800,0.80000000000000004,1720110,10,3000,0.024482548554876395,1.0,1500,0.9698559863673109,0.0017583421138177128,0.9998284477015323,0.0005641406612178152,final_dense_eta_grid_steps3000_R20_v1
vicsek,rho_8,8,800,0.80000000000000004,1720111,11,3000,0.019471117433261166,1.0,1500,0.9701024068558415,0.0019410540234419552,0.9997884743504332,0.00046868322087947894,final_dense_eta_grid_steps3000_R20_v1
vicsek,rho_8,8,800,0.80000000000000004,1720112,12,3000,0.016333028223096898,1.0,1500,0.9698596552561735,0.0019839597664717814,1.0,0.0,final_dense_eta_grid_steps3000_R20_v1
vicsek,rho_8,8,800,0.80000000000000004,1720113,13,3000,0.04195995341191534,1.0,1500,0.9698728141150464,0.002020001951952289,0.9999458694203864,0.000335585828622144,final_dense_eta_grid_steps3000_R20_v1
vicsek,rho_8,8,800,0.80000000000000004,1720114,14,3000,0.04481018033266391,1.0,1500,0.9695805976570331,0.001797149606005423,0.9999925049966689,9.650170510906507e-05,final_dense_eta_grid_steps3000_R20_v1
vicsek,rho_8,8,800,0.80000000000000004,1720115,15,3000,0.040286435833905496,1.0,1500,0.9699128664777346,0.0022580008417112762,0.9997051965356428,0.0018075134599985527,final_dense_eta_grid_steps3000_R20_v1
vicsek,rho_8,8,800,0.80000000000000004,1720116,16,3000,0.0751119187284759,1.0,1500,0.9687378482782273,0.0021866349416405045,1.0,0.0,final_dense_eta_grid_steps3000_R20_v1
vicsek,rho_8,8,800,0.80000000000000004,1720117,17,3000,0.05310248716951281,1.0,1500,0.9701647913216034,0.0021937458618374018,0.9999983344437041,4.5597930786154326e-05,final_dense_eta_grid_steps3000_R20_v1
vicsek,rho_8,8,800,0.80000000000000004,1720118,18,3000,0.0454627414592805,1.0,1500,0.9707591503128312,0.0016485308539935042,0.9999916722185209,0.00014404895609886203,final_dense_eta_grid_steps3000_R20_v1
vicsek,rho_8,8,800,0.80000000000000004,1720119,19,3000,0.028778804628761007,1.0,1500,0.9707590807291462,0.0015740760464790491,0.9999475349766823,0.0002506565388644319,final_dense_eta_grid_steps3000_R20_v1
vicsek,rho_8,8,800,1,1122000,0,3000,0.0019571856483160733,1.0,1500,0.952478989726594,0.00433157043765877,0.9998334443704198,0.0006793499717724175,vicsek_eta0_6_deta0p5_steps3000_R20_v1
vicsek,rho_8,8,800,1,1122001,1,3000,0.02544742747143301,1.0,1500,0.9531317012990653,0.003176140195581476,0.9999816788807462,0.00021323023876519464,vicsek_eta0_6_deta0p5_steps3000_R20_v1
vicsek,rho_8,8,800,1,1122002,2,3000,0.01854971464419542,1.0,1500,0.953437497831924,0.003103530625240228,0.9999275483011325,0.00029208795749824737,vicsek_eta0_6_deta0p5_steps3000_R20_v1
vicsek,rho_8,8,800,1,1122003,3,3000,0.021272870927464316,1.0,1500,0.9539611138674827,0.0025850789004259775,0.9999300466355763,0.00028731208177771775,vicsek_eta0_6_deta0p5_steps3000_R20_v1
vicsek,rho_8,8,800,1,1122004,4,3000,0.032890783386321586,1.0,1500,0.952762605432072,0.003036936575743601,1.0,0.0,vicsek_eta0_6_deta0p5_steps3000_R20_v1
vicsek,rho_8,8,800,1,1122005,5,3000,0.024542221618540423,1.0,1500,0.951155767647387,0.003775853144188847,1.0,0.0,vicsek_eta0_6_deta0p5_steps3000_R20_v1
vicsek,rho_8,8,800,1,1122006,6,3000,0.031015765791871163,1.0,1500,0.95398388596145,0.0026125309157785702,0.9996094270486342,0.0012134294914637777,vicsek_eta0_6_deta0p5_steps3000_R20_v1
vicsek,rho_8,8,800,1,1122007,7,3000,0.029043511090686484,1.0,1500,0.9528245528345063,0.002900972681668262,0.9999991672218521,3.2253358979075074e-05,vicsek_eta0_6_deta0p5_steps3000_R20_v1
vicsek,rho_8,8,800,1,1122008,8,3000,0.050891997985936265,1.0,1500,0.9527853609319017,0.003515248717939784,0.9999417055296469,0.0002635713236822649,vicsek_eta0_6_deta0p5_steps3000_R20_v1
vicsek,rho_8,8,800,1,1122009,9,3000,0.016715216874277457,1.0,1500,0.9522580494158244,0.0034103122140235406,1.0,0.0,vicsek_eta0_6_deta0p5_steps3000_R20_v1
vicsek,rho_8,8,800,1,1122010,10,3000,0.03445527209221049,1.0,1500,0.9517399059525321,0.00569026540336817,0.9998892405063291,0.00035522063798486026,vicsek_eta0_6_deta0p5_steps3000_R20_v1
vicsek,rho_8,8,800,1,1122011,11,3000,0.06889610144461171,1.0,1500,0.9524342381661567,0.002907762392468448,0.9999591938707528,0.00028385154909058203,vicsek_eta0_6_deta0p5_steps3000_R20_v1
vicsek,rho_8,8,800,1,1122012,12,3000,0.04734585859862687,1.0,1500,0.9529713086938347,0.002747832106384935,0.9997693204530312,0.0007155662893809317,vicsek_eta0_6_deta0p5_steps3000_R20_v1
vicsek,rho_8,8,800,1,1122013,13,3000,0.015038167782684561,1.0,1500,0.9526913138863675,0.002880549485161563,1.0,0.0,vicsek_eta0_6_deta0p5_steps3000_R20_v1
vicsek,rho_8,8,800,1,1122014,14,3000,0.02280453910359162,1.0,1500,0.9522229804425882,0.003915664164149085,0.9999708527648234,0.00018863849726990416,vicsek_eta0_6_deta0p5_steps3000_R20_v1
vicsek,rho_8,8,800,1,1122015,15,3000,0.025003160307492014,1.0,1500,0.952595736336817,0.002871034893399405,0.9999816788807462,0.00015021895904503672,vicsek_eta0_6_deta0p5_steps3000_R20_v1
vicsek,rho_8,8,800,1,1122016,16,3000,0.009948573096055215,1.0,1500,0.9525516941711343,0.004765683247899372,0.9993570952698202,0.0014568743831477344,vicsek_eta0_6_deta0p5_steps3000_R20_v1
vicsek,rho_8,8,800,1,1122017,17,3000,0.025583253979658358,1.0,1500,0.9517322274226004,0.003326096067310103,0.9999775149900066,0.00016613454432257773,vicsek_eta0_6_deta0p5_steps3000_R20_v1
vicsek,rho_8,8,800,1,1122018,18,3000,0.02649952275693872,1.0,1500,0.9535128859870966,0.002735014467069263,0.99993254497002,0.00028243336631037197,vicsek_eta0_6_deta0p5_steps3000_R20_v1
vicsek,rho_8,8,800,1,1122019,19,3000,0.034976261963297,1.0,1500,0.9531624726894388,0.0030969351884939846,0.9998067954696869,0.0005082403486259927,vicsek_eta0_6_deta0p5_steps3000_R20_v1
vicsek,rho_8,8,800,1.2,1720200,0,3000,0.039079477269377036,1.0,1500,0.931739227465739,0.0044849848948986075,0.9994778481012658,0.002529203310660023,final_dense_eta_grid_steps3000_R20_v1
vicsek,rho_8,8,800,1.2,1720201,1,3000,0.023563721767731402,1.0,1500,0.9346325704164755,0.0036223006474063613,0.9993421052631579,0.0014079173072838863,final_dense_eta_grid_steps3000_R20_v1
vicsek,rho_8,8,800,1.2,1720202,2,3000,0.0027910565209675626,1.0,1500,0.932098871200413,0.004520078056649788,0.9999825116588942,0.00014681479594296165,final_dense_eta_grid_steps3000_R20_v1
vicsek,rho_8,8,800,1.2,1720203,3,3000,0.005793779897217934,1.0,1500,0.9342368181969596,0.004083387304110917,0.9997468354430381,0.0005023578438730129,final_dense_eta_grid_steps3000_R20_v1
vicsek,rho_8,8,800,1.2,1720204,4,3000,0.0288688015475536,1.0,1500,0.9314551086260776,0.006074117532780593,0.99993254497002,0.00030374377133355213,final_dense_eta_grid_steps3000_R20_v1
vicsek,rho_8,8,800,1.2,1720205,5,3000,0.028647596208936466,1.0,1500,0.9352208835810047,0.003443856658698328,0.9999641905396403,0.00020851740454561846,final_dense_eta_grid_steps3000_R20_v1
vicsek,rho_8,8,800,1.2,1720206,6,3000,0.04230327678434191,1.0,1500,0.932295526532682,0.00414097754313542,1.0,0.0,final_dense_eta_grid_steps3000_R20_v1
vicsek,rho_8,8,800,1.2,1720207,7,3000,0.02433079513052097,1.0,1500,0.9338964465146683,0.004199142581668873,0.9990189873417721,0.001659483850300071,final_dense_eta_grid_steps3000_R20_v1
vicsek,rho_8,8,800,1.2,1720208,8,3000,0.05409525488106463,1.0,1500,0.9319625696506582,0.004408596863893105,1.0,0.0,final_dense_eta_grid_steps3000_R20_v1
vicsek,rho_8,8,800,1.2,1720209,9,3000,0.03718694725937977,1.0,1500,0.9331626466516394,0.004218391784162569,0.9999816788807462,0.00015021895904503672,final_dense_eta_grid_steps3000_R20_v1
vicsek,rho_8,8,800,1.2,1720210,10,3000,0.024972562737997514,1.0,1500,0.935111133423305,0.0034723035429851464,0.9998575949367089,0.0006083465745591221,final_dense_eta_grid_steps3000_R20_v1
vicsek,rho_8,8,800,1.2,1720211,11,3000,0.04012313160550174,1.0,1500,0.9316405182383013,0.0048278746771947805,0.9999467021985343,0.0002525501854899995,final_dense_eta_grid_steps3000_R20_v1
vicsek,rho_8,8,800,1.2,1720212,12,3000,0.020531348297247533,1.0,1500,0.9331272998161713,0.004074157684245721,0.9997943037974684,0.0006708719342846003,final_dense_eta_grid_steps3000_R20_v1
vicsek,rho_8,8,800,1.2,1720213,13,3000,0.00529250890387636,1.0,1500,0.9308312201855498,0.004990172485395019,0.9999641905396403,0.00020851740454561846,final_dense_eta_grid_steps3000_R20_v1
vicsek,rho_8,8,800,1.2,1720214,14,3000,0.02197219035607719,1.0,1500,0.933046667452468,0.0045144599529755,0.999686875416389,0.0008986652496793422,final_dense_eta_grid_steps3000_R20_v1
vicsek,rho_8,8,800,1.2,1720215,15,3000,0.019696037886960675,1.0,1500,0.9325477801426202,0.005313753604392818,0.9999033977348435,0.0005798887253134868,final_dense_eta_grid_steps3000_R20_v1
vicsek,rho_8,8,800,1.2,1720216,16,3000,0.01103225730936096,1.0,1500,0.9332295221266167,0.004066161141020277,0.9999983344437041,6.450671795815013e-05,final_dense_eta_grid_steps3000_R20_v1
vicsek,rho_8,8,800,1.2,1720217,17,3000,0.054969070005817834,1.0,1500,0.9319711539762622,0.005188711255384878,0.9998434377081946,0.0004137524785925065,final_dense_eta_grid_steps3000_R20_v1
vicsek,rho_8,8,800,1.2,1720218,18,3000,0.03701616508251322,1.0,1500,0.9309477898680895,0.00560664195686907,0.9999308794137242,0.0002856975278115898,final_dense_eta_grid_steps3000_R20_v1
vicsek,rho_8,8,800,1.2,1720219,19,3000,0.04698757765873975,1.0,1500,0.9324173874655264,0.004038609428232557,0.9999941705529647,8.516352706058768e-05,final_dense_eta_grid_steps3000_R20_v1
vicsek,rho_8,8,800,1.3999999999999999,1720300,0,3000,0.015597140719351065,1.0,1500,0.9124083075882004,0.0047032696898102995,0.9993037974683544,0.001449509635761038,final_dense_eta_grid_steps3000_R20_v1
vicsek,rho_8,8,800,1.3999999999999999,1720301,1,3000,0.03562544715441438,1.0,1500,0.9110077533705726,0.004879368269834678,0.9998234510326448,0.00043533512529970715,final_dense_eta_grid_steps3000_R20_v1
vicsek,rho_8,8,800,1.3999999999999999,1720302,2,3000,0.03872463309605653,1.0,1500,0.9112133956072558,0.005421220162397859,0.9996527315123251,0.00089246934560488,final_dense_eta_grid_steps3000_R20_v1
vicsek,rho_8,8,800,1.3999999999999999,1720303,3,3000,0.008640678959764099,1.0,1500,0.9077888154289476,0.007278208604789214,0.9993887408394404,0.0020187816855210252,final_dense_eta_grid_steps3000_R20_v1
vicsek,rho_8,8,800,1.3999999999999999,1720304,4,3000,0.03964819314668483,1.0,1500,0.908227018311056,0.0060363177440978496,1.0,0.0,final_dense_eta_grid_steps3000_R20_v1
vicsek,rho_8,8,800,1.3999999999999999,1720305,5,3000,0.0712570912369603,1.0,1500,0.9072423959760318,0.007812644785919797,0.9996793804130579,0.0011820510646230534,final_dense_eta_grid_steps3000_R20_v1
vicsek,rho_8,8,800,1.3999999999999999,1720306,6,3000,0.027443674584038895,1.0,1500,0.9090770369576466,0.0059348668555405226,0.9998251165889407,0.0006969492407881126,final_dense_eta_grid_steps3000_R20_v1
vicsek,rho_8,8,800,1.3999999999999999,1720307,7,3000,0.07380978836081854,1.0,1500,0.9078202382656702,0.00663229264147398,0.9999133910726182,0.00036898932804455074,final_dense_eta_grid_steps3000_R20_v1
vicsek,rho_8,8,800,1.3999999999999999,1720308,8,3000,0.04470398443158577,1.0,1500,0.9069041189740759,0.01223368928321656,0.999796802131912,0.00046120273363720775,final_dense_eta_grid_steps3000_R20_v1
vicsek,rho_8,8,800,1.3999999999999999,1720309,9,3000,0.008165796514638186,1.0,1500,0.9103010482544684,0.005715639110995686,0.9998850766155897,0.00041483219935742305,final_dense_eta_grid_steps3000_R20_v1
vicsek,rho_8,8,800,1.3999999999999999,1720310,10,3000,0.0354522512935217,1.0,1500,0.9069382849708364,0.00740552908674449,0.9998076282478349,0.0012460170138387638,final_dense_eta_grid_steps3000_R20_v1
vicsek,rho_8,8,800,1.3999999999999999,1720311,11,3000,0.036308939387729805,1.0,1500,0.9091040687414406,0.0058166833998739564,0.9999100599600267,0.0003653533554695018,final_dense_eta_grid_steps3000_R20_v1
vicsek,rho_8,8,800,1.3999999999999999,1720312,12,3000,0.016452528629024524,1.0,1500,0.9093663659222361,0.006187365890517655,0.9998950699533644,0.0003584411040694617,final_dense_eta_grid_steps3000_R20_v1
vicsek,rho_8,8,800,1.3999999999999999,1720313,13,3000,0.04190501042224778,1.0,1500,0.9078926826631839,0.007909263872074843,1.0,0.0,final_dense_eta_grid_steps3000_R20_v1
vicsek,rho_8,8,800,1.3999999999999999,1720314,14,3000,0.028686858278652985,1.0,1500,0.9057082965916614,0.007358986154446995,0.9999991672218521,3.225335897907507e-05,final_dense_eta_grid_steps3000_R20_v1
vicsek,rho_8,8,800,1.3999999999999999,1720315,15,3000,0.010348854623976502,1.0,1500,0.9091896796409656,0.006282964774015918,0.9994695203197868,0.0016729702577843917,final_dense_eta_grid_steps3000_R20_v1
vicsek,rho_8,8,800,1.3999999999999999,1720316,16,3000,0.05746839151702466,1.0,1500,0.9087969843048255,0.0059398351352864445,0.9998484343770819,0.0004762995972283329,final_dense_eta_grid_steps3000_R20_v1
vicsek,rho_8,8,800,1.3999999999999999,1720317,17,3000,0.008260778920078704,1.0,1500,0.9109079419524031,0.005304302942436529,0.9996802131912058,0.0009731581902635441,final_dense_eta_grid_steps3000_R20_v1
vicsek,rho_8,8,800,1.3999999999999999,1720318,18,3000,0.009475933008444631,1.0,1500,0.9088930317181972,0.005701563868880672,0.9999966688874083,6.444217895453927e-05,final_dense_eta_grid_steps3000_R20_v1
vicsek,rho_8,8,800,1.3999999999999999,1720319,19,3000,0.023309290304525873,1.0,1500,0.9068062433547152,0.008564920385342293,0.9998092938041306,0.0004517696725805469,final_dense_eta_grid_steps3000_R20_v1
vicsek,rho_8,8,800,1.6000000000000001,1720400,0,3000,0.047792733781779256,1.0,1500,0.8798793755344014,0.008604196515678684,0.9996527315123251,0.0015287711098990581,final_dense_eta_grid_steps3000_R20_v1
vicsek,rho_8,8,800,1.6000000000000001,1720401,1,3000,0.013078441353331284,1.0,1500,0.8835938577977347,0.009514998056560597,1.0,0.0,final_dense_eta_grid_steps3000_R20_v1
vicsek,rho_8,8,800,1.6000000000000001,1720402,2,3000,0.04318848442363206,1.0,1500,0.8817933803022117,0.007885046009577887,0.9999800133244504,0.0001567924654998275,final_dense_eta_grid_steps3000_R20_v1
vicsek,rho_8,8,800,1.6000000000000001,1720403,3,3000,0.0100435022339203,1.0,1500,0.8809299582490883,0.007986955762105627,0.9999925049966689,9.650170510906507e-05,final_dense_eta_grid_steps3000_R20_v1
vicsek,rho_8,8,800,1.6000000000000001,1720404,4,3000,0.03248312248156493,1.0,1500,0.8818177844915925,0.00760064574901398,0.9998950699533644,0.0006082644885063935,final_dense_eta_grid_steps3000_R20_v1
vicsek,rho_8,8,800,1.6000000000000001,1720405,5,3000,0.047311687162069405,1.0,1500,0.884696767442783,0.006449428482424967,0.9998159560293138,0.000582955410580255,final_dense_eta_grid_steps3000_R20_v1
vicsek,rho_8,8,800,1.6000000000000001,1720406,6,3000,0.02431350469761663,1.0,1500,0.8802776646135315,0.00824574733700777,0.9999641905396403,0.00020851740454561846,final_dense_eta_grid_steps3000_R20_v1
vicsek,rho_8,8,800,1.6000000000000001,1720407,7,3000,0.039375284139569394,1.0,1500,0.8821833849123142,0.008849234837170466,0.9998084610259828,0.0013887653691245694,final_dense_eta_grid_steps3000_R20_v1
vicsek,rho_8,8,800,1.6000000000000001,1720408,8,3000,0.03166690478524933,1.0,1500,0.8842767754775459,0.007363040341510359,0.9996935376415723,0.0007927899256242863,final_dense_eta_grid_steps3000_R20_v1
vicsek,rho_8,8,800,1.6000000000000001,1720409,9,3000,0.016849836717223444,1.0,1500,0.8845093601460935,0.005861097049275889,0.9997326782145237,0.001546104609249727,final_dense_eta_grid_steps3000_R20_v1
vicsek,rho_8,8,800,1.6000000000000001,1720410,10,3000,0.020707690240670765,1.0,1500,0.8833211009022122,0.00870326789162114,0.9993770819453698,0.0011964921020968756,final_dense_eta_grid_steps3000_R20_v1
vicsek,rho_8,8,800,1.6000000000000001,1720411,11,3000,0.027818063554152027,1.0,1500,0.8831631552491619,0.006444024722212494,0.999899233844104,0.00034029968659405306,final_dense_eta_grid_steps3000_R20_v1
vicsek,rho_8,8,800,1.6000000000000001,1720412,12,3000,0.027975665820020142,1.0,1500,0.8781471469547582,0.02023262995669678,0.9999158894070619,0.00031315116050904004,final_dense_eta_grid_steps3000_R20_v1
vicsek,rho_8,8,800,1.6000000000000001,1720413,13,3000,0.041047024415107096,1.0,1500,0.8847632960526148,0.006376810271823201,0.9997909726848767,0.0005923142992539065,final_dense_eta_grid_steps3000_R20_v1
vicsek,rho_8,8,800,1.6000000000000001,1720414,14,3000,0.059686550970682255,1.0,1500,0.8832475975943063,0.007475167693520493,0.9999616922051966,0.00021544664388572902,final_dense_eta_grid_steps3000_R20_v1
vicsek,rho_8,8,800,1.6000000000000001,1720415,15,3000,0.013941514364300188,1.0,1500,0.8765602624004051,0.013112642010738668,0.9998659227181879,0.0007439874236162906,final_dense_eta_grid_steps3000_R20_v1
vicsek,rho_8,8,800,1.6000000000000001,1720416,16,3000,0.038678822201516694,1.0,1500,0.8835702623085437,0.008480755007948274,0.9997651565622918,0.0005834536656998115,final_dense_eta_grid_steps3000_R20_v1
vicsek,rho_8,8,800,1.6000000000000001,1720417,17,3000,0.04606658141586259,1.0,1500,0.8820902300007548,0.01066173884539383,0.9997101932045304,0.0010065769871995262,final_dense_eta_grid_steps3000_R20_v1
vicsek,rho_8,8,800,1.6000000000000001,1720418,18,3000,0.03491441582267954,1.0,1500,0.8794284370388659,0.008961229448613769,0.9999408727514991,0.00028060793037610476,final_dense_eta_grid_steps3000_R20_v1
vicsek,rho_8,8,800,1.6000000000000001,1720419,19,3000,0.04722073705507079,1.0,1500,0.8813609626775646,0.009948033662958924,0.9997593271152565,0.0008972418393677641,final_dense_eta_grid_steps3000_R20_v1
vicsek,rho_8,8,800,1.8,1720500,0,3000,0.03324777756370148,1.0,1500,0.8505502774423143,0.009814097326611228,1.0,0.0,final_dense_eta_grid_steps3000_R20_v1
vicsek,rho_8,8,800,1.8,1720501,1,3000,0.030984582994185928,1.0,1500,0.8465488577831388,0.013966634330245704,1.0,0.0,final_dense_eta_grid_steps3000_R20_v1
vicsek,rho_8,8,800,1.8,1720502,2,3000,0.05214676922630464,1.0,1500,0.8528845656378409,0.009369770889292032,0.9998451032644903,0.0004364027662756648,final_dense_eta_grid_steps3000_R20_v1
vicsek,rho_8,8,800,1.8,1720503,3,3000,0.01708851937072003,1.0,1500,0.8487994353295801,0.012713467475266966,0.9998934043970685,0.00040694315802669367,final_dense_eta_grid_steps3000_R20_v1
vicsek,rho_8,8,800,1.8,1720504,4,3000,0.0432383841427211,1.0,1500,0.8503523855067826,0.009467453627052211,0.9999916722185209,0.00010168763397977573,final_dense_eta_grid_steps3000_R20_v1
vicsek,rho_8,8,800,1.8,1720505,5,3000,0.044632584045142885,1.0,1500,0.8449459675895907,0.016892996322675647,0.9999458694203864,0.00025442701284982027,final_dense_eta_grid_steps3000_R20_v1
vicsek,rho_8,8,800,1.8,1720506,6,3000,0.012408382849842099,1.0,1500,0.8558004766600198,0.008128877335218214,0.9987266822118588,0.003358797141753332,final_dense_eta_grid_steps3000_R20_v1
vicsek,rho_8,8,800,1.8,1720507,7,3000,0.064080564486704,1.0,1500,0.8527439480642238,0.00938518036355376,0.9998767488341106,0.0005431565245858452,final_dense_eta_grid_steps3000_R20_v1
vicsek,rho_8,8,800,1.8,1720508,8,3000,0.029330551712031513,1.0,1500,0.847978163888259,0.013277020479307044,0.9998917388407729,0.0006059649979148312,final_dense_eta_grid_steps3000_R20_v1
vicsek,rho_8,8,800,1.8,1720509,9,3000,0.015101827655645121,1.0,1500,0.8584315280854907,0.007274599322013849,0.9990439706862092,0.0013153245115786474,final_dense_eta_grid_steps3000_R20_v1
vicsek,rho_8,8,800,1.8,1720510,10,3000,0.011604509035609768,1.0,1500,0.8487783668399583,0.011806293143430664,0.9999600266489008,0.0002199291251198363,final_dense_eta_grid_steps3000_R20_v1
vicsek,rho_8,8,800,1.8,1720511,11,3000,0.028254118499815833,1.0,1500,0.8554133261050523,0.007921333307198403,0.9994112258494338,0.0012603623371121495,final_dense_eta_grid_steps3000_R20_v1
vicsek,rho_8,8,800,1.8,1720512,12,3000,0.004249583535400278,1.0,1500,0.8499020717840065,0.012879074263979532,0.9998792471685543,0.0005869875041091788,final_dense_eta_grid_steps3000_R20_v1
vicsek,rho_8,8,800,1.8,1720513,13,3000,0.031799010104077825,1.0,1500,0.8542259068471354,0.008455990981986768,0.9998725849433711,0.0004886754660703228,final_dense_eta_grid_steps3000_R20_v1
vicsek,rho_8,8,800,1.8,1720514,14,3000,0.03737422761545148,1.0,1500,0.847686278627219,0.015023075154796289,1.0,0.0,final_dense_eta_grid_steps3000_R20_v1
vicsek,rho_8,8,800,1.8,1720515,15,3000,0.02606636429110127,1.0,1500,0.8488147723606513,0.011554261934611853,0.9999966688874083,0.00012901343591630314,final_dense_eta_grid_steps3000_R20_v1
vicsek,rho_8,8,800,1.8,1720516,16,3000,0.05097917415805801,1.0,1500,0.8498829417443182,0.015589550640790442,0.9998584277148567,0.00042893814742356117,final_dense_eta_grid_steps3000_R20_v1
vicsek,rho_8,8,800,1.8,1720517,17,3000,0.028467476150420806,1.0,1500,0.8543420851567627,0.008978582764051094,0.9998850766155897,0.00040723447485994447,final_dense_eta_grid_steps3000_R20_v1
vicsek,rho_8,8,800,1.8,1720518,18,3000,0.042448646821781996,1.0,1500,0.8514498649004094,0.009604651080301275,0.9997460026648901,0.0005408687314587228,final_dense_eta_grid_steps3000_R20_v1
vicsek,rho_8,8,800,1.8,1720519,19,3000,0.020274786612847966,1.0,1500,0.8550916983274878,0.007747747998696611,0.999771818787475,0.0004914139104521373,final_dense_eta_grid_steps3000_R20_v1
vicsek,rho_8,8,800,2,1124000,0,3000,0.010602200084657771,1.0,1500,0.8220136012487694,0.013927763247930828,0.9996152564956695,0.0007914898062665243,vicsek_eta0_6_deta0p5_steps3000_R20_v1
vicsek,rho_8,8,800,2,1124001,1,3000,0.0159095894847653,1.0,1500,0.8226870047809556,0.009334459949889568,0.9998675882744836,0.0004765456073575927,vicsek_eta0_6_deta0p5_steps3000_R20_v1
vicsek,rho_8,8,800,2,1124002,2,3000,0.03394694997596073,1.0,1500,0.8272311400292544,0.008774023372826487,0.9989057295136576,0.002697808685393832,vicsek_eta0_6_deta0p5_steps3000_R20_v1
vicsek,rho_8,8,800,2,1124003,3,3000,0.020428815966736732,1.0,1500,0.8209864583698908,0.009698449395504394,0.999822618254497,0.0008709959725416437,vicsek_eta0_6_deta0p5_steps3000_R20_v1
vicsek,rho_8,8,800,2,1124004,4,3000,0.019887603310189933,1.0,1500,0.8196121405582367,0.014005204964811894,0.9996269153897402,0.0006708192105384981,vicsek_eta0_6_deta0p5_steps3000_R20_v1
vicsek,rho_8,8,800,2,1124005,5,3000,0.014934918398019753,1.0,1500,0.8229832363471894,0.008914810701360616,0.9995561292471685,0.0010098890153881985,vicsek_eta0_6_deta0p5_steps3000_R20_v1
vicsek,rho_8,8,800,2,1124006,6,3000,0.03914759877152234,1.0,1500,0.8242717017232221,0.0096706389721948,0.9986808794137242,0.0016236286663166583,vicsek_eta0_6_deta0p5_steps3000_R20_v1
vicsek,rho_8,8,800,2,1124007,7,3000,0.011552520169339067,1.0,1500,0.8154612294419732,0.01417361374054204,0.9997876415722852,0.0004716289624183283,vicsek_eta0_6_deta0p5_steps3000_R20_v1
vicsek,rho_8,8,800,2,1124008,8,3000,0.016382471443911254,1.0,1500,0.8140105522214257,0.018190784366358657,0.9999092271818787,0.0003243860634211759,vicsek_eta0_6_deta0p5_steps3000_R20_v1
vicsek,rho_8,8,800,2,1124009,9,3000,0.00892636088636765,1.0,1500,0.8143415697988793,0.02077188393595721,0.9995961025982678,0.001136268335230197,vicsek_eta0_6_deta0p5_steps3000_R20_v1
vicsek,rho_8,8,800,2,1124010,10,3000,0.014569582536725457,1.0,1500,0.8245223958483459,0.00888944611565031,0.99954363757495,0.0020998781314913837,vicsek_eta0_6_deta0p5_steps3000_R20_v1
vicsek,rho_8,8,800,2,1124011,11,3000,0.015796662606133192,1.0,1500,0.8214586695451833,0.009736003963151938,0.9995702864756829,0.0009287436718518988,vicsek_eta0_6_deta0p5_steps3000_R20_v1
vicsek,rho_8,8,800,2,1124012,12,3000,0.05101686089700792,1.0,1500,0.8186947108517761,0.01308562929917116,0.9998409393737508,0.0005741701861993474,vicsek_eta0_6_deta0p5_steps3000_R20_v1
vicsek,rho_8,8,800,2,1124013,13,3000,0.037027685418125865,1.0,1500,0.8188699238275747,0.013554366594397575,0.999628580946036,0.000909983811898914,vicsek_eta0_6_deta0p5_steps3000_R20_v1
vicsek,rho_8,8,800,2,1124014,14,3000,0.04325597753018137,1.0,1500,0.8173019996088342,0.013520836260165895,0.9996977015323119,0.0005728242561542565,vicsek_eta0_6_deta0p5_steps3000_R20_v1
vicsek,rho_8,8,800,2,1124015,15,3000,0.014587164269393112,1.0,1500,0.8171455239133526,0.01251316604475199,0.9996693870752832,0.0014033950070130026,vicsek_eta0_6_deta0p5_steps3000_R20_v1
vicsek,rho_8,8,800,2,1124016,16,3000,0.03141185131482895,1.0,1500,0.8193243543786997,0.011274335266918343,0.9995769487008661,0.0008213557085088214,vicsek_eta0_6_deta0p5_steps3000_R20_v1
vicsek,rho_8,8,800,2,1124017,17,3000,0.019568740645017246,1.0,1500,0.819929910735417,0.01030286441889551,0.9997501665556295,0.0014679424610186495,vicsek_eta0_6_deta0p5_steps3000_R20_v1
vicsek,rho_8,8,800,2,1124018,18,3000,0.033803112597350624,1.0,1500,0.8212841458622998,0.011882710687498493,0.9995736175882745,0.001312698766776124,vicsek_eta0_6_deta0p5_steps3000_R20_v1
vicsek,rho_8,8,800,2,1124019,19,3000,0.02831177275810999,1.0,1500,0.8148429580924007,0.015037488430741373,0.9999467021985343,0.0002525501854899995,vicsek_eta0_6_deta0p5_steps3000_R20_v1
vicsek,rho_8,8,800,2.2000000000000002,1720600,0,3000,0.02987240840026604,1.0,1500,0.7892545607257299,0.010410595747750502,0.9993246169220519,0.0012101455704249119,final_dense_eta_grid_steps3000_R20_v1
vicsek,rho_8,8,800,2.2000000000000002,1720601,1,3000,0.02810730347708185,1.0,1500,0.7817169964077775,0.0148002127095548,0.9998959027315123,0.000472633698323201,final_dense_eta_grid_steps3000_R20_v1
vicsek,rho_8,8,800,2.2000000000000002,1720602,2,3000,0.01299956628516256,1.0,1500,0.7836001407018687,0.014326128153048186,0.9997285143237842,0.0006807623910043846,final_dense_eta_grid_steps3000_R20_v1
vicsek,rho_8,8,800,2.2000000000000002,1720603,3,3000,0.012794697464200217,1.0,1500,0.7792480268207411,0.014419827564527105,0.9999825116588942,0.00014681479594296165,final_dense_eta_grid_steps3000_R20_v1
vicsek,rho_8,8,800,2.2000000000000002,1720604,4,3000,0.009694807104529688,1.0,1500,0.7824003568877845,0.018361781110029816,0.9999625249833444,0.0002131651799570395,final_dense_eta_grid_steps3000_R20_v1
vicsek,rho_8,8,800,2.2000000000000002,1720605,5,3000,0.025647546215386986,1.0,1500,0.7808610091811699,0.01827935452761421,0.9996385742838108,0.0007692896041034041,final_dense_eta_grid_steps3000_R20_v1
vicsek,rho_8,8,800,2.2000000000000002,1720606,6,3000,0.01701017639832207,1.0,1500,0.7810734599269497,0.016944815222062558,0.9998617588274484,0.0007686997928641089,final_dense_eta_grid_steps3000_R20_v1
vicsek,rho_8,8,800,2.2000000000000002,1720607,7,3000,0.06136741076104649,1.0,1500,0.7806272312988803,0.015308598883872525,0.999619420386409,0.0008998506041287771,final_dense_eta_grid_steps3000_R20_v1
vicsek,rho_8,8,800,2.2000000000000002,1720608,8,3000,0.013462861721154549,1.0,1500,0.7846453100276918,0.017016200926324918,0.9997093604263825,0.0010483866562257648,final_dense_eta_grid_steps3000_R20_v1
vicsek,rho_8,8,800,2.2000000000000002,1720609,9,3000,0.01771539409759497,1.0,1500,0.7899157976801776,0.01206753618762244,0.9992521652231846,0.0013021098194962004,final_dense_eta_grid_steps3000_R20_v1
vicsek,rho_8,8,800,2.2000000000000002,1720610,10,3000,0.00990915554244166,1.0,1500,0.7814535773500418,0.017613183486496802,0.9998625916055963,0.00039099798740152846,final_dense_eta_grid_steps3000_R20_v1
vicsek,rho_8,8,800,2.2000000000000002,1720611,11,3000,0.024145990462742718,1.0,1500,0.781018780486599,0.014802258923145843,0.9999741838774151,0.00017777424179519664,final_dense_eta_grid_steps3000_R20_v1
vicsek,rho_8,8,800,2.2000000000000002,1720612,12,3000,0.03803297709099287,1.0,1500,0.7885974659031979,0.011716722790526268,0.9996952031978681,0.0005955813663196213,final_dense_eta_grid_steps3000_R20_v1
vicsek,rho_8,8,800,2.2000000000000002,1720613,13,3000,0.03449493815376773,1.0,1500,0.7773993775706062,0.017150624273405687,0.9999500333111259,0.00024908560067839387,final_dense_eta_grid_steps3000_R20_v1
vicsek,rho_8,8,800,2.2000000000000002,1720614,14,3000,0.0024394053196950534,1.0,1500,0.7776504695013647,0.016100219194637826,0.9999483677548301,0.0003151974529983343,final_dense_eta_grid_steps3000_R20_v1
vicsek,rho_8,8,800,2.2000000000000002,1720615,15,3000,0.029683836253408397,1.0,1500,0.784876392888031,0.014864086488833382,0.9996477348434377,0.0008122571582844493,final_dense_eta_grid_steps3000_R20_v1
vicsek,rho_8,8,800,2.2000000000000002,1720616,16,3000,0.02399360757892616,1.0,1500,0.7793214320211123,0.021141063658242944,0.9998650899400399,0.00039583163943887704,final_dense_eta_grid_steps3000_R20_v1
vicsek,rho_8,8,800,2.2000000000000002,1720617,17,3000,0.015050028638938508,1.0,1500,0.7833550319008085,0.01376931725962151,0.9998667554963357,0.00045735975724411627,final_dense_eta_grid_steps3000_R20_v1
vicsek,rho_8,8,800,2.2000000000000002,1720618,18,3000,0.034817440427000426,1.0,1500,0.7801159547892111,0.017523817187344977,0.9995378081279148,0.0011249892704324686,final_dense_eta_grid_steps3000_R20_v1
vicsek,rho_8,8,800,2.2000000000000002,1720619,19,3000,0.03725916362251127,1.0,1500,0.7875331442909786,0.010848074529953657,0.9994953364423718,0.0012240558381603568,final_dense_eta_grid_steps3000_R20_v1
vicsek,rho_8,8,800,2.3999999999999999,1720700,0,3000,0.029800982460616302,1.0,1500,0.7461128462392463,0.015854924458445982,0.9998009660226516,0.0008256994286545493,final_dense_eta_grid_steps3000_R20_v1
vicsek,rho_8,8,800,2.3999999999999999,1720701,1,3000,0.02324152669998135,1.0,1500,0.7422369320099547,0.02053098422434638,0.9998534310459694,0.00040984700848234083,final_dense_eta_grid_steps3000_R20_v1
vicsek,rho_8,8,800,2.3999999999999999,1720702,2,3000,0.037739134415951545,1.0,1500,0.7504903638279571,0.01200212489229782,0.9994412058627582,0.0015219083880108936,final_dense_eta_grid_steps3000_R20_v1
vicsek,rho_8,8,800,2.3999999999999999,1720703,3,3000,0.024156188818377715,1.0,1500,0.7410441908808932,0.02199465743717996,0.9995936042638242,0.0013229634332782131,final_dense_eta_grid_steps3000_R20_v1
vicsek,rho_8,8,800,2.3999999999999999,1720704,4,3000,0.02645109297530983,1.0,1500,0.7446193726012108,0.015053035589165462,0.9994295469686875,0.001175933465358115,final_dense_eta_grid_steps3000_R20_v1
vicsek,rho_8,8,800,2.3999999999999999,1720705,5,3000,0.019185290086744862,1.0,1500,0.7348082741382221,0.02421553645317306,0.9997218520986009,0.0013906088494358047,final_dense_eta_grid_steps3000_R20_v1
vicsek,rho_8,8,800,2.3999999999999999,1720706,6,3000,0.028010206089280038,1.0,1500,0.7468431456217018,0.02203189034285945,0.9992688207861425,0.001169732886251176,final_dense_eta_grid_steps3000_R20_v1
vicsek,rho_8,8,800,2.3999999999999999,1720707,7,3000,0.01607540273037532,1.0,1500,0.7451624819565207,0.016729400613997896,0.9999192205196537,0.0003238190124695707,final_dense_eta_grid_steps3000_R20_v1
vicsek,rho_8,8,800,2.3999999999999999,1720708,8,3000,0.013278851138207964,1.0,1500,0.7477352696323628,0.015127743922925466,0.9995236508994004,0.001179306188678924,final_dense_eta_grid_steps3000_R20_v1
vicsek,rho_8,8,800,2.3999999999999999,1720709,9,3000,0.019585844188931213,1.0,1500,0.7523852706876766,0.012730958893952989,0.9990214856762158,0.0018317367582689334,final_dense_eta_grid_steps3000_R20_v1
vicsek,rho_8,8,800,2.3999999999999999,1720710,10,3000,0.014531890287191172,1.0,1500,0.7405832582824569,0.019181507673964367,0.9996094270486342,0.001090534988190455,final_dense_eta_grid_steps3000_R20_v1
vicsek,rho_8,8,800,2.3999999999999999,1720711,11,3000,0.028042169523250927,1.0,1500,0.747286482315115,0.0183621203180853,0.9996568954030646,0.0007600322289610238,final_dense_eta_grid_steps3000_R20_v1
vicsek,rho_8,8,800,2.3999999999999999,1720712,12,3000,0.01847674091127268,1.0,1500,0.7446062905936077,0.019335393132367585,0.9999991672218521,3.225335897907507e-05,final_dense_eta_grid_steps3000_R20_v1
vicsek,rho_8,8,800,2.3999999999999999,1720713,13,3000,0.026683682608812397,1.0,1500,0.7371179548584773,0.02027138266449071,0.9999775149900066,0.00016613454432257773,final_dense_eta_grid_steps3000_R20_v1
vicsek,rho_8,8,800,2.3999999999999999,1720714,14,3000,0.013520141265963053,1.0,1500,0.737789088484347,0.021638433344707345,0.9997826449033976,0.0005035850155737258,final_dense_eta_grid_steps3000_R20_v1
vicsek,rho_8,8,800,2.3999999999999999,1720715,15,3000,0.034278613246634684,1.0,1500,0.7501680045025703,0.013886234668565596,0.9994095602931379,0.0009484235349925681,final_dense_eta_grid_steps3000_R20_v1
vicsek,rho_8,8,800,2.3999999999999999,1720716,16,3000,0.020899524692087987,1.0,1500,0.7420420883173471,0.018699048615913108,0.9997151898734177,0.0007484132318981637,final_dense_eta_grid_steps3000_R20_v1
vicsek,rho_8,8,800,2.3999999999999999,1720717,17,3000,0.02522390550576717,1.0,1500,0.7314324363918032,0.035441684730030926,0.9999866755496336,0.00012836674795467875,final_dense_eta_grid_steps3000_R20_v1
vicsek,rho_8,8,800,2.3999999999999999,1720718,18,3000,0.020993676299278678,1.0,1500,0.7408401976611143,0.022324964648937587,0.9999250499666889,0.00029676595853561904,final_dense_eta_grid_steps3000_R20_v1
vicsek,rho_8,8,800,2.3999999999999999,1720719,19,3000,0.023735129422356508,1.0,1500,0.7453103978298907,0.017272246189897967,0.9993212858094603,0.0015333017541932844,final_dense_eta_grid_steps3000_R20_v1
vicsek,rho_8,8,800,2.6000000000000001,1720800,0,3000,0.020391321100383296,1.0,1500,0.7026237711129596,0.019561877744485322,0.999890906062625,0.00036154082847738016,final_dense_eta_grid_steps3000_R20_v1
vicsek,rho_8,8,800,2.6000000000000001,1720801,1,3000,0.011269771865624355,1.0,1500,0.7128655581495938,0.015048145582886589,0.9994337108594271,0.0017060175330654021,final_dense_eta_grid_steps3000_R20_v1
vicsek,rho_8,8,800,2.6000000000000001,1720802,2,3000,0.015234412876924152,1.0,1500,0.7014549899766319,0.023917405574794454,0.9998334443704198,0.0006527812136247258,final_dense_eta_grid_steps3000_R20_v1
vicsek,rho_8,8,800,2.6000000000000001,1720803,3,3000,0.054660008846996753,1.0,1500,0.7048546478128814,0.018998804555352692,0.9998842438374418,0.0004208307405147765,final_dense_eta_grid_steps3000_R20_v1
vicsek,rho_8,8,800,2.6000000000000001,1720804,4,3000,0.03748544591194425,1.0,1500,0.7018668314333903,0.021063204226201247,0.9995336442371752,0.0012136935126793552,final_dense_eta_grid_steps3000_R20_v1
vicsek,rho_8,8,800,2.6000000000000001,1720805,5,3000,0.01357841977744291,1.0,1500,0.7085142504286129,0.016802695799461045,0.9994886742171886,0.0009377910249395344,final_dense_eta_grid_steps3000_R20_v1
vicsek,rho_8,8,800,2.6000000000000001,1720806,6,3000,0.017141596077259066,1.0,1500,0.701214151698097,0.018689218515561396,0.9997876415722852,0.0005529120119710959,final_dense_eta_grid_steps3000_R20_v1
vicsek,rho_8,8,800,2.6000000000000001,1720807,7,3000,0.05116137424077401,1.0,1500,0.7046859688173195,0.016667632145839207,0.9996444037308461,0.0008171985388660334,final_dense_eta_grid_steps3000_R20_v1
vicsek,rho_8,8,800,2.6000000000000001,1720808,8,3000,0.029211271151086217,1.0,1500,0.7000164343334503,0.020075192977806487,0.9997285143237842,0.0013685446460854431,final_dense_eta_grid_steps3000_R20_v1
vicsek,rho_8,8,800,2.6000000000000001,1720809,9,3000,0.009079784171250964,1.0,1500,0.7025662659570114,0.01977836600945386,0.9997368421052631,0.0005413006713230358,final_dense_eta_grid_steps3000_R20_v1
vicsek,rho_8,8,800,2.6000000000000001,1720810,10,3000,0.03746362705900252,1.0,1500,0.7063999270726473,0.01818604639731912,0.9998201199200533,0.0004481306040104282,final_dense_eta_grid_steps3000_R20_v1
vicsek,rho_8,8,800,2.6000000000000001,1720811,11,3000,0.05676219178111089,1.0,1500,0.7106582970352109,0.01537573477561118,0.99973017988008,0.0007810730978374951,final_dense_eta_grid_steps3000_R20_v1
vicsek,rho_8,8,800,2.6000000000000001,1720812,12,3000,0.04234742174582068,1.0,1500,0.7067875669041711,0.017612323232854547,0.9998834110592938,0.0004987305239244375,final_dense_eta_grid_steps3000_R20_v1
vicsek,rho_8,8,800,2.6000000000000001,1720813,13,3000,0.012051642978232868,1.0,1500,0.6927241382680427,0.03062528853731137,0.9994387075283144,0.0022159949547123064,final_dense_eta_grid_steps3000_R20_v1
vicsek,rho_8,8,800,2.6000000000000001,1720814,14,3000,0.008476696147868104,1.0,1500,0.7099842182234329,0.017020597452466556,0.9995627914723517,0.0016078317243785082,final_dense_eta_grid_steps3000_R20_v1
vicsek,rho_8,8,800,2.6000000000000001,1720815,15,3000,0.007535750299887861,1.0,1500,0.7076849316433205,0.021866705278478928,0.9995494670219853,0.0009560249612818614,final_dense_eta_grid_steps3000_R20_v1
vicsek,rho_8,8,800,2.6000000000000001,1720816,16,3000,0.016918561565049336,1.0,1500,0.70579818084808,0.019875057076060448,0.9997435043304463,0.0008565494693744002,final_dense_eta_grid_steps3000_R20_v1
vicsek,rho_8,8,800,2.6000000000000001,1720817,17,3000,0.030341139056165853,1.0,1500,0.7084221700582937,0.016585983211751254,0.999822618254497,0.0006850135602949921,final_dense_eta_grid_steps3000_R20_v1
vicsek,rho_8,8,800,2.6000000000000001,1720818,18,3000,0.02102901713335216,1.0,1500,0.7075861177126852,0.022671195182127207,0.9993662558294469,0.0014251741966675798,final_dense_eta_grid_steps3000_R20_v1
vicsek,rho_8,8,800,2.6000000000000001,1720819,19,3000,0.044605400527608155,1.0,1500,0.7039887603857943,0.018367551978202733,0.9998201199200533,0.00043874053468050746,final_dense_eta_grid_steps3000_R20_v1
vicsek,rho_8,8,800,2.7999999999999998,1720900,0,3000,0.04786732936210845,1.0,1500,0.6712628492685826,0.016470830080102354,0.9985343104596935,0.00242653318516041,final_dense_eta_grid_steps3000_R20_v1
vicsek,rho_8,8,800,2.7999999999999998,1720901,1,3000,0.019597579506363986,1.0,1500,0.6662782629836272,0.021808433535142887,0.999316289140573,0.0024841139813141697,final_dense_eta_grid_steps3000_R20_v1
vicsek,rho_8,8,800,2.7999999999999998,1720902,2,3000,0.01981051374295552,1.0,1500,0.6583494748086839,0.02333962386165326,0.9997876415722852,0.000596387778090747,final_dense_eta_grid_steps3000_R20_v1
vicsek,rho_8,8,800,2.7999999999999998,1720903,3,3000,0.01677030252186994,1.0,1500,0.6650303190385018,0.02076975275055397,0.9997085276482345,0.0006615226042732089,final_dense_eta_grid_steps3000_R20_v1
vicsek,rho_8,8,800,2.7999999999999998,1720904,4,3000,0.051976853988777695,1.0,1500,0.6533424606644088,0.027672794726931738,0.9996827115256496,0.0007471704849439272,final_dense_eta_grid_steps3000_R20_v1
vicsek,rho_8,8,800,2.7999999999999998,1720905,5,3000,0.0162298855201958,1.0,1500,0.665687289110228,0.021071970607695712,0.9995136575616256,0.00122126397209261,final_dense_eta_grid_steps3000_R20_v1
vicsek,rho_8,8,800,2.7999999999999998,1720906,6,3000,0.032351761503939265,1.0,1500,0.6509792223152429,0.030981015015820977,0.9995811125916055,0.0009681596661821085,final_dense_eta_grid_steps3000_R20_v1
vicsek,rho_8,8,800,2.7999999999999998,1720907,7,3000,0.027977734396192677,1.0,1500,0.658310899391095,0.02302294561568065,0.9993979013990674,0.0015762415956612603,final_dense_eta_grid_steps3000_R20_v1
vicsek,rho_8,8,800,2.7999999999999998,1720908,8,3000,0.003919552368955578,1.0,1500,0.6575245800603984,0.026639827380101132,0.9999933377748168,9.101316517197841e-05,final_dense_eta_grid_steps3000_R20_v1
vicsek,rho_8,8,800,2.7999999999999998,1720909,9,3000,0.03587857200554458,1.0,1500,0.6557195651332469,0.031241131447443712,0.9998609260493004,0.0005829185299158824,final_dense_eta_grid_steps3000_R20_v1
vicsek,rho_8,8,800,2.7999999999999998,1720910,10,3000,0.055708464852601766,1.0,1500,0.6575843290072252,0.025100460753383118,0.9999433710859427,0.0002599602059244982,final_dense_eta_grid_steps3000_R20_v1
vicsek,rho_8,8,800,2.7999999999999998,1720911,11,3000,0.04822223427667816,1.0,1500,0.6624304275988151,0.02622557022941032,0.9997068620919387,0.0006416035459912283,final_dense_eta_grid_steps3000_R20_v1
vicsek,rho_8,8,800,2.7999999999999998,1720912,12,3000,0.021944009449477324,1.0,1500,0.6589771232889398,0.0272611293242912,0.9995111592271818,0.0010281272739802844,final_dense_eta_grid_steps3000_R20_v1
vicsek,rho_8,8,800,2.7999999999999998,1720913,13,3000,0.018514525395104498,1.0,1500,0.6640113892594434,0.016244050950170567,0.9994203864090607,0.0013912046878872327,final_dense_eta_grid_steps3000_R20_v1
vicsek,rho_8,8,800,2.7999999999999998,1720914,14,3000,0.02923574006220783,1.0,1500,0.6591605814181427,0.02260284463085184,0.9997460026648901,0.0005923119575214259,final_dense_eta_grid_steps3000_R20_v1
vicsek,rho_8,8,800,2.7999999999999998,1720915,15,3000,0.0064950087426144144,1.0,1500,0.6566490446497723,0.03144489440958461,0.9985842771485676,0.004343642611876695,final_dense_eta_grid_steps3000_R20_v1
vicsek,rho_8,8,800,2.7999999999999998,1720916,16,3000,0.042634243578397166,1.0,1500,0.6521743906031713,0.026820489930947745,0.999881745502998,0.00036583328879599914,final_dense_eta_grid_steps3000_R20_v1
vicsek,rho_8,8,800,2.7999999999999998,1720917,17,3000,0.03129091893862229,1.0,1500,0.6585922929741794,0.026349717415754637,0.9996568954030646,0.0011902407206402146,final_dense_eta_grid_steps3000_R20_v1
vicsek,rho_8,8,800,2.7999999999999998,1720918,18,3000,0.03689906117028778,1.0,1500,0.670445597904227,0.01833211680879702,0.9990722851432379,0.0022276773428266715,final_dense_eta_grid_steps3000_R20_v1
vicsek,rho_8,8,800,2.7999999999999998,1720919,19,3000,0.02454180050870677,1.0,1500,0.6558633666864483,0.028407124114536067,0.9995186542305129,0.0009783133732737138,final_dense_eta_grid_steps3000_R20_v1
vicsek,rho_8,8,800,3,1126000,0,3000,0.009590644445154018,1.0,1500,0.6193488310411775,0.023051910645570658,0.9994295469686875,0.0011943786534068628,vicsek_eta0_6_deta0p5_steps3000_R20_v1
vicsek,rho_8,8,800,3,1126001,1,3000,0.0016437521479502983,1.0,1500,0.6042301555430623,0.03182768085988616,0.9996494003997336,0.0007695636132271908,vicsek_eta0_6_deta0p5_steps3000_R20_v1
vicsek,rho_8,8,800,3,1126002,2,3000,0.03666882731821022,1.0,1500,0.6078242713119464,0.035106481418965274,0.9996102598267821,0.0009171644011585534,vicsek_eta0_6_deta0p5_steps3000_R20_v1
vicsek,rho_8,8,800,3,1126003,3,3000,0.039058606286287455,1.0,1500,0.6208931945187428,0.0238540351510198,0.9996494003997336,0.0006492369632757363,vicsek_eta0_6_deta0p5_steps3000_R20_v1
vicsek,rho_8,8,800,3,1126004,4,3000,0.019256855420500832,1.0,1500,0.5978655663936163,0.045770055506803096,0.9993004663557629,0.001254535986732131,vicsek_eta0_6_deta0p5_steps3000_R20_v1
vicsek,rho_8,8,800,3,1126005,5,3000,0.04469377056506353,1.0,1500,0.6163805103937899,0.024618888123486147,0.9997126915389739,0.0009449048914850596,vicsek_eta0_6_deta0p5_steps3000_R20_v1
vicsek,rho_8,8,800,3,1126006,6,3000,0.039750554521973666,1.0,1500,0.6163623716532408,0.023161013943351724,0.9999083944037308,0.00032575360330871345,vicsek_eta0_6_deta0p5_steps3000_R20_v1
vicsek,rho_8,8,800,3,1126007,7,3000,0.04177086320574979,1.0,1500,0.6165950981479328,0.026403575541573403,0.9978739173884077,0.00813559108786437,vicsek_eta0_6_deta0p5_steps3000_R20_v1
vicsek,rho_8,8,800,3,1126008,8,3000,0.02080288051886834,1.0,1500,0.5983593249426119,0.04702396104153374,0.9999625249833444,0.0003252934208817791,vicsek_eta0_6_deta0p5_steps3000_R20_v1
vicsek,rho_8,8,800,3,1126009,9,3000,0.02628823189909751,1.0,1500,0.6172920642845157,0.026155580604294185,0.9994545303131246,0.0010735631191193743,vicsek_eta0_6_deta0p5_steps3000_R20_v1
vicsek,rho_8,8,800,3,1126010,10,3000,0.07116282720183,1.0,1500,0.6136707130851055,0.03141483709601844,0.9993887408394404,0.0013322649361960698,vicsek_eta0_6_deta0p5_steps3000_R20_v1
vicsek,rho_8,8,800,3,1126011,11,3000,0.07729125424216783,1.0,1500,0.6146525082842408,0.028982208787735327,0.999847601598934,0.0007362220420773934,vicsek_eta0_6_deta0p5_steps3000_R20_v1
vicsek,rho_8,8,800,3,1126012,12,3000,0.039898934588268875,1.0,1500,0.5972476703870658,0.034403495988004004,0.999298800799467,0.0011193703145185373,vicsek_eta0_6_deta0p5_steps3000_R20_v1
vicsek,rho_8,8,800,3,1126013,13,3000,0.018252139795641227,1.0,1500,0.6136441351792059,0.03265291030726432,0.9981587275149899,0.003054741039404796,vicsek_eta0_6_deta0p5_steps3000_R20_v1
vicsek,rho_8,8,800,3,1126014,14,3000,0.05363207726340947,1.0,1500,0.6341536398854314,0.016503064639479773,0.9972393404397069,0.0042081762241222885,vicsek_eta0_6_deta0p5_steps3000_R20_v1
vicsek,rho_8,8,800,3,1126015,15,3000,0.04217739241800398,1.0,1500,0.6050470953887865,0.05233880689957204,0.9995761159227182,0.0006739990015696401,vicsek_eta0_6_deta0p5_steps3000_R20_v1
vicsek,rho_8,8,800,3,1126016,16,3000,0.034998551434700535,1.0,1500,0.6203991907605402,0.024483893441460236,0.9984876748834111,0.003068805893256921,vicsek_eta0_6_deta0p5_steps3000_R20_v1
vicsek,rho_8,8,800,3,1126017,17,3000,0.04405916915885675,1.0,1500,0.6118503038090363,0.029597100488892098,0.9999433710859427,0.0002599602059244982,vicsek_eta0_6_deta0p5_steps3000_R20_v1
vicsek,rho_8,8,800,3,1126018,18,3000,0.024257930739362114,1.0,1500,0.6168143823280582,0.026321442636594222,0.999417888074617,0.0012190040290810126,vicsek_eta0_6_deta0p5_steps3000_R20_v1
vicsek,rho_8,8,800,3,1126019,19,3000,0.014292304029935279,1.0,1500,0.6102641704576125,0.02784528509381184,0.9999000666222517,0.0007555634177043421,vicsek_eta0_6_deta0p5_steps3000_R20_v1
vicsek,rho_8,8,800,3.2000000000000002,1721000,0,3000,0.037020974711398924,1.0,1500,0.57421458685699,0.02229168533191658,0.9994278814123918,0.0007906771328268745,final_dense_eta_grid_steps3000_R20_v1
vicsek,rho_8,8,800,3.2000000000000002,1721001,1,3000,0.07957437400426699,1.0,1500,0.5702966304096866,0.029866176156186017,0.9988915722851432,0.002161634139141886,final_dense_eta_grid_steps3000_R20_v1
vicsek,rho_8,8,800,3.2000000000000002,1721002,2,3000,0.043072438694954224,1.0,1500,0.5489514391982846,0.06629951371104331,0.9998367754830114,0.0005285865363472385,final_dense_eta_grid_steps3000_R20_v1
vicsek,rho_8,8,800,3.2000000000000002,1721003,3,3000,0.05667581561733345,1.0,1500,0.5718784799412997,0.026229533927465038,0.9997893071285809,0.0004811094214682587,final_dense_eta_grid_steps3000_R20_v1
vicsek,rho_8,8,800,3.2000000000000002,1721004,4,3000,0.02668342085204443,1.0,1500,0.5659359727525741,0.034557057599781164,0.999232178547635,0.0012502726621073743,final_dense_eta_grid_steps3000_R20_v1
vicsek,rho_8,8,800,3.2000000000000002,1721005,5,3000,0.06507367662773728,1.0,1500,0.5691312197470534,0.04311662206676508,0.9974125582944704,0.0037782985796953592,final_dense_eta_grid_steps3000_R20_v1
vicsek,rho_8,8,800,3.2000000000000002,1721006,6,3000,0.04226959530497312,1.0,1500,0.5762346700308945,0.031626768911594695,0.9970619586942038,0.003971981973829409,final_dense_eta_grid_steps3000_R20_v1
vicsek,rho_8,8,800,3.2000000000000002,1721007,7,3000,0.026246597446025154,1.0,1500,0.5702319810790156,0.03243503325204358,0.9998426049300467,0.000639775274254934,final_dense_eta_grid_steps3000_R20_v1
vicsek,rho_8,8,800,3.2000000000000002,1721008,8,3000,0.046223352727132204,1.0,1500,0.5440422571215645,0.08061100642412927,0.9960309793471019,0.013073809951036304,final_dense_eta_grid_steps3000_R20_v1
vicsek,rho_8,8,800,3.2000000000000002,1721009,9,3000,0.029140055099181904,1.0,1500,0.5794091244861588,0.027511030398220157,0.9985809460359761,0.002089345940746176,final_dense_eta_grid_steps3000_R20_v1
vicsek,rho_8,8,800,3.2000000000000002,1721010,10,3000,0.06416339015511877,1.0,1500,0.5766518425284151,0.025109151260354113,0.999822618254497,0.0007044919215965611,final_dense_eta_grid_steps3000_R20_v1
vicsek,rho_8,8,800,3.2000000000000002,1721011,11,3000,0.0175414847679715,1.0,1500,0.564699720613855,0.0293604731259492,0.9992688207861425,0.0013043719884826056,final_dense_eta_grid_steps3000_R20_v1
vicsek,rho_8,8,800,3.2000000000000002,1721012,12,3000,0.05104130829281983,1.0,1500,0.5692416221394582,0.02373084608326285,0.9996693870752832,0.0006420454883677639,final_dense_eta_grid_steps3000_R20_v1
vicsek,rho_8,8,800,3.2000000000000002,1721013,13,3000,0.019364574215015803,1.0,1500,0.5631191529243498,0.033239929870081744,0.9998467688207862,0.000541272483984964,final_dense_eta_grid_steps3000_R20_v1
vicsek,rho_8,8,800,3.2000000000000002,1721014,14,3000,0.06354514822064056,1.0,1500,0.5689253177999385,0.02618836487364321,0.9998575949367089,0.0004100449413317167,final_dense_eta_grid_steps3000_R20_v1
vicsek,rho_8,8,800,3.2000000000000002,1721015,15,3000,0.04088837301004439,1.0,1500,0.5651978770987509,0.030627770651426953,0.9997393404397069,0.0006625785169794992,final_dense_eta_grid_steps3000_R20_v1
vicsek,rho_8,8,800,3.2000000000000002,1721016,16,3000,0.03351579027920671,1.0,1500,0.5728316197036295,0.025340520212282322,0.9987308461025983,0.001977515488004145,final_dense_eta_grid_steps3000_R20_v1
vicsek,rho_8,8,800,3.2000000000000002,1721017,17,3000,0.014888436718916022,1.0,1500,0.5627645400260467,0.0386959224151679,0.9996410726182545,0.000940232714288532,final_dense_eta_grid_steps3000_R20_v1
vicsek,rho_8,8,800,3.2000000000000002,1721018,18,3000,0.03886657765532016,1.0,1500,0.5822701341862275,0.019761568676094757,0.9984768487674884,0.0023087049582087016,final_dense_eta_grid_steps3000_R20_v1
vicsek,rho_8,8,800,3.2000000000000002,1721019,19,3000,0.004827258147891408,1.0,1500,0.5680525998553406,0.028451563279157457,0.999704363757495,0.0007587481877302846,final_dense_eta_grid_steps3000_R20_v1
vicsek,rho_8,8,800,3.3999999999999999,1721100,0,3000,0.019860255574059203,1.0,1500,0.5232981863258934,0.02963703060172246,0.9993545969353764,0.0010478884199523028,final_dense_eta_grid_steps3000_R20_v1
vicsek,rho_8,8,800,3.3999999999999999,1721101,1,3000,0.015460283261465669,1.0,1500,0.5205044509362757,0.034151015029033865,0.9990814457028647,0.002495930166681726,final_dense_eta_grid_steps3000_R20_v1
vicsek,rho_8,8,800,3.3999999999999999,1721102,2,3000,0.009565941020437833,1.0,1500,0.5288575420446004,0.02577343866289038,0.999122251832112,0.0027266288445565285,final_dense_eta_grid_steps3000_R20_v1
vicsek,rho_8,8,800,3.3999999999999999,1721103,3,3000,0.029224460873924135,1.0,1500,0.5153264803223393,0.0334593113542296,0.9994753497668222,0.00115952388095054,final_dense_eta_grid_steps3000_R20_v1
vicsek,rho_8,8,800,3.3999999999999999,1721104,4,3000,0.014667142105467436,1.0,1500,0.5285275936334264,0.029156257770004135,0.9998267821452366,0.00045989263712580957,final_dense_eta_grid_steps3000_R20_v1
vicsek,rho_8,8,800,3.3999999999999999,1721105,5,3000,0.026804130886150204,1.0,1500,0.516049009277416,0.04018293215634261,0.9992013657561626,0.0017999462757915966,final_dense_eta_grid_steps3000_R20_v1
vicsek,rho_8,8,800,3.3999999999999999,1721106,6,3000,0.027866453865300945,1.0,1500,0.5181048919041739,0.034572716723903614,0.9991888740839441,0.0015982854731968281,final_dense_eta_grid_steps3000_R20_v1
vicsek,rho_8,8,800,3.3999999999999999,1721107,7,3000,0.026646226349066132,1.0,1500,0.5268828442154121,0.025729510362524164,0.9996985343104596,0.0010527672919539257,final_dense_eta_grid_steps3000_R20_v1
vicsek,rho_8,8,800,3.3999999999999999,1721108,8,3000,0.020181142278095712,1.0,1500,0.4902553992598365,0.06216507251280699,0.9993562624916723,0.0012110489923798295,final_dense_eta_grid_steps3000_R20_v1
vicsek,rho_8,8,800,3.3999999999999999,1721109,9,3000,0.02104353061605156,1.0,1500,0.518702040634406,0.04281763677795038,0.9985301465689541,0.0025177515491527475,final_dense_eta_grid_steps3000_R20_v1
vicsek,rho_8,8,800,3.3999999999999999,1721110,10,3000,0.0026182322001522397,1.0,1500,0.5256546249517989,0.03012206546265434,0.9968362758161226,0.005386831742041271,final_dense_eta_grid_steps3000_R20_v1
vicsek,rho_8,8,800,3.3999999999999999,1721111,11,3000,0.03435691375141152,1.0,1500,0.516008477074677,0.03676364519160784,0.9997351765489674,0.0007998824356548247,final_dense_eta_grid_steps3000_R20_v1
vicsek,rho_8,8,800,3.3999999999999999,1721112,12,3000,0.015262492889439365,1.0,1500,0.5319361939109413,0.03294694829632681,0.9978955696202532,0.003695146720468981,final_dense_eta_grid_steps3000_R20_v1
vicsek,rho_8,8,800,3.3999999999999999,1721113,13,3000,0.012291327862414598,1.0,1500,0.5036640258624463,0.04825505341385113,0.9999083944037308,0.00033829453372412663,final_dense_eta_grid_steps3000_R20_v1
vicsek,rho_8,8,800,3.3999999999999999,1721114,14,3000,0.0034544268316567418,1.0,1500,0.5153031089167617,0.04943353080096541,0.9988049633577615,0.002072224474441604,final_dense_eta_grid_steps3000_R20_v1
vicsek,rho_8,8,800,3.3999999999999999,1721115,15,3000,0.03556950738299138,1.0,1500,0.5245724956678076,0.03305222313473129,0.9996110926049301,0.0013064789629247398,final_dense_eta_grid_steps3000_R20_v1
vicsek,rho_8,8,800,3.3999999999999999,1721116,16,3000,0.044447817352906455,1.0,1500,0.5153454455547826,0.05023172598725158,0.9993870752831445,0.0011403022906752575,final_dense_eta_grid_steps3000_R20_v1
vicsek,rho_8,8,800,3.3999999999999999,1721117,17,3000,0.026901307813178045,1.0,1500,0.5160582940772925,0.051886160508413055,0.9995644570286476,0.0010093917015942813,final_dense_eta_grid_steps3000_R20_v1
vicsek,rho_8,8,800,3.3999999999999999,1721118,18,3000,0.023708607679017623,1.0,1500,0.5342324708277444,0.03098751901470164,0.9995403064623584,0.0011708801529034581,final_dense_eta_grid_steps3000_R20_v1
vicsek,rho_8,8,800,3.3999999999999999,1721119,19,3000,0.04348261556042263,1.0,1500,0.5258056198643131,0.03530834454763904,0.9995519653564291,0.0021145094863554243,final_dense_eta_grid_steps3000_R20_v1
vicsek,rho_8,8,800,3.6000000000000001,1721200,0,3000,0.06138087098614181,1.0,1500,0.45520722790714324,0.04598065143134735,0.9999683544303798,0.0001963555956644081,final_dense_eta_grid_steps3000_R20_v1
vicsek,rho_8,8,800,3.6000000000000001,1721201,1,3000,0.017275767576544355,1.0,1500,0.4634537850293252,0.03925930253509799,0.999677714856762,0.0010003021069168985,final_dense_eta_grid_steps3000_R20_v1
vicsek,rho_8,8,800,3.6000000000000001,1721202,2,3000,0.04043582105402624,1.0,1500,0.49137260855156767,0.03550439443673099,0.9974975016655564,0.002508935149376068,final_dense_eta_grid_steps3000_R20_v1
vicsek,rho_8,8,800,3.6000000000000001,1721203,3,3000,0.06122624765743719,1.0,1500,0.46894750876895597,0.03433443725692967,0.9999500333111259,0.0002448707640686468,final_dense_eta_grid_steps3000_R20_v1
vicsek,rho_8,8,800,3.6000000000000001,1721204,4,3000,0.05118618162592597,1.0,1500,0.47671984738492895,0.029757697733242643,0.9993062958027982,0.0021378996530453365,final_dense_eta_grid_steps3000_R20_v1
vicsek,rho_8,8,800,3.6000000000000001,1721205,5,3000,0.04803225085496056,1.0,1500,0.46168596975389015,0.061481576651329486,0.9992946369087276,0.0016637290109656907,final_dense_eta_grid_steps3000_R20_v1
vicsek,rho_8,8,800,3.6000000000000001,1721206,6,3000,0.06195586367065412,1.0,1500,0.46770121020279887,0.04223590498253093,0.9994020652898068,0.0010732588110131836,final_dense_eta_grid_steps3000_R20_v1
vicsek,rho_8,8,800,3.6000000000000001,1721207,7,3000,0.022847435084792193,1.0,1500,0.46222531363190367,0.044529030180605535,0.9992513324450366,0.0011345586841593441,final_dense_eta_grid_steps3000_R20_v1
vicsek,rho_8,8,800,3.6000000000000001,1721208,8,3000,0.029418736276976748,1.0,1500,0.4219149786453814,0.10912193803229547,0.9995644570286476,0.0010762722457728195,final_dense_eta_grid_steps3000_R20_v1
vicsek,rho_8,8,800,3.6000000000000001,1721209,9,3000,0.042796349985461044,1.0,1500,0.4655285327368979,0.040153878976444304,0.9994861758827448,0.0014383339540370123,final_dense_eta_grid_steps3000_R20_v1
vicsek,rho_8,8,800,3.6000000000000001,1721210,10,3000,0.027245593169060504,1.0,1500,0.44607351258328687,0.06510362142649616,0.9993554297135243,0.001070508371339409,final_dense_eta_grid_steps3000_R20_v1
vicsek,rho_8,8,800,3.6000000000000001,1721211,11,3000,0.011473864893368536,1.0,1500,0.46057720258520146,0.07259303360300087,0.9983486009327115,0.0021501602843679943,final_dense_eta_grid_steps3000_R20_v1
vicsek,rho_8,8,800,3.6000000000000001,1721212,12,3000,0.025286017175254277,1.0,1500,0.4802982273975339,0.027896570276414213,0.9991622251832112,0.0012783098455452365,final_dense_eta_grid_steps3000_R20_v1
vicsek,rho_8,8,800,3.6000000000000001,1721213,13,3000,0.02647675453404955,1.0,1500,0.46024863669732596,0.04758394759175628,0.9979846768820786,0.004520699491921688,final_dense_eta_grid_steps3000_R20_v1
vicsek,rho_8,8,800,3.6000000000000001,1721214,14,3000,0.04070350256905853,1.0,1500,0.4662116490146986,0.04758922525975262,0.9994478680879414,0.0011371206721242433,final_dense_eta_grid_steps3000_R20_v1
vicsek,rho_8,8,800,3.6000000000000001,1721215,15,3000,0.03870344134832943,1.0,1500,0.4755336338511324,0.03110601806078095,0.999095602931379,0.0015964246318449517,final_dense_eta_grid_steps3000_R20_v1
vicsek,rho_8,8,800,3.6000000000000001,1721216,16,3000,0.04834155016083045,1.0,1500,0.47449180500697974,0.030317103215972675,0.9994203864090607,0.001375401625284257,final_dense_eta_grid_steps3000_R20_v1
vicsek,rho_8,8,800,3.6000000000000001,1721217,17,3000,0.02386171791226569,1.0,1500,0.4758588174353683,0.02956064901623376,0.998707528314457,0.0032516822817720155,final_dense_eta_grid_steps3000_R20_v1
vicsek,rho_8,8,800,3.6000000000000001,1721218,18,3000,0.0550605884749277,1.0,1500,0.47666052775944817,0.035068740715848375,0.9991080946035977,0.0015334161829883928,final_dense_eta_grid_steps3000_R20_v1
vicsek,rho_8,8,800,3.6000000000000001,1721219,19,3000,0.026022675378537693,1.0,1500,0.4501962067658473,0.0674689929011335,0.9992738174550301,0.002191921760309783,final_dense_eta_grid_steps3000_R20_v1
vicsek,rho_8,8,800,3.7999999999999998,1721300,0,3000,0.029275297253124805,1.0,1500,0.41969863877177754,0.037610503488361556,0.9991022651565622,0.0015712963493561913,final_dense_eta_grid_steps3000_R20_v1
vicsek,rho_8,8,800,3.7999999999999998,1721301,1,3000,0.025799540922963295,1.0,1500,0.40304468302042074,0.06806318249961088,0.9995927714856763,0.0008109095700872726,final_dense_eta_grid_steps3000_R20_v1
vicsek,rho_8,8,800,3.7999999999999998,1721302,2,3000,0.009768959144219335,1.0,1500,0.42418184725151065,0.040010564373676435,0.9991738840772818,0.0019450720553112475,final_dense_eta_grid_steps3000_R20_v1
vicsek,rho_8,8,800,3.7999999999999998,1721303,3,3000,0.048989982637762816,1.0,1500,0.4250931282318159,0.039201977645246924,0.9992946369087276,0.0013070134003614364,final_dense_eta_grid_steps3000_R20_v1
vicsek,rho_8,8,800,3.7999999999999998,1721304,4,3000,0.025464754096289486,1.0,1500,0.4246332563766127,0.040286753638894175,0.9988565956029314,0.002065176304074148,final_dense_eta_grid_steps3000_R20_v1
vicsek,rho_8,8,800,3.7999999999999998,1721305,5,3000,0.01505714426377357,1.0,1500,0.41490873498646186,0.044149309490838735,0.9998159560293138,0.0004545244845556441,final_dense_eta_grid_steps3000_R20_v1
vicsek,rho_8,8,800,3.7999999999999998,1721306,6,3000,0.0834854132832327,1.0,1500,0.4248542817356014,0.04940604175318598,0.9990139906728848,0.0020318837965636197,final_dense_eta_grid_steps3000_R20_v1
vicsek,rho_8,8,800,3.7999999999999998,1721307,7,3000,0.02039217513766603,1.0,1500,0.43174092355327953,0.034389526647243915,0.9970161558960693,0.003205063523793637,final_dense_eta_grid_steps3000_R20_v1
vicsek,rho_8,8,800,3.7999999999999998,1721308,8,3000,0.014219671625057752,1.0,1500,0.41523335137311934,0.05717799498557349,0.996638074616922,0.005011783020482728,final_dense_eta_grid_steps3000_R20_v1
vicsek,rho_8,8,800,3.7999999999999998,1721309,9,3000,0.08071524575609271,1.0,1500,0.41304063807295854,0.055186336099231174,0.9993820786142572,0.001456967206513275,final_dense_eta_grid_steps3000_R20_v1
vicsek,rho_8,8,800,3.7999999999999998,1721310,10,3000,0.00987983415891636,1.0,1500,0.41920706624558,0.036787583811196026,0.9997085276482345,0.0006739938567393854,final_dense_eta_grid_steps3000_R20_v1
vicsek,rho_8,8,800,3.7999999999999998,1721311,11,3000,0.00473251778160468,1.0,1500,0.4184561784126384,0.046687719910782084,0.9990481345769486,0.0014631743795712093,final_dense_eta_grid_steps3000_R20_v1
vicsek,rho_8,8,800,3.7999999999999998,1721312,12,3000,0.04197460186105217,1.0,1500,0.411542448366294,0.04897516803020486,0.9998109593604263,0.0004660686634119906,final_dense_eta_grid_steps3000_R20_v1
vicsek,rho_8,8,800,3.7999999999999998,1721313,13,3000,0.04832182284302942,1.0,1500,0.42163557779580624,0.03393497088070594,0.9996977015323119,0.0008118848084731491,final_dense_eta_grid_steps3000_R20_v1
vicsek,rho_8,8,800,3.7999999999999998,1721314,14,3000,0.01644616306259418,1.0,1500,0.41213470762681265,0.049574458129469125,0.9989098934043971,0.001967698104742912,final_dense_eta_grid_steps3000_R20_v1
vicsek,rho_8,8,800,3.7999999999999998,1721315,15,3000,0.027827554728137784,1.0,1500,0.43530867298705006,0.03324134471339841,0.9993454363757495,0.0017637612056026681,final_dense_eta_grid_steps3000_R20_v1
vicsek,rho_8,8,800,3.7999999999999998,1721316,16,3000,0.020990117421184225,1.0,1500,0.3943404524462582,0.061418827198624806,0.9982828114590272,0.003158147942198413,final_dense_eta_grid_steps3000_R20_v1
vicsek,rho_8,8,800,3.7999999999999998,1721317,17,3000,0.021820732874246337,1.0,1500,0.41037404641336184,0.05437000112752819,0.9991855429713524,0.001756178070140626,final_dense_eta_grid_steps3000_R20_v1
vicsek,rho_8,8,800,3.7999999999999998,1721318,18,3000,0.015211901411431744,1.0,1500,0.41318500729754276,0.05104385661324425,0.9996427381745504,0.0009862414085765462,final_dense_eta_grid_steps3000_R20_v1
vicsek,rho_8,8,800,3.7999999999999998,1721319,19,3000,0.026870381783449474,1.0,1500,0.41174548829137064,0.04249599854822548,0.9996952031978681,0.0016390533786399628,final_dense_eta_grid_steps3000_R20_v1
vicsek,rho_8,8,800,4,1128000,0,3000,0.05989602893255331,1.0,1500,0.3588906339809247,0.04475700795489943,0.9998334443704198,0.0005373219876923295,vicsek_eta0_6_deta0p5_steps3000_R20_v1
vicsek,rho_8,8,800,4,1128001,1,3000,0.040484685137327815,1.0,1500,0.3605543708009259,0.04465252451911371,0.9997460026648901,0.0005291949663888046,vicsek_eta0_6_deta0p5_steps3000_R20_v1
vicsek,rho_8,8,800,4,1128002,2,3000,0.04536953317667002,1.0,1500,0.3574749189023517,0.05325059145310953,0.9994278814123917,0.001613387253464328,vicsek_eta0_6_deta0p5_steps3000_R20_v1
vicsek,rho_8,8,800,4,1128003,3,3000,0.028297028066542076,1.0,1500,0.37185307307271215,0.05035971662444894,0.9982061958694205,0.0024450397623181335,vicsek_eta0_6_deta0p5_steps3000_R20_v1
vicsek,rho_8,8,800,4,1128004,4,3000,0.01575366479028681,1.0,1500,0.3542736639260664,0.05237356107398509,0.9997243504330446,0.0005437320707281368,vicsek_eta0_6_deta0p5_steps3000_R20_v1
vicsek,rho_8,8,800,4,1128005,5,3000,0.013901803888925746,1.0,1500,0.3602905407247421,0.04750537847621399,0.999620253164557,0.0008260294503001167,vicsek_eta0_6_deta0p5_steps3000_R20_v1
vicsek,rho_8,8,800,4,1128006,6,3000,0.03259681295316706,1.0,1500,0.33456351147182434,0.05736619335649463,0.9994270486342439,0.0007319385636280096,vicsek_eta0_6_deta0p5_steps3000_R20_v1
vicsek,rho_8,8,800,4,1128007,7,3000,0.02793668112814199,1.0,1500,0.3723334881825909,0.037365049580972365,0.9993196202531646,0.0014012818162467615,vicsek_eta0_6_deta0p5_steps3000_R20_v1
vicsek,rho_8,8,800,4,1128008,8,3000,0.03266123184505435,1.0,1500,0.36303769299667665,0.04596217346590556,0.9991922051965356,0.0015544307737923304,vicsek_eta0_6_deta0p5_steps3000_R20_v1
vicsek,rho_8,8,800,4,1128009,9,3000,0.04447713485640981,1.0,1500,0.34485820409843354,0.056768989847331745,0.9987766489007328,0.0018019779723695787,vicsek_eta0_6_deta0p5_steps3000_R20_v1
vicsek,rho_8,8,800,4,1128010,10,3000,0.02116741077678368,1.0,1500,0.35945715935725353,0.04796788850971228,0.9995636242504997,0.0010627932864257813,vicsek_eta0_6_deta0p5_steps3000_R20_v1
vicsek,rho_8,8,800,4,1128011,11,3000,0.027979398565369205,1.0,1500,0.35154369325642776,0.05331948882770977,0.9994886742171886,0.0006865789932596684,vicsek_eta0_6_deta0p5_steps3000_R20_v1
vicsek,rho_8,8,800,4,1128012,12,3000,0.04501216829104283,1.0,1500,0.3658579809789219,0.04874279902437093,0.9995627914723517,0.0012886966709615485,vicsek_eta0_6_deta0p5_steps3000_R20_v1
vicsek,rho_8,8,800,4,1128013,13,3000,0.03143636143607145,1.0,1500,0.3720299650196499,0.040296640401539324,0.9995577948034644,0.0012307610188047728,vicsek_eta0_6_deta0p5_steps3000_R20_v1
vicsek,rho_8,8,800,4,1128014,14,3000,0.027642009042805237,1.0,1500,0.35395979305606423,0.06910577829589398,0.9990539640239839,0.0010866073190107322,vicsek_eta0_6_deta0p5_steps3000_R20_v1
vicsek,rho_8,8,800,4,1128015,15,3000,0.013260454450404835,1.0,1500,0.36857189495151993,0.04736073385724871,0.9998467688207862,0.0004487430285253494,vicsek_eta0_6_deta0p5_steps3000_R20_v1
vicsek,rho_8,8,800,4,1128016,16,3000,0.04407289817227695,1.0,1500,0.37090738732820017,0.04158036674453125,0.9994645236508993,0.0011514042593407264,vicsek_eta0_6_deta0p5_steps3000_R20_v1
vicsek,rho_8,8,800,4,1128017,17,3000,0.012878629034668845,1.0,1500,0.3726116427461667,0.034836718313299556,0.999738507661559,0.0006723898418142572,vicsek_eta0_6_deta0p5_steps3000_R20_v1
vicsek,rho_8,8,800,4,1128018,18,3000,0.03570687540257358,1.0,1500,0.3618769321843214,0.0483865082377434,0.9992388407728182,0.0013206391117639902,vicsek_eta0_6_deta0p5_steps3000_R20_v1
vicsek,rho_8,8,800,4,1128019,19,3000,0.06184447004520146,1.0,1500,0.33030877432457095,0.06886697143365661,0.9994028980679547,0.0010625146135780296,vicsek_eta0_6_deta0p5_steps3000_R20_v1
vicsek,rho_8,8,800,4.2000000000000002,1721400,0,3000,0.015414031953237364,1.0,1500,0.2736538605625258,0.08222062678467398,0.999248834110593,0.0015995836524613331,final_dense_eta_grid_steps3000_R20_v1
vicsek,rho_8,8,800,4.2000000000000002,1721401,1,3000,0.011108508858607109,1.0,1500,0.2844688230556082,0.05533405219510529,0.9999217188540972,0.00030285886907034063,final_dense_eta_grid_steps3000_R20_v1
vicsek,rho_8,8,800,4.2000000000000002,1721402,2,3000,0.046278432271872456,1.0,1500,0.28433232852014984,0.059335257416595406,0.9999575283144571,0.00022646360161370516,final_dense_eta_grid_steps3000_R20_v1
vicsek,rho_8,8,800,4.2000000000000002,1721403,3,3000,0.01683616697819802,1.0,1500,0.29768091181981743,0.060649056668364267,0.9992380079946702,0.0020090002591443092,final_dense_eta_grid_steps3000_R20_v1
vicsek,rho_8,8,800,4.2000000000000002,1721404,4,3000,0.028542638566618286,1.0,1500,0.2912845979598917,0.055510161247870324,0.9988041305796136,0.001489814271163538,final_dense_eta_grid_steps3000_R20_v1
vicsek,rho_8,8,800,4.2000000000000002,1721405,5,3000,0.012784532488322368,1.0,1500,0.32577353521368196,0.03762790050136134,0.9994678547634911,0.001205040627095337,final_dense_eta_grid_steps3000_R20_v1
vicsek,rho_8,8,800,4.2000000000000002,1721406,6,3000,0.05850602278381405,1.0,1500,0.2995928277231093,0.05079550559941902,0.9998834110592938,0.00038574442023932656,final_dense_eta_grid_steps3000_R20_v1
vicsek,rho_8,8,800,4.2000000000000002,1721407,7,3000,0.03045299331141647,1.0,1500,0.30604241963802536,0.05028082853561862,0.9996235842771485,0.0006468032993529865,final_dense_eta_grid_steps3000_R20_v1
vicsek,rho_8,8,800,4.2000000000000002,1721408,8,3000,0.030660156560643758,1.0,1500,0.29090920493608,0.057464370258071176,0.9997984676882079,0.0007790184447733263,final_dense_eta_grid_steps3000_R20_v1
vicsek,rho_8,8,800,4.2000000000000002,1721409,9,3000,0.05778114313174723,1.0,1500,0.2752970973083063,0.06869478583322287,0.999645236508994,0.0007601581417217767,final_dense_eta_grid_steps3000_R20_v1
vicsek,rho_8,8,800,4.2000000000000002,1721410,10,3000,0.037483549644138386,1.0,1500,0.3007272465219267,0.06276002563668794,0.9992021985343105,0.002164958921504819,final_dense_eta_grid_steps3000_R20_v1
vicsek,rho_8,8,800,4.2000000000000002,1721411,11,3000,0.048805390245698896,1.0,1500,0.29382351558457986,0.06093489443014654,0.9988424383744171,0.001773878055221532,final_dense_eta_grid_steps3000_R20_v1
vicsek,rho_8,8,800,4.2000000000000002,1721412,12,3000,0.009923232615635507,1.0,1500,0.28061898229026405,0.066825703200771,0.9999200532978015,0.0006843186897282382,final_dense_eta_grid_steps3000_R20_v1
vicsek,rho_8,8,800,4.2000000000000002,1721413,13,3000,0.011189345434947793,1.0,1500,0.29022390297734973,0.06664157001795196,0.9997360093271153,0.0006156038919725272,final_dense_eta_grid_steps3000_R20_v1
vicsek,rho_8,8,800,4.2000000000000002,1721414,14,3000,0.021665479643414275,1.0,1500,0.3029189211361769,0.06631604216592912,0.9992763157894736,0.002367379851081007,final_dense_eta_grid_steps3000_R20_v1
vicsek,rho_8,8,800,4.2000000000000002,1721415,15,3000,0.02519417447381178,1.0,1500,0.3114577172224248,0.04061287235019557,0.999696868754164,0.0011835819692404457,final_dense_eta_grid_steps3000_R20_v1
vicsek,rho_8,8,800,4.2000000000000002,1721416,16,3000,0.044844475669213894,1.0,1500,0.29657848679943355,0.05123590085305202,0.9997501665556295,0.0005896833793786652,final_dense_eta_grid_steps3000_R20_v1
vicsek,rho_8,8,800,4.2000000000000002,1721417,17,3000,0.03788067078931493,1.0,1500,0.32857814493017057,0.04123628974112615,0.999020652898068,0.0014553331269619848,final_dense_eta_grid_steps3000_R20_v1
vicsek,rho_8,8,800,4.2000000000000002,1721418,18,3000,0.042426915036420224,1.0,1500,0.301062425984491,0.05487904149518064,0.9993321119253831,0.0014712868562776552,final_dense_eta_grid_steps3000_R20_v1
vicsek,rho_8,8,800,4.2000000000000002,1721419,19,3000,0.0711106187228208,1.0,1500,0.32479568201739956,0.03452132011917293,0.9995886075949366,0.0007166828938487152,final_dense_eta_grid_steps3000_R20_v1
vicsek,rho_8,8,800,4.4000000000000004,1721500,0,3000,0.04316737548151394,1.0,1500,0.2215932613063311,0.0671942820819859,0.9995228181212525,0.0016809135430885457,final_dense_eta_grid_steps3000_R20_v1
vicsek,rho_8,8,800,4.4000000000000004,1721501,1,3000,0.03524164574982687,1.0,1500,0.2259742192145089,0.06535920764832424,0.999721019320453,0.0006518892446075267,final_dense_eta_grid_steps3000_R20_v1
vicsek,rho_8,8,800,4.4000000000000004,1721502,2,3000,0.05270457175806825,1.0,1500,0.25672047602585085,0.04755766323073899,0.999696868754164,0.0005415453270061823,final_dense_eta_grid_steps3000_R20_v1
vicsek,rho_8,8,800,4.4000000000000004,1721503,3,3000,0.026801512155240726,1.0,1500,0.23254629996466145,0.06644734403215784,0.9999883411059294,0.00012015692979318313,final_dense_eta_grid_steps3000_R20_v1
vicsek,rho_8,8,800,4.4000000000000004,1721504,4,3000,0.014321234237574688,1.0,1500,0.2527546806215511,0.04704813451678539,0.9992796469020653,0.0009894701146742537,final_dense_eta_grid_steps3000_R20_v1
vicsek,rho_8,8,800,4.4000000000000004,1721505,5,3000,0.02115402609376673,1.0,1500,0.26893534301326627,0.04345608403246835,0.9994228847435043,0.0012755742026016573,final_dense_eta_grid_steps3000_R20_v1
vicsek,rho_8,8,800,4.4000000000000004,1721506,6,3000,0.02667143293791314,1.0,1500,0.22858334056654653,0.06010834322384412,0.999763491005996,0.0007758596732639931,final_dense_eta_grid_steps3000_R20_v1
vicsek,rho_8,8,800,4.4000000000000004,1721507,7,3000,0.010568493229819242,1.0,1500,0.2725334293325574,0.05230833360153488,0.9990173217854764,0.0021397579410658025,final_dense_eta_grid_steps3000_R20_v1
vicsek,rho_8,8,800,4.4000000000000004,1721508,8,3000,0.00785211848838838,1.0,1500,0.23467346404332515,0.06903988955538393,0.9990989340439708,0.0017314849608165452,final_dense_eta_grid_steps3000_R20_v1
vicsek,rho_8,8,800,4.4000000000000004,1721509,9,3000,0.012123950599819834,1.0,1500,0.2568557300838471,0.040866970053285386,0.9998925716189206,0.00035034928184282075,final_dense_eta_grid_steps3000_R20_v1
vicsek,rho_8,8,800,4.4000000000000004,1721510,10,3000,0.048290156287866676,1.0,1500,0.23075497042005197,0.06994788513748301,0.9989057295136576,0.0019438162301078639,final_dense_eta_grid_steps3000_R20_v1
vicsek,rho_8,8,800,4.4000000000000004,1721511,11,3000,0.036585555780057274,1.0,1500,0.20615065053461964,0.06306601781482005,0.9998784143904065,0.0004078555954112932,final_dense_eta_grid_steps3000_R20_v1
vicsek,rho_8,8,800,4.4000000000000004,1721512,12,3000,0.007250337925175846,1.0,1500,0.24972998739767677,0.04876357188999815,0.9990481345769486,0.003775123240490262,final_dense_eta_grid_steps3000_R20_v1
vicsek,rho_8,8,800,4.4000000000000004,1721513,13,3000,0.005124264124977551,1.0,1500,0.266986417747386,0.04381650551047677,0.9995969353764157,0.0010758681488168328,final_dense_eta_grid_steps3000_R20_v1
vicsek,rho_8,8,800,4.4000000000000004,1721514,14,3000,0.057115708899238754,1.0,1500,0.21676650730409952,0.06549758817483316,0.9995136575616256,0.0009498921780345312,final_dense_eta_grid_steps3000_R20_v1
vicsek,rho_8,8,800,4.4000000000000004,1721515,15,3000,0.008698297298175969,1.0,1500,0.229773110340816,0.0672480928943276,0.9998534310459694,0.0007108092010251416,final_dense_eta_grid_steps3000_R20_v1
vicsek,rho_8,8,800,4.4000000000000004,1721516,16,3000,0.04422450640279551,1.0,1500,0.22337867215914708,0.07592795092521984,0.9997085276482345,0.0006455948437424771,final_dense_eta_grid_steps3000_R20_v1
vicsek,rho_8,8,800,4.4000000000000004,1721517,17,3000,0.008772734440772888,1.0,1500,0.2482569385816389,0.06091421205330546,0.9997984676882079,0.0007406586710111217,final_dense_eta_grid_steps3000_R20_v1
vicsek,rho_8,8,800,4.4000000000000004,1721518,18,3000,0.03677853657561483,1.0,1500,0.2505293950317965,0.05331884360936388,0.9989090606262492,0.0022181886626314374,final_dense_eta_grid_steps3000_R20_v1
vicsek,rho_8,8,800,4.4000000000000004,1721519,19,3000,0.011311153104619769,1.0,1500,0.2324415123587827,0.06244031048354511,0.9988532644903397,0.002145443400420664,final_dense_eta_grid_steps3000_R20_v1
vicsek,rho_8,8,800,4.5999999999999996,1721600,0,3000,0.017741508189130926,1.0,1500,0.17126828725287407,0.05955516769622343,0.999949200532978,0.0006631989182914107,final_dense_eta_grid_steps3000_R20_v1
vicsek,rho_8,8,800,4.5999999999999996,1721601,1,3000,0.020658149428412865,1.0,1500,0.21674718211018554,0.03918369001700511,0.9996227514990006,0.0011758862835487911,final_dense_eta_grid_steps3000_R20_v1
vicsek,rho_8,8,800,4.5999999999999996,1721602,2,3000,0.012525753269831264,1.0,1500,0.1792774810245497,0.05381688037498868,0.9999475349766823,0.0004186331931920716,final_dense_eta_grid_steps3000_R20_v1
vicsek,rho_8,8,800,4.5999999999999996,1721603,3,3000,0.04886416175655982,1.0,1500,0.17778615303311018,0.060847552130112496,0.9999475349766823,0.0003419930994758302,final_dense_eta_grid_steps3000_R20_v1
vicsek,rho_8,8,800,4.5999999999999996,1721604,4,3000,0.04160503114152581,1.0,1500,0.16350793830603982,0.06076589489664747,0.9999966688874083,6.444217895453927e-05,final_dense_eta_grid_steps3000_R20_v1
vicsek,rho_8,8,800,4.5999999999999996,1721605,5,3000,0.007695385461047378,1.0,1500,0.18172325344866608,0.05016763999843714,0.9999083944037308,0.00033208327390598497,final_dense_eta_grid_steps3000_R20_v1
vicsek,rho_8,8,800,4.5999999999999996,1721606,6,3000,0.0660491325638688,1.0,1500,0.18323941661115362,0.058971758829376504,0.9999916722185209,0.00010168763397977573,final_dense_eta_grid_steps3000_R20_v1
vicsek,rho_8,8,800,4.5999999999999996,1721607,7,3000,0.037269008455225655,1.0,1500,0.17554101475743222,0.06172171154605008,0.9999167221852099,0.00034044027725759857,final_dense_eta_grid_steps3000_R20_v1
vicsek,rho_8,8,800,4.5999999999999996,1721608,8,3000,0.015541615065385933,1.0,1500,0.18925210286230815,0.047522001522755916,0.9999841772151898,0.00013974305168239966,final_dense_eta_grid_steps3000_R20_v1
vicsek,rho_8,8,800,4.5999999999999996,1721609,9,3000,0.02149667973215474,1.0,1500,0.18668216887733044,0.05283278848084123,0.9999708527648234,0.000199369941043665,final_dense_eta_grid_steps3000_R20_v1
vicsek,rho_8,8,800,4.5999999999999996,1721610,10,3000,0.009670185026836626,1.0,1500,0.1736978396178838,0.06825499321957204,0.9997076948700866,0.0006572070719415935,final_dense_eta_grid_steps3000_R20_v1
vicsek,rho_8,8,800,4.5999999999999996,1721611,11,3000,0.058118120908767314,1.0,1500,0.20837788118656153,0.03943578568357903,0.9996702198534311,0.0008235413800749627,final_dense_eta_grid_steps3000_R20_v1
vicsek,rho_8,8,800,4.5999999999999996,1721612,12,3000,0.03790928342031306,1.0,1500,0.19391408509513972,0.04957056560586662,0.9999292138574284,0.00028891521288147937,final_dense_eta_grid_steps3000_R20_v1
vicsek,rho_8,8,800,4.5999999999999996,1721613,13,3000,0.016757804435888698,1.0,1500,0.15387541410680483,0.06497340320401553,1.0,0.0,final_dense_eta_grid_steps3000_R20_v1
vicsek,rho_8,8,800,4.5999999999999996,1721614,14,3000,0.01660853157065033,1.0,1500,0.18857209857039442,0.06513119262099465,0.9999475349766823,0.0002506565388644319,final_dense_eta_grid_steps3000_R20_v1
vicsek,rho_8,8,800,4.5999999999999996,1721615,15,3000,0.052610049300971226,1.0,1500,0.19359147139646557,0.0446209892381679,0.9997151898734177,0.0006814344272720478,final_dense_eta_grid_steps3000_R20_v1
vicsek,rho_8,8,800,4.5999999999999996,1721616,16,3000,0.039358639676403157,1.0,1500,0.1641311216275464,0.06467683627079959,0.9995428047968021,0.0012579692114061132,final_dense_eta_grid_steps3000_R20_v1
vicsek,rho_8,8,800,4.5999999999999996,1721617,17,3000,0.006248699161914935,1.0,1500,0.20287316676970868,0.043801840492940905,0.9999250499666889,0.00042388162311512723,final_dense_eta_grid_steps3000_R20_v1
vicsek,rho_8,8,800,4.5999999999999996,1721618,18,3000,0.04113427017766037,1.0,1500,0.1694732990667437,0.0501995716502011,0.9998884077281812,0.0005142430350014726,final_dense_eta_grid_steps3000_R20_v1
vicsek,rho_8,8,800,4.5999999999999996,1721619,19,3000,0.04588599253722005,1.0,1500,0.16021631175187526,0.05667974925741953,0.9999342105263157,0.00039362490512985905,final_dense_eta_grid_steps3000_R20_v1
vicsek,rho_8,8,800,4.7999999999999998,1721700,0,3000,0.013586076209356512,1.0,1500,0.13222888077298325,0.04385363443242178,0.9999966688874083,6.444217895453927e-05,final_dense_eta_grid_steps3000_R20_v1
vicsek,rho_8,8,800,4.7999999999999998,1721701,1,3000,0.04328010561990392,1.0,1500,0.12933281447381315,0.05283897885466216,0.9998759160559627,0.00047000422795881913,final_dense_eta_grid_steps3000_R20_v1
vicsek,rho_8,8,800,4.7999999999999998,1721702,2,3000,0.0507551093895159,1.0,1500,0.09923631426854503,0.049637228939001264,0.9999975016655562,5.5827201072931416e-05,final_dense_eta_grid_steps3000_R20_v1
vicsek,rho_8,8,800,4.7999999999999998,1721703,3,3000,0.033200814131049416,1.0,1500,0.1059820983253656,0.047894604228597135,0.9999625249833444,0.0003729972326774405,final_dense_eta_grid_steps3000_R20_v1
vicsek,rho_8,8,800,4.7999999999999998,1721704,4,3000,0.02497073083901759,1.0,1500,0.11465367481109433,0.04724253626407137,1.0,0.0,final_dense_eta_grid_steps3000_R20_v1
vicsek,rho_8,8,800,4.7999999999999998,1721705,5,3000,0.028550163481617482,1.0,1500,0.12137022430515415,0.043442376176005826,0.9999941705529647,8.516352706058768e-05,final_dense_eta_grid_steps3000_R20_v1
vicsek,rho_8,8,800,4.7999999999999998,1721706,6,3000,0.04523463352561348,1.0,1500,0.11225913212620803,0.044934883736730234,0.9999875083277815,0.00012433241089247648,final_dense_eta_grid_steps3000_R20_v1
vicsek,rho_8,8,800,4.7999999999999998,1721707,7,3000,0.019109670265770345,1.0,1500,0.11453996644697467,0.048212754401901425,0.9999975016655562,5.5827201072931416e-05,final_dense_eta_grid_steps3000_R20_v1
vicsek,rho_8,8,800,4.7999999999999998,1721708,8,3000,0.0527435947393141,1.0,1500,0.1003256710457456,0.0456838681314135,0.9999342105263157,0.0003108795515716579,final_dense_eta_grid_steps3000_R20_v1
vicsek,rho_8,8,800,4.7999999999999998,1721709,9,3000,0.03628741898124013,1.0,1500,0.1160445084509852,0.04714354218093344,0.999990839440373,0.00010661511938259732,final_dense_eta_grid_steps3000_R20_v1
vicsek,rho_8,8,800,4.7999999999999998,1721710,10,3000,0.03757805589564234,1.0,1500,0.14748994809742938,0.04801675684097496,0.9997993004663558,0.0006487454019839946,final_dense_eta_grid_steps3000_R20_v1
vicsek,rho_8,8,800,4.7999999999999998,1721711,11,3000,0.03169989046977431,1.0,1500,0.11093567778286073,0.04803749178416442,0.999983344437042,0.0001433249661436739,final_dense_eta_grid_steps3000_R20_v1
vicsek,rho_8,8,800,4.7999999999999998,1721712,12,3000,0.012824311242204643,1.0,1500,0.11916428719445972,0.04996777234375768,0.9999125582944705,0.00031883550625066965,final_dense_eta_grid_steps3000_R20_v1
vicsek,rho_8,8,800,4.7999999999999998,1721713,13,3000,0.03358275670932537,1.0,1500,0.10460933723312484,0.04578866336344815,1.0,0.0,final_dense_eta_grid_steps3000_R20_v1
vicsek,rho_8,8,800,4.7999999999999998,1721714,14,3000,0.02852787859197854,1.0,1500,0.11641671365103483,0.04466095709008892,1.0,0.0,final_dense_eta_grid_steps3000_R20_v1
vicsek,rho_8,8,800,4.7999999999999998,1721715,15,3000,0.02869651637779061,1.0,1500,0.13135303850050067,0.055704935352476885,0.9999292138574284,0.0004873766075594022,final_dense_eta_grid_steps3000_R20_v1
vicsek,rho_8,8,800,4.7999999999999998,1721716,16,3000,0.019158876112719037,1.0,1500,0.10379614836293072,0.047028266703842726,0.9999933377748168,9.101316517197841e-05,final_dense_eta_grid_steps3000_R20_v1
vicsek,rho_8,8,800,4.7999999999999998,1721717,17,3000,0.028053256636800313,1.0,1500,0.10933283678051595,0.052626144646654924,0.9998109593604263,0.0006506401391093454,final_dense_eta_grid_steps3000_R20_v1
vicsek,rho_8,8,800,4.7999999999999998,1721718,18,3000,0.027616103601219247,1.0,1500,0.12992516896967612,0.044228334355647214,1.0,0.0,final_dense_eta_grid_steps3000_R20_v1
vicsek,rho_8,8,800,4.7999999999999998,1721719,19,3000,0.03859558010862138,1.0,1500,0.1394827411874866,0.04377154695913856,0.999374583610926,0.0011247408065490482,final_dense_eta_grid_steps3000_R20_v1
vicsek,rho_8,8,800,5,1130000,0,3000,0.017521328472935235,1.0,1500,0.0739980701327611,0.037974249082803675,1.0,0.0,vicsek_eta0_6_deta0p5_steps3000_R20_v1
vicsek,rho_8,8,800,5,1130001,1,3000,0.03829838817435691,1.0,1500,0.07185151977390475,0.03545749621192498,1.0,0.0,vicsek_eta0_6_deta0p5_steps3000_R20_v1
vicsek,rho_8,8,800,5,1130002,2,3000,0.03604782504744311,1.0,1500,0.0724080555637108,0.03632164738246946,0.9999700199866755,0.00019124909269491234,vicsek_eta0_6_deta0p5_steps3000_R20_v1
vicsek,rho_8,8,800,5,1130003,3,3000,0.034552381261283044,1.0,1500,0.07588541914917422,0.037901594531057486,1.0,0.0,vicsek_eta0_6_deta0p5_steps3000_R20_v1
vicsek,rho_8,8,800,5,1130004,4,3000,0.03591570243903985,1.0,1500,0.07259949481330019,0.036673040525956796,1.0,0.0,vicsek_eta0_6_deta0p5_steps3000_R20_v1
vicsek,rho_8,8,800,5,1130005,5,3000,0.029707378224535688,1.0,1500,0.07305445331064304,0.03543292380521413,1.0,0.0,vicsek_eta0_6_deta0p5_steps3000_R20_v1
vicsek,rho_8,8,800,5,1130006,6,3000,0.06397431912269605,1.0,1500,0.07373563609509508,0.03526927790093774,1.0,0.0,vicsek_eta0_6_deta0p5_steps3000_R20_v1
vicsek,rho_8,8,800,5,1130007,7,3000,0.02708099961265225,1.0,1500,0.07065144837929639,0.03575999229642721,1.0,0.0,vicsek_eta0_6_deta0p5_steps3000_R20_v1
vicsek,rho_8,8,800,5,1130008,8,3000,0.013552997549260148,1.0,1500,0.07005247319266161,0.03517341868070293,1.0,0.0,vicsek_eta0_6_deta0p5_steps3000_R20_v1
vicsek,rho_8,8,800,5,1130009,9,3000,0.0302259615090796,1.0,1500,0.07212826388693154,0.033561402482941684,1.0,0.0,vicsek_eta0_6_deta0p5_steps3000_R20_v1
vicsek,rho_8,8,800,5,1130010,10,3000,0.009811943017053747,1.0,1500,0.07313052185122089,0.03786665101815479,1.0,0.0,vicsek_eta0_6_deta0p5_steps3000_R20_v1
vicsek,rho_8,8,800,5,1130011,11,3000,0.0509185666454636,1.0,1500,0.07089329947630027,0.03614826526823201,1.0,0.0,vicsek_eta0_6_deta0p5_steps3000_R20_v1
vicsek,rho_8,8,800,5,1130012,12,3000,0.018976556884566745,1.0,1500,0.07280305609087764,0.03606614878076975,1.0,0.0,vicsek_eta0_6_deta0p5_steps3000_R20_v1
vicsek,rho_8,8,800,5,1130013,13,3000,0.004593953389158941,1.0,1500,0.07281214116401892,0.03404676094336015,1.0,0.0,vicsek_eta0_6_deta0p5_steps3000_R20_v1
vicsek,rho_8,8,800,5,1130014,14,3000,0.04467410745744353,1.0,1500,0.06565008799924524,0.03330033433712272,1.0,0.0,vicsek_eta0_6_deta0p5_steps3000_R20_v1
vicsek,rho_8,8,800,5,1130015,15,3000,0.05809817811260189,1.0,1500,0.07388305963257498,0.03548379840820491,0.999890906062625,0.00035279729951751356,vicsek_eta0_6_deta0p5_steps3000_R20_v1
vicsek,rho_8,8,800,5,1130016,16,3000,0.020691590307392493,1.0,1500,0.06817609089012398,0.03470202435495843,1.0,0.0,vicsek_eta0_6_deta0p5_steps3000_R20_v1
vicsek,rho_8,8,800,5,1130017,17,3000,0.026824764435207694,1.0,1500,0.07399425056634737,0.0357820312869821,0.9999933377748168,9.101316517197841e-05,vicsek_eta0_6_deta0p5_steps3000_R20_v1
vicsek,rho_8,8,800,5,1130018,18,3000,0.0053636358029813805,1.0,1500,0.07840853320067952,0.03694582780808897,1.0,0.0,vicsek_eta0_6_deta0p5_steps3000_R20_v1
vicsek,rho_8,8,800,5,1130019,19,3000,0.05498483667365833,1.0,1500,0.06875434266414607,0.034633887983992695,1.0,0.0,vicsek_eta0_6_deta0p5_steps3000_R20_v1
vicsek,rho_8,8,800,5.2000000000000002,1721800,0,3000,0.02945830991013961,1.0,1500,0.04902941154685998,0.025421625168978234,1.0,0.0,final_dense_eta_grid_steps3000_R20_v1
vicsek,rho_8,8,800,5.2000000000000002,1721801,1,3000,0.016585418567262315,1.0,1500,0.05690248238277677,0.02752720841338053,1.0,0.0,final_dense_eta_grid_steps3000_R20_v1
vicsek,rho_8,8,800,5.2000000000000002,1721802,2,3000,0.007250072007435276,1.0,1500,0.05381424385806883,0.02770814629498165,1.0,0.0,final_dense_eta_grid_steps3000_R20_v1
vicsek,rho_8,8,800,5.2000000000000002,1721803,3,3000,0.0468381790544166,1.0,1500,0.05125619155926379,0.02618071632237707,1.0,0.0,final_dense_eta_grid_steps3000_R20_v1
vicsek,rho_8,8,800,5.2000000000000002,1721804,4,3000,0.03703383735484435,1.0,1500,0.05208739913019659,0.026386314577156365,1.0,0.0,final_dense_eta_grid_steps3000_R20_v1
vicsek,rho_8,8,800,5.2000000000000002,1721805,5,3000,0.06533536516380738,1.0,1500,0.05481905039291949,0.02831150211668458,1.0,0.0,final_dense_eta_grid_steps3000_R20_v1
vicsek,rho_8,8,800,5.2000000000000002,1721806,6,3000,0.007551705330230502,1.0,1500,0.05704802364770064,0.028069528680671998,1.0,0.0,final_dense_eta_grid_steps3000_R20_v1
vicsek,rho_8,8,800,5.2000000000000002,1721807,7,3000,0.0411050217305542,1.0,1500,0.05294794325774367,0.027771949882810846,1.0,0.0,final_dense_eta_grid_steps3000_R20_v1
vicsek,rho_8,8,800,5.2000000000000002,1721808,8,3000,0.03447735068618262,1.0,1500,0.050256237074340446,0.026842811797211704,1.0,0.0,final_dense_eta_grid_steps3000_R20_v1
vicsek,rho_8,8,800,5.2000000000000002,1721809,9,3000,0.033741066446618805,1.0,1500,0.05310912083280157,0.027473245411846335,1.0,0.0,final_dense_eta_grid_steps3000_R20_v1
vicsek,rho_8,8,800,5.2000000000000002,1721810,10,3000,0.04180856588727309,1.0,1500,0.053585728102307634,0.027703761859492394,1.0,0.0,final_dense_eta_grid_steps3000_R20_v1
vicsek,rho_8,8,800,5.2000000000000002,1721811,11,3000,0.034998306439089466,1.0,1500,0.05123597892737216,0.026639342530973383,1.0,0.0,final_dense_eta_grid_steps3000_R20_v1
vicsek,rho_8,8,800,5.2000000000000002,1721812,12,3000,0.04335193480353047,1.0,1500,0.054067814420103326,0.02669636738138132,1.0,0.0,final_dense_eta_grid_steps3000_R20_v1
vicsek,rho_8,8,800,5.2000000000000002,1721813,13,3000,0.04331348426001655,1.0,1500,0.05213997032577972,0.02583913823846349,1.0,0.0,final_dense_eta_grid_steps3000_R20_v1
vicsek,rho_8,8,800,5.2000000000000002,1721814,14,3000,0.0384227416778173,1.0,1500,0.05672852485739643,0.027983133287653193,1.0,0.0,final_dense_eta_grid_steps3000_R20_v1
vicsek,rho_8,8,800,5.2000000000000002,1721815,15,3000,0.031207144351622945,1.0,1500,0.05144798552542894,0.027584046354235524,1.0,0.0,final_dense_eta_grid_steps3000_R20_v1
vicsek,rho_8,8,800,5.2000000000000002,1721816,16,3000,0.04090299476905756,1.0,1500,0.054017807495611046,0.027742810164648125,1.0,0.0,final_dense_eta_grid_steps3000_R20_v1
vicsek,rho_8,8,800,5.2000000000000002,1721817,17,3000,0.040223836052652014,1.0,1500,0.0524940102083533,0.02810996707766386,1.0,0.0,final_dense_eta_grid_steps3000_R20_v1
vicsek,rho_8,8,800,5.2000000000000002,1721818,18,3000,0.01606349037808045,1.0,1500,0.05036348087320073,0.026478420889328756,1.0,0.0,final_dense_eta_grid_steps3000_R20_v1
vicsek,rho_8,8,800,5.2000000000000002,1721819,19,3000,0.016582642962769328,1.0,1500,0.05063914660034743,0.02486540090782196,1.0,0.0,final_dense_eta_grid_steps3000_R20_v1
vicsek,rho_8,8,800,5.4000000000000004,1721900,0,3000,0.028433287940283193,1.0,1500,0.040870646013942635,0.021154530262920194,1.0,0.0,final_dense_eta_grid_steps3000_R20_v1
vicsek,rho_8,8,800,5.4000000000000004,1721901,1,3000,0.07075229797433917,1.0,1500,0.041979103788939376,0.02188844941018317,1.0,0.0,final_dense_eta_grid_steps3000_R20_v1
vicsek,rho_8,8,800,5.4000000000000004,1721902,2,3000,0.04523774573391256,1.0,1500,0.04159821336220399,0.021867140654231548,1.0,0.0,final_dense_eta_grid_steps3000_R20_v1
vicsek,rho_8,8,800,5.4000000000000004,1721903,3,3000,0.01723807931967499,1.0,1500,0.04232364686805412,0.02164295256379989,1.0,0.0,final_dense_eta_grid_steps3000_R20_v1
vicsek,rho_8,8,800,5.4000000000000004,1721904,4,3000,0.029088404885661293,1.0,1500,0.0414306232513538,0.021186312997441944,1.0,0.0,final_dense_eta_grid_steps3000_R20_v1
vicsek,rho_8,8,800,5.4000000000000004,1721905,5,3000,0.042685836471999014,1.0,1500,0.041496059081092586,0.021407142145284375,1.0,0.0,final_dense_eta_grid_steps3000_R20_v1
vicsek,rho_8,8,800,5.4000000000000004,1721906,6,3000,0.0510098918526922,1.0,1500,0.04234623272562753,0.02227967780067107,1.0,0.0,final_dense_eta_grid_steps3000_R20_v1
vicsek,rho_8,8,800,5.4000000000000004,1721907,7,3000,0.03517779772147427,1.0,1500,0.04317953700343243,0.021953234365913545,1.0,0.0,final_dense_eta_grid_steps3000_R20_v1
vicsek,rho_8,8,800,5.4000000000000004,1721908,8,3000,0.024103741055432934,1.0,1500,0.04143953044447534,0.021356285681968724,1.0,0.0,final_dense_eta_grid_steps3000_R20_v1
vicsek,rho_8,8,800,5.4000000000000004,1721909,9,3000,0.0013156331362476673,1.0,1500,0.04291665785159107,0.02173555626179056,1.0,0.0,final_dense_eta_grid_steps3000_R20_v1
vicsek,rho_8,8,800,5.4000000000000004,1721910,10,3000,0.05901102566424126,1.0,1500,0.04252048372253483,0.02171258087573748,1.0,0.0,final_dense_eta_grid_steps3000_R20_v1
vicsek,rho_8,8,800,5.4000000000000004,1721911,11,3000,0.013952863846487258,1.0,1500,0.041947961050767396,0.02233338980465549,1.0,0.0,final_dense_eta_grid_steps3000_R20_v1
vicsek,rho_8,8,800,5.4000000000000004,1721912,12,3000,0.020993909410621826,1.0,1500,0.0426142091994775,0.021493797523200995,1.0,0.0,final_dense_eta_grid_steps3000_R20_v1
vicsek,rho_8,8,800,5.4000000000000004,1721913,13,3000,0.04577916749755964,1.0,1500,0.042127087808755376,0.022278483114978705,1.0,0.0,final_dense_eta_grid_steps3000_R20_v1
vicsek,rho_8,8,800,5.4000000000000004,1721914,14,3000,0.04467521484236264,1.0,1500,0.04300364502914105,0.022038650063666444,1.0,0.0,final_dense_eta_grid_steps3000_R20_v1
vicsek,rho_8,8,800,5.4000000000000004,1721915,15,3000,0.03694046125984772,1.0,1500,0.04233023515149765,0.022322327867038277,1.0,0.0,final_dense_eta_grid_steps3000_R20_v1
vicsek,rho_8,8,800,5.4000000000000004,1721916,16,3000,0.0260974140781123,1.0,1500,0.042297274713224024,0.022360215123413928,1.0,0.0,final_dense_eta_grid_steps3000_R20_v1
vicsek,rho_8,8,800,5.4000000000000004,1721917,17,3000,0.06433352910227072,1.0,1500,0.043255897702623766,0.02254768492537639,1.0,0.0,final_dense_eta_grid_steps3000_R20_v1
vicsek,rho_8,8,800,5.4000000000000004,1721918,18,3000,0.04640628894173096,1.0,1500,0.04433459750499792,0.02372998750975514,1.0,0.0,final_dense_eta_grid_steps3000_R20_v1
vicsek,rho_8,8,800,5.4000000000000004,1721919,19,3000,0.018279508866379995,1.0,1500,0.04264474493752067,0.021952030369941068,1.0,0.0,final_dense_eta_grid_steps3000_R20_v1
vicsek,rho_8,8,800,5.5999999999999996,1722000,0,3000,0.03246381642043075,1.0,1500,0.03712573265998802,0.01968265180134452,1.0,0.0,final_dense_eta_grid_steps3000_R20_v1
vicsek,rho_8,8,800,5.5999999999999996,1722001,1,3000,0.03008396717452994,1.0,1500,0.03632701079925878,0.018909540296444975,1.0,0.0,final_dense_eta_grid_steps3000_R20_v1
vicsek,rho_8,8,800,5.5999999999999996,1722002,2,3000,0.060631901992559356,1.0,1500,0.03698064842064147,0.019604469038466195,1.0,0.0,final_dense_eta_grid_steps3000_R20_v1
vicsek,rho_8,8,800,5.5999999999999996,1722003,3,3000,0.037563614903986006,1.0,1500,0.036411761031108485,0.019260344762303795,1.0,0.0,final_dense_eta_grid_steps3000_R20_v1
vicsek,rho_8,8,800,5.5999999999999996,1722004,4,3000,0.021091840181135114,1.0,1500,0.03579861305073742,0.01945908198623447,1.0,0.0,final_dense_eta_grid_steps3000_R20_v1
vicsek,rho_8,8,800,5.5999999999999996,1722005,5,3000,0.022157111497922707,1.0,1500,0.03682680817374353,0.018899925608077663,1.0,0.0,final_dense_eta_grid_steps3000_R20_v1
vicsek,rho_8,8,800,5.5999999999999996,1722006,6,3000,0.04646811987244556,1.0,1500,0.03757569750768305,0.019926568155010795,1.0,0.0,final_dense_eta_grid_steps3000_R20_v1
vicsek,rho_8,8,800,5.5999999999999996,1722007,7,3000,0.05453909510556811,1.0,1500,0.03643462313461089,0.019875148814712338,1.0,0.0,final_dense_eta_grid_steps3000_R20_v1
vicsek,rho_8,8,800,5.5999999999999996,1722008,8,3000,0.0347446161206898,1.0,1500,0.036595137528872834,0.019168992717490674,1.0,0.0,final_dense_eta_grid_steps3000_R20_v1
vicsek,rho_8,8,800,5.5999999999999996,1722009,9,3000,0.03594796880985387,1.0,1500,0.0365787557019989,0.01891185296303066,1.0,0.0,final_dense_eta_grid_steps3000_R20_v1
vicsek,rho_8,8,800,5.5999999999999996,1722010,10,3000,0.013817133813236111,1.0,1500,0.036460527590631404,0.018783423586828083,1.0,0.0,final_dense_eta_grid_steps3000_R20_v1
vicsek,rho_8,8,800,5.5999999999999996,1722011,11,3000,0.03602119947870459,1.0,1500,0.03769928252407494,0.019261571948577322,1.0,0.0,final_dense_eta_grid_steps3000_R20_v1
vicsek,rho_8,8,800,5.5999999999999996,1722012,12,3000,0.02486601282878577,1.0,1500,0.038117144873777736,0.0198855018030626,1.0,0.0,final_dense_eta_grid_steps3000_R20_v1
vicsek,rho_8,8,800,5.5999999999999996,1722013,13,3000,0.01671070754310191,1.0,1500,0.037976164581249874,0.018820677067390854,1.0,0.0,final_dense_eta_grid_steps3000_R20_v1
vicsek,rho_8,8,800,5.5999999999999996,1722014,14,3000,0.031037652259841737,1.0,1500,0.03822793554427001,0.01982386213430274,1.0,0.0,final_dense_eta_grid_steps3000_R20_v1
vicsek,rho_8,8,800,5.5999999999999996,1722015,15,3000,0.040617160598473256,1.0,1500,0.036952442508118064,0.019375788743075637,1.0,0.0,final_dense_eta_grid_steps3000_R20_v1
vicsek,rho_8,8,800,5.5999999999999996,1722016,16,3000,0.021662430714327538,1.0,1500,0.03584961260815389,0.018511519456393646,1.0,0.0,final_dense_eta_grid_steps3000_R20_v1
vicsek,rho_8,8,800,5.5999999999999996,1722017,17,3000,0.03277614614637962,1.0,1500,0.037379277729605295,0.019648680056357223,1.0,0.0,final_dense_eta_grid_steps3000_R20_v1
vicsek,rho_8,8,800,5.5999999999999996,1722018,18,3000,0.04324775761767272,1.0,1500,0.03752469947718868,0.019652571093427967,1.0,0.0,final_dense_eta_grid_steps3000_R20_v1
vicsek,rho_8,8,800,5.5999999999999996,1722019,19,3000,0.0691905629379257,1.0,1500,0.037579097290260585,0.018933371269966685,1.0,0.0,final_dense_eta_grid_steps3000_R20_v1
vicsek,rho_8,8,800,5.7999999999999998,1722100,0,3000,0.02022605128865886,1.0,1500,0.03388880880647042,0.017162933301985057,1.0,0.0,final_dense_eta_grid_steps3000_R20_v1
vicsek,rho_8,8,800,5.7999999999999998,1722101,1,3000,0.004076538729731873,1.0,1500,0.032901070631690954,0.01715445455664306,1.0,0.0,final_dense_eta_grid_steps3000_R20_v1
vicsek,rho_8,8,800,5.7999999999999998,1722102,2,3000,0.027610001296376013,1.0,1500,0.033914509551853836,0.017713531767082853,1.0,0.0,final_dense_eta_grid_steps3000_R20_v1
vicsek,rho_8,8,800,5.7999999999999998,1722103,3,3000,0.02096423936993093,1.0,1500,0.03337900636234016,0.017145550015291448,1.0,0.0,final_dense_eta_grid_steps3000_R20_v1
vicsek,rho_8,8,800,5.7999999999999998,1722104,4,3000,0.03241266939871665,1.0,1500,0.03368938926059081,0.017763726441914204,1.0,0.0,final_dense_eta_grid_steps3000_R20_v1
vicsek,rho_8,8,800,5.7999999999999998,1722105,5,3000,0.07090573676102932,1.0,1500,0.03415369439558787,0.017526942633372254,1.0,0.0,final_dense_eta_grid_steps3000_R20_v1
vicsek,rho_8,8,800,5.7999999999999998,1722106,6,3000,0.04004466687190613,1.0,1500,0.03342138368085026,0.01755715739652671,1.0,0.0,final_dense_eta_grid_steps3000_R20_v1
vicsek,rho_8,8,800,5.7999999999999998,1722107,7,3000,0.031211028672453945,1.0,1500,0.03319178702924387,0.017540544272907438,1.0,0.0,final_dense_eta_grid_steps3000_R20_v1
vicsek,rho_8,8,800,5.7999999999999998,1722108,8,3000,0.04265839655032002,1.0,1500,0.03340246465561494,0.017052074884061016,1.0,0.0,final_dense_eta_grid_steps3000_R20_v1
vicsek,rho_8,8,800,5.7999999999999998,1722109,9,3000,0.021267267112842502,1.0,1500,0.03390500471101306,0.01768748273852265,1.0,0.0,final_dense_eta_grid_steps3000_R20_v1
vicsek,rho_8,8,800,5.7999999999999998,1722110,10,3000,0.013086750563905236,1.0,1500,0.033541097518732306,0.01734856769282004,1.0,0.0,final_dense_eta_grid_steps3000_R20_v1
vicsek,rho_8,8,800,5.7999999999999998,1722111,11,3000,0.03619746736129997,1.0,1500,0.03465731790694308,0.01829287633251159,1.0,0.0,final_dense_eta_grid_steps3000_R20_v1
vicsek,rho_8,8,800,5.7999999999999998,1722112,12,3000,0.022104377411200346,1.0,1500,0.03403123351006618,0.01781872995135156,1.0,0.0,final_dense_eta_grid_steps3000_R20_v1
vicsek,rho_8,8,800,5.7999999999999998,1722113,13,3000,0.0404793664083849,1.0,1500,0.03395507361477239,0.01765939949212677,1.0,0.0,final_dense_eta_grid_steps3000_R20_v1
vicsek,rho_8,8,800,5.7999999999999998,1722114,14,3000,0.039936340799812294,1.0,1500,0.0337307066495247,0.017179998025263127,1.0,0.0,final_dense_eta_grid_steps3000_R20_v1
vicsek,rho_8,8,800,5.7999999999999998,1722115,15,3000,0.033620742979819915,1.0,1500,0.034545976429552296,0.01846537847564707,1.0,0.0,final_dense_eta_grid_steps3000_R20_v1
vicsek,rho_8,8,800,5.7999999999999998,1722116,16,3000,0.021559241785496907,1.0,1500,0.034176926870367566,0.01794099851543297,1.0,0.0,final_dense_eta_grid_steps3000_R20_v1
vicsek,rho_8,8,800,5.7999999999999998,1722117,17,3000,0.029648245154868542,1.0,1500,0.03359418611020256,0.01798539247039174,1.0,0.0,final_dense_eta_grid_steps3000_R20_v1
vicsek,rho_8,8,800,5.7999999999999998,1722118,18,3000,0.014549799454762879,1.0,1500,0.03359472917677734,0.01724503170826689,1.0,0.0,final_dense_eta_grid_steps3000_R20_v1
vicsek,rho_8,8,800,5.7999999999999998,1722119,19,3000,0.018888897485950962,1.0,1500,0.03420004774677115,0.017662858461842085,1.0,0.0,final_dense_eta_grid_steps3000_R20_v1
vicsek,rho_8,8,800,6,1132000,0,3000,0.018352689488572417,1.0,1500,0.03257142944630954,0.016454046390847542,1.0,0.0,vicsek_eta0_6_deta0p5_steps3000_R20_v1
vicsek,rho_8,8,800,6,1132001,1,3000,0.04901051258097103,1.0,1500,0.032951581781120697,0.016982470522642065,1.0,0.0,vicsek_eta0_6_deta0p5_steps3000_R20_v1
vicsek,rho_8,8,800,6,1132002,2,3000,0.04521300806415874,1.0,1500,0.032187391591591966,0.01703203388167779,1.0,0.0,vicsek_eta0_6_deta0p5_steps3000_R20_v1
vicsek,rho_8,8,800,6,1132003,3,3000,0.03650832352699714,1.0,1500,0.03230259264778827,0.017182794720183883,1.0,0.0,vicsek_eta0_6_deta0p5_steps3000_R20_v1
vicsek,rho_8,8,800,6,1132004,4,3000,0.024159781469691936,1.0,1500,0.03181320078723085,0.016667587223684752,1.0,0.0,vicsek_eta0_6_deta0p5_steps3000_R20_v1
vicsek,rho_8,8,800,6,1132005,5,3000,0.02269127998057592,1.0,1500,0.031681781315565566,0.016479357319986798,1.0,0.0,vicsek_eta0_6_deta0p5_steps3000_R20_v1
vicsek,rho_8,8,800,6,1132006,6,3000,0.03555577623373771,1.0,1500,0.0319597828717088,0.017124382209905985,1.0,0.0,vicsek_eta0_6_deta0p5_steps3000_R20_v1
vicsek,rho_8,8,800,6,1132007,7,3000,0.04820818223849714,1.0,1500,0.03243089614985719,0.01707043622770092,1.0,0.0,vicsek_eta0_6_deta0p5_steps3000_R20_v1
vicsek,rho_8,8,800,6,1132008,8,3000,0.03659897197856904,1.0,1500,0.03229623195975147,0.01666177793728011,1.0,0.0,vicsek_eta0_6_deta0p5_steps3000_R20_v1
vicsek,rho_8,8,800,6,1132009,9,3000,0.012643911180533407,1.0,1500,0.031244279452865776,0.017009023825024176,1.0,0.0,vicsek_eta0_6_deta0p5_steps3000_R20_v1
vicsek,rho_8,8,800,6,1132010,10,3000,0.02334475192869638,1.0,1500,0.03285970266691199,0.017570086169808832,1.0,0.0,vicsek_eta0_6_deta0p5_steps3000_R20_v1
vicsek,rho_8,8,800,6,1132011,11,3000,0.02038126310213425,1.0,1500,0.032220563708636296,0.016714528622071196,1.0,0.0,vicsek_eta0_6_deta0p5_steps3000_R20_v1
vicsek,rho_8,8,800,6,1132012,12,3000,0.026610405254137673,1.0,1500,0.03316824364609712,0.016700820385041417,1.0,0.0,vicsek_eta0_6_deta0p5_steps3000_R20_v1
vicsek,rho_8,8,800,6,1132013,13,3000,0.008841949161322776,1.0,1500,0.031820926678730085,0.01662412430283198,1.0,0.0,vicsek_eta0_6_deta0p5_steps3000_R20_v1
vicsek,rho_8,8,800,6,1132014,14,3000,0.011846932475313791,1.0,1500,0.032000321662017696,0.01660914173111604,1.0,0.0,vicsek_eta0_6_deta0p5_steps3000_R20_v1
vicsek,rho_8,8,800,6,1132015,15,3000,0.03505995747986862,1.0,1500,0.033001728331413155,0.0169923383822759,1.0,0.0,vicsek_eta0_6_deta0p5_steps3000_R20_v1
vicsek,rho_8,8,800,6,1132016,16,3000,0.01131228165846278,1.0,1500,0.03193688294504473,0.016187155011744565,1.0,0.0,vicsek_eta0_6_deta0p5_steps3000_R20_v1
vicsek,rho_8,8,800,6,1132017,17,3000,0.0332471079391791,1.0,1500,0.030700312839647265,0.016328042001246153,1.0,0.0,vicsek_eta0_6_deta0p5_steps3000_R20_v1
vicsek,rho_8,8,800,6,1132018,18,3000,0.04086917212075389,1.0,1500,0.03235620890434075,0.017217453545655334,1.0,0.0,vicsek_eta0_6_deta0p5_steps3000_R20_v1
vicsek,rho_8,8,800,6,1132019,19,3000,0.052213341854413245,1.0,1500,0.0320000359464745,0.01670605049208216,1.0,0.0,vicsek_eta0_6_deta0p5_steps3000_R20_v1
vicsek,rho_8,8,800,6.2000000000000002,1722200,0,3000,0.021568687150540722,1.0,1500,0.031385788714050775,0.016139841934669247,1.0,0.0,final_dense_eta_grid_steps3000_R20_v1
vicsek,rho_8,8,800,6.2000000000000002,1722201,1,3000,0.044756182292832604,1.0,1500,0.031232410302755333,0.01624962194743051,1.0,0.0,final_dense_eta_grid_steps3000_R20_v1
vicsek,rho_8,8,800,6.2000000000000002,1722202,2,3000,0.04899275358107365,1.0,1500,0.03081277376871518,0.016067974937369636,1.0,0.0,final_dense_eta_grid_steps3000_R20_v1
vicsek,rho_8,8,800,6.2000000000000002,1722203,3,3000,0.042258791682648116,1.0,1500,0.03128613182012633,0.016389908204645875,1.0,0.0,final_dense_eta_grid_steps3000_R20_v1
vicsek,rho_8,8,800,6.2000000000000002,1722204,4,3000,0.030583434569631418,1.0,1500,0.031174303238871624,0.016337323732092384,1.0,0.0,final_dense_eta_grid_steps3000_R20_v1
vicsek,rho_8,8,800,6.2000000000000002,1722205,5,3000,0.02992596127198978,1.0,1500,0.032431765145848265,0.01613355436456724,1.0,0.0,final_dense_eta_grid_steps3000_R20_v1
vicsek,rho_8,8,800,6.2000000000000002,1722206,6,3000,0.038124234956441225,1.0,1500,0.03174159955221735,0.016175535956273464,1.0,0.0,final_dense_eta_grid_steps3000_R20_v1
vicsek,rho_8,8,800,6.2000000000000002,1722207,7,3000,0.028849641926641873,1.0,1500,0.03152615148218427,0.016720707777788394,1.0,0.0,final_dense_eta_grid_steps3000_R20_v1
vicsek,rho_8,8,800,6.2000000000000002,1722208,8,3000,0.04913793062434438,1.0,1500,0.030847883599002864,0.016191879318793793,1.0,0.0,final_dense_eta_grid_steps3000_R20_v1
vicsek,rho_8,8,800,6.2000000000000002,1722209,9,3000,0.029303539761244283,1.0,1500,0.03174535562781027,0.01628233312903787,1.0,0.0,final_dense_eta_grid_steps3000_R20_v1
vicsek,rho_8,8,800,6.2000000000000002,1722210,10,3000,0.059218242791570196,1.0,1500,0.031308212674159876,0.01658340321752814,1.0,0.0,final_dense_eta_grid_steps3000_R20_v1
vicsek,rho_8,8,800,6.2000000000000002,1722211,11,3000,0.03666545317022565,1.0,1500,0.03139727345518634,0.016560793119984568,1.0,0.0,final_dense_eta_grid_steps3000_R20_v1
vicsek,rho_8,8,800,6.2000000000000002,1722212,12,3000,0.031443349796965316,1.0,1500,0.03188498267326963,0.01670519752520696,1.0,0.0,final_dense_eta_grid_steps3000_R20_v1
vicsek,rho_8,8,800,6.2000000000000002,1722213,13,3000,0.022071733387540537,1.0,1500,0.031902040878028476,0.01644375223551147,1.0,0.0,final_dense_eta_grid_steps3000_R20_v1
vicsek,rho_8,8,800,6.2000000000000002,1722214,14,3000,0.0196933352802801,1.0,1500,0.0312988364798234,0.016066504137254124,1.0,0.0,final_dense_eta_grid_steps3000_R20_v1
vicsek,rho_8,8,800,6.2000000000000002,1722215,15,3000,0.015227579567729516,1.0,1500,0.03180057913339285,0.01645417871699111,1.0,0.0,final_dense_eta_grid_steps3000_R20_v1
vicsek,rho_8,8,800,6.2000000000000002,1722216,16,3000,0.02882328955219699,1.0,1500,0.03187166949540747,0.01677498927025804,1.0,0.0,final_dense_eta_grid_steps3000_R20_v1
vicsek,rho_8,8,800,6.2000000000000002,1722217,17,3000,0.035609865897039274,1.0,1500,0.03088963711073559,0.016437972903752207,1.0,0.0,final_dense_eta_grid_steps3000_R20_v1
vicsek,rho_8,8,800,6.2000000000000002,1722218,18,3000,0.029624693687074516,1.0,1500,0.03149323606722531,0.01619086172951606,1.0,0.0,final_dense_eta_grid_steps3000_R20_v1
vicsek,rho_8,8,800,6.2000000000000002,1722219,19,3000,0.02948336137789676,1.0,1500,0.03132376578114447,0.016106245599582465,1.0,0.0,final_dense_eta_grid_steps3000_R20_v1
