model,rho_nominal,rho_label,N,eta,eta_index,steps,base_seed,realization,returncode,elapsed_s,source_run
vicsek,2,rho_2,200,0,,3000,920000,0,0,,vicsek_eta0_6_deta0p5_steps3000_R20_v1
vicsek,2,rho_2,200,0,,3000,920001,1,0,,vicsek_eta0_6_deta0p5_steps3000_R20_v1
vicsek,2,rho_2,200,0,,3000,920002,2,0,,vicsek_eta0_6_deta0p5_steps3000_R20_v1
vicsek,2,rho_2,200,0,,3000,920003,3,0,,vicsek_eta0_6_deta0p5_steps3000_R20_v1
vicsek,2,rho_2,200,0,,3000,920004,4,0,,vicsek_eta0_6_deta0p5_steps3000_R20_v1
vicsek,2,rho_2,200,0,,3000,920005,5,0,,vicsek_eta0_6_deta0p5_steps3000_R20_v1
vicsek,2,rho_2,200,0,,3000,920006,6,0,,vicsek_eta0_6_deta0p5_steps3000_R20_v1
vicsek,2,rho_2,200,0,,3000,920007,7,0,,vicsek_eta0_6_deta0p5_steps3000_R20_v1
vicsek,2,rho_2,200,0,,3000,920008,8,0,,vicsek_eta0_6_deta0p5_steps3000_R20_v1
vicsek,2,rho_2,200,0,,3000,920009,9,0,,vicsek_eta0_6_deta0p5_steps3000_R20_v1
vicsek,2,rho_2,200,0,,3000,920010,10,0,,vicsek_eta0_6_deta0p5_steps3000_R20_v1
vicsek,2,rho_2,200,0,,3000,920011,11,0,,vicsek_eta0_6_deta0p5_steps3000_R20_v1
vicsek,2,rho_2,200,0,,3000,920012,12,0,,vicsek_eta0_6_deta0p5_steps3000_R20_v1
vicsek,2,rho_2,200,0,,3000,920013,13,0,,vicsek_eta0_6_deta0p5_steps3000_R20_v1
vicsek,2,rho_2,200,0,,3000,920014,14,0,,vicsek_eta0_6_deta0p5_steps3000_R20_v1
vicsek,2,rho_2,200,0,,3000,920015,15,0,,vicsek_eta0_6_deta0p5_steps3000_R20_v1
vicsek,2,rho_2,200,0,,3000,920016,16,0,,vicsek_eta0_6_deta0p5_steps3000_R20_v1
vicsek,2,rho_2,200,0,,3000,920017,17,0,,vicsek_eta0_6_deta0p5_steps3000_R20_v1
vicsek,2,rho_2,200,0,,3000,920018,18,0,,vicsek_eta0_6_deta0p5_steps3000_R20_v1
vicsek,2,rho_2,200,0,,3000,920019,19,0,,vicsek_eta0_6_deta0p5_steps3000_R20_v1
vicsek,2.0,rho_2,200,0.05,0,3000,1100000,0,0,1.6751,final_fine_grid_steps3000_R20_v1
vicsek,2.0,rho_2,200,0.05,0,3000,1100001,1,0,1.6962,final_fine_grid_steps3000_R20_v1
vicsek,2.0,rho_2,200,0.05,0,3000,1100002,2,0,1.6302,final_fine_grid_steps3000_R20_v1
vicsek,2.0,rho_2,200,0.05,0,3000,1100003,3,0,1.5902,final_fine_grid_steps3000_R20_v1
vicsek,2.0,rho_2,200,0.05,0,3000,1100004,4,0,1.6801,final_fine_grid_steps3000_R20_v1
vicsek,2.0,rho_2,200,0.05,0,3000,1100005,5,0,1.7587,final_fine_grid_steps3000_R20_v1
vicsek,2.0,rho_2,200,0.05,0,3000,1100006,6,0,1.6406,final_fine_grid_steps3000_R20_v1
vicsek,2.0,rho_2,200,0.05,0,3000,1100007,7,0,1.6857,final_fine_grid_steps3000_R20_v1
vicsek,2.0,rho_2,200,0.05,0,3000,1100008,8,0,1.5906,final_fine_grid_steps3000_R20_v1
vicsek,2.0,rho_2,200,0.05,0,3000,1100009,9,0,1.7341,final_fine_grid_steps3000_R20_v1
vicsek,2.0,rho_2,200,0.05,0,3000,1100010,10,0,1.6036,final_fine_grid_steps3000_R20_v1
vicsek,2.0,rho_2,200,0.05,0,3000,1100011,11,0,1.715,final_fine_grid_steps3000_R20_v1
vicsek,2.0,rho_2,200,0.05,0,3000,1100012,12,0,1.7245,final_fine_grid_steps3000_R20_v1
vicsek,2.0,rho_2,200,0.05,0,3000,1100013,13,0,1.7271,final_fine_grid_steps3000_R20_v1
vicsek,2.0,rho_2,200,0.05,0,3000,1100014,14,0,1.6686,final_fine_grid_steps3000_R20_v1
vicsek,2.0,rho_2,200,0.05,0,3000,1100015,15,0,1.7614,final_fine_grid_steps3000_R20_v1
vicsek,2.0,rho_2,200,0.05,0,3000,1100016,16,0,1.7501,final_fine_grid_steps3000_R20_v1
vicsek,2.0,rho_2,200,0.05,0,3000,1100017,17,0,1.6568,final_fine_grid_steps3000_R20_v1
vicsek,2.0,rho_2,200,0.05,0,3000,1100018,18,0,1.7131,final_fine_grid_steps3000_R20_v1
vicsek,2.0,rho_2,200,0.05,0,3000,1100019,19,0,1.7122,final_fine_grid_steps3000_R20_v1
vicsek,2.0,rho_2,200,0.1,1,3000,1100100,0,0,1.7794,final_fine_grid_steps3000_R20_v1
vicsek,2.0,rho_2,200,0.1,1,3000,1100101,1,0,1.6831,final_fine_grid_steps3000_R20_v1
vicsek,2.0,rho_2,200,0.1,1,3000,1100102,2,0,1.6934,final_fine_grid_steps3000_R20_v1
vicsek,2.0,rho_2,200,0.1,1,3000,1100103,3,0,1.744,final_fine_grid_steps3000_R20_v1
vicsek,2.0,rho_2,200,0.1,1,3000,1100104,4,0,1.7278,final_fine_grid_steps3000_R20_v1
vicsek,2.0,rho_2,200,0.1,1,3000,1100105,5,0,1.6878,final_fine_grid_steps3000_R20_v1
vicsek,2.0,rho_2,200,0.1,1,3000,1100106,6,0,1.6894,final_fine_grid_steps3000_R20_v1
vicsek,2.0,rho_2,200,0.1,1,3000,1100107,7,0,1.7971,final_fine_grid_steps3000_R20_v1
vicsek,2.0,rho_2,200,0.1,1,3000,1100108,8,0,1.653,final_fine_grid_steps3000_R20_v1
vicsek,2.0,rho_2,200,0.1,1,3000,1100109,9,0,1.6781,final_fine_grid_steps3000_R20_v1
vicsek,2.0,rho_2,200,0.1,1,3000,1100110,10,0,1.7396,final_fine_grid_steps3000_R20_v1
vicsek,2.0,rho_2,200,0.1,1,3000,1100111,11,0,1.8051,final_fine_grid_steps3000_R20_v1
vicsek,2.0,rho_2,200,0.1,1,3000,1100112,12,0,1.8252,final_fine_grid_steps3000_R20_v1
vicsek,2.0,rho_2,200,0.1,1,3000,1100113,13,0,1.6747,final_fine_grid_steps3000_R20_v1
vicsek,2.0,rho_2,200,0.1,1,3000,1100114,14,0,1.8475,final_fine_grid_steps3000_R20_v1
vicsek,2.0,rho_2,200,0.1,1,3000,1100115,15,0,1.6278,final_fine_grid_steps3000_R20_v1
vicsek,2.0,rho_2,200,0.1,1,3000,1100116,16,0,1.5905,final_fine_grid_steps3000_R20_v1
vicsek,2.0,rho_2,200,0.1,1,3000,1100117,17,0,1.7319,final_fine_grid_steps3000_R20_v1
vicsek,2.0,rho_2,200,0.1,1,3000,1100118,18,0,1.8981,final_fine_grid_steps3000_R20_v1
vicsek,2.0,rho_2,200,0.1,1,3000,1100119,19,0,1.9858,final_fine_grid_steps3000_R20_v1
vicsek,2.0,rho_2,200,0.15,2,3000,1100200,0,0,2.1517,final_fine_grid_steps3000_R20_v1
vicsek,2.0,rho_2,200,0.15,2,3000,1100201,1,0,2.0487,final_fine_grid_steps3000_R20_v1
vicsek,2.0,rho_2,200,0.15,2,3000,1100202,2,0,2.1181,final_fine_grid_steps3000_R20_v1
vicsek,2.0,rho_2,200,0.15,2,3000,1100203,3,0,1.993,final_fine_grid_steps3000_R20_v1
vicsek,2.0,rho_2,200,0.15,2,3000,1100204,4,0,2.1821,final_fine_grid_steps3000_R20_v1
vicsek,2.0,rho_2,200,0.15,2,3000,1100205,5,0,2.1287,final_fine_grid_steps3000_R20_v1
vicsek,2.0,rho_2,200,0.15,2,3000,1100206,6,0,2.197,final_fine_grid_steps3000_R20_v1
vicsek,2.0,rho_2,200,0.15,2,3000,1100207,7,0,2.1421,final_fine_grid_steps3000_R20_v1
vicsek,2.0,rho_2,200,0.15,2,3000,1100208,8,0,2.1015,final_fine_grid_steps3000_R20_v1
vicsek,2.0,rho_2,200,0.15,2,3000,1100209,9,0,1.888,final_fine_grid_steps3000_R20_v1
vicsek,2.0,rho_2,200,0.15,2,3000,1100210,10,0,1.9366,final_fine_grid_steps3000_R20_v1
vicsek,2.0,rho_2,200,0.15,2,3000,1100211,11,0,1.8581,final_fine_grid_steps3000_R20_v1
vicsek,2.0,rho_2,200,0.15,2,3000,1100212,12,0,1.7544,final_fine_grid_steps3000_R20_v1
vicsek,2.0,rho_2,200,0.15,2,3000,1100213,13,0,1.7362,final_fine_grid_steps3000_R20_v1
vicsek,2.0,rho_2,200,0.15,2,3000,1100214,14,0,1.8085,final_fine_grid_steps3000_R20_v1
vicsek,2.0,rho_2,200,0.15,2,3000,1100215,15,0,1.7885,final_fine_grid_steps3000_R20_v1
vicsek,2.0,rho_2,200,0.15,2,3000,1100216,16,0,1.7188,final_fine_grid_steps3000_R20_v1
vicsek,2.0,rho_2,200,0.15,2,3000,1100217,17,0,1.8444,final_fine_grid_steps3000_R20_v1
vicsek,2.0,rho_2,200,0.15,2,3000,1100218,18,0,1.7139,final_fine_grid_steps3000_R20_v1
vicsek,2.0,rho_2,200,0.15,2,3000,1100219,19,0,1.7479,final_fine_grid_steps3000_R20_v1
vicsek,2.0,rho_2,200,0.2,3,3000,1100300,0,0,1.9577,final_fine_grid_steps3000_R20_v1
vicsek,2.0,rho_2,200,0.2,3,3000,1100301,1,0,1.7093,final_fine_grid_steps3000_R20_v1
vicsek,2.0,rho_2,200,0.2,3,3000,1100302,2,0,1.979,final_fine_grid_steps3000_R20_v1
vicsek,2.0,rho_2,200,0.2,3,3000,1100303,3,0,1.771,final_fine_grid_steps3000_R20_v1
vicsek,2.0,rho_2,200,0.2,3,3000,1100304,4,0,1.9665,final_fine_grid_steps3000_R20_v1
vicsek,2.0,rho_2,200,0.2,3,3000,1100305,5,0,1.8985,final_fine_grid_steps3000_R20_v1
vicsek,2.0,rho_2,200,0.2,3,3000,1100306,6,0,1.8409,final_fine_grid_steps3000_R20_v1
vicsek,2.0,rho_2,200,0.2,3,3000,1100307,7,0,1.914,final_fine_grid_steps3000_R20_v1
vicsek,2.0,rho_2,200,0.2,3,3000,1100308,8,0,1.7476,final_fine_grid_steps3000_R20_v1
vicsek,2.0,rho_2,200,0.2,3,3000,1100309,9,0,1.9203,final_fine_grid_steps3000_R20_v1
vicsek,2.0,rho_2,200,0.2,3,3000,1100310,10,0,1.8908,final_fine_grid_steps3000_R20_v1
vicsek,2.0,rho_2,200,0.2,3,3000,1100311,11,0,1.8076,final_fine_grid_steps3000_R20_v1
vicsek,2.0,rho_2,200,0.2,3,3000,1100312,12,0,1.6511,final_fine_grid_steps3000_R20_v1
vicsek,2.0,rho_2,200,0.2,3,3000,1100313,13,0,1.8071,final_fine_grid_steps3000_R20_v1
vicsek,2.0,rho_2,200,0.2,3,3000,1100314,14,0,1.8848,final_fine_grid_steps3000_R20_v1
vicsek,2.0,rho_2,200,0.2,3,3000,1100315,15,0,1.7276,final_fine_grid_steps3000_R20_v1
vicsek,2.0,rho_2,200,0.2,3,3000,1100316,16,0,1.7598,final_fine_grid_steps3000_R20_v1
vicsek,2.0,rho_2,200,0.2,3,3000,1100317,17,0,1.7346,final_fine_grid_steps3000_R20_v1
vicsek,2.0,rho_2,200,0.2,3,3000,1100318,18,0,1.8878,final_fine_grid_steps3000_R20_v1
vicsek,2.0,rho_2,200,0.2,3,3000,1100319,19,0,1.732,final_fine_grid_steps3000_R20_v1
vicsek,2.0,rho_2,200,0.3,4,3000,1100400,0,0,1.7029,final_fine_grid_steps3000_R20_v1
vicsek,2.0,rho_2,200,0.3,4,3000,1100401,1,0,1.677,final_fine_grid_steps3000_R20_v1
vicsek,2.0,rho_2,200,0.3,4,3000,1100402,2,0,1.7083,final_fine_grid_steps3000_R20_v1
vicsek,2.0,rho_2,200,0.3,4,3000,1100403,3,0,1.6736,final_fine_grid_steps3000_R20_v1
vicsek,2.0,rho_2,200,0.3,4,3000,1100404,4,0,1.7617,final_fine_grid_steps3000_R20_v1
vicsek,2.0,rho_2,200,0.3,4,3000,1100405,5,0,1.6647,final_fine_grid_steps3000_R20_v1
vicsek,2.0,rho_2,200,0.3,4,3000,1100406,6,0,1.6691,final_fine_grid_steps3000_R20_v1
vicsek,2.0,rho_2,200,0.3,4,3000,1100407,7,0,1.7778,final_fine_grid_steps3000_R20_v1
vicsek,2.0,rho_2,200,0.3,4,3000,1100408,8,0,1.764,final_fine_grid_steps3000_R20_v1
vicsek,2.0,rho_2,200,0.3,4,3000,1100409,9,0,1.7711,final_fine_grid_steps3000_R20_v1
vicsek,2.0,rho_2,200,0.3,4,3000,1100410,10,0,1.6397,final_fine_grid_steps3000_R20_v1
vicsek,2.0,rho_2,200,0.3,4,3000,1100411,11,0,1.6653,final_fine_grid_steps3000_R20_v1
vicsek,2.0,rho_2,200,0.3,4,3000,1100412,12,0,1.7005,final_fine_grid_steps3000_R20_v1
vicsek,2.0,rho_2,200,0.3,4,3000,1100413,13,0,1.696,final_fine_grid_steps3000_R20_v1
vicsek,2.0,rho_2,200,0.3,4,3000,1100414,14,0,1.658,final_fine_grid_steps3000_R20_v1
vicsek,2.0,rho_2,200,0.3,4,3000,1100415,15,0,1.6266,final_fine_grid_steps3000_R20_v1
vicsek,2.0,rho_2,200,0.3,4,3000,1100416,16,0,1.6468,final_fine_grid_steps3000_R20_v1
vicsek,2.0,rho_2,200,0.3,4,3000,1100417,17,0,1.611,final_fine_grid_steps3000_R20_v1
vicsek,2.0,rho_2,200,0.3,4,3000,1100418,18,0,1.7807,final_fine_grid_steps3000_R20_v1
vicsek,2.0,rho_2,200,0.3,4,3000,1100419,19,0,1.7451,final_fine_grid_steps3000_R20_v1
vicsek,2.0,rho_2,200,0.4,5,3000,1100500,0,0,1.836,final_fine_grid_steps3000_R20_v1
vicsek,2.0,rho_2,200,0.4,5,3000,1100501,1,0,1.7433,final_fine_grid_steps3000_R20_v1
vicsek,2.0,rho_2,200,0.4,5,3000,1100502,2,0,1.7533,final_fine_grid_steps3000_R20_v1
vicsek,2.0,rho_2,200,0.4,5,3000,1100503,3,0,1.7046,final_fine_grid_steps3000_R20_v1
vicsek,2.0,rho_2,200,0.4,5,3000,1100504,4,0,1.7437,final_fine_grid_steps3000_R20_v1
vicsek,2.0,rho_2,200,0.4,5,3000,1100505,5,0,1.7959,final_fine_grid_steps3000_R20_v1
vicsek,2.0,rho_2,200,0.4,5,3000,1100506,6,0,1.6023,final_fine_grid_steps3000_R20_v1
vicsek,2.0,rho_2,200,0.4,5,3000,1100507,7,0,1.9035,final_fine_grid_steps3000_R20_v1
vicsek,2.0,rho_2,200,0.4,5,3000,1100508,8,0,1.7029,final_fine_grid_steps3000_R20_v1
vicsek,2.0,rho_2,200,0.4,5,3000,1100509,9,0,1.8201,final_fine_grid_steps3000_R20_v1
vicsek,2.0,rho_2,200,0.4,5,3000,1100510,10,0,1.7452,final_fine_grid_steps3000_R20_v1
vicsek,2.0,rho_2,200,0.4,5,3000,1100511,11,0,1.8136,final_fine_grid_steps3000_R20_v1
vicsek,2.0,rho_2,200,0.4,5,3000,1100512,12,0,1.778,final_fine_grid_steps3000_R20_v1
vicsek,2.0,rho_2,200,0.4,5,3000,1100513,13,0,1.8406,final_fine_grid_steps3000_R20_v1
vicsek,2.0,rho_2,200,0.4,5,3000,1100514,14,0,1.7573,final_fine_grid_steps3000_R20_v1
vicsek,2.0,rho_2,200,0.4,5,3000,1100515,15,0,1.6114,final_fine_grid_steps3000_R20_v1
vicsek,2.0,rho_2,200,0.4,5,3000,1100516,16,0,1.7315,final_fine_grid_steps3000_R20_v1
vicsek,2.0,rho_2,200,0.4,5,3000,1100517,17,0,1.7115,final_fine_grid_steps3000_R20_v1
vicsek,2.0,rho_2,200,0.4,5,3000,1100518,18,0,1.6974,final_fine_grid_steps3000_R20_v1
vicsek,2.0,rho_2,200,0.4,5,3000,1100519,19,0,1.6939,final_fine_grid_steps3000_R20_v1
vicsek,2,rho_2,200,0.5,,3000,921000,0,0,,vicsek_eta0_6_deta0p5_steps3000_R20_v1
vicsek,2,rho_2,200,0.5,,3000,921001,1,0,,vicsek_eta0_6_deta0p5_steps3000_R20_v1
vicsek,2,rho_2,200,0.5,,3000,921002,2,0,,vicsek_eta0_6_deta0p5_steps3000_R20_v1
vicsek,2,rho_2,200,0.5,,3000,921003,3,0,,vicsek_eta0_6_deta0p5_steps3000_R20_v1
vicsek,2,rho_2,200,0.5,,3000,921004,4,0,,vicsek_eta0_6_deta0p5_steps3000_R20_v1
vicsek,2,rho_2,200,0.5,,3000,921005,5,0,,vicsek_eta0_6_deta0p5_steps3000_R20_v1
vicsek,2,rho_2,200,0.5,,3000,921006,6,0,,vicsek_eta0_6_deta0p5_steps3000_R20_v1
vicsek,2,rho_2,200,0.5,,3000,921007,7,0,,vicsek_eta0_6_deta0p5_steps3000_R20_v1
vicsek,2,rho_2,200,0.5,,3000,921008,8,0,,vicsek_eta0_6_deta0p5_steps3000_R20_v1
vicsek,2,rho_2,200,0.5,,3000,921009,9,0,,vicsek_eta0_6_deta0p5_steps3000_R20_v1
vicsek,2,rho_2,200,0.5,,3000,921010,10,0,,vicsek_eta0_6_deta0p5_steps3000_R20_v1
vicsek,2,rho_2,200,0.5,,3000,921011,11,0,,vicsek_eta0_6_deta0p5_steps3000_R20_v1
vicsek,2,rho_2,200,0.5,,3000,921012,12,0,,vicsek_eta0_6_deta0p5_steps3000_R20_v1
vicsek,2,rho_2,200,0.5,,3000,921013,13,0,,vicsek_eta0_6_deta0p5_steps3000_R20_v1
vicsek,2,rho_2,200,0.5,,3000,921014,14,0,,vicsek_eta0_6_deta0p5_steps3000_R20_v1
vicsek,2,rho_2,200,0.5,,3000,921015,15,0,,vicsek_eta0_6_deta0p5_steps3000_R20_v1
vicsek,2,rho_2,200,0.5,,3000,921016,16,0,,vicsek_eta0_6_deta0p5_steps3000_R20_v1
vicsek,2,rho_2,200,0.5,,3000,921017,17,0,,vicsek_eta0_6_deta0p5_steps3000_R20_v1
vicsek,2,rho_2,200,0.5,,3000,921018,18,0,,vicsek_eta0_6_deta0p5_steps3000_R20_v1
vicsek,2,rho_2,200,0.5,,3000,921019,19,0,,vicsek_eta0_6_deta0p5_steps3000_R20_v1
vicsek,2.0,rho_2,200,0.6,0,3000,1600000,0,0,1.6718,final_dense_eta_grid_steps3000_R20_v1
vicsek,2.0,rho_2,200,0.6,0,3000,1600001,1,0,1.8036,final_dense_eta_grid_steps3000_R20_v1
vicsek,2.0,rho_2,200,0.6,0,3000,1600002,2,0,1.8509,final_dense_eta_grid_steps3000_R20_v1
vicsek,2.0,rho_2,200,0.6,0,3000,1600003,3,0,1.9413,final_dense_eta_grid_steps3000_R20_v1
vicsek,2.0,rho_2,200,0.6,0,3000,1600004,4,0,1.8076,final_dense_eta_grid_steps3000_R20_v1
vicsek,2.0,rho_2,200,0.6,0,3000,1600005,5,0,1.7275,final_dense_eta_grid_steps3000_R20_v1
vicsek,2.0,rho_2,200,0.6,0,3000,1600006,6,0,1.7344,final_dense_eta_grid_steps3000_R20_v1
vicsek,2.0,rho_2,200,0.6,0,3000,1600007,7,0,1.6726,final_dense_eta_grid_steps3000_R20_v1
vicsek,2.0,rho_2,200,0.6,0,3000,1600008,8,0,1.8858,final_dense_eta_grid_steps3000_R20_v1
vicsek,2.0,rho_2,200,0.6,0,3000,1600009,9,0,1.8182,final_dense_eta_grid_steps3000_R20_v1
vicsek,2.0,rho_2,200,0.6,0,3000,1600010,10,0,1.8523,final_dense_eta_grid_steps3000_R20_v1
vicsek,2.0,rho_2,200,0.6,0,3000,1600011,11,0,1.799,final_dense_eta_grid_steps3000_R20_v1
vicsek,2.0,rho_2,200,0.6,0,3000,1600012,12,0,1.8171,final_dense_eta_grid_steps3000_R20_v1
vicsek,2.0,rho_2,200,0.6,0,3000,1600013,13,0,1.6732,final_dense_eta_grid_steps3000_R20_v1
vicsek,2.0,rho_2,200,0.6,0,3000,1600014,14,0,1.7954,final_dense_eta_grid_steps3000_R20_v1
vicsek,2.0,rho_2,200,0.6,0,3000,1600015,15,0,1.6715,final_dense_eta_grid_steps3000_R20_v1
vicsek,2.0,rho_2,200,0.6,0,3000,1600016,16,0,1.7617,final_dense_eta_grid_steps3000_R20_v1
vicsek,2.0,rho_2,200,0.6,0,3000,1600017,17,0,1.7382,final_dense_eta_grid_steps3000_R20_v1
vicsek,2.0,rho_2,200,0.6,0,3000,1600018,18,0,1.6074,final_dense_eta_grid_steps3000_R20_v1
vicsek,2.0,rho_2,200,0.6,0,3000,1600019,19,0,1.6339,final_dense_eta_grid_steps3000_R20_v1
vicsek,2.0,rho_2,200,0.8,1,3000,1600100,0,0,2.0531,final_dense_eta_grid_steps3000_R20_v1
vicsek,2.0,rho_2,200,0.8,1,3000,1600101,1,0,1.9748,final_dense_eta_grid_steps3000_R20_v1
vicsek,2.0,rho_2,200,0.8,1,3000,1600102,2,0,2.1317,final_dense_eta_grid_steps3000_R20_v1
vicsek,2.0,rho_2,200,0.8,1,3000,1600103,3,0,1.9071,final_dense_eta_grid_steps3000_R20_v1
vicsek,2.0,rho_2,200,0.8,1,3000,1600104,4,0,1.9383,final_dense_eta_grid_steps3000_R20_v1
vicsek,2.0,rho_2,200,0.8,1,3000,1600105,5,0,2.0977,final_dense_eta_grid_steps3000_R20_v1
vicsek,2.0,rho_2,200,0.8,1,3000,1600106,6,0,1.9857,final_dense_eta_grid_steps3000_R20_v1
vicsek,2.0,rho_2,200,0.8,1,3000,1600107,7,0,2.0038,final_dense_eta_grid_steps3000_R20_v1
vicsek,2.0,rho_2,200,0.8,1,3000,1600108,8,0,2.0424,final_dense_eta_grid_steps3000_R20_v1
vicsek,2.0,rho_2,200,0.8,1,3000,1600109,9,0,1.8662,final_dense_eta_grid_steps3000_R20_v1
vicsek,2.0,rho_2,200,0.8,1,3000,1600110,10,0,2.0514,final_dense_eta_grid_steps3000_R20_v1
vicsek,2.0,rho_2,200,0.8,1,3000,1600111,11,0,2.1724,final_dense_eta_grid_steps3000_R20_v1
vicsek,2.0,rho_2,200,0.8,1,3000,1600112,12,0,1.9892,final_dense_eta_grid_steps3000_R20_v1
vicsek,2.0,rho_2,200,0.8,1,3000,1600113,13,0,2.5166,final_dense_eta_grid_steps3000_R20_v1
vicsek,2.0,rho_2,200,0.8,1,3000,1600114,14,0,2.1201,final_dense_eta_grid_steps3000_R20_v1
vicsek,2.0,rho_2,200,0.8,1,3000,1600115,15,0,2.1733,final_dense_eta_grid_steps3000_R20_v1
vicsek,2.0,rho_2,200,0.8,1,3000,1600116,16,0,2.23,final_dense_eta_grid_steps3000_R20_v1
vicsek,2.0,rho_2,200,0.8,1,3000,1600117,17,0,2.4817,final_dense_eta_grid_steps3000_R20_v1
vicsek,2.0,rho_2,200,0.8,1,3000,1600118,18,0,2.1927,final_dense_eta_grid_steps3000_R20_v1
vicsek,2.0,rho_2,200,0.8,1,3000,1600119,19,0,2.0451,final_dense_eta_grid_steps3000_R20_v1
vicsek,2,rho_2,200,1,,3000,922000,0,0,,vicsek_eta0_6_deta0p5_steps3000_R20_v1
vicsek,2,rho_2,200,1,,3000,922001,1,0,,vicsek_eta0_6_deta0p5_steps3000_R20_v1
vicsek,2,rho_2,200,1,,3000,922002,2,0,,vicsek_eta0_6_deta0p5_steps3000_R20_v1
vicsek,2,rho_2,200,1,,3000,922003,3,0,,vicsek_eta0_6_deta0p5_steps3000_R20_v1
vicsek,2,rho_2,200,1,,3000,922004,4,0,,vicsek_eta0_6_deta0p5_steps3000_R20_v1
vicsek,2,rho_2,200,1,,3000,922005,5,0,,vicsek_eta0_6_deta0p5_steps3000_R20_v1
vicsek,2,rho_2,200,1,,3000,922006,6,0,,vicsek_eta0_6_deta0p5_steps3000_R20_v1
vicsek,2,rho_2,200,1,,3000,922007,7,0,,vicsek_eta0_6_deta0p5_steps3000_R20_v1
vicsek,2,rho_2,200,1,,3000,922008,8,0,,vicsek_eta0_6_deta0p5_steps3000_R20_v1
vicsek,2,rho_2,200,1,,3000,922009,9,0,,vicsek_eta0_6_deta0p5_steps3000_R20_v1
vicsek,2,rho_2,200,1,,3000,922010,10,0,,vicsek_eta0_6_deta0p5_steps3000_R20_v1
vicsek,2,rho_2,200,1,,3000,922011,11,0,,vicsek_eta0_6_deta0p5_steps3000_R20_v1
vicsek,2,rho_2,200,1,,3000,922012,12,0,,vicsek_eta0_6_deta0p5_steps3000_R20_v1
vicsek,2,rho_2,200,1,,3000,922013,13,0,,vicsek_eta0_6_deta0p5_steps3000_R20_v1
vicsek,2,rho_2,200,1,,3000,922014,14,0,,vicsek_eta0_6_deta0p5_steps3000_R20_v1
vicsek,2,rho_2,200,1,,3000,922015,15,0,,vicsek_eta0_6_deta0p5_steps3000_R20_v1
vicsek,2,rho_2,200,1,,3000,922016,16,0,,vicsek_eta0_6_deta0p5_steps3000_R20_v1
vicsek,2,rho_2,200,1,,3000,922017,17,0,,vicsek_eta0_6_deta0p5_steps3000_R20_v1
vicsek,2,rho_2,200,1,,3000,922018,18,0,,vicsek_eta0_6_deta0p5_steps3000_R20_v1
vicsek,2,rho_2,200,1,,3000,922019,19,0,,vicsek_eta0_6_deta0p5_steps3000_R20_v1
vicsek,2.0,rho_2,200,1.2,2,3000,1600200,0,0,1.8356,final_dense_eta_grid_steps3000_R20_v1
vicsek,2.0,rho_2,200,1.2,2,3000,1600201,1,0,1.8995,final_dense_eta_grid_steps3000_R20_v1
vicsek,2.0,rho_2,200,1.2,2,3000,1600202,2,0,1.838,final_dense_eta_grid_steps3000_R20_v1
vicsek,2.0,rho_2,200,1.2,2,3000,1600203,3,0,1.8515,final_dense_eta_grid_steps3000_R20_v1
vicsek,2.0,rho_2,200,1.2,2,3000,1600204,4,0,1.6749,final_dense_eta_grid_steps3000_R20_v1
vicsek,2.0,rho_2,200,1.2,2,3000,1600205,5,0,1.7549,final_dense_eta_grid_steps3000_R20_v1
vicsek,2.0,rho_2,200,1.2,2,3000,1600206,6,0,1.8715,final_dense_eta_grid_steps3000_R20_v1
vicsek,2.0,rho_2,200,1.2,2,3000,1600207,7,0,1.9737,final_dense_eta_grid_steps3000_R20_v1
vicsek,2.0,rho_2,200,1.2,2,3000,1600208,8,0,2.0258,final_dense_eta_grid_steps3000_R20_v1
vicsek,2.0,rho_2,200,1.2,2,3000,1600209,9,0,1.9173,final_dense_eta_grid_steps3000_R20_v1
vicsek,2.0,rho_2,200,1.2,2,3000,1600210,10,0,1.7612,final_dense_eta_grid_steps3000_R20_v1
vicsek,2.0,rho_2,200,1.2,2,3000,1600211,11,0,1.915,final_dense_eta_grid_steps3000_R20_v1
vicsek,2.0,rho_2,200,1.2,2,3000,1600212,12,0,1.6937,final_dense_eta_grid_steps3000_R20_v1
vicsek,2.0,rho_2,200,1.2,2,3000,1600213,13,0,1.9007,final_dense_eta_grid_steps3000_R20_v1
vicsek,2.0,rho_2,200,1.2,2,3000,1600214,14,0,1.7823,final_dense_eta_grid_steps3000_R20_v1
vicsek,2.0,rho_2,200,1.2,2,3000,1600215,15,0,1.9563,final_dense_eta_grid_steps3000_R20_v1
vicsek,2.0,rho_2,200,1.2,2,3000,1600216,16,0,1.8872,final_dense_eta_grid_steps3000_R20_v1
vicsek,2.0,rho_2,200,1.2,2,3000,1600217,17,0,1.9267,final_dense_eta_grid_steps3000_R20_v1
vicsek,2.0,rho_2,200,1.2,2,3000,1600218,18,0,1.9845,final_dense_eta_grid_steps3000_R20_v1
vicsek,2.0,rho_2,200,1.2,2,3000,1600219,19,0,1.9486,final_dense_eta_grid_steps3000_R20_v1
vicsek,2.0,rho_2,200,1.4,3,3000,1600300,0,0,1.9751,final_dense_eta_grid_steps3000_R20_v1
vicsek,2.0,rho_2,200,1.4,3,3000,1600301,1,0,1.9852,final_dense_eta_grid_steps3000_R20_v1
vicsek,2.0,rho_2,200,1.4,3,3000,1600302,2,0,2.2115,final_dense_eta_grid_steps3000_R20_v1
vicsek,2.0,rho_2,200,1.4,3,3000,1600303,3,0,1.8534,final_dense_eta_grid_steps3000_R20_v1
vicsek,2.0,rho_2,200,1.4,3,3000,1600304,4,0,2.0349,final_dense_eta_grid_steps3000_R20_v1
vicsek,2.0,rho_2,200,1.4,3,3000,1600305,5,0,1.9504,final_dense_eta_grid_steps3000_R20_v1
vicsek,2.0,rho_2,200,1.4,3,3000,1600306,6,0,2.0409,final_dense_eta_grid_steps3000_R20_v1
vicsek,2.0,rho_2,200,1.4,3,3000,1600307,7,0,1.8249,final_dense_eta_grid_steps3000_R20_v1
vicsek,2.0,rho_2,200,1.4,3,3000,1600308,8,0,1.8526,final_dense_eta_grid_steps3000_R20_v1
vicsek,2.0,rho_2,200,1.4,3,3000,1600309,9,0,2.0599,final_dense_eta_grid_steps3000_R20_v1
vicsek,2.0,rho_2,200,1.4,3,3000,1600310,10,0,1.893,final_dense_eta_grid_steps3000_R20_v1
vicsek,2.0,rho_2,200,1.4,3,3000,1600311,11,0,1.9482,final_dense_eta_grid_steps3000_R20_v1
vicsek,2.0,rho_2,200,1.4,3,3000,1600312,12,0,1.708,final_dense_eta_grid_steps3000_R20_v1
vicsek,2.0,rho_2,200,1.4,3,3000,1600313,13,0,1.8026,final_dense_eta_grid_steps3000_R20_v1
vicsek,2.0,rho_2,200,1.4,3,3000,1600314,14,0,1.6176,final_dense_eta_grid_steps3000_R20_v1
vicsek,2.0,rho_2,200,1.4,3,3000,1600315,15,0,1.8117,final_dense_eta_grid_steps3000_R20_v1
vicsek,2.0,rho_2,200,1.4,3,3000,1600316,16,0,1.8435,final_dense_eta_grid_steps3000_R20_v1
vicsek,2.0,rho_2,200,1.4,3,3000,1600317,17,0,1.7991,final_dense_eta_grid_steps3000_R20_v1
vicsek,2.0,rho_2,200,1.4,3,3000,1600318,18,0,1.9743,final_dense_eta_grid_steps3000_R20_v1
vicsek,2.0,rho_2,200,1.4,3,3000,1600319,19,0,1.9496,final_dense_eta_grid_steps3000_R20_v1
vicsek,2.0,rho_2,200,1.6,4,3000,1600400,0,0,2.0658,final_dense_eta_grid_steps3000_R20_v1
vicsek,2.0,rho_2,200,1.6,4,3000,1600401,1,0,1.9424,final_dense_eta_grid_steps3000_R20_v1
vicsek,2.0,rho_2,200,1.6,4,3000,1600402,2,0,1.7961,final_dense_eta_grid_steps3000_R20_v1
vicsek,2.0,rho_2,200,1.6,4,3000,1600403,3,0,1.9548,final_dense_eta_grid_steps3000_R20_v1
vicsek,2.0,rho_2,200,1.6,4,3000,1600404,4,0,2.0609,final_dense_eta_grid_steps3000_R20_v1
vicsek,2.0,rho_2,200,1.6,4,3000,1600405,5,0,2.0477,final_dense_eta_grid_steps3000_R20_v1
vicsek,2.0,rho_2,200,1.6,4,3000,1600406,6,0,1.9932,final_dense_eta_grid_steps3000_R20_v1
vicsek,2.0,rho_2,200,1.6,4,3000,1600407,7,0,1.8812,final_dense_eta_grid_steps3000_R20_v1
vicsek,2.0,rho_2,200,1.6,4,3000,1600408,8,0,1.9058,final_dense_eta_grid_steps3000_R20_v1
vicsek,2.0,rho_2,200,1.6,4,3000,1600409,9,0,1.9181,final_dense_eta_grid_steps3000_R20_v1
vicsek,2.0,rho_2,200,1.6,4,3000,1600410,10,0,1.9303,final_dense_eta_grid_steps3000_R20_v1
vicsek,2.0,rho_2,200,1.6,4,3000,1600411,11,0,2.0142,final_dense_eta_grid_steps3000_R20_v1
vicsek,2.0,rho_2,200,1.6,4,3000,1600412,12,0,1.848,final_dense_eta_grid_steps3000_R20_v1
vicsek,2.0,rho_2,200,1.6,4,3000,1600413,13,0,2.0844,final_dense_eta_grid_steps3000_R20_v1
vicsek,2.0,rho_2,200,1.6,4,3000,1600414,14,0,2.0088,final_dense_eta_grid_steps3000_R20_v1
vicsek,2.0,rho_2,200,1.6,4,3000,1600415,15,0,1.9281,final_dense_eta_grid_steps3000_R20_v1
vicsek,2.0,rho_2,200,1.6,4,3000,1600416,16,0,1.7205,final_dense_eta_grid_steps3000_R20_v1
vicsek,2.0,rho_2,200,1.6,4,3000,1600417,17,0,1.7437,final_dense_eta_grid_steps3000_R20_v1
vicsek,2.0,rho_2,200,1.6,4,3000,1600418,18,0,1.775,final_dense_eta_grid_steps3000_R20_v1
vicsek,2.0,rho_2,200,1.6,4,3000,1600419,19,0,1.9732,final_dense_eta_grid_steps3000_R20_v1
vicsek,2.0,rho_2,200,1.8,5,3000,1600500,0,0,1.7687,final_dense_eta_grid_steps3000_R20_v1
vicsek,2.0,rho_2,200,1.8,5,3000,1600501,1,0,1.9149,final_dense_eta_grid_steps3000_R20_v1
vicsek,2.0,rho_2,200,1.8,5,3000,1600502,2,0,1.9887,final_dense_eta_grid_steps3000_R20_v1
vicsek,2.0,rho_2,200,1.8,5,3000,1600503,3,0,1.798,final_dense_eta_grid_steps3000_R20_v1
vicsek,2.0,rho_2,200,1.8,5,3000,1600504,4,0,1.8976,final_dense_eta_grid_steps3000_R20_v1
vicsek,2.0,rho_2,200,1.8,5,3000,1600505,5,0,1.9078,final_dense_eta_grid_steps3000_R20_v1
vicsek,2.0,rho_2,200,1.8,5,3000,1600506,6,0,2.0036,final_dense_eta_grid_steps3000_R20_v1
vicsek,2.0,rho_2,200,1.8,5,3000,1600507,7,0,1.8289,final_dense_eta_grid_steps3000_R20_v1
vicsek,2.0,rho_2,200,1.8,5,3000,1600508,8,0,1.8082,final_dense_eta_grid_steps3000_R20_v1
vicsek,2.0,rho_2,200,1.8,5,3000,1600509,9,0,1.8179,final_dense_eta_grid_steps3000_R20_v1
vicsek,2.0,rho_2,200,1.8,5,3000,1600510,10,0,1.8257,final_dense_eta_grid_steps3000_R20_v1
vicsek,2.0,rho_2,200,1.8,5,3000,1600511,11,0,2.0303,final_dense_eta_grid_steps3000_R20_v1
vicsek,2.0,rho_2,200,1.8,5,3000,1600512,12,0,1.7484,final_dense_eta_grid_steps3000_R20_v1
vicsek,2.0,rho_2,200,1.8,5,3000,1600513,13,0,1.8723,final_dense_eta_grid_steps3000_R20_v1
vicsek,2.0,rho_2,200,1.8,5,3000,1600514,14,0,1.7922,final_dense_eta_grid_steps3000_R20_v1
vicsek,2.0,rho_2,200,1.8,5,3000,1600515,15,0,1.8436,final_dense_eta_grid_steps3000_R20_v1
vicsek,2.0,rho_2,200,1.8,5,3000,1600516,16,0,1.8033,final_dense_eta_grid_steps3000_R20_v1
vicsek,2.0,rho_2,200,1.8,5,3000,1600517,17,0,1.7355,final_dense_eta_grid_steps3000_R20_v1
vicsek,2.0,rho_2,200,1.8,5,3000,1600518,18,0,1.9703,final_dense_eta_grid_steps3000_R20_v1
vicsek,2.0,rho_2,200,1.8,5,3000,1600519,19,0,1.8326,final_dense_eta_grid_steps3000_R20_v1
vicsek,2,rho_2,200,2,,3000,924000,0,0,,vicsek_eta0_6_deta0p5_steps3000_R20_v1
vicsek,2,rho_2,200,2,,3000,924001,1,0,,vicsek_eta0_6_deta0p5_steps3000_R20_v1
vicsek,2,rho_2,200,2,,3000,924002,2,0,,vicsek_eta0_6_deta0p5_steps3000_R20_v1
vicsek,2,rho_2,200,2,,3000,924003,3,0,,vicsek_eta0_6_deta0p5_steps3000_R20_v1
vicsek,2,rho_2,200,2,,3000,924004,4,0,,vicsek_eta0_6_deta0p5_steps3000_R20_v1
vicsek,2,rho_2,200,2,,3000,924005,5,0,,vicsek_eta0_6_deta0p5_steps3000_R20_v1
vicsek,2,rho_2,200,2,,3000,924006,6,0,,vicsek_eta0_6_deta0p5_steps3000_R20_v1
vicsek,2,rho_2,200,2,,3000,924007,7,0,,vicsek_eta0_6_deta0p5_steps3000_R20_v1
vicsek,2,rho_2,200,2,,3000,924008,8,0,,vicsek_eta0_6_deta0p5_steps3000_R20_v1
vicsek,2,rho_2,200,2,,3000,924009,9,0,,vicsek_eta0_6_deta0p5_steps3000_R20_v1
vicsek,2,rho_2,200,2,,3000,924010,10,0,,vicsek_eta0_6_deta0p5_steps3000_R20_v1
vicsek,2,rho_2,200,2,,3000,924011,11,0,,vicsek_eta0_6_deta0p5_steps3000_R20_v1
vicsek,2,rho_2,200,2,,3000,924012,12,0,,vicsek_eta0_6_deta0p5_steps3000_R20_v1
vicsek,2,rho_2,200,2,,3000,924013,13,0,,vicsek_eta0_6_deta0p5_steps3000_R20_v1
vicsek,2,rho_2,200,2,,3000,924014,14,0,,vicsek_eta0_6_deta0p5_steps3000_R20_v1
vicsek,2,rho_2,200,2,,3000,924015,15,0,,vicsek_eta0_6_deta0p5_steps3000_R20_v1
vicsek,2,rho_2,200,2,,3000,924016,16,0,,vicsek_eta0_6_deta0p5_steps3000_R20_v1
vicsek,2,rho_2,200,2,,3000,924017,17,0,,vicsek_eta0_6_deta0p5_steps3000_R20_v1
vicsek,2,rho_2,200,2,,3000,924018,18,0,,vicsek_eta0_6_deta0p5_steps3000_R20_v1
vicsek,2,rho_2,200,2,,3000,924019,19,0,,vicsek_eta0_6_deta0p5_steps3000_R20_v1
vicsek,2.0,rho_2,200,2.2,6,3000,1600600,0,0,1.9358,final_dense_eta_grid_steps3000_R20_v1
vicsek,2.0,rho_2,200,2.2,6,3000,1600601,1,0,2.0653,final_dense_eta_grid_steps3000_R20_v1
vicsek,2.0,rho_2,200,2.2,6,3000,1600602,2,0,1.9597,final_dense_eta_grid_steps3000_R20_v1
vicsek,2.0,rho_2,200,2.2,6,3000,1600603,3,0,2.0545,final_dense_eta_grid_steps3000_R20_v1
vicsek,2.0,rho_2,200,2.2,6,3000,1600604,4,0,2.0009,final_dense_eta_grid_steps3000_R20_v1
vicsek,2.0,rho_2,200,2.2,6,3000,1600605,5,0,1.8397,final_dense_eta_grid_steps3000_R20_v1
vicsek,2.0,rho_2,200,2.2,6,3000,1600606,6,0,1.9821,final_dense_eta_grid_steps3000_R20_v1
vicsek,2.0,rho_2,200,2.2,6,3000,1600607,7,0,1.9899,final_dense_eta_grid_steps3000_R20_v1
vicsek,2.0,rho_2,200,2.2,6,3000,1600608,8,0,2.0954,final_dense_eta_grid_steps3000_R20_v1
vicsek,2.0,rho_2,200,2.2,6,3000,1600609,9,0,2.0542,final_dense_eta_grid_steps3000_R20_v1
vicsek,2.0,rho_2,200,2.2,6,3000,1600610,10,0,1.9294,final_dense_eta_grid_steps3000_R20_v1
vicsek,2.0,rho_2,200,2.2,6,3000,1600611,11,0,2.1598,final_dense_eta_grid_steps3000_R20_v1
vicsek,2.0,rho_2,200,2.2,6,3000,1600612,12,0,1.9641,final_dense_eta_grid_steps3000_R20_v1
vicsek,2.0,rho_2,200,2.2,6,3000,1600613,13,0,2.0194,final_dense_eta_grid_steps3000_R20_v1
vicsek,2.0,rho_2,200,2.2,6,3000,1600614,14,0,2.0502,final_dense_eta_grid_steps3000_R20_v1
vicsek,2.0,rho_2,200,2.2,6,3000,1600615,15,0,2.0736,final_dense_eta_grid_steps3000_R20_v1
vicsek,2.0,rho_2,200,2.2,6,3000,1600616,16,0,1.9276,final_dense_eta_grid_steps3000_R20_v1
vicsek,2.0,rho_2,200,2.2,6,3000,1600617,17,0,2.02,final_dense_eta_grid_steps3000_R20_v1
vicsek,2.0,rho_2,200,2.2,6,3000,1600618,18,0,2.0086,final_dense_eta_grid_steps3000_R20_v1
vicsek,2.0,rho_2,200,2.2,6,3000,1600619,19,0,1.9987,final_dense_eta_grid_steps3000_R20_v1
vicsek,2.0,rho_2,200,2.4,7,3000,1600700,0,0,1.9966,final_dense_eta_grid_steps3000_R20_v1
vicsek,2.0,rho_2,200,2.4,7,3000,1600701,1,0,2.0102,final_dense_eta_grid_steps3000_R20_v1
vicsek,2.0,rho_2,200,2.4,7,3000,1600702,2,0,1.9934,final_dense_eta_grid_steps3000_R20_v1
vicsek,2.0,rho_2,200,2.4,7,3000,1600703,3,0,1.9575,final_dense_eta_grid_steps3000_R20_v1
vicsek,2.0,rho_2,200,2.4,7,3000,1600704,4,0,2.0312,final_dense_eta_grid_steps3000_R20_v1
vicsek,2.0,rho_2,200,2.4,7,3000,1600705,5,0,2.3593,final_dense_eta_grid_steps3000_R20_v1
vicsek,2.0,rho_2,200,2.4,7,3000,1600706,6,0,1.8947,final_dense_eta_grid_steps3000_R20_v1
vicsek,2.0,rho_2,200,2.4,7,3000,1600707,7,0,2.1387,final_dense_eta_grid_steps3000_R20_v1
vicsek,2.0,rho_2,200,2.4,7,3000,1600708,8,0,1.9872,final_dense_eta_grid_steps3000_R20_v1
vicsek,2.0,rho_2,200,2.4,7,3000,1600709,9,0,2.2024,final_dense_eta_grid_steps3000_R20_v1
vicsek,2.0,rho_2,200,2.4,7,3000,1600710,10,0,1.8682,final_dense_eta_grid_steps3000_R20_v1
vicsek,2.0,rho_2,200,2.4,7,3000,1600711,11,0,1.947,final_dense_eta_grid_steps3000_R20_v1
vicsek,2.0,rho_2,200,2.4,7,3000,1600712,12,0,1.9778,final_dense_eta_grid_steps3000_R20_v1
vicsek,2.0,rho_2,200,2.4,7,3000,1600713,13,0,1.9196,final_dense_eta_grid_steps3000_R20_v1
vicsek,2.0,rho_2,200,2.4,7,3000,1600714,14,0,2.1503,final_dense_eta_grid_steps3000_R20_v1
vicsek,2.0,rho_2,200,2.4,7,3000,1600715,15,0,2.0575,final_dense_eta_grid_steps3000_R20_v1
vicsek,2.0,rho_2,200,2.4,7,3000,1600716,16,0,1.9941,final_dense_eta_grid_steps3000_R20_v1
vicsek,2.0,rho_2,200,2.4,7,3000,1600717,17,0,2.0353,final_dense_eta_grid_steps3000_R20_v1
vicsek,2.0,rho_2,200,2.4,7,3000,1600718,18,0,2.0399,final_dense_eta_grid_steps3000_R20_v1
vicsek,2.0,rho_2,200,2.4,7,3000,1600719,19,0,2.2168,final_dense_eta_grid_steps3000_R20_v1
vicsek,2.0,rho_2,200,2.6,8,3000,1600800,0,0,1.8982,final_dense_eta_grid_steps3000_R20_v1
vicsek,2.0,rho_2,200,2.6,8,3000,1600801,1,0,1.9174,final_dense_eta_grid_steps3000_R20_v1
vicsek,2.0,rho_2,200,2.6,8,3000,1600802,2,0,2.0354,final_dense_eta_grid_steps3000_R20_v1
vicsek,2.0,rho_2,200,2.6,8,3000,1600803,3,0,2.0529,final_dense_eta_grid_steps3000_R20_v1
vicsek,2.0,rho_2,200,2.6,8,3000,1600804,4,0,2.0909,final_dense_eta_grid_steps3000_R20_v1
vicsek,2.0,rho_2,200,2.6,8,3000,1600805,5,0,2.133,final_dense_eta_grid_steps3000_R20_v1
vicsek,2.0,rho_2,200,2.6,8,3000,1600806,6,0,2.0876,final_dense_eta_grid_steps3000_R20_v1
vicsek,2.0,rho_2,200,2.6,8,3000,1600807,7,0,1.9087,final_dense_eta_grid_steps3000_R20_v1
vicsek,2.0,rho_2,200,2.6,8,3000,1600808,8,0,1.9063,final_dense_eta_grid_steps3000_R20_v1
vicsek,2.0,rho_2,200,2.6,8,3000,1600809,9,0,2.0562,final_dense_eta_grid_steps3000_R20_v1
vicsek,2.0,rho_2,200,2.6,8,3000,1600810,10,0,2.0913,final_dense_eta_grid_steps3000_R20_v1
vicsek,2.0,rho_2,200,2.6,8,3000,1600811,11,0,2.0962,final_dense_eta_grid_steps3000_R20_v1
vicsek,2.0,rho_2,200,2.6,8,3000,1600812,12,0,1.9097,final_dense_eta_grid_steps3000_R20_v1
vicsek,2.0,rho_2,200,2.6,8,3000,1600813,13,0,1.8485,final_dense_eta_grid_steps3000_R20_v1
vicsek,2.0,rho_2,200,2.6,8,3000,1600814,14,0,1.7926,final_dense_eta_grid_steps3000_R20_v1
vicsek,2.0,rho_2,200,2.6,8,3000,1600815,15,0,2.0712,final_dense_eta_grid_steps3000_R20_v1
vicsek,2.0,rho_2,200,2.6,8,3000,1600816,16,0,1.8766,final_dense_eta_grid_steps3000_R20_v1
vicsek,2.0,rho_2,200,2.6,8,3000,1600817,17,0,1.8891,final_dense_eta_grid_steps3000_R20_v1
vicsek,2.0,rho_2,200,2.6,8,3000,1600818,18,0,1.8762,final_dense_eta_grid_steps3000_R20_v1
vicsek,2.0,rho_2,200,2.6,8,3000,1600819,19,0,2.002,final_dense_eta_grid_steps3000_R20_v1
vicsek,2.0,rho_2,200,2.8,9,3000,1600900,0,0,1.9457,final_dense_eta_grid_steps3000_R20_v1
vicsek,2.0,rho_2,200,2.8,9,3000,1600901,1,0,1.8993,final_dense_eta_grid_steps3000_R20_v1
vicsek,2.0,rho_2,200,2.8,9,3000,1600902,2,0,1.961,final_dense_eta_grid_steps3000_R20_v1
vicsek,2.0,rho_2,200,2.8,9,3000,1600903,3,0,1.9139,final_dense_eta_grid_steps3000_R20_v1
vicsek,2.0,rho_2,200,2.8,9,3000,1600904,4,0,2.0322,final_dense_eta_grid_steps3000_R20_v1
vicsek,2.0,rho_2,200,2.8,9,3000,1600905,5,0,1.9537,final_dense_eta_grid_steps3000_R20_v1
vicsek,2.0,rho_2,200,2.8,9,3000,1600906,6,0,1.933,final_dense_eta_grid_steps3000_R20_v1
vicsek,2.0,rho_2,200,2.8,9,3000,1600907,7,0,1.8664,final_dense_eta_grid_steps3000_R20_v1
vicsek,2.0,rho_2,200,2.8,9,3000,1600908,8,0,1.9398,final_dense_eta_grid_steps3000_R20_v1
vicsek,2.0,rho_2,200,2.8,9,3000,1600909,9,0,2.0039,final_dense_eta_grid_steps3000_R20_v1
vicsek,2.0,rho_2,200,2.8,9,3000,1600910,10,0,1.9198,final_dense_eta_grid_steps3000_R20_v1
vicsek,2.0,rho_2,200,2.8,9,3000,1600911,11,0,1.8968,final_dense_eta_grid_steps3000_R20_v1
vicsek,2.0,rho_2,200,2.8,9,3000,1600912,12,0,1.8356,final_dense_eta_grid_steps3000_R20_v1
vicsek,2.0,rho_2,200,2.8,9,3000,1600913,13,0,1.9973,final_dense_eta_grid_steps3000_R20_v1
vicsek,2.0,rho_2,200,2.8,9,3000,1600914,14,0,2.0358,final_dense_eta_grid_steps3000_R20_v1
vicsek,2.0,rho_2,200,2.8,9,3000,1600915,15,0,1.8868,final_dense_eta_grid_steps3000_R20_v1
vicsek,2.0,rho_2,200,2.8,9,3000,1600916,16,0,1.9777,final_dense_eta_grid_steps3000_R20_v1
vicsek,2.0,rho_2,200,2.8,9,3000,1600917,17,0,2.0551,final_dense_eta_grid_steps3000_R20_v1
vicsek,2.0,rho_2,200,2.8,9,3000,1600918,18,0,1.8635,final_dense_eta_grid_steps3000_R20_v1
vicsek,2.0,rho_2,200,2.8,9,3000,1600919,19,0,1.9492,final_dense_eta_grid_steps3000_R20_v1
vicsek,2,rho_2,200,3,,3000,926000,0,0,,vicsek_eta0_6_deta0p5_steps3000_R20_v1
vicsek,2,rho_2,200,3,,3000,926001,1,0,,vicsek_eta0_6_deta0p5_steps3000_R20_v1
vicsek,2,rho_2,200,3,,3000,926002,2,0,,vicsek_eta0_6_deta0p5_steps3000_R20_v1
vicsek,2,rho_2,200,3,,3000,926003,3,0,,vicsek_eta0_6_deta0p5_steps3000_R20_v1
vicsek,2,rho_2,200,3,,3000,926004,4,0,,vicsek_eta0_6_deta0p5_steps3000_R20_v1
vicsek,2,rho_2,200,3,,3000,926005,5,0,,vicsek_eta0_6_deta0p5_steps3000_R20_v1
vicsek,2,rho_2,200,3,,3000,926006,6,0,,vicsek_eta0_6_deta0p5_steps3000_R20_v1
vicsek,2,rho_2,200,3,,3000,926007,7,0,,vicsek_eta0_6_deta0p5_steps3000_R20_v1
vicsek,2,rho_2,200,3,,3000,926008,8,0,,vicsek_eta0_6_deta0p5_steps3000_R20_v1
vicsek,2,rho_2,200,3,,3000,926009,9,0,,vicsek_eta0_6_deta0p5_steps3000_R20_v1
vicsek,2,rho_2,200,3,,3000,926010,10,0,,vicsek_eta0_6_deta0p5_steps3000_R20_v1
vicsek,2,rho_2,200,3,,3000,926011,11,0,,vicsek_eta0_6_deta0p5_steps3000_R20_v1
vicsek,2,rho_2,200,3,,3000,926012,12,0,,vicsek_eta0_6_deta0p5_steps3000_R20_v1
vicsek,2,rho_2,200,3,,3000,926013,13,0,,vicsek_eta0_6_deta0p5_steps3000_R20_v1
vicsek,2,rho_2,200,3,,3000,926014,14,0,,vicsek_eta0_6_deta0p5_steps3000_R20_v1
vicsek,2,rho_2,200,3,,3000,926015,15,0,,vicsek_eta0_6_deta0p5_steps3000_R20_v1
vicsek,2,rho_2,200,3,,3000,926016,16,0,,vicsek_eta0_6_deta0p5_steps3000_R20_v1
vicsek,2,rho_2,200,3,,3000,926017,17,0,,vicsek_eta0_6_deta0p5_steps3000_R20_v1
vicsek,2,rho_2,200,3,,3000,926018,18,0,,vicsek_eta0_6_deta0p5_steps3000_R20_v1
vicsek,2,rho_2,200,3,,3000,926019,19,0,,vicsek_eta0_6_deta0p5_steps3000_R20_v1
vicsek,2.0,rho_2,200,3.2,10,3000,1601000,0,0,1.8542,final_dense_eta_grid_steps3000_R20_v1
vicsek,2.0,rho_2,200,3.2,10,3000,1601001,1,0,2.0092,final_dense_eta_grid_steps3000_R20_v1
vicsek,2.0,rho_2,200,3.2,10,3000,1601002,2,0,1.9125,final_dense_eta_grid_steps3000_R20_v1
vicsek,2.0,rho_2,200,3.2,10,3000,1601003,3,0,1.9531,final_dense_eta_grid_steps3000_R20_v1
vicsek,2.0,rho_2,200,3.2,10,3000,1601004,4,0,1.9937,final_dense_eta_grid_steps3000_R20_v1
vicsek,2.0,rho_2,200,3.2,10,3000,1601005,5,0,1.8334,final_dense_eta_grid_steps3000_R20_v1
vicsek,2.0,rho_2,200,3.2,10,3000,1601006,6,0,1.9645,final_dense_eta_grid_steps3000_R20_v1
vicsek,2.0,rho_2,200,3.2,10,3000,1601007,7,0,1.7012,final_dense_eta_grid_steps3000_R20_v1
vicsek,2.0,rho_2,200,3.2,10,3000,1601008,8,0,1.8576,final_dense_eta_grid_steps3000_R20_v1
vicsek,2.0,rho_2,200,3.2,10,3000,1601009,9,0,1.8887,final_dense_eta_grid_steps3000_R20_v1
vicsek,2.0,rho_2,200,3.2,10,3000,1601010,10,0,2.0102,final_dense_eta_grid_steps3000_R20_v1
vicsek,2.0,rho_2,200,3.2,10,3000,1601011,11,0,1.8806,final_dense_eta_grid_steps3000_R20_v1
vicsek,2.0,rho_2,200,3.2,10,3000,1601012,12,0,1.8032,final_dense_eta_grid_steps3000_R20_v1
vicsek,2.0,rho_2,200,3.2,10,3000,1601013,13,0,1.6844,final_dense_eta_grid_steps3000_R20_v1
vicsek,2.0,rho_2,200,3.2,10,3000,1601014,14,0,1.678,final_dense_eta_grid_steps3000_R20_v1
vicsek,2.0,rho_2,200,3.2,10,3000,1601015,15,0,1.6864,final_dense_eta_grid_steps3000_R20_v1
vicsek,2.0,rho_2,200,3.2,10,3000,1601016,16,0,1.8748,final_dense_eta_grid_steps3000_R20_v1
vicsek,2.0,rho_2,200,3.2,10,3000,1601017,17,0,1.7237,final_dense_eta_grid_steps3000_R20_v1
vicsek,2.0,rho_2,200,3.2,10,3000,1601018,18,0,1.8359,final_dense_eta_grid_steps3000_R20_v1
vicsek,2.0,rho_2,200,3.2,10,3000,1601019,19,0,1.9551,final_dense_eta_grid_steps3000_R20_v1
vicsek,2.0,rho_2,200,3.4,11,3000,1601100,0,0,1.8393,final_dense_eta_grid_steps3000_R20_v1
vicsek,2.0,rho_2,200,3.4,11,3000,1601101,1,0,1.893,final_dense_eta_grid_steps3000_R20_v1
vicsek,2.0,rho_2,200,3.4,11,3000,1601102,2,0,1.7152,final_dense_eta_grid_steps3000_R20_v1
vicsek,2.0,rho_2,200,3.4,11,3000,1601103,3,0,1.7941,final_dense_eta_grid_steps3000_R20_v1
vicsek,2.0,rho_2,200,3.4,11,3000,1601104,4,0,1.8654,final_dense_eta_grid_steps3000_R20_v1
vicsek,2.0,rho_2,200,3.4,11,3000,1601105,5,0,1.9202,final_dense_eta_grid_steps3000_R20_v1
vicsek,2.0,rho_2,200,3.4,11,3000,1601106,6,0,1.9224,final_dense_eta_grid_steps3000_R20_v1
vicsek,2.0,rho_2,200,3.4,11,3000,1601107,7,0,1.7767,final_dense_eta_grid_steps3000_R20_v1
vicsek,2.0,rho_2,200,3.4,11,3000,1601108,8,0,1.9617,final_dense_eta_grid_steps3000_R20_v1
vicsek,2.0,rho_2,200,3.4,11,3000,1601109,9,0,1.7855,final_dense_eta_grid_steps3000_R20_v1
vicsek,2.0,rho_2,200,3.4,11,3000,1601110,10,0,1.6923,final_dense_eta_grid_steps3000_R20_v1
vicsek,2.0,rho_2,200,3.4,11,3000,1601111,11,0,1.7379,final_dense_eta_grid_steps3000_R20_v1
vicsek,2.0,rho_2,200,3.4,11,3000,1601112,12,0,1.8251,final_dense_eta_grid_steps3000_R20_v1
vicsek,2.0,rho_2,200,3.4,11,3000,1601113,13,0,1.8913,final_dense_eta_grid_steps3000_R20_v1
vicsek,2.0,rho_2,200,3.4,11,3000,1601114,14,0,1.8222,final_dense_eta_grid_steps3000_R20_v1
vicsek,2.0,rho_2,200,3.4,11,3000,1601115,15,0,1.7835,final_dense_eta_grid_steps3000_R20_v1
vicsek,2.0,rho_2,200,3.4,11,3000,1601116,16,0,1.715,final_dense_eta_grid_steps3000_R20_v1
vicsek,2.0,rho_2,200,3.4,11,3000,1601117,17,0,1.7825,final_dense_eta_grid_steps3000_R20_v1
vicsek,2.0,rho_2,200,3.4,11,3000,1601118,18,0,1.6294,final_dense_eta_grid_steps3000_R20_v1
vicsek,2.0,rho_2,200,3.4,11,3000,1601119,19,0,1.7409,final_dense_eta_grid_steps3000_R20_v1
vicsek,2.0,rho_2,200,3.6,12,3000,1601200,0,0,1.7816,final_dense_eta_grid_steps3000_R20_v1
vicsek,2.0,rho_2,200,3.6,12,3000,1601201,1,0,1.6411,final_dense_eta_grid_steps3000_R20_v1
vicsek,2.0,rho_2,200,3.6,12,3000,1601202,2,0,1.7436,final_dense_eta_grid_steps3000_R20_v1
vicsek,2.0,rho_2,200,3.6,12,3000,1601203,3,0,1.6973,final_dense_eta_grid_steps3000_R20_v1
vicsek,2.0,rho_2,200,3.6,12,3000,1601204,4,0,1.725,final_dense_eta_grid_steps3000_R20_v1
vicsek,2.0,rho_2,200,3.6,12,3000,1601205,5,0,1.6809,final_dense_eta_grid_steps3000_R20_v1
vicsek,2.0,rho_2,200,3.6,12,3000,1601206,6,0,1.7,final_dense_eta_grid_steps3000_R20_v1
vicsek,2.0,rho_2,200,3.6,12,3000,1601207,7,0,1.7298,final_dense_eta_grid_steps3000_R20_v1
vicsek,2.0,rho_2,200,3.6,12,3000,1601208,8,0,1.6485,final_dense_eta_grid_steps3000_R20_v1
vicsek,2.0,rho_2,200,3.6,12,3000,1601209,9,0,1.7602,final_dense_eta_grid_steps3000_R20_v1
vicsek,2.0,rho_2,200,3.6,12,3000,1601210,10,0,1.7583,final_dense_eta_grid_steps3000_R20_v1
vicsek,2.0,rho_2,200,3.6,12,3000,1601211,11,0,1.847,final_dense_eta_grid_steps3000_R20_v1
vicsek,2.0,rho_2,200,3.6,12,3000,1601212,12,0,1.8022,final_dense_eta_grid_steps3000_R20_v1
vicsek,2.0,rho_2,200,3.6,12,3000,1601213,13,0,1.8746,final_dense_eta_grid_steps3000_R20_v1
vicsek,2.0,rho_2,200,3.6,12,3000,1601214,14,0,1.6991,final_dense_eta_grid_steps3000_R20_v1
vicsek,2.0,rho_2,200,3.6,12,3000,1601215,15,0,1.8187,final_dense_eta_grid_steps3000_R20_v1
vicsek,2.0,rho_2,200,3.6,12,3000,1601216,16,0,1.7594,final_dense_eta_grid_steps3000_R20_v1
vicsek,2.0,rho_2,200,3.6,12,3000,1601217,17,0,1.8493,final_dense_eta_grid_steps3000_R20_v1
vicsek,2.0,rho_2,200,3.6,12,3000,1601218,18,0,1.9111,final_dense_eta_grid_steps3000_R20_v1
vicsek,2.0,rho_2,200,3.6,12,3000,1601219,19,0,1.8154,final_dense_eta_grid_steps3000_R20_v1
vicsek,2.0,rho_2,200,3.8,13,3000,1601300,0,0,1.7576,final_dense_eta_grid_steps3000_R20_v1
vicsek,2.0,rho_2,200,3.8,13,3000,1601301,1,0,1.916,final_dense_eta_grid_steps3000_R20_v1
vicsek,2.0,rho_2,200,3.8,13,3000,1601302,2,0,1.8243,final_dense_eta_grid_steps3000_R20_v1
vicsek,2.0,rho_2,200,3.8,13,3000,1601303,3,0,1.7991,final_dense_eta_grid_steps3000_R20_v1
vicsek,2.0,rho_2,200,3.8,13,3000,1601304,4,0,1.7631,final_dense_eta_grid_steps3000_R20_v1
vicsek,2.0,rho_2,200,3.8,13,3000,1601305,5,0,1.7926,final_dense_eta_grid_steps3000_R20_v1
vicsek,2.0,rho_2,200,3.8,13,3000,1601306,6,0,1.7866,final_dense_eta_grid_steps3000_R20_v1
vicsek,2.0,rho_2,200,3.8,13,3000,1601307,7,0,1.5899,final_dense_eta_grid_steps3000_R20_v1
vicsek,2.0,rho_2,200,3.8,13,3000,1601308,8,0,1.6571,final_dense_eta_grid_steps3000_R20_v1
vicsek,2.0,rho_2,200,3.8,13,3000,1601309,9,0,1.8704,final_dense_eta_grid_steps3000_R20_v1
vicsek,2.0,rho_2,200,3.8,13,3000,1601310,10,0,1.6548,final_dense_eta_grid_steps3000_R20_v1
vicsek,2.0,rho_2,200,3.8,13,3000,1601311,11,0,1.7362,final_dense_eta_grid_steps3000_R20_v1
vicsek,2.0,rho_2,200,3.8,13,3000,1601312,12,0,1.6985,final_dense_eta_grid_steps3000_R20_v1
vicsek,2.0,rho_2,200,3.8,13,3000,1601313,13,0,1.8617,final_dense_eta_grid_steps3000_R20_v1
vicsek,2.0,rho_2,200,3.8,13,3000,1601314,14,0,1.592,final_dense_eta_grid_steps3000_R20_v1
vicsek,2.0,rho_2,200,3.8,13,3000,1601315,15,0,1.7635,final_dense_eta_grid_steps3000_R20_v1
vicsek,2.0,rho_2,200,3.8,13,3000,1601316,16,0,1.6473,final_dense_eta_grid_steps3000_R20_v1
vicsek,2.0,rho_2,200,3.8,13,3000,1601317,17,0,1.6311,final_dense_eta_grid_steps3000_R20_v1
vicsek,2.0,rho_2,200,3.8,13,3000,1601318,18,0,1.7532,final_dense_eta_grid_steps3000_R20_v1
vicsek,2.0,rho_2,200,3.8,13,3000,1601319,19,0,1.9171,final_dense_eta_grid_steps3000_R20_v1
vicsek,2,rho_2,200,4,,3000,928000,0,0,,vicsek_eta0_6_deta0p5_steps3000_R20_v1
vicsek,2,rho_2,200,4,,3000,928001,1,0,,vicsek_eta0_6_deta0p5_steps3000_R20_v1
vicsek,2,rho_2,200,4,,3000,928002,2,0,,vicsek_eta0_6_deta0p5_steps3000_R20_v1
vicsek,2,rho_2,200,4,,3000,928003,3,0,,vicsek_eta0_6_deta0p5_steps3000_R20_v1
vicsek,2,rho_2,200,4,,3000,928004,4,0,,vicsek_eta0_6_deta0p5_steps3000_R20_v1
vicsek,2,rho_2,200,4,,3000,928005,5,0,,vicsek_eta0_6_deta0p5_steps3000_R20_v1
vicsek,2,rho_2,200,4,,3000,928006,6,0,,vicsek_eta0_6_deta0p5_steps3000_R20_v1
vicsek,2,rho_2,200,4,,3000,928007,7,0,,vicsek_eta0_6_deta0p5_steps3000_R20_v1
vicsek,2,rho_2,200,4,,3000,928008,8,0,,vicsek_eta0_6_deta0p5_steps3000_R20_v1
vicsek,2,rho_2,200,4,,3000,928009,9,0,,vicsek_eta0_6_deta0p5_steps3000_R20_v1
vicsek,2,rho_2,200,4,,3000,928010,10,0,,vicsek_eta0_6_deta0p5_steps3000_R20_v1
vicsek,2,rho_2,200,4,,3000,928011,11,0,,vicsek_eta0_6_deta0p5_steps3000_R20_v1
vicsek,2,rho_2,200,4,,3000,928012,12,0,,vicsek_eta0_6_deta0p5_steps3000_R20_v1
vicsek,2,rho_2,200,4,,3000,928013,13,0,,vicsek_eta0_6_deta0p5_steps3000_R20_v1
vicsek,2,rho_2,200,4,,3000,928014,14,0,,vicsek_eta0_6_deta0p5_steps3000_R20_v1
vicsek,2,rho_2,200,4,,3000,928015,15,0,,vicsek_eta0_6_deta0p5_steps3000_R20_v1
vicsek,2,rho_2,200,4,,3000,928016,16,0,,vicsek_eta0_6_deta0p5_steps3000_R20_v1
vicsek,2,rho_2,200,4,,3000,928017,17,0,,vicsek_eta0_6_deta0p5_steps3000_R20_v1
vicsek,2,rho_2,200,4,,3000,928018,18,0,,vicsek_eta0_6_deta0p5_steps3000_R20_v1
vicsek,2,rho_2,200,4,,3000,928019,19,0,,vicsek_eta0_6_deta0p5_steps3000_R20_v1
vicsek,2.0,rho_2,200,4.2,14,3000,1601400,0,0,1.6028,final_dense_eta_grid_steps3000_R20_v1
vicsek,2.0,rho_2,200,4.2,14,3000,1601401,1,0,1.6969,final_dense_eta_grid_steps3000_R20_v1
vicsek,2.0,rho_2,200,4.2,14,3000,1601402,2,0,1.674,final_dense_eta_grid_steps3000_R20_v1
vicsek,2.0,rho_2,200,4.2,14,3000,1601403,3,0,1.707,final_dense_eta_grid_steps3000_R20_v1
vicsek,2.0,rho_2,200,4.2,14,3000,1601404,4,0,1.6679,final_dense_eta_grid_steps3000_R20_v1
vicsek,2.0,rho_2,200,4.2,14,3000,1601405,5,0,1.6803,final_dense_eta_grid_steps3000_R20_v1
vicsek,2.0,rho_2,200,4.2,14,3000,1601406,6,0,1.6236,final_dense_eta_grid_steps3000_R20_v1
vicsek,2.0,rho_2,200,4.2,14,3000,1601407,7,0,1.6482,final_dense_eta_grid_steps3000_R20_v1
vicsek,2.0,rho_2,200,4.2,14,3000,1601408,8,0,1.6056,final_dense_eta_grid_steps3000_R20_v1
vicsek,2.0,rho_2,200,4.2,14,3000,1601409,9,0,1.5149,final_dense_eta_grid_steps3000_R20_v1
vicsek,2.0,rho_2,200,4.2,14,3000,1601410,10,0,1.5075,final_dense_eta_grid_steps3000_R20_v1
vicsek,2.0,rho_2,200,4.2,14,3000,1601411,11,0,1.5733,final_dense_eta_grid_steps3000_R20_v1
vicsek,2.0,rho_2,200,4.2,14,3000,1601412,12,0,1.5554,final_dense_eta_grid_steps3000_R20_v1
vicsek,2.0,rho_2,200,4.2,14,3000,1601413,13,0,1.5533,final_dense_eta_grid_steps3000_R20_v1
vicsek,2.0,rho_2,200,4.2,14,3000,1601414,14,0,1.5658,final_dense_eta_grid_steps3000_R20_v1
vicsek,2.0,rho_2,200,4.2,14,3000,1601415,15,0,1.6634,final_dense_eta_grid_steps3000_R20_v1
vicsek,2.0,rho_2,200,4.2,14,3000,1601416,16,0,1.6778,final_dense_eta_grid_steps3000_R20_v1
vicsek,2.0,rho_2,200,4.2,14,3000,1601417,17,0,1.6452,final_dense_eta_grid_steps3000_R20_v1
vicsek,2.0,rho_2,200,4.2,14,3000,1601418,18,0,1.6861,final_dense_eta_grid_steps3000_R20_v1
vicsek,2.0,rho_2,200,4.2,14,3000,1601419,19,0,1.6303,final_dense_eta_grid_steps3000_R20_v1
vicsek,2.0,rho_2,200,4.4,15,3000,1601500,0,0,1.6416,final_dense_eta_grid_steps3000_R20_v1
vicsek,2.0,rho_2,200,4.4,15,3000,1601501,1,0,1.6758,final_dense_eta_grid_steps3000_R20_v1
vicsek,2.0,rho_2,200,4.4,15,3000,1601502,2,0,1.6121,final_dense_eta_grid_steps3000_R20_v1
vicsek,2.0,rho_2,200,4.4,15,3000,1601503,3,0,1.651,final_dense_eta_grid_steps3000_R20_v1
vicsek,2.0,rho_2,200,4.4,15,3000,1601504,4,0,1.6828,final_dense_eta_grid_steps3000_R20_v1
vicsek,2.0,rho_2,200,4.4,15,3000,1601505,5,0,1.5728,final_dense_eta_grid_steps3000_R20_v1
vicsek,2.0,rho_2,200,4.4,15,3000,1601506,6,0,1.5955,final_dense_eta_grid_steps3000_R20_v1
vicsek,2.0,rho_2,200,4.4,15,3000,1601507,7,0,1.5588,final_dense_eta_grid_steps3000_R20_v1
vicsek,2.0,rho_2,200,4.4,15,3000,1601508,8,0,1.5854,final_dense_eta_grid_steps3000_R20_v1
vicsek,2.0,rho_2,200,4.4,15,3000,1601509,9,0,1.5906,final_dense_eta_grid_steps3000_R20_v1
vicsek,2.0,rho_2,200,4.4,15,3000,1601510,10,0,1.6148,final_dense_eta_grid_steps3000_R20_v1
vicsek,2.0,rho_2,200,4.4,15,3000,1601511,11,0,1.5835,final_dense_eta_grid_steps3000_R20_v1
vicsek,2.0,rho_2,200,4.4,15,3000,1601512,12,0,1.5078,final_dense_eta_grid_steps3000_R20_v1
vicsek,2.0,rho_2,200,4.4,15,3000,1601513,13,0,1.5531,final_dense_eta_grid_steps3000_R20_v1
vicsek,2.0,rho_2,200,4.4,15,3000,1601514,14,0,1.5414,final_dense_eta_grid_steps3000_R20_v1
vicsek,2.0,rho_2,200,4.4,15,3000,1601515,15,0,1.5631,final_dense_eta_grid_steps3000_R20_v1
vicsek,2.0,rho_2,200,4.4,15,3000,1601516,16,0,1.5668,final_dense_eta_grid_steps3000_R20_v1
vicsek,2.0,rho_2,200,4.4,15,3000,1601517,17,0,1.5693,final_dense_eta_grid_steps3000_R20_v1
vicsek,2.0,rho_2,200,4.4,15,3000,1601518,18,0,1.5746,final_dense_eta_grid_steps3000_R20_v1
vicsek,2.0,rho_2,200,4.4,15,3000,1601519,19,0,1.5324,final_dense_eta_grid_steps3000_R20_v1
vicsek,2.0,rho_2,200,4.6,16,3000,1601600,0,0,1.5333,final_dense_eta_grid_steps3000_R20_v1
vicsek,2.0,rho_2,200,4.6,16,3000,1601601,1,0,1.5284,final_dense_eta_grid_steps3000_R20_v1
vicsek,2.0,rho_2,200,4.6,16,3000,1601602,2,0,1.5806,final_dense_eta_grid_steps3000_R20_v1
vicsek,2.0,rho_2,200,4.6,16,3000,1601603,3,0,1.5898,final_dense_eta_grid_steps3000_R20_v1
vicsek,2.0,rho_2,200,4.6,16,3000,1601604,4,0,1.6141,final_dense_eta_grid_steps3000_R20_v1
vicsek,2.0,rho_2,200,4.6,16,3000,1601605,5,0,1.5741,final_dense_eta_grid_steps3000_R20_v1
vicsek,2.0,rho_2,200,4.6,16,3000,1601606,6,0,1.5833,final_dense_eta_grid_steps3000_R20_v1
vicsek,2.0,rho_2,200,4.6,16,3000,1601607,7,0,1.6043,final_dense_eta_grid_steps3000_R20_v1
vicsek,2.0,rho_2,200,4.6,16,3000,1601608,8,0,1.6041,final_dense_eta_grid_steps3000_R20_v1
vicsek,2.0,rho_2,200,4.6,16,3000,1601609,9,0,1.5747,final_dense_eta_grid_steps3000_R20_v1
vicsek,2.0,rho_2,200,4.6,16,3000,1601610,10,0,1.5462,final_dense_eta_grid_steps3000_R20_v1
vicsek,2.0,rho_2,200,4.6,16,3000,1601611,11,0,1.5626,final_dense_eta_grid_steps3000_R20_v1
vicsek,2.0,rho_2,200,4.6,16,3000,1601612,12,0,1.5515,final_dense_eta_grid_steps3000_R20_v1
vicsek,2.0,rho_2,200,4.6,16,3000,1601613,13,0,1.5151,final_dense_eta_grid_steps3000_R20_v1
vicsek,2.0,rho_2,200,4.6,16,3000,1601614,14,0,1.537,final_dense_eta_grid_steps3000_R20_v1
vicsek,2.0,rho_2,200,4.6,16,3000,1601615,15,0,1.5235,final_dense_eta_grid_steps3000_R20_v1
vicsek,2.0,rho_2,200,4.6,16,3000,1601616,16,0,1.5428,final_dense_eta_grid_steps3000_R20_v1
vicsek,2.0,rho_2,200,4.6,16,3000,1601617,17,0,1.5666,final_dense_eta_grid_steps3000_R20_v1
vicsek,2.0,rho_2,200,4.6,16,3000,1601618,18,0,1.5975,final_dense_eta_grid_steps3000_R20_v1
vicsek,2.0,rho_2,200,4.6,16,3000,1601619,19,0,1.5595,final_dense_eta_grid_steps3000_R20_v1
vicsek,2.0,rho_2,200,4.8,17,3000,1601700,0,0,1.4701,final_dense_eta_grid_steps3000_R20_v1
vicsek,2.0,rho_2,200,4.8,17,3000,1601701,1,0,1.5245,final_dense_eta_grid_steps3000_R20_v1
vicsek,2.0,rho_2,200,4.8,17,3000,1601702,2,0,1.4979,final_dense_eta_grid_steps3000_R20_v1
vicsek,2.0,rho_2,200,4.8,17,3000,1601703,3,0,1.5535,final_dense_eta_grid_steps3000_R20_v1
vicsek,2.0,rho_2,200,4.8,17,3000,1601704,4,0,1.4843,final_dense_eta_grid_steps3000_R20_v1
vicsek,2.0,rho_2,200,4.8,17,3000,1601705,5,0,1.5482,final_dense_eta_grid_steps3000_R20_v1
vicsek,2.0,rho_2,200,4.8,17,3000,1601706,6,0,1.5018,final_dense_eta_grid_steps3000_R20_v1
vicsek,2.0,rho_2,200,4.8,17,3000,1601707,7,0,1.502,final_dense_eta_grid_steps3000_R20_v1
vicsek,2.0,rho_2,200,4.8,17,3000,1601708,8,0,1.5399,final_dense_eta_grid_steps3000_R20_v1
vicsek,2.0,rho_2,200,4.8,17,3000,1601709,9,0,1.5373,final_dense_eta_grid_steps3000_R20_v1
vicsek,2.0,rho_2,200,4.8,17,3000,1601710,10,0,1.5187,final_dense_eta_grid_steps3000_R20_v1
vicsek,2.0,rho_2,200,4.8,17,3000,1601711,11,0,1.4932,final_dense_eta_grid_steps3000_R20_v1
vicsek,2.0,rho_2,200,4.8,17,3000,1601712,12,0,1.5229,final_dense_eta_grid_steps3000_R20_v1
vicsek,2.0,rho_2,200,4.8,17,3000,1601713,13,0,1.48,final_dense_eta_grid_steps3000_R20_v1
vicsek,2.0,rho_2,200,4.8,17,3000,1601714,14,0,1.5293,final_dense_eta_grid_steps3000_R20_v1
vicsek,2.0,rho_2,200,4.8,17,3000,1601715,15,0,1.4477,final_dense_eta_grid_steps3000_R20_v1
vicsek,2.0,rho_2,200,4.8,17,3000,1601716,16,0,1.5088,final_dense_eta_grid_steps3000_R20_v1
vicsek,2.0,rho_2,200,4.8,17,3000,1601717,17,0,1.5349,final_dense_eta_grid_steps3000_R20_v1
vicsek,2.0,rho_2,200,4.8,17,3000,1601718,18,0,1.5396,final_dense_eta_grid_steps3000_R20_v1
vicsek,2.0,rho_2,200,4.8,17,3000,1601719,19,0,1.5794,final_dense_eta_grid_steps3000_R20_v1
vicsek,2,rho_2,200,5,,3000,930000,0,0,,vicsek_eta0_6_deta0p5_steps3000_R20_v1
vicsek,2,rho_2,200,5,,3000,930001,1,0,,vicsek_eta0_6_deta0p5_steps3000_R20_v1
vicsek,2,rho_2,200,5,,3000,930002,2,0,,vicsek_eta0_6_deta0p5_steps3000_R20_v1
vicsek,2,rho_2,200,5,,3000,930003,3,0,,vicsek_eta0_6_deta0p5_steps3000_R20_v1
vicsek,2,rho_2,200,5,,3000,930004,4,0,,vicsek_eta0_6_deta0p5_steps3000_R20_v1
vicsek,2,rho_2,200,5,,3000,930005,5,0,,vicsek_eta0_6_deta0p5_steps3000_R20_v1
vicsek,2,rho_2,200,5,,3000,930006,6,0,,vicsek_eta0_6_deta0p5_steps3000_R20_v1
vicsek,2,rho_2,200,5,,3000,930007,7,0,,vicsek_eta0_6_deta0p5_steps3000_R20_v1
vicsek,2,rho_2,200,5,,3000,930008,8,0,,vicsek_eta0_6_deta0p5_steps3000_R20_v1
vicsek,2,rho_2,200,5,,3000,930009,9,0,,vicsek_eta0_6_deta0p5_steps3000_R20_v1
vicsek,2,rho_2,200,5,,3000,930010,10,0,,vicsek_eta0_6_deta0p5_steps3000_R20_v1
vicsek,2,rho_2,200,5,,3000,930011,11,0,,vicsek_eta0_6_deta0p5_steps3000_R20_v1
vicsek,2,rho_2,200,5,,3000,930012,12,0,,vicsek_eta0_6_deta0p5_steps3000_R20_v1
vicsek,2,rho_2,200,5,,3000,930013,13,0,,vicsek_eta0_6_deta0p5_steps3000_R20_v1
vicsek,2,rho_2,200,5,,3000,930014,14,0,,vicsek_eta0_6_deta0p5_steps3000_R20_v1
vicsek,2,rho_2,200,5,,3000,930015,15,0,,vicsek_eta0_6_deta0p5_steps3000_R20_v1
vicsek,2,rho_2,200,5,,3000,930016,16,0,,vicsek_eta0_6_deta0p5_steps3000_R20_v1
vicsek,2,rho_2,200,5,,3000,930017,17,0,,vicsek_eta0_6_deta0p5_steps3000_R20_v1
vicsek,2,rho_2,200,5,,3000,930018,18,0,,vicsek_eta0_6_deta0p5_steps3000_R20_v1
vicsek,2,rho_2,200,5,,3000,930019,19,0,,vicsek_eta0_6_deta0p5_steps3000_R20_v1
vicsek,2.0,rho_2,200,5.2,18,3000,1601800,0,0,1.5249,final_dense_eta_grid_steps3000_R20_v1
vicsek,2.0,rho_2,200,5.2,18,3000,1601801,1,0,1.5239,final_dense_eta_grid_steps3000_R20_v1
vicsek,2.0,rho_2,200,5.2,18,3000,1601802,2,0,1.4823,final_dense_eta_grid_steps3000_R20_v1
vicsek,2.0,rho_2,200,5.2,18,3000,1601803,3,0,1.5191,final_dense_eta_grid_steps3000_R20_v1
vicsek,2.0,rho_2,200,5.2,18,3000,1601804,4,0,1.5095,final_dense_eta_grid_steps3000_R20_v1
vicsek,2.0,rho_2,200,5.2,18,3000,1601805,5,0,1.5171,final_dense_eta_grid_steps3000_R20_v1
vicsek,2.0,rho_2,200,5.2,18,3000,1601806,6,0,1.5128,final_dense_eta_grid_steps3000_R20_v1
vicsek,2.0,rho_2,200,5.2,18,3000,1601807,7,0,1.5224,final_dense_eta_grid_steps3000_R20_v1
vicsek,2.0,rho_2,200,5.2,18,3000,1601808,8,0,1.4812,final_dense_eta_grid_steps3000_R20_v1
vicsek,2.0,rho_2,200,5.2,18,3000,1601809,9,0,1.4441,final_dense_eta_grid_steps3000_R20_v1
vicsek,2.0,rho_2,200,5.2,18,3000,1601810,10,0,1.4613,final_dense_eta_grid_steps3000_R20_v1
vicsek,2.0,rho_2,200,5.2,18,3000,1601811,11,0,1.4363,final_dense_eta_grid_steps3000_R20_v1
vicsek,2.0,rho_2,200,5.2,18,3000,1601812,12,0,1.4512,final_dense_eta_grid_steps3000_R20_v1
vicsek,2.0,rho_2,200,5.2,18,3000,1601813,13,0,1.441,final_dense_eta_grid_steps3000_R20_v1
vicsek,2.0,rho_2,200,5.2,18,3000,1601814,14,0,1.4206,final_dense_eta_grid_steps3000_R20_v1
vicsek,2.0,rho_2,200,5.2,18,3000,1601815,15,0,1.4446,final_dense_eta_grid_steps3000_R20_v1
vicsek,2.0,rho_2,200,5.2,18,3000,1601816,16,0,1.4455,final_dense_eta_grid_steps3000_R20_v1
vicsek,2.0,rho_2,200,5.2,18,3000,1601817,17,0,1.4457,final_dense_eta_grid_steps3000_R20_v1
vicsek,2.0,rho_2,200,5.2,18,3000,1601818,18,0,1.4126,final_dense_eta_grid_steps3000_R20_v1
vicsek,2.0,rho_2,200,5.2,18,3000,1601819,19,0,1.4378,final_dense_eta_grid_steps3000_R20_v1
vicsek,2.0,rho_2,200,5.4,19,3000,1601900,0,0,1.4638,final_dense_eta_grid_steps3000_R20_v1
vicsek,2.0,rho_2,200,5.4,19,3000,1601901,1,0,1.4734,final_dense_eta_grid_steps3000_R20_v1
vicsek,2.0,rho_2,200,5.4,19,3000,1601902,2,0,1.4339,final_dense_eta_grid_steps3000_R20_v1
vicsek,2.0,rho_2,200,5.4,19,3000,1601903,3,0,1.4482,final_dense_eta_grid_steps3000_R20_v1
vicsek,2.0,rho_2,200,5.4,19,3000,1601904,4,0,1.4543,final_dense_eta_grid_steps3000_R20_v1
vicsek,2.0,rho_2,200,5.4,19,3000,1601905,5,0,1.4434,final_dense_eta_grid_steps3000_R20_v1
vicsek,2.0,rho_2,200,5.4,19,3000,1601906,6,0,1.4852,final_dense_eta_grid_steps3000_R20_v1
vicsek,2.0,rho_2,200,5.4,19,3000,1601907,7,0,1.4389,final_dense_eta_grid_steps3000_R20_v1
vicsek,2.0,rho_2,200,5.4,19,3000,1601908,8,0,1.5131,final_dense_eta_grid_steps3000_R20_v1
vicsek,2.0,rho_2,200,5.4,19,3000,1601909,9,0,1.5532,final_dense_eta_grid_steps3000_R20_v1
vicsek,2.0,rho_2,200,5.4,19,3000,1601910,10,0,1.5642,final_dense_eta_grid_steps3000_R20_v1
vicsek,2.0,rho_2,200,5.4,19,3000,1601911,11,0,1.5735,final_dense_eta_grid_steps3000_R20_v1
vicsek,2.0,rho_2,200,5.4,19,3000,1601912,12,0,1.6045,final_dense_eta_grid_steps3000_R20_v1
vicsek,2.0,rho_2,200,5.4,19,3000,1601913,13,0,1.607,final_dense_eta_grid_steps3000_R20_v1
vicsek,2.0,rho_2,200,5.4,19,3000,1601914,14,0,1.6229,final_dense_eta_grid_steps3000_R20_v1
vicsek,2.0,rho_2,200,5.4,19,3000,1601915,15,0,1.6106,final_dense_eta_grid_steps3000_R20_v1
vicsek,2.0,rho_2,200,5.4,19,3000,1601916,16,0,1.5507,final_dense_eta_grid_steps3000_R20_v1
vicsek,2.0,rho_2,200,5.4,19,3000,1601917,17,0,1.6339,final_dense_eta_grid_steps3000_R20_v1
vicsek,2.0,rho_2,200,5.4,19,3000,1601918,18,0,1.7903,final_dense_eta_grid_steps3000_R20_v1
vicsek,2.0,rho_2,200,5.4,19,3000,1601919,19,0,1.6683,final_dense_eta_grid_steps3000_R20_v1
vicsek,2.0,rho_2,200,5.6,20,3000,1602000,0,0,1.7333,final_dense_eta_grid_steps3000_R20_v1
vicsek,2.0,rho_2,200,5.6,20,3000,1602001,1,0,1.6671,final_dense_eta_grid_steps3000_R20_v1
vicsek,2.0,rho_2,200,5.6,20,3000,1602002,2,0,1.6411,final_dense_eta_grid_steps3000_R20_v1
vicsek,2.0,rho_2,200,5.6,20,3000,1602003,3,0,1.6251,final_dense_eta_grid_steps3000_R20_v1
vicsek,2.0,rho_2,200,5.6,20,3000,1602004,4,0,1.6531,final_dense_eta_grid_steps3000_R20_v1
vicsek,2.0,rho_2,200,5.6,20,3000,1602005,5,0,1.6314,final_dense_eta_grid_steps3000_R20_v1
vicsek,2.0,rho_2,200,5.6,20,3000,1602006,6,0,1.6541,final_dense_eta_grid_steps3000_R20_v1
vicsek,2.0,rho_2,200,5.6,20,3000,1602007,7,0,1.6551,final_dense_eta_grid_steps3000_R20_v1
vicsek,2.0,rho_2,200,5.6,20,3000,1602008,8,0,1.53,final_dense_eta_grid_steps3000_R20_v1
vicsek,2.0,rho_2,200,5.6,20,3000,1602009,9,0,1.5073,final_dense_eta_grid_steps3000_R20_v1
vicsek,2.0,rho_2,200,5.6,20,3000,1602010,10,0,1.5021,final_dense_eta_grid_steps3000_R20_v1
vicsek,2.0,rho_2,200,5.6,20,3000,1602011,11,0,1.5198,final_dense_eta_grid_steps3000_R20_v1
vicsek,2.0,rho_2,200,5.6,20,3000,1602012,12,0,1.5186,final_dense_eta_grid_steps3000_R20_v1
vicsek,2.0,rho_2,200,5.6,20,3000,1602013,13,0,1.516,final_dense_eta_grid_steps3000_R20_v1
vicsek,2.0,rho_2,200,5.6,20,3000,1602014,14,0,1.5313,final_dense_eta_grid_steps3000_R20_v1
vicsek,2.0,rho_2,200,5.6,20,3000,1602015,15,0,1.4875,final_dense_eta_grid_steps3000_R20_v1
vicsek,2.0,rho_2,200,5.6,20,3000,1602016,16,0,1.492,final_dense_eta_grid_steps3000_R20_v1
vicsek,2.0,rho_2,200,5.6,20,3000,1602017,17,0,1.4736,final_dense_eta_grid_steps3000_R20_v1
vicsek,2.0,rho_2,200,5.6,20,3000,1602018,18,0,1.4591,final_dense_eta_grid_steps3000_R20_v1
vicsek,2.0,rho_2,200,5.6,20,3000,1602019,19,0,1.4689,final_dense_eta_grid_steps3000_R20_v1
vicsek,2.0,rho_2,200,5.8,21,3000,1602100,0,0,1.4913,final_dense_eta_grid_steps3000_R20_v1
vicsek,2.0,rho_2,200,5.8,21,3000,1602101,1,0,1.4672,final_dense_eta_grid_steps3000_R20_v1
vicsek,2.0,rho_2,200,5.8,21,3000,1602102,2,0,1.4716,final_dense_eta_grid_steps3000_R20_v1
vicsek,2.0,rho_2,200,5.8,21,3000,1602103,3,0,1.4999,final_dense_eta_grid_steps3000_R20_v1
vicsek,2.0,rho_2,200,5.8,21,3000,1602104,4,0,1.5263,final_dense_eta_grid_steps3000_R20_v1
vicsek,2.0,rho_2,200,5.8,21,3000,1602105,5,0,1.4889,final_dense_eta_grid_steps3000_R20_v1
vicsek,2.0,rho_2,200,5.8,21,3000,1602106,6,0,1.4592,final_dense_eta_grid_steps3000_R20_v1
vicsek,2.0,rho_2,200,5.8,21,3000,1602107,7,0,1.5514,final_dense_eta_grid_steps3000_R20_v1
vicsek,2.0,rho_2,200,5.8,21,3000,1602108,8,0,1.537,final_dense_eta_grid_steps3000_R20_v1
vicsek,2.0,rho_2,200,5.8,21,3000,1602109,9,0,1.5448,final_dense_eta_grid_steps3000_R20_v1
vicsek,2.0,rho_2,200,5.8,21,3000,1602110,10,0,1.4926,final_dense_eta_grid_steps3000_R20_v1
vicsek,2.0,rho_2,200,5.8,21,3000,1602111,11,0,1.5683,final_dense_eta_grid_steps3000_R20_v1
vicsek,2.0,rho_2,200,5.8,21,3000,1602112,12,0,1.5337,final_dense_eta_grid_steps3000_R20_v1
vicsek,2.0,rho_2,200,5.8,21,3000,1602113,13,0,1.5713,final_dense_eta_grid_steps3000_R20_v1
vicsek,2.0,rho_2,200,5.8,21,3000,1602114,14,0,1.5221,final_dense_eta_grid_steps3000_R20_v1
vicsek,2.0,rho_2,200,5.8,21,3000,1602115,15,0,1.53,final_dense_eta_grid_steps3000_R20_v1
vicsek,2.0,rho_2,200,5.8,21,3000,1602116,16,0,1.5144,final_dense_eta_grid_steps3000_R20_v1
vicsek,2.0,rho_2,200,5.8,21,3000,1602117,17,0,1.5339,final_dense_eta_grid_steps3000_R20_v1
vicsek,2.0,rho_2,200,5.8,21,3000,1602118,18,0,1.5182,final_dense_eta_grid_steps3000_R20_v1
vicsek,2.0,rho_2,200,5.8,21,3000,1602119,19,0,1.5389,final_dense_eta_grid_steps3000_R20_v1
vicsek,2,rho_2,200,6,,3000,932000,0,0,,vicsek_eta0_6_deta0p5_steps3000_R20_v1
vicsek,2,rho_2,200,6,,3000,932001,1,0,,vicsek_eta0_6_deta0p5_steps3000_R20_v1
vicsek,2,rho_2,200,6,,3000,932002,2,0,,vicsek_eta0_6_deta0p5_steps3000_R20_v1
vicsek,2,rho_2,200,6,,3000,932003,3,0,,vicsek_eta0_6_deta0p5_steps3000_R20_v1
vicsek,2,rho_2,200,6,,3000,932004,4,0,,vicsek_eta0_6_deta0p5_steps3000_R20_v1
vicsek,2,rho_2,200,6,,3000,932005,5,0,,vicsek_eta0_6_deta0p5_steps3000_R20_v1
vicsek,2,rho_2,200,6,,3000,932006,6,0,,vicsek_eta0_6_deta0p5_steps3000_R20_v1
vicsek,2,rho_2,200,6,,3000,932007,7,0,,vicsek_eta0_6_deta0p5_steps3000_R20_v1
vicsek,2,rho_2,200,6,,3000,932008,8,0,,vicsek_eta0_6_deta0p5_steps3000_R20_v1
vicsek,2,rho_2,200,6,,3000,932009,9,0,,vicsek_eta0_6_deta0p5_steps3000_R20_v1
vicsek,2,rho_2,200,6,,3000,932010,10,0,,vicsek_eta0_6_deta0p5_steps3000_R20_v1
vicsek,2,rho_2,200,6,,3000,932011,11,0,,vicsek_eta0_6_deta0p5_steps3000_R20_v1
vicsek,2,rho_2,200,6,,3000,932012,12,0,,vicsek_eta0_6_deta0p5_steps3000_R20_v1
vicsek,2,rho_2,200,6,,3000,932013,13,0,,vicsek_eta0_6_deta0p5_steps3000_R20_v1
vicsek,2,rho_2,200,6,,3000,932014,14,0,,vicsek_eta0_6_deta0p5_steps3000_R20_v1
vicsek,2,rho_2,200,6,,3000,932015,15,0,,vicsek_eta0_6_deta0p5_steps3000_R20_v1
vicsek,2,rho_2,200,6,,3000,932016,16,0,,vicsek_eta0_6_deta0p5_steps3000_R20_v1
vicsek,2,rho_2,200,6,,3000,932017,17,0,,vicsek_eta0_6_deta0p5_steps3000_R20_v1
vicsek,2,rho_2,200,6,,3000,932018,18,0,,vicsek_eta0_6_deta0p5_steps3000_R20_v1
vicsek,2,rho_2,200,6,,3000,932019,19,0,,vicsek_eta0_6_deta0p5_steps3000_R20_v1
vicsek,2.0,rho_2,200,6.2,22,3000,1602200,0,0,1.5359,final_dense_eta_grid_steps3000_R20_v1
vicsek,2.0,rho_2,200,6.2,22,3000,1602201,1,0,1.5978,final_dense_eta_grid_steps3000_R20_v1
vicsek,2.0,rho_2,200,6.2,22,3000,1602202,2,0,1.5318,final_dense_eta_grid_steps3000_R20_v1
vicsek,2.0,rho_2,200,6.2,22,3000,1602203,3,0,1.5184,final_dense_eta_grid_steps3000_R20_v1
vicsek,2.0,rho_2,200,6.2,22,3000,1602204,4,0,1.4994,final_dense_eta_grid_steps3000_R20_v1
vicsek,2.0,rho_2,200,6.2,22,3000,1602205,5,0,1.4669,final_dense_eta_grid_steps3000_R20_v1
vicsek,2.0,rho_2,200,6.2,22,3000,1602206,6,0,1.555,final_dense_eta_grid_steps3000_R20_v1
vicsek,2.0,rho_2,200,6.2,22,3000,1602207,7,0,1.4852,final_dense_eta_grid_steps3000_R20_v1
vicsek,2.0,rho_2,200,6.2,22,3000,1602208,8,0,1.4768,final_dense_eta_grid_steps3000_R20_v1
vicsek,2.0,rho_2,200,6.2,22,3000,1602209,9,0,1.474,final_dense_eta_grid_steps3000_R20_v1
vicsek,2.0,rho_2,200,6.2,22,3000,1602210,10,0,1.4651,final_dense_eta_grid_steps3000_R20_v1
vicsek,2.0,rho_2,200,6.2,22,3000,1602211,11,0,1.4576,final_dense_eta_grid_steps3000_R20_v1
vicsek,2.0,rho_2,200,6.2,22,3000,1602212,12,0,1.4588,final_dense_eta_grid_steps3000_R20_v1
vicsek,2.0,rho_2,200,6.2,22,3000,1602213,13,0,1.473,final_dense_eta_grid_steps3000_R20_v1
vicsek,2.0,rho_2,200,6.2,22,3000,1602214,14,0,1.5147,final_dense_eta_grid_steps3000_R20_v1
vicsek,2.0,rho_2,200,6.2,22,3000,1602215,15,0,1.4603,final_dense_eta_grid_steps3000_R20_v1
vicsek,2.0,rho_2,200,6.2,22,3000,1602216,16,0,1.4885,final_dense_eta_grid_steps3000_R20_v1
vicsek,2.0,rho_2,200,6.2,22,3000,1602217,17,0,1.529,final_dense_eta_grid_steps3000_R20_v1
vicsek,2.0,rho_2,200,6.2,22,3000,1602218,18,0,1.5428,final_dense_eta_grid_steps3000_R20_v1
vicsek,2.0,rho_2,200,6.2,22,3000,1602219,19,0,1.583,final_dense_eta_grid_steps3000_R20_v1
vicsek,4,rho_4,400,0,,3000,1020000,0,0,,vicsek_eta0_6_deta0p5_steps3000_R20_v1
vicsek,4,rho_4,400,0,,3000,1020001,1,0,,vicsek_eta0_6_deta0p5_steps3000_R20_v1
vicsek,4,rho_4,400,0,,3000,1020002,2,0,,vicsek_eta0_6_deta0p5_steps3000_R20_v1
vicsek,4,rho_4,400,0,,3000,1020003,3,0,,vicsek_eta0_6_deta0p5_steps3000_R20_v1
vicsek,4,rho_4,400,0,,3000,1020004,4,0,,vicsek_eta0_6_deta0p5_steps3000_R20_v1
vicsek,4,rho_4,400,0,,3000,1020005,5,0,,vicsek_eta0_6_deta0p5_steps3000_R20_v1
vicsek,4,rho_4,400,0,,3000,1020006,6,0,,vicsek_eta0_6_deta0p5_steps3000_R20_v1
vicsek,4,rho_4,400,0,,3000,1020007,7,0,,vicsek_eta0_6_deta0p5_steps3000_R20_v1
vicsek,4,rho_4,400,0,,3000,1020008,8,0,,vicsek_eta0_6_deta0p5_steps3000_R20_v1
vicsek,4,rho_4,400,0,,3000,1020009,9,0,,vicsek_eta0_6_deta0p5_steps3000_R20_v1
vicsek,4,rho_4,400,0,,3000,1020010,10,0,,vicsek_eta0_6_deta0p5_steps3000_R20_v1
vicsek,4,rho_4,400,0,,3000,1020011,11,0,,vicsek_eta0_6_deta0p5_steps3000_R20_v1
vicsek,4,rho_4,400,0,,3000,1020012,12,0,,vicsek_eta0_6_deta0p5_steps3000_R20_v1
vicsek,4,rho_4,400,0,,3000,1020013,13,0,,vicsek_eta0_6_deta0p5_steps3000_R20_v1
vicsek,4,rho_4,400,0,,3000,1020014,14,0,,vicsek_eta0_6_deta0p5_steps3000_R20_v1
vicsek,4,rho_4,400,0,,3000,1020015,15,0,,vicsek_eta0_6_deta0p5_steps3000_R20_v1
vicsek,4,rho_4,400,0,,3000,1020016,16,0,,vicsek_eta0_6_deta0p5_steps3000_R20_v1
vicsek,4,rho_4,400,0,,3000,1020017,17,0,,vicsek_eta0_6_deta0p5_steps3000_R20_v1
vicsek,4,rho_4,400,0,,3000,1020018,18,0,,vicsek_eta0_6_deta0p5_steps3000_R20_v1
vicsek,4,rho_4,400,0,,3000,1020019,19,0,,vicsek_eta0_6_deta0p5_steps3000_R20_v1
vicsek,4.0,rho_4,400,0.05,0,3000,1130000,0,0,3.8316,final_fine_grid_steps3000_R20_v1
vicsek,4.0,rho_4,400,0.05,0,3000,1130001,1,0,4.1676,final_fine_grid_steps3000_R20_v1
vicsek,4.0,rho_4,400,0.05,0,3000,1130002,2,0,4.6895,final_fine_grid_steps3000_R20_v1
vicsek,4.0,rho_4,400,0.05,0,3000,1130003,3,0,4.8719,final_fine_grid_steps3000_R20_v1
vicsek,4.0,rho_4,400,0.05,0,3000,1130004,4,0,4.4912,final_fine_grid_steps3000_R20_v1
vicsek,4.0,rho_4,400,0.05,0,3000,1130005,5,0,3.7547,final_fine_grid_steps3000_R20_v1
vicsek,4.0,rho_4,400,0.05,0,3000,1130006,6,0,4.6438,final_fine_grid_steps3000_R20_v1
vicsek,4.0,rho_4,400,0.05,0,3000,1130007,7,0,3.889,final_fine_grid_steps3000_R20_v1
vicsek,4.0,rho_4,400,0.05,0,3000,1130008,8,0,3.9142,final_fine_grid_steps3000_R20_v1
vicsek,4.0,rho_4,400,0.05,0,3000,1130009,9,0,4.5093,final_fine_grid_steps3000_R20_v1
vicsek,4.0,rho_4,400,0.05,0,3000,1130010,10,0,4.9035,final_fine_grid_steps3000_R20_v1
vicsek,4.0,rho_4,400,0.05,0,3000,1130011,11,0,4.6656,final_fine_grid_steps3000_R20_v1
vicsek,4.0,rho_4,400,0.05,0,3000,1130012,12,0,4.712,final_fine_grid_steps3000_R20_v1
vicsek,4.0,rho_4,400,0.05,0,3000,1130013,13,0,4.6787,final_fine_grid_steps3000_R20_v1
vicsek,4.0,rho_4,400,0.05,0,3000,1130014,14,0,4.4012,final_fine_grid_steps3000_R20_v1
vicsek,4.0,rho_4,400,0.05,0,3000,1130015,15,0,4.9675,final_fine_grid_steps3000_R20_v1
vicsek,4.0,rho_4,400,0.05,0,3000,1130016,16,0,4.5631,final_fine_grid_steps3000_R20_v1
vicsek,4.0,rho_4,400,0.05,0,3000,1130017,17,0,4.6578,final_fine_grid_steps3000_R20_v1
vicsek,4.0,rho_4,400,0.05,0,3000,1130018,18,0,4.8492,final_fine_grid_steps3000_R20_v1
vicsek,4.0,rho_4,400,0.05,0,3000,1130019,19,0,5.0258,final_fine_grid_steps3000_R20_v1
vicsek,4.0,rho_4,400,0.1,1,3000,1130100,0,0,4.5609,final_fine_grid_steps3000_R20_v1
vicsek,4.0,rho_4,400,0.1,1,3000,1130101,1,0,5.4688,final_fine_grid_steps3000_R20_v1
vicsek,4.0,rho_4,400,0.1,1,3000,1130102,2,0,4.1833,final_fine_grid_steps3000_R20_v1
vicsek,4.0,rho_4,400,0.1,1,3000,1130103,3,0,4.5185,final_fine_grid_steps3000_R20_v1
vicsek,4.0,rho_4,400,0.1,1,3000,1130104,4,0,4.9057,final_fine_grid_steps3000_R20_v1
vicsek,4.0,rho_4,400,0.1,1,3000,1130105,5,0,4.5829,final_fine_grid_steps3000_R20_v1
vicsek,4.0,rho_4,400,0.1,1,3000,1130106,6,0,4.618,final_fine_grid_steps3000_R20_v1
vicsek,4.0,rho_4,400,0.1,1,3000,1130107,7,0,4.4629,final_fine_grid_steps3000_R20_v1
vicsek,4.0,rho_4,400,0.1,1,3000,1130108,8,0,4.3843,final_fine_grid_steps3000_R20_v1
vicsek,4.0,rho_4,400,0.1,1,3000,1130109,9,0,4.3375,final_fine_grid_steps3000_R20_v1
vicsek,4.0,rho_4,400,0.1,1,3000,1130110,10,0,4.7789,final_fine_grid_steps3000_R20_v1
vicsek,4.0,rho_4,400,0.1,1,3000,1130111,11,0,5.6004,final_fine_grid_steps3000_R20_v1
vicsek,4.0,rho_4,400,0.1,1,3000,1130112,12,0,4.3391,final_fine_grid_steps3000_R20_v1
vicsek,4.0,rho_4,400,0.1,1,3000,1130113,13,0,5.123,final_fine_grid_steps3000_R20_v1
vicsek,4.0,rho_4,400,0.1,1,3000,1130114,14,0,4.6627,final_fine_grid_steps3000_R20_v1
vicsek,4.0,rho_4,400,0.1,1,3000,1130115,15,0,4.2649,final_fine_grid_steps3000_R20_v1
vicsek,4.0,rho_4,400,0.1,1,3000,1130116,16,0,4.4893,final_fine_grid_steps3000_R20_v1
vicsek,4.0,rho_4,400,0.1,1,3000,1130117,17,0,4.3654,final_fine_grid_steps3000_R20_v1
vicsek,4.0,rho_4,400,0.1,1,3000,1130118,18,0,5.0563,final_fine_grid_steps3000_R20_v1
vicsek,4.0,rho_4,400,0.1,1,3000,1130119,19,0,4.6053,final_fine_grid_steps3000_R20_v1
vicsek,4.0,rho_4,400,0.15,2,3000,1130200,0,0,4.799,final_fine_grid_steps3000_R20_v1
vicsek,4.0,rho_4,400,0.15,2,3000,1130201,1,0,4.0191,final_fine_grid_steps3000_R20_v1
vicsek,4.0,rho_4,400,0.15,2,3000,1130202,2,0,4.3069,final_fine_grid_steps3000_R20_v1
vicsek,4.0,rho_4,400,0.15,2,3000,1130203,3,0,4.7753,final_fine_grid_steps3000_R20_v1
vicsek,4.0,rho_4,400,0.15,2,3000,1130204,4,0,4.1959,final_fine_grid_steps3000_R20_v1
vicsek,4.0,rho_4,400,0.15,2,3000,1130205,5,0,4.1444,final_fine_grid_steps3000_R20_v1
vicsek,4.0,rho_4,400,0.15,2,3000,1130206,6,0,5.0127,final_fine_grid_steps3000_R20_v1
vicsek,4.0,rho_4,400,0.15,2,3000,1130207,7,0,5.2386,final_fine_grid_steps3000_R20_v1
vicsek,4.0,rho_4,400,0.15,2,3000,1130208,8,0,4.9142,final_fine_grid_steps3000_R20_v1
vicsek,4.0,rho_4,400,0.15,2,3000,1130209,9,0,4.8592,final_fine_grid_steps3000_R20_v1
vicsek,4.0,rho_4,400,0.15,2,3000,1130210,10,0,4.7379,final_fine_grid_steps3000_R20_v1
vicsek,4.0,rho_4,400,0.15,2,3000,1130211,11,0,4.7299,final_fine_grid_steps3000_R20_v1
vicsek,4.0,rho_4,400,0.15,2,3000,1130212,12,0,6.1687,final_fine_grid_steps3000_R20_v1
vicsek,4.0,rho_4,400,0.15,2,3000,1130213,13,0,4.8611,final_fine_grid_steps3000_R20_v1
vicsek,4.0,rho_4,400,0.15,2,3000,1130214,14,0,5.8853,final_fine_grid_steps3000_R20_v1
vicsek,4.0,rho_4,400,0.15,2,3000,1130215,15,0,5.4892,final_fine_grid_steps3000_R20_v1
vicsek,4.0,rho_4,400,0.15,2,3000,1130216,16,0,4.305,final_fine_grid_steps3000_R20_v1
vicsek,4.0,rho_4,400,0.15,2,3000,1130217,17,0,5.6476,final_fine_grid_steps3000_R20_v1
vicsek,4.0,rho_4,400,0.15,2,3000,1130218,18,0,4.7488,final_fine_grid_steps3000_R20_v1
vicsek,4.0,rho_4,400,0.15,2,3000,1130219,19,0,5.3888,final_fine_grid_steps3000_R20_v1
vicsek,4.0,rho_4,400,0.2,3,3000,1130300,0,0,4.6039,final_fine_grid_steps3000_R20_v1
vicsek,4.0,rho_4,400,0.2,3,3000,1130301,1,0,4.5347,final_fine_grid_steps3000_R20_v1
vicsek,4.0,rho_4,400,0.2,3,3000,1130302,2,0,4.1238,final_fine_grid_steps3000_R20_v1
vicsek,4.0,rho_4,400,0.2,3,3000,1130303,3,0,4.5094,final_fine_grid_steps3000_R20_v1
vicsek,4.0,rho_4,400,0.2,3,3000,1130304,4,0,5.0469,final_fine_grid_steps3000_R20_v1
vicsek,4.0,rho_4,400,0.2,3,3000,1130305,5,0,4.4557,final_fine_grid_steps3000_R20_v1
vicsek,4.0,rho_4,400,0.2,3,3000,1130306,6,0,4.6089,final_fine_grid_steps3000_R20_v1
vicsek,4.0,rho_4,400,0.2,3,3000,1130307,7,0,4.4976,final_fine_grid_steps3000_R20_v1
vicsek,4.0,rho_4,400,0.2,3,3000,1130308,8,0,4.5737,final_fine_grid_steps3000_R20_v1
vicsek,4.0,rho_4,400,0.2,3,3000,1130309,9,0,4.6893,final_fine_grid_steps3000_R20_v1
vicsek,4.0,rho_4,400,0.2,3,3000,1130310,10,0,4.2878,final_fine_grid_steps3000_R20_v1
vicsek,4.0,rho_4,400,0.2,3,3000,1130311,11,0,4.8444,final_fine_grid_steps3000_R20_v1
vicsek,4.0,rho_4,400,0.2,3,3000,1130312,12,0,4.987,final_fine_grid_steps3000_R20_v1
vicsek,4.0,rho_4,400,0.2,3,3000,1130313,13,0,4.0393,final_fine_grid_steps3000_R20_v1
vicsek,4.0,rho_4,400,0.2,3,3000,1130314,14,0,4.3823,final_fine_grid_steps3000_R20_v1
vicsek,4.0,rho_4,400,0.2,3,3000,1130315,15,0,4.5969,final_fine_grid_steps3000_R20_v1
vicsek,4.0,rho_4,400,0.2,3,3000,1130316,16,0,4.68,final_fine_grid_steps3000_R20_v1
vicsek,4.0,rho_4,400,0.2,3,3000,1130317,17,0,4.9249,final_fine_grid_steps3000_R20_v1
vicsek,4.0,rho_4,400,0.2,3,3000,1130318,18,0,4.7465,final_fine_grid_steps3000_R20_v1
vicsek,4.0,rho_4,400,0.2,3,3000,1130319,19,0,4.1327,final_fine_grid_steps3000_R20_v1
vicsek,4.0,rho_4,400,0.3,4,3000,1130400,0,0,4.1431,final_fine_grid_steps3000_R20_v1
vicsek,4.0,rho_4,400,0.3,4,3000,1130401,1,0,4.506,final_fine_grid_steps3000_R20_v1
vicsek,4.0,rho_4,400,0.3,4,3000,1130402,2,0,4.2888,final_fine_grid_steps3000_R20_v1
vicsek,4.0,rho_4,400,0.3,4,3000,1130403,3,0,5.0428,final_fine_grid_steps3000_R20_v1
vicsek,4.0,rho_4,400,0.3,4,3000,1130404,4,0,5.1391,final_fine_grid_steps3000_R20_v1
vicsek,4.0,rho_4,400,0.3,4,3000,1130405,5,0,4.574,final_fine_grid_steps3000_R20_v1
vicsek,4.0,rho_4,400,0.3,4,3000,1130406,6,0,4.6308,final_fine_grid_steps3000_R20_v1
vicsek,4.0,rho_4,400,0.3,4,3000,1130407,7,0,4.8296,final_fine_grid_steps3000_R20_v1
vicsek,4.0,rho_4,400,0.3,4,3000,1130408,8,0,4.2173,final_fine_grid_steps3000_R20_v1
vicsek,4.0,rho_4,400,0.3,4,3000,1130409,9,0,3.8849,final_fine_grid_steps3000_R20_v1
vicsek,4.0,rho_4,400,0.3,4,3000,1130410,10,0,4.7669,final_fine_grid_steps3000_R20_v1
vicsek,4.0,rho_4,400,0.3,4,3000,1130411,11,0,4.6127,final_fine_grid_steps3000_R20_v1
vicsek,4.0,rho_4,400,0.3,4,3000,1130412,12,0,4.1133,final_fine_grid_steps3000_R20_v1
vicsek,4.0,rho_4,400,0.3,4,3000,1130413,13,0,4.6386,final_fine_grid_steps3000_R20_v1
vicsek,4.0,rho_4,400,0.3,4,3000,1130414,14,0,5.3171,final_fine_grid_steps3000_R20_v1
vicsek,4.0,rho_4,400,0.3,4,3000,1130415,15,0,4.9476,final_fine_grid_steps3000_R20_v1
vicsek,4.0,rho_4,400,0.3,4,3000,1130416,16,0,4.9037,final_fine_grid_steps3000_R20_v1
vicsek,4.0,rho_4,400,0.3,4,3000,1130417,17,0,4.8488,final_fine_grid_steps3000_R20_v1
vicsek,4.0,rho_4,400,0.3,4,3000,1130418,18,0,4.3806,final_fine_grid_steps3000_R20_v1
vicsek,4.0,rho_4,400,0.3,4,3000,1130419,19,0,4.0301,final_fine_grid_steps3000_R20_v1
vicsek,4.0,rho_4,400,0.4,5,3000,1130500,0,0,4.5657,final_fine_grid_steps3000_R20_v1
vicsek,4.0,rho_4,400,0.4,5,3000,1130501,1,0,4.6004,final_fine_grid_steps3000_R20_v1
vicsek,4.0,rho_4,400,0.4,5,3000,1130502,2,0,4.2535,final_fine_grid_steps3000_R20_v1
vicsek,4.0,rho_4,400,0.4,5,3000,1130503,3,0,4.6464,final_fine_grid_steps3000_R20_v1
vicsek,4.0,rho_4,400,0.4,5,3000,1130504,4,0,4.3989,final_fine_grid_steps3000_R20_v1
vicsek,4.0,rho_4,400,0.4,5,3000,1130505,5,0,4.3864,final_fine_grid_steps3000_R20_v1
vicsek,4.0,rho_4,400,0.4,5,3000,1130506,6,0,4.6885,final_fine_grid_steps3000_R20_v1
vicsek,4.0,rho_4,400,0.4,5,3000,1130507,7,0,4.3736,final_fine_grid_steps3000_R20_v1
vicsek,4.0,rho_4,400,0.4,5,3000,1130508,8,0,4.4618,final_fine_grid_steps3000_R20_v1
vicsek,4.0,rho_4,400,0.4,5,3000,1130509,9,0,4.5538,final_fine_grid_steps3000_R20_v1
vicsek,4.0,rho_4,400,0.4,5,3000,1130510,10,0,4.4724,final_fine_grid_steps3000_R20_v1
vicsek,4.0,rho_4,400,0.4,5,3000,1130511,11,0,4.3158,final_fine_grid_steps3000_R20_v1
vicsek,4.0,rho_4,400,0.4,5,3000,1130512,12,0,4.5718,final_fine_grid_steps3000_R20_v1
vicsek,4.0,rho_4,400,0.4,5,3000,1130513,13,0,4.3753,final_fine_grid_steps3000_R20_v1
vicsek,4.0,rho_4,400,0.4,5,3000,1130514,14,0,4.3983,final_fine_grid_steps3000_R20_v1
vicsek,4.0,rho_4,400,0.4,5,3000,1130515,15,0,4.4673,final_fine_grid_steps3000_R20_v1
vicsek,4.0,rho_4,400,0.4,5,3000,1130516,16,0,4.5236,final_fine_grid_steps3000_R20_v1
vicsek,4.0,rho_4,400,0.4,5,3000,1130517,17,0,4.2966,final_fine_grid_steps3000_R20_v1
vicsek,4.0,rho_4,400,0.4,5,3000,1130518,18,0,4.6393,final_fine_grid_steps3000_R20_v1
vicsek,4.0,rho_4,400,0.4,5,3000,1130519,19,0,4.0918,final_fine_grid_steps3000_R20_v1
vicsek,4,rho_4,400,0.5,,3000,1021000,0,0,,vicsek_eta0_6_deta0p5_steps3000_R20_v1
vicsek,4,rho_4,400,0.5,,3000,1021001,1,0,,vicsek_eta0_6_deta0p5_steps3000_R20_v1
vicsek,4,rho_4,400,0.5,,3000,1021002,2,0,,vicsek_eta0_6_deta0p5_steps3000_R20_v1
vicsek,4,rho_4,400,0.5,,3000,1021003,3,0,,vicsek_eta0_6_deta0p5_steps3000_R20_v1
vicsek,4,rho_4,400,0.5,,3000,1021004,4,0,,vicsek_eta0_6_deta0p5_steps3000_R20_v1
vicsek,4,rho_4,400,0.5,,3000,1021005,5,0,,vicsek_eta0_6_deta0p5_steps3000_R20_v1
vicsek,4,rho_4,400,0.5,,3000,1021006,6,0,,vicsek_eta0_6_deta0p5_steps3000_R20_v1
vicsek,4,rho_4,400,0.5,,3000,1021007,7,0,,vicsek_eta0_6_deta0p5_steps3000_R20_v1
vicsek,4,rho_4,400,0.5,,3000,1021008,8,0,,vicsek_eta0_6_deta0p5_steps3000_R20_v1
vicsek,4,rho_4,400,0.5,,3000,1021009,9,0,,vicsek_eta0_6_deta0p5_steps3000_R20_v1
vicsek,4,rho_4,400,0.5,,3000,1021010,10,0,,vicsek_eta0_6_deta0p5_steps3000_R20_v1
vicsek,4,rho_4,400,0.5,,3000,1021011,11,0,,vicsek_eta0_6_deta0p5_steps3000_R20_v1
vicsek,4,rho_4,400,0.5,,3000,1021012,12,0,,vicsek_eta0_6_deta0p5_steps3000_R20_v1
vicsek,4,rho_4,400,0.5,,3000,1021013,13,0,,vicsek_eta0_6_deta0p5_steps3000_R20_v1
vicsek,4,rho_4,400,0.5,,3000,1021014,14,0,,vicsek_eta0_6_deta0p5_steps3000_R20_v1
vicsek,4,rho_4,400,0.5,,3000,1021015,15,0,,vicsek_eta0_6_deta0p5_steps3000_R20_v1
vicsek,4,rho_4,400,0.5,,3000,1021016,16,0,,vicsek_eta0_6_deta0p5_steps3000_R20_v1
vicsek,4,rho_4,400,0.5,,3000,1021017,17,0,,vicsek_eta0_6_deta0p5_steps3000_R20_v1
vicsek,4,rho_4,400,0.5,,3000,1021018,18,0,,vicsek_eta0_6_deta0p5_steps3000_R20_v1
vicsek,4,rho_4,400,0.5,,3000,1021019,19,0,,vicsek_eta0_6_deta0p5_steps3000_R20_v1
vicsek,4.0,rho_4,400,0.6,0,3000,1660000,0,0,4.0114,final_dense_eta_grid_steps3000_R20_v1
vicsek,4.0,rho_4,400,0.6,0,3000,1660001,1,0,4.3081,final_dense_eta_grid_steps3000_R20_v1
vicsek,4.0,rho_4,400,0.6,0,3000,1660002,2,0,4.4703,final_dense_eta_grid_steps3000_R20_v1
vicsek,4.0,rho_4,400,0.6,0,3000,1660003,3,0,4.5208,final_dense_eta_grid_steps3000_R20_v1
vicsek,4.0,rho_4,400,0.6,0,3000,1660004,4,0,4.8467,final_dense_eta_grid_steps3000_R20_v1
vicsek,4.0,rho_4,400,0.6,0,3000,1660005,5,0,4.2477,final_dense_eta_grid_steps3000_R20_v1
vicsek,4.0,rho_4,400,0.6,0,3000,1660006,6,0,4.0664,final_dense_eta_grid_steps3000_R20_v1
vicsek,4.0,rho_4,400,0.6,0,3000,1660007,7,0,4.466,final_dense_eta_grid_steps3000_R20_v1
vicsek,4.0,rho_4,400,0.6,0,3000,1660008,8,0,5.5199,final_dense_eta_grid_steps3000_R20_v1
vicsek,4.0,rho_4,400,0.6,0,3000,1660009,9,0,3.6871,final_dense_eta_grid_steps3000_R20_v1
vicsek,4.0,rho_4,400,0.6,0,3000,1660010,10,0,4.88,final_dense_eta_grid_steps3000_R20_v1
vicsek,4.0,rho_4,400,0.6,0,3000,1660011,11,0,5.0714,final_dense_eta_grid_steps3000_R20_v1
vicsek,4.0,rho_4,400,0.6,0,3000,1660012,12,0,4.5742,final_dense_eta_grid_steps3000_R20_v1
vicsek,4.0,rho_4,400,0.6,0,3000,1660013,13,0,4.8997,final_dense_eta_grid_steps3000_R20_v1
vicsek,4.0,rho_4,400,0.6,0,3000,1660014,14,0,4.2877,final_dense_eta_grid_steps3000_R20_v1
vicsek,4.0,rho_4,400,0.6,0,3000,1660015,15,0,4.0719,final_dense_eta_grid_steps3000_R20_v1
vicsek,4.0,rho_4,400,0.6,0,3000,1660016,16,0,4.1909,final_dense_eta_grid_steps3000_R20_v1
vicsek,4.0,rho_4,400,0.6,0,3000,1660017,17,0,4.2349,final_dense_eta_grid_steps3000_R20_v1
vicsek,4.0,rho_4,400,0.6,0,3000,1660018,18,0,4.5089,final_dense_eta_grid_steps3000_R20_v1
vicsek,4.0,rho_4,400,0.6,0,3000,1660019,19,0,4.7374,final_dense_eta_grid_steps3000_R20_v1
vicsek,4.0,rho_4,400,0.8,1,3000,1660100,0,0,4.3551,final_dense_eta_grid_steps3000_R20_v1
vicsek,4.0,rho_4,400,0.8,1,3000,1660101,1,0,4.2169,final_dense_eta_grid_steps3000_R20_v1
vicsek,4.0,rho_4,400,0.8,1,3000,1660102,2,0,4.5974,final_dense_eta_grid_steps3000_R20_v1
vicsek,4.0,rho_4,400,0.8,1,3000,1660103,3,0,3.9973,final_dense_eta_grid_steps3000_R20_v1
vicsek,4.0,rho_4,400,0.8,1,3000,1660104,4,0,4.5693,final_dense_eta_grid_steps3000_R20_v1
vicsek,4.0,rho_4,400,0.8,1,3000,1660105,5,0,4.5204,final_dense_eta_grid_steps3000_R20_v1
vicsek,4.0,rho_4,400,0.8,1,3000,1660106,6,0,4.4417,final_dense_eta_grid_steps3000_R20_v1
vicsek,4.0,rho_4,400,0.8,1,3000,1660107,7,0,4.5335,final_dense_eta_grid_steps3000_R20_v1
vicsek,4.0,rho_4,400,0.8,1,3000,1660108,8,0,4.4829,final_dense_eta_grid_steps3000_R20_v1
vicsek,4.0,rho_4,400,0.8,1,3000,1660109,9,0,5.2757,final_dense_eta_grid_steps3000_R20_v1
vicsek,4.0,rho_4,400,0.8,1,3000,1660110,10,0,4.6969,final_dense_eta_grid_steps3000_R20_v1
vicsek,4.0,rho_4,400,0.8,1,3000,1660111,11,0,4.8525,final_dense_eta_grid_steps3000_R20_v1
vicsek,4.0,rho_4,400,0.8,1,3000,1660112,12,0,4.3933,final_dense_eta_grid_steps3000_R20_v1
vicsek,4.0,rho_4,400,0.8,1,3000,1660113,13,0,4.9377,final_dense_eta_grid_steps3000_R20_v1
vicsek,4.0,rho_4,400,0.8,1,3000,1660114,14,0,4.0846,final_dense_eta_grid_steps3000_R20_v1
vicsek,4.0,rho_4,400,0.8,1,3000,1660115,15,0,4.3635,final_dense_eta_grid_steps3000_R20_v1
vicsek,4.0,rho_4,400,0.8,1,3000,1660116,16,0,4.4681,final_dense_eta_grid_steps3000_R20_v1
vicsek,4.0,rho_4,400,0.8,1,3000,1660117,17,0,4.715,final_dense_eta_grid_steps3000_R20_v1
vicsek,4.0,rho_4,400,0.8,1,3000,1660118,18,0,5.0873,final_dense_eta_grid_steps3000_R20_v1
vicsek,4.0,rho_4,400,0.8,1,3000,1660119,19,0,4.7568,final_dense_eta_grid_steps3000_R20_v1
vicsek,4,rho_4,400,1,,3000,1022000,0,0,,vicsek_eta0_6_deta0p5_steps3000_R20_v1
vicsek,4,rho_4,400,1,,3000,1022001,1,0,,vicsek_eta0_6_deta0p5_steps3000_R20_v1
vicsek,4,rho_4,400,1,,3000,1022002,2,0,,vicsek_eta0_6_deta0p5_steps3000_R20_v1
vicsek,4,rho_4,400,1,,3000,1022003,3,0,,vicsek_eta0_6_deta0p5_steps3000_R20_v1
vicsek,4,rho_4,400,1,,3000,1022004,4,0,,vicsek_eta0_6_deta0p5_steps3000_R20_v1
vicsek,4,rho_4,400,1,,3000,1022005,5,0,,vicsek_eta0_6_deta0p5_steps3000_R20_v1
vicsek,4,rho_4,400,1,,3000,1022006,6,0,,vicsek_eta0_6_deta0p5_steps3000_R20_v1
vicsek,4,rho_4,400,1,,3000,1022007,7,0,,vicsek_eta0_6_deta0p5_steps3000_R20_v1
vicsek,4,rho_4,400,1,,3000,1022008,8,0,,vicsek_eta0_6_deta0p5_steps3000_R20_v1
vicsek,4,rho_4,400,1,,3000,1022009,9,0,,vicsek_eta0_6_deta0p5_steps3000_R20_v1
vicsek,4,rho_4,400,1,,3000,1022010,10,0,,vicsek_eta0_6_deta0p5_steps3000_R20_v1
vicsek,4,rho_4,400,1,,3000,1022011,11,0,,vicsek_eta0_6_deta0p5_steps3000_R20_v1
vicsek,4,rho_4,400,1,,3000,1022012,12,0,,vicsek_eta0_6_deta0p5_steps3000_R20_v1
vicsek,4,rho_4,400,1,,3000,1022013,13,0,,vicsek_eta0_6_deta0p5_steps3000_R20_v1
vicsek,4,rho_4,400,1,,3000,1022014,14,0,,vicsek_eta0_6_deta0p5_steps3000_R20_v1
vicsek,4,rho_4,400,1,,3000,1022015,15,0,,vicsek_eta0_6_deta0p5_steps3000_R20_v1
vicsek,4,rho_4,400,1,,3000,1022016,16,0,,vicsek_eta0_6_deta0p5_steps3000_R20_v1
vicsek,4,rho_4,400,1,,3000,1022017,17,0,,vicsek_eta0_6_deta0p5_steps3000_R20_v1
vicsek,4,rho_4,400,1,,3000,1022018,18,0,,vicsek_eta0_6_deta0p5_steps3000_R20_v1
vicsek,4,rho_4,400,1,,3000,1022019,19,0,,vicsek_eta0_6_deta0p5_steps3000_R20_v1
vicsek,4.0,rho_4,400,1.2,2,3000,1660200,0,0,4.5556,final_dense_eta_grid_steps3000_R20_v1
vicsek,4.0,rho_4,400,1.2,2,3000,1660201,1,0,4.4677,final_dense_eta_grid_steps3000_R20_v1
vicsek,4.0,rho_4,400,1.2,2,3000,1660202,2,0,4.6527,final_dense_eta_grid_steps3000_R20_v1
vicsek,4.0,rho_4,400,1.2,2,3000,1660203,3,0,4.5537,final_dense_eta_grid_steps3000_R20_v1
vicsek,4.0,rho_4,400,1.2,2,3000,1660204,4,0,4.1566,final_dense_eta_grid_steps3000_R20_v1
vicsek,4.0,rho_4,400,1.2,2,3000,1660205,5,0,4.446,final_dense_eta_grid_steps3000_R20_v1
vicsek,4.0,rho_4,400,1.2,2,3000,1660206,6,0,4.4961,final_dense_eta_grid_steps3000_R20_v1
vicsek,4.0,rho_4,400,1.2,2,3000,1660207,7,0,4.3534,final_dense_eta_grid_steps3000_R20_v1
vicsek,4.0,rho_4,400,1.2,2,3000,1660208,8,0,5.0514,final_dense_eta_grid_steps3000_R20_v1
vicsek,4.0,rho_4,400,1.2,2,3000,1660209,9,0,4.8374,final_dense_eta_grid_steps3000_R20_v1
vicsek,4.0,rho_4,400,1.2,2,3000,1660210,10,0,4.5176,final_dense_eta_grid_steps3000_R20_v1
vicsek,4.0,rho_4,400,1.2,2,3000,1660211,11,0,4.5071,final_dense_eta_grid_steps3000_R20_v1
vicsek,4.0,rho_4,400,1.2,2,3000,1660212,12,0,3.9896,final_dense_eta_grid_steps3000_R20_v1
vicsek,4.0,rho_4,400,1.2,2,3000,1660213,13,0,4.5005,final_dense_eta_grid_steps3000_R20_v1
vicsek,4.0,rho_4,400,1.2,2,3000,1660214,14,0,4.5535,final_dense_eta_grid_steps3000_R20_v1
vicsek,4.0,rho_4,400,1.2,2,3000,1660215,15,0,4.0847,final_dense_eta_grid_steps3000_R20_v1
vicsek,4.0,rho_4,400,1.2,2,3000,1660216,16,0,5.1047,final_dense_eta_grid_steps3000_R20_v1
vicsek,4.0,rho_4,400,1.2,2,3000,1660217,17,0,4.4381,final_dense_eta_grid_steps3000_R20_v1
vicsek,4.0,rho_4,400,1.2,2,3000,1660218,18,0,4.089,final_dense_eta_grid_steps3000_R20_v1
vicsek,4.0,rho_4,400,1.2,2,3000,1660219,19,0,4.0695,final_dense_eta_grid_steps3000_R20_v1
vicsek,4.0,rho_4,400,1.4,3,3000,1660300,0,0,4.6408,final_dense_eta_grid_steps3000_R20_v1
vicsek,4.0,rho_4,400,1.4,3,3000,1660301,1,0,4.2104,final_dense_eta_grid_steps3000_R20_v1
vicsek,4.0,rho_4,400,1.4,3,3000,1660302,2,0,4.238,final_dense_eta_grid_steps3000_R20_v1
vicsek,4.0,rho_4,400,1.4,3,3000,1660303,3,0,4.4876,final_dense_eta_grid_steps3000_R20_v1
vicsek,4.0,rho_4,400,1.4,3,3000,1660304,4,0,4.7805,final_dense_eta_grid_steps3000_R20_v1
vicsek,4.0,rho_4,400,1.4,3,3000,1660305,5,0,4.3843,final_dense_eta_grid_steps3000_R20_v1
vicsek,4.0,rho_4,400,1.4,3,3000,1660306,6,0,4.7784,final_dense_eta_grid_steps3000_R20_v1
vicsek,4.0,rho_4,400,1.4,3,3000,1660307,7,0,4.3683,final_dense_eta_grid_steps3000_R20_v1
vicsek,4.0,rho_4,400,1.4,3,3000,1660308,8,0,5.0689,final_dense_eta_grid_steps3000_R20_v1
vicsek,4.0,rho_4,400,1.4,3,3000,1660309,9,0,4.014,final_dense_eta_grid_steps3000_R20_v1
vicsek,4.0,rho_4,400,1.4,3,3000,1660310,10,0,4.7326,final_dense_eta_grid_steps3000_R20_v1
vicsek,4.0,rho_4,400,1.4,3,3000,1660311,11,0,4.2952,final_dense_eta_grid_steps3000_R20_v1
vicsek,4.0,rho_4,400,1.4,3,3000,1660312,12,0,4.3231,final_dense_eta_grid_steps3000_R20_v1
vicsek,4.0,rho_4,400,1.4,3,3000,1660313,13,0,4.1297,final_dense_eta_grid_steps3000_R20_v1
vicsek,4.0,rho_4,400,1.4,3,3000,1660314,14,0,4.1477,final_dense_eta_grid_steps3000_R20_v1
vicsek,4.0,rho_4,400,1.4,3,3000,1660315,15,0,4.4441,final_dense_eta_grid_steps3000_R20_v1
vicsek,4.0,rho_4,400,1.4,3,3000,1660316,16,0,3.9497,final_dense_eta_grid_steps3000_R20_v1
vicsek,4.0,rho_4,400,1.4,3,3000,1660317,17,0,4.5111,final_dense_eta_grid_steps3000_R20_v1
vicsek,4.0,rho_4,400,1.4,3,3000,1660318,18,0,4.7087,final_dense_eta_grid_steps3000_R20_v1
vicsek,4.0,rho_4,400,1.4,3,3000,1660319,19,0,3.9504,final_dense_eta_grid_steps3000_R20_v1
vicsek,4.0,rho_4,400,1.6,4,3000,1660400,0,0,4.217,final_dense_eta_grid_steps3000_R20_v1
vicsek,4.0,rho_4,400,1.6,4,3000,1660401,1,0,4.2773,final_dense_eta_grid_steps3000_R20_v1
vicsek,4.0,rho_4,400,1.6,4,3000,1660402,2,0,4.0822,final_dense_eta_grid_steps3000_R20_v1
vicsek,4.0,rho_4,400,1.6,4,3000,1660403,3,0,4.1758,final_dense_eta_grid_steps3000_R20_v1
vicsek,4.0,rho_4,400,1.6,4,3000,1660404,4,0,4.3228,final_dense_eta_grid_steps3000_R20_v1
vicsek,4.0,rho_4,400,1.6,4,3000,1660405,5,0,4.0392,final_dense_eta_grid_steps3000_R20_v1
vicsek,4.0,rho_4,400,1.6,4,3000,1660406,6,0,4.142,final_dense_eta_grid_steps3000_R20_v1
vicsek,4.0,rho_4,400,1.6,4,3000,1660407,7,0,4.3901,final_dense_eta_grid_steps3000_R20_v1
vicsek,4.0,rho_4,400,1.6,4,3000,1660408,8,0,4.5093,final_dense_eta_grid_steps3000_R20_v1
vicsek,4.0,rho_4,400,1.6,4,3000,1660409,9,0,4.5186,final_dense_eta_grid_steps3000_R20_v1
vicsek,4.0,rho_4,400,1.6,4,3000,1660410,10,0,4.4733,final_dense_eta_grid_steps3000_R20_v1
vicsek,4.0,rho_4,400,1.6,4,3000,1660411,11,0,4.531,final_dense_eta_grid_steps3000_R20_v1
vicsek,4.0,rho_4,400,1.6,4,3000,1660412,12,0,4.2008,final_dense_eta_grid_steps3000_R20_v1
vicsek,4.0,rho_4,400,1.6,4,3000,1660413,13,0,4.2059,final_dense_eta_grid_steps3000_R20_v1
vicsek,4.0,rho_4,400,1.6,4,3000,1660414,14,0,4.2839,final_dense_eta_grid_steps3000_R20_v1
vicsek,4.0,rho_4,400,1.6,4,3000,1660415,15,0,4.4561,final_dense_eta_grid_steps3000_R20_v1
vicsek,4.0,rho_4,400,1.6,4,3000,1660416,16,0,4.7267,final_dense_eta_grid_steps3000_R20_v1
vicsek,4.0,rho_4,400,1.6,4,3000,1660417,17,0,3.8728,final_dense_eta_grid_steps3000_R20_v1
vicsek,4.0,rho_4,400,1.6,4,3000,1660418,18,0,4.3115,final_dense_eta_grid_steps3000_R20_v1
vicsek,4.0,rho_4,400,1.6,4,3000,1660419,19,0,4.4053,final_dense_eta_grid_steps3000_R20_v1
vicsek,4.0,rho_4,400,1.8,5,3000,1660500,0,0,4.7165,final_dense_eta_grid_steps3000_R20_v1
vicsek,4.0,rho_4,400,1.8,5,3000,1660501,1,0,4.8313,final_dense_eta_grid_steps3000_R20_v1
vicsek,4.0,rho_4,400,1.8,5,3000,1660502,2,0,5.1047,final_dense_eta_grid_steps3000_R20_v1
vicsek,4.0,rho_4,400,1.8,5,3000,1660503,3,0,4.2897,final_dense_eta_grid_steps3000_R20_v1
vicsek,4.0,rho_4,400,1.8,5,3000,1660504,4,0,4.2009,final_dense_eta_grid_steps3000_R20_v1
vicsek,4.0,rho_4,400,1.8,5,3000,1660505,5,0,4.3706,final_dense_eta_grid_steps3000_R20_v1
vicsek,4.0,rho_4,400,1.8,5,3000,1660506,6,0,4.406,final_dense_eta_grid_steps3000_R20_v1
vicsek,4.0,rho_4,400,1.8,5,3000,1660507,7,0,4.8397,final_dense_eta_grid_steps3000_R20_v1
vicsek,4.0,rho_4,400,1.8,5,3000,1660508,8,0,4.8751,final_dense_eta_grid_steps3000_R20_v1
vicsek,4.0,rho_4,400,1.8,5,3000,1660509,9,0,4.1388,final_dense_eta_grid_steps3000_R20_v1
vicsek,4.0,rho_4,400,1.8,5,3000,1660510,10,0,4.3409,final_dense_eta_grid_steps3000_R20_v1
vicsek,4.0,rho_4,400,1.8,5,3000,1660511,11,0,4.5118,final_dense_eta_grid_steps3000_R20_v1
vicsek,4.0,rho_4,400,1.8,5,3000,1660512,12,0,5.2952,final_dense_eta_grid_steps3000_R20_v1
vicsek,4.0,rho_4,400,1.8,5,3000,1660513,13,0,4.6715,final_dense_eta_grid_steps3000_R20_v1
vicsek,4.0,rho_4,400,1.8,5,3000,1660514,14,0,4.333,final_dense_eta_grid_steps3000_R20_v1
vicsek,4.0,rho_4,400,1.8,5,3000,1660515,15,0,4.5482,final_dense_eta_grid_steps3000_R20_v1
vicsek,4.0,rho_4,400,1.8,5,3000,1660516,16,0,4.6001,final_dense_eta_grid_steps3000_R20_v1
vicsek,4.0,rho_4,400,1.8,5,3000,1660517,17,0,4.6344,final_dense_eta_grid_steps3000_R20_v1
vicsek,4.0,rho_4,400,1.8,5,3000,1660518,18,0,4.3575,final_dense_eta_grid_steps3000_R20_v1
vicsek,4.0,rho_4,400,1.8,5,3000,1660519,19,0,4.571,final_dense_eta_grid_steps3000_R20_v1
vicsek,4,rho_4,400,2,,3000,1024000,0,0,,vicsek_eta0_6_deta0p5_steps3000_R20_v1
vicsek,4,rho_4,400,2,,3000,1024001,1,0,,vicsek_eta0_6_deta0p5_steps3000_R20_v1
vicsek,4,rho_4,400,2,,3000,1024002,2,0,,vicsek_eta0_6_deta0p5_steps3000_R20_v1
vicsek,4,rho_4,400,2,,3000,1024003,3,0,,vicsek_eta0_6_deta0p5_steps3000_R20_v1
vicsek,4,rho_4,400,2,,3000,1024004,4,0,,vicsek_eta0_6_deta0p5_steps3000_R20_v1
vicsek,4,rho_4,400,2,,3000,1024005,5,0,,vicsek_eta0_6_deta0p5_steps3000_R20_v1
vicsek,4,rho_4,400,2,,3000,1024006,6,0,,vicsek_eta0_6_deta0p5_steps3000_R20_v1
vicsek,4,rho_4,400,2,,3000,1024007,7,0,,vicsek_eta0_6_deta0p5_steps3000_R20_v1
vicsek,4,rho_4,400,2,,3000,1024008,8,0,,vicsek_eta0_6_deta0p5_steps3000_R20_v1
vicsek,4,rho_4,400,2,,3000,1024009,9,0,,vicsek_eta0_6_deta0p5_steps3000_R20_v1
vicsek,4,rho_4,400,2,,3000,1024010,10,0,,vicsek_eta0_6_deta0p5_steps3000_R20_v1
vicsek,4,rho_4,400,2,,3000,1024011,11,0,,vicsek_eta0_6_deta0p5_steps3000_R20_v1
vicsek,4,rho_4,400,2,,3000,1024012,12,0,,vicsek_eta0_6_deta0p5_steps3000_R20_v1
vicsek,4,rho_4,400,2,,3000,1024013,13,0,,vicsek_eta0_6_deta0p5_steps3000_R20_v1
vicsek,4,rho_4,400,2,,3000,1024014,14,0,,vicsek_eta0_6_deta0p5_steps3000_R20_v1
vicsek,4,rho_4,400,2,,3000,1024015,15,0,,vicsek_eta0_6_deta0p5_steps3000_R20_v1
vicsek,4,rho_4,400,2,,3000,1024016,16,0,,vicsek_eta0_6_deta0p5_steps3000_R20_v1
vicsek,4,rho_4,400,2,,3000,1024017,17,0,,vicsek_eta0_6_deta0p5_steps3000_R20_v1
vicsek,4,rho_4,400,2,,3000,1024018,18,0,,vicsek_eta0_6_deta0p5_steps3000_R20_v1
vicsek,4,rho_4,400,2,,3000,1024019,19,0,,vicsek_eta0_6_deta0p5_steps3000_R20_v1
vicsek,4.0,rho_4,400,2.2,6,3000,1660600,0,0,4.5367,final_dense_eta_grid_steps3000_R20_v1
vicsek,4.0,rho_4,400,2.2,6,3000,1660601,1,0,4.3143,final_dense_eta_grid_steps3000_R20_v1
vicsek,4.0,rho_4,400,2.2,6,3000,1660602,2,0,4.4776,final_dense_eta_grid_steps3000_R20_v1
vicsek,4.0,rho_4,400,2.2,6,3000,1660603,3,0,4.4931,final_dense_eta_grid_steps3000_R20_v1
vicsek,4.0,rho_4,400,2.2,6,3000,1660604,4,0,4.3317,final_dense_eta_grid_steps3000_R20_v1
vicsek,4.0,rho_4,400,2.2,6,3000,1660605,5,0,4.3857,final_dense_eta_grid_steps3000_R20_v1
vicsek,4.0,rho_4,400,2.2,6,3000,1660606,6,0,4.6371,final_dense_eta_grid_steps3000_R20_v1
vicsek,4.0,rho_4,400,2.2,6,3000,1660607,7,0,4.4892,final_dense_eta_grid_steps3000_R20_v1
vicsek,4.0,rho_4,400,2.2,6,3000,1660608,8,0,4.5886,final_dense_eta_grid_steps3000_R20_v1
vicsek,4.0,rho_4,400,2.2,6,3000,1660609,9,0,4.4573,final_dense_eta_grid_steps3000_R20_v1
vicsek,4.0,rho_4,400,2.2,6,3000,1660610,10,0,4.622,final_dense_eta_grid_steps3000_R20_v1
vicsek,4.0,rho_4,400,2.2,6,3000,1660611,11,0,4.0536,final_dense_eta_grid_steps3000_R20_v1
vicsek,4.0,rho_4,400,2.2,6,3000,1660612,12,0,4.6281,final_dense_eta_grid_steps3000_R20_v1
vicsek,4.0,rho_4,400,2.2,6,3000,1660613,13,0,4.5419,final_dense_eta_grid_steps3000_R20_v1
vicsek,4.0,rho_4,400,2.2,6,3000,1660614,14,0,4.3193,final_dense_eta_grid_steps3000_R20_v1
vicsek,4.0,rho_4,400,2.2,6,3000,1660615,15,0,4.4406,final_dense_eta_grid_steps3000_R20_v1
vicsek,4.0,rho_4,400,2.2,6,3000,1660616,16,0,4.4258,final_dense_eta_grid_steps3000_R20_v1
vicsek,4.0,rho_4,400,2.2,6,3000,1660617,17,0,4.6726,final_dense_eta_grid_steps3000_R20_v1
vicsek,4.0,rho_4,400,2.2,6,3000,1660618,18,0,4.1801,final_dense_eta_grid_steps3000_R20_v1
vicsek,4.0,rho_4,400,2.2,6,3000,1660619,19,0,4.4789,final_dense_eta_grid_steps3000_R20_v1
vicsek,4.0,rho_4,400,2.4,7,3000,1660700,0,0,4.1307,final_dense_eta_grid_steps3000_R20_v1
vicsek,4.0,rho_4,400,2.4,7,3000,1660701,1,0,4.758,final_dense_eta_grid_steps3000_R20_v1
vicsek,4.0,rho_4,400,2.4,7,3000,1660702,2,0,4.4101,final_dense_eta_grid_steps3000_R20_v1
vicsek,4.0,rho_4,400,2.4,7,3000,1660703,3,0,4.2568,final_dense_eta_grid_steps3000_R20_v1
vicsek,4.0,rho_4,400,2.4,7,3000,1660704,4,0,4.2263,final_dense_eta_grid_steps3000_R20_v1
vicsek,4.0,rho_4,400,2.4,7,3000,1660705,5,0,4.4123,final_dense_eta_grid_steps3000_R20_v1
vicsek,4.0,rho_4,400,2.4,7,3000,1660706,6,0,4.4929,final_dense_eta_grid_steps3000_R20_v1
vicsek,4.0,rho_4,400,2.4,7,3000,1660707,7,0,4.6607,final_dense_eta_grid_steps3000_R20_v1
vicsek,4.0,rho_4,400,2.4,7,3000,1660708,8,0,4.3845,final_dense_eta_grid_steps3000_R20_v1
vicsek,4.0,rho_4,400,2.4,7,3000,1660709,9,0,4.4282,final_dense_eta_grid_steps3000_R20_v1
vicsek,4.0,rho_4,400,2.4,7,3000,1660710,10,0,4.803,final_dense_eta_grid_steps3000_R20_v1
vicsek,4.0,rho_4,400,2.4,7,3000,1660711,11,0,4.7161,final_dense_eta_grid_steps3000_R20_v1
vicsek,4.0,rho_4,400,2.4,7,3000,1660712,12,0,5.2618,final_dense_eta_grid_steps3000_R20_v1
vicsek,4.0,rho_4,400,2.4,7,3000,1660713,13,0,4.6924,final_dense_eta_grid_steps3000_R20_v1
vicsek,4.0,rho_4,400,2.4,7,3000,1660714,14,0,5.3649,final_dense_eta_grid_steps3000_R20_v1
vicsek,4.0,rho_4,400,2.4,7,3000,1660715,15,0,4.8611,final_dense_eta_grid_steps3000_R20_v1
vicsek,4.0,rho_4,400,2.4,7,3000,1660716,16,0,4.8192,final_dense_eta_grid_steps3000_R20_v1
vicsek,4.0,rho_4,400,2.4,7,3000,1660717,17,0,4.6827,final_dense_eta_grid_steps3000_R20_v1
vicsek,4.0,rho_4,400,2.4,7,3000,1660718,18,0,5.5553,final_dense_eta_grid_steps3000_R20_v1
vicsek,4.0,rho_4,400,2.4,7,3000,1660719,19,0,4.5022,final_dense_eta_grid_steps3000_R20_v1
vicsek,4.0,rho_4,400,2.6,8,3000,1660800,0,0,4.5524,final_dense_eta_grid_steps3000_R20_v1
vicsek,4.0,rho_4,400,2.6,8,3000,1660801,1,0,4.7547,final_dense_eta_grid_steps3000_R20_v1
vicsek,4.0,rho_4,400,2.6,8,3000,1660802,2,0,4.8445,final_dense_eta_grid_steps3000_R20_v1
vicsek,4.0,rho_4,400,2.6,8,3000,1660803,3,0,4.8713,final_dense_eta_grid_steps3000_R20_v1
vicsek,4.0,rho_4,400,2.6,8,3000,1660804,4,0,4.4328,final_dense_eta_grid_steps3000_R20_v1
vicsek,4.0,rho_4,400,2.6,8,3000,1660805,5,0,4.817,final_dense_eta_grid_steps3000_R20_v1
vicsek,4.0,rho_4,400,2.6,8,3000,1660806,6,0,4.6287,final_dense_eta_grid_steps3000_R20_v1
vicsek,4.0,rho_4,400,2.6,8,3000,1660807,7,0,4.9543,final_dense_eta_grid_steps3000_R20_v1
vicsek,4.0,rho_4,400,2.6,8,3000,1660808,8,0,4.8889,final_dense_eta_grid_steps3000_R20_v1
vicsek,4.0,rho_4,400,2.6,8,3000,1660809,9,0,4.3634,final_dense_eta_grid_steps3000_R20_v1
vicsek,4.0,rho_4,400,2.6,8,3000,1660810,10,0,5.0028,final_dense_eta_grid_steps3000_R20_v1
vicsek,4.0,rho_4,400,2.6,8,3000,1660811,11,0,4.895,final_dense_eta_grid_steps3000_R20_v1
vicsek,4.0,rho_4,400,2.6,8,3000,1660812,12,0,4.8831,final_dense_eta_grid_steps3000_R20_v1
vicsek,4.0,rho_4,400,2.6,8,3000,1660813,13,0,4.9061,final_dense_eta_grid_steps3000_R20_v1
vicsek,4.0,rho_4,400,2.6,8,3000,1660814,14,0,5.237,final_dense_eta_grid_steps3000_R20_v1
vicsek,4.0,rho_4,400,2.6,8,3000,1660815,15,0,5.8585,final_dense_eta_grid_steps3000_R20_v1
vicsek,4.0,rho_4,400,2.6,8,3000,1660816,16,0,4.731,final_dense_eta_grid_steps3000_R20_v1
vicsek,4.0,rho_4,400,2.6,8,3000,1660817,17,0,4.6745,final_dense_eta_grid_steps3000_R20_v1
vicsek,4.0,rho_4,400,2.6,8,3000,1660818,18,0,5.6568,final_dense_eta_grid_steps3000_R20_v1
vicsek,4.0,rho_4,400,2.6,8,3000,1660819,19,0,4.7226,final_dense_eta_grid_steps3000_R20_v1
vicsek,4.0,rho_4,400,2.8,9,3000,1660900,0,0,4.5011,final_dense_eta_grid_steps3000_R20_v1
vicsek,4.0,rho_4,400,2.8,9,3000,1660901,1,0,5.0687,final_dense_eta_grid_steps3000_R20_v1
vicsek,4.0,rho_4,400,2.8,9,3000,1660902,2,0,5.2541,final_dense_eta_grid_steps3000_R20_v1
vicsek,4.0,rho_4,400,2.8,9,3000,1660903,3,0,4.8907,final_dense_eta_grid_steps3000_R20_v1
vicsek,4.0,rho_4,400,2.8,9,3000,1660904,4,0,4.4746,final_dense_eta_grid_steps3000_R20_v1
vicsek,4.0,rho_4,400,2.8,9,3000,1660905,5,0,4.7478,final_dense_eta_grid_steps3000_R20_v1
vicsek,4.0,rho_4,400,2.8,9,3000,1660906,6,0,4.9196,final_dense_eta_grid_steps3000_R20_v1
vicsek,4.0,rho_4,400,2.8,9,3000,1660907,7,0,4.7484,final_dense_eta_grid_steps3000_R20_v1
vicsek,4.0,rho_4,400,2.8,9,3000,1660908,8,0,5.1512,final_dense_eta_grid_steps3000_R20_v1
vicsek,4.0,rho_4,400,2.8,9,3000,1660909,9,0,4.8672,final_dense_eta_grid_steps3000_R20_v1
vicsek,4.0,rho_4,400,2.8,9,3000,1660910,10,0,4.7239,final_dense_eta_grid_steps3000_R20_v1
vicsek,4.0,rho_4,400,2.8,9,3000,1660911,11,0,5.0327,final_dense_eta_grid_steps3000_R20_v1
vicsek,4.0,rho_4,400,2.8,9,3000,1660912,12,0,5.0004,final_dense_eta_grid_steps3000_R20_v1
vicsek,4.0,rho_4,400,2.8,9,3000,1660913,13,0,4.6755,final_dense_eta_grid_steps3000_R20_v1
vicsek,4.0,rho_4,400,2.8,9,3000,1660914,14,0,4.7655,final_dense_eta_grid_steps3000_R20_v1
vicsek,4.0,rho_4,400,2.8,9,3000,1660915,15,0,4.779,final_dense_eta_grid_steps3000_R20_v1
vicsek,4.0,rho_4,400,2.8,9,3000,1660916,16,0,4.6285,final_dense_eta_grid_steps3000_R20_v1
vicsek,4.0,rho_4,400,2.8,9,3000,1660917,17,0,4.9608,final_dense_eta_grid_steps3000_R20_v1
vicsek,4.0,rho_4,400,2.8,9,3000,1660918,18,0,4.5481,final_dense_eta_grid_steps3000_R20_v1
vicsek,4.0,rho_4,400,2.8,9,3000,1660919,19,0,4.4376,final_dense_eta_grid_steps3000_R20_v1
vicsek,4,rho_4,400,3,,3000,1026000,0,0,,vicsek_eta0_6_deta0p5_steps3000_R20_v1
vicsek,4,rho_4,400,3,,3000,1026001,1,0,,vicsek_eta0_6_deta0p5_steps3000_R20_v1
vicsek,4,rho_4,400,3,,3000,1026002,2,0,,vicsek_eta0_6_deta0p5_steps3000_R20_v1
vicsek,4,rho_4,400,3,,3000,1026003,3,0,,vicsek_eta0_6_deta0p5_steps3000_R20_v1
vicsek,4,rho_4,400,3,,3000,1026004,4,0,,vicsek_eta0_6_deta0p5_steps3000_R20_v1
vicsek,4,rho_4,400,3,,3000,1026005,5,0,,vicsek_eta0_6_deta0p5_steps3000_R20_v1
vicsek,4,rho_4,400,3,,3000,1026006,6,0,,vicsek_eta0_6_deta0p5_steps3000_R20_v1
vicsek,4,rho_4,400,3,,3000,1026007,7,0,,vicsek_eta0_6_deta0p5_steps3000_R20_v1
vicsek,4,rho_4,400,3,,3000,1026008,8,0,,vicsek_eta0_6_deta0p5_steps3000_R20_v1
vicsek,4,rho_4,400,3,,3000,1026009,9,0,,vicsek_eta0_6_deta0p5_steps3000_R20_v1
vicsek,4,rho_4,400,3,,3000,1026010,10,0,,vicsek_eta0_6_deta0p5_steps3000_R20_v1
vicsek,4,rho_4,400,3,,3000,1026011,11,0,,vicsek_eta0_6_deta0p5_steps3000_R20_v1
vicsek,4,rho_4,400,3,,3000,1026012,12,0,,vicsek_eta0_6_deta0p5_steps3000_R20_v1
vicsek,4,rho_4,400,3,,3000,1026013,13,0,,vicsek_eta0_6_deta0p5_steps3000_R20_v1
vicsek,4,rho_4,400,3,,3000,1026014,14,0,,vicsek_eta0_6_deta0p5_steps3000_R20_v1
vicsek,4,rho_4,400,3,,3000,1026015,15,0,,vicsek_eta0_6_deta0p5_steps3000_R20_v1
vicsek,4,rho_4,400,3,,3000,1026016,16,0,,vicsek_eta0_6_deta0p5_steps3000_R20_v1
vicsek,4,rho_4,400,3,,3000,1026017,17,0,,vicsek_eta0_6_deta0p5_steps3000_R20_v1
vicsek,4,rho_4,400,3,,3000,1026018,18,0,,vicsek_eta0_6_deta0p5_steps3000_R20_v1
vicsek,4,rho_4,400,3,,3000,1026019,19,0,,vicsek_eta0_6_deta0p5_steps3000_R20_v1
vicsek,4.0,rho_4,400,3.2,10,3000,1661000,0,0,4.2471,final_dense_eta_grid_steps3000_R20_v1
vicsek,4.0,rho_4,400,3.2,10,3000,1661001,1,0,4.3189,final_dense_eta_grid_steps3000_R20_v1
vicsek,4.0,rho_4,400,3.2,10,3000,1661002,2,0,4.223,final_dense_eta_grid_steps3000_R20_v1
vicsek,4.0,rho_4,400,3.2,10,3000,1661003,3,0,4.6918,final_dense_eta_grid_steps3000_R20_v1
vicsek,4.0,rho_4,400,3.2,10,3000,1661004,4,0,4.6759,final_dense_eta_grid_steps3000_R20_v1
vicsek,4.0,rho_4,400,3.2,10,3000,1661005,5,0,4.6204,final_dense_eta_grid_steps3000_R20_v1
vicsek,4.0,rho_4,400,3.2,10,3000,1661006,6,0,4.7345,final_dense_eta_grid_steps3000_R20_v1
vicsek,4.0,rho_4,400,3.2,10,3000,1661007,7,0,4.8211,final_dense_eta_grid_steps3000_R20_v1
vicsek,4.0,rho_4,400,3.2,10,3000,1661008,8,0,5.3161,final_dense_eta_grid_steps3000_R20_v1
vicsek,4.0,rho_4,400,3.2,10,3000,1661009,9,0,4.406,final_dense_eta_grid_steps3000_R20_v1
vicsek,4.0,rho_4,400,3.2,10,3000,1661010,10,0,4.6061,final_dense_eta_grid_steps3000_R20_v1
vicsek,4.0,rho_4,400,3.2,10,3000,1661011,11,0,4.4622,final_dense_eta_grid_steps3000_R20_v1
vicsek,4.0,rho_4,400,3.2,10,3000,1661012,12,0,4.5145,final_dense_eta_grid_steps3000_R20_v1
vicsek,4.0,rho_4,400,3.2,10,3000,1661013,13,0,4.6372,final_dense_eta_grid_steps3000_R20_v1
vicsek,4.0,rho_4,400,3.2,10,3000,1661014,14,0,4.5375,final_dense_eta_grid_steps3000_R20_v1
vicsek,4.0,rho_4,400,3.2,10,3000,1661015,15,0,4.4444,final_dense_eta_grid_steps3000_R20_v1
vicsek,4.0,rho_4,400,3.2,10,3000,1661016,16,0,5.0211,final_dense_eta_grid_steps3000_R20_v1
vicsek,4.0,rho_4,400,3.2,10,3000,1661017,17,0,4.5013,final_dense_eta_grid_steps3000_R20_v1
vicsek,4.0,rho_4,400,3.2,10,3000,1661018,18,0,4.9856,final_dense_eta_grid_steps3000_R20_v1
vicsek,4.0,rho_4,400,3.2,10,3000,1661019,19,0,4.7676,final_dense_eta_grid_steps3000_R20_v1
vicsek,4.0,rho_4,400,3.4,11,3000,1661100,0,0,5.2256,final_dense_eta_grid_steps3000_R20_v1
vicsek,4.0,rho_4,400,3.4,11,3000,1661101,1,0,4.2802,final_dense_eta_grid_steps3000_R20_v1
vicsek,4.0,rho_4,400,3.4,11,3000,1661102,2,0,4.3055,final_dense_eta_grid_steps3000_R20_v1
vicsek,4.0,rho_4,400,3.4,11,3000,1661103,3,0,4.3496,final_dense_eta_grid_steps3000_R20_v1
vicsek,4.0,rho_4,400,3.4,11,3000,1661104,4,0,4.5543,final_dense_eta_grid_steps3000_R20_v1
vicsek,4.0,rho_4,400,3.4,11,3000,1661105,5,0,4.3229,final_dense_eta_grid_steps3000_R20_v1
vicsek,4.0,rho_4,400,3.4,11,3000,1661106,6,0,4.2301,final_dense_eta_grid_steps3000_R20_v1
vicsek,4.0,rho_4,400,3.4,11,3000,1661107,7,0,4.7529,final_dense_eta_grid_steps3000_R20_v1
vicsek,4.0,rho_4,400,3.4,11,3000,1661108,8,0,4.4074,final_dense_eta_grid_steps3000_R20_v1
vicsek,4.0,rho_4,400,3.4,11,3000,1661109,9,0,4.7333,final_dense_eta_grid_steps3000_R20_v1
vicsek,4.0,rho_4,400,3.4,11,3000,1661110,10,0,4.5122,final_dense_eta_grid_steps3000_R20_v1
vicsek,4.0,rho_4,400,3.4,11,3000,1661111,11,0,4.7088,final_dense_eta_grid_steps3000_R20_v1
vicsek,4.0,rho_4,400,3.4,11,3000,1661112,12,0,5.0136,final_dense_eta_grid_steps3000_R20_v1
vicsek,4.0,rho_4,400,3.4,11,3000,1661113,13,0,4.3138,final_dense_eta_grid_steps3000_R20_v1
vicsek,4.0,rho_4,400,3.4,11,3000,1661114,14,0,4.5252,final_dense_eta_grid_steps3000_R20_v1
vicsek,4.0,rho_4,400,3.4,11,3000,1661115,15,0,5.1036,final_dense_eta_grid_steps3000_R20_v1
vicsek,4.0,rho_4,400,3.4,11,3000,1661116,16,0,4.3572,final_dense_eta_grid_steps3000_R20_v1
vicsek,4.0,rho_4,400,3.4,11,3000,1661117,17,0,4.386,final_dense_eta_grid_steps3000_R20_v1
vicsek,4.0,rho_4,400,3.4,11,3000,1661118,18,0,5.2234,final_dense_eta_grid_steps3000_R20_v1
vicsek,4.0,rho_4,400,3.4,11,3000,1661119,19,0,4.8035,final_dense_eta_grid_steps3000_R20_v1
vicsek,4.0,rho_4,400,3.6,12,3000,1661200,0,0,4.9677,final_dense_eta_grid_steps3000_R20_v1
vicsek,4.0,rho_4,400,3.6,12,3000,1661201,1,0,4.3575,final_dense_eta_grid_steps3000_R20_v1
vicsek,4.0,rho_4,400,3.6,12,3000,1661202,2,0,4.7021,final_dense_eta_grid_steps3000_R20_v1
vicsek,4.0,rho_4,400,3.6,12,3000,1661203,3,0,4.7883,final_dense_eta_grid_steps3000_R20_v1
vicsek,4.0,rho_4,400,3.6,12,3000,1661204,4,0,4.4941,final_dense_eta_grid_steps3000_R20_v1
vicsek,4.0,rho_4,400,3.6,12,3000,1661205,5,0,4.3964,final_dense_eta_grid_steps3000_R20_v1
vicsek,4.0,rho_4,400,3.6,12,3000,1661206,6,0,4.6782,final_dense_eta_grid_steps3000_R20_v1
vicsek,4.0,rho_4,400,3.6,12,3000,1661207,7,0,4.8581,final_dense_eta_grid_steps3000_R20_v1
vicsek,4.0,rho_4,400,3.6,12,3000,1661208,8,0,4.8693,final_dense_eta_grid_steps3000_R20_v1
vicsek,4.0,rho_4,400,3.6,12,3000,1661209,9,0,4.7383,final_dense_eta_grid_steps3000_R20_v1
vicsek,4.0,rho_4,400,3.6,12,3000,1661210,10,0,4.4335,final_dense_eta_grid_steps3000_R20_v1
vicsek,4.0,rho_4,400,3.6,12,3000,1661211,11,0,4.4377,final_dense_eta_grid_steps3000_R20_v1
vicsek,4.0,rho_4,400,3.6,12,3000,1661212,12,0,4.4503,final_dense_eta_grid_steps3000_R20_v1
vicsek,4.0,rho_4,400,3.6,12,3000,1661213,13,0,4.6914,final_dense_eta_grid_steps3000_R20_v1
vicsek,4.0,rho_4,400,3.6,12,3000,1661214,14,0,4.4108,final_dense_eta_grid_steps3000_R20_v1
vicsek,4.0,rho_4,400,3.6,12,3000,1661215,15,0,4.1416,final_dense_eta_grid_steps3000_R20_v1
vicsek,4.0,rho_4,400,3.6,12,3000,1661216,16,0,4.4448,final_dense_eta_grid_steps3000_R20_v1
vicsek,4.0,rho_4,400,3.6,12,3000,1661217,17,0,4.6292,final_dense_eta_grid_steps3000_R20_v1
vicsek,4.0,rho_4,400,3.6,12,3000,1661218,18,0,4.7121,final_dense_eta_grid_steps3000_R20_v1
vicsek,4.0,rho_4,400,3.6,12,3000,1661219,19,0,4.3643,final_dense_eta_grid_steps3000_R20_v1
vicsek,4.0,rho_4,400,3.8,13,3000,1661300,0,0,4.6854,final_dense_eta_grid_steps3000_R20_v1
vicsek,4.0,rho_4,400,3.8,13,3000,1661301,1,0,4.4174,final_dense_eta_grid_steps3000_R20_v1
vicsek,4.0,rho_4,400,3.8,13,3000,1661302,2,0,4.4467,final_dense_eta_grid_steps3000_R20_v1
vicsek,4.0,rho_4,400,3.8,13,3000,1661303,3,0,4.3244,final_dense_eta_grid_steps3000_R20_v1
vicsek,4.0,rho_4,400,3.8,13,3000,1661304,4,0,4.4236,final_dense_eta_grid_steps3000_R20_v1
vicsek,4.0,rho_4,400,3.8,13,3000,1661305,5,0,4.3833,final_dense_eta_grid_steps3000_R20_v1
vicsek,4.0,rho_4,400,3.8,13,3000,1661306,6,0,4.2661,final_dense_eta_grid_steps3000_R20_v1
vicsek,4.0,rho_4,400,3.8,13,3000,1661307,7,0,4.3883,final_dense_eta_grid_steps3000_R20_v1
vicsek,4.0,rho_4,400,3.8,13,3000,1661308,8,0,4.3496,final_dense_eta_grid_steps3000_R20_v1
vicsek,4.0,rho_4,400,3.8,13,3000,1661309,9,0,4.3487,final_dense_eta_grid_steps3000_R20_v1
vicsek,4.0,rho_4,400,3.8,13,3000,1661310,10,0,4.3209,final_dense_eta_grid_steps3000_R20_v1
vicsek,4.0,rho_4,400,3.8,13,3000,1661311,11,0,4.422,final_dense_eta_grid_steps3000_R20_v1
vicsek,4.0,rho_4,400,3.8,13,3000,1661312,12,0,4.4562,final_dense_eta_grid_steps3000_R20_v1
vicsek,4.0,rho_4,400,3.8,13,3000,1661313,13,0,4.2188,final_dense_eta_grid_steps3000_R20_v1
vicsek,4.0,rho_4,400,3.8,13,3000,1661314,14,0,4.6035,final_dense_eta_grid_steps3000_R20_v1
vicsek,4.0,rho_4,400,3.8,13,3000,1661315,15,0,4.2512,final_dense_eta_grid_steps3000_R20_v1
vicsek,4.0,rho_4,400,3.8,13,3000,1661316,16,0,4.5862,final_dense_eta_grid_steps3000_R20_v1
vicsek,4.0,rho_4,400,3.8,13,3000,1661317,17,0,4.8409,final_dense_eta_grid_steps3000_R20_v1
vicsek,4.0,rho_4,400,3.8,13,3000,1661318,18,0,4.4403,final_dense_eta_grid_steps3000_R20_v1
vicsek,4.0,rho_4,400,3.8,13,3000,1661319,19,0,4.5823,final_dense_eta_grid_steps3000_R20_v1
vicsek,4,rho_4,400,4,,3000,1028000,0,0,,vicsek_eta0_6_deta0p5_steps3000_R20_v1
vicsek,4,rho_4,400,4,,3000,1028001,1,0,,vicsek_eta0_6_deta0p5_steps3000_R20_v1
vicsek,4,rho_4,400,4,,3000,1028002,2,0,,vicsek_eta0_6_deta0p5_steps3000_R20_v1
vicsek,4,rho_4,400,4,,3000,1028003,3,0,,vicsek_eta0_6_deta0p5_steps3000_R20_v1
vicsek,4,rho_4,400,4,,3000,1028004,4,0,,vicsek_eta0_6_deta0p5_steps3000_R20_v1
vicsek,4,rho_4,400,4,,3000,1028005,5,0,,vicsek_eta0_6_deta0p5_steps3000_R20_v1
vicsek,4,rho_4,400,4,,3000,1028006,6,0,,vicsek_eta0_6_deta0p5_steps3000_R20_v1
vicsek,4,rho_4,400,4,,3000,1028007,7,0,,vicsek_eta0_6_deta0p5_steps3000_R20_v1
vicsek,4,rho_4,400,4,,3000,1028008,8,0,,vicsek_eta0_6_deta0p5_steps3000_R20_v1
vicsek,4,rho_4,400,4,,3000,1028009,9,0,,vicsek_eta0_6_deta0p5_steps3000_R20_v1
vicsek,4,rho_4,400,4,,3000,1028010,10,0,,vicsek_eta0_6_deta0p5_steps3000_R20_v1
vicsek,4,rho_4,400,4,,3000,1028011,11,0,,vicsek_eta0_6_deta0p5_steps3000_R20_v1
vicsek,4,rho_4,400,4,,3000,1028012,12,0,,vicsek_eta0_6_deta0p5_steps3000_R20_v1
vicsek,4,rho_4,400,4,,3000,1028013,13,0,,vicsek_eta0_6_deta0p5_steps3000_R20_v1
vicsek,4,rho_4,400,4,,3000,1028014,14,0,,vicsek_eta0_6_deta0p5_steps3000_R20_v1
vicsek,4,rho_4,400,4,,3000,1028015,15,0,,vicsek_eta0_6_deta0p5_steps3000_R20_v1
vicsek,4,rho_4,400,4,,3000,1028016,16,0,,vicsek_eta0_6_deta0p5_steps3000_R20_v1
vicsek,4,rho_4,400,4,,3000,1028017,17,0,,vicsek_eta0_6_deta0p5_steps3000_R20_v1
vicsek,4,rho_4,400,4,,3000,1028018,18,0,,vicsek_eta0_6_deta0p5_steps3000_R20_v1
vicsek,4,rho_4,400,4,,3000,1028019,19,0,,vicsek_eta0_6_deta0p5_steps3000_R20_v1
vicsek,4.0,rho_4,400,4.2,14,3000,1661400,0,0,3.9494,final_dense_eta_grid_steps3000_R20_v1
vicsek,4.0,rho_4,400,4.2,14,3000,1661401,1,0,4.2827,final_dense_eta_grid_steps3000_R20_v1
vicsek,4.0,rho_4,400,4.2,14,3000,1661402,2,0,4.1379,final_dense_eta_grid_steps3000_R20_v1
vicsek,4.0,rho_4,400,4.2,14,3000,1661403,3,0,3.9823,final_dense_eta_grid_steps3000_R20_v1
vicsek,4.0,rho_4,400,4.2,14,3000,1661404,4,0,4.0071,final_dense_eta_grid_steps3000_R20_v1
vicsek,4.0,rho_4,400,4.2,14,3000,1661405,5,0,4.348,final_dense_eta_grid_steps3000_R20_v1
vicsek,4.0,rho_4,400,4.2,14,3000,1661406,6,0,4.0009,final_dense_eta_grid_steps3000_R20_v1
vicsek,4.0,rho_4,400,4.2,14,3000,1661407,7,0,4.1286,final_dense_eta_grid_steps3000_R20_v1
vicsek,4.0,rho_4,400,4.2,14,3000,1661408,8,0,4.0207,final_dense_eta_grid_steps3000_R20_v1
vicsek,4.0,rho_4,400,4.2,14,3000,1661409,9,0,3.9508,final_dense_eta_grid_steps3000_R20_v1
vicsek,4.0,rho_4,400,4.2,14,3000,1661410,10,0,4.0372,final_dense_eta_grid_steps3000_R20_v1
vicsek,4.0,rho_4,400,4.2,14,3000,1661411,11,0,4.1576,final_dense_eta_grid_steps3000_R20_v1
vicsek,4.0,rho_4,400,4.2,14,3000,1661412,12,0,4.1792,final_dense_eta_grid_steps3000_R20_v1
vicsek,4.0,rho_4,400,4.2,14,3000,1661413,13,0,3.9708,final_dense_eta_grid_steps3000_R20_v1
vicsek,4.0,rho_4,400,4.2,14,3000,1661414,14,0,4.1144,final_dense_eta_grid_steps3000_R20_v1
vicsek,4.0,rho_4,400,4.2,14,3000,1661415,15,0,3.8704,final_dense_eta_grid_steps3000_R20_v1
vicsek,4.0,rho_4,400,4.2,14,3000,1661416,16,0,4.0644,final_dense_eta_grid_steps3000_R20_v1
vicsek,4.0,rho_4,400,4.2,14,3000,1661417,17,0,4.1515,final_dense_eta_grid_steps3000_R20_v1
vicsek,4.0,rho_4,400,4.2,14,3000,1661418,18,0,3.8992,final_dense_eta_grid_steps3000_R20_v1
vicsek,4.0,rho_4,400,4.2,14,3000,1661419,19,0,4.0711,final_dense_eta_grid_steps3000_R20_v1
vicsek,4.0,rho_4,400,4.4,15,3000,1661500,0,0,3.9105,final_dense_eta_grid_steps3000_R20_v1
vicsek,4.0,rho_4,400,4.4,15,3000,1661501,1,0,4.0649,final_dense_eta_grid_steps3000_R20_v1
vicsek,4.0,rho_4,400,4.4,15,3000,1661502,2,0,4.274,final_dense_eta_grid_steps3000_R20_v1
vicsek,4.0,rho_4,400,4.4,15,3000,1661503,3,0,3.898,final_dense_eta_grid_steps3000_R20_v1
vicsek,4.0,rho_4,400,4.4,15,3000,1661504,4,0,3.8368,final_dense_eta_grid_steps3000_R20_v1
vicsek,4.0,rho_4,400,4.4,15,3000,1661505,5,0,3.8724,final_dense_eta_grid_steps3000_R20_v1
vicsek,4.0,rho_4,400,4.4,15,3000,1661506,6,0,3.7599,final_dense_eta_grid_steps3000_R20_v1
vicsek,4.0,rho_4,400,4.4,15,3000,1661507,7,0,3.8627,final_dense_eta_grid_steps3000_R20_v1
vicsek,4.0,rho_4,400,4.4,15,3000,1661508,8,0,4.0097,final_dense_eta_grid_steps3000_R20_v1
vicsek,4.0,rho_4,400,4.4,15,3000,1661509,9,0,4.3389,final_dense_eta_grid_steps3000_R20_v1
vicsek,4.0,rho_4,400,4.4,15,3000,1661510,10,0,3.772,final_dense_eta_grid_steps3000_R20_v1
vicsek,4.0,rho_4,400,4.4,15,3000,1661511,11,0,3.8692,final_dense_eta_grid_steps3000_R20_v1
vicsek,4.0,rho_4,400,4.4,15,3000,1661512,12,0,3.8963,final_dense_eta_grid_steps3000_R20_v1
vicsek,4.0,rho_4,400,4.4,15,3000,1661513,13,0,3.7873,final_dense_eta_grid_steps3000_R20_v1
vicsek,4.0,rho_4,400,4.4,15,3000,1661514,14,0,3.7526,final_dense_eta_grid_steps3000_R20_v1
vicsek,4.0,rho_4,400,4.4,15,3000,1661515,15,0,4.0118,final_dense_eta_grid_steps3000_R20_v1
vicsek,4.0,rho_4,400,4.4,15,3000,1661516,16,0,3.9771,final_dense_eta_grid_steps3000_R20_v1
vicsek,4.0,rho_4,400,4.4,15,3000,1661517,17,0,4.0573,final_dense_eta_grid_steps3000_R20_v1
vicsek,4.0,rho_4,400,4.4,15,3000,1661518,18,0,4.1745,final_dense_eta_grid_steps3000_R20_v1
vicsek,4.0,rho_4,400,4.4,15,3000,1661519,19,0,4.0173,final_dense_eta_grid_steps3000_R20_v1
vicsek,4.0,rho_4,400,4.6,16,3000,1661600,0,0,3.7871,final_dense_eta_grid_steps3000_R20_v1
vicsek,4.0,rho_4,400,4.6,16,3000,1661601,1,0,3.7496,final_dense_eta_grid_steps3000_R20_v1
vicsek,4.0,rho_4,400,4.6,16,3000,1661602,2,0,3.8746,final_dense_eta_grid_steps3000_R20_v1
vicsek,4.0,rho_4,400,4.6,16,3000,1661603,3,0,3.8086,final_dense_eta_grid_steps3000_R20_v1
vicsek,4.0,rho_4,400,4.6,16,3000,1661604,4,0,3.732,final_dense_eta_grid_steps3000_R20_v1
vicsek,4.0,rho_4,400,4.6,16,3000,1661605,5,0,3.7549,final_dense_eta_grid_steps3000_R20_v1
vicsek,4.0,rho_4,400,4.6,16,3000,1661606,6,0,3.7681,final_dense_eta_grid_steps3000_R20_v1
vicsek,4.0,rho_4,400,4.6,16,3000,1661607,7,0,3.7261,final_dense_eta_grid_steps3000_R20_v1
vicsek,4.0,rho_4,400,4.6,16,3000,1661608,8,0,3.7736,final_dense_eta_grid_steps3000_R20_v1
vicsek,4.0,rho_4,400,4.6,16,3000,1661609,9,0,3.7679,final_dense_eta_grid_steps3000_R20_v1
vicsek,4.0,rho_4,400,4.6,16,3000,1661610,10,0,3.6955,final_dense_eta_grid_steps3000_R20_v1
vicsek,4.0,rho_4,400,4.6,16,3000,1661611,11,0,3.7643,final_dense_eta_grid_steps3000_R20_v1
vicsek,4.0,rho_4,400,4.6,16,3000,1661612,12,0,3.6229,final_dense_eta_grid_steps3000_R20_v1
vicsek,4.0,rho_4,400,4.6,16,3000,1661613,13,0,3.6549,final_dense_eta_grid_steps3000_R20_v1
vicsek,4.0,rho_4,400,4.6,16,3000,1661614,14,0,3.8629,final_dense_eta_grid_steps3000_R20_v1
vicsek,4.0,rho_4,400,4.6,16,3000,1661615,15,0,3.9649,final_dense_eta_grid_steps3000_R20_v1
vicsek,4.0,rho_4,400,4.6,16,3000,1661616,16,0,3.8751,final_dense_eta_grid_steps3000_R20_v1
vicsek,4.0,rho_4,400,4.6,16,3000,1661617,17,0,3.9021,final_dense_eta_grid_steps3000_R20_v1
vicsek,4.0,rho_4,400,4.6,16,3000,1661618,18,0,3.6322,final_dense_eta_grid_steps3000_R20_v1
vicsek,4.0,rho_4,400,4.6,16,3000,1661619,19,0,3.8279,final_dense_eta_grid_steps3000_R20_v1
vicsek,4.0,rho_4,400,4.8,17,3000,1661700,0,0,3.6643,final_dense_eta_grid_steps3000_R20_v1
vicsek,4.0,rho_4,400,4.8,17,3000,1661701,1,0,3.623,final_dense_eta_grid_steps3000_R20_v1
vicsek,4.0,rho_4,400,4.8,17,3000,1661702,2,0,3.5453,final_dense_eta_grid_steps3000_R20_v1
vicsek,4.0,rho_4,400,4.8,17,3000,1661703,3,0,3.5636,final_dense_eta_grid_steps3000_R20_v1
vicsek,4.0,rho_4,400,4.8,17,3000,1661704,4,0,3.5188,final_dense_eta_grid_steps3000_R20_v1
vicsek,4.0,rho_4,400,4.8,17,3000,1661705,5,0,3.6503,final_dense_eta_grid_steps3000_R20_v1
vicsek,4.0,rho_4,400,4.8,17,3000,1661706,6,0,3.6488,final_dense_eta_grid_steps3000_R20_v1
vicsek,4.0,rho_4,400,4.8,17,3000,1661707,7,0,3.6699,final_dense_eta_grid_steps3000_R20_v1
vicsek,4.0,rho_4,400,4.8,17,3000,1661708,8,0,3.5813,final_dense_eta_grid_steps3000_R20_v1
vicsek,4.0,rho_4,400,4.8,17,3000,1661709,9,0,3.5656,final_dense_eta_grid_steps3000_R20_v1
vicsek,4.0,rho_4,400,4.8,17,3000,1661710,10,0,3.6999,final_dense_eta_grid_steps3000_R20_v1
vicsek,4.0,rho_4,400,4.8,17,3000,1661711,11,0,3.8098,final_dense_eta_grid_steps3000_R20_v1
vicsek,4.0,rho_4,400,4.8,17,3000,1661712,12,0,3.6732,final_dense_eta_grid_steps3000_R20_v1
vicsek,4.0,rho_4,400,4.8,17,3000,1661713,13,0,3.6607,final_dense_eta_grid_steps3000_R20_v1
vicsek,4.0,rho_4,400,4.8,17,3000,1661714,14,0,3.791,final_dense_eta_grid_steps3000_R20_v1
vicsek,4.0,rho_4,400,4.8,17,3000,1661715,15,0,3.59,final_dense_eta_grid_steps3000_R20_v1
vicsek,4.0,rho_4,400,4.8,17,3000,1661716,16,0,3.7422,final_dense_eta_grid_steps3000_R20_v1
vicsek,4.0,rho_4,400,4.8,17,3000,1661717,17,0,3.7721,final_dense_eta_grid_steps3000_R20_v1
vicsek,4.0,rho_4,400,4.8,17,3000,1661718,18,0,3.6248,final_dense_eta_grid_steps3000_R20_v1
vicsek,4.0,rho_4,400,4.8,17,3000,1661719,19,0,3.6382,final_dense_eta_grid_steps3000_R20_v1
vicsek,4,rho_4,400,5,,3000,1030000,0,0,,vicsek_eta0_6_deta0p5_steps3000_R20_v1
vicsek,4,rho_4,400,5,,3000,1030001,1,0,,vicsek_eta0_6_deta0p5_steps3000_R20_v1
vicsek,4,rho_4,400,5,,3000,1030002,2,0,,vicsek_eta0_6_deta0p5_steps3000_R20_v1
vicsek,4,rho_4,400,5,,3000,1030003,3,0,,vicsek_eta0_6_deta0p5_steps3000_R20_v1
vicsek,4,rho_4,400,5,,3000,1030004,4,0,,vicsek_eta0_6_deta0p5_steps3000_R20_v1
vicsek,4,rho_4,400,5,,3000,1030005,5,0,,vicsek_eta0_6_deta0p5_steps3000_R20_v1
vicsek,4,rho_4,400,5,,3000,1030006,6,0,,vicsek_eta0_6_deta0p5_steps3000_R20_v1
vicsek,4,rho_4,400,5,,3000,1030007,7,0,,vicsek_eta0_6_deta0p5_steps3000_R20_v1
vicsek,4,rho_4,400,5,,3000,1030008,8,0,,vicsek_eta0_6_deta0p5_steps3000_R20_v1
vicsek,4,rho_4,400,5,,3000,1030009,9,0,,vicsek_eta0_6_deta0p5_steps3000_R20_v1
vicsek,4,rho_4,400,5,,3000,1030010,10,0,,vicsek_eta0_6_deta0p5_steps3000_R20_v1
vicsek,4,rho_4,400,5,,3000,1030011,11,0,,vicsek_eta0_6_deta0p5_steps3000_R20_v1
vicsek,4,rho_4,400,5,,3000,1030012,12,0,,vicsek_eta0_6_deta0p5_steps3000_R20_v1
vicsek,4,rho_4,400,5,,3000,1030013,13,0,,vicsek_eta0_6_deta0p5_steps3000_R20_v1
vicsek,4,rho_4,400,5,,3000,1030014,14,0,,vicsek_eta0_6_deta0p5_steps3000_R20_v1
vicsek,4,rho_4,400,5,,3000,1030015,15,0,,vicsek_eta0_6_deta0p5_steps3000_R20_v1
vicsek,4,rho_4,400,5,,3000,1030016,16,0,,vicsek_eta0_6_deta0p5_steps3000_R20_v1
vicsek,4,rho_4,400,5,,3000,1030017,17,0,,vicsek_eta0_6_deta0p5_steps3000_R20_v1
vicsek,4,rho_4,400,5,,3000,1030018,18,0,,vicsek_eta0_6_deta0p5_steps3000_R20_v1
vicsek,4,rho_4,400,5,,3000,1030019,19,0,,vicsek_eta0_6_deta0p5_steps3000_R20_v1
vicsek,4.0,rho_4,400,5.2,18,3000,1661800,0,0,3.4968,final_dense_eta_grid_steps3000_R20_v1
vicsek,4.0,rho_4,400,5.2,18,3000,1661801,1,0,3.5185,final_dense_eta_grid_steps3000_R20_v1
vicsek,4.0,rho_4,400,5.2,18,3000,1661802,2,0,3.54,final_dense_eta_grid_steps3000_R20_v1
vicsek,4.0,rho_4,400,5.2,18,3000,1661803,3,0,3.4387,final_dense_eta_grid_steps3000_R20_v1
vicsek,4.0,rho_4,400,5.2,18,3000,1661804,4,0,3.5553,final_dense_eta_grid_steps3000_R20_v1
vicsek,4.0,rho_4,400,5.2,18,3000,1661805,5,0,3.4627,final_dense_eta_grid_steps3000_R20_v1
vicsek,4.0,rho_4,400,5.2,18,3000,1661806,6,0,3.5941,final_dense_eta_grid_steps3000_R20_v1
vicsek,4.0,rho_4,400,5.2,18,3000,1661807,7,0,3.4267,final_dense_eta_grid_steps3000_R20_v1
vicsek,4.0,rho_4,400,5.2,18,3000,1661808,8,0,3.5523,final_dense_eta_grid_steps3000_R20_v1
vicsek,4.0,rho_4,400,5.2,18,3000,1661809,9,0,3.5029,final_dense_eta_grid_steps3000_R20_v1
vicsek,4.0,rho_4,400,5.2,18,3000,1661810,10,0,3.566,final_dense_eta_grid_steps3000_R20_v1
vicsek,4.0,rho_4,400,5.2,18,3000,1661811,11,0,3.459,final_dense_eta_grid_steps3000_R20_v1
vicsek,4.0,rho_4,400,5.2,18,3000,1661812,12,0,3.4558,final_dense_eta_grid_steps3000_R20_v1
vicsek,4.0,rho_4,400,5.2,18,3000,1661813,13,0,3.4427,final_dense_eta_grid_steps3000_R20_v1
vicsek,4.0,rho_4,400,5.2,18,3000,1661814,14,0,3.5267,final_dense_eta_grid_steps3000_R20_v1
vicsek,4.0,rho_4,400,5.2,18,3000,1661815,15,0,3.5281,final_dense_eta_grid_steps3000_R20_v1
vicsek,4.0,rho_4,400,5.2,18,3000,1661816,16,0,3.6425,final_dense_eta_grid_steps3000_R20_v1
vicsek,4.0,rho_4,400,5.2,18,3000,1661817,17,0,3.5156,final_dense_eta_grid_steps3000_R20_v1
vicsek,4.0,rho_4,400,5.2,18,3000,1661818,18,0,3.5529,final_dense_eta_grid_steps3000_R20_v1
vicsek,4.0,rho_4,400,5.2,18,3000,1661819,19,0,3.4739,final_dense_eta_grid_steps3000_R20_v1
vicsek,4.0,rho_4,400,5.4,19,3000,1661900,0,0,3.5399,final_dense_eta_grid_steps3000_R20_v1
vicsek,4.0,rho_4,400,5.4,19,3000,1661901,1,0,3.3763,final_dense_eta_grid_steps3000_R20_v1
vicsek,4.0,rho_4,400,5.4,19,3000,1661902,2,0,3.3801,final_dense_eta_grid_steps3000_R20_v1
vicsek,4.0,rho_4,400,5.4,19,3000,1661903,3,0,3.4356,final_dense_eta_grid_steps3000_R20_v1
vicsek,4.0,rho_4,400,5.4,19,3000,1661904,4,0,3.4899,final_dense_eta_grid_steps3000_R20_v1
vicsek,4.0,rho_4,400,5.4,19,3000,1661905,5,0,3.5181,final_dense_eta_grid_steps3000_R20_v1
vicsek,4.0,rho_4,400,5.4,19,3000,1661906,6,0,3.3956,final_dense_eta_grid_steps3000_R20_v1
vicsek,4.0,rho_4,400,5.4,19,3000,1661907,7,0,3.4585,final_dense_eta_grid_steps3000_R20_v1
vicsek,4.0,rho_4,400,5.4,19,3000,1661908,8,0,3.4885,final_dense_eta_grid_steps3000_R20_v1
vicsek,4.0,rho_4,400,5.4,19,3000,1661909,9,0,3.4495,final_dense_eta_grid_steps3000_R20_v1
vicsek,4.0,rho_4,400,5.4,19,3000,1661910,10,0,3.4876,final_dense_eta_grid_steps3000_R20_v1
vicsek,4.0,rho_4,400,5.4,19,3000,1661911,11,0,3.5222,final_dense_eta_grid_steps3000_R20_v1
vicsek,4.0,rho_4,400,5.4,19,3000,1661912,12,0,3.5176,final_dense_eta_grid_steps3000_R20_v1
vicsek,4.0,rho_4,400,5.4,19,3000,1661913,13,0,3.5066,final_dense_eta_grid_steps3000_R20_v1
vicsek,4.0,rho_4,400,5.4,19,3000,1661914,14,0,3.446,final_dense_eta_grid_steps3000_R20_v1
vicsek,4.0,rho_4,400,5.4,19,3000,1661915,15,0,3.5066,final_dense_eta_grid_steps3000_R20_v1
vicsek,4.0,rho_4,400,5.4,19,3000,1661916,16,0,3.4959,final_dense_eta_grid_steps3000_R20_v1
vicsek,4.0,rho_4,400,5.4,19,3000,1661917,17,0,3.5393,final_dense_eta_grid_steps3000_R20_v1
vicsek,4.0,rho_4,400,5.4,19,3000,1661918,18,0,3.4943,final_dense_eta_grid_steps3000_R20_v1
vicsek,4.0,rho_4,400,5.4,19,3000,1661919,19,0,3.5661,final_dense_eta_grid_steps3000_R20_v1
vicsek,4.0,rho_4,400,5.6,20,3000,1662000,0,0,3.4874,final_dense_eta_grid_steps3000_R20_v1
vicsek,4.0,rho_4,400,5.6,20,3000,1662001,1,0,3.5249,final_dense_eta_grid_steps3000_R20_v1
vicsek,4.0,rho_4,400,5.6,20,3000,1662002,2,0,3.4531,final_dense_eta_grid_steps3000_R20_v1
vicsek,4.0,rho_4,400,5.6,20,3000,1662003,3,0,3.4258,final_dense_eta_grid_steps3000_R20_v1
vicsek,4.0,rho_4,400,5.6,20,3000,1662004,4,0,3.4485,final_dense_eta_grid_steps3000_R20_v1
vicsek,4.0,rho_4,400,5.6,20,3000,1662005,5,0,3.4171,final_dense_eta_grid_steps3000_R20_v1
vicsek,4.0,rho_4,400,5.6,20,3000,1662006,6,0,3.4563,final_dense_eta_grid_steps3000_R20_v1
vicsek,4.0,rho_4,400,5.6,20,3000,1662007,7,0,3.4309,final_dense_eta_grid_steps3000_R20_v1
vicsek,4.0,rho_4,400,5.6,20,3000,1662008,8,0,3.4162,final_dense_eta_grid_steps3000_R20_v1
vicsek,4.0,rho_4,400,5.6,20,3000,1662009,9,0,3.5452,final_dense_eta_grid_steps3000_R20_v1
vicsek,4.0,rho_4,400,5.6,20,3000,1662010,10,0,3.3627,final_dense_eta_grid_steps3000_R20_v1
vicsek,4.0,rho_4,400,5.6,20,3000,1662011,11,0,3.4278,final_dense_eta_grid_steps3000_R20_v1
vicsek,4.0,rho_4,400,5.6,20,3000,1662012,12,0,3.4046,final_dense_eta_grid_steps3000_R20_v1
vicsek,4.0,rho_4,400,5.6,20,3000,1662013,13,0,3.4676,final_dense_eta_grid_steps3000_R20_v1
vicsek,4.0,rho_4,400,5.6,20,3000,1662014,14,0,3.5271,final_dense_eta_grid_steps3000_R20_v1
vicsek,4.0,rho_4,400,5.6,20,3000,1662015,15,0,3.472,final_dense_eta_grid_steps3000_R20_v1
vicsek,4.0,rho_4,400,5.6,20,3000,1662016,16,0,3.5171,final_dense_eta_grid_steps3000_R20_v1
vicsek,4.0,rho_4,400,5.6,20,3000,1662017,17,0,3.5954,final_dense_eta_grid_steps3000_R20_v1
vicsek,4.0,rho_4,400,5.6,20,3000,1662018,18,0,3.4601,final_dense_eta_grid_steps3000_R20_v1
vicsek,4.0,rho_4,400,5.6,20,3000,1662019,19,0,3.4738,final_dense_eta_grid_steps3000_R20_v1
vicsek,4.0,rho_4,400,5.8,21,3000,1662100,0,0,3.4314,final_dense_eta_grid_steps3000_R20_v1
vicsek,4.0,rho_4,400,5.8,21,3000,1662101,1,0,3.4741,final_dense_eta_grid_steps3000_R20_v1
vicsek,4.0,rho_4,400,5.8,21,3000,1662102,2,0,3.5053,final_dense_eta_grid_steps3000_R20_v1
vicsek,4.0,rho_4,400,5.8,21,3000,1662103,3,0,3.4246,final_dense_eta_grid_steps3000_R20_v1
vicsek,4.0,rho_4,400,5.8,21,3000,1662104,4,0,3.3748,final_dense_eta_grid_steps3000_R20_v1
vicsek,4.0,rho_4,400,5.8,21,3000,1662105,5,0,3.382,final_dense_eta_grid_steps3000_R20_v1
vicsek,4.0,rho_4,400,5.8,21,3000,1662106,6,0,3.3447,final_dense_eta_grid_steps3000_R20_v1
vicsek,4.0,rho_4,400,5.8,21,3000,1662107,7,0,3.3907,final_dense_eta_grid_steps3000_R20_v1
vicsek,4.0,rho_4,400,5.8,21,3000,1662108,8,0,3.4051,final_dense_eta_grid_steps3000_R20_v1
vicsek,4.0,rho_4,400,5.8,21,3000,1662109,9,0,3.5138,final_dense_eta_grid_steps3000_R20_v1
vicsek,4.0,rho_4,400,5.8,21,3000,1662110,10,0,3.4062,final_dense_eta_grid_steps3000_R20_v1
vicsek,4.0,rho_4,400,5.8,21,3000,1662111,11,0,3.4052,final_dense_eta_grid_steps3000_R20_v1
vicsek,4.0,rho_4,400,5.8,21,3000,1662112,12,0,3.4623,final_dense_eta_grid_steps3000_R20_v1
vicsek,4.0,rho_4,400,5.8,21,3000,1662113,13,0,3.3461,final_dense_eta_grid_steps3000_R20_v1
vicsek,4.0,rho_4,400,5.8,21,3000,1662114,14,0,3.4613,final_dense_eta_grid_steps3000_R20_v1
vicsek,4.0,rho_4,400,5.8,21,3000,1662115,15,0,3.4517,final_dense_eta_grid_steps3000_R20_v1
vicsek,4.0,rho_4,400,5.8,21,3000,1662116,16,0,3.3896,final_dense_eta_grid_steps3000_R20_v1
vicsek,4.0,rho_4,400,5.8,21,3000,1662117,17,0,3.4465,final_dense_eta_grid_steps3000_R20_v1
vicsek,4.0,rho_4,400,5.8,21,3000,1662118,18,0,3.4034,final_dense_eta_grid_steps3000_R20_v1
vicsek,4.0,rho_4,400,5.8,21,3000,1662119,19,0,3.4669,final_dense_eta_grid_steps3000_R20_v1
vicsek,4,rho_4,400,6,,3000,1032000,0,0,,vicsek_eta0_6_deta0p5_steps3000_R20_v1
vicsek,4,rho_4,400,6,,3000,1032001,1,0,,vicsek_eta0_6_deta0p5_steps3000_R20_v1
vicsek,4,rho_4,400,6,,3000,1032002,2,0,,vicsek_eta0_6_deta0p5_steps3000_R20_v1
vicsek,4,rho_4,400,6,,3000,1032003,3,0,,vicsek_eta0_6_deta0p5_steps3000_R20_v1
vicsek,4,rho_4,400,6,,3000,1032004,4,0,,vicsek_eta0_6_deta0p5_steps3000_R20_v1
vicsek,4,rho_4,400,6,,3000,1032005,5,0,,vicsek_eta0_6_deta0p5_steps3000_R20_v1
vicsek,4,rho_4,400,6,,3000,1032006,6,0,,vicsek_eta0_6_deta0p5_steps3000_R20_v1
vicsek,4,rho_4,400,6,,3000,1032007,7,0,,vicsek_eta0_6_deta0p5_steps3000_R20_v1
vicsek,4,rho_4,400,6,,3000,1032008,8,0,,vicsek_eta0_6_deta0p5_steps3000_R20_v1
vicsek,4,rho_4,400,6,,3000,1032009,9,0,,vicsek_eta0_6_deta0p5_steps3000_R20_v1
vicsek,4,rho_4,400,6,,3000,1032010,10,0,,vicsek_eta0_6_deta0p5_steps3000_R20_v1
vicsek,4,rho_4,400,6,,3000,1032011,11,0,,vicsek_eta0_6_deta0p5_steps3000_R20_v1
vicsek,4,rho_4,400,6,,3000,1032012,12,0,,vicsek_eta0_6_deta0p5_steps3000_R20_v1
vicsek,4,rho_4,400,6,,3000,1032013,13,0,,vicsek_eta0_6_deta0p5_steps3000_R20_v1
vicsek,4,rho_4,400,6,,3000,1032014,14,0,,vicsek_eta0_6_deta0p5_steps3000_R20_v1
vicsek,4,rho_4,400,6,,3000,1032015,15,0,,vicsek_eta0_6_deta0p5_steps3000_R20_v1
vicsek,4,rho_4,400,6,,3000,1032016,16,0,,vicsek_eta0_6_deta0p5_steps3000_R20_v1
vicsek,4,rho_4,400,6,,3000,1032017,17,0,,vicsek_eta0_6_deta0p5_steps3000_R20_v1
vicsek,4,rho_4,400,6,,3000,1032018,18,0,,vicsek_eta0_6_deta0p5_steps3000_R20_v1
vicsek,4,rho_4,400,6,,3000,1032019,19,0,,vicsek_eta0_6_deta0p5_steps3000_R20_v1
vicsek,4.0,rho_4,400,6.2,22,3000,1662200,0,0,3.3666,final_dense_eta_grid_steps3000_R20_v1
vicsek,4.0,rho_4,400,6.2,22,3000,1662201,1,0,3.432,final_dense_eta_grid_steps3000_R20_v1
vicsek,4.0,rho_4,400,6.2,22,3000,1662202,2,0,3.3374,final_dense_eta_grid_steps3000_R20_v1
vicsek,4.0,rho_4,400,6.2,22,3000,1662203,3,0,3.3424,final_dense_eta_grid_steps3000_R20_v1
vicsek,4.0,rho_4,400,6.2,22,3000,1662204,4,0,3.3133,final_dense_eta_grid_steps3000_R20_v1
vicsek,4.0,rho_4,400,6.2,22,3000,1662205,5,0,3.4171,final_dense_eta_grid_steps3000_R20_v1
vicsek,4.0,rho_4,400,6.2,22,3000,1662206,6,0,3.3249,final_dense_eta_grid_steps3000_R20_v1
vicsek,4.0,rho_4,400,6.2,22,3000,1662207,7,0,3.3946,final_dense_eta_grid_steps3000_R20_v1
vicsek,4.0,rho_4,400,6.2,22,3000,1662208,8,0,3.3807,final_dense_eta_grid_steps3000_R20_v1
vicsek,4.0,rho_4,400,6.2,22,3000,1662209,9,0,3.4352,final_dense_eta_grid_steps3000_R20_v1
vicsek,4.0,rho_4,400,6.2,22,3000,1662210,10,0,3.3614,final_dense_eta_grid_steps3000_R20_v1
vicsek,4.0,rho_4,400,6.2,22,3000,1662211,11,0,3.4034,final_dense_eta_grid_steps3000_R20_v1
vicsek,4.0,rho_4,400,6.2,22,3000,1662212,12,0,3.3618,final_dense_eta_grid_steps3000_R20_v1
vicsek,4.0,rho_4,400,6.2,22,3000,1662213,13,0,3.3427,final_dense_eta_grid_steps3000_R20_v1
vicsek,4.0,rho_4,400,6.2,22,3000,1662214,14,0,3.3877,final_dense_eta_grid_steps3000_R20_v1
vicsek,4.0,rho_4,400,6.2,22,3000,1662215,15,0,3.37,final_dense_eta_grid_steps3000_R20_v1
vicsek,4.0,rho_4,400,6.2,22,3000,1662216,16,0,3.3745,final_dense_eta_grid_steps3000_R20_v1
vicsek,4.0,rho_4,400,6.2,22,3000,1662217,17,0,3.3083,final_dense_eta_grid_steps3000_R20_v1
vicsek,4.0,rho_4,400,6.2,22,3000,1662218,18,0,3.2996,final_dense_eta_grid_steps3000_R20_v1
vicsek,4.0,rho_4,400,6.2,22,3000,1662219,19,0,3.443,final_dense_eta_grid_steps3000_R20_v1
vicsek,8,rho_8,800,0,,3000,1120000,0,0,,vicsek_eta0_6_deta0p5_steps3000_R20_v1
vicsek,8,rho_8,800,0,,3000,1120001,1,0,,vicsek_eta0_6_deta0p5_steps3000_R20_v1
vicsek,8,rho_8,800,0,,3000,1120002,2,0,,vicsek_eta0_6_deta0p5_steps3000_R20_v1
vicsek,8,rho_8,800,0,,3000,1120003,3,0,,vicsek_eta0_6_deta0p5_steps3000_R20_v1
vicsek,8,rho_8,800,0,,3000,1120004,4,0,,vicsek_eta0_6_deta0p5_steps3000_R20_v1
vicsek,8,rho_8,800,0,,3000,1120005,5,0,,vicsek_eta0_6_deta0p5_steps3000_R20_v1
vicsek,8,rho_8,800,0,,3000,1120006,6,0,,vicsek_eta0_6_deta0p5_steps3000_R20_v1
vicsek,8,rho_8,800,0,,3000,1120007,7,0,,vicsek_eta0_6_deta0p5_steps3000_R20_v1
vicsek,8,rho_8,800,0,,3000,1120008,8,0,,vicsek_eta0_6_deta0p5_steps3000_R20_v1
vicsek,8,rho_8,800,0,,3000,1120009,9,0,,vicsek_eta0_6_deta0p5_steps3000_R20_v1
vicsek,8,rho_8,800,0,,3000,1120010,10,0,,vicsek_eta0_6_deta0p5_steps3000_R20_v1
vicsek,8,rho_8,800,0,,3000,1120011,11,0,,vicsek_eta0_6_deta0p5_steps3000_R20_v1
vicsek,8,rho_8,800,0,,3000,1120012,12,0,,vicsek_eta0_6_deta0p5_steps3000_R20_v1
vicsek,8,rho_8,800,0,,3000,1120013,13,0,,vicsek_eta0_6_deta0p5_steps3000_R20_v1
vicsek,8,rho_8,800,0,,3000,1120014,14,0,,vicsek_eta0_6_deta0p5_steps3000_R20_v1
vicsek,8,rho_8,800,0,,3000,1120015,15,0,,vicsek_eta0_6_deta0p5_steps3000_R20_v1
vicsek,8,rho_8,800,0,,3000,1120016,16,0,,vicsek_eta0_6_deta0p5_steps3000_R20_v1
vicsek,8,rho_8,800,0,,3000,1120017,17,0,,vicsek_eta0_6_deta0p5_steps3000_R20_v1
vicsek,8,rho_8,800,0,,3000,1120018,18,0,,vicsek_eta0_6_deta0p5_steps3000_R20_v1
vicsek,8,rho_8,800,0,,3000,1120019,19,0,,vicsek_eta0_6_deta0p5_steps3000_R20_v1
vicsek,8.0,rho_8,800,0.05,0,3000,1160000,0,0,13.7267,final_fine_grid_steps3000_R20_v1
vicsek,8.0,rho_8,800,0.05,0,3000,1160001,1,0,10.7795,final_fine_grid_steps3000_R20_v1
vicsek,8.0,rho_8,800,0.05,0,3000,1160002,2,0,11.2034,final_fine_grid_steps3000_R20_v1
vicsek,8.0,rho_8,800,0.05,0,3000,1160003,3,0,17.5036,final_fine_grid_steps3000_R20_v1
vicsek,8.0,rho_8,800,0.05,0,3000,1160004,4,0,11.7005,final_fine_grid_steps3000_R20_v1
vicsek,8.0,rho_8,800,0.05,0,3000,1160005,5,0,13.7668,final_fine_grid_steps3000_R20_v1
vicsek,8.0,rho_8,800,0.05,0,3000,1160006,6,0,15.6634,final_fine_grid_steps3000_R20_v1
vicsek,8.0,rho_8,800,0.05,0,3000,1160007,7,0,11.9777,final_fine_grid_steps3000_R20_v1
vicsek,8.0,rho_8,800,0.05,0,3000,1160008,8,0,13.8573,final_fine_grid_steps3000_R20_v1
vicsek,8.0,rho_8,800,0.05,0,3000,1160009,9,0,12.9233,final_fine_grid_steps3000_R20_v1
vicsek,8.0,rho_8,800,0.05,0,3000,1160010,10,0,12.4154,final_fine_grid_steps3000_R20_v1
vicsek,8.0,rho_8,800,0.05,0,3000,1160011,11,0,14.1001,final_fine_grid_steps3000_R20_v1
vicsek,8.0,rho_8,800,0.05,0,3000,1160012,12,0,15.8182,final_fine_grid_steps3000_R20_v1
vicsek,8.0,rho_8,800,0.05,0,3000,1160013,13,0,15.0327,final_fine_grid_steps3000_R20_v1
vicsek,8.0,rho_8,800,0.05,0,3000,1160014,14,0,17.809,final_fine_grid_steps3000_R20_v1
vicsek,8.0,rho_8,800,0.05,0,3000,1160015,15,0,12.0745,final_fine_grid_steps3000_R20_v1
vicsek,8.0,rho_8,800,0.05,0,3000,1160016,16,0,13.3363,final_fine_grid_steps3000_R20_v1
vicsek,8.0,rho_8,800,0.05,0,3000,1160017,17,0,16.0963,final_fine_grid_steps3000_R20_v1
vicsek,8.0,rho_8,800,0.05,0,3000,1160018,18,0,12.7279,final_fine_grid_steps3000_R20_v1
vicsek,8.0,rho_8,800,0.05,0,3000,1160019,19,0,16.0665,final_fine_grid_steps3000_R20_v1
vicsek,8.0,rho_8,800,0.1,1,3000,1160100,0,0,15.1541,final_fine_grid_steps3000_R20_v1
vicsek,8.0,rho_8,800,0.1,1,3000,1160101,1,0,12.928,final_fine_grid_steps3000_R20_v1
vicsek,8.0,rho_8,800,0.1,1,3000,1160102,2,0,15.2957,final_fine_grid_steps3000_R20_v1
vicsek,8.0,rho_8,800,0.1,1,3000,1160103,3,0,15.4892,final_fine_grid_steps3000_R20_v1
vicsek,8.0,rho_8,800,0.1,1,3000,1160104,4,0,14.3386,final_fine_grid_steps3000_R20_v1
vicsek,8.0,rho_8,800,0.1,1,3000,1160105,5,0,12.8041,final_fine_grid_steps3000_R20_v1
vicsek,8.0,rho_8,800,0.1,1,3000,1160106,6,0,13.9631,final_fine_grid_steps3000_R20_v1
vicsek,8.0,rho_8,800,0.1,1,3000,1160107,7,0,12.9282,final_fine_grid_steps3000_R20_v1
vicsek,8.0,rho_8,800,0.1,1,3000,1160108,8,0,12.05,final_fine_grid_steps3000_R20_v1
vicsek,8.0,rho_8,800,0.1,1,3000,1160109,9,0,16.8709,final_fine_grid_steps3000_R20_v1
vicsek,8.0,rho_8,800,0.1,1,3000,1160110,10,0,14.8512,final_fine_grid_steps3000_R20_v1
vicsek,8.0,rho_8,800,0.1,1,3000,1160111,11,0,16.1225,final_fine_grid_steps3000_R20_v1
vicsek,8.0,rho_8,800,0.1,1,3000,1160112,12,0,12.5618,final_fine_grid_steps3000_R20_v1
vicsek,8.0,rho_8,800,0.1,1,3000,1160113,13,0,13.1966,final_fine_grid_steps3000_R20_v1
vicsek,8.0,rho_8,800,0.1,1,3000,1160114,14,0,15.2665,final_fine_grid_steps3000_R20_v1
vicsek,8.0,rho_8,800,0.1,1,3000,1160115,15,0,15.6578,final_fine_grid_steps3000_R20_v1
vicsek,8.0,rho_8,800,0.1,1,3000,1160116,16,0,12.6106,final_fine_grid_steps3000_R20_v1
vicsek,8.0,rho_8,800,0.1,1,3000,1160117,17,0,16.1753,final_fine_grid_steps3000_R20_v1
vicsek,8.0,rho_8,800,0.1,1,3000,1160118,18,0,11.5228,final_fine_grid_steps3000_R20_v1
vicsek,8.0,rho_8,800,0.1,1,3000,1160119,19,0,13.6981,final_fine_grid_steps3000_R20_v1
vicsek,8.0,rho_8,800,0.15,2,3000,1160200,0,0,11.836,final_fine_grid_steps3000_R20_v1
vicsek,8.0,rho_8,800,0.15,2,3000,1160201,1,0,11.424,final_fine_grid_steps3000_R20_v1
vicsek,8.0,rho_8,800,0.15,2,3000,1160202,2,0,12.9929,final_fine_grid_steps3000_R20_v1
vicsek,8.0,rho_8,800,0.15,2,3000,1160203,3,0,16.6288,final_fine_grid_steps3000_R20_v1
vicsek,8.0,rho_8,800,0.15,2,3000,1160204,4,0,14.9871,final_fine_grid_steps3000_R20_v1
vicsek,8.0,rho_8,800,0.15,2,3000,1160205,5,0,12.1553,final_fine_grid_steps3000_R20_v1
vicsek,8.0,rho_8,800,0.15,2,3000,1160206,6,0,13.4398,final_fine_grid_steps3000_R20_v1
vicsek,8.0,rho_8,800,0.15,2,3000,1160207,7,0,13.7464,final_fine_grid_steps3000_R20_v1
vicsek,8.0,rho_8,800,0.15,2,3000,1160208,8,0,13.22,final_fine_grid_steps3000_R20_v1
vicsek,8.0,rho_8,800,0.15,2,3000,1160209,9,0,12.3625,final_fine_grid_steps3000_R20_v1
vicsek,8.0,rho_8,800,0.15,2,3000,1160210,10,0,10.9601,final_fine_grid_steps3000_R20_v1
vicsek,8.0,rho_8,800,0.15,2,3000,1160211,11,0,13.3156,final_fine_grid_steps3000_R20_v1
vicsek,8.0,rho_8,800,0.15,2,3000,1160212,12,0,11.1809,final_fine_grid_steps3000_R20_v1
vicsek,8.0,rho_8,800,0.15,2,3000,1160213,13,0,11.6544,final_fine_grid_steps3000_R20_v1
vicsek,8.0,rho_8,800,0.15,2,3000,1160214,14,0,13.044,final_fine_grid_steps3000_R20_v1
vicsek,8.0,rho_8,800,0.15,2,3000,1160215,15,0,10.8885,final_fine_grid_steps3000_R20_v1
vicsek,8.0,rho_8,800,0.15,2,3000,1160216,16,0,13.0269,final_fine_grid_steps3000_R20_v1
vicsek,8.0,rho_8,800,0.15,2,3000,1160217,17,0,17.6291,final_fine_grid_steps3000_R20_v1
vicsek,8.0,rho_8,800,0.15,2,3000,1160218,18,0,10.8072,final_fine_grid_steps3000_R20_v1
vicsek,8.0,rho_8,800,0.15,2,3000,1160219,19,0,12.4519,final_fine_grid_steps3000_R20_v1
vicsek,8.0,rho_8,800,0.2,3,3000,1160300,0,0,11.9204,final_fine_grid_steps3000_R20_v1
vicsek,8.0,rho_8,800,0.2,3,3000,1160301,1,0,13.2035,final_fine_grid_steps3000_R20_v1
vicsek,8.0,rho_8,800,0.2,3,3000,1160302,2,0,9.9913,final_fine_grid_steps3000_R20_v1
vicsek,8.0,rho_8,800,0.2,3,3000,1160303,3,0,14.3659,final_fine_grid_steps3000_R20_v1
vicsek,8.0,rho_8,800,0.2,3,3000,1160304,4,0,13.628,final_fine_grid_steps3000_R20_v1
vicsek,8.0,rho_8,800,0.2,3,3000,1160305,5,0,13.623,final_fine_grid_steps3000_R20_v1
vicsek,8.0,rho_8,800,0.2,3,3000,1160306,6,0,12.9185,final_fine_grid_steps3000_R20_v1
vicsek,8.0,rho_8,800,0.2,3,3000,1160307,7,0,13.0973,final_fine_grid_steps3000_R20_v1
vicsek,8.0,rho_8,800,0.2,3,3000,1160308,8,0,13.1809,final_fine_grid_steps3000_R20_v1
vicsek,8.0,rho_8,800,0.2,3,3000,1160309,9,0,14.6529,final_fine_grid_steps3000_R20_v1
vicsek,8.0,rho_8,800,0.2,3,3000,1160310,10,0,12.3389,final_fine_grid_steps3000_R20_v1
vicsek,8.0,rho_8,800,0.2,3,3000,1160311,11,0,13.4102,final_fine_grid_steps3000_R20_v1
vicsek,8.0,rho_8,800,0.2,3,3000,1160312,12,0,15.5507,final_fine_grid_steps3000_R20_v1
vicsek,8.0,rho_8,800,0.2,3,3000,1160313,13,0,11.3414,final_fine_grid_steps3000_R20_v1
vicsek,8.0,rho_8,800,0.2,3,3000,1160314,14,0,13.9012,final_fine_grid_steps3000_R20_v1
vicsek,8.0,rho_8,800,0.2,3,3000,1160315,15,0,11.3826,final_fine_grid_steps3000_R20_v1
vicsek,8.0,rho_8,800,0.2,3,3000,1160316,16,0,13.0895,final_fine_grid_steps3000_R20_v1
vicsek,8.0,rho_8,800,0.2,3,3000,1160317,17,0,14.8871,final_fine_grid_steps3000_R20_v1
vicsek,8.0,rho_8,800,0.2,3,3000,1160318,18,0,13.1012,final_fine_grid_steps3000_R20_v1
vicsek,8.0,rho_8,800,0.2,3,3000,1160319,19,0,12.0426,final_fine_grid_steps3000_R20_v1
vicsek,8.0,rho_8,800,0.3,4,3000,1160400,0,0,12.5058,final_fine_grid_steps3000_R20_v1
vicsek,8.0,rho_8,800,0.3,4,3000,1160401,1,0,15.2371,final_fine_grid_steps3000_R20_v1
vicsek,8.0,rho_8,800,0.3,4,3000,1160402,2,0,13.3891,final_fine_grid_steps3000_R20_v1
vicsek,8.0,rho_8,800,0.3,4,3000,1160403,3,0,11.9287,final_fine_grid_steps3000_R20_v1
vicsek,8.0,rho_8,800,0.3,4,3000,1160404,4,0,16.0051,final_fine_grid_steps3000_R20_v1
vicsek,8.0,rho_8,800,0.3,4,3000,1160405,5,0,13.4811,final_fine_grid_steps3000_R20_v1
vicsek,8.0,rho_8,800,0.3,4,3000,1160406,6,0,12.0673,final_fine_grid_steps3000_R20_v1
vicsek,8.0,rho_8,800,0.3,4,3000,1160407,7,0,13.4951,final_fine_grid_steps3000_R20_v1
vicsek,8.0,rho_8,800,0.3,4,3000,1160408,8,0,13.9647,final_fine_grid_steps3000_R20_v1
vicsek,8.0,rho_8,800,0.3,4,3000,1160409,9,0,15.6686,final_fine_grid_steps3000_R20_v1
vicsek,8.0,rho_8,800,0.3,4,3000,1160410,10,0,15.9973,final_fine_grid_steps3000_R20_v1
vicsek,8.0,rho_8,800,0.3,4,3000,1160411,11,0,14.3016,final_fine_grid_steps3000_R20_v1
vicsek,8.0,rho_8,800,0.3,4,3000,1160412,12,0,14.4154,final_fine_grid_steps3000_R20_v1
vicsek,8.0,rho_8,800,0.3,4,3000,1160413,13,0,16.7084,final_fine_grid_steps3000_R20_v1
vicsek,8.0,rho_8,800,0.3,4,3000,1160414,14,0,13.0427,final_fine_grid_steps3000_R20_v1
vicsek,8.0,rho_8,800,0.3,4,3000,1160415,15,0,12.1168,final_fine_grid_steps3000_R20_v1
vicsek,8.0,rho_8,800,0.3,4,3000,1160416,16,0,13.1671,final_fine_grid_steps3000_R20_v1
vicsek,8.0,rho_8,800,0.3,4,3000,1160417,17,0,11.8285,final_fine_grid_steps3000_R20_v1
vicsek,8.0,rho_8,800,0.3,4,3000,1160418,18,0,11.8948,final_fine_grid_steps3000_R20_v1
vicsek,8.0,rho_8,800,0.3,4,3000,1160419,19,0,13.3929,final_fine_grid_steps3000_R20_v1
vicsek,8.0,rho_8,800,0.4,5,3000,1160500,0,0,17.6787,final_fine_grid_steps3000_R20_v1
vicsek,8.0,rho_8,800,0.4,5,3000,1160501,1,0,14.3462,final_fine_grid_steps3000_R20_v1
vicsek,8.0,rho_8,800,0.4,5,3000,1160502,2,0,14.0313,final_fine_grid_steps3000_R20_v1
vicsek,8.0,rho_8,800,0.4,5,3000,1160503,3,0,18.6106,final_fine_grid_steps3000_R20_v1
vicsek,8.0,rho_8,800,0.4,5,3000,1160504,4,0,15.6437,final_fine_grid_steps3000_R20_v1
vicsek,8.0,rho_8,800,0.4,5,3000,1160505,5,0,17.2506,final_fine_grid_steps3000_R20_v1
vicsek,8.0,rho_8,800,0.4,5,3000,1160506,6,0,21.9919,final_fine_grid_steps3000_R20_v1
vicsek,8.0,rho_8,800,0.4,5,3000,1160507,7,0,21.3662,final_fine_grid_steps3000_R20_v1
vicsek,8.0,rho_8,800,0.4,5,3000,1160508,8,0,22.3868,final_fine_grid_steps3000_R20_v1
vicsek,8.0,rho_8,800,0.4,5,3000,1160509,9,0,19.9473,final_fine_grid_steps3000_R20_v1
vicsek,8.0,rho_8,800,0.4,5,3000,1160510,10,0,23.9299,final_fine_grid_steps3000_R20_v1
vicsek,8.0,rho_8,800,0.4,5,3000,1160511,11,0,20.053,final_fine_grid_steps3000_R20_v1
vicsek,8.0,rho_8,800,0.4,5,3000,1160512,12,0,23.3556,final_fine_grid_steps3000_R20_v1
vicsek,8.0,rho_8,800,0.4,5,3000,1160513,13,0,19.6139,final_fine_grid_steps3000_R20_v1
vicsek,8.0,rho_8,800,0.4,5,3000,1160514,14,0,23.9969,final_fine_grid_steps3000_R20_v1
vicsek,8.0,rho_8,800,0.4,5,3000,1160515,15,0,19.1282,final_fine_grid_steps3000_R20_v1
vicsek,8.0,rho_8,800,0.4,5,3000,1160516,16,0,17.1106,final_fine_grid_steps3000_R20_v1
vicsek,8.0,rho_8,800,0.4,5,3000,1160517,17,0,17.0005,final_fine_grid_steps3000_R20_v1
vicsek,8.0,rho_8,800,0.4,5,3000,1160518,18,0,15.305,final_fine_grid_steps3000_R20_v1
vicsek,8.0,rho_8,800,0.4,5,3000,1160519,19,0,18.2206,final_fine_grid_steps3000_R20_v1
vicsek,8,rho_8,800,0.5,,3000,1121000,0,0,,vicsek_eta0_6_deta0p5_steps3000_R20_v1
vicsek,8,rho_8,800,0.5,,3000,1121001,1,0,,vicsek_eta0_6_deta0p5_steps3000_R20_v1
vicsek,8,rho_8,800,0.5,,3000,1121002,2,0,,vicsek_eta0_6_deta0p5_steps3000_R20_v1
vicsek,8,rho_8,800,0.5,,3000,1121003,3,0,,vicsek_eta0_6_deta0p5_steps3000_R20_v1
vicsek,8,rho_8,800,0.5,,3000,1121004,4,0,,vicsek_eta0_6_deta0p5_steps3000_R20_v1
vicsek,8,rho_8,800,0.5,,3000,1121005,5,0,,vicsek_eta0_6_deta0p5_steps3000_R20_v1
vicsek,8,rho_8,800,0.5,,3000,1121006,6,0,,vicsek_eta0_6_deta0p5_steps3000_R20_v1
vicsek,8,rho_8,800,0.5,,3000,1121007,7,0,,vicsek_eta0_6_deta0p5_steps3000_R20_v1
vicsek,8,rho_8,800,0.5,,3000,1121008,8,0,,vicsek_eta0_6_deta0p5_steps3000_R20_v1
vicsek,8,rho_8,800,0.5,,3000,1121009,9,0,,vicsek_eta0_6_deta0p5_steps3000_R20_v1
vicsek,8,rho_8,800,0.5,,3000,1121010,10,0,,vicsek_eta0_6_deta0p5_steps3000_R20_v1
vicsek,8,rho_8,800,0.5,,3000,1121011,11,0,,vicsek_eta0_6_deta0p5_steps3000_R20_v1
vicsek,8,rho_8,800,0.5,,3000,1121012,12,0,,vicsek_eta0_6_deta0p5_steps3000_R20_v1
vicsek,8,rho_8,800,0.5,,3000,1121013,13,0,,vicsek_eta0_6_deta0p5_steps3000_R20_v1
vicsek,8,rho_8,800,0.5,,3000,1121014,14,0,,vicsek_eta0_6_deta0p5_steps3000_R20_v1
vicsek,8,rho_8,800,0.5,,3000,1121015,15,0,,vicsek_eta0_6_deta0p5_steps3000_R20_v1
vicsek,8,rho_8,800,0.5,,3000,1121016,16,0,,vicsek_eta0_6_deta0p5_steps3000_R20_v1
vicsek,8,rho_8,800,0.5,,3000,1121017,17,0,,vicsek_eta0_6_deta0p5_steps3000_R20_v1
vicsek,8,rho_8,800,0.5,,3000,1121018,18,0,,vicsek_eta0_6_deta0p5_steps3000_R20_v1
vicsek,8,rho_8,800,0.5,,3000,1121019,19,0,,vicsek_eta0_6_deta0p5_steps3000_R20_v1
vicsek,8.0,rho_8,800,0.6,0,3000,1720000,0,0,14.0857,final_dense_eta_grid_steps3000_R20_v1
vicsek,8.0,rho_8,800,0.6,0,3000,1720001,1,0,13.3861,final_dense_eta_grid_steps3000_R20_v1
vicsek,8.0,rho_8,800,0.6,0,3000,1720002,2,0,10.7229,final_dense_eta_grid_steps3000_R20_v1
vicsek,8.0,rho_8,800,0.6,0,3000,1720003,3,0,10.422,final_dense_eta_grid_steps3000_R20_v1
vicsek,8.0,rho_8,800,0.6,0,3000,1720004,4,0,14.8048,final_dense_eta_grid_steps3000_R20_v1
vicsek,8.0,rho_8,800,0.6,0,3000,1720005,5,0,13.9314,final_dense_eta_grid_steps3000_R20_v1
vicsek,8.0,rho_8,800,0.6,0,3000,1720006,6,0,13.4968,final_dense_eta_grid_steps3000_R20_v1
vicsek,8.0,rho_8,800,0.6,0,3000,1720007,7,0,12.0159,final_dense_eta_grid_steps3000_R20_v1
vicsek,8.0,rho_8,800,0.6,0,3000,1720008,8,0,12.8506,final_dense_eta_grid_steps3000_R20_v1
vicsek,8.0,rho_8,800,0.6,0,3000,1720009,9,0,12.5337,final_dense_eta_grid_steps3000_R20_v1
vicsek,8.0,rho_8,800,0.6,0,3000,1720010,10,0,10.7769,final_dense_eta_grid_steps3000_R20_v1
vicsek,8.0,rho_8,800,0.6,0,3000,1720011,11,0,13.6748,final_dense_eta_grid_steps3000_R20_v1
vicsek,8.0,rho_8,800,0.6,0,3000,1720012,12,0,11.1717,final_dense_eta_grid_steps3000_R20_v1
vicsek,8.0,rho_8,800,0.6,0,3000,1720013,13,0,14.0239,final_dense_eta_grid_steps3000_R20_v1
vicsek,8.0,rho_8,800,0.6,0,3000,1720014,14,0,13.4172,final_dense_eta_grid_steps3000_R20_v1
vicsek,8.0,rho_8,800,0.6,0,3000,1720015,15,0,10.7692,final_dense_eta_grid_steps3000_R20_v1
vicsek,8.0,rho_8,800,0.6,0,3000,1720016,16,0,11.4766,final_dense_eta_grid_steps3000_R20_v1
vicsek,8.0,rho_8,800,0.6,0,3000,1720017,17,0,10.567,final_dense_eta_grid_steps3000_R20_v1
vicsek,8.0,rho_8,800,0.6,0,3000,1720018,18,0,13.569,final_dense_eta_grid_steps3000_R20_v1
vicsek,8.0,rho_8,800,0.6,0,3000,1720019,19,0,10.0846,final_dense_eta_grid_steps3000_R20_v1
vicsek,8.0,rho_8,800,0.8,1,3000,1720100,0,0,12.29,final_dense_eta_grid_steps3000_R20_v1
vicsek,8.0,rho_8,800,0.8,1,3000,1720101,1,0,12.0805,final_dense_eta_grid_steps3000_R20_v1
vicsek,8.0,rho_8,800,0.8,1,3000,1720102,2,0,10.4068,final_dense_eta_grid_steps3000_R20_v1
vicsek,8.0,rho_8,800,0.8,1,3000,1720103,3,0,11.9308,final_dense_eta_grid_steps3000_R20_v1
vicsek,8.0,rho_8,800,0.8,1,3000,1720104,4,0,11.8292,final_dense_eta_grid_steps3000_R20_v1
vicsek,8.0,rho_8,800,0.8,1,3000,1720105,5,0,10.2928,final_dense_eta_grid_steps3000_R20_v1
vicsek,8.0,rho_8,800,0.8,1,3000,1720106,6,0,10.3779,final_dense_eta_grid_steps3000_R20_v1
vicsek,8.0,rho_8,800,0.8,1,3000,1720107,7,0,16.4552,final_dense_eta_grid_steps3000_R20_v1
vicsek,8.0,rho_8,800,0.8,1,3000,1720108,8,0,13.2548,final_dense_eta_grid_steps3000_R20_v1
vicsek,8.0,rho_8,800,0.8,1,3000,1720109,9,0,12.6485,final_dense_eta_grid_steps3000_R20_v1
vicsek,8.0,rho_8,800,0.8,1,3000,1720110,10,0,11.1403,final_dense_eta_grid_steps3000_R20_v1
vicsek,8.0,rho_8,800,0.8,1,3000,1720111,11,0,11.9571,final_dense_eta_grid_steps3000_R20_v1
vicsek,8.0,rho_8,800,0.8,1,3000,1720112,12,0,11.6022,final_dense_eta_grid_steps3000_R20_v1
vicsek,8.0,rho_8,800,0.8,1,3000,1720113,13,0,10.1641,final_dense_eta_grid_steps3000_R20_v1
vicsek,8.0,rho_8,800,0.8,1,3000,1720114,14,0,10.4578,final_dense_eta_grid_steps3000_R20_v1
vicsek,8.0,rho_8,800,0.8,1,3000,1720115,15,0,14.4912,final_dense_eta_grid_steps3000_R20_v1
vicsek,8.0,rho_8,800,0.8,1,3000,1720116,16,0,10.4501,final_dense_eta_grid_steps3000_R20_v1
vicsek,8.0,rho_8,800,0.8,1,3000,1720117,17,0,11.7462,final_dense_eta_grid_steps3000_R20_v1
vicsek,8.0,rho_8,800,0.8,1,3000,1720118,18,0,11.7412,final_dense_eta_grid_steps3000_R20_v1
vicsek,8.0,rho_8,800,0.8,1,3000,1720119,19,0,13.3612,final_dense_eta_grid_steps3000_R20_v1
vicsek,8,rho_8,800,1,,3000,1122000,0,0,,vicsek_eta0_6_deta0p5_steps3000_R20_v1
vicsek,8,rho_8,800,1,,3000,1122001,1,0,,vicsek_eta0_6_deta0p5_steps3000_R20_v1
vicsek,8,rho_8,800,1,,3000,1122002,2,0,,vicsek_eta0_6_deta0p5_steps3000_R20_v1
vicsek,8,rho_8,800,1,,3000,1122003,3,0,,vicsek_eta0_6_deta0p5_steps3000_R20_v1
vicsek,8,rho_8,800,1,,3000,1122004,4,0,,vicsek_eta0_6_deta0p5_steps3000_R20_v1
vicsek,8,rho_8,800,1,,3000,1122005,5,0,,vicsek_eta0_6_deta0p5_steps3000_R20_v1
vicsek,8,rho_8,800,1,,3000,1122006,6,0,,vicsek_eta0_6_deta0p5_steps3000_R20_v1
vicsek,8,rho_8,800,1,,3000,1122007,7,0,,vicsek_eta0_6_deta0p5_steps3000_R20_v1
vicsek,8,rho_8,800,1,,3000,1122008,8,0,,vicsek_eta0_6_deta0p5_steps3000_R20_v1
vicsek,8,rho_8,800,1,,3000,1122009,9,0,,vicsek_eta0_6_deta0p5_steps3000_R20_v1
vicsek,8,rho_8,800,1,,3000,1122010,10,0,,vicsek_eta0_6_deta0p5_steps3000_R20_v1
vicsek,8,rho_8,800,1,,3000,1122011,11,0,,vicsek_eta0_6_deta0p5_steps3000_R20_v1
vicsek,8,rho_8,800,1,,3000,1122012,12,0,,vicsek_eta0_6_deta0p5_steps3000_R20_v1
vicsek,8,rho_8,800,1,,3000,1122013,13,0,,vicsek_eta0_6_deta0p5_steps3000_R20_v1
vicsek,8,rho_8,800,1,,3000,1122014,14,0,,vicsek_eta0_6_deta0p5_steps3000_R20_v1
vicsek,8,rho_8,800,1,,3000,1122015,15,0,,vicsek_eta0_6_deta0p5_steps3000_R20_v1
vicsek,8,rho_8,800,1,,3000,1122016,16,0,,vicsek_eta0_6_deta0p5_steps3000_R20_v1
vicsek,8,rho_8,800,1,,3000,1122017,17,0,,vicsek_eta0_6_deta0p5_steps3000_R20_v1
vicsek,8,rho_8,800,1,,3000,1122018,18,0,,vicsek_eta0_6_deta0p5_steps3000_R20_v1
vicsek,8,rho_8,800,1,,3000,1122019,19,0,,vicsek_eta0_6_deta0p5_steps3000_R20_v1
vicsek,8.0,rho_8,800,1.2,2,3000,1720200,0,0,11.9984,final_dense_eta_grid_steps3000_R20_v1
vicsek,8.0,rho_8,800,1.2,2,3000,1720201,1,0,14.9153,final_dense_eta_grid_steps3000_R20_v1
vicsek,8.0,rho_8,800,1.2,2,3000,1720202,2,0,11.7927,final_dense_eta_grid_steps3000_R20_v1
vicsek,8.0,rho_8,800,1.2,2,3000,1720203,3,0,13.1206,final_dense_eta_grid_steps3000_R20_v1
vicsek,8.0,rho_8,800,1.2,2,3000,1720204,4,0,11.7953,final_dense_eta_grid_steps3000_R20_v1
vicsek,8.0,rho_8,800,1.2,2,3000,1720205,5,0,13.9853,final_dense_eta_grid_steps3000_R20_v1
vicsek,8.0,rho_8,800,1.2,2,3000,1720206,6,0,10.2385,final_dense_eta_grid_steps3000_R20_v1
vicsek,8.0,rho_8,800,1.2,2,3000,1720207,7,0,13.1048,final_dense_eta_grid_steps3000_R20_v1
vicsek,8.0,rho_8,800,1.2,2,3000,1720208,8,0,9.6908,final_dense_eta_grid_steps3000_R20_v1
vicsek,8.0,rho_8,800,1.2,2,3000,1720209,9,0,11.7984,final_dense_eta_grid_steps3000_R20_v1
vicsek,8.0,rho_8,800,1.2,2,3000,1720210,10,0,12.9085,final_dense_eta_grid_steps3000_R20_v1
vicsek,8.0,rho_8,800,1.2,2,3000,1720211,11,0,11.5154,final_dense_eta_grid_steps3000_R20_v1
vicsek,8.0,rho_8,800,1.2,2,3000,1720212,12,0,12.3482,final_dense_eta_grid_steps3000_R20_v1
vicsek,8.0,rho_8,800,1.2,2,3000,1720213,13,0,11.0589,final_dense_eta_grid_steps3000_R20_v1
vicsek,8.0,rho_8,800,1.2,2,3000,1720214,14,0,12.2647,final_dense_eta_grid_steps3000_R20_v1
vicsek,8.0,rho_8,800,1.2,2,3000,1720215,15,0,10.7598,final_dense_eta_grid_steps3000_R20_v1
vicsek,8.0,rho_8,800,1.2,2,3000,1720216,16,0,11.429,final_dense_eta_grid_steps3000_R20_v1
vicsek,8.0,rho_8,800,1.2,2,3000,1720217,17,0,12.5815,final_dense_eta_grid_steps3000_R20_v1
vicsek,8.0,rho_8,800,1.2,2,3000,1720218,18,0,12.6975,final_dense_eta_grid_steps3000_R20_v1
vicsek,8.0,rho_8,800,1.2,2,3000,1720219,19,0,10.5488,final_dense_eta_grid_steps3000_R20_v1
vicsek,8.0,rho_8,800,1.4,3,3000,1720300,0,0,13.5248,final_dense_eta_grid_steps3000_R20_v1
vicsek,8.0,rho_8,800,1.4,3,3000,1720301,1,0,12.3921,final_dense_eta_grid_steps3000_R20_v1
vicsek,8.0,rho_8,800,1.4,3,3000,1720302,2,0,13.4993,final_dense_eta_grid_steps3000_R20_v1
vicsek,8.0,rho_8,800,1.4,3,3000,1720303,3,0,12.2228,final_dense_eta_grid_steps3000_R20_v1
vicsek,8.0,rho_8,800,1.4,3,3000,1720304,4,0,11.0959,final_dense_eta_grid_steps3000_R20_v1
vicsek,8.0,rho_8,800,1.4,3,3000,1720305,5,0,10.7987,final_dense_eta_grid_steps3000_R20_v1
vicsek,8.0,rho_8,800,1.4,3,3000,1720306,6,0,11.2052,final_dense_eta_grid_steps3000_R20_v1
vicsek,8.0,rho_8,800,1.4,3,3000,1720307,7,0,11.0381,final_dense_eta_grid_steps3000_R20_v1
vicsek,8.0,rho_8,800,1.4,3,3000,1720308,8,0,12.1543,final_dense_eta_grid_steps3000_R20_v1
vicsek,8.0,rho_8,800,1.4,3,3000,1720309,9,0,12.9263,final_dense_eta_grid_steps3000_R20_v1
vicsek,8.0,rho_8,800,1.4,3,3000,1720310,10,0,10.321,final_dense_eta_grid_steps3000_R20_v1
vicsek,8.0,rho_8,800,1.4,3,3000,1720311,11,0,13.1938,final_dense_eta_grid_steps3000_R20_v1
vicsek,8.0,rho_8,800,1.4,3,3000,1720312,12,0,12.7294,final_dense_eta_grid_steps3000_R20_v1
vicsek,8.0,rho_8,800,1.4,3,3000,1720313,13,0,10.4809,final_dense_eta_grid_steps3000_R20_v1
vicsek,8.0,rho_8,800,1.4,3,3000,1720314,14,0,10.542,final_dense_eta_grid_steps3000_R20_v1
vicsek,8.0,rho_8,800,1.4,3,3000,1720315,15,0,11.6644,final_dense_eta_grid_steps3000_R20_v1
vicsek,8.0,rho_8,800,1.4,3,3000,1720316,16,0,11.0765,final_dense_eta_grid_steps3000_R20_v1
vicsek,8.0,rho_8,800,1.4,3,3000,1720317,17,0,14.6929,final_dense_eta_grid_steps3000_R20_v1
vicsek,8.0,rho_8,800,1.4,3,3000,1720318,18,0,11.401,final_dense_eta_grid_steps3000_R20_v1
vicsek,8.0,rho_8,800,1.4,3,3000,1720319,19,0,11.6406,final_dense_eta_grid_steps3000_R20_v1
vicsek,8.0,rho_8,800,1.6,4,3000,1720400,0,0,11.9084,final_dense_eta_grid_steps3000_R20_v1
vicsek,8.0,rho_8,800,1.6,4,3000,1720401,1,0,11.8313,final_dense_eta_grid_steps3000_R20_v1
vicsek,8.0,rho_8,800,1.6,4,3000,1720402,2,0,11.3837,final_dense_eta_grid_steps3000_R20_v1
vicsek,8.0,rho_8,800,1.6,4,3000,1720403,3,0,11.909,final_dense_eta_grid_steps3000_R20_v1
vicsek,8.0,rho_8,800,1.6,4,3000,1720404,4,0,11.662,final_dense_eta_grid_steps3000_R20_v1
vicsek,8.0,rho_8,800,1.6,4,3000,1720405,5,0,11.3302,final_dense_eta_grid_steps3000_R20_v1
vicsek,8.0,rho_8,800,1.6,4,3000,1720406,6,0,11.5251,final_dense_eta_grid_steps3000_R20_v1
vicsek,8.0,rho_8,800,1.6,4,3000,1720407,7,0,13.2624,final_dense_eta_grid_steps3000_R20_v1
vicsek,8.0,rho_8,800,1.6,4,3000,1720408,8,0,13.3255,final_dense_eta_grid_steps3000_R20_v1
vicsek,8.0,rho_8,800,1.6,4,3000,1720409,9,0,13.1915,final_dense_eta_grid_steps3000_R20_v1
vicsek,8.0,rho_8,800,1.6,4,3000,1720410,10,0,13.2438,final_dense_eta_grid_steps3000_R20_v1
vicsek,8.0,rho_8,800,1.6,4,3000,1720411,11,0,11.8746,final_dense_eta_grid_steps3000_R20_v1
vicsek,8.0,rho_8,800,1.6,4,3000,1720412,12,0,12.5349,final_dense_eta_grid_steps3000_R20_v1
vicsek,8.0,rho_8,800,1.6,4,3000,1720413,13,0,12.9079,final_dense_eta_grid_steps3000_R20_v1
vicsek,8.0,rho_8,800,1.6,4,3000,1720414,14,0,11.4687,final_dense_eta_grid_steps3000_R20_v1
vicsek,8.0,rho_8,800,1.6,4,3000,1720415,15,0,12.1878,final_dense_eta_grid_steps3000_R20_v1
vicsek,8.0,rho_8,800,1.6,4,3000,1720416,16,0,13.5952,final_dense_eta_grid_steps3000_R20_v1
vicsek,8.0,rho_8,800,1.6,4,3000,1720417,17,0,11.4782,final_dense_eta_grid_steps3000_R20_v1
vicsek,8.0,rho_8,800,1.6,4,3000,1720418,18,0,11.4032,final_dense_eta_grid_steps3000_R20_v1
vicsek,8.0,rho_8,800,1.6,4,3000,1720419,19,0,12.3188,final_dense_eta_grid_steps3000_R20_v1
vicsek,8.0,rho_8,800,1.8,5,3000,1720500,0,0,10.2403,final_dense_eta_grid_steps3000_R20_v1
vicsek,8.0,rho_8,800,1.8,5,3000,1720501,1,0,11.0134,final_dense_eta_grid_steps3000_R20_v1
vicsek,8.0,rho_8,800,1.8,5,3000,1720502,2,0,11.3928,final_dense_eta_grid_steps3000_R20_v1
vicsek,8.0,rho_8,800,1.8,5,3000,1720503,3,0,12.0471,final_dense_eta_grid_steps3000_R20_v1
vicsek,8.0,rho_8,800,1.8,5,3000,1720504,4,0,10.6831,final_dense_eta_grid_steps3000_R20_v1
vicsek,8.0,rho_8,800,1.8,5,3000,1720505,5,0,10.9291,final_dense_eta_grid_steps3000_R20_v1
vicsek,8.0,rho_8,800,1.8,5,3000,1720506,6,0,15.2544,final_dense_eta_grid_steps3000_R20_v1
vicsek,8.0,rho_8,800,1.8,5,3000,1720507,7,0,11.6729,final_dense_eta_grid_steps3000_R20_v1
vicsek,8.0,rho_8,800,1.8,5,3000,1720508,8,0,11.5778,final_dense_eta_grid_steps3000_R20_v1
vicsek,8.0,rho_8,800,1.8,5,3000,1720509,9,0,14.4289,final_dense_eta_grid_steps3000_R20_v1
vicsek,8.0,rho_8,800,1.8,5,3000,1720510,10,0,11.1513,final_dense_eta_grid_steps3000_R20_v1
vicsek,8.0,rho_8,800,1.8,5,3000,1720511,11,0,12.6112,final_dense_eta_grid_steps3000_R20_v1
vicsek,8.0,rho_8,800,1.8,5,3000,1720512,12,0,11.8101,final_dense_eta_grid_steps3000_R20_v1
vicsek,8.0,rho_8,800,1.8,5,3000,1720513,13,0,12.7265,final_dense_eta_grid_steps3000_R20_v1
vicsek,8.0,rho_8,800,1.8,5,3000,1720514,14,0,10.4609,final_dense_eta_grid_steps3000_R20_v1
vicsek,8.0,rho_8,800,1.8,5,3000,1720515,15,0,11.4186,final_dense_eta_grid_steps3000_R20_v1
vicsek,8.0,rho_8,800,1.8,5,3000,1720516,16,0,12.9369,final_dense_eta_grid_steps3000_R20_v1
vicsek,8.0,rho_8,800,1.8,5,3000,1720517,17,0,12.0958,final_dense_eta_grid_steps3000_R20_v1
vicsek,8.0,rho_8,800,1.8,5,3000,1720518,18,0,11.9363,final_dense_eta_grid_steps3000_R20_v1
vicsek,8.0,rho_8,800,1.8,5,3000,1720519,19,0,12.0982,final_dense_eta_grid_steps3000_R20_v1
vicsek,8,rho_8,800,2,,3000,1124000,0,0,,vicsek_eta0_6_deta0p5_steps3000_R20_v1
vicsek,8,rho_8,800,2,,3000,1124001,1,0,,vicsek_eta0_6_deta0p5_steps3000_R20_v1
vicsek,8,rho_8,800,2,,3000,1124002,2,0,,vicsek_eta0_6_deta0p5_steps3000_R20_v1
vicsek,8,rho_8,800,2,,3000,1124003,3,0,,vicsek_eta0_6_deta0p5_steps3000_R20_v1
vicsek,8,rho_8,800,2,,3000,1124004,4,0,,vicsek_eta0_6_deta0p5_steps3000_R20_v1
vicsek,8,rho_8,800,2,,3000,1124005,5,0,,vicsek_eta0_6_deta0p5_steps3000_R20_v1
vicsek,8,rho_8,800,2,,3000,1124006,6,0,,vicsek_eta0_6_deta0p5_steps3000_R20_v1
vicsek,8,rho_8,800,2,,3000,1124007,7,0,,vicsek_eta0_6_deta0p5_steps3000_R20_v1
vicsek,8,rho_8,800,2,,3000,1124008,8,0,,vicsek_eta0_6_deta0p5_steps3000_R20_v1
vicsek,8,rho_8,800,2,,3000,1124009,9,0,,vicsek_eta0_6_deta0p5_steps3000_R20_v1
vicsek,8,rho_8,800,2,,3000,1124010,10,0,,vicsek_eta0_6_deta0p5_steps3000_R20_v1
vicsek,8,rho_8,800,2,,3000,1124011,11,0,,vicsek_eta0_6_deta0p5_steps3000_R20_v1
vicsek,8,rho_8,800,2,,3000,1124012,12,0,,vicsek_eta0_6_deta0p5_steps3000_R20_v1
vicsek,8,rho_8,800,2,,3000,1124013,13,0,,vicsek_eta0_6_deta0p5_steps3000_R20_v1
vicsek,8,rho_8,800,2,,3000,1124014,14,0,,vicsek_eta0_6_deta0p5_steps3000_R20_v1
vicsek,8,rho_8,800,2,,3000,1124015,15,0,,vicsek_eta0_6_deta0p5_steps3000_R20_v1
vicsek,8,rho_8,800,2,,3000,1124016,16,0,,vicsek_eta0_6_deta0p5_steps3000_R20_v1
vicsek,8,rho_8,800,2,,3000,1124017,17,0,,vicsek_eta0_6_deta0p5_steps3000_R20_v1
vicsek,8,rho_8,800,2,,3000,1124018,18,0,,vicsek_eta0_6_deta0p5_steps3000_R20_v1
vicsek,8,rho_8,800,2,,3000,1124019,19,0,,vicsek_eta0_6_deta0p5_steps3000_R20_v1
vicsek,8.0,rho_8,800,2.2,6,3000,1720600,0,0,13.3922,final_dense_eta_grid_steps3000_R20_v1
vicsek,8.0,rho_8,800,2.2,6,3000,1720601,1,0,11.2445,final_dense_eta_grid_steps3000_R20_v1
vicsek,8.0,rho_8,800,2.2,6,3000,1720602,2,0,12.0087,final_dense_eta_grid_steps3000_R20_v1
vicsek,8.0,rho_8,800,2.2,6,3000,1720603,3,0,11.824,final_dense_eta_grid_steps3000_R20_v1
vicsek,8.0,rho_8,800,2.2,6,3000,1720604,4,0,11.6483,final_dense_eta_grid_steps3000_R20_v1
vicsek,8.0,rho_8,800,2.2,6,3000,1720605,5,0,12.606,final_dense_eta_grid_steps3000_R20_v1
vicsek,8.0,rho_8,800,2.2,6,3000,1720606,6,0,12.1176,final_dense_eta_grid_steps3000_R20_v1
vicsek,8.0,rho_8,800,2.2,6,3000,1720607,7,0,12.7324,final_dense_eta_grid_steps3000_R20_v1
vicsek,8.0,rho_8,800,2.2,6,3000,1720608,8,0,13.2265,final_dense_eta_grid_steps3000_R20_v1
vicsek,8.0,rho_8,800,2.2,6,3000,1720609,9,0,15.5696,final_dense_eta_grid_steps3000_R20_v1
vicsek,8.0,rho_8,800,2.2,6,3000,1720610,10,0,11.1771,final_dense_eta_grid_steps3000_R20_v1
vicsek,8.0,rho_8,800,2.2,6,3000,1720611,11,0,10.6672,final_dense_eta_grid_steps3000_R20_v1
vicsek,8.0,rho_8,800,2.2,6,3000,1720612,12,0,13.2007,final_dense_eta_grid_steps3000_R20_v1
vicsek,8.0,rho_8,800,2.2,6,3000,1720613,13,0,11.1685,final_dense_eta_grid_steps3000_R20_v1
vicsek,8.0,rho_8,800,2.2,6,3000,1720614,14,0,11.8607,final_dense_eta_grid_steps3000_R20_v1
vicsek,8.0,rho_8,800,2.2,6,3000,1720615,15,0,11.9608,final_dense_eta_grid_steps3000_R20_v1
vicsek,8.0,rho_8,800,2.2,6,3000,1720616,16,0,11.142,final_dense_eta_grid_steps3000_R20_v1
vicsek,8.0,rho_8,800,2.2,6,3000,1720617,17,0,12.6783,final_dense_eta_grid_steps3000_R20_v1
vicsek,8.0,rho_8,800,2.2,6,3000,1720618,18,0,12.5074,final_dense_eta_grid_steps3000_R20_v1
vicsek,8.0,rho_8,800,2.2,6,3000,1720619,19,0,14.3119,final_dense_eta_grid_steps3000_R20_v1
vicsek,8.0,rho_8,800,2.4,7,3000,1720700,0,0,12.3034,final_dense_eta_grid_steps3000_R20_v1
vicsek,8.0,rho_8,800,2.4,7,3000,1720701,1,0,11.9522,final_dense_eta_grid_steps3000_R20_v1
vicsek,8.0,rho_8,800,2.4,7,3000,1720702,2,0,12.0742,final_dense_eta_grid_steps3000_R20_v1
vicsek,8.0,rho_8,800,2.4,7,3000,1720703,3,0,12.1181,final_dense_eta_grid_steps3000_R20_v1
vicsek,8.0,rho_8,800,2.4,7,3000,1720704,4,0,12.244,final_dense_eta_grid_steps3000_R20_v1
vicsek,8.0,rho_8,800,2.4,7,3000,1720705,5,0,11.99,final_dense_eta_grid_steps3000_R20_v1
vicsek,8.0,rho_8,800,2.4,7,3000,1720706,6,0,13.8807,final_dense_eta_grid_steps3000_R20_v1
vicsek,8.0,rho_8,800,2.4,7,3000,1720707,7,0,12.4567,final_dense_eta_grid_steps3000_R20_v1
vicsek,8.0,rho_8,800,2.4,7,3000,1720708,8,0,12.3469,final_dense_eta_grid_steps3000_R20_v1
vicsek,8.0,rho_8,800,2.4,7,3000,1720709,9,0,12.8307,final_dense_eta_grid_steps3000_R20_v1
vicsek,8.0,rho_8,800,2.4,7,3000,1720710,10,0,12.4611,final_dense_eta_grid_steps3000_R20_v1
vicsek,8.0,rho_8,800,2.4,7,3000,1720711,11,0,13.4757,final_dense_eta_grid_steps3000_R20_v1
vicsek,8.0,rho_8,800,2.4,7,3000,1720712,12,0,11.8725,final_dense_eta_grid_steps3000_R20_v1
vicsek,8.0,rho_8,800,2.4,7,3000,1720713,13,0,10.845,final_dense_eta_grid_steps3000_R20_v1
vicsek,8.0,rho_8,800,2.4,7,3000,1720714,14,0,11.7718,final_dense_eta_grid_steps3000_R20_v1
vicsek,8.0,rho_8,800,2.4,7,3000,1720715,15,0,12.2224,final_dense_eta_grid_steps3000_R20_v1
vicsek,8.0,rho_8,800,2.4,7,3000,1720716,16,0,12.4551,final_dense_eta_grid_steps3000_R20_v1
vicsek,8.0,rho_8,800,2.4,7,3000,1720717,17,0,11.3708,final_dense_eta_grid_steps3000_R20_v1
vicsek,8.0,rho_8,800,2.4,7,3000,1720718,18,0,11.7588,final_dense_eta_grid_steps3000_R20_v1
vicsek,8.0,rho_8,800,2.4,7,3000,1720719,19,0,13.8609,final_dense_eta_grid_steps3000_R20_v1
vicsek,8.0,rho_8,800,2.6,8,3000,1720800,0,0,11.7028,final_dense_eta_grid_steps3000_R20_v1
vicsek,8.0,rho_8,800,2.6,8,3000,1720801,1,0,16.5525,final_dense_eta_grid_steps3000_R20_v1
vicsek,8.0,rho_8,800,2.6,8,3000,1720802,2,0,12.1811,final_dense_eta_grid_steps3000_R20_v1
vicsek,8.0,rho_8,800,2.6,8,3000,1720803,3,0,10.8321,final_dense_eta_grid_steps3000_R20_v1
vicsek,8.0,rho_8,800,2.6,8,3000,1720804,4,0,12.723,final_dense_eta_grid_steps3000_R20_v1
vicsek,8.0,rho_8,800,2.6,8,3000,1720805,5,0,12.8313,final_dense_eta_grid_steps3000_R20_v1
vicsek,8.0,rho_8,800,2.6,8,3000,1720806,6,0,11.1843,final_dense_eta_grid_steps3000_R20_v1
vicsek,8.0,rho_8,800,2.6,8,3000,1720807,7,0,12.4923,final_dense_eta_grid_steps3000_R20_v1
vicsek,8.0,rho_8,800,2.6,8,3000,1720808,8,0,11.7871,final_dense_eta_grid_steps3000_R20_v1
vicsek,8.0,rho_8,800,2.6,8,3000,1720809,9,0,12.4616,final_dense_eta_grid_steps3000_R20_v1
vicsek,8.0,rho_8,800,2.6,8,3000,1720810,10,0,13.9889,final_dense_eta_grid_steps3000_R20_v1
vicsek,8.0,rho_8,800,2.6,8,3000,1720811,11,0,13.6332,final_dense_eta_grid_steps3000_R20_v1
vicsek,8.0,rho_8,800,2.6,8,3000,1720812,12,0,12.189,final_dense_eta_grid_steps3000_R20_v1
vicsek,8.0,rho_8,800,2.6,8,3000,1720813,13,0,12.0717,final_dense_eta_grid_steps3000_R20_v1
vicsek,8.0,rho_8,800,2.6,8,3000,1720814,14,0,12.6216,final_dense_eta_grid_steps3000_R20_v1
vicsek,8.0,rho_8,800,2.6,8,3000,1720815,15,0,12.6237,final_dense_eta_grid_steps3000_R20_v1
vicsek,8.0,rho_8,800,2.6,8,3000,1720816,16,0,14.1318,final_dense_eta_grid_steps3000_R20_v1
vicsek,8.0,rho_8,800,2.6,8,3000,1720817,17,0,12.5245,final_dense_eta_grid_steps3000_R20_v1
vicsek,8.0,rho_8,800,2.6,8,3000,1720818,18,0,14.0735,final_dense_eta_grid_steps3000_R20_v1
vicsek,8.0,rho_8,800,2.6,8,3000,1720819,19,0,12.377,final_dense_eta_grid_steps3000_R20_v1
vicsek,8.0,rho_8,800,2.8,9,3000,1720900,0,0,14.5573,final_dense_eta_grid_steps3000_R20_v1
vicsek,8.0,rho_8,800,2.8,9,3000,1720901,1,0,14.4259,final_dense_eta_grid_steps3000_R20_v1
vicsek,8.0,rho_8,800,2.8,9,3000,1720902,2,0,12.7821,final_dense_eta_grid_steps3000_R20_v1
vicsek,8.0,rho_8,800,2.8,9,3000,1720903,3,0,13.313,final_dense_eta_grid_steps3000_R20_v1
vicsek,8.0,rho_8,800,2.8,9,3000,1720904,4,0,13.1077,final_dense_eta_grid_steps3000_R20_v1
vicsek,8.0,rho_8,800,2.8,9,3000,1720905,5,0,14.9201,final_dense_eta_grid_steps3000_R20_v1
vicsek,8.0,rho_8,800,2.8,9,3000,1720906,6,0,13.3015,final_dense_eta_grid_steps3000_R20_v1
vicsek,8.0,rho_8,800,2.8,9,3000,1720907,7,0,12.6678,final_dense_eta_grid_steps3000_R20_v1
vicsek,8.0,rho_8,800,2.8,9,3000,1720908,8,0,11.8743,final_dense_eta_grid_steps3000_R20_v1
vicsek,8.0,rho_8,800,2.8,9,3000,1720909,9,0,12.8573,final_dense_eta_grid_steps3000_R20_v1
vicsek,8.0,rho_8,800,2.8,9,3000,1720910,10,0,13.2919,final_dense_eta_grid_steps3000_R20_v1
vicsek,8.0,rho_8,800,2.8,9,3000,1720911,11,0,12.786,final_dense_eta_grid_steps3000_R20_v1
vicsek,8.0,rho_8,800,2.8,9,3000,1720912,12,0,13.3191,final_dense_eta_grid_steps3000_R20_v1
vicsek,8.0,rho_8,800,2.8,9,3000,1720913,13,0,13.7063,final_dense_eta_grid_steps3000_R20_v1
vicsek,8.0,rho_8,800,2.8,9,3000,1720914,14,0,12.6891,final_dense_eta_grid_steps3000_R20_v1
vicsek,8.0,rho_8,800,2.8,9,3000,1720915,15,0,13.2719,final_dense_eta_grid_steps3000_R20_v1
vicsek,8.0,rho_8,800,2.8,9,3000,1720916,16,0,12.2695,final_dense_eta_grid_steps3000_R20_v1
vicsek,8.0,rho_8,800,2.8,9,3000,1720917,17,0,12.5147,final_dense_eta_grid_steps3000_R20_v1
vicsek,8.0,rho_8,800,2.8,9,3000,1720918,18,0,14.3452,final_dense_eta_grid_steps3000_R20_v1
vicsek,8.0,rho_8,800,2.8,9,3000,1720919,19,0,13.2517,final_dense_eta_grid_steps3000_R20_v1
vicsek,8,rho_8,800,3,,3000,1126000,0,0,,vicsek_eta0_6_deta0p5_steps3000_R20_v1
vicsek,8,rho_8,800,3,,3000,1126001,1,0,,vicsek_eta0_6_deta0p5_steps3000_R20_v1
vicsek,8,rho_8,800,3,,3000,1126002,2,0,,vicsek_eta0_6_deta0p5_steps3000_R20_v1
vicsek,8,rho_8,800,3,,3000,1126003,3,0,,vicsek_eta0_6_deta0p5_steps3000_R20_v1
vicsek,8,rho_8,800,3,,3000,1126004,4,0,,vicsek_eta0_6_deta0p5_steps3000_R20_v1
vicsek,8,rho_8,800,3,,3000,1126005,5,0,,vicsek_eta0_6_deta0p5_steps3000_R20_v1
vicsek,8,rho_8,800,3,,3000,1126006,6,0,,vicsek_eta0_6_deta0p5_steps3000_R20_v1
vicsek,8,rho_8,800,3,,3000,1126007,7,0,,vicsek_eta0_6_deta0p5_steps3000_R20_v1
vicsek,8,rho_8,800,3,,3000,1126008,8,0,,vicsek_eta0_6_deta0p5_steps3000_R20_v1
vicsek,8,rho_8,800,3,,3000,1126009,9,0,,vicsek_eta0_6_deta0p5_steps3000_R20_v1
vicsek,8,rho_8,800,3,,3000,1126010,10,0,,vicsek_eta0_6_deta0p5_steps3000_R20_v1
vicsek,8,rho_8,800,3,,3000,1126011,11,0,,vicsek_eta0_6_deta0p5_steps3000_R20_v1
vicsek,8,rho_8,800,3,,3000,1126012,12,0,,vicsek_eta0_6_deta0p5_steps3000_R20_v1
vicsek,8,rho_8,800,3,,3000,1126013,13,0,,vicsek_eta0_6_deta0p5_steps3000_R20_v1
vicsek,8,rho_8,800,3,,3000,1126014,14,0,,vicsek_eta0_6_deta0p5_steps3000_R20_v1
vicsek,8,rho_8,800,3,,3000,1126015,15,0,,vicsek_eta0_6_deta0p5_steps3000_R20_v1
vicsek,8,rho_8,800,3,,3000,1126016,16,0,,vicsek_eta0_6_deta0p5_steps3000_R20_v1
vicsek,8,rho_8,800,3,,3000,1126017,17,0,,vicsek_eta0_6_deta0p5_steps3000_R20_v1
vicsek,8,rho_8,800,3,,3000,1126018,18,0,,vicsek_eta0_6_deta0p5_steps3000_R20_v1
vicsek,8,rho_8,800,3,,3000,1126019,19,0,,vicsek_eta0_6_deta0p5_steps3000_R20_v1
vicsek,8.0,rho_8,800,3.2,10,3000,1721000,0,0,12.7666,final_dense_eta_grid_steps3000_R20_v1
vicsek,8.0,rho_8,800,3.2,10,3000,1721001,1,0,12.7327,final_dense_eta_grid_steps3000_R20_v1
vicsek,8.0,rho_8,800,3.2,10,3000,1721002,2,0,12.2801,final_dense_eta_grid_steps3000_R20_v1
vicsek,8.0,rho_8,800,3.2,10,3000,1721003,3,0,12.4889,final_dense_eta_grid_steps3000_R20_v1
vicsek,8.0,rho_8,800,3.2,10,3000,1721004,4,0,13.5692,final_dense_eta_grid_steps3000_R20_v1
vicsek,8.0,rho_8,800,3.2,10,3000,1721005,5,0,13.57,final_dense_eta_grid_steps3000_R20_v1
vicsek,8.0,rho_8,800,3.2,10,3000,1721006,6,0,14.7713,final_dense_eta_grid_steps3000_R20_v1
vicsek,8.0,rho_8,800,3.2,10,3000,1721007,7,0,12.5498,final_dense_eta_grid_steps3000_R20_v1
vicsek,8.0,rho_8,800,3.2,10,3000,1721008,8,0,13.5548,final_dense_eta_grid_steps3000_R20_v1
vicsek,8.0,rho_8,800,3.2,10,3000,1721009,9,0,14.671,final_dense_eta_grid_steps3000_R20_v1
vicsek,8.0,rho_8,800,3.2,10,3000,1721010,10,0,12.4087,final_dense_eta_grid_steps3000_R20_v1
vicsek,8.0,rho_8,800,3.2,10,3000,1721011,11,0,12.9916,final_dense_eta_grid_steps3000_R20_v1
vicsek,8.0,rho_8,800,3.2,10,3000,1721012,12,0,12.495,final_dense_eta_grid_steps3000_R20_v1
vicsek,8.0,rho_8,800,3.2,10,3000,1721013,13,0,11.9767,final_dense_eta_grid_steps3000_R20_v1
vicsek,8.0,rho_8,800,3.2,10,3000,1721014,14,0,12.1981,final_dense_eta_grid_steps3000_R20_v1
vicsek,8.0,rho_8,800,3.2,10,3000,1721015,15,0,12.5032,final_dense_eta_grid_steps3000_R20_v1
vicsek,8.0,rho_8,800,3.2,10,3000,1721016,16,0,13.1902,final_dense_eta_grid_steps3000_R20_v1
vicsek,8.0,rho_8,800,3.2,10,3000,1721017,17,0,15.0428,final_dense_eta_grid_steps3000_R20_v1
vicsek,8.0,rho_8,800,3.2,10,3000,1721018,18,0,14.0605,final_dense_eta_grid_steps3000_R20_v1
vicsek,8.0,rho_8,800,3.2,10,3000,1721019,19,0,12.117,final_dense_eta_grid_steps3000_R20_v1
vicsek,8.0,rho_8,800,3.4,11,3000,1721100,0,0,11.9595,final_dense_eta_grid_steps3000_R20_v1
vicsek,8.0,rho_8,800,3.4,11,3000,1721101,1,0,13.744,final_dense_eta_grid_steps3000_R20_v1
vicsek,8.0,rho_8,800,3.4,11,3000,1721102,2,0,12.8104,final_dense_eta_grid_steps3000_R20_v1
vicsek,8.0,rho_8,800,3.4,11,3000,1721103,3,0,13.0997,final_dense_eta_grid_steps3000_R20_v1
vicsek,8.0,rho_8,800,3.4,11,3000,1721104,4,0,12.4285,final_dense_eta_grid_steps3000_R20_v1
vicsek,8.0,rho_8,800,3.4,11,3000,1721105,5,0,13.2755,final_dense_eta_grid_steps3000_R20_v1
vicsek,8.0,rho_8,800,3.4,11,3000,1721106,6,0,12.947,final_dense_eta_grid_steps3000_R20_v1
vicsek,8.0,rho_8,800,3.4,11,3000,1721107,7,0,12.3626,final_dense_eta_grid_steps3000_R20_v1
vicsek,8.0,rho_8,800,3.4,11,3000,1721108,8,0,12.9043,final_dense_eta_grid_steps3000_R20_v1
vicsek,8.0,rho_8,800,3.4,11,3000,1721109,9,0,13.9241,final_dense_eta_grid_steps3000_R20_v1
vicsek,8.0,rho_8,800,3.4,11,3000,1721110,10,0,15.4296,final_dense_eta_grid_steps3000_R20_v1
vicsek,8.0,rho_8,800,3.4,11,3000,1721111,11,0,13.4272,final_dense_eta_grid_steps3000_R20_v1
vicsek,8.0,rho_8,800,3.4,11,3000,1721112,12,0,13.49,final_dense_eta_grid_steps3000_R20_v1
vicsek,8.0,rho_8,800,3.4,11,3000,1721113,13,0,12.1769,final_dense_eta_grid_steps3000_R20_v1
vicsek,8.0,rho_8,800,3.4,11,3000,1721114,14,0,13.0735,final_dense_eta_grid_steps3000_R20_v1
vicsek,8.0,rho_8,800,3.4,11,3000,1721115,15,0,12.4655,final_dense_eta_grid_steps3000_R20_v1
vicsek,8.0,rho_8,800,3.4,11,3000,1721116,16,0,14.025,final_dense_eta_grid_steps3000_R20_v1
vicsek,8.0,rho_8,800,3.4,11,3000,1721117,17,0,12.8098,final_dense_eta_grid_steps3000_R20_v1
vicsek,8.0,rho_8,800,3.4,11,3000,1721118,18,0,13.5962,final_dense_eta_grid_steps3000_R20_v1
vicsek,8.0,rho_8,800,3.4,11,3000,1721119,19,0,13.5999,final_dense_eta_grid_steps3000_R20_v1
vicsek,8.0,rho_8,800,3.6,12,3000,1721200,0,0,11.8736,final_dense_eta_grid_steps3000_R20_v1
vicsek,8.0,rho_8,800,3.6,12,3000,1721201,1,0,12.7785,final_dense_eta_grid_steps3000_R20_v1
vicsek,8.0,rho_8,800,3.6,12,3000,1721202,2,0,14.7769,final_dense_eta_grid_steps3000_R20_v1
vicsek,8.0,rho_8,800,3.6,12,3000,1721203,3,0,12.0652,final_dense_eta_grid_steps3000_R20_v1
vicsek,8.0,rho_8,800,3.6,12,3000,1721204,4,0,11.9695,final_dense_eta_grid_steps3000_R20_v1
vicsek,8.0,rho_8,800,3.6,12,3000,1721205,5,0,12.3054,final_dense_eta_grid_steps3000_R20_v1
vicsek,8.0,rho_8,800,3.6,12,3000,1721206,6,0,13.5075,final_dense_eta_grid_steps3000_R20_v1
vicsek,8.0,rho_8,800,3.6,12,3000,1721207,7,0,13.5351,final_dense_eta_grid_steps3000_R20_v1
vicsek,8.0,rho_8,800,3.6,12,3000,1721208,8,0,12.6461,final_dense_eta_grid_steps3000_R20_v1
vicsek,8.0,rho_8,800,3.6,12,3000,1721209,9,0,12.3207,final_dense_eta_grid_steps3000_R20_v1
vicsek,8.0,rho_8,800,3.6,12,3000,1721210,10,0,14.0268,final_dense_eta_grid_steps3000_R20_v1
vicsek,8.0,rho_8,800,3.6,12,3000,1721211,11,0,13.3506,final_dense_eta_grid_steps3000_R20_v1
vicsek,8.0,rho_8,800,3.6,12,3000,1721212,12,0,14.1661,final_dense_eta_grid_steps3000_R20_v1
vicsek,8.0,rho_8,800,3.6,12,3000,1721213,13,0,15.3005,final_dense_eta_grid_steps3000_R20_v1
vicsek,8.0,rho_8,800,3.6,12,3000,1721214,14,0,14.6216,final_dense_eta_grid_steps3000_R20_v1
vicsek,8.0,rho_8,800,3.6,12,3000,1721215,15,0,13.9162,final_dense_eta_grid_steps3000_R20_v1
vicsek,8.0,rho_8,800,3.6,12,3000,1721216,16,0,12.5074,final_dense_eta_grid_steps3000_R20_v1
vicsek,8.0,rho_8,800,3.6,12,3000,1721217,17,0,12.8906,final_dense_eta_grid_steps3000_R20_v1
vicsek,8.0,rho_8,800,3.6,12,3000,1721218,18,0,12.9893,final_dense_eta_grid_steps3000_R20_v1
vicsek,8.0,rho_8,800,3.6,12,3000,1721219,19,0,13.6319,final_dense_eta_grid_steps3000_R20_v1
vicsek,8.0,rho_8,800,3.8,13,3000,1721300,0,0,12.5956,final_dense_eta_grid_steps3000_R20_v1
vicsek,8.0,rho_8,800,3.8,13,3000,1721301,1,0,12.2794,final_dense_eta_grid_steps3000_R20_v1
vicsek,8.0,rho_8,800,3.8,13,3000,1721302,2,0,12.9426,final_dense_eta_grid_steps3000_R20_v1
vicsek,8.0,rho_8,800,3.8,13,3000,1721303,3,0,12.8844,final_dense_eta_grid_steps3000_R20_v1
vicsek,8.0,rho_8,800,3.8,13,3000,1721304,4,0,12.8635,final_dense_eta_grid_steps3000_R20_v1
vicsek,8.0,rho_8,800,3.8,13,3000,1721305,5,0,11.8183,final_dense_eta_grid_steps3000_R20_v1
vicsek,8.0,rho_8,800,3.8,13,3000,1721306,6,0,13.3174,final_dense_eta_grid_steps3000_R20_v1
vicsek,8.0,rho_8,800,3.8,13,3000,1721307,7,0,13.7393,final_dense_eta_grid_steps3000_R20_v1
vicsek,8.0,rho_8,800,3.8,13,3000,1721308,8,0,12.9215,final_dense_eta_grid_steps3000_R20_v1
vicsek,8.0,rho_8,800,3.8,13,3000,1721309,9,0,12.8757,final_dense_eta_grid_steps3000_R20_v1
vicsek,8.0,rho_8,800,3.8,13,3000,1721310,10,0,12.5994,final_dense_eta_grid_steps3000_R20_v1
vicsek,8.0,rho_8,800,3.8,13,3000,1721311,11,0,12.8601,final_dense_eta_grid_steps3000_R20_v1
vicsek,8.0,rho_8,800,3.8,13,3000,1721312,12,0,12.9418,final_dense_eta_grid_steps3000_R20_v1
vicsek,8.0,rho_8,800,3.8,13,3000,1721313,13,0,12.0227,final_dense_eta_grid_steps3000_R20_v1
vicsek,8.0,rho_8,800,3.8,13,3000,1721314,14,0,13.2881,final_dense_eta_grid_steps3000_R20_v1
vicsek,8.0,rho_8,800,3.8,13,3000,1721315,15,0,14.3656,final_dense_eta_grid_steps3000_R20_v1
vicsek,8.0,rho_8,800,3.8,13,3000,1721316,16,0,12.8576,final_dense_eta_grid_steps3000_R20_v1
vicsek,8.0,rho_8,800,3.8,13,3000,1721317,17,0,12.6304,final_dense_eta_grid_steps3000_R20_v1
vicsek,8.0,rho_8,800,3.8,13,3000,1721318,18,0,12.1246,final_dense_eta_grid_steps3000_R20_v1
vicsek,8.0,rho_8,800,3.8,13,3000,1721319,19,0,12.4322,final_dense_eta_grid_steps3000_R20_v1
vicsek,8,rho_8,800,4,,3000,1128000,0,0,,vicsek_eta0_6_deta0p5_steps3000_R20_v1
vicsek,8,rho_8,800,4,,3000,1128001,1,0,,vicsek_eta0_6_deta0p5_steps3000_R20_v1
vicsek,8,rho_8,800,4,,3000,1128002,2,0,,vicsek_eta0_6_deta0p5_steps3000_R20_v1
vicsek,8,rho_8,800,4,,3000,1128003,3,0,,vicsek_eta0_6_deta0p5_steps3000_R20_v1
vicsek,8,rho_8,800,4,,3000,1128004,4,0,,vicsek_eta0_6_deta0p5_steps3000_R20_v1
vicsek,8,rho_8,800,4,,3000,1128005,5,0,,vicsek_eta0_6_deta0p5_steps3000_R20_v1
vicsek,8,rho_8,800,4,,3000,1128006,6,0,,vicsek_eta0_6_deta0p5_steps3000_R20_v1
vicsek,8,rho_8,800,4,,3000,1128007,7,0,,vicsek_eta0_6_deta0p5_steps3000_R20_v1
vicsek,8,rho_8,800,4,,3000,1128008,8,0,,vicsek_eta0_6_deta0p5_steps3000_R20_v1
vicsek,8,rho_8,800,4,,3000,1128009,9,0,,vicsek_eta0_6_deta0p5_steps3000_R20_v1
vicsek,8,rho_8,800,4,,3000,1128010,10,0,,vicsek_eta0_6_deta0p5_steps3000_R20_v1
vicsek,8,rho_8,800,4,,3000,1128011,11,0,,vicsek_eta0_6_deta0p5_steps3000_R20_v1
vicsek,8,rho_8,800,4,,3000,1128012,12,0,,vicsek_eta0_6_deta0p5_steps3000_R20_v1
vicsek,8,rho_8,800,4,,3000,1128013,13,0,,vicsek_eta0_6_deta0p5_steps3000_R20_v1
vicsek,8,rho_8,800,4,,3000,1128014,14,0,,vicsek_eta0_6_deta0p5_steps3000_R20_v1
vicsek,8,rho_8,800,4,,3000,1128015,15,0,,vicsek_eta0_6_deta0p5_steps3000_R20_v1
vicsek,8,rho_8,800,4,,3000,1128016,16,0,,vicsek_eta0_6_deta0p5_steps3000_R20_v1
vicsek,8,rho_8,800,4,,3000,1128017,17,0,,vicsek_eta0_6_deta0p5_steps3000_R20_v1
vicsek,8,rho_8,800,4,,3000,1128018,18,0,,vicsek_eta0_6_deta0p5_steps3000_R20_v1
vicsek,8,rho_8,800,4,,3000,1128019,19,0,,vicsek_eta0_6_deta0p5_steps3000_R20_v1
vicsek,8.0,rho_8,800,4.2,14,3000,1721400,0,0,12.3185,final_dense_eta_grid_steps3000_R20_v1
vicsek,8.0,rho_8,800,4.2,14,3000,1721401,1,0,12.2072,final_dense_eta_grid_steps3000_R20_v1
vicsek,8.0,rho_8,800,4.2,14,3000,1721402,2,0,11.5429,final_dense_eta_grid_steps3000_R20_v1
vicsek,8.0,rho_8,800,4.2,14,3000,1721403,3,0,12.6294,final_dense_eta_grid_steps3000_R20_v1
vicsek,8.0,rho_8,800,4.2,14,3000,1721404,4,0,12.8131,final_dense_eta_grid_steps3000_R20_v1
vicsek,8.0,rho_8,800,4.2,14,3000,1721405,5,0,12.9918,final_dense_eta_grid_steps3000_R20_v1
vicsek,8.0,rho_8,800,4.2,14,3000,1721406,6,0,12.2319,final_dense_eta_grid_steps3000_R20_v1
vicsek,8.0,rho_8,800,4.2,14,3000,1721407,7,0,12.4371,final_dense_eta_grid_steps3000_R20_v1
vicsek,8.0,rho_8,800,4.2,14,3000,1721408,8,0,11.8248,final_dense_eta_grid_steps3000_R20_v1
vicsek,8.0,rho_8,800,4.2,14,3000,1721409,9,0,11.3695,final_dense_eta_grid_steps3000_R20_v1
vicsek,8.0,rho_8,800,4.2,14,3000,1721410,10,0,12.2542,final_dense_eta_grid_steps3000_R20_v1
vicsek,8.0,rho_8,800,4.2,14,3000,1721411,11,0,13.0187,final_dense_eta_grid_steps3000_R20_v1
vicsek,8.0,rho_8,800,4.2,14,3000,1721412,12,0,11.487,final_dense_eta_grid_steps3000_R20_v1
vicsek,8.0,rho_8,800,4.2,14,3000,1721413,13,0,12.5233,final_dense_eta_grid_steps3000_R20_v1
vicsek,8.0,rho_8,800,4.2,14,3000,1721414,14,0,12.81,final_dense_eta_grid_steps3000_R20_v1
vicsek,8.0,rho_8,800,4.2,14,3000,1721415,15,0,12.9615,final_dense_eta_grid_steps3000_R20_v1
vicsek,8.0,rho_8,800,4.2,14,3000,1721416,16,0,12.5372,final_dense_eta_grid_steps3000_R20_v1
vicsek,8.0,rho_8,800,4.2,14,3000,1721417,17,0,13.352,final_dense_eta_grid_steps3000_R20_v1
vicsek,8.0,rho_8,800,4.2,14,3000,1721418,18,0,12.1275,final_dense_eta_grid_steps3000_R20_v1
vicsek,8.0,rho_8,800,4.2,14,3000,1721419,19,0,12.7518,final_dense_eta_grid_steps3000_R20_v1
vicsek,8.0,rho_8,800,4.4,15,3000,1721500,0,0,12.1173,final_dense_eta_grid_steps3000_R20_v1
vicsek,8.0,rho_8,800,4.4,15,3000,1721501,1,0,13.0015,final_dense_eta_grid_steps3000_R20_v1
vicsek,8.0,rho_8,800,4.4,15,3000,1721502,2,0,12.2625,final_dense_eta_grid_steps3000_R20_v1
vicsek,8.0,rho_8,800,4.4,15,3000,1721503,3,0,12.114,final_dense_eta_grid_steps3000_R20_v1
vicsek,8.0,rho_8,800,4.4,15,3000,1721504,4,0,12.4854,final_dense_eta_grid_steps3000_R20_v1
vicsek,8.0,rho_8,800,4.4,15,3000,1721505,5,0,13.1069,final_dense_eta_grid_steps3000_R20_v1
vicsek,8.0,rho_8,800,4.4,15,3000,1721506,6,0,11.6372,final_dense_eta_grid_steps3000_R20_v1
vicsek,8.0,rho_8,800,4.4,15,3000,1721507,7,0,13.2876,final_dense_eta_grid_steps3000_R20_v1
vicsek,8.0,rho_8,800,4.4,15,3000,1721508,8,0,13.0766,final_dense_eta_grid_steps3000_R20_v1
vicsek,8.0,rho_8,800,4.4,15,3000,1721509,9,0,11.9801,final_dense_eta_grid_steps3000_R20_v1
vicsek,8.0,rho_8,800,4.4,15,3000,1721510,10,0,12.2489,final_dense_eta_grid_steps3000_R20_v1
vicsek,8.0,rho_8,800,4.4,15,3000,1721511,11,0,12.1011,final_dense_eta_grid_steps3000_R20_v1
vicsek,8.0,rho_8,800,4.4,15,3000,1721512,12,0,13.9226,final_dense_eta_grid_steps3000_R20_v1
vicsek,8.0,rho_8,800,4.4,15,3000,1721513,13,0,12.31,final_dense_eta_grid_steps3000_R20_v1
vicsek,8.0,rho_8,800,4.4,15,3000,1721514,14,0,11.9657,final_dense_eta_grid_steps3000_R20_v1
vicsek,8.0,rho_8,800,4.4,15,3000,1721515,15,0,12.2195,final_dense_eta_grid_steps3000_R20_v1
vicsek,8.0,rho_8,800,4.4,15,3000,1721516,16,0,11.9647,final_dense_eta_grid_steps3000_R20_v1
vicsek,8.0,rho_8,800,4.4,15,3000,1721517,17,0,12.3508,final_dense_eta_grid_steps3000_R20_v1
vicsek,8.0,rho_8,800,4.4,15,3000,1721518,18,0,11.9815,final_dense_eta_grid_steps3000_R20_v1
vicsek,8.0,rho_8,800,4.4,15,3000,1721519,19,0,13.0072,final_dense_eta_grid_steps3000_R20_v1
vicsek,8.0,rho_8,800,4.6,16,3000,1721600,0,0,11.6726,final_dense_eta_grid_steps3000_R20_v1
vicsek,8.0,rho_8,800,4.6,16,3000,1721601,1,0,12.5524,final_dense_eta_grid_steps3000_R20_v1
vicsek,8.0,rho_8,800,4.6,16,3000,1721602,2,0,11.7407,final_dense_eta_grid_steps3000_R20_v1
vicsek,8.0,rho_8,800,4.6,16,3000,1721603,3,0,11.6633,final_dense_eta_grid_steps3000_R20_v1
vicsek,8.0,rho_8,800,4.6,16,3000,1721604,4,0,12.03,final_dense_eta_grid_steps3000_R20_v1
vicsek,8.0,rho_8,800,4.6,16,3000,1721605,5,0,12.0341,final_dense_eta_grid_steps3000_R20_v1
vicsek,8.0,rho_8,800,4.6,16,3000,1721606,6,0,12.1261,final_dense_eta_grid_steps3000_R20_v1
vicsek,8.0,rho_8,800,4.6,16,3000,1721607,7,0,12.3069,final_dense_eta_grid_steps3000_R20_v1
vicsek,8.0,rho_8,800,4.6,16,3000,1721608,8,0,12.4415,final_dense_eta_grid_steps3000_R20_v1
vicsek,8.0,rho_8,800,4.6,16,3000,1721609,9,0,12.6228,final_dense_eta_grid_steps3000_R20_v1
vicsek,8.0,rho_8,800,4.6,16,3000,1721610,10,0,11.7837,final_dense_eta_grid_steps3000_R20_v1
vicsek,8.0,rho_8,800,4.6,16,3000,1721611,11,0,12.642,final_dense_eta_grid_steps3000_R20_v1
vicsek,8.0,rho_8,800,4.6,16,3000,1721612,12,0,11.7672,final_dense_eta_grid_steps3000_R20_v1
vicsek,8.0,rho_8,800,4.6,16,3000,1721613,13,0,11.3771,final_dense_eta_grid_steps3000_R20_v1
vicsek,8.0,rho_8,800,4.6,16,3000,1721614,14,0,11.9973,final_dense_eta_grid_steps3000_R20_v1
vicsek,8.0,rho_8,800,4.6,16,3000,1721615,15,0,12.4107,final_dense_eta_grid_steps3000_R20_v1
vicsek,8.0,rho_8,800,4.6,16,3000,1721616,16,0,11.6738,final_dense_eta_grid_steps3000_R20_v1
vicsek,8.0,rho_8,800,4.6,16,3000,1721617,17,0,11.7709,final_dense_eta_grid_steps3000_R20_v1
vicsek,8.0,rho_8,800,4.6,16,3000,1721618,18,0,11.9441,final_dense_eta_grid_steps3000_R20_v1
vicsek,8.0,rho_8,800,4.6,16,3000,1721619,19,0,11.1954,final_dense_eta_grid_steps3000_R20_v1
vicsek,8.0,rho_8,800,4.8,17,3000,1721700,0,0,11.6209,final_dense_eta_grid_steps3000_R20_v1
vicsek,8.0,rho_8,800,4.8,17,3000,1721701,1,0,11.5407,final_dense_eta_grid_steps3000_R20_v1
vicsek,8.0,rho_8,800,4.8,17,3000,1721702,2,0,11.1578,final_dense_eta_grid_steps3000_R20_v1
vicsek,8.0,rho_8,800,4.8,17,3000,1721703,3,0,11.2726,final_dense_eta_grid_steps3000_R20_v1
vicsek,8.0,rho_8,800,4.8,17,3000,1721704,4,0,11.1619,final_dense_eta_grid_steps3000_R20_v1
vicsek,8.0,rho_8,800,4.8,17,3000,1721705,5,0,11.9342,final_dense_eta_grid_steps3000_R20_v1
vicsek,8.0,rho_8,800,4.8,17,3000,1721706,6,0,11.212,final_dense_eta_grid_steps3000_R20_v1
vicsek,8.0,rho_8,800,4.8,17,3000,1721707,7,0,11.0603,final_dense_eta_grid_steps3000_R20_v1
vicsek,8.0,rho_8,800,4.8,17,3000,1721708,8,0,11.2201,final_dense_eta_grid_steps3000_R20_v1
vicsek,8.0,rho_8,800,4.8,17,3000,1721709,9,0,10.9973,final_dense_eta_grid_steps3000_R20_v1
vicsek,8.0,rho_8,800,4.8,17,3000,1721710,10,0,12.4968,final_dense_eta_grid_steps3000_R20_v1
vicsek,8.0,rho_8,800,4.8,17,3000,1721711,11,0,11.6304,final_dense_eta_grid_steps3000_R20_v1
vicsek,8.0,rho_8,800,4.8,17,3000,1721712,12,0,11.7328,final_dense_eta_grid_steps3000_R20_v1
vicsek,8.0,rho_8,800,4.8,17,3000,1721713,13,0,11.7441,final_dense_eta_grid_steps3000_R20_v1
vicsek,8.0,rho_8,800,4.8,17,3000,1721714,14,0,11.8279,final_dense_eta_grid_steps3000_R20_v1
vicsek,8.0,rho_8,800,4.8,17,3000,1721715,15,0,11.6581,final_dense_eta_grid_steps3000_R20_v1
vicsek,8.0,rho_8,800,4.8,17,3000,1721716,16,0,10.956,final_dense_eta_grid_steps3000_R20_v1
vicsek,8.0,rho_8,800,4.8,17,3000,1721717,17,0,11.382,final_dense_eta_grid_steps3000_R20_v1
vicsek,8.0,rho_8,800,4.8,17,3000,1721718,18,0,11.5875,final_dense_eta_grid_steps3000_R20_v1
vicsek,8.0,rho_8,800,4.8,17,3000,1721719,19,0,12.2699,final_dense_eta_grid_steps3000_R20_v1
vicsek,8,rho_8,800,5,,3000,1130000,0,0,,vicsek_eta0_6_deta0p5_steps3000_R20_v1
vicsek,8,rho_8,800,5,,3000,1130001,1,0,,vicsek_eta0_6_deta0p5_steps3000_R20_v1
vicsek,8,rho_8,800,5,,3000,1130002,2,0,,vicsek_eta0_6_deta0p5_steps3000_R20_v1
vicsek,8,rho_8,800,5,,3000,1130003,3,0,,vicsek_eta0_6_deta0p5_steps3000_R20_v1
vicsek,8,rho_8,800,5,,3000,1130004,4,0,,vicsek_eta0_6_deta0p5_steps3000_R20_v1
vicsek,8,rho_8,800,5,,3000,1130005,5,0,,vicsek_eta0_6_deta0p5_steps3000_R20_v1
vicsek,8,rho_8,800,5,,3000,1130006,6,0,,vicsek_eta0_6_deta0p5_steps3000_R20_v1
vicsek,8,rho_8,800,5,,3000,1130007,7,0,,vicsek_eta0_6_deta0p5_steps3000_R20_v1
vicsek,8,rho_8,800,5,,3000,1130008,8,0,,vicsek_eta0_6_deta0p5_steps3000_R20_v1
vicsek,8,rho_8,800,5,,3000,1130009,9,0,,vicsek_eta0_6_deta0p5_steps3000_R20_v1
vicsek,8,rho_8,800,5,,3000,1130010,10,0,,vicsek_eta0_6_deta0p5_steps3000_R20_v1
vicsek,8,rho_8,800,5,,3000,1130011,11,0,,vicsek_eta0_6_deta0p5_steps3000_R20_v1
vicsek,8,rho_8,800,5,,3000,1130012,12,0,,vicsek_eta0_6_deta0p5_steps3000_R20_v1
vicsek,8,rho_8,800,5,,3000,1130013,13,0,,vicsek_eta0_6_deta0p5_steps3000_R20_v1
vicsek,8,rho_8,800,5,,3000,1130014,14,0,,vicsek_eta0_6_deta0p5_steps3000_R20_v1
vicsek,8,rho_8,800,5,,3000,1130015,15,0,,vicsek_eta0_6_deta0p5_steps3000_R20_v1
vicsek,8,rho_8,800,5,,3000,1130016,16,0,,vicsek_eta0_6_deta0p5_steps3000_R20_v1
vicsek,8,rho_8,800,5,,3000,1130017,17,0,,vicsek_eta0_6_deta0p5_steps3000_R20_v1
vicsek,8,rho_8,800,5,,3000,1130018,18,0,,vicsek_eta0_6_deta0p5_steps3000_R20_v1
vicsek,8,rho_8,800,5,,3000,1130019,19,0,,vicsek_eta0_6_deta0p5_steps3000_R20_v1
vicsek,8.0,rho_8,800,5.2,18,3000,1721800,0,0,10.2586,final_dense_eta_grid_steps3000_R20_v1
vicsek,8.0,rho_8,800,5.2,18,3000,1721801,1,0,10.6029,final_dense_eta_grid_steps3000_R20_v1
vicsek,8.0,rho_8,800,5.2,18,3000,1721802,2,0,10.4319,final_dense_eta_grid_steps3000_R20_v1
vicsek,8.0,rho_8,800,5.2,18,3000,1721803,3,0,10.3952,final_dense_eta_grid_steps3000_R20_v1
vicsek,8.0,rho_8,800,5.2,18,3000,1721804,4,0,10.4553,final_dense_eta_grid_steps3000_R20_v1
vicsek,8.0,rho_8,800,5.2,18,3000,1721805,5,0,10.5932,final_dense_eta_grid_steps3000_R20_v1
vicsek,8.0,rho_8,800,5.2,18,3000,1721806,6,0,10.5674,final_dense_eta_grid_steps3000_R20_v1
vicsek,8.0,rho_8,800,5.2,18,3000,1721807,7,0,10.406,final_dense_eta_grid_steps3000_R20_v1
vicsek,8.0,rho_8,800,5.2,18,3000,1721808,8,0,10.3994,final_dense_eta_grid_steps3000_R20_v1
vicsek,8.0,rho_8,800,5.2,18,3000,1721809,9,0,10.7031,final_dense_eta_grid_steps3000_R20_v1
vicsek,8.0,rho_8,800,5.2,18,3000,1721810,10,0,10.5105,final_dense_eta_grid_steps3000_R20_v1
vicsek,8.0,rho_8,800,5.2,18,3000,1721811,11,0,10.4256,final_dense_eta_grid_steps3000_R20_v1
vicsek,8.0,rho_8,800,5.2,18,3000,1721812,12,0,10.5381,final_dense_eta_grid_steps3000_R20_v1
vicsek,8.0,rho_8,800,5.2,18,3000,1721813,13,0,10.4757,final_dense_eta_grid_steps3000_R20_v1
vicsek,8.0,rho_8,800,5.2,18,3000,1721814,14,0,10.6558,final_dense_eta_grid_steps3000_R20_v1
vicsek,8.0,rho_8,800,5.2,18,3000,1721815,15,0,10.5459,final_dense_eta_grid_steps3000_R20_v1
vicsek,8.0,rho_8,800,5.2,18,3000,1721816,16,0,10.725,final_dense_eta_grid_steps3000_R20_v1
vicsek,8.0,rho_8,800,5.2,18,3000,1721817,17,0,10.5874,final_dense_eta_grid_steps3000_R20_v1
vicsek,8.0,rho_8,800,5.2,18,3000,1721818,18,0,10.6055,final_dense_eta_grid_steps3000_R20_v1
vicsek,8.0,rho_8,800,5.2,18,3000,1721819,19,0,10.5036,final_dense_eta_grid_steps3000_R20_v1
vicsek,8.0,rho_8,800,5.4,19,3000,1721900,0,0,10.3141,final_dense_eta_grid_steps3000_R20_v1
vicsek,8.0,rho_8,800,5.4,19,3000,1721901,1,0,10.5084,final_dense_eta_grid_steps3000_R20_v1
vicsek,8.0,rho_8,800,5.4,19,3000,1721902,2,0,10.6205,final_dense_eta_grid_steps3000_R20_v1
vicsek,8.0,rho_8,800,5.4,19,3000,1721903,3,0,10.2734,final_dense_eta_grid_steps3000_R20_v1
vicsek,8.0,rho_8,800,5.4,19,3000,1721904,4,0,10.4005,final_dense_eta_grid_steps3000_R20_v1
vicsek,8.0,rho_8,800,5.4,19,3000,1721905,5,0,10.1043,final_dense_eta_grid_steps3000_R20_v1
vicsek,8.0,rho_8,800,5.4,19,3000,1721906,6,0,10.2776,final_dense_eta_grid_steps3000_R20_v1
vicsek,8.0,rho_8,800,5.4,19,3000,1721907,7,0,10.1715,final_dense_eta_grid_steps3000_R20_v1
vicsek,8.0,rho_8,800,5.4,19,3000,1721908,8,0,10.0821,final_dense_eta_grid_steps3000_R20_v1
vicsek,8.0,rho_8,800,5.4,19,3000,1721909,9,0,10.3118,final_dense_eta_grid_steps3000_R20_v1
vicsek,8.0,rho_8,800,5.4,19,3000,1721910,10,0,10.163,final_dense_eta_grid_steps3000_R20_v1
vicsek,8.0,rho_8,800,5.4,19,3000,1721911,11,0,10.1575,final_dense_eta_grid_steps3000_R20_v1
vicsek,8.0,rho_8,800,5.4,19,3000,1721912,12,0,10.1449,final_dense_eta_grid_steps3000_R20_v1
vicsek,8.0,rho_8,800,5.4,19,3000,1721913,13,0,10.361,final_dense_eta_grid_steps3000_R20_v1
vicsek,8.0,rho_8,800,5.4,19,3000,1721914,14,0,10.107,final_dense_eta_grid_steps3000_R20_v1
vicsek,8.0,rho_8,800,5.4,19,3000,1721915,15,0,10.1786,final_dense_eta_grid_steps3000_R20_v1
vicsek,8.0,rho_8,800,5.4,19,3000,1721916,16,0,10.219,final_dense_eta_grid_steps3000_R20_v1
vicsek,8.0,rho_8,800,5.4,19,3000,1721917,17,0,10.3775,final_dense_eta_grid_steps3000_R20_v1
vicsek,8.0,rho_8,800,5.4,19,3000,1721918,18,0,10.3582,final_dense_eta_grid_steps3000_R20_v1
vicsek,8.0,rho_8,800,5.4,19,3000,1721919,19,0,10.1535,final_dense_eta_grid_steps3000_R20_v1
vicsek,8.0,rho_8,800,5.6,20,3000,1722000,0,0,10.157,final_dense_eta_grid_steps3000_R20_v1
vicsek,8.0,rho_8,800,5.6,20,3000,1722001,1,0,10.0299,final_dense_eta_grid_steps3000_R20_v1
vicsek,8.0,rho_8,800,5.6,20,3000,1722002,2,0,10.1602,final_dense_eta_grid_steps3000_R20_v1
vicsek,8.0,rho_8,800,5.6,20,3000,1722003,3,0,10.0544,final_dense_eta_grid_steps3000_R20_v1
vicsek,8.0,rho_8,800,5.6,20,3000,1722004,4,0,10.0235,final_dense_eta_grid_steps3000_R20_v1
vicsek,8.0,rho_8,800,5.6,20,3000,1722005,5,0,10.2227,final_dense_eta_grid_steps3000_R20_v1
vicsek,8.0,rho_8,800,5.6,20,3000,1722006,6,0,9.8977,final_dense_eta_grid_steps3000_R20_v1
vicsek,8.0,rho_8,800,5.6,20,3000,1722007,7,0,9.9792,final_dense_eta_grid_steps3000_R20_v1
vicsek,8.0,rho_8,800,5.6,20,3000,1722008,8,0,10.108,final_dense_eta_grid_steps3000_R20_v1
vicsek,8.0,rho_8,800,5.6,20,3000,1722009,9,0,10.0337,final_dense_eta_grid_steps3000_R20_v1
vicsek,8.0,rho_8,800,5.6,20,3000,1722010,10,0,9.9721,final_dense_eta_grid_steps3000_R20_v1
vicsek,8.0,rho_8,800,5.6,20,3000,1722011,11,0,10.1815,final_dense_eta_grid_steps3000_R20_v1
vicsek,8.0,rho_8,800,5.6,20,3000,1722012,12,0,10.0025,final_dense_eta_grid_steps3000_R20_v1
vicsek,8.0,rho_8,800,5.6,20,3000,1722013,13,0,10.0098,final_dense_eta_grid_steps3000_R20_v1
vicsek,8.0,rho_8,800,5.6,20,3000,1722014,14,0,10.0748,final_dense_eta_grid_steps3000_R20_v1
vicsek,8.0,rho_8,800,5.6,20,3000,1722015,15,0,10.1205,final_dense_eta_grid_steps3000_R20_v1
vicsek,8.0,rho_8,800,5.6,20,3000,1722016,16,0,10.0166,final_dense_eta_grid_steps3000_R20_v1
vicsek,8.0,rho_8,800,5.6,20,3000,1722017,17,0,10.2026,final_dense_eta_grid_steps3000_R20_v1
vicsek,8.0,rho_8,800,5.6,20,3000,1722018,18,0,10.1704,final_dense_eta_grid_steps3000_R20_v1
vicsek,8.0,rho_8,800,5.6,20,3000,1722019,19,0,10.0171,final_dense_eta_grid_steps3000_R20_v1
vicsek,8.0,rho_8,800,5.8,21,3000,1722100,0,0,9.9522,final_dense_eta_grid_steps3000_R20_v1
vicsek,8.0,rho_8,800,5.8,21,3000,1722101,1,0,9.9557,final_dense_eta_grid_steps3000_R20_v1
vicsek,8.0,rho_8,800,5.8,21,3000,1722102,2,0,9.9712,final_dense_eta_grid_steps3000_R20_v1
vicsek,8.0,rho_8,800,5.8,21,3000,1722103,3,0,9.8846,final_dense_eta_grid_steps3000_R20_v1
vicsek,8.0,rho_8,800,5.8,21,3000,1722104,4,0,9.8319,final_dense_eta_grid_steps3000_R20_v1
vicsek,8.0,rho_8,800,5.8,21,3000,1722105,5,0,9.9375,final_dense_eta_grid_steps3000_R20_v1
vicsek,8.0,rho_8,800,5.8,21,3000,1722106,6,0,10.1826,final_dense_eta_grid_steps3000_R20_v1
vicsek,8.0,rho_8,800,5.8,21,3000,1722107,7,0,9.872,final_dense_eta_grid_steps3000_R20_v1
vicsek,8.0,rho_8,800,5.8,21,3000,1722108,8,0,10.0054,final_dense_eta_grid_steps3000_R20_v1
vicsek,8.0,rho_8,800,5.8,21,3000,1722109,9,0,9.974,final_dense_eta_grid_steps3000_R20_v1
vicsek,8.0,rho_8,800,5.8,21,3000,1722110,10,0,9.9689,final_dense_eta_grid_steps3000_R20_v1
vicsek,8.0,rho_8,800,5.8,21,3000,1722111,11,0,9.9918,final_dense_eta_grid_steps3000_R20_v1
vicsek,8.0,rho_8,800,5.8,21,3000,1722112,12,0,9.9925,final_dense_eta_grid_steps3000_R20_v1
vicsek,8.0,rho_8,800,5.8,21,3000,1722113,13,0,10.019,final_dense_eta_grid_steps3000_R20_v1
vicsek,8.0,rho_8,800,5.8,21,3000,1722114,14,0,9.996,final_dense_eta_grid_steps3000_R20_v1
vicsek,8.0,rho_8,800,5.8,21,3000,1722115,15,0,10.1687,final_dense_eta_grid_steps3000_R20_v1
vicsek,8.0,rho_8,800,5.8,21,3000,1722116,16,0,10.13,final_dense_eta_grid_steps3000_R20_v1
vicsek,8.0,rho_8,800,5.8,21,3000,1722117,17,0,10.0561,final_dense_eta_grid_steps3000_R20_v1
vicsek,8.0,rho_8,800,5.8,21,3000,1722118,18,0,10.0748,final_dense_eta_grid_steps3000_R20_v1
vicsek,8.0,rho_8,800,5.8,21,3000,1722119,19,0,10.1178,final_dense_eta_grid_steps3000_R20_v1
vicsek,8,rho_8,800,6,,3000,1132000,0,0,,vicsek_eta0_6_deta0p5_steps3000_R20_v1
vicsek,8,rho_8,800,6,,3000,1132001,1,0,,vicsek_eta0_6_deta0p5_steps3000_R20_v1
vicsek,8,rho_8,800,6,,3000,1132002,2,0,,vicsek_eta0_6_deta0p5_steps3000_R20_v1
vicsek,8,rho_8,800,6,,3000,1132003,3,0,,vicsek_eta0_6_deta0p5_steps3000_R20_v1
vicsek,8,rho_8,800,6,,3000,1132004,4,0,,vicsek_eta0_6_deta0p5_steps3000_R20_v1
vicsek,8,rho_8,800,6,,3000,1132005,5,0,,vicsek_eta0_6_deta0p5_steps3000_R20_v1
vicsek,8,rho_8,800,6,,3000,1132006,6,0,,vicsek_eta0_6_deta0p5_steps3000_R20_v1
vicsek,8,rho_8,800,6,,3000,1132007,7,0,,vicsek_eta0_6_deta0p5_steps3000_R20_v1
vicsek,8,rho_8,800,6,,3000,1132008,8,0,,vicsek_eta0_6_deta0p5_steps3000_R20_v1
vicsek,8,rho_8,800,6,,3000,1132009,9,0,,vicsek_eta0_6_deta0p5_steps3000_R20_v1
vicsek,8,rho_8,800,6,,3000,1132010,10,0,,vicsek_eta0_6_deta0p5_steps3000_R20_v1
vicsek,8,rho_8,800,6,,3000,1132011,11,0,,vicsek_eta0_6_deta0p5_steps3000_R20_v1
vicsek,8,rho_8,800,6,,3000,1132012,12,0,,vicsek_eta0_6_deta0p5_steps3000_R20_v1
vicsek,8,rho_8,800,6,,3000,1132013,13,0,,vicsek_eta0_6_deta0p5_steps3000_R20_v1
vicsek,8,rho_8,800,6,,3000,1132014,14,0,,vicsek_eta0_6_deta0p5_steps3000_R20_v1
vicsek,8,rho_8,800,6,,3000,1132015,15,0,,vicsek_eta0_6_deta0p5_steps3000_R20_v1
vicsek,8,rho_8,800,6,,3000,1132016,16,0,,vicsek_eta0_6_deta0p5_steps3000_R20_v1
vicsek,8,rho_8,800,6,,3000,1132017,17,0,,vicsek_eta0_6_deta0p5_steps3000_R20_v1
vicsek,8,rho_8,800,6,,3000,1132018,18,0,,vicsek_eta0_6_deta0p5_steps3000_R20_v1
vicsek,8,rho_8,800,6,,3000,1132019,19,0,,vicsek_eta0_6_deta0p5_steps3000_R20_v1
vicsek,8.0,rho_8,800,6.2,22,3000,1722200,0,0,9.9212,final_dense_eta_grid_steps3000_R20_v1
vicsek,8.0,rho_8,800,6.2,22,3000,1722201,1,0,9.8805,final_dense_eta_grid_steps3000_R20_v1
vicsek,8.0,rho_8,800,6.2,22,3000,1722202,2,0,10.0424,final_dense_eta_grid_steps3000_R20_v1
vicsek,8.0,rho_8,800,6.2,22,3000,1722203,3,0,9.9847,final_dense_eta_grid_steps3000_R20_v1
vicsek,8.0,rho_8,800,6.2,22,3000,1722204,4,0,9.9018,final_dense_eta_grid_steps3000_R20_v1
vicsek,8.0,rho_8,800,6.2,22,3000,1722205,5,0,9.6491,final_dense_eta_grid_steps3000_R20_v1
vicsek,8.0,rho_8,800,6.2,22,3000,1722206,6,0,9.8046,final_dense_eta_grid_steps3000_R20_v1
vicsek,8.0,rho_8,800,6.2,22,3000,1722207,7,0,9.9072,final_dense_eta_grid_steps3000_R20_v1
vicsek,8.0,rho_8,800,6.2,22,3000,1722208,8,0,9.8222,final_dense_eta_grid_steps3000_R20_v1
vicsek,8.0,rho_8,800,6.2,22,3000,1722209,9,0,9.9175,final_dense_eta_grid_steps3000_R20_v1
vicsek,8.0,rho_8,800,6.2,22,3000,1722210,10,0,9.8389,final_dense_eta_grid_steps3000_R20_v1
vicsek,8.0,rho_8,800,6.2,22,3000,1722211,11,0,9.8086,final_dense_eta_grid_steps3000_R20_v1
vicsek,8.0,rho_8,800,6.2,22,3000,1722212,12,0,9.7598,final_dense_eta_grid_steps3000_R20_v1
vicsek,8.0,rho_8,800,6.2,22,3000,1722213,13,0,9.915,final_dense_eta_grid_steps3000_R20_v1
vicsek,8.0,rho_8,800,6.2,22,3000,1722214,14,0,9.781,final_dense_eta_grid_steps3000_R20_v1
vicsek,8.0,rho_8,800,6.2,22,3000,1722215,15,0,9.9345,final_dense_eta_grid_steps3000_R20_v1
vicsek,8.0,rho_8,800,6.2,22,3000,1722216,16,0,9.9275,final_dense_eta_grid_steps3000_R20_v1
vicsek,8.0,rho_8,800,6.2,22,3000,1722217,17,0,9.9254,final_dense_eta_grid_steps3000_R20_v1
vicsek,8.0,rho_8,800,6.2,22,3000,1722218,18,0,10.0248,final_dense_eta_grid_steps3000_R20_v1
vicsek,8.0,rho_8,800,6.2,22,3000,1722219,19,0,10.0899,final_dense_eta_grid_steps3000_R20_v1
