model,rho_label,eta,t,realizations,va_mean,va_stdev,va_stderr,S_mean,S_stdev,S_stderr
voter,rho_1_over_2pi,0,0,20,0.2037756318995278,0.1260125422299425,0.028177261044371432,0.15625,0.04192627457812106,0.009375
voter,rho_1_over_2pi,0,50,20,0.2854678655346418,0.12869579463545508,0.02877725452232303,0.225,0.04592793267718459,0.010269797953221865
voter,rho_1_over_2pi,0,100,20,0.3744071446783833,0.15451555081406,0.03455072752010611,0.29375,0.07680128579652817,0.017173289580042606
voter,rho_1_over_2pi,0,150,20,0.43118833109191995,0.21612234498684144,0.04832642548472383,0.365625,0.09328007222874563,0.02085805824495655
voter,rho_1_over_2pi,0,200,20,0.4579109217277269,0.24125175842220192,0.05394553315234009,0.43125,0.12484365222148862,0.02791588929265912
voter,rho_1_over_2pi,0,250,20,0.5060709240586598,0.2338307374891812,0.05228614242547176,0.4625,0.13891319231808044,0.031061934099472943
voter,rho_1_over_2pi,0,300,20,0.5447310587222504,0.2525447411151673,0.05647072084936001,0.525,0.1681703005884214,0.03760402239122831
voter,rho_1_over_2pi,0,350,20,0.622240596372577,0.2649550410905669,0.05924574828597576,0.58125,0.16189792308735773,0.03620147614393645
voter,rho_1_over_2pi,0,400,20,0.6629866960606876,0.26092610945878064,0.05834485178543843,0.596875,0.16473819191371503,0.0368365795609473
voter,rho_1_over_2pi,0,450,20,0.6580912049045452,0.2844557197503271,0.06360623259503607,0.65,0.1704772712123232,0.03811987670494226
voter,rho_1_over_2pi,0,500,20,0.6800885015400058,0.2605932885042126,0.058270430757563385,0.665625,0.1680250632346258,0.03757154633163239
voter,rho_1_over_2pi,0,550,20,0.6886099238363257,0.27279016237027104,0.060997734665313115,0.6625,0.18791620472966136,0.04201934078492903
voter,rho_1_over_2pi,0,600,20,0.6946357844684682,0.2776335496292831,0.06208074898056385,0.653125,0.18165364536667025,0.04061898994005144
voter,rho_1_over_2pi,0,650,20,0.6977482302854237,0.2786702366719514,0.06231255925044381,0.65,0.18157298807917438,0.04060095442227929
voter,rho_1_over_2pi,0,700,20,0.7290246028587481,0.2705166658510914,0.060489365388963635,0.671875,0.18736974642401585,0.04189714899309976
voter,rho_1_over_2pi,0,750,20,0.7492151440512129,0.25260030887988727,0.056483146179287166,0.696875,0.1621089043667867,0.036248652992214754
voter,rho_1_over_2pi,0,800,20,0.7673576284247826,0.26715949052828386,0.059738678165545386,0.71875,0.17173289580042608,0.03840064289826409
voter,rho_1_over_2pi,0,850,20,0.8042889085277599,0.24884180906917255,0.05564272007226935,0.734375,0.16987472406158605,0.037985143066072556
voter,rho_1_over_2pi,0,900,20,0.7917139351607152,0.2654746480181108,0.05936193592713256,0.75625,0.17444107171191078,0.03900620944157481
voter,rho_1_over_2pi,0,950,20,0.7857235513680768,0.28014854238033776,0.06264311845599159,0.78125,0.1694430213965745,0.03788861141556919
voter,rho_1_over_2pi,0,1000,20,0.8323399374365673,0.25707775711853176,0.057484334042021745,0.8125,0.16770509831248423,0.0375
voter,rho_1_over_2pi,0,1050,20,0.8400980113992729,0.2596660732425122,0.058063099122069646,0.81875,0.1721872164244489,0.0385022320781536
voter,rho_1_over_2pi,0,1100,20,0.841509765059595,0.26028236364260293,0.05820090584491799,0.828125,0.16987472406158605,0.037985143066072556
voter,rho_1_over_2pi,0,1150,20,0.841509765059595,0.26028236364260293,0.05820090584491799,0.85,0.16225943732183962,0.03628231318424998
voter,rho_1_over_2pi,0,1200,20,0.8678346221298611,0.2480693739498883,0.05546999832877657,0.825,0.17522307211095234,0.0391810700466437
voter,rho_1_over_2pi,0,1250,20,0.8678346221298611,0.2480693739498883,0.05546999832877657,0.8375,0.1783167827210888,0.03987284476934145
voter,rho_1_over_2pi,0,1300,20,0.8776723927489481,0.24706466978950367,0.05524533964878688,0.85625,0.1701332198602025,0.038042944483833004
voter,rho_1_over_2pi,0,1350,20,0.8792518324091004,0.2477397464772314,0.055396291385165344,0.85625,0.1701332198602025,0.038042944483833004
voter,rho_1_over_2pi,0,1400,20,0.8792518324091004,0.2477397464772314,0.055396291385165344,0.85625,0.1701332198602025,0.038042944483833004
voter,rho_1_over_2pi,0,1450,20,0.8792831019289802,0.24775479885404972,0.05539965719894421,0.875,0.16417406920704622,0.036710437888971034
voter,rho_1_over_2pi,0,1500,20,0.8793411220121415,0.2477829244948281,0.05540594628341334,0.875,0.16417406920704622,0.036710437888971034
voter,rho_1_over_2pi,0,1550,20,0.8793411220121415,0.2477829244948281,0.05540594628341334,0.875,0.16417406920704622,0.036710437888971034
voter,rho_1_over_2pi,0,1600,20,0.8845370269992847,0.2486038045353751,0.05558950064061692,0.884375,0.16568395177264453,0.037048057894442994
voter,rho_1_over_2pi,0,1650,20,0.8845041548099258,0.24859213390325358,0.05558689100794051,0.884375,0.16568395177264453,0.037048057894442994
voter,rho_1_over_2pi,0,1700,20,0.8845041548099258,0.24859213390325358,0.05558689100794051,0.884375,0.16568395177264453,0.037048057894442994
voter,rho_1_over_2pi,0,1750,20,0.8851983086860054,0.24888732050973206,0.05565289673975385,0.884375,0.16568395177264453,0.037048057894442994
voter,rho_1_over_2pi,0,1800,20,0.8851983086860054,0.24888732050973206,0.05565289673975385,0.884375,0.16568395177264453,0.037048057894442994
voter,rho_1_over_2pi,0,1850,20,0.8851983086860054,0.24888732050973206,0.05565289673975385,0.884375,0.16568395177264453,0.037048057894442994
voter,rho_1_over_2pi,0,1900,20,0.8851983086860054,0.24888732050973206,0.05565289673975385,0.884375,0.16568395177264453,0.037048057894442994
voter,rho_1_over_2pi,0,1950,20,0.8851983086860054,0.24888732050973206,0.05565289673975385,0.884375,0.16568395177264453,0.037048057894442994
voter,rho_1_over_2pi,0,2000,20,0.8851983086860054,0.24888732050973206,0.05565289673975385,0.884375,0.16568395177264453,0.037048057894442994
voter,rho_1_over_2pi,0,2050,20,0.8851983086860054,0.24888732050973206,0.05565289673975385,0.884375,0.16568395177264453,0.037048057894442994
voter,rho_1_over_2pi,0,2100,20,0.8851983086860054,0.24888732050973206,0.05565289673975385,0.884375,0.16568395177264453,0.037048057894442994
voter,rho_1_over_2pi,0,2150,20,0.8851983086860054,0.24888732050973206,0.05565289673975385,0.884375,0.16568395177264453,0.037048057894442994
voter,rho_1_over_2pi,0,2200,20,0.8851983086860054,0.24888732050973206,0.05565289673975385,0.884375,0.16568395177264453,0.037048057894442994
voter,rho_1_over_2pi,0,2250,20,0.8851983086860054,0.24888732050973206,0.05565289673975385,0.884375,0.16568395177264453,0.037048057894442994
voter,rho_1_over_2pi,0,2300,20,0.8851983086860054,0.24888732050973206,0.05565289673975385,0.884375,0.16568395177264453,0.037048057894442994
voter,rho_1_over_2pi,0,2350,20,0.8851983086860054,0.24888732050973206,0.05565289673975385,0.884375,0.16568395177264453,0.037048057894442994
voter,rho_1_over_2pi,0,2400,20,0.8851983086860054,0.24888732050973206,0.05565289673975385,0.884375,0.16568395177264453,0.037048057894442994
voter,rho_1_over_2pi,0,2450,20,0.8851983086860054,0.24888732050973206,0.05565289673975385,0.884375,0.16568395177264453,0.037048057894442994
voter,rho_1_over_2pi,0,2500,20,0.8851983086860054,0.24888732050973206,0.05565289673975385,0.884375,0.16568395177264453,0.037048057894442994
voter,rho_1_over_2pi,0,2550,20,0.8851983086860054,0.24888732050973206,0.05565289673975385,0.884375,0.16568395177264453,0.037048057894442994
voter,rho_1_over_2pi,0,2600,20,0.8851983086860054,0.24888732050973206,0.05565289673975385,0.884375,0.16568395177264453,0.037048057894442994
voter,rho_1_over_2pi,0,2650,20,0.8851983086860054,0.24888732050973206,0.05565289673975385,0.884375,0.16568395177264453,0.037048057894442994
voter,rho_1_over_2pi,0,2700,20,0.8851983086860054,0.24888732050973206,0.05565289673975385,0.884375,0.16568395177264453,0.037048057894442994
voter,rho_1_over_2pi,0,2750,20,0.8851983086860054,0.24888732050973206,0.05565289673975385,0.884375,0.16568395177264453,0.037048057894442994
voter,rho_1_over_2pi,0,2800,20,0.8851983086860054,0.24888732050973206,0.05565289673975385,0.884375,0.16568395177264453,0.037048057894442994
voter,rho_1_over_2pi,0,2850,20,0.8851983086860054,0.24888732050973206,0.05565289673975385,0.884375,0.16568395177264453,0.037048057894442994
voter,rho_1_over_2pi,0,2900,20,0.8851983086860054,0.24888732050973206,0.05565289673975385,0.884375,0.16568395177264453,0.037048057894442994
voter,rho_1_over_2pi,0,2950,20,0.8851983086860054,0.24888732050973206,0.05565289673975385,0.884375,0.16568395177264453,0.037048057894442994
voter,rho_1_over_2pi,0,3000,20,0.8851983086860054,0.24888732050973206,0.05565289673975385,0.884375,0.16568395177264453,0.037048057894442994
voter,rho_1_over_2pi,0.050000000000000003,0,20,0.23604366829617796,0.14572992405596377,0.032586201654501684,0.171875,0.047905342864862165,0.010711960313126632
voter,rho_1_over_2pi,0.050000000000000003,50,20,0.29881376300943674,0.15200590611345313,0.033989553905113205,0.2625,0.08052561704203204,0.018006075363609916
voter,rho_1_over_2pi,0.050000000000000003,100,20,0.38437381219770844,0.16610083093280179,0.037141274908494455,0.334375,0.09535091438995223,0.02132111262926961
voter,rho_1_over_2pi,0.050000000000000003,150,20,0.4221216665306901,0.18879032959296047,0.042214801046444976,0.4,0.13020416659999787,0.029114536747130288
voter,rho_1_over_2pi,0.050000000000000003,200,20,0.5398463713241917,0.16899800034147835,0.03778910168250783,0.48125,0.17798788582372677,0.039799301187332416
voter,rho_1_over_2pi,0.050000000000000003,250,20,0.6091288306382544,0.19922286137139872,0.04454758606984645,0.528125,0.17508368534789298,0.03914990221890726
voter,rho_1_over_2pi,0.050000000000000003,300,20,0.6562977005273616,0.1855320389830096,0.04148622511701504,0.58125,0.19872641369480806,0.044436576994633596
voter,rho_1_over_2pi,0.050000000000000003,350,20,0.6883833219054086,0.20310178725564923,0.045414940265533214,0.60625,0.19475545563603602,0.043548643779112106
voter,rho_1_over_2pi,0.050000000000000003,400,20,0.714999721904808,0.19911614483682558,0.04452372352728357,0.6625,0.21139418156609704,0.04726917600297259
voter,rho_1_over_2pi,0.050000000000000003,450,20,0.7617497776309273,0.19968702446622094,0.044651376093113364,0.65625,0.19213032686174247,0.042961647140211
voter,rho_1_over_2pi,0.050000000000000003,500,20,0.7746289148556167,0.19671603670588372,0.04398704303386998,0.659375,0.1941276561312169,0.04340826354221048
voter,rho_1_over_2pi,0.050000000000000003,550,20,0.8328851001074126,0.18422686941945132,0.04119438033038703,0.66875,0.22887291779500693,0.05117754023983567
voter,rho_1_over_2pi,0.050000000000000003,600,20,0.8403654424636727,0.18940809388813123,0.042352937342252386,0.65625,0.20775962673243326,0.046456464835370324
voter,rho_1_over_2pi,0.050000000000000003,650,20,0.8527717459183602,0.18082252075890068,0.04043314482797688,0.678125,0.20182274865584404,0.04512893854003216
voter,rho_1_over_2pi,0.050000000000000003,700,20,0.8469978532381066,0.18274863151287576,0.04086383628578504,0.7,0.22238058593321494,0.04972581070229021
voter,rho_1_over_2pi,0.050000000000000003,750,20,0.8630148074068822,0.1549492738099839,0.03464771093033518,0.715625,0.20773612318275317,0.0464512092818906
voter,rho_1_over_2pi,0.050000000000000003,800,20,0.8837980236640123,0.14539591859852663,0.03251151576373315,0.765625,0.2014352796185415,0.04504229782937367
voter,rho_1_over_2pi,0.050000000000000003,850,20,0.9112381336211914,0.11039437918696937,0.024684933619595145,0.765625,0.21275260721081657,0.047572929211369776
voter,rho_1_over_2pi,0.050000000000000003,900,20,0.918994979676387,0.0825849782368119,0.018466562525785213,0.7875,0.2,0.044721359549995794
voter,rho_1_over_2pi,0.050000000000000003,950,20,0.9286328270738192,0.07853833632356924,0.017561705885924175,0.778125,0.19712285984887698,0.04407801145412528
voter,rho_1_over_2pi,0.050000000000000003,1000,20,0.9304074161653212,0.07459800107997516,0.016680620140042717,0.778125,0.20394066998762164,0.04560252014691732
voter,rho_1_over_2pi,0.050000000000000003,1050,20,0.9553706167838625,0.057200573627703505,0.012790437098352678,0.80625,0.1995111212439046,0.044612042936857305
voter,rho_1_over_2pi,0.050000000000000003,1100,20,0.9688394014264651,0.03228816881150425,0.00721985403315121,0.825,0.18915932438026944,0.042297310789221575
voter,rho_1_over_2pi,0.050000000000000003,1150,20,0.9727755586589201,0.0288630689284047,0.006453978416317492,0.8125,0.19162137145944866,0.04284784125250653
voter,rho_1_over_2pi,0.050000000000000003,1200,20,0.9739215031867445,0.028394768303834923,0.006349263213273129,0.803125,0.18569443145931974,0.04152253717862144
voter,rho_1_over_2pi,0.050000000000000003,1250,20,0.9772118962996347,0.026073692175212222,0.0058302548128178885,0.771875,0.20942163659708135,0.04682810153903316
voter,rho_1_over_2pi,0.050000000000000003,1300,20,0.979507950807632,0.02043484111697073,0.0045693693846954285,0.784375,0.2114634646339646,0.04728466816791675
voter,rho_1_over_2pi,0.050000000000000003,1350,20,0.9830246019945038,0.017682571704837446,0.003953943234903087,0.753125,0.1941276561312169,0.04340826354221048
voter,rho_1_over_2pi,0.050000000000000003,1400,20,0.9848526843527375,0.017534904291493354,0.003920923797473192,0.759375,0.18569443145931974,0.04152253717862144
voter,rho_1_over_2pi,0.050000000000000003,1450,20,0.9862520612308291,0.012698515229682817,0.0028394743266887132,0.75,0.1875,0.04192627457812106
voter,rho_1_over_2pi,0.050000000000000003,1500,20,0.9865141829368443,0.013999890806652336,0.0031304707521248986,0.740625,0.1919014639730505,0.042910471842546774
voter,rho_1_over_2pi,0.050000000000000003,1550,20,0.9859259882587276,0.01381270910351757,0.0030886156508895465,0.771875,0.18985500223855045,0.04245286908737735
voter,rho_1_over_2pi,0.050000000000000003,1600,20,0.9865741226135378,0.011481088469682911,0.002567249427390002,0.778125,0.18272567382554647,0.040858702790837594
voter,rho_1_over_2pi,0.050000000000000003,1650,20,0.9832485524879424,0.015817414641099852,0.0035368814365799705,0.76875,0.18760413774754542,0.04194956048637458
voter,rho_1_over_2pi,0.050000000000000003,1700,20,0.9832338172429897,0.016559945385363928,0.0037029163585357693,0.7625,0.18178799465311235,0.04064903135377275
voter,rho_1_over_2pi,0.050000000000000003,1750,20,0.9782912727194837,0.01866495541327886,0.0041736109101094205,0.76875,0.20358121843627913,0.04552214433657536
voter,rho_1_over_2pi,0.050000000000000003,1800,20,0.9788734589423591,0.021430157719044045,0.004791928942832432,0.7875,0.19505608167909044,0.04361586580591975
voter,rho_1_over_2pi,0.050000000000000003,1850,20,0.9776126060970876,0.026284277784196786,0.005877343186495155,0.79375,0.18760413774754542,0.04194956048637458
voter,rho_1_over_2pi,0.050000000000000003,1900,20,0.9740729601099037,0.0316174351695717,0.007069873431335492,0.815625,0.1694142021053725,0.037882167226150086
voter,rho_1_over_2pi,0.050000000000000003,1950,20,0.9698216735739745,0.035363303143699086,0.007907474973824317,0.825,0.18708286933869708,0.04183300132670378
voter,rho_1_over_2pi,0.050000000000000003,2000,20,0.9757878117782568,0.03341310977525153,0.007471398479712514,0.821875,0.17373988279897049,0.03884941883413444
voter,rho_1_over_2pi,0.050000000000000003,2050,20,0.9779495778416729,0.036175691949387224,0.00808913063319217,0.815625,0.19210491111629605,0.042955964006759294
voter,rho_1_over_2pi,0.050000000000000003,2100,20,0.9746269110697211,0.035500226475669076,0.007938091961623383,0.815625,0.19210491111629605,0.042955964006759294
voter,rho_1_over_2pi,0.050000000000000003,2150,20,0.9788292420465987,0.03213382616146286,0.007185341967419209,0.825,0.18708286933869708,0.04183300132670378
voter,rho_1_over_2pi,0.050000000000000003,2200,20,0.9774920415062741,0.029074461632263522,0.006501247261895072,0.80625,0.18739580438206188,0.04190297572965433
voter,rho_1_over_2pi,0.050000000000000003,2250,20,0.9743003767608233,0.02760776751371942,0.006173284486768698,0.821875,0.1645009023531482,0.03678352000216945
voter,rho_1_over_2pi,0.050000000000000003,2300,20,0.9781788688908032,0.0247378121486491,0.005531542957899952,0.85,0.15486889616704835,0.034629737942987675
voter,rho_1_over_2pi,0.050000000000000003,2350,20,0.9776633990505686,0.03330901063984869,0.007448121205396543,0.859375,0.14905300022139775,0.033329264074533654
voter,rho_1_over_2pi,0.050000000000000003,2400,20,0.9805233315864534,0.030800131162800014,0.006887118699593047,0.86875,0.13095204274848102,0.029281766937806195
voter,rho_1_over_2pi,0.050000000000000003,2450,20,0.9862471786084432,0.016295343068266438,0.003643749481732375,0.83125,0.1467086824288188,0.032805058680026776
voter,rho_1_over_2pi,0.050000000000000003,2500,20,0.9866491203129023,0.017439544463152542,0.0038996006916239157,0.8375,0.15612494995995996,0.03491060010942235
voter,rho_1_over_2pi,0.050000000000000003,2550,20,0.9850998535943484,0.018294879023475045,0.004090859313662517,0.890625,0.14773683316966016,0.03303496017479058
voter,rho_1_over_2pi,0.050000000000000003,2600,20,0.9858862961280253,0.02221076020282215,0.004966476964545734,0.86875,0.1640550593550836,0.036683826477072974
voter,rho_1_over_2pi,0.050000000000000003,2650,20,0.9867291500903577,0.01804391080590726,0.004034741114195165,0.86875,0.1640550593550836,0.036683826477072974
voter,rho_1_over_2pi,0.050000000000000003,2700,20,0.9841862238867382,0.02171668726721848,0.0048559988975604654,0.86875,0.1640550593550836,0.036683826477072974
voter,rho_1_over_2pi,0.050000000000000003,2750,20,0.9840179121196615,0.024146807039929625,0.005399390198085312,0.85,0.16932771480180084,0.0378628280771524
voter,rho_1_over_2pi,0.050000000000000003,2800,20,0.980226747059833,0.028878484111639662,0.006457425356077391,0.871875,0.1536979078419742,0.034367896993415234
voter,rho_1_over_2pi,0.050000000000000003,2850,20,0.9878665279052686,0.015434115602471198,0.0034511731659715716,0.853125,0.19088097567594314,0.04268228372228927
voter,rho_1_over_2pi,0.050000000000000003,2900,20,0.98875941145863,0.01617802148785826,0.003617515578830336,0.846875,0.1879941405336879,0.04203676776049747
voter,rho_1_over_2pi,0.050000000000000003,2950,20,0.9888744859446476,0.013073722633387463,0.002923373252723193,0.8375,0.1940521837032503,0.04339138739427446
voter,rho_1_over_2pi,0.050000000000000003,3000,20,0.9884143467352693,0.01648544342041275,0.003686257212726955,0.83125,0.19070182877990446,0.04264222525853922
voter,rho_1_over_2pi,0.10000000000000001,0,20,0.20977556281706158,0.12159199672579958,0.02718879701988197,0.178125,0.05330850659134994,0.011920144451725406
voter,rho_1_over_2pi,0.10000000000000001,50,20,0.2796536672004149,0.1384822085028278,0.030965563188662233,0.25,0.0625,0.013975424859373685
voter,rho_1_over_2pi,0.10000000000000001,100,20,0.3441511787701293,0.164379479937721,0.03675636912468071,0.34375,0.1390537216330437,0.031093357409581874
voter,rho_1_over_2pi,0.10000000000000001,150,20,0.45206841458526686,0.200383369102832,0.04480708348743634,0.446875,0.13444765477686846,0.030063409549650217
voter,rho_1_over_2pi,0.10000000000000001,200,20,0.495424633621937,0.17588344105695508,0.0393287330319929,0.478125,0.17261205599551846,0.03859722909419794
voter,rho_1_over_2pi,0.10000000000000001,250,20,0.5351383602767573,0.20992784485226584,0.04694129314596957,0.50625,0.19655231491895483,0.043950433729372906
voter,rho_1_over_2pi,0.10000000000000001,300,20,0.5544870621003642,0.2323783849897305,0.051961386533865415,0.534375,0.20489612459731882,0.04581616629258716
voter,rho_1_over_2pi,0.10000000000000001,350,20,0.6046116008370881,0.2532460671545748,0.0566275421192106,0.584375,0.19291655417563314,0.043137452912173656
voter,rho_1_over_2pi,0.10000000000000001,400,20,0.6547490584882099,0.25964574071815577,0.058058552631408133,0.64375,0.1855102759956979,0.041481358765112795
voter,rho_1_over_2pi,0.10000000000000001,450,20,0.6961137626893393,0.18948868785951808,0.04237095870211215,0.6375,0.18812396179115515,0.042065796676159596
voter,rho_1_over_2pi,0.10000000000000001,500,20,0.7092561000146456,0.19240844742470092,0.04302383678868256,0.64375,0.2092583630347901,0.04679159246061198
voter,rho_1_over_2pi,0.10000000000000001,550,20,0.7238749729724537,0.20746185029876663,0.04638988000059272,0.678125,0.20942163659708135,0.04682810153903316
voter,rho_1_over_2pi,0.10000000000000001,600,20,0.7525311383468306,0.2129513592706585,0.04761737152301724,0.7,0.20406034646643134,0.04562928062110995
voter,rho_1_over_2pi,0.10000000000000001,650,20,0.8048049390758146,0.20914793239462154,0.04676689941879041,0.725,0.18791620472966136,0.04201934078492903
voter,rho_1_over_2pi,0.10000000000000001,700,20,0.81061985542197,0.20754911613592347,0.04640939323499233,0.7,0.20785361435394864,0.04647748110644552
voter,rho_1_over_2pi,0.10000000000000001,750,20,0.8284329455544214,0.20431611509420727,0.04568647222493183,0.7125,0.18371173070873836,0.04107919181288746
voter,rho_1_over_2pi,0.10000000000000001,800,20,0.8111941630682328,0.22471069225536097,0.05024683831540226,0.653125,0.22050634202897657,0.04930671702466105
voter,rho_1_over_2pi,0.10000000000000001,850,20,0.8552573954988454,0.17398873872964724,0.03890506471189416,0.653125,0.19513116582186454,0.04363265513064727
voter,rho_1_over_2pi,0.10000000000000001,900,20,0.8742755665470165,0.14508422030831036,0.03244181790719375,0.675,0.1774383695822299,0.0396764256202597
voter,rho_1_over_2pi,0.10000000000000001,950,20,0.8704863299211084,0.14752224511991513,0.03298697682815168,0.678125,0.1825117718806105,0.04081087286189797
voter,rho_1_over_2pi,0.10000000000000001,1000,20,0.8657139353739289,0.15052528934268614,0.03365847793030708,0.725,0.18371173070873836,0.04107919181288746
voter,rho_1_over_2pi,0.10000000000000001,1050,20,0.822665930535449,0.254993146184608,0.05701820086653246,0.74375,0.21731673313392139,0.04859349879356291
voter,rho_1_over_2pi,0.10000000000000001,1100,20,0.8687528020239845,0.205366907238994,0.045921436491528425,0.678125,0.20660480845081994,0.04619823961743564
voter,rho_1_over_2pi,0.10000000000000001,1150,20,0.9189968340565899,0.08540197504897423,0.01909646216222473,0.703125,0.20240256143389096,0.04525858861862575
voter,rho_1_over_2pi,0.10000000000000001,1200,20,0.8945377086942836,0.17556712105164532,0.039258001728541325,0.70625,0.20832291640623699,0.04658242023553521
voter,rho_1_over_2pi,0.10000000000000001,1250,20,0.8983150704838991,0.16244232690254148,0.03632320853773256,0.746875,0.21238507921932745,0.04749074745410941
voter,rho_1_over_2pi,0.10000000000000001,1300,20,0.9340960919505049,0.06266408233020988,0.014012114783799271,0.759375,0.2176535018670731,0.048668802571565285
voter,rho_1_over_2pi,0.10000000000000001,1350,20,0.9489269564405536,0.053317490171987496,0.011922153241424099,0.79375,0.1757795138803154,0.03930549420882531
voter,rho_1_over_2pi,0.10000000000000001,1400,20,0.9444837023139601,0.061910731131227664,0.01384366033461375,0.74375,0.1721872164244489,0.0385022320781536
voter,rho_1_over_2pi,0.10000000000000001,1450,20,0.9457716555701848,0.06255191179541832,0.013987032689712627,0.759375,0.18035880038135096,0.04032945379930157
voter,rho_1_over_2pi,0.10000000000000001,1500,20,0.9428878946959044,0.07202694770969098,0.016105715129069182,0.765625,0.17992511463105978,0.040232478717449165
voter,rho_1_over_2pi,0.10000000000000001,1550,20,0.953598375744568,0.038206720868971346,0.008543282506037976,0.778125,0.1859046714716981,0.04156954827454828
voter,rho_1_over_2pi,0.10000000000000001,1600,20,0.9517538748408333,0.0434154547250795,0.009707990803934221,0.75,0.18006075363609916,0.04026280852101601
voter,rho_1_over_2pi,0.10000000000000001,1650,20,0.9435395375762898,0.062418640413270415,0.01395723230271882,0.759375,0.18985500223855045,0.04245286908737735
voter,rho_1_over_2pi,0.10000000000000001,1700,20,0.9397101826515886,0.060592499467848275,0.013548894773672857,0.75625,0.17995225061109962,0.04023854650704968
voter,rho_1_over_2pi,0.10000000000000001,1750,20,0.9302348156916699,0.09436558817635154,0.021100786989907246,0.78125,0.18593093475804395,0.04157542092390647
voter,rho_1_over_2pi,0.10000000000000001,1800,20,0.9336150940141156,0.09209465627887446,0.020592991180404113,0.734375,0.19948664585630788,0.044606570073813114
voter,rho_1_over_2pi,0.10000000000000001,1850,20,0.9217338908100944,0.10250231388911706,0.022920214170708657,0.753125,0.20007322878136394,0.044737734003299716
voter,rho_1_over_2pi,0.10000000000000001,1900,20,0.9219147343421881,0.11634920653158153,0.026016473493277882,0.7625,0.19425337834900067,0.04343637588473513
voter,rho_1_over_2pi,0.10000000000000001,1950,20,0.9193704704247951,0.11853399539791828,0.02650500713543925,0.75625,0.19455478020341727,0.043503771388237134
voter,rho_1_over_2pi,0.10000000000000001,2000,20,0.9143744308469179,0.11767673760428479,0.026313318465358653,0.7375,0.17962634828999893,0.04016567253264907
voter,rho_1_over_2pi,0.10000000000000001,2050,20,0.8977015892668486,0.10872309480986467,0.024311223071901197,0.74375,0.181034354474503,0.04048051228677819
voter,rho_1_over_2pi,0.10000000000000001,2100,20,0.8970210726607333,0.09617348119590965,0.021505044158685174,0.74375,0.181034354474503,0.04048051228677819
voter,rho_1_over_2pi,0.10000000000000001,2150,20,0.8902212376490463,0.11185921113030202,0.02501247999968564,0.7625,0.1982343940894213,0.044326558066242853
voter,rho_1_over_2pi,0.10000000000000001,2200,20,0.9091409575931767,0.10035375491918237,0.022439781779664568,0.771875,0.1846396405840306,0.04128667876870214
voter,rho_1_over_2pi,0.10000000000000001,2250,20,0.9165351742790623,0.09459474922621311,0.021152028958435813,0.7625,0.19921721813136534,0.04454632420301365
voter,rho_1_over_2pi,0.10000000000000001,2300,20,0.9283589719701352,0.07794602262950556,0.017429260517531135,0.734375,0.22436977709798617,0.05017060736875725
voter,rho_1_over_2pi,0.10000000000000001,2350,20,0.9381008465289948,0.08632531878429615,0.019302928098102568,0.75625,0.20907160854597165,0.04674983288740185
voter,rho_1_over_2pi,0.10000000000000001,2400,20,0.9489095894579224,0.05422632064981756,0.012125373914269263,0.79375,0.21203994317109218,0.04741357268757544
voter,rho_1_over_2pi,0.10000000000000001,2450,20,0.9621227812787991,0.03285062788779139,0.007345623706065188,0.778125,0.23591162937634083,0.05275144399682344
voter,rho_1_over_2pi,0.10000000000000001,2500,20,0.9532459510929463,0.043575880048718874,0.009743862996831224,0.809375,0.20960807922167504,0.04686979137728266
voter,rho_1_over_2pi,0.10000000000000001,2550,20,0.9634157950936073,0.04342597656659082,0.009710343559220999,0.8,0.22150056433336687,0.04952903189039737
voter,rho_1_over_2pi,0.10000000000000001,2600,20,0.9652772164097472,0.044451422788565634,0.009939640305181602,0.7875,0.2358495283014151,0.052737557774322465
voter,rho_1_over_2pi,0.10000000000000001,2650,20,0.9600664704981394,0.052462191474436495,0.011730902638544993,0.83125,0.22543360996089293,0.05040848762857303
voter,rho_1_over_2pi,0.10000000000000001,2700,20,0.9708610993450073,0.039039898159647146,0.008729586611963994,0.815625,0.21512623474369647,0.04810368846304823
voter,rho_1_over_2pi,0.10000000000000001,2750,20,0.9692382711866399,0.03249749497039317,0.007266660785225664,0.803125,0.22558517654092433,0.05044237894617976
voter,rho_1_over_2pi,0.10000000000000001,2800,20,0.9630128126760358,0.03165453425922102,0.007078169039971414,0.784375,0.24643948927677967,0.05510554503632098
voter,rho_1_over_2pi,0.10000000000000001,2850,20,0.9582089671416478,0.039413596020439055,0.008813147993941691,0.78125,0.24803918541230538,0.0554632479665589
voter,rho_1_over_2pi,0.10000000000000001,2900,20,0.9599282903966658,0.04382763645981567,0.009800157441729606,0.790625,0.23324728696171365,0.052155678921379206
voter,rho_1_over_2pi,0.10000000000000001,2950,20,0.9580167219853456,0.0443082862454528,0.009907634001135139,0.790625,0.23324728696171365,0.052155678921379206
voter,rho_1_over_2pi,0.10000000000000001,3000,20,0.9527780478416851,0.04955930623612531,0.011081797766170543,0.79375,0.2297246993686138,0.05136800438989235
voter,rho_1_over_2pi,0.14999999999999999,0,20,0.21488572981064386,0.11750616747908146,0.026275177825870123,0.171875,0.0554632479665589,0.012401959270615269
voter,rho_1_over_2pi,0.14999999999999999,50,20,0.3254682727233054,0.14502080708535073,0.03242763827947274,0.246875,0.07255116728902437,0.016222934190521763
voter,rho_1_over_2pi,0.14999999999999999,100,20,0.3649860878305623,0.1332620818977959,0.02979830739466158,0.31875,0.10625,0.023758222260935265
voter,rho_1_over_2pi,0.14999999999999999,150,20,0.4465545657805471,0.19082296498003545,0.042669312136342105,0.39375,0.11709371246996997,0.026182950082066763
voter,rho_1_over_2pi,0.14999999999999999,200,20,0.5169799078440234,0.23299441432884077,0.052099134881703896,0.459375,0.1680250632346258,0.03757154633163239
voter,rho_1_over_2pi,0.14999999999999999,250,20,0.576926231148983,0.1992207588979691,0.044547115942495503,0.546875,0.20998046784165425,0.04695306000411474
voter,rho_1_over_2pi,0.14999999999999999,300,20,0.675614948162754,0.2097742255233861,0.04690694281976627,0.546875,0.20998046784165425,0.04695306000411474
voter,rho_1_over_2pi,0.14999999999999999,350,20,0.7187898408330201,0.18078188620296443,0.040424058665045975,0.546875,0.21729426332740587,0.048588474392081915
voter,rho_1_over_2pi,0.14999999999999999,400,20,0.7327023981061864,0.18967039628065327,0.0424115899402864,0.596875,0.18379144940665765,0.04109701745564999
voter,rho_1_over_2pi,0.14999999999999999,450,20,0.7567544588452051,0.18910815898952693,0.042285869860042014,0.6125,0.18812396179115515,0.042065796676159596
voter,rho_1_over_2pi,0.14999999999999999,500,20,0.7967963859391382,0.17158485586838548,0.03836754016312136,0.65625,0.18060229095999863,0.040383899947875265
voter,rho_1_over_2pi,0.14999999999999999,550,20,0.8083150512601431,0.17672364291106857,0.03951660787805481,0.65,0.1681703005884214,0.03760402239122831
voter,rho_1_over_2pi,0.14999999999999999,600,20,0.8600742769761307,0.11601798692556448,0.0259424105378244,0.690625,0.19612954105641506,0.043855898619797995
voter,rho_1_over_2pi,0.14999999999999999,650,20,0.8521408517146444,0.11939620967640377,0.0266978041092257,0.671875,0.18736974642401585,0.04189714899309976
voter,rho_1_over_2pi,0.14999999999999999,700,20,0.8665799629784603,0.12482043538355818,0.027910697849875613,0.709375,0.19889833301211954,0.044475019322648975
voter,rho_1_over_2pi,0.14999999999999999,750,20,0.8837671929176786,0.11013436876887578,0.024626793522623605,0.7,0.2134171384870484,0.04772152292205269
voter,rho_1_over_2pi,0.14999999999999999,800,20,0.8646459701471588,0.11203082530816406,0.025050854096445866,0.609375,0.1985051557894656,0.0443871022229431
voter,rho_1_over_2pi,0.14999999999999999,850,20,0.854427936956545,0.15148032341774614,0.03387203004157336,0.628125,0.1931189319435047,0.04318270595678321
voter,rho_1_over_2pi,0.14999999999999999,900,20,0.8587923515014253,0.12624350848521576,0.028228906669101394,0.675,0.2069118169655856,0.04626688880830437
voter,rho_1_over_2pi,0.14999999999999999,950,20,0.8534649537515653,0.1601109818078533,0.03580190392665921,0.709375,0.19593027299271545,0.04381134092618029
voter,rho_1_over_2pi,0.14999999999999999,1000,20,0.8602314103136207,0.14238524025229368,0.0318383076196768,0.71875,0.184877493221863,0.04133986423538423
voter,rho_1_over_2pi,0.14999999999999999,1050,20,0.8812746371516689,0.11175101786632523,0.02498828725038967,0.678125,0.18569443145931974,0.04152253717862144
voter,rho_1_over_2pi,0.14999999999999999,1100,20,0.876284519283244,0.11950686638238542,0.026722547700899817,0.665625,0.17373988279897049,0.03884941883413444
voter,rho_1_over_2pi,0.14999999999999999,1150,20,0.8706912314090163,0.11918663460855598,0.02665094169941602,0.653125,0.19811119825744328,0.044299010640758106
voter,rho_1_over_2pi,0.14999999999999999,1200,20,0.8693626762875851,0.13727647322344705,0.030695952583905728,0.63125,0.1640550593550836,0.036683826477072974
voter,rho_1_over_2pi,0.14999999999999999,1250,20,0.8759302469709869,0.13748210074331613,0.030741932295152923,0.634375,0.18569443145931974,0.04152253717862144
voter,rho_1_over_2pi,0.14999999999999999,1300,20,0.8472518179091229,0.1528956259698798,0.034188501313103345,0.625,0.15687375497513917,0.0350780380010057
voter,rho_1_over_2pi,0.14999999999999999,1350,20,0.8788085664037606,0.12175871078127636,0.027226075415967044,0.640625,0.17663853451328224,0.039497577061764176
voter,rho_1_over_2pi,0.14999999999999999,1400,20,0.8545084500900005,0.1460373235034672,0.03265493826058804,0.625,0.1711632992203644,0.038273277230987154
voter,rho_1_over_2pi,0.14999999999999999,1450,20,0.8542225459846671,0.16301453694224022,0.03645115859234998,0.653125,0.20960807922167504,0.04686979137728266
voter,rho_1_over_2pi,0.14999999999999999,1500,20,0.8681358662305151,0.17142990985143,0.03833289318044583,0.69375,0.21185564070847865,0.047372361404093
voter,rho_1_over_2pi,0.14999999999999999,1550,20,0.8572893604235523,0.20018559568644415,0.04476286000711777,0.65625,0.1574950396044269,0.03521696146745201
voter,rho_1_over_2pi,0.14999999999999999,1600,20,0.8468067987804524,0.12870547345465916,0.028779418772091257,0.634375,0.15596849641834726,0.034875616033985694
voter,rho_1_over_2pi,0.14999999999999999,1650,20,0.8547994285622845,0.1385665074773072,0.030984413012399178,0.628125,0.14720707141642347,0.03291650184557891
voter,rho_1_over_2pi,0.14999999999999999,1700,20,0.8632906998358791,0.09988872432219963,0.022335797777017496,0.65,0.17161912772182475,0.038375203582521875
voter,rho_1_over_2pi,0.14999999999999999,1750,20,0.8537788545075286,0.11069323836956978,0.024751760564394598,0.653125,0.15621874687437484,0.03493157373709349
voter,rho_1_over_2pi,0.14999999999999999,1800,20,0.8209288706365461,0.14538021283133373,0.032508003847424936,0.690625,0.15621874687437484,0.03493157373709349
voter,rho_1_over_2pi,0.14999999999999999,1850,20,0.8319737243719164,0.14669802779742291,0.032802676232019136,0.709375,0.11738524981870593,0.02624813981504213
voter,rho_1_over_2pi,0.14999999999999999,1900,20,0.846795249454318,0.15135444215497582,0.03384388213550857,0.740625,0.14289829206467095,0.0319530294925223
voter,rho_1_over_2pi,0.14999999999999999,1950,20,0.8586551669784181,0.13191953737204098,0.02949810531242076,0.75,0.1767766952966369,0.03952847075210474
voter,rho_1_over_2pi,0.14999999999999999,2000,20,0.8427476050570993,0.21680132502423696,0.048478250036622005,0.8,0.19121323175972943,0.04275657844121767
voter,rho_1_over_2pi,0.14999999999999999,2050,20,0.8789044110443195,0.15080080268338822,0.033720084586158876,0.778125,0.20773612318275317,0.0464512092818906
voter,rho_1_over_2pi,0.14999999999999999,2100,20,0.8692216707977135,0.1700006716810267,0.03801330580993991,0.83125,0.19172327062722458,0.04287062659910629
voter,rho_1_over_2pi,0.14999999999999999,2150,20,0.9144218339696358,0.10638244485271492,0.023787837830329315,0.753125,0.22575827088946265,0.05048108401916504
voter,rho_1_over_2pi,0.14999999999999999,2200,20,0.9105676784254918,0.08974866655385079,0.020068411930437215,0.778125,0.2058471444421807,0.046028820794693406
voter,rho_1_over_2pi,0.14999999999999999,2250,20,0.9123294360734491,0.09970198460899016,0.022294041507733977,0.75625,0.20242668425877058,0.04526398264624976
voter,rho_1_over_2pi,0.14999999999999999,2300,20,0.8906376125411446,0.12216777754780968,0.027317545525697498,0.7625,0.20019521722558709,0.04476501144867495
voter,rho_1_over_2pi,0.14999999999999999,2350,20,0.9189517680783637,0.11023047042933604,0.024648282507177578,0.75,0.19465514377996795,0.04352621336620037
voter,rho_1_over_2pi,0.14999999999999999,2400,20,0.9286152247749524,0.09213471898590184,0.020601949474031697,0.765625,0.2014352796185415,0.04504229782937367
voter,rho_1_over_2pi,0.14999999999999999,2450,20,0.9059052734261795,0.10972319400712668,0.02453485205083328,0.78125,0.1971476286948438,0.04408354993645589
voter,rho_1_over_2pi,0.14999999999999999,2500,20,0.9214197199802078,0.10618237087490769,0.02374309992883874,0.765625,0.20622632439870522,0.04611360801054283
voter,rho_1_over_2pi,0.14999999999999999,2550,20,0.9332165312905245,0.10321328944417503,0.023079193137853685,0.753125,0.23004330434724676,0.05143924662891166
voter,rho_1_over_2pi,0.14999999999999999,2600,20,0.9133256966264256,0.12241526553247864,0.027372885521430922,0.75,0.21469455046647085,0.048007160924178796
voter,rho_1_over_2pi,0.14999999999999999,2650,20,0.8982917556009669,0.1215667838202059,0.027183159242800195,0.725,0.22132414012032217,0.049489582237072886
voter,rho_1_over_2pi,0.14999999999999999,2700,20,0.8856497381214462,0.13974231879217813,0.03124733241527566,0.73125,0.22281929337469858,0.04982390866842945
voter,rho_1_over_2pi,0.14999999999999999,2750,20,0.8921944971468856,0.12361004716099612,0.02764004681539422,0.746875,0.22227077377604101,0.04970125595747053
voter,rho_1_over_2pi,0.14999999999999999,2800,20,0.8990729793582501,0.1273923273719283,0.02848579038155388,0.709375,0.26389140166932307,0.059007911281030785
voter,rho_1_over_2pi,0.14999999999999999,2850,20,0.9022681201933009,0.14957636553693845,0.03344629211679512,0.753125,0.21330271183226904,0.047695936344200225
voter,rho_1_over_2pi,0.14999999999999999,2900,20,0.915900146156873,0.10344605856079937,0.023131241894637146,0.725,0.23995442275565582,0.05365544007833688
voter,rho_1_over_2pi,0.14999999999999999,2950,20,0.9298730369367464,0.09424159804297226,0.02107306195322971,0.75,0.23385358667337133,0.052291251658379716
voter,rho_1_over_2pi,0.14999999999999999,3000,20,0.8969239830821565,0.1248804236984589,0.02792411164487298,0.725,0.22741756748325315,0.05085211401701998
voter,rho_1_over_2pi,0.20000000000000001,0,20,0.24394177370243092,0.09657723807982133,0.021595326942566172,0.175,0.04677071733467427,0.010458250331675944
voter,rho_1_over_2pi,0.20000000000000001,50,20,0.28439018530399796,0.16892228237303275,0.03777217063005157,0.26875,0.0886090429922364,0.019813584355184197
voter,rho_1_over_2pi,0.20000000000000001,100,20,0.3467468555116949,0.15044483959910834,0.03364048882076585,0.33125,0.11197795541980574,0.025039032030012662
voter,rho_1_over_2pi,0.20000000000000001,150,20,0.3795948512991433,0.188787059349052,0.042214069797676744,0.35625,0.1370732012466332,0.03065049958809807
voter,rho_1_over_2pi,0.20000000000000001,200,20,0.45486082572536113,0.1709639120246315,0.03822869289863697,0.459375,0.1825117718806105,0.04081087286189797
voter,rho_1_over_2pi,0.20000000000000001,250,20,0.5011473453169482,0.18800242999249708,0.04203862133983687,0.490625,0.13873733050264445,0.031022610202076802
voter,rho_1_over_2pi,0.20000000000000001,300,20,0.49186918855643685,0.21182108627465895,0.04736463479779851,0.515625,0.1710206036564016,0.0382413695328763
voter,rho_1_over_2pi,0.20000000000000001,350,20,0.5105072360245594,0.24530884322475416,0.0548527248932389,0.503125,0.1869523251393253,0.04180381075631742
voter,rho_1_over_2pi,0.20000000000000001,400,20,0.586806180678067,0.25113676196466245,0.05615588714021688,0.55625,0.2191068517869763,0.04899378149316503
voter,rho_1_over_2pi,0.20000000000000001,450,20,0.5929183835107082,0.23874712167383358,0.053385479349510524,0.553125,0.1919014639730505,0.042910471842546774
voter,rho_1_over_2pi,0.20000000000000001,500,20,0.6416941554574495,0.22112308959389343,0.049444625972672206,0.5125,0.15,0.03354101966249684
voter,rho_1_over_2pi,0.20000000000000001,550,20,0.7035207791055962,0.227178587254565,0.05079867641335746,0.56875,0.2071948056781347,0.04633016700811686
voter,rho_1_over_2pi,0.20000000000000001,600,20,0.6924988847208383,0.2072998326042782,0.04635365174274933,0.540625,0.19692459692735187,0.0440336785171305
voter,rho_1_over_2pi,0.20000000000000001,650,20,0.6895862284226524,0.2177582064373885,0.04869221522524329,0.55625,0.19354828209002528,0.043278711568160155
voter,rho_1_over_2pi,0.20000000000000001,700,20,0.7153524904193327,0.20560250711525885,0.045974118225410296,0.590625,0.18379144940665765,0.04109701745564999
voter,rho_1_over_2pi,0.20000000000000001,750,20,0.7048739143675,0.1821462268010583,0.04072913449722604,0.54375,0.18232440182268528,0.04076897564325108
voter,rho_1_over_2pi,0.20000000000000001,800,20,0.6992205697064772,0.21962686686418356,0.04911006039936105,0.565625,0.22662175949144867,0.05067416594034874
voter,rho_1_over_2pi,0.20000000000000001,850,20,0.7358518458572296,0.2160742397224246,0.04831566882059266,0.56875,0.23543510252296704,0.052644889353098655
voter,rho_1_over_2pi,0.20000000000000001,900,20,0.7136580609129142,0.225194242485653,0.05035496343394913,0.55625,0.2071948056781347,0.04633016700811686
voter,rho_1_over_2pi,0.20000000000000001,950,20,0.7163006366423723,0.1846293263192138,0.041284372428975306,0.603125,0.20660480845081994,0.04619823961743564
voter,rho_1_over_2pi,0.20000000000000001,1000,20,0.7007997133992855,0.19893160759549167,0.04448245974568328,0.59375,0.20107134927681766,0.04496092053105674
voter,rho_1_over_2pi,0.20000000000000001,1050,20,0.752659423486054,0.20365916185030417,0.0455395730137912,0.609375,0.18421603316486868,0.041191957270200204
voter,rho_1_over_2pi,0.20000000000000001,1100,20,0.7741047636612395,0.21018655754779692,0.04699914306335454,0.634375,0.19889833301211954,0.044475019322648975
voter,rho_1_over_2pi,0.20000000000000001,1150,20,0.7134874754062598,0.23169842952061967,0.05180934386880496,0.621875,0.20867420030995687,0.04666096970434712
voter,rho_1_over_2pi,0.20000000000000001,1200,20,0.6983940276306012,0.249847326041318,0.05586756050249405,0.60625,0.2322613022007756,0.05193520602635557
voter,rho_1_over_2pi,0.20000000000000001,1250,20,0.685228939718993,0.2778273623150516,0.062124086814591875,0.671875,0.23541436208311506,0.052640251649759426
voter,rho_1_over_2pi,0.20000000000000001,1300,20,0.6798808269727912,0.2864358308924555,0.06404899890671648,0.740625,0.212201076517062,0.04744960319907849
voter,rho_1_over_2pi,0.20000000000000001,1350,20,0.7538059064363327,0.25683435555007655,0.057429907796732155,0.69375,0.2164161211647598,0.04839211583512339
voter,rho_1_over_2pi,0.20000000000000001,1400,20,0.7754692117740649,0.24574603485224256,0.05495048391306468,0.675,0.20116846174288852,0.04498263553861645
voter,rho_1_over_2pi,0.20000000000000001,1450,20,0.8133920547031096,0.19780333254854565,0.04423016977545448,0.671875,0.20904825250405706,0.04674461031766122
voter,rho_1_over_2pi,0.20000000000000001,1500,20,0.800591451169353,0.20864368955176618,0.04665414729141118,0.675,0.2125,0.04751644452187053
voter,rho_1_over_2pi,0.20000000000000001,1550,20,0.7436092446033338,0.2283622685936009,0.05106335560713569,0.65625,0.2096313728906053,0.046875
voter,rho_1_over_2pi,0.20000000000000001,1600,20,0.7364720201981896,0.24311010123263052,0.054361071237301724,0.69375,0.20145951826607747,0.04504771775573098
voter,rho_1_over_2pi,0.20000000000000001,1650,20,0.763592735266639,0.21599147500707577,0.048297162067626825,0.653125,0.1859046714716981,0.04156954827454828
voter,rho_1_over_2pi,0.20000000000000001,1700,20,0.7689229599687898,0.21864106265682157,0.048889627877344376,0.678125,0.1825117718806105,0.04081087286189797
voter,rho_1_over_2pi,0.20000000000000001,1750,20,0.8149817170546483,0.17126487834842602,0.038295991014531246,0.69375,0.18739580438206188,0.04190297572965433
voter,rho_1_over_2pi,0.20000000000000001,1800,20,0.8003680217301137,0.17661246895645377,0.039491748626070196,0.68125,0.19354828209002528,0.043278711568160155
voter,rho_1_over_2pi,0.20000000000000001,1850,20,0.7677862640118923,0.2158796204677376,0.04827215063227162,0.709375,0.18674326460410828,0.041757063399501644
voter,rho_1_over_2pi,0.20000000000000001,1900,20,0.77354063663397,0.20085121694874894,0.04491169744609605,0.74375,0.18424253716229594,0.04119788374419249
voter,rho_1_over_2pi,0.20000000000000001,1950,20,0.7790634959041403,0.25075113974145236,0.05606965938974365,0.690625,0.21512623474369647,0.04810368846304823
voter,rho_1_over_2pi,0.20000000000000001,2000,20,0.7717827609103738,0.2580393814277234,0.05769935977443863,0.690625,0.20773612318275317,0.0464512092818906
voter,rho_1_over_2pi,0.20000000000000001,2050,20,0.8178438645075164,0.22631925540105893,0.050606523969390416,0.7125,0.19605483926697653,0.04383919479187545
voter,rho_1_over_2pi,0.20000000000000001,2100,20,0.8398987542901899,0.1944706756677024,0.04348496504232969,0.721875,0.2248914668790259,0.050287260750114436
voter,rho_1_over_2pi,0.20000000000000001,2150,20,0.8483674028001774,0.19599329592803674,0.043825433282932286,0.71875,0.22052848455471688,0.04931166824393594
voter,rho_1_over_2pi,0.20000000000000001,2200,20,0.8446715103109603,0.1484664973148529,0.0331981180377301,0.74375,0.19455478020341727,0.043503771388237134
voter,rho_1_over_2pi,0.20000000000000001,2250,20,0.8771250188879982,0.1306411044171426,0.02921223901323789,0.721875,0.23673808708148336,0.052936245557746155
voter,rho_1_over_2pi,0.20000000000000001,2300,20,0.864814034659284,0.1153966541072305,0.02580347629597977,0.659375,0.21872767743246396,0.048908995529963604
voter,rho_1_over_2pi,0.20000000000000001,2350,20,0.870499165914018,0.12451923689489011,0.02784334782033741,0.6625,0.2104682280060342,0.047062126492541746
voter,rho_1_over_2pi,0.20000000000000001,2400,20,0.8773299057034576,0.13792875938704763,0.030841808204165072,0.709375,0.22731018867397915,0.050828103385332016
voter,rho_1_over_2pi,0.20000000000000001,2450,20,0.8393281259178892,0.13905045950457076,0.031092627975480194,0.678125,0.21035219721933024,0.047036181219886466
voter,rho_1_over_2pi,0.20000000000000001,2500,20,0.792842196800995,0.14398164064654642,0.03219527359976246,0.659375,0.22314775794302752,0.04989735557872781
voter,rho_1_over_2pi,0.20000000000000001,2550,20,0.8071259295663955,0.1571771436725746,0.03514587777611277,0.678125,0.2056572922971612,0.045986368564499634
voter,rho_1_over_2pi,0.20000000000000001,2600,20,0.8161504846996752,0.17581521459868732,0.03931347713213782,0.746875,0.20007322878136394,0.044737734003299716
voter,rho_1_over_2pi,0.20000000000000001,2650,20,0.8144857819162892,0.22750937682786757,0.050872643210572735,0.7875,0.20386883037875114,0.045586456322026174
voter,rho_1_over_2pi,0.20000000000000001,2700,20,0.8387885724699948,0.21031747682422436,0.04702841750352022,0.765625,0.2163935578408008,0.04838707052250632
voter,rho_1_over_2pi,0.20000000000000001,2750,20,0.8671941514968792,0.18496388700134053,0.04135918247175872,0.753125,0.2178328989730431,0.048708916983956844
voter,rho_1_over_2pi,0.20000000000000001,2800,20,0.8616753997954658,0.13745611498871071,0.03073612170377849,0.740625,0.22297263705441528,0.049858197357606104
voter,rho_1_over_2pi,0.20000000000000001,2850,20,0.8631972896580402,0.1295334042790211,0.028964549732485332,0.759375,0.22471770485433495,0.05024840638020274
voter,rho_1_over_2pi,0.20000000000000001,2900,20,0.8932095314206576,0.10496060133189859,0.02346990395373802,0.746875,0.22662175949144867,0.05067416594034874
voter,rho_1_over_2pi,0.20000000000000001,2950,20,0.869481592883583,0.12938173418153207,0.02893063526767138,0.73125,0.23807496193426136,0.05323517986256832
voter,rho_1_over_2pi,0.20000000000000001,3000,20,0.8542452003544572,0.12970491042713156,0.029002899673058743,0.71875,0.2178553132241672,0.04871392896287467
voter,rho_1_over_2pi,0.29999999999999999,0,20,0.24794145741096768,0.11108965856820673,0.02484040281557522,0.190625,0.060837257293536826,0.013603624287299321
voter,rho_1_over_2pi,0.29999999999999999,50,20,0.28397819163756194,0.15249257376499967,0.03409837610024403,0.259375,0.08214649642559323,0.018368515012106994
voter,rho_1_over_2pi,0.29999999999999999,100,20,0.27604514235290734,0.155077464201156,0.03467637517320749,0.35,0.12716868718359878,0.028435782915193313
voter,rho_1_over_2pi,0.29999999999999999,150,20,0.33693807570157797,0.175151239459477,0.03916500777747341,0.34375,0.10915155747858113,0.024407030237208294
voter,rho_1_over_2pi,0.29999999999999999,200,20,0.5204079770939644,0.21035106476519932,0.04703592799544465,0.4125,0.13169567191065923,0.029448047473474362
voter,rho_1_over_2pi,0.29999999999999999,250,20,0.5606550913048147,0.17413121389216346,0.03893692312674332,0.478125,0.19088097567594314,0.04268228372228927
voter,rho_1_over_2pi,0.29999999999999999,300,20,0.5899611220289487,0.20977805322571025,0.04690779872002571,0.471875,0.1761956919876306,0.039398554462695703
voter,rho_1_over_2pi,0.29999999999999999,350,20,0.6093697648714402,0.22527877781973749,0.05037386610930049,0.521875,0.18357878928405647,0.041049465206626015
voter,rho_1_over_2pi,0.29999999999999999,400,20,0.5666790019061436,0.22889527155744827,0.05118253869307285,0.515625,0.1503576465464926,0.033620991861484394
voter,rho_1_over_2pi,0.29999999999999999,450,20,0.5636662077220819,0.24945018073531652,0.05577875611237762,0.521875,0.17927261886579332,0.04008657622883251
voter,rho_1_over_2pi,0.29999999999999999,500,20,0.585499139858775,0.24830381765819737,0.05552242153564419,0.60625,0.16429299285118645,0.03673703002421399
voter,rho_1_over_2pi,0.29999999999999999,550,20,0.6145626450152316,0.24261811637479147,0.05425106007869886,0.58125,0.17798788582372677,0.039799301187332416
voter,rho_1_over_2pi,0.29999999999999999,600,20,0.6362754609429895,0.22564368739865748,0.05045546237171108,0.596875,0.17056317561243986,0.038139085512764986
voter,rho_1_over_2pi,0.29999999999999999,650,20,0.5986003555270423,0.2559566654757767,0.05723365032980103,0.559375,0.18272567382554647,0.040858702790837594
voter,rho_1_over_2pi,0.29999999999999999,700,20,0.6218640864863303,0.23270135108109116,0.0520336039473364,0.553125,0.19692459692735187,0.0440336785171305
voter,rho_1_over_2pi,0.29999999999999999,750,20,0.6498390146854222,0.17780242035375507,0.03975782984749885,0.50625,0.17444107171191078,0.03900620944157481
voter,rho_1_over_2pi,0.29999999999999999,800,20,0.615431026296086,0.2314502370416393,0.05175384634335453,0.521875,0.19392633105125257,0.043363245885772894
voter,rho_1_over_2pi,0.29999999999999999,850,20,0.6002832053407905,0.2303714451549914,0.05151262114414253,0.565625,0.20679379070707127,0.046240497334587564
voter,rho_1_over_2pi,0.29999999999999999,900,20,0.6241056327497183,0.24867382352474937,0.055605157362612595,0.575,0.19324531042175383,0.04321096504360901
voter,rho_1_over_2pi,0.29999999999999999,950,20,0.6318513786619884,0.23360471689184822,0.0522356026834766,0.6125,0.17522307211095234,0.0391810700466437
voter,rho_1_over_2pi,0.29999999999999999,1000,20,0.6397146360815229,0.23678863307959125,0.05294754798652214,0.640625,0.213668661424646,0.047777765160689545
voter,rho_1_over_2pi,0.29999999999999999,1050,20,0.7020652048218445,0.21822697756871615,0.048797035636797104,0.6625,0.17161912772182475,0.038375203582521875
voter,rho_1_over_2pi,0.29999999999999999,1100,20,0.7407784383740884,0.16965957713862903,0.03793703475158437,0.640625,0.2004633304996203,0.044824963399315784
voter,rho_1_over_2pi,0.29999999999999999,1150,20,0.7248291017711732,0.20692685893323706,0.046270252294522765,0.66875,0.1630998543837486,0.03647023615223789
voter,rho_1_over_2pi,0.29999999999999999,1200,20,0.7138666085954212,0.18183975864895985,0.04066060613512295,0.690625,0.18379144940665765,0.04109701745564999
voter,rho_1_over_2pi,0.29999999999999999,1250,20,0.715131181184134,0.18981890229815646,0.042444796895306884,0.696875,0.18035880038135096,0.04032945379930157
voter,rho_1_over_2pi,0.29999999999999999,1300,20,0.7334076312600171,0.18272844473169708,0.0408593223842888,0.6625,0.1783167827210888,0.03987284476934145
voter,rho_1_over_2pi,0.29999999999999999,1350,20,0.7259767737618377,0.19951754203404534,0.0446134786691797,0.678125,0.19593027299271545,0.04381134092618029
voter,rho_1_over_2pi,0.29999999999999999,1400,20,0.6940760572228867,0.20486917740923535,0.04581014071815145,0.659375,0.19712285984887698,0.04407801145412528
voter,rho_1_over_2pi,0.29999999999999999,1450,20,0.712824582713236,0.22472121845812168,0.05024919204589405,0.68125,0.1788636002656773,0.03999511688944039
voter,rho_1_over_2pi,0.29999999999999999,1500,20,0.7161007429891714,0.2470356204100506,0.05523884401007076,0.70625,0.18339250938901513,0.04100781175581063
voter,rho_1_over_2pi,0.29999999999999999,1550,20,0.7226625134441689,0.22744093732197485,0.05085733967182047,0.69375,0.18424253716229594,0.04119788374419249
voter,rho_1_over_2pi,0.29999999999999999,1600,20,0.7287257912492258,0.16340541395911326,0.03653856135040703,0.75,0.1734304615688951,0.03878023014372143
voter,rho_1_over_2pi,0.29999999999999999,1650,20,0.7935162476392815,0.1517407685079113,0.033930267334174896,0.7,0.180710403685012,0.040408074688111535
voter,rho_1_over_2pi,0.29999999999999999,1700,20,0.7908495051449514,0.15801712288198982,0.03533370283730667,0.73125,0.17127737007555902,0.03829878424963382
voter,rho_1_over_2pi,0.29999999999999999,1750,20,0.7423073045596219,0.17571202700246003,0.03929040368417792,0.6875,0.1734304615688951,0.03878023014372143
voter,rho_1_over_2pi,0.29999999999999999,1800,20,0.7174972358936687,0.20906943715460385,0.04674934734953144,0.70625,0.17127737007555902,0.03829878424963382
voter,rho_1_over_2pi,0.29999999999999999,1850,20,0.7029633036470522,0.1974410572743526,0.044149162561488174,0.703125,0.15546678704790937,0.034763430408260916
voter,rho_1_over_2pi,0.29999999999999999,1900,20,0.7133760947724392,0.18083407634064808,0.04043572873460755,0.671875,0.20811186144715538,0.046535226911985715
voter,rho_1_over_2pi,0.29999999999999999,1950,20,0.6731619800775318,0.22900253006693402,0.05120652242491039,0.68125,0.19354828209002528,0.043278711568160155
voter,rho_1_over_2pi,0.29999999999999999,2000,20,0.7613290527455943,0.20230428022985145,0.04523661227331146,0.64375,0.18760413774754542,0.04194956048637458
voter,rho_1_over_2pi,0.29999999999999999,2050,20,0.7430579596043161,0.2222567361809498,0.04969811705578407,0.63125,0.19151941807555703,0.042825043782814744
voter,rho_1_over_2pi,0.29999999999999999,2100,20,0.7587862991600904,0.1999501225293144,0.044710206608495916,0.63125,0.1985297521783574,0.044392602142699404
voter,rho_1_over_2pi,0.29999999999999999,2150,20,0.746314557439386,0.246691728408786,0.055161947420896154,0.61875,0.19455478020341727,0.043503771388237134
voter,rho_1_over_2pi,0.29999999999999999,2200,20,0.7366970036667233,0.21706763642637655,0.04853779907645875,0.625,0.20348525745124632,0.04550068680800323
voter,rho_1_over_2pi,0.29999999999999999,2250,20,0.7838492066317355,0.16205774796109143,0.036237214072152836,0.6125,0.18708286933869708,0.04183300132670378
voter,rho_1_over_2pi,0.29999999999999999,2300,20,0.7692751738436984,0.19044367803034992,0.042584500996094565,0.6125,0.19724667297574375,0.04410569691094337
voter,rho_1_over_2pi,0.29999999999999999,2350,20,0.7102818242591464,0.21161665946023675,0.04731892357245133,0.61875,0.1955560980895252,0.04372767287427951
voter,rho_1_over_2pi,0.29999999999999999,2400,20,0.7132185378362723,0.23100155241620476,0.05165351741106146,0.69375,0.19253652250936704,0.043052475248236306
voter,rho_1_over_2pi,0.29999999999999999,2450,20,0.7751315092987896,0.1939704474460528,0.04337311061154245,0.721875,0.22314775794302752,0.04989735557872781
voter,rho_1_over_2pi,0.29999999999999999,2500,20,0.7834479305490902,0.22386870070466708,0.05005856328101906,0.678125,0.1919014639730505,0.042910471842546774
voter,rho_1_over_2pi,0.29999999999999999,2550,20,0.7681881598620743,0.1861102001908568,0.04161550589328501,0.671875,0.16987472406158605,0.037985143066072556
voter,rho_1_over_2pi,0.29999999999999999,2600,20,0.7348200014130267,0.2034705265231608,0.045497392872346144,0.640625,0.16402529340013386,0.03667717060720469
voter,rho_1_over_2pi,0.29999999999999999,2650,20,0.7682708297925924,0.16337242132803775,0.036531183973822885,0.659375,0.19712285984887698,0.04407801145412528
voter,rho_1_over_2pi,0.29999999999999999,2700,20,0.7164042886685178,0.2580240915690427,0.05769594085810099,0.7125,0.2,0.044721359549995794
voter,rho_1_over_2pi,0.29999999999999999,2750,20,0.7253895327230795,0.238180750637663,0.05325883493577408,0.703125,0.18736974642401585,0.04189714899309976
voter,rho_1_over_2pi,0.29999999999999999,2800,20,0.708548038996105,0.2449831616161489,0.05477990027165261,0.70625,0.18445443204217132,0.04124526487974104
voter,rho_1_over_2pi,0.29999999999999999,2850,20,0.7827535274534421,0.18155442091253307,0.040596802677603336,0.734375,0.17774081375699843,0.039744054193677825
voter,rho_1_over_2pi,0.29999999999999999,2900,20,0.739429199955168,0.22717544256830485,0.0507979732401329,0.728125,0.1456062219652718,0.03255854102612707
voter,rho_1_over_2pi,0.29999999999999999,2950,20,0.7389852803096665,0.19773354270783638,0.044214564292658,0.7,0.17633419974582357,0.03942952573896876
voter,rho_1_over_2pi,0.29999999999999999,3000,20,0.7499434122869629,0.1957117601465474,0.04376247996838142,0.7375,0.18708286933869708,0.04183300132670378
voter,rho_1_over_2pi,0.40000000000000002,0,20,0.27325794959673677,0.12836296375558245,0.028702831275082406,0.159375,0.04180965050081141,0.009348922063532243
voter,rho_1_over_2pi,0.40000000000000002,50,20,0.3367168665355859,0.15133275732512463,0.03383903326014579,0.253125,0.060837257293536826,0.013603624287299321
voter,rho_1_over_2pi,0.40000000000000002,100,20,0.3953472251170701,0.12643363777513109,0.028271420870777837,0.2875,0.0667317390751957,0.014921670482891652
voter,rho_1_over_2pi,0.40000000000000002,150,20,0.4243498617584011,0.15276414508313668,0.034159101293053384,0.33125,0.11370878374162657,0.02542605700850999
voter,rho_1_over_2pi,0.40000000000000002,200,20,0.4088924433045139,0.15707202090162448,0.03512237160993001,0.375,0.125,0.02795084971874737
voter,rho_1_over_2pi,0.40000000000000002,250,20,0.37971311680153325,0.2034370269906675,0.045489902149159205,0.409375,0.17839891220240106,0.039891209479658546
voter,rho_1_over_2pi,0.40000000000000002,300,20,0.45312845190006873,0.22580811106460072,0.050492228621126956,0.428125,0.19593027299271545,0.04381134092618029
voter,rho_1_over_2pi,0.40000000000000002,350,20,0.5182254719353483,0.21653344492088653,0.04841835022453088,0.475,0.19605483926697653,0.04383919479187545
voter,rho_1_over_2pi,0.40000000000000002,400,20,0.5340557200785655,0.21754257217760903,0.048643997938928825,0.54375,0.1757795138803154,0.03930549420882531
voter,rho_1_over_2pi,0.40000000000000002,450,20,0.586402548867895,0.20126353665509675,0.045003894935281695,0.59375,0.20681740134717871,0.04624577683421482
voter,rho_1_over_2pi,0.40000000000000002,500,20,0.6279635594983113,0.21188656347320245,0.04737927594449046,0.55,0.16606662819483028,0.03713362694378237
voter,rho_1_over_2pi,0.40000000000000002,550,20,0.6334453942076183,0.18426594637632152,0.041203118203578595,0.56875,0.2164161211647598,0.04839211583512339
voter,rho_1_over_2pi,0.40000000000000002,600,20,0.5648722047007354,0.21700408562757667,0.04852358868584465,0.553125,0.19692459692735187,0.0440336785171305
voter,rho_1_over_2pi,0.40000000000000002,650,20,0.6609676327756102,0.15813937305683096,0.03536103880742727,0.534375,0.14041651211663106,0.03139808662562099
voter,rho_1_over_2pi,0.40000000000000002,700,20,0.5781967549741827,0.2501820057098623,0.05594239715144927,0.528125,0.14983715118421065,0.03350460556028081
voter,rho_1_over_2pi,0.40000000000000002,750,20,0.5467678897843447,0.23447405946153327,0.05242999359163161,0.521875,0.14289829206467095,0.0319530294925223
voter,rho_1_over_2pi,0.40000000000000002,800,20,0.6044005995621908,0.18136259803864405,0.04055390977903781,0.565625,0.14720707141642347,0.03291650184557891
voter,rho_1_over_2pi,0.40000000000000002,850,20,0.5623922058131432,0.23177774597517475,0.051827079567216904,0.553125,0.1508763463071664,0.033736976653962344
voter,rho_1_over_2pi,0.40000000000000002,900,20,0.5330799167675666,0.20296163029464498,0.04538360021630068,0.621875,0.17839891220240106,0.039891209479658546
voter,rho_1_over_2pi,0.40000000000000002,950,20,0.5946413454186914,0.19400512443422374,0.043380864621822966,0.61875,0.16165646445471954,0.03614748435230313
voter,rho_1_over_2pi,0.40000000000000002,1000,20,0.5858547185970775,0.18869355370326163,0.04219316129965001,0.584375,0.1814384795874348,0.04057087740917122
voter,rho_1_over_2pi,0.40000000000000002,1050,20,0.6884608880479989,0.22951328817458508,0.05132073140978708,0.58125,0.15823736126465204,0.035382949636795405
voter,rho_1_over_2pi,0.40000000000000002,1100,20,0.6442749361132514,0.19471036483072587,0.043538561168528736,0.546875,0.1381730685589634,0.03089643739575811
voter,rho_1_over_2pi,0.40000000000000002,1150,20,0.7060070174500757,0.21101502309106193,0.04718439359053023,0.609375,0.19652747104412654,0.04394487847007885
voter,rho_1_over_2pi,0.40000000000000002,1200,20,0.6903553225061558,0.20825921537951378,0.046568176252936244,0.59375,0.1961544353309402,0.04386146514880687
voter,rho_1_over_2pi,0.40000000000000002,1250,20,0.5964292468663113,0.2225129370161163,0.049755405304116526,0.60625,0.22369412710216602,0.050019527436792124
voter,rho_1_over_2pi,0.40000000000000002,1300,20,0.666359653382979,0.2333431802318647,0.05217712130844346,0.625,0.22534695471649932,0.05038911092686593
voter,rho_1_over_2pi,0.40000000000000002,1350,20,0.645011418964807,0.1681820638622428,0.03760665273921857,0.596875,0.20007322878136394,0.044737734003299716
voter,rho_1_over_2pi,0.40000000000000002,1400,20,0.6353809895764189,0.20797294028224955,0.04650416319516143,0.5625,0.18957188610128875,0.04238956239453292
voter,rho_1_over_2pi,0.40000000000000002,1450,20,0.588878422445814,0.24243951491017152,0.05421112357712173,0.5625,0.14252192813739226,0.03186887195995491
voter,rho_1_over_2pi,0.40000000000000002,1500,20,0.6625557375621483,0.21771838864738974,0.04868331169672819,0.6,0.14842927608797396,0.033189795118379384
voter,rho_1_over_2pi,0.40000000000000002,1550,20,0.6701548562221131,0.21903113671828123,0.0489768510891127,0.64375,0.13849074878850212,0.03096747285459374
voter,rho_1_over_2pi,0.40000000000000002,1600,20,0.5487673692671539,0.2239702171065071,0.05008126303855361,0.65,0.15103807466993216,0.03377314021526574
voter,rho_1_over_2pi,0.40000000000000002,1650,20,0.6537128292855873,0.23329698755261608,0.05216679231135718,0.69375,0.21000372020514305,0.046958259390654594
voter,rho_1_over_2pi,0.40000000000000002,1700,20,0.7453362712615161,0.2042451825341662,0.04567061122232484,0.646875,0.22731018867397915,0.050828103385332016
voter,rho_1_over_2pi,0.40000000000000002,1750,20,0.7240921215372487,0.20805365585560492,0.046522211746047974,0.70625,0.20832291640623699,0.04658242023553521
voter,rho_1_over_2pi,0.40000000000000002,1800,20,0.6372798781084932,0.22296556247661184,0.04985661543391804,0.684375,0.2160322241588046,0.048306273854955936
voter,rho_1_over_2pi,0.40000000000000002,1850,20,0.6913553471231622,0.17775359562122944,0.0397469123054078,0.659375,0.23089076827582344,0.05162874532418931
voter,rho_1_over_2pi,0.40000000000000002,1900,20,0.6739207911990219,0.23589760860351774,0.05274830885671049,0.6375,0.22238058593321494,0.04972581070229021
voter,rho_1_over_2pi,0.40000000000000002,1950,20,0.6669681544685864,0.2597201965917798,0.05807520147088288,0.6875,0.2304886114323222,0.05153882032022076
voter,rho_1_over_2pi,0.40000000000000002,2000,20,0.7181063549718631,0.21994208813663618,0.04918054601867685,0.715625,0.1910855093276306,0.04272801883717522
voter,rho_1_over_2pi,0.40000000000000002,2050,20,0.7507255474393009,0.18231995116033783,0.040767980444895706,0.628125,0.1599255197740498,0.035760433355176216
voter,rho_1_over_2pi,0.40000000000000002,2100,20,0.7351740178929601,0.11917589859731909,0.026648541054322728,0.625,0.1711632992203644,0.038273277230987154
voter,rho_1_over_2pi,0.40000000000000002,2150,20,0.6427899840543531,0.21301916574010435,0.04763253351051676,0.625,0.1688657010763287,0.03775951866748303
voter,rho_1_over_2pi,0.40000000000000002,2200,20,0.6495791977967919,0.24947164245332792,0.055783555098416364,0.73125,0.1678215197762194,0.037526032630695184
voter,rho_1_over_2pi,0.40000000000000002,2250,20,0.679523008837562,0.16346971701920948,0.03655293995176067,0.665625,0.17927261886579332,0.04008657622883251
voter,rho_1_over_2pi,0.40000000000000002,2300,20,0.709107297471156,0.15488531122952812,0.03463340846254364,0.65625,0.16828640022295324,0.03762998305872592
voter,rho_1_over_2pi,0.40000000000000002,2350,20,0.7494356170555133,0.1340850066524588,0.029982318963840935,0.678125,0.1846396405840306,0.04128667876870214
voter,rho_1_over_2pi,0.40000000000000002,2400,20,0.6795691384946589,0.21359358590280597,0.04776097776366149,0.659375,0.19909463045245596,0.04451891276468912
voter,rho_1_over_2pi,0.40000000000000002,2450,20,0.7062316858554301,0.19191360698509236,0.042913187102584495,0.646875,0.20660480845081994,0.04619823961743564
voter,rho_1_over_2pi,0.40000000000000002,2500,20,0.6162353351992035,0.2693815582195546,0.06023554760637413,0.675,0.20501524333570906,0.04584280205223062
voter,rho_1_over_2pi,0.40000000000000002,2550,20,0.631289817653047,0.25842508141199505,0.05778560491281382,0.678125,0.21035219721933024,0.047036181219886466
voter,rho_1_over_2pi,0.40000000000000002,2600,20,0.6436928081739159,0.25242790558028594,0.05644459562954178,0.7,0.22238058593321494,0.04972581070229021
voter,rho_1_over_2pi,0.40000000000000002,2650,20,0.6598468082856563,0.25460455889784783,0.056931310107693665,0.690625,0.20489612459731882,0.04581616629258716
voter,rho_1_over_2pi,0.40000000000000002,2700,20,0.7260310449497211,0.18760021140599514,0.04194868252971365,0.690625,0.18379144940665765,0.04109701745564999
voter,rho_1_over_2pi,0.40000000000000002,2750,20,0.6077571011934922,0.2899179863669016,0.06482763254162492,0.69375,0.21460355891736743,0.047986814595261475
voter,rho_1_over_2pi,0.40000000000000002,2800,20,0.7205900122326886,0.2519870158812752,0.056346009695785036,0.6625,0.21776564237730434,0.048693877951956135
voter,rho_1_over_2pi,0.40000000000000002,2850,20,0.6844284383647276,0.2348286899772549,0.05250929138563654,0.6625,0.1899835519196333,0.04248161366991607
voter,rho_1_over_2pi,0.40000000000000002,2900,20,0.7227705440852239,0.19757713989300582,0.04417959156007465,0.709375,0.18882345425025993,0.04222220794499028
voter,rho_1_over_2pi,0.40000000000000002,2950,20,0.6899123453146057,0.1601810426284751,0.03581757000240619,0.73125,0.15194057226429022,0.03397494481231721
voter,rho_1_over_2pi,0.40000000000000002,3000,20,0.7225139965744474,0.16619871058737293,0.03716316146461798,0.709375,0.17927261886579332,0.04008657622883251
voter,rho_1_over_2pi,0.5,0,20,0.21462531532859966,0.11824530297014346,0.026440453546129856,0.165625,0.03576725981956124,0.007997802432543579
voter,rho_1_over_2pi,0.5,50,20,0.25866153773422934,0.13468825352370095,0.03011720906497209,0.221875,0.05403630145559557,0.012082884330738253
voter,rho_1_over_2pi,0.5,100,20,0.2246309071644946,0.14807305287830613,0.03311014118718134,0.2875,0.08003905296791061,0.017897276329095442
voter,rho_1_over_2pi,0.5,150,20,0.27489499652568095,0.14284987152258116,0.031942202330160284,0.36875,0.10439558180306291,0.023343561746228873
voter,rho_1_over_2pi,0.5,200,20,0.3729339262025765,0.19417967267037395,0.043419894793961425,0.4125,0.158607219255619,0.03546565239777776
voter,rho_1_over_2pi,0.5,250,20,0.492726305270163,0.21873005824554773,0.048909527895953306,0.465625,0.20298071798818723,0.0453878683543301
voter,rho_1_over_2pi,0.5,300,20,0.4494318893762091,0.24821122352949865,0.055501716859035426,0.490625,0.2131195013953439,0.04765496924508503
voter,rho_1_over_2pi,0.5,350,20,0.5542199168328222,0.2554384368711333,0.057117770891014275,0.49375,0.19655231491895483,0.043950433729372906
voter,rho_1_over_2pi,0.5,400,20,0.44859366024088976,0.2223438173625278,0.04971758899994102,0.46875,0.15873031374000368,0.03549317716125171
voter,rho_1_over_2pi,0.5,450,20,0.4449931749592776,0.2090001190447471,0.04673384734896029,0.525,0.15232572008692424,0.034061066483596775
voter,rho_1_over_2pi,0.5,500,20,0.43686527093447614,0.17837008459476783,0.03988476343062889,0.48125,0.14803399102908765,0.0331014066921634
voter,rho_1_over_2pi,0.5,550,20,0.42828089917533096,0.22965212162357745,0.051351775512736855,0.475,0.19505608167909044,0.04361586580591975
voter,rho_1_over_2pi,0.5,600,20,0.44927273341108853,0.23159738461832324,0.051786749541773494,0.503125,0.20007322878136394,0.044737734003299716
voter,rho_1_over_2pi,0.5,650,20,0.5079984396245447,0.21641389012114534,0.04839161695860512,0.565625,0.20773612318275317,0.0464512092818906
voter,rho_1_over_2pi,0.5,700,20,0.5496764014046154,0.19447960621896776,0.04348696197430028,0.59375,0.1961544353309402,0.04386146514880687
voter,rho_1_over_2pi,0.5,750,20,0.5254325470126167,0.21224658361861534,0.04745977889633172,0.56875,0.23543510252296704,0.052644889353098655
voter,rho_1_over_2pi,0.5,800,20,0.5240476744014638,0.2054020887370516,0.045929303313649125,0.5625,0.18645542362720371,0.04169270020039479
voter,rho_1_over_2pi,0.5,850,20,0.5369078317619055,0.19487656319569024,0.043575724252709704,0.5625,0.1966516590319034,0.04397264774834465
voter,rho_1_over_2pi,0.5,900,20,0.5383145590446448,0.22188383580211685,0.04961473399619348,0.559375,0.17508368534789298,0.03914990221890726
voter,rho_1_over_2pi,0.5,950,20,0.5750621036958651,0.22693003996394367,0.050743099549612196,0.634375,0.18357878928405647,0.041049465206626015
voter,rho_1_over_2pi,0.5,1000,20,0.5844722856592993,0.19645067705514052,0.04392770681211524,0.596875,0.2160322241588046,0.048306273854955936
voter,rho_1_over_2pi,0.5,1050,20,0.538403577168613,0.23269092326236024,0.05203127221618246,0.571875,0.16685861342765618,0.03731072022555984
voter,rho_1_over_2pi,0.5,1100,20,0.5613782080616785,0.2243502389013652,0.05016623849517703,0.584375,0.19692459692735187,0.0440336785171305
voter,rho_1_over_2pi,0.5,1150,20,0.5163988216057757,0.21612903044786277,0.04832792039925429,0.59375,0.16237976320958225,0.036309218870694535
voter,rho_1_over_2pi,0.5,1200,20,0.5479945657384633,0.23516462962246126,0.052584409773938405,0.615625,0.19593027299271545,0.04381134092618029
voter,rho_1_over_2pi,0.5,1250,20,0.6080478964617584,0.2600578761360578,0.05815070891244455,0.671875,0.2033652425440493,0.04547385065892265
voter,rho_1_over_2pi,0.5,1300,20,0.6318540864526436,0.2285048708958099,0.05109524245128442,0.665625,0.24147576871189375,0.053995623375881124
voter,rho_1_over_2pi,0.5,1350,20,0.5709052036814436,0.2285970327579962,0.05111585047016257,0.615625,0.19987789241184228,0.04469405546322687
voter,rho_1_over_2pi,0.5,1400,20,0.6572205271493095,0.2196428253085274,0.04911362881599785,0.640625,0.192511160390768,0.04304680410611222
voter,rho_1_over_2pi,0.5,1450,20,0.6229294785472346,0.18637572678527714,0.0416748794447808,0.671875,0.2052770612489374,0.04590134631740119
voter,rho_1_over_2pi,0.5,1500,20,0.6630892963966444,0.21967760669464856,0.049121406170369704,0.709375,0.17927261886579332,0.04008657622883251
voter,rho_1_over_2pi,0.5,1550,20,0.6439380473640759,0.24157245946071926,0.05401724408459804,0.690625,0.2160322241588046,0.048306273854955936
voter,rho_1_over_2pi,0.5,1600,20,0.7061465165336628,0.23578290959658543,0.05272266137906525,0.70625,0.2201739369226067,0.04923238898326994
voter,rho_1_over_2pi,0.5,1650,20,0.6772007439553666,0.18827242134947123,0.04209899324259003,0.71875,0.22836032383056387,0.0510629207449006
voter,rho_1_over_2pi,0.5,1700,20,0.6107286899578929,0.2537936693790928,0.05674998969907583,0.728125,0.24468969507316812,0.054714279157729924
voter,rho_1_over_2pi,0.5,1750,20,0.6187983663055593,0.24671490834790732,0.05516713061285511,0.690625,0.22314775794302752,0.04989735557872781
voter,rho_1_over_2pi,0.5,1800,20,0.7404492078964324,0.16191762995454842,0.036205882733402646,0.7375,0.2318404623873926,0.0518411033833193
voter,rho_1_over_2pi,0.5,1850,20,0.6694872065307818,0.2256990660447172,0.050467845413420226,0.71875,0.21605482521804506,0.04831132760543846
voter,rho_1_over_2pi,0.5,1900,20,0.6452431720204496,0.24701206731555433,0.05523357737803335,0.7375,0.17853571071357124,0.039921798556678274
voter,rho_1_over_2pi,0.5,1950,20,0.5942329166237015,0.24448687815035663,0.054668927915090544,0.675,0.17962634828999893,0.04016567253264907
voter,rho_1_over_2pi,0.5,2000,20,0.6093695050941478,0.2711741380631083,0.06063638064490233,0.665625,0.1814384795874348,0.04057087740917122
voter,rho_1_over_2pi,0.5,2050,20,0.6304061841408455,0.2043166158557302,0.04568658419861241,0.66875,0.17688714622606133,0.03955316833074185
voter,rho_1_over_2pi,0.5,2100,20,0.6304973641615558,0.22716333832768526,0.050795266649648764,0.703125,0.1652117485985788,0.03694247005480278
voter,rho_1_over_2pi,0.5,2150,20,0.5990910447515535,0.23760154742168832,0.0531293211594035,0.65,0.16583123951776998,0.03708099243547831
voter,rho_1_over_2pi,0.5,2200,20,0.5754591295635487,0.254325892978908,0.056868998513917475,0.665625,0.1877862398446702,0.04199027975317621
voter,rho_1_over_2pi,0.5,2250,20,0.7220155358867597,0.19988801258948016,0.044696318403741137,0.71875,0.2086975982133,0.04666620163458774
voter,rho_1_over_2pi,0.5,2300,20,0.6486084450967037,0.2575067579942643,0.05758026155407624,0.740625,0.22816780420339763,0.05101987204756593
voter,rho_1_over_2pi,0.5,2350,20,0.652736156083144,0.26572218163799943,0.05941728612721131,0.75,0.22447856245084963,0.050194932513153157
voter,rho_1_over_2pi,0.5,2400,20,0.7437041533992317,0.16081335292962023,0.03595895888402958,0.7375,0.22413026346301385,0.050117050491823634
voter,rho_1_over_2pi,0.5,2450,20,0.6953634347078285,0.20124405435666695,0.044999538560917,0.74375,0.22088246308840365,0.049390820250325866
voter,rho_1_over_2pi,0.5,2500,20,0.7021050167013387,0.19803861700783457,0.04428278097995641,0.7625,0.21704694192731672,0.04853317164579294
voter,rho_1_over_2pi,0.5,2550,20,0.6564921084352288,0.27719627494437377,0.06198297138853415,0.75,0.2072890493972125,0.04635124054434789
voter,rho_1_over_2pi,0.5,2600,20,0.5467454282511925,0.23983684235918218,0.053629148302403236,0.684375,0.22050634202897657,0.04930671702466105
voter,rho_1_over_2pi,0.5,2650,20,0.6224772920652734,0.2629832037667361,0.05880483205631007,0.70625,0.2531828637566137,0.0566134094097856
voter,rho_1_over_2pi,0.5,2700,20,0.6780033706420912,0.2730005508808744,0.061044778966452516,0.715625,0.23508226618569084,0.052565992749590486
voter,rho_1_over_2pi,0.5,2750,20,0.6043251511439711,0.23196584073979834,0.05186913883520792,0.69375,0.22870218079414983,0.051139362285816586
voter,rho_1_over_2pi,0.5,2800,20,0.6313130414306143,0.2268324766037543,0.050721283719062524,0.6,0.21139418156609704,0.04726917600297259
voter,rho_1_over_2pi,0.5,2850,20,0.6420151370671349,0.2499754490132703,0.055896209669970505,0.646875,0.22558517654092433,0.05044237894617976
voter,rho_1_over_2pi,0.5,2900,20,0.6439973644863171,0.234397644049047,0.052412906585946814,0.665625,0.22209496139039264,0.04966194311291091
voter,rho_1_over_2pi,0.5,2950,20,0.6606589961810169,0.20125021829803122,0.04500091686010698,0.634375,0.20942163659708135,0.04682810153903316
voter,rho_1_over_2pi,0.5,3000,20,0.6382907072700102,0.2513443295829641,0.056202300670661905,0.609375,0.20432338797846908,0.04568809849129202
voter,rho_1_over_2pi,1,0,20,0.21540214849962033,0.0891367692634447,0.01993158753677762,0.159375,0.0639671546576835,0.01430349061418226
voter,rho_1_over_2pi,1,50,20,0.27892644807871136,0.14865331565531112,0.033239891888600936,0.21875,0.07261843774138907,0.016237976320958223
voter,rho_1_over_2pi,1,100,20,0.34419927503992176,0.17827322101849088,0.03986310407651899,0.265625,0.10245997694221876,0.022910747341586216
voter,rho_1_over_2pi,1,150,20,0.2989199338700059,0.11114795465992891,0.024853438217966557,0.296875,0.10802741260902253,0.02415566380271923
voter,rho_1_over_2pi,1,200,20,0.37738097728037395,0.12208637748805788,0.027299343918999745,0.31875,0.11675963557668377,0.026108248217756775
voter,rho_1_over_2pi,1,250,20,0.3404359255190056,0.1399053922297649,0.031283796744452516,0.3125,0.09270248108869579,0.020728904939721248
voter,rho_1_over_2pi,1,300,20,0.38502207651162,0.15745749905852868,0.035208567146197925,0.38125,0.12945196985754986,0.028946340442273524
voter,rho_1_over_2pi,1,350,20,0.38478565047487445,0.13011699647813138,0.029095044915320247,0.378125,0.10546585644178878,0.02358288243090738
voter,rho_1_over_2pi,1,400,20,0.3708908547225534,0.14905906740217156,0.033330620737397856,0.365625,0.12227498466571157,0.027341517766027546
voter,rho_1_over_2pi,1,450,20,0.39119832685657957,0.16288720789736827,0.0364226869523656,0.409375,0.1445291384980897,0.03231769784112104
voter,rho_1_over_2pi,1,500,20,0.36126087040807986,0.14186702088999603,0.03172243024754138,0.39375,0.12199513309964459,0.02727894105349399
voter,rho_1_over_2pi,1,550,20,0.4234632521962546,0.1695230074084696,0.037906496831553844,0.43125,0.15922174003571246,0.03560306342156529
voter,rho_1_over_2pi,1,600,20,0.3186612902706638,0.14265691847013848,0.031899056715987494,0.490625,0.17927261886579332,0.04008657622883251
voter,rho_1_over_2pi,1,650,20,0.39918617927980343,0.17765751665658092,0.03972542839579161,0.45,0.14604151806934904,0.032655876194032825
voter,rho_1_over_2pi,1,700,20,0.43447543229883107,0.1802259727262295,0.04029975263268722,0.4375,0.15934435979977452,0.03563048203434806
voter,rho_1_over_2pi,1,750,20,0.3894707217857016,0.18631680798474012,0.04166170480046545,0.45625,0.1606870016522805,0.03593070587951202
voter,rho_1_over_2pi,1,800,20,0.34534979183433695,0.1566505606340733,0.035028130229124044,0.4625,0.15360257159305635,0.03434657916008521
voter,rho_1_over_2pi,1,850,20,0.403058571291225,0.1675775536385932,0.037471480143901156,0.490625,0.15721576535131584,0.03515451384601983
voter,rho_1_over_2pi,1,900,20,0.3876704484722104,0.15890289064386862,0.035531766530090554,0.484375,0.1788362990978062,0.0399890121627179
voter,rho_1_over_2pi,1,950,20,0.4116657486795566,0.21831022425219454,0.048815650161113014,0.48125,0.19070182877990446,0.04264222525853922
voter,rho_1_over_2pi,1,1000,20,0.42528766764745274,0.14883221887415177,0.03327989586447305,0.509375,0.1846396405840306,0.04128667876870214
voter,rho_1_over_2pi,1,1050,20,0.3772667984235002,0.19356350996630417,0.04328211662481141,0.48125,0.18339250938901513,0.04100781175581063
voter,rho_1_over_2pi,1,1100,20,0.34971796416088236,0.17629320103033838,0.039420358147487254,0.49375,0.1995111212439046,0.044612042936857305
voter,rho_1_over_2pi,1,1150,20,0.39325404747591886,0.16211344384463638,0.03624966805032018,0.478125,0.13732232839199895,0.030706206111305905
voter,rho_1_over_2pi,1,1200,20,0.36054173959086905,0.18128545996767997,0.04053666118200492,0.484375,0.146408834689031,0.032738010687120254
voter,rho_1_over_2pi,1,1250,20,0.42774721027518636,0.2038597387780557,0.04558442337830824,0.5125,0.15885331283923543,0.03552068059595705
voter,rho_1_over_2pi,1,1300,20,0.4999892977826795,0.14531709626542305,0.032493890554236675,0.540625,0.1759738528162636,0.03934894971597082
voter,rho_1_over_2pi,1,1350,20,0.4733202416207102,0.14629337969157197,0.032712194164854214,0.553125,0.1645009023531482,0.03678352000216945
voter,rho_1_over_2pi,1,1400,20,0.47831895914776384,0.1929722772063261,0.04314991296062783,0.5125,0.1625,0.036336104634371584
voter,rho_1_over_2pi,1,1450,20,0.4084898688238313,0.15842455162661348,0.03542480667420326,0.5375,0.17611253504506713,0.03937996000505841
voter,rho_1_over_2pi,1,1500,20,0.4893049637700565,0.22556241751463343,0.05043728987319095,0.4875,0.14737282653189496,0.03295356581616017
voter,rho_1_over_2pi,1,1550,20,0.3666229075073793,0.21072800236227893,0.04712021380447919,0.484375,0.15546678704790937,0.034763430408260916
voter,rho_1_over_2pi,1,1600,20,0.4295642296888903,0.17982644950460536,0.040210416524473096,0.5125,0.1405902734900249,0.031436940849898225
voter,rho_1_over_2pi,1,1650,20,0.4736014916341816,0.17714934200829538,0.039611797089990755,0.515625,0.1294142452553041,0.028937904964768956
voter,rho_1_over_2pi,1,1700,20,0.45684302284654904,0.16939374872824636,0.03787759371198774,0.515625,0.12789613706050704,0.028598445652692386
voter,rho_1_over_2pi,1,1750,20,0.4698229155422645,0.17899430343582595,0.0400243430067731,0.5375,0.18582585934148133,0.041551925346486655
voter,rho_1_over_2pi,1,1800,20,0.47769479866098286,0.18307422697159906,0.04093664164367209,0.55,0.2125,0.04751644452187053
voter,rho_1_over_2pi,1,1850,20,0.4209362912345823,0.16958785936873527,0.03792099817071666,0.565625,0.19712285984887698,0.04407801145412528
voter,rho_1_over_2pi,1,1900,20,0.4858268330987962,0.1741074023216139,0.03893159869770334,0.609375,0.18840925368728575,0.042129589883477384
voter,rho_1_over_2pi,1,1950,20,0.4724576411303133,0.1846231887626667,0.0412830000296098,0.559375,0.17508368534789298,0.03914990221890726
voter,rho_1_over_2pi,1,2000,20,0.4066138869255017,0.22529913959936912,0.05037841914164041,0.5625,0.18006075363609916,0.04026280852101601
voter,rho_1_over_2pi,1,2050,20,0.5124482662275771,0.17215356700898124,0.03849470784011472,0.56875,0.2081353225668339,0.04654047297782866
voter,rho_1_over_2pi,1,2100,20,0.4043215651868885,0.17698272449740254,0.039574540281930935,0.565625,0.20960807922167504,0.04686979137728266
voter,rho_1_over_2pi,1,2150,20,0.4526723940245366,0.21268211218755093,0.047557166044960034,0.553125,0.22731018867397915,0.050828103385332016
voter,rho_1_over_2pi,1,2200,20,0.4416828794320014,0.21345089200304354,0.04772907043767716,0.575,0.23848480035423641,0.05332682251925385
voter,rho_1_over_2pi,1,2250,20,0.47016866004065383,0.19530747811879998,0.043672079758768946,0.565625,0.2291927068538613,0.05124904724724158
voter,rho_1_over_2pi,1,2300,20,0.46187688662682697,0.19883550802373107,0.04446097122817675,0.590625,0.2248914668790259,0.050287260750114436
voter,rho_1_over_2pi,1,2350,20,0.47813149530921545,0.18428701585934834,0.04120782948320847,0.56875,0.2191068517869763,0.04899378149316503
voter,rho_1_over_2pi,1,2400,20,0.38512596727932225,0.18005040693325605,0.040260494927925994,0.571875,0.22644932518115393,0.050635608456401505
voter,rho_1_over_2pi,1,2450,20,0.48937477968672977,0.21087095909497802,0.04715217990169484,0.596875,0.22833894077664457,0.05105813934868759
voter,rho_1_over_2pi,1,2500,20,0.41716001605816666,0.21440471050645815,0.04794235073886038,0.58125,0.20738325028796323,0.04637230450387386
voter,rho_1_over_2pi,1,2550,20,0.5339094853837211,0.1728118072524045,0.03864189483309676,0.559375,0.20394066998762164,0.04560252014691732
voter,rho_1_over_2pi,1,2600,20,0.5061134883675955,0.22972207642146023,0.05136741788107867,0.5375,0.20097418988516907,0.04493919503061887
voter,rho_1_over_2pi,1,2650,20,0.4986580673786302,0.2049803831296652,0.04583500707318825,0.54375,0.21569292408421747,0.04823040405180118
voter,rho_1_over_2pi,1,2700,20,0.4650531192531009,0.20599643320797317,0.046062202777552304,0.55625,0.1955560980895252,0.04372767287427951
voter,rho_1_over_2pi,1,2750,20,0.4745856607011076,0.1617370034542744,0.03616549342008758,0.55,0.19724667297574375,0.04410569691094337
voter,rho_1_over_2pi,1,2800,20,0.47306825302344635,0.21219146537463304,0.04744745408229723,0.578125,0.17774081375699843,0.039744054193677825
voter,rho_1_over_2pi,1,2850,20,0.42697426469168975,0.17792496577774217,0.03978523183733552,0.571875,0.18569443145931974,0.04152253717862144
voter,rho_1_over_2pi,1,2900,20,0.5161082079106181,0.16741583438534136,0.037435318619547,0.578125,0.19553112763700822,0.043722089311353816
voter,rho_1_over_2pi,1,2950,20,0.43763114123955094,0.2237232152351071,0.05002603174105161,0.5625,0.2044428404224516,0.04571480886977435
voter,rho_1_over_2pi,1,3000,20,0.41229062072513356,0.17572687918741195,0.039293724733694614,0.515625,0.15919107033687538,0.03559620546842037
voter,rho_1_over_2pi,2,0,20,0.259268278293309,0.11712148746614123,0.026189160760018138,0.175,0.05077524002897475,0.011353688827865593
voter,rho_1_over_2pi,2,50,20,0.2633672708842158,0.11557702916105586,0.025843809384159637,0.221875,0.05753735199850615,0.012865743031399313
voter,rho_1_over_2pi,2,100,20,0.26796033602073654,0.11617758035187035,0.025978096712822602,0.225,0.053764532919016415,0.01202211503854459
voter,rho_1_over_2pi,2,150,20,0.2553403228956494,0.14216066474640554,0.031788091009952064,0.284375,0.08262065041501429,0.018474539067321816
voter,rho_1_over_2pi,2,200,20,0.27964514118071854,0.12831405652583336,0.028691895286051386,0.296875,0.07874751980221345,0.017608480733726006
voter,rho_1_over_2pi,2,250,20,0.22582623501478571,0.13770790629222474,0.03079242395085855,0.296875,0.0924387466109315,0.020669932117692115
voter,rho_1_over_2pi,2,300,20,0.30175067359760577,0.12707929484542185,0.028415794180710188,0.290625,0.07724504433942672,0.017272517006794347
voter,rho_1_over_2pi,2,350,20,0.25103307422944354,0.11037623833445329,0.02468087720165557,0.284375,0.07255116728902437,0.016222934190521763
voter,rho_1_over_2pi,2,400,20,0.2528357208251738,0.11546671841748894,0.025819143152033222,0.271875,0.06335354666472905,0.014166283695803921
voter,rho_1_over_2pi,2,450,20,0.23055815120343132,0.11745279835294312,0.026263244126475613,0.284375,0.07255116728902437,0.016222934190521763
voter,rho_1_over_2pi,2,500,20,0.26112919626450304,0.13566324290206966,0.03033522331770936,0.29375,0.08637671850678283,0.019314421425453053
voter,rho_1_over_2pi,2,550,20,0.29937357699203887,0.1544782879202646,0.034542395283749625,0.303125,0.13151015882813008,0.029406565487149292
voter,rho_1_over_2pi,2,600,20,0.23938028199552125,0.1586135000234438,0.03546705682015848,0.3125,0.09478594305064438,0.02119478119726646
voter,rho_1_over_2pi,2,650,20,0.29487376964088774,0.13578451112027187,0.030362339715650402,0.3125,0.08149003006503311,0.018221724671391562
voter,rho_1_over_2pi,2,700,20,0.3061826779458186,0.13915143624752263,0.031115207061618883,0.29375,0.09499177595981664,0.021240806834958034
voter,rho_1_over_2pi,2,750,20,0.23991509910869985,0.09999774126571317,0.022360174706657052,0.33125,0.10097184013377195,0.02257798983523555
voter,rho_1_over_2pi,2,800,20,0.29689809646715404,0.08483441561675474,0.018969552015053334,0.334375,0.1013097817340458,0.02265355587429929
voter,rho_1_over_2pi,2,850,20,0.2712910238360493,0.11949283963716233,0.026719411225317624,0.346875,0.0977780490447626,0.021863836437139756
voter,rho_1_over_2pi,2,900,20,0.2577248728050001,0.13699421499478887,0.03063283772525689,0.321875,0.09116220091134264,0.02038448782162554
voter,rho_1_over_2pi,2,950,20,0.3141040096140029,0.12925184069899487,0.028901590201992646,0.34375,0.11267347735824966,0.025194555463432966
voter,rho_1_over_2pi,2,1000,20,0.2585383491249982,0.10976485018600725,0.02454416665559926,0.346875,0.15621874687437484,0.03493157373709349
voter,rho_1_over_2pi,2,1050,20,0.2885099585278198,0.14623776657022933,0.0326997586928779,0.35625,0.1370732012466332,0.03065049958809807
voter,rho_1_over_2pi,2,1100,20,0.3247172128835361,0.15466734905249244,0.03458467063810607,0.35,0.1159202311936963,0.02592055169165965
voter,rho_1_over_2pi,2,1150,20,0.28661273420390415,0.13148533655556743,0.02940101505826868,0.321875,0.07724504433942672,0.017272517006794347
voter,rho_1_over_2pi,2,1200,20,0.23981890514050344,0.11686617868773522,0.02613207198164131,0.334375,0.07467376965842826,0.016697562509240683
voter,rho_1_over_2pi,2,1250,20,0.29863769263720596,0.13887309036738613,0.03105296703069466,0.35,0.11075028216668344,0.024764515945198684
voter,rho_1_over_2pi,2,1300,20,0.2980241385923845,0.13580408914778067,0.030366717495687905,0.340625,0.0997555606219523,0.022306021468428652
voter,rho_1_over_2pi,2,1350,20,0.29000864434074447,0.18450897202338862,0.041257460390290386,0.371875,0.11435109039707492,0.025569681142908293
voter,rho_1_over_2pi,2,1400,20,0.2999655284533777,0.16523593147192844,0.036947877509672884,0.359375,0.08118988160479113,0.018154609435347267
voter,rho_1_over_2pi,2,1450,20,0.2818049714912986,0.11735627919086848,0.026241661785722594,0.38125,0.12167451458707365,0.027207248574598643
voter,rho_1_over_2pi,2,1500,20,0.3407889891224527,0.14543911072910606,0.032521173817740015,0.390625,0.12789613706050704,0.028598445652692386
voter,rho_1_over_2pi,2,1550,20,0.30222463660447674,0.16160399767136524,0.036135752422889036,0.36875,0.12167451458707365,0.027207248574598643
voter,rho_1_over_2pi,2,1600,20,0.2528543448502723,0.14623627699124472,0.03269942561289116,0.353125,0.11228277639513551,0.025107192072193175
voter,rho_1_over_2pi,2,1650,20,0.31258526779987356,0.17193965916106851,0.03844687659122936,0.36875,0.10986497394529342,0.024566555008791933
voter,rho_1_over_2pi,2,1700,20,0.3479090298961262,0.15300788202192028,0.03421360252942817,0.4,0.1224744871391589,0.027386127875258303
voter,rho_1_over_2pi,2,1750,20,0.24864493619298705,0.1276538006033212,0.02854425757352299,0.41875,0.13125,0.02934839220468474
voter,rho_1_over_2pi,2,1800,20,0.3592586801333185,0.15839530830020554,0.03541826766762962,0.40625,0.1109264959331178,0.024803918541230537
voter,rho_1_over_2pi,2,1850,20,0.22342458706263849,0.12512733163832795,0.02797932193864614,0.409375,0.11771755126148352,0.026322444676549327
voter,rho_1_over_2pi,2,1900,20,0.3304357429418282,0.19546669931560093,0.04370768270071953,0.43125,0.13243512562760681,0.029613394351205333
voter,rho_1_over_2pi,2,1950,20,0.33711544529637966,0.17463321519651076,0.03904917403087473,0.403125,0.11771755126148352,0.026322444676549327
voter,rho_1_over_2pi,2,2000,20,0.3562602884060898,0.11489113423037882,0.025690438615118,0.384375,0.11400897716846686,0.025493182299391338
voter,rho_1_over_2pi,2,2050,20,0.33779232114113766,0.13661964726798617,0.03054908183532605,0.371875,0.11435109039707492,0.025569681142908293
voter,rho_1_over_2pi,2,2100,20,0.3179391357684742,0.12264215312449542,0.027423619129330997,0.36875,0.12639842760097927,0.02826354763648753
voter,rho_1_over_2pi,2,2150,20,0.3293942927659649,0.1683965967596921,0.037654623753429234,0.359375,0.11837935578047382,0.026470428665777212
voter,rho_1_over_2pi,2,2200,20,0.31211578066038154,0.13749376398766633,0.030744540275873446,0.384375,0.12697656033693777,0.028392822046249645
voter,rho_1_over_2pi,2,2250,20,0.35988875328894143,0.15171631872092864,0.03392480019560204,0.4,0.1375,0.03074593469062211
voter,rho_1_over_2pi,2,2300,20,0.29981411116503004,0.15057554040458176,0.0336697144093411,0.409375,0.15113502861679684,0.03379481977685337
voter,rho_1_over_2pi,2,2350,20,0.3084555689124465,0.14655574877870778,0.032770861676257236,0.4125,0.158607219255619,0.03546565239777776
voter,rho_1_over_2pi,2,2400,20,0.31277628805853774,0.1232886152629952,0.027568172457987535,0.403125,0.14983715118421065,0.03350460556028081
voter,rho_1_over_2pi,2,2450,20,0.3269032208849437,0.1402856756331978,0.031368830698531615,0.390625,0.14235052467412967,0.031830544980411504
voter,rho_1_over_2pi,2,2500,20,0.27198076596857973,0.10265545297675845,0.022954457111706503,0.371875,0.15242185497821498,0.03408256289879034
voter,rho_1_over_2pi,2,2550,20,0.34032677818608786,0.162820558091095,0.03640778360261418,0.3875,0.14469796128487783,0.03235544776386196
voter,rho_1_over_2pi,2,2600,20,0.30559971747520964,0.15697745534363994,0.03510122610833165,0.39375,0.14128318194321643,0.03159187989025027
voter,rho_1_over_2pi,2,2650,20,0.29469721712873886,0.13068130659961963,0.029221228494524135,0.425,0.14737282653189496,0.03295356581616017
voter,rho_1_over_2pi,2,2700,20,0.33520113432369436,0.16175055232860752,0.03616852304049033,0.41875,0.13125,0.02934839220468474
voter,rho_1_over_2pi,2,2750,20,0.35639375097442294,0.17411036467901747,0.03893226110095614,0.4375,0.11692679333668567,0.026145625829189858
voter,rho_1_over_2pi,2,2800,20,0.3158420044575521,0.12137048056421712,0.02713926450034065,0.421875,0.12480453467322411,0.02790714234295586
voter,rho_1_over_2pi,2,2850,20,0.25694291390447804,0.13402023851833375,0.029967836368772996,0.403125,0.11088246874506358,0.024794073762695795
voter,rho_1_over_2pi,2,2900,20,0.3471687270425179,0.14158360774442863,0.03165905714162081,0.415625,0.13873733050264445,0.031022610202076802
voter,rho_1_over_2pi,2,2950,20,0.29923654966389457,0.1748538270835585,0.03909850434848306,0.403125,0.12880914903453092,0.028802601336511253
voter,rho_1_over_2pi,2,3000,20,0.31604777594262656,0.08555488170797163,0.019130653130597787,0.415625,0.12227498466571157,0.027341517766027546
voter,rho_1_over_2pi,3,0,20,0.23259734608359456,0.12912472262294825,0.02887316573607172,0.175,0.05077524002897475,0.011353688827865593
voter,rho_1_over_2pi,3,50,20,0.25178531640188306,0.1164559433329239,0.026040340567628127,0.196875,0.060191750888306944,0.013459284667098767
voter,rho_1_over_2pi,3,100,20,0.25335501146723693,0.11143773278056675,0.02491823457558039,0.21875,0.05762215285808055,0.01288470508005519
voter,rho_1_over_2pi,3,150,20,0.21037418431818908,0.11279557482037708,0.02522185728595268,0.24375,0.06817945071647322,0.015245388647063084
voter,rho_1_over_2pi,3,200,20,0.2481717342486979,0.12260618937403361,0.027415577390255155,0.225,0.06373774391990981,0.014252192813739226
voter,rho_1_over_2pi,3,250,20,0.23734741804552528,0.10132914286599244,0.022657885155014695,0.2375,0.0673145600891813,0.015051993223490368
voter,rho_1_over_2pi,3,300,20,0.2640811497384007,0.10880140490853024,0.02432873374229529,0.253125,0.060837257293536826,0.013603624287299321
voter,rho_1_over_2pi,3,350,20,0.23411958218531387,0.0963515775994924,0.021544867725181098,0.253125,0.07774909565390456,0.017385226307126404
voter,rho_1_over_2pi,3,400,20,0.2789243729643104,0.1029584148726977,0.02302220145109774,0.246875,0.07774909565390456,0.017385226307126404
voter,rho_1_over_2pi,3,450,20,0.22471088380264215,0.13769417360945013,0.030789353229638806,0.234375,0.0651770425456694,0.014574029770451273
voter,rho_1_over_2pi,3,500,20,0.2904716918392725,0.12009742743769848,0.02685460116735422,0.23125,0.052663436082352244,0.011775902300885483
voter,rho_1_over_2pi,3,550,20,0.26935707047924745,0.12282024116771083,0.027463440826391954,0.23125,0.059621200088559104,0.013331705629813463
voter,rho_1_over_2pi,3,600,20,0.2528656269335525,0.11105106871027144,0.024831773861016683,0.234375,0.07091753573693886,0.015857643070456593
voter,rho_1_over_2pi,3,650,20,0.2513032268703235,0.09706634641147789,0.021704694890360733,0.253125,0.08943180013283865,0.019997558444720193
voter,rho_1_over_2pi,3,700,20,0.25335823274729763,0.11214826941836822,0.025077115397843214,0.2625,0.09185586535436918,0.02053959590644373
voter,rho_1_over_2pi,3,750,20,0.23424636198511894,0.1259216474912659,0.028156936362923636,0.259375,0.09328007222874563,0.02085805824495655
voter,rho_1_over_2pi,3,800,20,0.21348132748164036,0.1341713835602176,0.03000163342758443,0.271875,0.09535091438995223,0.02132111262926961
voter,rho_1_over_2pi,3,850,20,0.2888518255326827,0.11935923982379573,0.026689537398870727,0.275,0.075,0.01677050983124842
voter,rho_1_over_2pi,3,900,20,0.19218419101424716,0.10185743756474806,0.022776015440871728,0.265625,0.08811170112419803,0.01970237533268514
voter,rho_1_over_2pi,3,950,20,0.23744297529581565,0.10735040046705302,0.024004279285615573,0.2625,0.0701560760020114,0.015687375497513915
voter,rho_1_over_2pi,3,1000,20,0.20561097804219353,0.08986377065990983,0.02009414999100095,0.278125,0.09158969306095528,0.02048007797226368
voter,rho_1_over_2pi,3,1050,20,0.2445343644571057,0.11018122723281353,0.024637271393692206,0.275,0.0914296177395487,0.020444284042245155
voter,rho_1_over_2pi,3,1100,20,0.2817027782265703,0.1040844557447147,0.023273991844625055,0.271875,0.06924537439425106,0.01548373642729687
voter,rho_1_over_2pi,3,1150,20,0.20732345268200597,0.11283140214821427,0.02522986852000229,0.2875,0.09762812094883318,0.021830311495716223
voter,rho_1_over_2pi,3,1200,20,0.2507595818523187,0.10693760715099558,0.02391197589407937,0.29375,0.10097184013377195,0.02257798983523555
voter,rho_1_over_2pi,3,1250,20,0.20914871187022488,0.1124457693654423,0.025143638408339237,0.296875,0.08811170112419803,0.01970237533268514
voter,rho_1_over_2pi,3,1300,20,0.23830792910273352,0.13811854116653222,0.03088424470014691,0.296875,0.09657210712726527,0.021594179626695707
voter,rho_1_over_2pi,3,1350,20,0.3211783399165013,0.13452298700407506,0.03008025434774326,0.290625,0.09535091438995223,0.02132111262926961
voter,rho_1_over_2pi,3,1400,20,0.27460365631764044,0.1283812889673569,0.028706928917005377,0.2875,0.0914296177395487,0.020444284042245155
voter,rho_1_over_2pi,3,1450,20,0.20941564306883004,0.08997326733506547,0.020118634191896773,0.296875,0.10053567463840883,0.02248046026552837
voter,rho_1_over_2pi,3,1500,20,0.23082199315149293,0.11620101232730376,0.025983336261814222,0.325,0.1,0.022360679774997897
voter,rho_1_over_2pi,3,1550,20,0.18488533400190907,0.08808325016618256,0.019696013505070383,0.321875,0.09936320684740403,0.022218288497316798
voter,rho_1_over_2pi,3,1600,20,0.25188107090504575,0.09773276079484199,0.021853709676599303,0.30625,0.10058423087144426,0.022491317769308225
voter,rho_1_over_2pi,3,1650,20,0.22520064316436333,0.12171231443168948,0.027215700876808635,0.328125,0.09452802163908859,0.021137108216357316
voter,rho_1_over_2pi,3,1700,20,0.25171578415516765,0.12147501288175201,0.02716263863712601,0.30625,0.08361930100162282,0.018697844127064486
voter,rho_1_over_2pi,3,1750,20,0.24327144198913947,0.1053631586296634,0.023559918502002095,0.30625,0.10250762166785453,0.02292140102611531
voter,rho_1_over_2pi,3,1800,20,0.22766676608677341,0.08332414927062508,0.018631846193645718,0.3125,0.11353688827865593,0.025387620014487373
voter,rho_1_over_2pi,3,1850,20,0.24186750218024508,0.12643146416321646,0.028270934836378055,0.321875,0.1069371164516792,0.02391186617037658
voter,rho_1_over_2pi,3,1900,20,0.22784759781557326,0.09241045756830003,0.020663606495457877,0.309375,0.12573999711706693,0.028116318104438924
voter,rho_1_over_2pi,3,1950,20,0.2272500771702183,0.08866838717498775,0.019826854117854315,0.3125,0.14252192813739226,0.03186887195995491
voter,rho_1_over_2pi,3,2000,20,0.26308505019288997,0.09176357707316969,0.020518959619414863,0.321875,0.15344354621488648,0.03431102000451167
voter,rho_1_over_2pi,3,2050,20,0.29049629435962476,0.09340995498548109,0.02088710091227311,0.325,0.15129648046137756,0.03383092150681089
voter,rho_1_over_2pi,3,2100,20,0.21484002525788712,0.11259448425060571,0.025176892067588382,0.334375,0.16568395177264453,0.037048057894442994
voter,rho_1_over_2pi,3,2150,20,0.30178548490221335,0.13541277320778913,0.030279216591437876,0.31875,0.16165646445471954,0.03614748435230313
voter,rho_1_over_2pi,3,2200,20,0.22337182256270416,0.10316592589919613,0.023068602327230864,0.315625,0.1376064928519,0.030769747216218727
voter,rho_1_over_2pi,3,2250,20,0.25840340685620955,0.15898284437889687,0.03554964472874837,0.29375,0.11875,0.02655330723281
voter,rho_1_over_2pi,3,2300,20,0.20187672962874997,0.11138470636076615,0.024906377507652632,0.296875,0.11158481919598204,0.024951124097923924
voter,rho_1_over_2pi,3,2350,20,0.28022780540095166,0.11953080936694703,0.026727901515006217,0.3,0.14604151806934904,0.032655876194032825
voter,rho_1_over_2pi,3,2400,20,0.23050109016751313,0.12297208345526554,0.027497393794075096,0.3125,0.12655285457072868,0.02829807855667943
voter,rho_1_over_2pi,3,2450,20,0.2661701345593377,0.15993681791443515,0.035762959696168314,0.31875,0.13095204274848102,0.029281766937806195
voter,rho_1_over_2pi,3,2500,20,0.2383656550828181,0.10111745828822138,0.022610551044446252,0.309375,0.11771755126148352,0.026322444676549327
voter,rho_1_over_2pi,3,2550,20,0.23336090620726063,0.1177091650024026,0.02632056945201114,0.303125,0.12227498466571157,0.027341517766027546
voter,rho_1_over_2pi,3,2600,20,0.2870095615654175,0.16168911767058108,0.03615478583333817,0.328125,0.15546678704790937,0.034763430408260916
voter,rho_1_over_2pi,3,2650,20,0.28433661651257924,0.11808945679813161,0.026405605282664692,0.328125,0.1788362990978062,0.0399890121627179
voter,rho_1_over_2pi,3,2700,20,0.22406517341121007,0.11408254218280522,0.025509631936673972,0.315625,0.1599255197740498,0.035760433355176216
voter,rho_1_over_2pi,3,2750,20,0.27617222766823224,0.13256757489375162,0.029643010907472307,0.315625,0.15242185497821498,0.03408256289879034
voter,rho_1_over_2pi,3,2800,20,0.2299600686878958,0.10790691676505083,0.024128720112906534,0.315625,0.14587425021229758,0.03261847396415105
voter,rho_1_over_2pi,3,2850,20,0.23595050146832008,0.12494826429085418,0.02793928126249595,0.31875,0.14510233457804875,0.032445868381043526
voter,rho_1_over_2pi,3,2900,20,0.1792892806248595,0.09750549500779898,0.02180289150172049,0.309375,0.14041651211663106,0.03139808662562099
voter,rho_1_over_2pi,3,2950,20,0.266349839915764,0.1344045958310455,0.030053781276660255,0.34375,0.16117246197784532,0.03603925810834623
voter,rho_1_over_2pi,3,3000,20,0.2620080837761834,0.1348621650268666,0.030156096859286847,0.35625,0.15946688527716343,0.03565787956398978
voter,rho_1_over_2pi,4,0,20,0.26488254081778534,0.1289458011317037,0.028833157674365877,0.1625,0.03644344934278313,0.008149003006503312
voter,rho_1_over_2pi,4,50,20,0.24398492045797923,0.10898433426018447,0.02436963798883317,0.171875,0.03890593624371479,0.008699631816921908
voter,rho_1_over_2pi,4,100,20,0.21722015298792755,0.09694051418604972,0.021676557949378988,0.165625,0.03576725981956124,0.007997802432543579
voter,rho_1_over_2pi,4,150,20,0.20760857533059998,0.10738725453259886,0.024012520105196344,0.18125,0.04375,0.009782797401561578
voter,rho_1_over_2pi,4,200,20,0.19987632451820048,0.08133637982253582,0.018187367432693235,0.19375,0.051916399143237965,0.011608859763129193
voter,rho_1_over_2pi,4,250,20,0.22894545740995892,0.0964646264766624,0.021570146222594316,0.20625,0.052663436082352244,0.011775902300885483
voter,rho_1_over_2pi,4,300,20,0.22773206215352365,0.12075073495059925,0.02700068516825996,0.20625,0.04463392767839281,0.009980449639169569
voter,rho_1_over_2pi,4,350,20,0.20427288507852692,0.10536248773053532,0.023559768484396452,0.19375,0.03365728004459065,0.007525996611745184
voter,rho_1_over_2pi,4,400,20,0.1771329045654312,0.11383367430045754,0.025453983386439387,0.190625,0.05029211543572213,0.011245658884654113
voter,rho_1_over_2pi,4,450,20,0.15442531776361676,0.1028379746775788,0.02299527020474682,0.20625,0.04881406047441659,0.010915155747858112
voter,rho_1_over_2pi,4,500,20,0.20118846044313138,0.09041489132576479,0.020217384318266612,0.203125,0.04363825013677794,0.009757809372497496
voter,rho_1_over_2pi,4,550,20,0.22396095251746978,0.11820380455883521,0.026431174219265507,0.2,0.0375,0.00838525491562421
voter,rho_1_over_2pi,4,600,20,0.24205175345747149,0.12984240001018527,0.029033643278449362,0.228125,0.05330850659134994,0.011920144451725406
voter,rho_1_over_2pi,4,650,20,0.21470862839626426,0.09123405807247173,0.020400555571321023,0.228125,0.06335354666472905,0.014166283695803921
voter,rho_1_over_2pi,4,700,20,0.18426710100905047,0.11876353208993463,0.02655633310010715,0.228125,0.06335354666472905,0.014166283695803921
voter,rho_1_over_2pi,4,750,20,0.22450374681302399,0.08981941740742858,0.02008423230224382,0.253125,0.09158969306095528,0.02048007797226368
voter,rho_1_over_2pi,4,800,20,0.2365187853806668,0.12029946879899278,0.026899778989166283,0.2375,0.07806247497997998,0.017455300054711177
voter,rho_1_over_2pi,4,850,20,0.2857212228126741,0.15342718232258565,0.034307360926955556,0.225,0.07756046028744286,0.01734304615688951
voter,rho_1_over_2pi,4,900,20,0.21501130441599794,0.08864913184545238,0.01982254849527729,0.2375,0.0701560760020114,0.015687375497513915
voter,rho_1_over_2pi,4,950,20,0.2607175938458689,0.14858365007561555,0.033224314191411815,0.240625,0.07973344263858172,0.01782893978199489
voter,rho_1_over_2pi,4,1000,20,0.26162314707817913,0.09911627518737783,0.022163072899555252,0.240625,0.07724504433942672,0.017272517006794347
voter,rho_1_over_2pi,4,1050,20,0.25497736600581483,0.14184786418590797,0.031718146678284806,0.240625,0.07724504433942672,0.017272517006794347
voter,rho_1_over_2pi,4,1100,20,0.21154450270445727,0.10839957071204494,0.024238880884392775,0.253125,0.07774909565390456,0.017385226307126404
voter,rho_1_over_2pi,4,1150,20,0.22364288223176193,0.12253747534592274,0.02740021246646878,0.25625,0.07098635432250341,0.015873031374000365
voter,rho_1_over_2pi,4,1200,20,0.23717340528364206,0.09011156094840585,0.020149557583925087,0.2625,0.07806247497997998,0.017455300054711177
voter,rho_1_over_2pi,4,1250,20,0.21162543024523126,0.10253122379319178,0.022926678621782066,0.25625,0.08125,0.018168052317185792
voter,rho_1_over_2pi,4,1300,20,0.22560483615598778,0.1181363070391384,0.026416081315030034,0.2375,0.08052561704203204,0.018006075363609916
voter,rho_1_over_2pi,4,1350,20,0.2443982118880573,0.09920027057642265,0.02218185483952533,0.240625,0.0720107413862682,0.016102091284985312
voter,rho_1_over_2pi,4,1400,20,0.28655728992646573,0.16142778475841718,0.036096350017702526,0.253125,0.08022186033120897,0.017938153298207703
voter,rho_1_over_2pi,4,1450,20,0.19138520820280006,0.10914069117086703,0.024404600456936976,0.259375,0.08677152110571763,0.019402701970344233
voter,rho_1_over_2pi,4,1500,20,0.2506072906749832,0.11147726002214747,0.024927073135494145,0.26875,0.0840851502942107,0.018802011195614154
voter,rho_1_over_2pi,4,1550,20,0.22318837234198474,0.10830828840090946,0.024218469539108552,0.2375,0.0852386356061616,0.01905993835247113
voter,rho_1_over_2pi,4,1600,20,0.19261776236639633,0.09185954504246038,0.02054041870971452,0.240625,0.07724504433942672,0.017272517006794347
voter,rho_1_over_2pi,4,1650,20,0.2253607998897428,0.12532292530587943,0.028023058012307502,0.24375,0.06525191568069094,0.01459077191241094
voter,rho_1_over_2pi,4,1700,20,0.2389394665432351,0.13125732485387648,0.029350030091804043,0.253125,0.08495173261917617,0.018995784894286417
voter,rho_1_over_2pi,4,1750,20,0.23084501173786065,0.11340472360239487,0.025358067094452975,0.25625,0.090355201842506,0.020204037344055768
voter,rho_1_over_2pi,4,1800,20,0.2030021297596706,0.10082828346508506,0.022545889588254823,0.25,0.07905694150420949,0.017677669529663688
voter,rho_1_over_2pi,4,1850,20,0.23718617413860127,0.12483924656195551,0.02791490415723894,0.25,0.0739509972887452,0.01653594569415369
voter,rho_1_over_2pi,4,1900,20,0.27651281109847153,0.12517857459005485,0.027990780210989052,0.253125,0.07255116728902437,0.016222934190521763
voter,rho_1_over_2pi,4,1950,20,0.25355109846865,0.1332696091744865,0.029799990544898142,0.228125,0.07467376965842826,0.016697562509240683
voter,rho_1_over_2pi,4,2000,20,0.21122106304119276,0.08521700540014807,0.019055101691369772,0.240625,0.0720107413862682,0.016102091284985312
voter,rho_1_over_2pi,4,2050,20,0.26485875577588924,0.13173413666414535,0.029456648453827637,0.240625,0.06335354666472905,0.014166283695803921
voter,rho_1_over_2pi,4,2100,20,0.21594728066184263,0.08692878265419562,0.0194378667216086,0.240625,0.0720107413862682,0.016102091284985312
voter,rho_1_over_2pi,4,2150,20,0.2429053223881669,0.14222857175331274,0.031803275478311376,0.240625,0.06636487681748532,0.014839637588229707
voter,rho_1_over_2pi,4,2200,20,0.2433783197679948,0.1450064609545302,0.032424430387099856,0.259375,0.07467376965842826,0.016697562509240683
voter,rho_1_over_2pi,4,2250,20,0.20831387858014833,0.1216474973812733,0.027201207343725473,0.2375,0.06434768838116875,0.014388580541526672
voter,rho_1_over_2pi,4,2300,20,0.20918206176930904,0.10104664433538182,0.02259471656321578,0.240625,0.06924537439425106,0.01548373642729687
voter,rho_1_over_2pi,4,2350,20,0.2593365374509943,0.13568809014544006,0.03034077933023233,0.25,0.07126096406869613,0.015934435979977454
voter,rho_1_over_2pi,4,2400,20,0.2210136093383102,0.11556747393395307,0.02584167277042541,0.253125,0.06980721219902711,0.015609367179677718
voter,rho_1_over_2pi,4,2450,20,0.22360454282964856,0.10668345585464778,0.023855145936559036,0.24375,0.07368641326594748,0.016476782908080086
voter,rho_1_over_2pi,4,2500,20,0.24025050512610185,0.10019582177419967,0.022404466854856402,0.246875,0.07519505884697478,0.016814126315393255
voter,rho_1_over_2pi,4,2550,20,0.230244122599999,0.10855991473302448,0.024274734897462368,0.2375,0.0673145600891813,0.015051993223490368
voter,rho_1_over_2pi,4,2600,20,0.24282275486754937,0.09970329039537218,0.022294333490445406,0.2375,0.07288689868556626,0.016298006013006624
voter,rho_1_over_2pi,4,2650,20,0.263777696348131,0.12976104484095047,0.02901545170957636,0.221875,0.0639671546576835,0.01430349061418226
voter,rho_1_over_2pi,4,2700,20,0.24401863137738095,0.10455182636672085,0.023378499092774268,0.228125,0.07467376965842826,0.016697562509240683
voter,rho_1_over_2pi,4,2750,20,0.2185659925114838,0.11057862884052065,0.02472613309461229,0.23125,0.07421463804398698,0.016594897559189692
voter,rho_1_over_2pi,4,2800,20,0.2277423142802605,0.10990034854840133,0.024574465010514572,0.240625,0.06335354666472905,0.014166283695803921
voter,rho_1_over_2pi,4,2850,20,0.2009930424536325,0.1133455942510432,0.02534484536954419,0.25,0.07654655446197431,0.01711632992203644
voter,rho_1_over_2pi,4,2900,20,0.19036964338819384,0.11297456805715111,0.025261881390446623,0.25,0.07126096406869613,0.015934435979977454
voter,rho_1_over_2pi,4,2950,20,0.2857055890384329,0.12604781716455263,0.028185148759540445,0.246875,0.08022186033120897,0.017938153298207703
voter,rho_1_over_2pi,4,3000,20,0.23672350841422904,0.11449092348641679,0.025600948772235513,0.253125,0.0639671546576835,0.01430349061418226
voter,rho_1_over_2pi,5,0,20,0.21177414526778932,0.12299017139454492,0.027501438380255254,0.171875,0.06210814660734935,0.013887803777055608
voter,rho_1_over_2pi,5,50,20,0.24828933887378798,0.13112614498131675,0.029320697380571713,0.175,0.05077524002897475,0.011353688827865593
voter,rho_1_over_2pi,5,100,20,0.22816603464575405,0.09499465930081183,0.02124145156960479,0.18125,0.05896238207535377,0.013184389443580616
voter,rho_1_over_2pi,5,150,20,0.22129430002074493,0.10683273199843697,0.0238885250970522,0.184375,0.05029211543572213,0.011245658884654113
voter,rho_1_over_2pi,5,200,20,0.28071807671370774,0.13288442778028775,0.02971386136678849,0.184375,0.04624577683421482,0.010340870067358935
voter,rho_1_over_2pi,5,250,20,0.21746071868750408,0.1125705081362131,0.025171530845426563,0.184375,0.05029211543572213,0.011245658884654113
voter,rho_1_over_2pi,5,300,20,0.21161430843421036,0.10463509617022322,0.0233971187868847,0.19375,0.05555121510822243,0.012421629321469868
voter,rho_1_over_2pi,5,350,20,0.22010249494453582,0.08303845791915324,0.018567963665398236,0.20625,0.0840851502942107,0.018802011195614154
voter,rho_1_over_2pi,5,400,20,0.2533615211149478,0.10837063371780614,0.02423241037577453,0.196875,0.07467376965842826,0.016697562509240683
voter,rho_1_over_2pi,5,450,20,0.2184545115001733,0.09208326295606342,0.020590443555974603,0.2,0.06123724356957945,0.013693063937629152
voter,rho_1_over_2pi,5,500,20,0.2609987893621156,0.1458269121447724,0.03260788885046007,0.2,0.06434768838116875,0.014388580541526672
voter,rho_1_over_2pi,5,550,20,0.27323287689440356,0.09900799146275024,0.022138859922642837,0.19375,0.051916399143237965,0.011608859763129193
voter,rho_1_over_2pi,5,600,20,0.2207942475608855,0.10866416074176681,0.024298045013655456,0.2,0.04677071733467427,0.010458250331675944
voter,rho_1_over_2pi,5,650,20,0.22186433478531056,0.08934291404704499,0.019977682911711342,0.2,0.05077524002897475,0.011353688827865593
voter,rho_1_over_2pi,5,700,20,0.21956449977165474,0.12731671042925088,0.02846888191914614,0.190625,0.05029211543572213,0.011245658884654113
voter,rho_1_over_2pi,5,750,20,0.21080648142865402,0.09707276053707899,0.02170612913244676,0.19375,0.06817945071647322,0.015245388647063084
voter,rho_1_over_2pi,5,800,20,0.20089831107501016,0.11067280547044839,0.024747191629253318,0.196875,0.04950931099298394,0.01107061848994897
voter,rho_1_over_2pi,5,850,20,0.207126494136326,0.08229623146572417,0.018401996784941636,0.203125,0.04363825013677794,0.009757809372497496
voter,rho_1_over_2pi,5,900,20,0.2166889267877678,0.11612345170328124,0.02596599317904506,0.2,0.05077524002897475,0.011353688827865593
voter,rho_1_over_2pi,5,950,20,0.20987733050408225,0.09960707413395134,0.02227281888033762,0.2,0.07551903733496608,0.01688657010763287
voter,rho_1_over_2pi,5,1000,20,0.2014861128381244,0.13606412604496565,0.030424863513564278,0.20625,0.07421463804398698,0.016594897559189692
voter,rho_1_over_2pi,5,1050,20,0.21376740944692424,0.13752269242010068,0.030751008870014016,0.20625,0.06281172263200556,0.014045128158902643
voter,rho_1_over_2pi,5,1100,20,0.25695347137193936,0.12227138852124858,0.02734071364367993,0.203125,0.047905342864862165,0.010711960313126632
voter,rho_1_over_2pi,5,1150,20,0.21480982108411265,0.10249264676335969,0.022918052535674607,0.196875,0.045393247019793595,0.010150238605569822
voter,rho_1_over_2pi,5,1200,20,0.19856288936457528,0.08687339850415184,0.019425482449171205,0.19375,0.04375,0.009782797401561578
voter,rho_1_over_2pi,5,1250,20,0.26607813395153446,0.12864116080450447,0.02876503802633535,0.2,0.05077524002897475,0.011353688827865593
voter,rho_1_over_2pi,5,1300,20,0.2605711476213521,0.1157785766164313,0.0258888767652508,0.209375,0.04950931099298394,0.01107061848994897
voter,rho_1_over_2pi,5,1350,20,0.19455517811610598,0.0980631294207308,0.02192758234711136,0.196875,0.05330850659134994,0.011920144451725406
voter,rho_1_over_2pi,5,1400,20,0.24162559509358633,0.11468228070423633,0.025643737546938487,0.203125,0.05887951150442741,0.01316585902058806
voter,rho_1_over_2pi,5,1450,20,0.24076985210088014,0.10099689624976929,0.022583592553097772,0.20625,0.052663436082352244,0.011775902300885483
voter,rho_1_over_2pi,5,1500,20,0.20355466462883628,0.10878736929337841,0.024325595283336738,0.20625,0.04881406047441659,0.010915155747858112
voter,rho_1_over_2pi,5,1550,20,0.19808937609885297,0.10253415263010009,0.022927333529624262,0.20625,0.052663436082352244,0.011775902300885483
voter,rho_1_over_2pi,5,1600,20,0.2256088976412436,0.11303521131513587,0.02527544163516972,0.19375,0.06525191568069094,0.01459077191241094
voter,rho_1_over_2pi,5,1650,20,0.250402568592127,0.10604188816844161,0.02371168704070661,0.2,0.06123724356957945,0.013693063937629152
voter,rho_1_over_2pi,5,1700,20,0.18163678501074207,0.10240542548946303,0.0228985492659229,0.184375,0.05403630145559557,0.012082884330738253
voter,rho_1_over_2pi,5,1750,20,0.2449714945414016,0.13191786814455617,0.02949773206180816,0.19375,0.07629097259833564,0.017059180079945224
voter,rho_1_over_2pi,5,1800,20,0.2416833044872146,0.14023119774479587,0.03135664907235788,0.190625,0.07255116728902437,0.016222934190521763
voter,rho_1_over_2pi,5,1850,20,0.24083929207133642,0.12598369374057428,0.028170810326043884,0.19375,0.06525191568069094,0.01459077191241094
voter,rho_1_over_2pi,5,1900,20,0.2967528555458466,0.14693883767100666,0.032856522956717774,0.2,0.0673145600891813,0.015051993223490368
voter,rho_1_over_2pi,5,1950,20,0.2547456638485219,0.11682254624712458,0.02612231547131835,0.21875,0.07525996611745185,0.016828640022295324
voter,rho_1_over_2pi,5,2000,20,0.2048541851476747,0.11592751055013098,0.02592217940524169,0.203125,0.07091753573693886,0.015857643070456593
voter,rho_1_over_2pi,5,2050,20,0.22799769356185492,0.1084496492511016,0.024250078786147235,0.190625,0.05753735199850615,0.012865743031399313
voter,rho_1_over_2pi,5,2100,20,0.22664256988581766,0.13590601271656613,0.03038950829851927,0.2,0.07288689868556626,0.016298006013006624
voter,rho_1_over_2pi,5,2150,20,0.16467892839662066,0.1014308723922756,0.022680632568623495,0.215625,0.06695089151758922,0.014970674458754354
voter,rho_1_over_2pi,5,2200,20,0.24988433646872718,0.108241787813656,0.024203599555744314,0.234375,0.0554632479665589,0.012401959270615269
voter,rho_1_over_2pi,5,2250,20,0.23233049077979034,0.10283599058755467,0.022994826548730078,0.20625,0.040019526483955306,0.008948638164547721
voter,rho_1_over_2pi,5,2300,20,0.20118738199381006,0.08571753488484087,0.019167023486621377,0.215625,0.05753735199850615,0.012865743031399313
voter,rho_1_over_2pi,5,2350,20,0.21013942568366692,0.10480248220909197,0.023434547443024197,0.234375,0.07622694323531543,0.017044862679118304
voter,rho_1_over_2pi,5,2400,20,0.23737013588214428,0.0835026830179057,0.018671767553165443,0.215625,0.06695089151758922,0.014970674458754354
voter,rho_1_over_2pi,5,2450,20,0.22402551840410373,0.1220252154586223,0.02728566767345376,0.228125,0.06636487681748532,0.014839637588229707
voter,rho_1_over_2pi,5,2500,20,0.22339566606817357,0.11729957275785603,0.026228981841824855,0.20625,0.07153451963912248,0.015995604865087158
voter,rho_1_over_2pi,5,2550,20,0.27144717945689634,0.1110045131598747,0.02482136372347498,0.196875,0.060191750888306944,0.013459284667098767
voter,rho_1_over_2pi,5,2600,20,0.22343744735846105,0.10909246404315523,0.024393816543344663,0.20625,0.07153451963912248,0.015995604865087158
voter,rho_1_over_2pi,5,2650,20,0.23020480943698907,0.11305888618673808,0.02528073549739583,0.190625,0.06695089151758922,0.014970674458754354
voter,rho_1_over_2pi,5,2700,20,0.23649724982756654,0.09310485333336556,0.020818878108855327,0.1875,0.05929270612815711,0.013258252147247764
voter,rho_1_over_2pi,5,2750,20,0.24918499775806957,0.13289180492764024,0.02971551094708451,0.196875,0.05685439187081329,0.012713028504254995
voter,rho_1_over_2pi,5,2800,20,0.24713617289502388,0.11759956036934278,0.026296061110994074,0.203125,0.06810779599282303,0.015229366163764007
voter,rho_1_over_2pi,5,2850,20,0.18281143528932597,0.0599760385736863,0.013411049927191209,0.19375,0.06525191568069094,0.01459077191241094
voter,rho_1_over_2pi,5,2900,20,0.19740599934040345,0.11197478544198047,0.025038323201422217,0.221875,0.08022186033120897,0.017938153298207703
voter,rho_1_over_2pi,5,2950,20,0.22400626101633744,0.11596932928969408,0.025931530359681335,0.203125,0.07362011868368591,0.016461958988832404
voter,rho_1_over_2pi,5,3000,20,0.20513098387615342,0.11029917834964087,0.024663646065217003,0.2,0.0673145600891813,0.015051993223490368
voter,rho_1_over_2pi,6,0,20,0.23255893697944735,0.09523683496978577,0.02129560369543701,0.15625,0.046351240544347895,0.010364452469860624
voter,rho_1_over_2pi,6,50,20,0.22868324008680693,0.1072804183193641,0.023988630801671185,0.165625,0.045393247019793595,0.010150238605569822
voter,rho_1_over_2pi,6,100,20,0.18152555002272933,0.09555794810256822,0.02136740677477396,0.1625,0.04592793267718459,0.010269797953221865
voter,rho_1_over_2pi,6,150,20,0.21390334656671994,0.1289927203303369,0.02884364912612524,0.159375,0.03684320663297374,0.008238391454040043
voter,rho_1_over_2pi,6,200,20,0.2751268394024283,0.1299534209949456,0.029058468325334673,0.1625,0.04592793267718459,0.010269797953221865
voter,rho_1_over_2pi,6,250,20,0.23491212589524757,0.10752476259901407,0.02404326784359224,0.146875,0.040864677595693816,0.009137619698258404
voter,rho_1_over_2pi,6,300,20,0.2737959294280575,0.14311901566342855,0.03200238478962834,0.15,0.041457809879442496,0.009270248108869578
voter,rho_1_over_2pi,6,350,20,0.2191166339942258,0.10288937275497251,0.023006763164243334,0.153125,0.03684320663297374,0.008238391454040043
voter,rho_1_over_2pi,6,400,20,0.2460874511062027,0.13503261017575252,0.030194209553221246,0.171875,0.047905342864862165,0.010711960313126632
voter,rho_1_over_2pi,6,450,20,0.23220401650056677,0.11503748444800321,0.025723163518631003,0.15625,0.05038911092686593,0.011267347735824966
voter,rho_1_over_2pi,6,500,20,0.24790214845661054,0.11521297797775161,0.025762405064843882,0.165625,0.05685439187081329,0.012713028504254995
voter,rho_1_over_2pi,6,550,20,0.20024016497803188,0.13957572234918195,0.031210080318140744,0.171875,0.05887951150442741,0.01316585902058806
voter,rho_1_over_2pi,6,600,20,0.21299157897454174,0.11536660546982369,0.025796757216392484,0.165625,0.05685439187081329,0.012713028504254995
voter,rho_1_over_2pi,6,650,20,0.22404907477282454,0.10190123345637246,0.022785808499952466,0.159375,0.05403630145559557,0.012082884330738253
voter,rho_1_over_2pi,6,700,20,0.22518798835844672,0.11488078780798198,0.025688125084737678,0.15625,0.046351240544347895,0.010364452469860624
voter,rho_1_over_2pi,6,750,20,0.206893363010978,0.11256464644976408,0.025170220132490283,0.159375,0.04180965050081141,0.009348922063532243
voter,rho_1_over_2pi,6,800,20,0.19842441975093883,0.13797948868424967,0.030853151619864527,0.15625,0.0369754986443726,0.008267972847076845
voter,rho_1_over_2pi,6,850,20,0.21201387298599994,0.09347368221131351,0.020901350753170986,0.171875,0.047905342864862165,0.010711960313126632
voter,rho_1_over_2pi,6,900,20,0.2679432632778669,0.1304527436466507,0.029170120264526474,0.178125,0.040864677595693816,0.009137619698258404
voter,rho_1_over_2pi,6,950,20,0.20079003749698304,0.10583779614385501,0.02366605067664249,0.178125,0.05330850659134994,0.011920144451725406
voter,rho_1_over_2pi,6,1000,20,0.2211927775932248,0.10347395579921316,0.02313747990678492,0.175,0.042389562394532926,0.009478594305064437
voter,rho_1_over_2pi,6,1050,20,0.24486595801152955,0.11610949626459885,0.025962872648090093,0.16875,0.03479852726768764,0.007781187248742958
voter,rho_1_over_2pi,6,1100,20,0.28721076308504107,0.15200811018118351,0.03399004674964042,0.16875,0.03479852726768764,0.007781187248742958
voter,rho_1_over_2pi,6,1150,20,0.176345549052889,0.09809570265949535,0.02193486594472385,0.16875,0.03479852726768764,0.007781187248742958
voter,rho_1_over_2pi,6,1200,20,0.2535260990610598,0.1255117048650255,0.028065270405008808,0.171875,0.047905342864862165,0.010711960313126632
voter,rho_1_over_2pi,6,1250,20,0.22292020831879458,0.10445564305287007,0.02335699184996711,0.1625,0.03644344934278313,0.008149003006503312
voter,rho_1_over_2pi,6,1300,20,0.20475836675228667,0.10500860714160759,0.023480638379120445,0.16875,0.05625,0.012577882373436317
voter,rho_1_over_2pi,6,1350,20,0.22973489937485353,0.12012440255153531,0.02686063298617821,0.153125,0.03684320663297374,0.008238391454040043
voter,rho_1_over_2pi,6,1400,20,0.24468324140621744,0.1006413280073166,0.022504085077021334,0.153125,0.031093357409581874,0.006952686081652184
voter,rho_1_over_2pi,6,1450,20,0.21700226820389598,0.10051613446587328,0.022476090950120216,0.153125,0.04180965050081141,0.009348922063532243
voter,rho_1_over_2pi,6,1500,20,0.20535921956988995,0.10234612128605863,0.022885288442906528,0.15625,0.0369754986443726,0.008267972847076845
voter,rho_1_over_2pi,6,1550,20,0.2606258866582237,0.10226824807969372,0.022867875464600746,0.15,0.041457809879442496,0.009270248108869578
voter,rho_1_over_2pi,6,1600,20,0.2171472094309163,0.09552651130758814,0.02136037729371694,0.165625,0.05330850659134994,0.011920144451725406
voter,rho_1_over_2pi,6,1650,20,0.27540038353108987,0.11529078488902844,0.02577980321911731,0.1625,0.03644344934278313,0.008149003006503312
voter,rho_1_over_2pi,6,1700,20,0.22726773985635568,0.14126295652360873,0.03158735734893865,0.15,0.030618621784789725,0.006846531968814576
voter,rho_1_over_2pi,6,1750,20,0.18698351586142695,0.09008352113324407,0.02014328769064726,0.146875,0.03576725981956124,0.007997802432543579
voter,rho_1_over_2pi,6,1800,20,0.20556104340743425,0.09507311546855356,0.02125899490203725,0.175,0.05077524002897475,0.011353688827865593
voter,rho_1_over_2pi,6,1850,20,0.2123299134769389,0.12375602238884419,0.02767268786864415,0.15625,0.0369754986443726,0.008267972847076845
voter,rho_1_over_2pi,6,1900,20,0.2747178975505744,0.14385627043191052,0.03216723996753449,0.16875,0.040019526483955306,0.008948638164547721
voter,rho_1_over_2pi,6,1950,20,0.19937955340172647,0.10657208808344082,0.023830243345866895,0.175,0.04677071733467427,0.010458250331675944
voter,rho_1_over_2pi,6,2000,20,0.2270056727599347,0.1082069387003503,0.0241958070571136,0.1625,0.03644344934278313,0.008149003006503312
voter,rho_1_over_2pi,6,2050,20,0.1779770306198682,0.12997658016902527,0.02906364687408916,0.171875,0.03890593624371479,0.008699631816921908
voter,rho_1_over_2pi,6,2100,20,0.18723534057681207,0.09585128806703379,0.021432999584880198,0.165625,0.040864677595693816,0.009137619698258404
voter,rho_1_over_2pi,6,2150,20,0.24923850752716178,0.09801188167455215,0.02191612300269645,0.165625,0.040864677595693816,0.009137619698258404
voter,rho_1_over_2pi,6,2200,20,0.2171681994968965,0.12842873960947152,0.028717539203139807,0.16875,0.052663436082352244,0.011775902300885483
voter,rho_1_over_2pi,6,2250,20,0.25742830127551597,0.1104914972399212,0.024706649876419417,0.16875,0.052663436082352244,0.011775902300885483
voter,rho_1_over_2pi,6,2300,20,0.23864812398978974,0.11947432732902076,0.02671527174737513,0.18125,0.05896238207535377,0.013184389443580616
voter,rho_1_over_2pi,6,2350,20,0.22795271884896487,0.1194077322374581,0.026700380632204937,0.178125,0.060191750888306944,0.013459284667098767
voter,rho_1_over_2pi,6,2400,20,0.2527819027006485,0.10736002557352191,0.02400643152485108,0.184375,0.0639671546576835,0.01430349061418226
voter,rho_1_over_2pi,6,2450,20,0.2313864133390635,0.10361327970334652,0.023168633678838205,0.190625,0.060837257293536826,0.013603624287299321
voter,rho_1_over_2pi,6,2500,20,0.24276535756000492,0.1309238209213708,0.029275456345419427,0.190625,0.05753735199850615,0.012865743031399313
voter,rho_1_over_2pi,6,2550,20,0.22660417671082672,0.12475783175103926,0.027896699252080537,0.16875,0.04463392767839281,0.009980449639169569
voter,rho_1_over_2pi,6,2600,20,0.1874462652727722,0.12221610304195232,0.02732835143469242,0.184375,0.05403630145559557,0.012082884330738253
voter,rho_1_over_2pi,6,2650,20,0.20966286922975486,0.08311653339182828,0.01858542187182592,0.1875,0.05229125165837972,0.011692679333668566
voter,rho_1_over_2pi,6,2700,20,0.21624451856378074,0.10440220484378865,0.02334504270315692,0.175,0.04677071733467427,0.010458250331675944
voter,rho_1_over_2pi,6,2750,20,0.17627212484523064,0.10466570912954912,0.023403964052689217,0.184375,0.05403630145559557,0.012082884330738253
voter,rho_1_over_2pi,6,2800,20,0.23685592621716145,0.12326317234440261,0.027562483248435635,0.178125,0.045393247019793595,0.010150238605569822
voter,rho_1_over_2pi,6,2850,20,0.2241889471452005,0.1286327028371061,0.02876314676732993,0.175,0.0375,0.00838525491562421
voter,rho_1_over_2pi,6,2900,20,0.19410675064110788,0.10133815769907226,0.022659900932971922,0.184375,0.060837257293536826,0.013603624287299321
voter,rho_1_over_2pi,6,2950,20,0.17521076967190205,0.06641957529186009,0.014851868538926458,0.1875,0.05590169943749474,0.012499999999999999
voter,rho_1_over_2pi,6,3000,20,0.22483682680347208,0.10229536479664744,0.022873938946844263,0.178125,0.045393247019793595,0.010150238605569822
voter,rho_1_over_3pi,0,0,20,0.27124426309939975,0.17826223294601876,0.03986064706882005,0.19545454545454546,0.04336087279167934,0.009695785912591608
voter,rho_1_over_3pi,0,50,20,0.27189894578250223,0.17462717104151126,0.03904782251673019,0.2636363636363636,0.07551476239016432,0.01688561420091519
voter,rho_1_over_3pi,0,100,20,0.3107087626444502,0.18313852947693565,0.04095102012097771,0.33181818181818185,0.08755163765571919,0.019577141333961844
voter,rho_1_over_3pi,0,150,20,0.336974208294493,0.21114162289196703,0.0472127021666064,0.4045454545454545,0.12017549151274805,0.026872056825195365
voter,rho_1_over_3pi,0,200,20,0.3715205801220203,0.21006920371781523,0.04697290194922864,0.46818181818181814,0.16830462346885108,0.037634057900385744
voter,rho_1_over_3pi,0,250,20,0.4159760392061737,0.23811951851746033,0.05324514301745612,0.5136363636363636,0.1801629198418765,0.040285653579128146
voter,rho_1_over_3pi,0,300,20,0.4560407209808526,0.24833580157403956,0.05552957335664517,0.5454545454545454,0.18630819574472,0.041659779045053094
voter,rho_1_over_3pi,0,350,20,0.4551784077962159,0.26985126689471417,0.060340577659101946,0.5454545454545454,0.18407687937560535,0.041160841536988256
voter,rho_1_over_3pi,0,400,20,0.45085265764308496,0.27811884924576735,0.062189265273755186,0.5772727272727273,0.1801629198418765,0.040285653579128146
voter,rho_1_over_3pi,0,450,20,0.4838874123891667,0.30487847322834266,0.06817289910149239,0.5772727272727273,0.1801629198418765,0.040285653579128146
voter,rho_1_over_3pi,0,500,20,0.5233470194742227,0.3008480599844516,0.0672716713024168,0.6045454545454545,0.16583123951777,0.03708099243547832
voter,rho_1_over_3pi,0,550,20,0.5432829092613755,0.3095546195474213,0.06921851720571191,0.6318181818181818,0.17598600620550856,0.03935166729642169
voter,rho_1_over_3pi,0,600,20,0.5681694651109862,0.3205714387927128,0.0716819528785419,0.65,0.1997415685701803,0.04466357252553586
voter,rho_1_over_3pi,0,650,20,0.5928008223194997,0.3194009747657708,0.07142022916559584,0.6727272727272727,0.21007672742347896,0.04697458430095932
voter,rho_1_over_3pi,0,700,20,0.608680313835787,0.3083885090747705,0.06895776697709975,0.6954545454545454,0.2175654171595331,0.048649106232181515
voter,rho_1_over_3pi,0,750,20,0.6217507507190095,0.3166813424395878,0.07081210089008073,0.7090909090909091,0.2181818181818182,0.0487869376909045
voter,rho_1_over_3pi,0,800,20,0.6407033937277549,0.30653597820983997,0.06854352848265964,0.740909090909091,0.1955602251299905,0.04372859570858214
voter,rho_1_over_3pi,0,850,20,0.6753481814943023,0.2901138042591853,0.06487141875346064,0.7636363636363637,0.19155734096095892,0.0428335235977809
voter,rho_1_over_3pi,0,900,20,0.7203581426650569,0.2595010820831538,0.058026205977268465,0.7954545454545454,0.183796060174143,0.041098048454602555
voter,rho_1_over_3pi,0,950,20,0.7203581426650569,0.2595010820831538,0.058026205977268465,0.7954545454545454,0.183796060174143,0.041098048454602555
voter,rho_1_over_3pi,0,1000,20,0.7329166440225457,0.2695753546683842,0.06027888180971224,0.8181818181818181,0.19284730395996752,0.043121968093205176
voter,rho_1_over_3pi,0,1050,20,0.7953257006015364,0.2700002709452382,0.0603738959776914,0.85,0.1891149460246793,0.04228738748723865
voter,rho_1_over_3pi,0,1100,20,0.7953257006015364,0.2700002709452382,0.0603738959776914,0.85,0.1891149460246793,0.04228738748723865
voter,rho_1_over_3pi,0,1150,20,0.8187584597973343,0.2623889827747034,0.05867196020312582,0.8818181818181818,0.17031812722904724,0.03808429102846075
voter,rho_1_over_3pi,0,1200,20,0.8187584597973343,0.2623889827747034,0.05867196020312582,0.8636363636363636,0.17604469755488258,0.03936479108111084
voter,rho_1_over_3pi,0,1250,20,0.8187584597973343,0.2623889827747034,0.05867196020312582,0.8636363636363636,0.17604469755488258,0.03936479108111084
voter,rho_1_over_3pi,0,1300,20,0.8275942753698468,0.24051805910474414,0.05378147299745201,0.8590909090909091,0.18289454126118826,0.0408964626973657
voter,rho_1_over_3pi,0,1350,20,0.8275942753698468,0.24051805910474414,0.05378147299745201,0.8590909090909091,0.18289454126118826,0.0408964626973657
voter,rho_1_over_3pi,0,1400,20,0.8275942753698468,0.24051805910474414,0.05378147299745201,0.8590909090909091,0.18289454126118826,0.0408964626973657
voter,rho_1_over_3pi,0,1450,20,0.8361709231070845,0.24203076549550456,0.05411972442942588,0.8545454545454545,0.18719327529067276,0.0418576888480776
voter,rho_1_over_3pi,0,1500,20,0.8361709231070845,0.24203076549550456,0.05411972442942588,0.8545454545454545,0.18719327529067276,0.0418576888480776
voter,rho_1_over_3pi,0,1550,20,0.8361709231070845,0.24203076549550456,0.05411972442942588,0.8545454545454545,0.18719327529067276,0.0418576888480776
voter,rho_1_over_3pi,0,1600,20,0.8361709231070845,0.24203076549550456,0.05411972442942588,0.8545454545454545,0.18719327529067276,0.0418576888480776
voter,rho_1_over_3pi,0,1650,20,0.8361709231070845,0.24203076549550456,0.05411972442942588,0.8545454545454545,0.18719327529067276,0.0418576888480776
voter,rho_1_over_3pi,0,1700,20,0.8361709231070845,0.24203076549550456,0.05411972442942588,0.8545454545454545,0.18719327529067276,0.0418576888480776
voter,rho_1_over_3pi,0,1750,20,0.8312391057284447,0.24735634126532657,0.05531055937349065,0.8636363636363636,0.18960594195103828,0.04239717751404007
voter,rho_1_over_3pi,0,1800,20,0.8312391057284447,0.24735634126532657,0.05531055937349065,0.8636363636363636,0.18960594195103828,0.04239717751404007
voter,rho_1_over_3pi,0,1850,20,0.8312391057284447,0.24735634126532657,0.05531055937349065,0.8636363636363636,0.18960594195103828,0.04239717751404007
voter,rho_1_over_3pi,0,1900,20,0.8346303048163206,0.2486722829398837,0.055604812877364115,0.8818181818181818,0.18430122666102994,0.04121100711506595
voter,rho_1_over_3pi,0,1950,20,0.8346303048163206,0.2486722829398837,0.055604812877364115,0.8818181818181818,0.18430122666102994,0.04121100711506595
voter,rho_1_over_3pi,0,2000,20,0.8346303048163206,0.2486722829398837,0.055604812877364115,0.8818181818181818,0.18430122666102994,0.04121100711506595
voter,rho_1_over_3pi,0,2050,20,0.8346303048163206,0.2486722829398837,0.055604812877364115,0.8818181818181818,0.18430122666102994,0.04121100711506595
voter,rho_1_over_3pi,0,2100,20,0.8609437682369576,0.21513962069325127,0.04810668165236302,0.8863636363636364,0.1769227314184415,0.039561125421657295
voter,rho_1_over_3pi,0,2150,20,0.8593510621429858,0.21757710106760514,0.048651718833450715,0.9,0.1769811121266526,0.039574179744870756
voter,rho_1_over_3pi,0,2200,20,0.8593510621429858,0.21757710106760514,0.048651718833450715,0.9,0.1769811121266526,0.039574179744870756
voter,rho_1_over_3pi,0,2250,20,0.8593510621429858,0.21757710106760514,0.048651718833450715,0.9,0.1769811121266526,0.039574179744870756
voter,rho_1_over_3pi,0,2300,20,0.8593510621429858,0.21757710106760514,0.048651718833450715,0.9,0.1769811121266526,0.039574179744870756
voter,rho_1_over_3pi,0,2350,20,0.8593510621429858,0.21757710106760514,0.048651718833450715,0.9,0.1769811121266526,0.039574179744870756
voter,rho_1_over_3pi,0,2400,20,0.8593510621429858,0.21757710106760514,0.048651718833450715,0.9,0.1769811121266526,0.039574179744870756
voter,rho_1_over_3pi,0,2450,20,0.8593510621429858,0.21757710106760514,0.048651718833450715,0.9,0.1769811121266526,0.039574179744870756
voter,rho_1_over_3pi,0,2500,20,0.8593510621429858,0.21757710106760514,0.048651718833450715,0.9,0.1769811121266526,0.039574179744870756
voter,rho_1_over_3pi,0,2550,20,0.8593510621429858,0.21757710106760514,0.048651718833450715,0.9,0.1769811121266526,0.039574179744870756
voter,rho_1_over_3pi,0,2600,20,0.8593510621429858,0.21757710106760514,0.048651718833450715,0.9,0.1769811121266526,0.039574179744870756
voter,rho_1_over_3pi,0,2650,20,0.8593510621429858,0.21757710106760514,0.048651718833450715,0.9,0.1769811121266526,0.039574179744870756
voter,rho_1_over_3pi,0,2700,20,0.8593510621429858,0.21757710106760514,0.048651718833450715,0.9,0.1769811121266526,0.039574179744870756
voter,rho_1_over_3pi,0,2750,20,0.8593510621429858,0.21757710106760514,0.048651718833450715,0.9,0.1769811121266526,0.039574179744870756
voter,rho_1_over_3pi,0,2800,20,0.8593510621429858,0.21757710106760514,0.048651718833450715,0.9,0.1769811121266526,0.039574179744870756
voter,rho_1_over_3pi,0,2850,20,0.8593510621429858,0.21757710106760514,0.048651718833450715,0.9,0.1769811121266526,0.039574179744870756
voter,rho_1_over_3pi,0,2900,20,0.8593510621429858,0.21757710106760514,0.048651718833450715,0.9,0.1769811121266526,0.039574179744870756
voter,rho_1_over_3pi,0,2950,20,0.8593510621429858,0.21757710106760514,0.048651718833450715,0.9,0.1769811121266526,0.039574179744870756
voter,rho_1_over_3pi,0,3000,20,0.8593510621429858,0.21757710106760514,0.048651718833450715,0.9,0.1769811121266526,0.039574179744870756
voter,rho_1_over_3pi,0.050000000000000003,0,20,0.2873121843127128,0.18022446640702247,0.04029941580947295,0.18636363636363637,0.06726658448613064,0.015041265552522087
voter,rho_1_over_3pi,0.050000000000000003,50,20,0.3315667455465462,0.1913502475279921,0.04278721609840014,0.2545454545454545,0.061657545301138796,0.013787046261911908
voter,rho_1_over_3pi,0.050000000000000003,100,20,0.365699637492297,0.2119845633891215,0.04740118939186889,0.29545454545454547,0.07537783614444091,0.016854996561581053
voter,rho_1_over_3pi,0.050000000000000003,150,20,0.3945923726204256,0.22777257898668302,0.05093149700246634,0.35909090909090907,0.08369069381600895,0.01871380804567173
voter,rho_1_over_3pi,0.050000000000000003,200,20,0.43815330511487494,0.20671047002109685,0.046221866262810496,0.39090909090909093,0.1,0.022360679774997897
voter,rho_1_over_3pi,0.050000000000000003,250,20,0.4911109085811584,0.2227441497549107,0.04980710604423734,0.4545454545454545,0.14083575804390605,0.03149183286488867
voter,rho_1_over_3pi,0.050000000000000003,300,20,0.49812739542029305,0.22146489135178893,0.04952105516922053,0.48636363636363633,0.16077035621661268,0.03594934452672018
voter,rho_1_over_3pi,0.050000000000000003,350,20,0.5047268749343261,0.2307152679505855,0.05158950225845878,0.5136363636363637,0.16583123951777,0.03708099243547832
voter,rho_1_over_3pi,0.050000000000000003,400,20,0.5074983688813606,0.23296909947696945,0.052093474308741436,0.5363636363636364,0.18608626809507928,0.041610154513984754
voter,rho_1_over_3pi,0.050000000000000003,450,20,0.5102369948851379,0.23628908997426493,0.052835846752402035,0.5227272727272727,0.18153386861559873,0.04059220704429944
voter,rho_1_over_3pi,0.050000000000000003,500,20,0.5370672689414981,0.283840637942943,0.06346869612173266,0.5818181818181818,0.18719327529067273,0.04185768884807759
voter,rho_1_over_3pi,0.050000000000000003,550,20,0.5766220267244087,0.28362032792036024,0.0634194333030707,0.6090909090909091,0.1774474663267558,0.03967845971417308
voter,rho_1_over_3pi,0.050000000000000003,600,20,0.6067864623485254,0.2767181931672464,0.061876069053288074,0.6136363636363636,0.15713078197676006,0.03513551098577342
voter,rho_1_over_3pi,0.050000000000000003,650,20,0.6088087829218328,0.282535164668092,0.06317678342319505,0.6318181818181818,0.17598600620550856,0.03935166729642169
voter,rho_1_over_3pi,0.050000000000000003,700,20,0.5973883644568148,0.2990975837588008,0.06688025291906156,0.6590909090909091,0.19042145514230374,0.0425795318072618
voter,rho_1_over_3pi,0.050000000000000003,750,20,0.6060215572250149,0.2977818686167174,0.06658605006938914,0.6727272727272727,0.18719327529067276,0.0418576888480776
voter,rho_1_over_3pi,0.050000000000000003,800,20,0.6082875410975832,0.2948266943068514,0.065925253005167,0.7136363636363636,0.18691713813592808,0.04179594270316535
voter,rho_1_over_3pi,0.050000000000000003,850,20,0.6014084445865026,0.3193626384414526,0.07141165690287754,0.7090909090909091,0.185418891403374,0.041460924549059565
voter,rho_1_over_3pi,0.050000000000000003,900,20,0.6164423427330834,0.3214766654138962,0.07188436770454273,0.7045454545454546,0.18603074481528298,0.04159773913118893
voter,rho_1_over_3pi,0.050000000000000003,950,20,0.6260201417425175,0.3157306331154031,0.07059951582250876,0.7181818181818181,0.18385225832869714,0.041110614743981866
voter,rho_1_over_3pi,0.050000000000000003,1000,20,0.6360704668389765,0.315093237189522,0.07045698976062359,0.7181818181818181,0.2090909090909091,0.04675414862045015
voter,rho_1_over_3pi,0.050000000000000003,1050,20,0.6502951302988257,0.30646602119668076,0.06852788561896696,0.7181818181818181,0.21105794120443455,0.04719399037242695
voter,rho_1_over_3pi,0.050000000000000003,1100,20,0.6971002027986564,0.28279722462164847,0.06323538181022832,0.7136363636363636,0.226863267517596,0.05072816877670646
voter,rho_1_over_3pi,0.050000000000000003,1150,20,0.7171747402107764,0.28760688006442175,0.06431085346206761,0.75,0.23858224494564928,0.05334861179229774
voter,rho_1_over_3pi,0.050000000000000003,1200,20,0.7284700839389082,0.2917803338073952,0.06524406608909157,0.740909090909091,0.24608504879343934,0.05502628973484829
voter,rho_1_over_3pi,0.050000000000000003,1250,20,0.7243811874275978,0.29870325633645733,0.06679207862688634,0.740909090909091,0.24608504879343934,0.05502628973484829
voter,rho_1_over_3pi,0.050000000000000003,1300,20,0.7222708826292095,0.3000252774283099,0.06708769152979342,0.740909090909091,0.24608504879343934,0.05502628973484829
voter,rho_1_over_3pi,0.050000000000000003,1350,20,0.7313224220194264,0.30155906153381984,0.06743065608206632,0.759090909090909,0.24099483894202842,0.0538880842100989
voter,rho_1_over_3pi,0.050000000000000003,1400,20,0.7384257880077914,0.29501235367260786,0.06596676770141609,0.7772727272727272,0.21983276889715905,0.04915610149360491
voter,rho_1_over_3pi,0.050000000000000003,1450,20,0.7456186235114652,0.29229086882795036,0.06535822519017713,0.7454545454545454,0.21242402628268953,0.04749945628222957
voter,rho_1_over_3pi,0.050000000000000003,1500,20,0.7451569340973923,0.28982897599408586,0.06480772921719306,0.7454545454545454,0.21242402628268953,0.04749945628222957
voter,rho_1_over_3pi,0.050000000000000003,1550,20,0.7469802634020252,0.28420374091378486,0.06354988841429611,0.75,0.2070553086169159,0.04629897451696219
voter,rho_1_over_3pi,0.050000000000000003,1600,20,0.7494931157170741,0.27967110435843606,0.06253636006879007,0.740909090909091,0.1997415685701803,0.04466357252553586
voter,rho_1_over_3pi,0.050000000000000003,1650,20,0.7625728145291271,0.26499869939353426,0.05925551057929749,0.7454545454545454,0.2104697618689132,0.04706246947470831
voter,rho_1_over_3pi,0.050000000000000003,1700,20,0.7885144381711786,0.2786053768281773,0.06229805614847492,0.7454545454545454,0.2104697618689132,0.04706246947470831
voter,rho_1_over_3pi,0.050000000000000003,1750,20,0.7843822197611597,0.28541854263591737,0.06382152633728332,0.7545454545454545,0.22286637585693206,0.0498344366315118
voter,rho_1_over_3pi,0.050000000000000003,1800,20,0.7979839476111292,0.2753907745677148,0.061579249230973056,0.7454545454545454,0.2162795864249149,0.04836158573916504
voter,rho_1_over_3pi,0.050000000000000003,1850,20,0.8006592598283012,0.2781188309390905,0.062189261180257804,0.7454545454545454,0.2162795864249149,0.04836158573916504
voter,rho_1_over_3pi,0.050000000000000003,1900,20,0.7919562425308122,0.28757338216319495,0.06430336310364294,0.7909090909090909,0.2172327844608822,0.04857472729960926
voter,rho_1_over_3pi,0.050000000000000003,1950,20,0.7924156500322819,0.28934391787827635,0.06469926692519426,0.8136363636363637,0.21411937660570687,0.047878548139023876
voter,rho_1_over_3pi,0.050000000000000003,2000,20,0.8016397506044447,0.27949390014410763,0.06249673600187629,0.8,0.2104697618689132,0.04706246947470831
voter,rho_1_over_3pi,0.050000000000000003,2050,20,0.801345861842121,0.2772656408824731,0.061998482083825454,0.8181818181818181,0.20730462274529782,0.046354722850843494
voter,rho_1_over_3pi,0.050000000000000003,2100,20,0.8083940208476651,0.2718362201976363,0.06078442671085161,0.8136363636363637,0.20424219944237249,0.045669944182721446
voter,rho_1_over_3pi,0.050000000000000003,2150,20,0.8141208501192887,0.24905600935701108,0.05569061671271004,0.8181818181818181,0.20730462274529782,0.046354722850843494
voter,rho_1_over_3pi,0.050000000000000003,2200,20,0.8385449680291643,0.22800708231836028,0.05098393354152439,0.8090909090909092,0.21685200803411933,0.048489583102162136
voter,rho_1_over_3pi,0.050000000000000003,2250,20,0.8373977531493176,0.23430904508379008,0.05239309525504175,0.7863636363636364,0.20983070704697804,0.046919572472388704
voter,rho_1_over_3pi,0.050000000000000003,2300,20,0.8573082360859134,0.22820602745493926,0.05102841902644275,0.7863636363636364,0.2175654171595331,0.048649106232181515
voter,rho_1_over_3pi,0.050000000000000003,2350,20,0.86504988902963,0.20725868845280876,0.04634445163079311,0.8227272727272726,0.187358762232045,0.041894692853107283
voter,rho_1_over_3pi,0.050000000000000003,2400,20,0.8669492966533714,0.19849007114112158,0.044383729193031705,0.8409090909090908,0.18603074481528295,0.04159773913118892
voter,rho_1_over_3pi,0.050000000000000003,2450,20,0.8743370372925338,0.20125971927054287,0.04500304134214582,0.8409090909090908,0.18603074481528295,0.04159773913118892
voter,rho_1_over_3pi,0.050000000000000003,2500,20,0.887430977737225,0.2044628392328066,0.04571928073971664,0.8636363636363636,0.18960594195103828,0.04239717751404007
voter,rho_1_over_3pi,0.050000000000000003,2550,20,0.8808650738998599,0.20939438565367585,0.04682200804284259,0.8409090909090908,0.18153386861559873,0.04059220704429944
voter,rho_1_over_3pi,0.050000000000000003,2600,20,0.876029471691522,0.21158021371772906,0.047310774056677565,0.8409090909090908,0.18603074481528295,0.04159773913118892
voter,rho_1_over_3pi,0.050000000000000003,2650,20,0.8755319234748153,0.21019553513217656,0.0470011505122492,0.8409090909090908,0.17218815386250738,0.038502441695675946
voter,rho_1_over_3pi,0.050000000000000003,2700,20,0.8732253698960966,0.20640043411763165,0.04615254012724912,0.8636363636363636,0.16134763044817135,0.0360784269690626
voter,rho_1_over_3pi,0.050000000000000003,2750,20,0.8758286161174432,0.19953362043891862,0.04461707390980634,0.85,0.182442111276268,0.040795296277231614
voter,rho_1_over_3pi,0.050000000000000003,2800,20,0.8787912827080474,0.18826479959933787,0.042097288967449464,0.85,0.182442111276268,0.040795296277231614
voter,rho_1_over_3pi,0.050000000000000003,2850,20,0.884466756145598,0.18538273978757747,0.04145284080201781,0.8590909090909091,0.18514010776742093,0.041398586632959
voter,rho_1_over_3pi,0.050000000000000003,2900,20,0.8814341521849964,0.18827655640302482,0.042099917868673675,0.8363636363636363,0.1941286954914784,0.04340849595023026
voter,rho_1_over_3pi,0.050000000000000003,2950,20,0.8762436924577761,0.19648343427171763,0.04393503154841725,0.8181818181818181,0.19497827808661106,0.04359846839375199
voter,rho_1_over_3pi,0.050000000000000003,3000,20,0.8730023148763302,0.19871835223704765,0.044434774397878594,0.8272727272727274,0.19896426025672082,0.04448976110269875
voter,rho_1_over_3pi,0.10000000000000001,0,20,0.24644850845446728,0.12171439264587375,0.027216165579627416,0.18636363636363637,0.09738311493467523,0.02177552648546088
voter,rho_1_over_3pi,0.10000000000000001,50,20,0.3040787496227792,0.15674755010551727,0.035049817734249096,0.25,0.12489665149121897,0.02792774028964661
voter,rho_1_over_3pi,0.10000000000000001,100,20,0.36710132168266546,0.18550847696291148,0.04148095648915238,0.35,0.15817920583004833,0.035369945686291905
voter,rho_1_over_3pi,0.10000000000000001,150,20,0.45498643394655225,0.2261382592115766,0.05056605199105532,0.41818181818181815,0.16363636363636364,0.03659020326817838
voter,rho_1_over_3pi,0.10000000000000001,200,20,0.48067016343644325,0.21655625590428998,0.04842345091548326,0.4409090909090909,0.16077035621661268,0.03594934452672018
voter,rho_1_over_3pi,0.10000000000000001,250,20,0.5125030263965603,0.23412771668495924,0.052352548992438054,0.48636363636363633,0.14164033137166257,0.03167174093026335
voter,rho_1_over_3pi,0.10000000000000001,300,20,0.5132001838025998,0.22756295165078483,0.05088462290516528,0.509090909090909,0.14200453956193917,0.03175318035740542
voter,rho_1_over_3pi,0.10000000000000001,350,20,0.5585665025601381,0.2166046141401862,0.04843426414575685,0.55,0.191719060990574,0.04286968529573516
voter,rho_1_over_3pi,0.10000000000000001,400,20,0.6073868216834293,0.22165175454381847,0.049562839049207594,0.5772727272727273,0.15817920583004833,0.035369945686291905
voter,rho_1_over_3pi,0.10000000000000001,450,20,0.591927760416114,0.2504584835147081,0.056004219468039775,0.5727272727272728,0.1440270865250442,0.03220543560712428
voter,rho_1_over_3pi,0.10000000000000001,500,20,0.6150736143212645,0.2179878327357892,0.04874356122650786,0.5727272727272728,0.13816985594155148,0.030895719032666233
voter,rho_1_over_3pi,0.10000000000000001,550,20,0.6276684852998888,0.22831596474977328,0.05105300175289388,0.5863636363636363,0.14509899726829426,0.032445122135896225
voter,rho_1_over_3pi,0.10000000000000001,600,20,0.6408005780399428,0.23568459606995512,0.05270067780619994,0.6045454545454545,0.18691713813592808,0.04179594270316535
voter,rho_1_over_3pi,0.10000000000000001,650,20,0.6581536105362217,0.2683709081765065,0.06000955938660226,0.6363636363636364,0.21125363706585912,0.047237749297333015
voter,rho_1_over_3pi,0.10000000000000001,700,20,0.6767605098989683,0.2701414539248414,0.06040546545165727,0.6454545454545454,0.21105794120443455,0.04719399037242695
voter,rho_1_over_3pi,0.10000000000000001,750,20,0.6877532067448202,0.2959591576615061,0.06617847950947053,0.6363636363636364,0.19917183909278768,0.044536177141512326
voter,rho_1_over_3pi,0.10000000000000001,800,20,0.698419251361625,0.276278329363064,0.06177771251658873,0.6772727272727272,0.20625547826433505,0.04612012701307835
voter,rho_1_over_3pi,0.10000000000000001,850,20,0.7173325369592782,0.2704761820754689,0.060480312941535865,0.6954545454545454,0.182442111276268,0.040795296277231614
voter,rho_1_over_3pi,0.10000000000000001,900,20,0.7128282161968473,0.2782952158858472,0.06222870205337337,0.7045454545454545,0.19257927422104418,0.04306203482158276
voter,rho_1_over_3pi,0.10000000000000001,950,20,0.7449700036194958,0.25295521633111107,0.056562505897952926,0.7318181818181818,0.20424219944237249,0.045669944182721446
voter,rho_1_over_3pi,0.10000000000000001,1000,20,0.7364588315509771,0.25386607547238504,0.0567661801937345,0.6954545454545454,0.21565774844139016,0.04822253853894977
voter,rho_1_over_3pi,0.10000000000000001,1050,20,0.7383746165929057,0.25569977839627445,0.057176208632570176,0.7045454545454545,0.20904149613758036,0.04674309954818894
voter,rho_1_over_3pi,0.10000000000000001,1100,20,0.7033769641379423,0.23923316677284887,0.0534941623376634,0.7136363636363636,0.1997415685701803,0.04466357252553586
voter,rho_1_over_3pi,0.10000000000000001,1150,20,0.6893792964621758,0.2783142950220692,0.062232968277927805,0.6863636363636363,0.22356059322468977,0.04998966835405852
voter,rho_1_over_3pi,0.10000000000000001,1200,20,0.7219471795961199,0.24007543653871147,0.05368249958284956,0.6772727272727272,0.21022420145176687,0.04700756049617607
voter,rho_1_over_3pi,0.10000000000000001,1250,20,0.72843804952384,0.22968781632823435,0.051359757091341815,0.6772727272727272,0.19807962335909934,0.044291950278850134
voter,rho_1_over_3pi,0.10000000000000001,1300,20,0.7210771714704698,0.22773763663217128,0.05092368365446812,0.7,0.22471285626015047,0.05024732220158356
voter,rho_1_over_3pi,0.10000000000000001,1350,20,0.7601393689330143,0.2578730146410563,0.05766215903002003,0.7227272727272728,0.24133752640833245,0.0539647114570682
voter,rho_1_over_3pi,0.10000000000000001,1400,20,0.7902616049692529,0.25362352160712515,0.05671194350064185,0.7363636363636363,0.23862554088012158,0.053358293057560686
voter,rho_1_over_3pi,0.10000000000000001,1450,20,0.8035057662893974,0.24392411122708485,0.05454308940549813,0.7318181818181818,0.22722726818090888,0.05080956179940872
voter,rho_1_over_3pi,0.10000000000000001,1500,20,0.8120036581111914,0.22037305629373816,0.04927691342821863,0.6636363636363637,0.22654428717049296,0.050656842602745576
voter,rho_1_over_3pi,0.10000000000000001,1550,20,0.8351190749806776,0.20121918329791527,0.04499397722311289,0.6954545454545454,0.21565774844139016,0.04822253853894977
voter,rho_1_over_3pi,0.10000000000000001,1600,20,0.8376497920758681,0.19519045508980892,0.043645912613993254,0.6681818181818182,0.20983070704697804,0.046919572472388704
voter,rho_1_over_3pi,0.10000000000000001,1650,20,0.8286635007567915,0.22150497691545934,0.04953001857374888,0.6863636363636363,0.20220887654122932,0.04521527936000513
voter,rho_1_over_3pi,0.10000000000000001,1700,20,0.8146890143507275,0.21474236080018844,0.04801785163980075,0.6681818181818182,0.1934356620995747,0.043253528972732866
voter,rho_1_over_3pi,0.10000000000000001,1750,20,0.834392137544356,0.21637811055575892,0.04838361640456417,0.7181818181818181,0.2030755263971698,0.04540906815906246
voter,rho_1_over_3pi,0.10000000000000001,1800,20,0.8071930351616589,0.2278825793752676,0.05095609383710899,0.6772727272727272,0.20424219944237249,0.045669944182721446
voter,rho_1_over_3pi,0.10000000000000001,1850,20,0.8439406631247579,0.20984787449653192,0.04692341123080898,0.6772727272727272,0.2179449471770337,0.04873397172404482
voter,rho_1_over_3pi,0.10000000000000001,1900,20,0.8470220593822232,0.21392341010924357,0.04783472869828343,0.6909090909090909,0.22890324203662132,0.051184320946397265
voter,rho_1_over_3pi,0.10000000000000001,1950,20,0.8446717586391941,0.22335010645443704,0.049942602081393575,0.6909090909090909,0.22890324203662132,0.051184320946397265
voter,rho_1_over_3pi,0.10000000000000001,2000,20,0.8491686239727446,0.2047797720066364,0.04579014906237475,0.6545454545454545,0.22379152045620312,0.05004130525281049
voter,rho_1_over_3pi,0.10000000000000001,2050,20,0.8602522681076176,0.17042211546639868,0.03810754350521857,0.6863636363636363,0.2562846428910991,0.05730698830937558
voter,rho_1_over_3pi,0.10000000000000001,2100,20,0.8737615251273969,0.15601582059588448,0.03488619804178094,0.6772727272727272,0.23438860153370433,0.05241088461804743
voter,rho_1_over_3pi,0.10000000000000001,2150,20,0.8621615876505222,0.17620156671947576,0.03939986809267124,0.6772727272727272,0.23438860153370433,0.05241088461804743
voter,rho_1_over_3pi,0.10000000000000001,2200,20,0.8590972021052329,0.1924911696970843,0.04304233405111281,0.7090909090909091,0.2162795864249149,0.04836158573916504
voter,rho_1_over_3pi,0.10000000000000001,2250,20,0.8495952707619738,0.1837963975308866,0.0410981238898637,0.7,0.2075038583729696,0.0463992732915449
voter,rho_1_over_3pi,0.10000000000000001,2300,20,0.8600312002034661,0.14956126713028275,0.033442916010431714,0.7136363636363636,0.1997415685701803,0.04466357252553586
voter,rho_1_over_3pi,0.10000000000000001,2350,20,0.8791123655845885,0.12987254627653053,0.029040384188530943,0.7272727272727273,0.20928844424038798,0.04679831882266818
voter,rho_1_over_3pi,0.10000000000000001,2400,20,0.8692383222493918,0.15010016538429996,0.03356341732332555,0.7090909090909091,0.22193737483152187,0.04962670568711338
voter,rho_1_over_3pi,0.10000000000000001,2450,20,0.8462818070842907,0.17649898354467553,0.03946637251655113,0.7090909090909091,0.22193737483152187,0.04962670568711338
voter,rho_1_over_3pi,0.10000000000000001,2500,20,0.8413918392116961,0.21160674912337676,0.047316707553761446,0.7454545454545454,0.22926400387124532,0.05126498974498794
voter,rho_1_over_3pi,0.10000000000000001,2550,20,0.8427892004736078,0.191383178064409,0.04279457959019651,0.7272727272727273,0.22268088570756164,0.049792959773196914
voter,rho_1_over_3pi,0.10000000000000001,2600,20,0.826480813145932,0.18606784444706287,0.041606034861048934,0.7227272727272728,0.21218072758152376,0.047445053038765166
voter,rho_1_over_3pi,0.10000000000000001,2650,20,0.8506310181438099,0.19906030805819758,0.044511238044017895,0.740909090909091,0.21565774844139016,0.04822253853894977
voter,rho_1_over_3pi,0.10000000000000001,2700,20,0.8709457454814922,0.15163517734633247,0.03390665643266356,0.7636363636363637,0.2178027009220171,0.04870216449446863
voter,rho_1_over_3pi,0.10000000000000001,2750,20,0.8529846739976843,0.1869626274674018,0.04180611442690797,0.7454545454545454,0.2162795864249149,0.04836158573916504
voter,rho_1_over_3pi,0.10000000000000001,2800,20,0.8518587946581683,0.17808774831163635,0.039821631118469224,0.7681818181818182,0.191719060990574,0.04286968529573516
voter,rho_1_over_3pi,0.10000000000000001,2850,20,0.8389237525701715,0.18481140676497312,0.041325086854384435,0.7772727272727272,0.20424219944237249,0.045669944182721446
voter,rho_1_over_3pi,0.10000000000000001,2900,20,0.8740966029196583,0.16087379653000683,0.035972474483956504,0.8454545454545455,0.19519009594167172,0.04364583230602838
voter,rho_1_over_3pi,0.10000000000000001,2950,20,0.8702480114355613,0.20616235483267084,0.04609930398072842,0.8090909090909092,0.20103040352269075,0.04495176478209497
voter,rho_1_over_3pi,0.10000000000000001,3000,20,0.923459709165995,0.14116218622326404,0.031564824424770266,0.8,0.18982375470746454,0.04244588192701364
voter,rho_1_over_3pi,0.14999999999999999,0,20,0.2339385133385516,0.10669467394390547,0.02385765437757482,0.20909090909090908,0.0867217455833587,0.01939157182518322
voter,rho_1_over_3pi,0.14999999999999999,50,20,0.32447385809698803,0.14473538934905905,0.0323638169334395,0.30454545454545456,0.10072054457345608,0.022521798439704536
voter,rho_1_over_3pi,0.14999999999999999,100,20,0.3736439679631306,0.16360227260456464,0.036582580281725806,0.3727272727272727,0.11818181818181817,0.026426257915906602
voter,rho_1_over_3pi,0.14999999999999999,150,20,0.4025294875403337,0.1783775681160085,0.03988643679684941,0.37727272727272726,0.1228955075872343,0.027480270909439705
voter,rho_1_over_3pi,0.14999999999999999,200,20,0.46601275219163796,0.19704863996301883,0.044061415383119175,0.42272727272727273,0.14735968252224843,0.03295062672625351
voter,rho_1_over_3pi,0.14999999999999999,250,20,0.5109040721900425,0.1863229951305191,0.0416630882883203,0.44545454545454544,0.14630433581300983,0.032714644028084695
voter,rho_1_over_3pi,0.14999999999999999,300,20,0.5297242110775191,0.18310794032651628,0.04094418017900654,0.5,0.1587659017870271,0.035501134890484794
voter,rho_1_over_3pi,0.14999999999999999,350,20,0.5808098488077299,0.19755684337217458,0.04417505312004611,0.45,0.14509899726829426,0.032445122135896225
voter,rho_1_over_3pi,0.14999999999999999,400,20,0.5992866878790377,0.17834032057594382,0.03987810799369148,0.44545454545454544,0.13453316897226128,0.030082531105044174
voter,rho_1_over_3pi,0.14999999999999999,450,20,0.6380866381403429,0.1877584749975942,0.04198407134463153,0.4727272727272728,0.14545454545454545,0.03252462512726967
voter,rho_1_over_3pi,0.14999999999999999,500,20,0.6472094305072927,0.22808018500792965,0.05100027979984591,0.5181818181818182,0.165394594533275,0.0369833556487418
voter,rho_1_over_3pi,0.14999999999999999,550,20,0.6450553433739576,0.2631643579219148,0.05884533935684867,0.5136363636363637,0.16830462346885108,0.037634057900385744
voter,rho_1_over_3pi,0.14999999999999999,600,20,0.6177869823305924,0.26275900920233153,0.05875470062769061,0.4818181818181818,0.1523914055840019,0.03407575420725693
voter,rho_1_over_3pi,0.14999999999999999,650,20,0.6866457730887041,0.19971048198316113,0.04465662135335953,0.5136363636363637,0.1801629198418765,0.040285653579128146
voter,rho_1_over_3pi,0.14999999999999999,700,20,0.6669992843902018,0.21188957742927747,0.04737994988555695,0.5272727272727272,0.1983402202661039,0.04435022151872897
voter,rho_1_over_3pi,0.14999999999999999,750,20,0.6816269504321385,0.21836124371208776,0.04882705845916267,0.55,0.187358762232045,0.041894692853107283
voter,rho_1_over_3pi,0.14999999999999999,800,20,0.7120173152916021,0.24447472920448937,0.054666211328209126,0.6318181818181818,0.22722726818090888,0.05080956179940872
voter,rho_1_over_3pi,0.14999999999999999,850,20,0.7622750726743516,0.2200688620210488,0.049208893521008684,0.6545454545454545,0.22745447278539643,0.05086036629345223
voter,rho_1_over_3pi,0.14999999999999999,900,20,0.7590745124978397,0.22176548776157212,0.04958827056982729,0.6409090909090909,0.20824929434464196,0.04656595784209819
voter,rho_1_over_3pi,0.14999999999999999,950,20,0.7609017951142272,0.19815847413365767,0.04430958184804923,0.6409090909090909,0.20824929434464196,0.04656595784209819
voter,rho_1_over_3pi,0.14999999999999999,1000,20,0.7372193189332568,0.1983366408053672,0.044349421126975964,0.65,0.17551576887552567,0.03924651903288172
voter,rho_1_over_3pi,0.14999999999999999,1050,20,0.7315723545300018,0.21853873347776714,0.04886674637729963,0.6045454545454545,0.1801629198418765,0.040285653579128146
voter,rho_1_over_3pi,0.14999999999999999,1100,20,0.7417090933101717,0.21076203773704175,0.047127824345640126,0.5954545454545455,0.18289454126118826,0.0408964626973657
voter,rho_1_over_3pi,0.14999999999999999,1150,20,0.7744361829971808,0.19518881412692307,0.043645545683537124,0.6,0.18719327529067273,0.04185768884807759
voter,rho_1_over_3pi,0.14999999999999999,1200,20,0.7520188812707573,0.22388729649576675,0.050062721426318485,0.6409090909090909,0.19598237397554635,0.043822991060110734
voter,rho_1_over_3pi,0.14999999999999999,1250,20,0.7682547393896081,0.2234993833595927,0.04997598141213346,0.6681818181818182,0.18691713813592808,0.04179594270316535
voter,rho_1_over_3pi,0.14999999999999999,1300,20,0.7366073427891647,0.22722955831616368,0.05081007388921946,0.6727272727272727,0.20205555246266246,0.04518099505377883
voter,rho_1_over_3pi,0.14999999999999999,1350,20,0.698411315996457,0.22119735546613287,0.04946123232654578,0.65,0.20983070704697804,0.046919572472388704
voter,rho_1_over_3pi,0.14999999999999999,1400,20,0.6774885539591802,0.2559676789033328,0.05723611300706909,0.6318181818181818,0.21983276889715905,0.04915610149360491
voter,rho_1_over_3pi,0.14999999999999999,1450,20,0.6590549644272049,0.22143322296910947,0.04951397390357966,0.6409090909090909,0.21983276889715905,0.04915610149360491
voter,rho_1_over_3pi,0.14999999999999999,1500,20,0.606913943988638,0.24738396240405924,0.05531673564787287,0.6409090909090909,0.21604062978756627,0.048308153410686415
voter,rho_1_over_3pi,0.14999999999999999,1550,20,0.6358904834190848,0.23289078377413122,0.052075962385216244,0.6454545454545454,0.2090909090909091,0.04675414862045015
voter,rho_1_over_3pi,0.14999999999999999,1600,20,0.6334176673489458,0.23763706094799075,0.05313726222529679,0.6590909090909091,0.22613350843332272,0.050564989684743156
voter,rho_1_over_3pi,0.14999999999999999,1650,20,0.6827468949646202,0.2804570316027235,0.06271209874314965,0.7136363636363636,0.25107208144802684,0.05614142413701518
voter,rho_1_over_3pi,0.14999999999999999,1700,20,0.681277292605641,0.269327619742679,0.06022348659628446,0.7136363636363636,0.2575713012092216,0.05759469385568933
voter,rho_1_over_3pi,0.14999999999999999,1750,20,0.7218460240879283,0.28897375375503875,0.06461649571095518,0.7090909090909091,0.2564861087211979,0.057352037438500016
voter,rho_1_over_3pi,0.14999999999999999,1800,20,0.7096999324373805,0.31090624242862525,0.06952074926994353,0.7227272727272728,0.24473801138130552,0.054725083012671635
voter,rho_1_over_3pi,0.14999999999999999,1850,20,0.7529855422303681,0.26599427948501964,0.059478129055458163,0.7045454545454546,0.2297591264745475,0.05137570252480598
voter,rho_1_over_3pi,0.14999999999999999,1900,20,0.7569267996300681,0.2539038952235177,0.05677463694717697,0.7363636363636363,0.24035098302549612,0.05374411365039074
voter,rho_1_over_3pi,0.14999999999999999,1950,20,0.7555157849004746,0.2756321939397895,0.061633232243677484,0.7181818181818181,0.23337268459988067,0.052183718685695143
voter,rho_1_over_3pi,0.14999999999999999,2000,20,0.7495531518222396,0.2708276622006655,0.06055890628680383,0.75,0.21680436395839675,0.04847892956295805
voter,rho_1_over_3pi,0.14999999999999999,2050,20,0.7437820396479664,0.265619638154847,0.059394356707313474,0.7636363636363637,0.22342192231717287,0.049958660596487584
voter,rho_1_over_3pi,0.14999999999999999,2100,20,0.7908304833458442,0.25910620116056154,0.05793790791867505,0.7681818181818182,0.23438860153370433,0.05241088461804743
voter,rho_1_over_3pi,0.14999999999999999,2150,20,0.7915707034792341,0.24232651139782102,0.05418585522359053,0.75,0.24372284760826382,0.05449808549218999
voter,rho_1_over_3pi,0.14999999999999999,2200,20,0.7786430173489901,0.2549663959434541,0.057012219330769,0.7545454545454546,0.24579101517446864,0.05496054181887942
voter,rho_1_over_3pi,0.14999999999999999,2250,20,0.7783671809167878,0.25700705957737463,0.057468525591234804,0.7363636363636363,0.21874926210029028,0.04891382200841674
voter,rho_1_over_3pi,0.14999999999999999,2300,20,0.8014634222052084,0.22550914836612856,0.05042537852947491,0.7636363636363637,0.23248567004626222,0.0519853762018029
voter,rho_1_over_3pi,0.14999999999999999,2350,20,0.84237792139993,0.1819452196232416,0.04068418792586968,0.75,0.25853209273745226,0.05780953337262229
voter,rho_1_over_3pi,0.14999999999999999,2400,20,0.8462420856516978,0.16476450798346812,0.03684246401303415,0.7818181818181819,0.2446113463104311,0.05469675984178663
voter,rho_1_over_3pi,0.14999999999999999,2450,20,0.8508991138821609,0.15203890392512065,0.03399693244011293,0.7636363636363637,0.2394898158603544,0.053551550818265965
voter,rho_1_over_3pi,0.14999999999999999,2500,20,0.838052979722911,0.1668647075701135,0.03731208291723975,0.7909090909090909,0.22654428717049296,0.050656842602745576
voter,rho_1_over_3pi,0.14999999999999999,2550,20,0.8525946292427609,0.16604448702064006,0.03712867602672327,0.759090909090909,0.2175654171595331,0.048649106232181515
voter,rho_1_over_3pi,0.14999999999999999,2600,20,0.8351513331658907,0.185164037544374,0.041403937493754345,0.7545454545454546,0.20750385837296959,0.04639927329154489
voter,rho_1_over_3pi,0.14999999999999999,2650,20,0.8390490833723568,0.19252371207522145,0.043049610748079226,0.7954545454545455,0.2110089888806393,0.04718304430006067
voter,rho_1_over_3pi,0.14999999999999999,2700,20,0.8845445290653343,0.16567569779206834,0.03704621224827766,0.7863636363636364,0.2137330535547045,0.04779216367869223
voter,rho_1_over_3pi,0.14999999999999999,2750,20,0.8836587857436429,0.1565647575467277,0.03500894407552563,0.7772727272727272,0.22903859431534768,0.05121458663601143
voter,rho_1_over_3pi,0.14999999999999999,2800,20,0.8773893413733888,0.16204170608007998,0.03623362699850998,0.7772727272727272,0.22903859431534768,0.05121458663601143
voter,rho_1_over_3pi,0.14999999999999999,2850,20,0.8554867741085206,0.18951512642356375,0.04237687054475551,0.7454545454545454,0.23460887091934438,0.05246013835001276
voter,rho_1_over_3pi,0.14999999999999999,2900,20,0.833433460839041,0.21554123340887035,0.048196484985638284,0.7454545454545454,0.20650575802910087,0.04617609126981925
voter,rho_1_over_3pi,0.14999999999999999,2950,20,0.8109446788306729,0.2575187962759378,0.057582953395691666,0.740909090909091,0.20179975345839193,0.04512379665756626
voter,rho_1_over_3pi,0.14999999999999999,3000,20,0.8249967516839671,0.24074727683773306,0.05383272764071317,0.7727272727272727,0.20225995873897262,0.04522670168666454
voter,rho_1_over_3pi,0.20000000000000001,0,20,0.2634212487217275,0.13432706100211592,0.03003644396184922,0.2,0.07925270806437587,0.017721444263289022
voter,rho_1_over_3pi,0.20000000000000001,50,20,0.2648902924592969,0.11587316183314617,0.025910026662674897,0.2727272727272727,0.08624393618641034,0.01928473039599675
voter,rho_1_over_3pi,0.20000000000000001,100,20,0.2635351002850915,0.16107871176446112,0.03601829492334301,0.35,0.09215061333051497,0.020605503557532975
voter,rho_1_over_3pi,0.20000000000000001,150,20,0.38563750814568903,0.2009134449090889,0.04492561204103818,0.42727272727272725,0.10794856442761742,0.024138032813366822
voter,rho_1_over_3pi,0.20000000000000001,200,20,0.48351528278706163,0.24785579292574356,0.055422240159907404,0.5136363636363637,0.12944573514452856,0.028944946318059942
voter,rho_1_over_3pi,0.20000000000000001,250,20,0.5645036902639979,0.23248086197461507,0.05198430108429852,0.5681818181818181,0.1769227314184415,0.039561125421657295
voter,rho_1_over_3pi,0.20000000000000001,300,20,0.5839287779540564,0.2046919626963204,0.045770514303682355,0.6045454545454545,0.17785452315012593,0.039769480386949156
voter,rho_1_over_3pi,0.20000000000000001,350,20,0.6253849535881137,0.20100295218008637,0.04494562647528127,0.6090909090909091,0.14965525121049392,0.03346393148964721
voter,rho_1_over_3pi,0.20000000000000001,400,20,0.6483057754438497,0.17604735244023398,0.039365384731522665,0.5681818181818181,0.15178007142785457,0.03393905573424564
voter,rho_1_over_3pi,0.20000000000000001,450,20,0.5945056644983777,0.2169350912417798,0.048508161072173886,0.5863636363636363,0.13322137172502588,0.02978920432329263
voter,rho_1_over_3pi,0.20000000000000001,500,20,0.6037386183895878,0.19064441566606594,0.04262938729600493,0.5272727272727272,0.17391933154280903,0.038889544793104434
voter,rho_1_over_3pi,0.20000000000000001,550,20,0.6294525779047606,0.16234203346654405,0.03630078224367383,0.5545454545454545,0.19476622986935047,0.04355105297092176
voter,rho_1_over_3pi,0.20000000000000001,600,20,0.682400136034198,0.168950223752289,0.037778418512391776,0.5409090909090909,0.16128359090191066,0.036064107291193886
voter,rho_1_over_3pi,0.20000000000000001,650,20,0.711277588677239,0.1635684048611402,0.03657500722407165,0.5409090909090909,0.17598600620550853,0.039351667296421686
voter,rho_1_over_3pi,0.20000000000000001,700,20,0.6561156610172671,0.1813832926047711,0.040558537224700306,0.5545454545454545,0.17930075384832744,0.040092867402181716
voter,rho_1_over_3pi,0.20000000000000001,750,20,0.678194040193644,0.21950897927837681,0.04908369993380433,0.5727272727272728,0.17272727272727273,0.03862299233863273
voter,rho_1_over_3pi,0.20000000000000001,800,20,0.6728626625652875,0.2614913718510692,0.05847124829886657,0.6272727272727272,0.2090909090909091,0.04675414862045015
voter,rho_1_over_3pi,0.20000000000000001,850,20,0.6710945178758446,0.2543823729953947,0.056881627829540926,0.6545454545454545,0.22926400387124532,0.05126498974498794
voter,rho_1_over_3pi,0.20000000000000001,900,20,0.684639912037538,0.2293905599312145,0.051293288540293504,0.6409090909090909,0.21411937660570687,0.047878548139023876
voter,rho_1_over_3pi,0.20000000000000001,950,20,0.6429314407202946,0.2500963923456279,0.055923253421228204,0.6863636363636363,0.22356059322468977,0.04998966835405852
voter,rho_1_over_3pi,0.20000000000000001,1000,20,0.6852408281021696,0.269751245774352,0.060318212256670396,0.7,0.23723615183090707,0.05304761622143694
voter,rho_1_over_3pi,0.20000000000000001,1050,20,0.6979604208596656,0.24818723586384997,0.05549635305393422,0.6727272727272727,0.21589712885523488,0.04827606562673365
voter,rho_1_over_3pi,0.20000000000000001,1100,20,0.6825340018260702,0.27127257086759893,0.06065839088910803,0.6590909090909091,0.227953525783997,0.05097195793637683
voter,rho_1_over_3pi,0.20000000000000001,1150,20,0.735518159843799,0.26321006467659963,0.058855559697899296,0.6590909090909091,0.20904149613758036,0.04674309954818894
voter,rho_1_over_3pi,0.20000000000000001,1200,20,0.7316835641352933,0.23554142104508616,0.05266866289737122,0.6318181818181818,0.20424219944237249,0.045669944182721446
voter,rho_1_over_3pi,0.20000000000000001,1250,20,0.7293806132005443,0.22033459388320822,0.049268312971766294,0.6227272727272728,0.16583123951777,0.03708099243547832
voter,rho_1_over_3pi,0.20000000000000001,1300,20,0.7257025201877042,0.18826945903386363,0.04209833084868309,0.65,0.1846931786719095,0.0412986502490904
voter,rho_1_over_3pi,0.20000000000000001,1350,20,0.7190575914940092,0.18682148310085578,0.04177455358708417,0.6772727272727272,0.15870082045541903,0.035486582262330604
voter,rho_1_over_3pi,0.20000000000000001,1400,20,0.7261048659805985,0.21931443223564373,0.049040197892567056,0.6818181818181819,0.16885614200915192,0.03775738119508216
voter,rho_1_over_3pi,0.20000000000000001,1450,20,0.740185158327996,0.2045068314501086,0.045729117698553465,0.7227272727272728,0.17362208413440255,0.038823078251971184
voter,rho_1_over_3pi,0.20000000000000001,1500,20,0.7384610428972643,0.2216824106237965,0.04956969395708306,0.7181818181818181,0.17930075384832747,0.04009286740218172
voter,rho_1_over_3pi,0.20000000000000001,1550,20,0.7204163399536373,0.2304772157601378,0.051536272170455394,0.6954545454545455,0.17074218155448137,0.038179112458243104
voter,rho_1_over_3pi,0.20000000000000001,1600,20,0.7090049748257112,0.23682846535021196,0.052956454753002744,0.6909090909090909,0.17580981459830652,0.039312269655344824
voter,rho_1_over_3pi,0.20000000000000001,1650,20,0.7317597476643903,0.22578954998020997,0.050488078236483575,0.7363636363636363,0.18385225832869714,0.041110614743981866
voter,rho_1_over_3pi,0.20000000000000001,1700,20,0.7615174120927861,0.21498844123003957,0.048072876896708694,0.7727272727272727,0.19177293736117262,0.04288173241843911
voter,rho_1_over_3pi,0.20000000000000001,1750,20,0.7270694715167314,0.24573621034014012,0.054948287085374,0.6863636363636363,0.1806210589664139,0.04038809660168993
voter,rho_1_over_3pi,0.20000000000000001,1800,20,0.7379628462406049,0.26050205722698877,0.058250030823808724,0.6818181818181819,0.16388869433927225,0.03664662612862977
voter,rho_1_over_3pi,0.20000000000000001,1850,20,0.7532287161597788,0.2257944277391834,0.05048916893654782,0.7090909090909091,0.1962457558629355,0.04388188504053517
voter,rho_1_over_3pi,0.20000000000000001,1900,20,0.7602670358851731,0.2383046058766793,0.053286529809155075,0.7454545454545454,0.21242402628268953,0.04749945628222957
voter,rho_1_over_3pi,0.20000000000000001,1950,20,0.7479627447601813,0.2719199120098006,0.060803140768967555,0.7227272727272728,0.21022420145176687,0.04700756049617607
voter,rho_1_over_3pi,0.20000000000000001,2000,20,0.7010670154873708,0.28258412565119917,0.06318773143184234,0.7,0.20550281009922391,0.045951825294909494
voter,rho_1_over_3pi,0.20000000000000001,2050,20,0.6976991149553122,0.2726323960093197,0.060962457034548126,0.7,0.20550281009922391,0.045951825294909494
voter,rho_1_over_3pi,0.20000000000000001,2100,20,0.7251670286799144,0.2464910564230049,0.05511707580075751,0.7227272727272728,0.21218072758152376,0.047445053038765166
voter,rho_1_over_3pi,0.20000000000000001,2150,20,0.7529383711440392,0.2375149882827891,0.053109965947538244,0.7272727272727273,0.2263618108725224,0.050616039662091106
voter,rho_1_over_3pi,0.20000000000000001,2200,20,0.7138775245127612,0.2834246171483982,0.06337567104406709,0.6954545454545454,0.2375407750991622,0.053115732054971596
voter,rho_1_over_3pi,0.20000000000000001,2250,20,0.7114670976812465,0.3098429448633239,0.06928298870631115,0.6909090909090909,0.2270908363053963,0.05077905470461433
voter,rho_1_over_3pi,0.20000000000000001,2300,20,0.7382291449024572,0.30295210737813183,0.06774215060243183,0.7227272727272728,0.23083570773808404,0.05161643341366301
voter,rho_1_over_3pi,0.20000000000000001,2350,20,0.6966171446806019,0.32696618035210256,0.07311186056107574,0.7227272727272728,0.21604062978756627,0.048308153410686415
voter,rho_1_over_3pi,0.20000000000000001,2400,20,0.730126875224509,0.28649067404326234,0.0640612622080469,0.7363636363636363,0.21300680934290878,0.04762977053610813
voter,rho_1_over_3pi,0.20000000000000001,2450,20,0.7493605699548218,0.28734770360378814,0.06425289984365315,0.7272727272727273,0.20327890704543544,0.045454545454545456
voter,rho_1_over_3pi,0.20000000000000001,2500,20,0.7665980562511916,0.2568887996149166,0.05744208185972753,0.7227272727272728,0.18955144965448223,0.042384992666105126
voter,rho_1_over_3pi,0.20000000000000001,2550,20,0.7595045235877466,0.23379990386770258,0.05227924781810989,0.7545454545454546,0.19090909090909092,0.042688570479541436
voter,rho_1_over_3pi,0.20000000000000001,2600,20,0.7708695605833052,0.24541228826393024,0.054875855907192184,0.75,0.1769227314184415,0.039561125421657295
voter,rho_1_over_3pi,0.20000000000000001,2650,20,0.799255823061134,0.22626246451733847,0.050593825141740295,0.7636363636363637,0.16861124537264918,0.03770262064241404
voter,rho_1_over_3pi,0.20000000000000001,2700,20,0.7921584265206782,0.2040953200875862,0.04563710096054211,0.75,0.1745714942697411,0.03903537281208561
voter,rho_1_over_3pi,0.20000000000000001,2750,20,0.7816256683696272,0.24550792125495843,0.05489724009407525,0.7272727272727273,0.1795310696193773,0.040144367574217486
voter,rho_1_over_3pi,0.20000000000000001,2800,20,0.7762995067430303,0.2786924611249167,0.06231752878920312,0.7727272727272727,0.19603507866225298,0.043834776186331616
voter,rho_1_over_3pi,0.20000000000000001,2850,20,0.7952369552483173,0.26456747893059146,0.059159086752454584,0.7818181818181819,0.21397458719890583,0.04784617224342097
voter,rho_1_over_3pi,0.20000000000000001,2900,20,0.8045758075044788,0.24673307454053542,0.05517119269701599,0.7727272727272727,0.20429277322040212,0.04568125282327678
voter,rho_1_over_3pi,0.20000000000000001,2950,20,0.8204019098661508,0.23040842114232343,0.051520889226263494,0.7818181818181819,0.19792310051888404,0.044256950707774856
voter,rho_1_over_3pi,0.20000000000000001,3000,20,0.8156020332605266,0.23699774431857873,0.052994306681045655,0.7636363636363637,0.20810042076835633,0.04653266869843538
voter,rho_1_over_3pi,0.29999999999999999,0,20,0.2248328313468521,0.0956438872785175,0.021386623358709247,0.17727272727272728,0.05359011873887089,0.01198311484224006
voter,rho_1_over_3pi,0.29999999999999999,50,20,0.25710955320074347,0.09172776808892802,0.0205109524871179,0.25,0.06347381838076792,0.01419317726908727
voter,rho_1_over_3pi,0.29999999999999999,100,20,0.32631368256852117,0.14992920119562578,0.0335251885685662,0.3136363636363636,0.12686623397229876,0.02836815232114532
voter,rho_1_over_3pi,0.29999999999999999,150,20,0.3770887717856258,0.16113539541310545,0.036030969772501156,0.40909090909090906,0.18741389207353001,0.04190702026042221
voter,rho_1_over_3pi,0.29999999999999999,200,20,0.4067747109679254,0.22673640380125157,0.05069980118734402,0.4636363636363637,0.2030755263971698,0.04540906815906246
voter,rho_1_over_3pi,0.29999999999999999,250,20,0.4701510341816058,0.2235857750395131,0.0499952991790327,0.5181818181818182,0.23372654785786257,0.052262844915653854
voter,rho_1_over_3pi,0.29999999999999999,300,20,0.4946520717409437,0.2161953409617783,0.04834274788092811,0.5545454545454545,0.23513667557050114,0.052578159057895466
voter,rho_1_over_3pi,0.29999999999999999,350,20,0.5195759787582002,0.22194104306377282,0.04962752592878042,0.55,0.20424219944237246,0.045669944182721446
voter,rho_1_over_3pi,0.29999999999999999,400,20,0.5506281182892752,0.25482662339174744,0.056980965238068525,0.5772727272727273,0.1997415685701803,0.04466357252553586
voter,rho_1_over_3pi,0.29999999999999999,450,20,0.5542199916949104,0.2948480811241353,0.06593003524289391,0.5863636363636363,0.20220887654122932,0.04521527936000513
voter,rho_1_over_3pi,0.29999999999999999,500,20,0.6214140006508905,0.28683333107287257,0.06413788264916458,0.6318181818181818,0.19807962335909932,0.04429195027885013
voter,rho_1_over_3pi,0.29999999999999999,550,20,0.6471158091563367,0.23474489403997445,0.05249055404443681,0.6090909090909091,0.162877026065172,0.03642041022547297
voter,rho_1_over_3pi,0.29999999999999999,600,20,0.6602098596522239,0.24539480191354243,0.054871945840377634,0.65,0.173145426861281,0.038716494445504235
voter,rho_1_over_3pi,0.29999999999999999,650,20,0.6476539153183539,0.23306224655787502,0.05211430262922249,0.6090909090909091,0.17031812722904724,0.03808429102846075
voter,rho_1_over_3pi,0.29999999999999999,700,20,0.6697696137954833,0.1668511026782731,0.03730904077094159,0.6045454545454546,0.16332040202928802,0.03651955210500826
voter,rho_1_over_3pi,0.29999999999999999,750,20,0.6796635088396362,0.1530912463097705,0.03423224335088106,0.5863636363636363,0.14509899726829428,0.03244512213589623
voter,rho_1_over_3pi,0.29999999999999999,800,20,0.6870667399943284,0.2071297668135595,0.046315623875879904,0.5863636363636363,0.16128359090191066,0.036064107291193886
voter,rho_1_over_3pi,0.29999999999999999,850,20,0.672116103977871,0.1990977294874614,0.04451960572998281,0.5863636363636363,0.16632885875938172,0.03719226348059389
voter,rho_1_over_3pi,0.29999999999999999,900,20,0.6516231912934674,0.19154340314801477,0.042830407008060824,0.6181818181818182,0.16910068397943886,0.03781206244197349
voter,rho_1_over_3pi,0.29999999999999999,950,20,0.6264598580481902,0.22290246753565288,0.049842506976215985,0.6090909090909091,0.18652985935166538,0.04170934453437986
voter,rho_1_over_3pi,0.29999999999999999,1000,20,0.6610015511057961,0.2466977450200155,0.055163292776066485,0.6181818181818182,0.2004127971368055,0.04481366379587723
voter,rho_1_over_3pi,0.29999999999999999,1050,20,0.6619391317488326,0.27765141821816486,0.062084744518504015,0.6181818181818182,0.18317674254190805,0.0409595648220684
voter,rho_1_over_3pi,0.29999999999999999,1100,20,0.6405577360311718,0.2696607272629896,0.060297971702207555,0.6090909090909091,0.17031812722904724,0.03808429102846075
voter,rho_1_over_3pi,0.29999999999999999,1150,20,0.6514008031883599,0.2399928783660059,0.053664039014222786,0.6227272727272728,0.1997415685701803,0.04466357252553586
voter,rho_1_over_3pi,0.29999999999999999,1200,20,0.6864547524785599,0.24691831081679605,0.055212612787577754,0.6136363636363636,0.20904149613758036,0.04674309954818894
voter,rho_1_over_3pi,0.29999999999999999,1250,20,0.6666281852968922,0.26413799629308055,0.059063051515191554,0.6363636363636364,0.20327890704543544,0.045454545454545456
voter,rho_1_over_3pi,0.29999999999999999,1300,20,0.6717864672381457,0.21836819587878517,0.048828613010895305,0.6681818181818182,0.23226338710984032,0.051935672226195134
voter,rho_1_over_3pi,0.29999999999999999,1350,20,0.717307025919923,0.23148108113065227,0.05176074329132823,0.759090909090909,0.24099483894202842,0.0538880842100989
voter,rho_1_over_3pi,0.29999999999999999,1400,20,0.7437509236372772,0.24441169225869924,0.05465211583862106,0.7272727272727273,0.20327890704543544,0.045454545454545456
voter,rho_1_over_3pi,0.29999999999999999,1450,20,0.7906771137020274,0.24399979855580595,0.054560013606703706,0.7090909090909091,0.2084971807487221,0.046621386927120305
voter,rho_1_over_3pi,0.29999999999999999,1500,20,0.7878265703183327,0.22438597282911865,0.05017422884433301,0.7,0.21532216876958205,0.04814750064314677
voter,rho_1_over_3pi,0.29999999999999999,1550,20,0.7953880004654337,0.1972365461684265,0.04410343248798773,0.740909090909091,0.182442111276268,0.040795296277231614
voter,rho_1_over_3pi,0.29999999999999999,1600,20,0.7836067892557841,0.15638508629255532,0.034968768361732426,0.7863636363636364,0.18691713813592808,0.04179594270316535
voter,rho_1_over_3pi,0.29999999999999999,1650,20,0.8522700621119832,0.1179060233849446,0.026364588324541596,0.7681818181818182,0.18514010776742093,0.041398586632959
voter,rho_1_over_3pi,0.29999999999999999,1700,20,0.8135584318347642,0.16371572465370504,0.03660794893113227,0.7454545454545454,0.2181818181818182,0.0487869376909045
voter,rho_1_over_3pi,0.29999999999999999,1750,20,0.7769752865429823,0.19857619421147546,0.04440298689700593,0.7318181818181818,0.21022420145176687,0.04700756049617607
voter,rho_1_over_3pi,0.29999999999999999,1800,20,0.7175138392285697,0.2700202920973198,0.06037837284339563,0.7,0.2172327844608822,0.04857472729960926
voter,rho_1_over_3pi,0.29999999999999999,1850,20,0.7597798118765786,0.25215886948890276,0.05638443733066842,0.7636363636363637,0.2446113463104311,0.05469675984178663
voter,rho_1_over_3pi,0.29999999999999999,1900,20,0.8199018103182361,0.20198427701352004,0.0451650573788379,0.740909090909091,0.24270343771295444,0.05427013850990522
voter,rho_1_over_3pi,0.29999999999999999,1950,20,0.7926359563982386,0.24542598260324383,0.054878918054553395,0.7136363636363636,0.23403573930647276,0.05233198222536926
voter,rho_1_over_3pi,0.29999999999999999,2000,20,0.7135439412254141,0.2562972896512305,0.057309816210910476,0.7227272727272728,0.23083570773808404,0.05161643341366301
voter,rho_1_over_3pi,0.29999999999999999,2050,20,0.8008921974479183,0.20274757745234379,0.04533573654568443,0.7318181818181818,0.19386243738305567,0.04334895882723089
voter,rho_1_over_3pi,0.29999999999999999,2100,20,0.745798432786908,0.2369342851204394,0.052980116772961945,0.7454545454545454,0.185418891403374,0.041460924549059565
voter,rho_1_over_3pi,0.29999999999999999,2150,20,0.7681236058013505,0.21533490043061887,0.04815034752910125,0.75,0.19891233170037334,0.04447814952450211
voter,rho_1_over_3pi,0.29999999999999999,2200,20,0.7117657825227213,0.27991801137616773,0.06259157015636704,0.759090909090909,0.18691713813592808,0.04179594270316535
voter,rho_1_over_3pi,0.29999999999999999,2250,20,0.7336980554850541,0.28687590827999754,0.06414740320210692,0.7772727272727272,0.20424219944237249,0.045669944182721446
voter,rho_1_over_3pi,0.29999999999999999,2300,20,0.7493360406551159,0.2656954370471071,0.05941130585488474,0.7954545454545454,0.183796060174143,0.041098048454602555
voter,rho_1_over_3pi,0.29999999999999999,2350,20,0.7995172229792537,0.18312855796334992,0.040948790422756086,0.7636363636363637,0.20610516452281152,0.046086515838678455
voter,rho_1_over_3pi,0.29999999999999999,2400,20,0.7628684082045356,0.23600054626958838,0.0527713264185884,0.7818181818181819,0.22156468376279892,0.04954336943068623
voter,rho_1_over_3pi,0.29999999999999999,2450,20,0.7606880188744636,0.2438734825176852,0.054531768481915065,0.75,0.21680436395839675,0.04847892956295805
voter,rho_1_over_3pi,0.29999999999999999,2500,20,0.7807814760621048,0.20482423917695222,0.04580009222393407,0.7727272727272727,0.21027333647673416,0.047018547421766366
voter,rho_1_over_3pi,0.29999999999999999,2550,20,0.7794403834203059,0.23495024102463372,0.05253647102610408,0.7454545454545455,0.20650575802910087,0.04617609126981925
voter,rho_1_over_3pi,0.29999999999999999,2600,20,0.8124198765645649,0.22142533023236843,0.04951220903399151,0.7545454545454546,0.21912674169443547,0.048998229011679516
voter,rho_1_over_3pi,0.29999999999999999,2650,20,0.7603925221271565,0.25642969272986255,0.057339422439335624,0.7454545454545454,0.21436047495548358,0.04793245936896025
voter,rho_1_over_3pi,0.29999999999999999,2700,20,0.7360610553520663,0.2236237385517213,0.05000378807842892,0.7545454545454546,0.2114491518111456,0.047281467723439434
voter,rho_1_over_3pi,0.29999999999999999,2750,20,0.7478040263069774,0.2147366679661401,0.04801657868340908,0.7136363636363636,0.18691713813592808,0.04179594270316535
voter,rho_1_over_3pi,0.29999999999999999,2800,20,0.7186221350910046,0.19853162092616386,0.044393020007412215,0.740909090909091,0.18691713813592808,0.04179594270316535
voter,rho_1_over_3pi,0.29999999999999999,2850,20,0.7471229955276019,0.22911735712282225,0.051232198535172614,0.7681818181818182,0.191719060990574,0.04286968529573516
voter,rho_1_over_3pi,0.29999999999999999,2900,20,0.7876124062275253,0.16768828758968155,0.03749624100810623,0.7363636363636363,0.17930075384832747,0.04009286740218172
voter,rho_1_over_3pi,0.29999999999999999,2950,20,0.7686668330253308,0.21380599119250127,0.047808473030315414,0.7363636363636363,0.1746306610208959,0.0390486028998446
voter,rho_1_over_3pi,0.29999999999999999,3000,20,0.765310522826107,0.20197896234803248,0.04516386898350711,0.75,0.2070553086169159,0.04629897451696219
voter,rho_1_over_3pi,0.40000000000000002,0,20,0.2563942709225194,0.10720240389016822,0.023971186244980403,0.1590909090909091,0.056590452718130596,0.012654009915522775
voter,rho_1_over_3pi,0.40000000000000002,50,20,0.2720143646836378,0.10812572339177455,0.0241776467620347,0.22727272727272724,0.06098367211363062,0.013636363636363634
voter,rho_1_over_3pi,0.40000000000000002,100,20,0.326321364519938,0.14602780971712906,0.03265281091329049,0.2863636363636364,0.07201354326252209,0.016102717803562136
voter,rho_1_over_3pi,0.40000000000000002,150,20,0.3052086746852879,0.15730492094711682,0.035174449643298376,0.3363636363636363,0.11171096115858642,0.02497933029824379
voter,rho_1_over_3pi,0.40000000000000002,200,20,0.34107443667414494,0.17805714651574056,0.03981478834888357,0.36818181818181817,0.10937463105014514,0.02445691100420837
voter,rho_1_over_3pi,0.40000000000000002,250,20,0.4135344104562318,0.1405386505716243,0.03142539761442416,0.41818181818181815,0.14770978917519928,0.03302891295379082
voter,rho_1_over_3pi,0.40000000000000002,300,20,0.4055660374648492,0.18541172519559693,0.04145932213628652,0.4727272727272728,0.18090680674665818,0.04045199174779453
voter,rho_1_over_3pi,0.40000000000000002,350,20,0.42208895554053194,0.22082584068082303,0.049378159095085875,0.46818181818181814,0.12621312160831655,0.02822211195686434
voter,rho_1_over_3pi,0.40000000000000002,400,20,0.44169878534245627,0.1855340378190223,0.041486672070335066,0.4727272727272728,0.15374122295716147,0.03437758254761643
voter,rho_1_over_3pi,0.40000000000000002,450,20,0.5014343130996058,0.21926001830410238,0.04902803056758211,0.4590909090909091,0.11668634229994032,0.02609185934284757
voter,rho_1_over_3pi,0.40000000000000002,500,20,0.4426766810205258,0.19497720652674938,0.04359822878568272,0.4409090909090909,0.1386922391126578,0.031012527460755793
voter,rho_1_over_3pi,0.40000000000000002,550,20,0.43696897351604636,0.2076189776785152,0.046425014750817145,0.4636363636363637,0.14345212580054092,0.032076870480686095
voter,rho_1_over_3pi,0.40000000000000002,600,20,0.5294992437163871,0.2087459781283932,0.046677019712477154,0.4954545454545454,0.14791945541157256,0.033075795749502535
voter,rho_1_over_3pi,0.40000000000000002,650,20,0.5194273342903154,0.24888064921653424,0.05565140499324503,0.5,0.18519589806784875,0.04141106172338317
voter,rho_1_over_3pi,0.40000000000000002,700,20,0.5835022380420074,0.21299135905116137,0.04762631574584619,0.5681818181818181,0.2315506477627278,0.05177629886315689
voter,rho_1_over_3pi,0.40000000000000002,750,20,0.557442675057221,0.20816775987585526,0.04654772618062655,0.5454545454545454,0.20928844424038795,0.046798318822668175
voter,rho_1_over_3pi,0.40000000000000002,800,20,0.5335533980158523,0.2804401930424488,0.06270833352660792,0.5636363636363637,0.2104697618689132,0.04706246947470831
voter,rho_1_over_3pi,0.40000000000000002,850,20,0.4806546540244985,0.26088106792854665,0.058334780193097055,0.5409090909090909,0.16382564809945546,0.03663252856083416
voter,rho_1_over_3pi,0.40000000000000002,900,20,0.5842779368547879,0.21311502138592778,0.04765396748452559,0.5863636363636363,0.18735876223204498,0.04189469285310728
voter,rho_1_over_3pi,0.40000000000000002,950,20,0.6831492665693301,0.19919319658996298,0.044540952823063654,0.5863636363636363,0.17831859314484574,0.03987324959240031
voter,rho_1_over_3pi,0.40000000000000002,1000,20,0.5542960574113497,0.2421855633678439,0.054154338285958184,0.6318181818181818,0.21218072758152376,0.047445053038765166
voter,rho_1_over_3pi,0.40000000000000002,1050,20,0.6099619321735954,0.2380395560910492,0.053227262875346015,0.6318181818181818,0.2254013866948625,0.05040128228724292
voter,rho_1_over_3pi,0.40000000000000002,1100,20,0.6481072171457856,0.21456310131096432,0.04797776799944904,0.6590909090909091,0.22613350843332272,0.050564989684743156
voter,rho_1_over_3pi,0.40000000000000002,1150,20,0.6538472852795859,0.1758004576430758,0.039310177376548995,0.6272727272727272,0.2243447759864194,0.050165016950259614
voter,rho_1_over_3pi,0.40000000000000002,1200,20,0.569594473146229,0.24769464223296694,0.05538620576954044,0.6272727272727272,0.19047569854324511,0.04259166100044537
voter,rho_1_over_3pi,0.40000000000000002,1250,20,0.5626406432713253,0.22261235309635474,0.0497776354154635,0.5909090909090909,0.18960594195103828,0.04239717751404007
voter,rho_1_over_3pi,0.40000000000000002,1300,20,0.5997850990166766,0.24000698125032613,0.053667192515024664,0.6045454545454545,0.18691713813592808,0.04179594270316535
voter,rho_1_over_3pi,0.40000000000000002,1350,20,0.605154683450947,0.28838980515746426,0.06448592083500095,0.6409090909090909,0.21983276889715905,0.04915610149360491
voter,rho_1_over_3pi,0.40000000000000002,1400,20,0.7093874369465585,0.20952109102023014,0.046850340224115536,0.6272727272727272,0.2071051954526276,0.04631012955254556
voter,rho_1_over_3pi,0.40000000000000002,1450,20,0.6775157227759403,0.24703147468099948,0.0552379169968733,0.6636363636363637,0.2172327844608822,0.04857472729960926
voter,rho_1_over_3pi,0.40000000000000002,1500,20,0.6429502686520749,0.27163913407328705,0.06074035691370491,0.6818181818181819,0.20829889522526546,0.04657704893617999
voter,rho_1_over_3pi,0.40000000000000002,1550,20,0.6154773078261402,0.3052720002612445,0.06826089442114762,0.6181818181818182,0.1962457558629355,0.04388188504053517
voter,rho_1_over_3pi,0.40000000000000002,1600,20,0.6139334394045134,0.2547513072989909,0.0569641240477482,0.6272727272727272,0.18829377433825437,0.04210376791603422
voter,rho_1_over_3pi,0.40000000000000002,1650,20,0.6091560890848774,0.2223706626428015,0.04972359178709772,0.6227272727272728,0.16077035621661268,0.03594934452672018
voter,rho_1_over_3pi,0.40000000000000002,1700,20,0.6754392515469342,0.20589634544132607,0.0460398224725584,0.6363636363636364,0.12196734422726128,0.02727272727272728
voter,rho_1_over_3pi,0.40000000000000002,1750,20,0.6176265678396675,0.23213660253893215,0.051907322334290254,0.65,0.13869223911265782,0.0310125274607558
voter,rho_1_over_3pi,0.40000000000000002,1800,20,0.6298734896912755,0.17867060431980356,0.03995196168400483,0.6909090909090909,0.15048132142951684,0.03364864640603955
voter,rho_1_over_3pi,0.40000000000000002,1850,20,0.7639126205924384,0.2134892754827085,0.04773765324465154,0.7318181818181818,0.1806210589664139,0.04038809660168993
voter,rho_1_over_3pi,0.40000000000000002,1900,20,0.7643576386964964,0.19131005840954085,0.04277822953831886,0.7318181818181818,0.1806210589664139,0.04038809660168993
voter,rho_1_over_3pi,0.40000000000000002,1950,20,0.751859568562556,0.1922346457556621,0.04298497355402518,0.7,0.1774474663267558,0.03967845971417308
voter,rho_1_over_3pi,0.40000000000000002,2000,20,0.7006719297586914,0.22619963581974922,0.05057977621786556,0.6954545454545454,0.1955602251299905,0.04372859570858214
voter,rho_1_over_3pi,0.40000000000000002,2050,20,0.7107967387420746,0.20316937708182803,0.04543005381012553,0.7227272727272728,0.20424219944237249,0.045669944182721446
voter,rho_1_over_3pi,0.40000000000000002,2100,20,0.7162156569679001,0.2142641074066412,0.047910910929956585,0.7045454545454546,0.18153386861559873,0.04059220704429944
voter,rho_1_over_3pi,0.40000000000000002,2150,20,0.7110133144671502,0.20986568093157468,0.04692739287072824,0.7363636363636363,0.20103040352269075,0.04495176478209497
voter,rho_1_over_3pi,0.40000000000000002,2200,20,0.8129791569525366,0.1899373087162696,0.04247127337529421,0.7636363636363637,0.189387878690906,0.04234841708673497
voter,rho_1_over_3pi,0.40000000000000002,2250,20,0.7450105358209257,0.1799343129879071,0.04023453553256835,0.7272727272727273,0.21704247975115132,0.048532173872869594
voter,rho_1_over_3pi,0.40000000000000002,2300,20,0.7842065726001378,0.18966279179504006,0.04240988952560989,0.7227272727272728,0.21604062978756627,0.048308153410686415
voter,rho_1_over_3pi,0.40000000000000002,2350,20,0.80472135887052,0.1795568033725966,0.04015012181636895,0.7318181818181818,0.22903859431534768,0.05121458663601143
voter,rho_1_over_3pi,0.40000000000000002,2400,20,0.7955537209782338,0.1637892323114723,0.036624385743095705,0.7272727272727273,0.23531234737354154,0.05261744046722829
voter,rho_1_over_3pi,0.40000000000000002,2450,20,0.7636189179794427,0.18271348113967215,0.04085597642339327,0.7363636363636363,0.23513667557050114,0.052578159057895466
voter,rho_1_over_3pi,0.40000000000000002,2500,20,0.7901622979639809,0.16285431184453153,0.036415331171332166,0.7227272727272728,0.2497519430512028,0.055846232217514565
voter,rho_1_over_3pi,0.40000000000000002,2550,20,0.7570391457568384,0.2227747388751335,0.04981394597945635,0.7318181818181818,0.23614500377928252,0.052803628099742046
voter,rho_1_over_3pi,0.40000000000000002,2600,20,0.6731290058058349,0.28318639321563943,0.0633224025533155,0.7772727272727272,0.21983276889715905,0.04915610149360491
voter,rho_1_over_3pi,0.40000000000000002,2650,20,0.7095107744409774,0.2451476024656847,0.054816670363436605,0.7909090909090909,0.22471285626015047,0.05024732220158356
voter,rho_1_over_3pi,0.40000000000000002,2700,20,0.7591042061713159,0.20955551423771446,0.04685803748954545,0.7818181818181819,0.22156468376279892,0.04954336943068623
voter,rho_1_over_3pi,0.40000000000000002,2750,20,0.7906130303447416,0.19277492488037473,0.04310578363899334,0.8181818181818181,0.21893808325076902,0.048956043701222765
voter,rho_1_over_3pi,0.40000000000000002,2800,20,0.8382145248009552,0.18734591523238245,0.04189182017665204,0.7545454545454546,0.21912674169443547,0.048998229011679516
voter,rho_1_over_3pi,0.40000000000000002,2850,20,0.7888993031044276,0.20719928432890772,0.04633116846487445,0.8,0.1983402202661039,0.04435022151872897
voter,rho_1_over_3pi,0.40000000000000002,2900,20,0.8210327255064016,0.1763994316656931,0.03944411203968187,0.8090909090909092,0.2030755263971698,0.04540906815906246
voter,rho_1_over_3pi,0.40000000000000002,2950,20,0.8002923386297219,0.20386884951098147,0.04558646060012293,0.8045454545454545,0.1997415685701803,0.04466357252553586
voter,rho_1_over_3pi,0.40000000000000002,3000,20,0.7880396100728599,0.1459492116811286,0.032635235858150986,0.7954545454545455,0.22244880551349375,0.049741065064180204
voter,rho_1_over_3pi,0.5,0,20,0.2528628585731774,0.11499892142125803,0.02571454056370897,0.17727272727272728,0.053590118738870894,0.011983114842240062
voter,rho_1_over_3pi,0.5,50,20,0.3321562976832952,0.1204000306197395,0.026922265295879363,0.2363636363636364,0.08813963377120598,0.01970862126243527
voter,rho_1_over_3pi,0.5,100,20,0.33581378499723663,0.14604927697615175,0.032657611138337025,0.2772727272727272,0.09304313404753964,0.020805077256992377
voter,rho_1_over_3pi,0.5,150,20,0.3193329739251928,0.1564311478654924,0.03497906804255621,0.3181818181818182,0.12694763676153584,0.02838635453817454
voter,rho_1_over_3pi,0.5,200,20,0.3290192929936785,0.18186324781356175,0.0406658584720014,0.3227272727272727,0.12686623397229876,0.02836815232114532
voter,rho_1_over_3pi,0.5,250,20,0.4367007269816129,0.23655132334073514,0.05289448391574164,0.35909090909090907,0.14791945541157256,0.033075795749502535
voter,rho_1_over_3pi,0.5,300,20,0.4551626571687642,0.19933354287977106,0.04457233520750373,0.4045454545454546,0.14791945541157256,0.033075795749502535
voter,rho_1_over_3pi,0.5,350,20,0.39430333958410824,0.1889118371890539,0.04224197097090973,0.41818181818181815,0.17104443383842527,0.038246698123568415
voter,rho_1_over_3pi,0.5,400,20,0.35613040638875393,0.22786952825080536,0.05095317551696095,0.42727272727272725,0.15772137793543156,0.03526757225685604
voter,rho_1_over_3pi,0.5,450,20,0.39199569706550685,0.16349806977132314,0.0365592798198682,0.43636363636363634,0.15102952478032863,0.03377122840183038
voter,rho_1_over_3pi,0.5,500,20,0.3618227153095014,0.2009175905841402,0.044926539042160915,0.4545454545454545,0.13173978860172217,0.02945791226549027
voter,rho_1_over_3pi,0.5,550,20,0.4584722711099789,0.23066279911765755,0.051577769870746075,0.4954545454545454,0.16128359090191066,0.036064107291193886
voter,rho_1_over_3pi,0.5,600,20,0.4918762710642361,0.23164056163630764,0.05179640421650138,0.5272727272727272,0.18317674254190805,0.0409595648220684
voter,rho_1_over_3pi,0.5,650,20,0.581918100904413,0.23357647223259276,0.052229286985666944,0.6272727272727272,0.21105794120443455,0.04719399037242695
voter,rho_1_over_3pi,0.5,700,20,0.608082942849538,0.2388849419003279,0.0534162968890221,0.6409090909090909,0.20625547826433505,0.04612012701307835
voter,rho_1_over_3pi,0.5,750,20,0.5886112468453082,0.26564490887275244,0.059400007411621145,0.6227272727272728,0.2527125567985025,0.05650824557692282
voter,rho_1_over_3pi,0.5,800,20,0.5328134259816582,0.26927625433496616,0.06021200094195067,0.5636363636363637,0.22379152045620312,0.05004130525281049
voter,rho_1_over_3pi,0.5,850,20,0.5642792789000488,0.26679529722616147,0.05965724206749581,0.5772727272727273,0.21179086831312263,0.04735787785618484
voter,rho_1_over_3pi,0.5,900,20,0.6020272745550368,0.23844119352343449,0.05331707173545821,0.5409090909090909,0.19598237397554635,0.043822991060110734
voter,rho_1_over_3pi,0.5,950,20,0.5989239695792157,0.1905306833507525,0.042603955977177,0.6,0.18272501129310711,0.040858554644080426
voter,rho_1_over_3pi,0.5,1000,20,0.5636936076907624,0.221562887956171,0.04954296787611678,0.5727272727272728,0.17272727272727273,0.03862299233863273
voter,rho_1_over_3pi,0.5,1050,20,0.5793986947221257,0.22033734683214656,0.04926892854986276,0.5772727272727273,0.2231906126761985,0.04990693818838061
voter,rho_1_over_3pi,0.5,1100,20,0.5667868837404748,0.24492957251138645,0.05476791738354239,0.5772727272727273,0.20785206118497593,0.046477133807305164
voter,rho_1_over_3pi,0.5,1150,20,0.5756359933844324,0.30300054548444816,0.0677529816922743,0.6045454545454545,0.2286774768746412,0.05113383832148339
voter,rho_1_over_3pi,0.5,1200,20,0.5448511296873055,0.28632309347796125,0.0640237900544748,0.6363636363636364,0.2538952735230717,0.05677270907634908
voter,rho_1_over_3pi,0.5,1250,20,0.5520288602763628,0.2546402403357917,0.05693928871977141,0.6363636363636364,0.21893808325076902,0.048956043701222765
voter,rho_1_over_3pi,0.5,1300,20,0.667504577430777,0.18676129249740359,0.04176109455899159,0.6409090909090909,0.22356059322468977,0.04998966835405852
voter,rho_1_over_3pi,0.5,1350,20,0.5910073627713348,0.23651657452876007,0.052886713845170276,0.6363636363636364,0.20123585110162415,0.04499770425732575
voter,rho_1_over_3pi,0.5,1400,20,0.633999506663171,0.1893384350678442,0.04233736115651296,0.5909090909090909,0.14798927814636098,0.03309140858763872
voter,rho_1_over_3pi,0.5,1450,20,0.6636128140278716,0.21283446619680788,0.04759123343709435,0.6136363636363636,0.15973893991641436,0.03571871283068571
voter,rho_1_over_3pi,0.5,1500,20,0.6031889473617604,0.2143936618569704,0.04793988018572896,0.6272727272727272,0.21300680934290875,0.047629770536108125
voter,rho_1_over_3pi,0.5,1550,20,0.5869450997134846,0.26411464394352085,0.059057829771086576,0.5954545454545455,0.17831859314484574,0.03987324959240031
voter,rho_1_over_3pi,0.5,1600,20,0.5889530930119751,0.22141904148181896,0.04951080282661929,0.5954545454545455,0.1806210589664139,0.04038809660168993
voter,rho_1_over_3pi,0.5,1650,20,0.6060267484784448,0.21737183660740875,0.04860582030481432,0.5590909090909091,0.14735968252224846,0.03295062672625352
voter,rho_1_over_3pi,0.5,1700,20,0.554980809534736,0.2373607274632538,0.053075472179663664,0.5909090909090909,0.1393609974250536,0.031162066365459297
voter,rho_1_over_3pi,0.5,1750,20,0.5524957287996234,0.23757501627900546,0.05312338861554753,0.6136363636363636,0.12489665149121898,0.027927740289646612
voter,rho_1_over_3pi,0.5,1800,20,0.5255541391274703,0.1446934548184649,0.0323544400873382,0.6136363636363636,0.14338009359625006,0.03206076359014974
voter,rho_1_over_3pi,0.5,1850,20,0.5564570387511237,0.1718117289321012,0.03841827052239456,0.6045454545454545,0.16077035621661268,0.03594934452672018
voter,rho_1_over_3pi,0.5,1900,20,0.47911785951944685,0.21024161388391274,0.047011454034369245,0.5681818181818181,0.14338009359625004,0.032060763590149734
voter,rho_1_over_3pi,0.5,1950,20,0.5857457538901176,0.22498547393517207,0.05030828136690518,0.5863636363636363,0.16128359090191066,0.036064107291193886
voter,rho_1_over_3pi,0.5,2000,20,0.6509872572431138,0.18814457524989256,0.04207040598565842,0.6136363636363636,0.20904149613758036,0.04674309954818894
voter,rho_1_over_3pi,0.5,2050,20,0.6368745593192401,0.22825429632032193,0.05103921227286199,0.6181818181818182,0.20449494325821804,0.045726459418033785
voter,rho_1_over_3pi,0.5,2100,20,0.5915581394145073,0.2216800378762477,0.049569163394601795,0.6545454545454545,0.17860802458535002,0.03993796842997963
voter,rho_1_over_3pi,0.5,2150,20,0.554990332110166,0.27022858389672144,0.060424948305657415,0.6727272727272727,0.2,0.044721359549995794
voter,rho_1_over_3pi,0.5,2200,20,0.7055749814299579,0.16430242382069818,0.03673913885310618,0.6590909090909091,0.19682395540555425,0.044011174388720646
voter,rho_1_over_3pi,0.5,2250,20,0.6652333270958398,0.23878617245094647,0.053394211368730383,0.6363636363636364,0.21513017393089515,0.04810456929208347
voter,rho_1_over_3pi,0.5,2300,20,0.6668839775903943,0.210946729307816,0.04716912263635237,0.6590909090909091,0.20904149613758036,0.04674309954818894
voter,rho_1_over_3pi,0.5,2350,20,0.599328603606889,0.2697020942692037,0.060307221645999595,0.5818181818181818,0.18497263590341642,0.04136113878573573
voter,rho_1_over_3pi,0.5,2400,20,0.5953146041410082,0.2440397557327788,0.05456894830309374,0.6136363636363636,0.20904149613758036,0.04674309954818894
voter,rho_1_over_3pi,0.5,2450,20,0.5770117984035934,0.2289419476571083,0.05119297578624928,0.6363636363636364,0.19497827808661108,0.043598468393752
voter,rho_1_over_3pi,0.5,2500,20,0.5328584080131846,0.20868218959707477,0.04666275616325586,0.6227272727272728,0.21565774844139016,0.04822253853894977
voter,rho_1_over_3pi,0.5,2550,20,0.5127893873128584,0.23577589850844355,0.0527210936520971,0.6363636363636364,0.2053016325570221,0.04590684062891854
voter,rho_1_over_3pi,0.5,2600,20,0.5816697270182509,0.2208711346379821,0.04938828713180364,0.5954545454545455,0.21604062978756627,0.048308153410686415
voter,rho_1_over_3pi,0.5,2650,20,0.5966575830682498,0.25793227740591773,0.057675410587096514,0.6181818181818182,0.2104697618689132,0.04706246947470831
voter,rho_1_over_3pi,0.5,2700,20,0.6387353400047887,0.2576212269695829,0.05760585759508895,0.6045454545454546,0.20983070704697804,0.046919572472388704
voter,rho_1_over_3pi,0.5,2750,20,0.721712693354654,0.23169950494227273,0.05180958434039703,0.6409090909090909,0.21218072758152376,0.047445053038765166
voter,rho_1_over_3pi,0.5,2800,20,0.6856551477414375,0.17983057550517076,0.04021133912624704,0.6636363636363637,0.1774474663267558,0.03967845971417308
voter,rho_1_over_3pi,0.5,2850,20,0.623271244677048,0.2341500647682901,0.052357546175787514,0.6227272727272728,0.173145426861281,0.038716494445504235
voter,rho_1_over_3pi,0.5,2900,20,0.6331357507665282,0.1618208121838653,0.036184233621734896,0.6318181818181818,0.1828945412611883,0.04089646269736571
voter,rho_1_over_3pi,0.5,2950,20,0.5936750579511632,0.26970046897541683,0.060306858219260503,0.65,0.16830462346885108,0.037634057900385744
voter,rho_1_over_3pi,0.5,3000,20,0.6922577419220654,0.2188603101686855,0.048938653111386926,0.6409090909090909,0.2179449471770337,0.04873397172404482
voter,rho_1_over_3pi,1,0,20,0.2595396449035371,0.13924178913103177,0.03113541058056784,0.21363636363636362,0.043360872791679335,0.009695785912591607
voter,rho_1_over_3pi,1,50,20,0.2969439397080344,0.13888502710613435,0.031055636166621728,0.2590909090909091,0.052025105192089076,0.011633167174608843
voter,rho_1_over_3pi,1,100,20,0.3320001784100589,0.13612343824902873,0.030438126125582318,0.3090909090909091,0.10909090909090909,0.024393468845452248
voter,rho_1_over_3pi,1,150,20,0.34858263040924065,0.15809271231854638,0.03535060514915881,0.33181818181818185,0.07201354326252209,0.016102717803562136
voter,rho_1_over_3pi,1,200,20,0.3563621477607971,0.12457625504443012,0.027856097466169683,0.34545454545454546,0.09359663764533636,0.020928844424038796
voter,rho_1_over_3pi,1,250,20,0.43223803400049815,0.20331540053464256,0.04546270564680578,0.33636363636363636,0.07100226978096959,0.01587659017870271
voter,rho_1_over_3pi,1,300,20,0.3127917053759181,0.16443256437912074,0.036768239166632445,0.39090909090909093,0.09577867048047944,0.021416761798890446
voter,rho_1_over_3pi,1,350,20,0.3772696036778566,0.14215744691256055,0.031787371480430295,0.41818181818181815,0.1360602686099615,0.030424000964875474
voter,rho_1_over_3pi,1,400,20,0.33063054917556123,0.17683112077313254,0.03954064065861995,0.4409090909090909,0.13259956496195294,0.029650164104182607
voter,rho_1_over_3pi,1,450,20,0.41115243091669684,0.18197189415699772,0.04069015253294437,0.43636363636363634,0.13047909176733932,0.029176011883420387
voter,rho_1_over_3pi,1,500,20,0.3772472246144134,0.16302691744944345,0.03645392695792022,0.43636363636363634,0.15102952478032863,0.03377122840183038
voter,rho_1_over_3pi,1,550,20,0.3984457658836067,0.14869927950013134,0.03325016971675346,0.4636363636363637,0.12497933713515927,0.027946229361707993
voter,rho_1_over_3pi,1,600,20,0.41990567217491687,0.22054492076621332,0.0493153434925558,0.45,0.10937463105014512,0.02445691100420837
voter,rho_1_over_3pi,1,650,20,0.43033656099494,0.17019038678121207,0.03805572739597718,0.44545454545454544,0.11096868741576092,0.024813352843556687
voter,rho_1_over_3pi,1,700,20,0.4188316331108629,0.21671957060135857,0.04845996919192027,0.4590909090909091,0.11308959367840661,0.025287601901274766
voter,rho_1_over_3pi,1,750,20,0.46413981256943326,0.18948014174184252,0.04236904773210553,0.46818181818181814,0.18244211127626797,0.04079529627723161
voter,rho_1_over_3pi,1,800,20,0.3920433516657099,0.1762701596617523,0.03941520594084195,0.4818181818181818,0.17031812722904724,0.03808429102846075
voter,rho_1_over_3pi,1,850,20,0.4341682884697217,0.19599067655581592,0.043824847573497874,0.4818181818181818,0.1550792919021089,0.03467678385956481
voter,rho_1_over_3pi,1,900,20,0.4219962182339649,0.18585862038603324,0.04155925093874985,0.4636363636363637,0.16236882817719772,0.03630677372311974
voter,rho_1_over_3pi,1,950,20,0.44955671279067627,0.18356595298490763,0.04104659492287839,0.47727272727272724,0.1462337085649583,0.032698851295313996
voter,rho_1_over_3pi,1,1000,20,0.44789685245975563,0.2276833719140977,0.05091154969462889,0.4909090909090909,0.16614242620451877,0.03715057589400463
voter,rho_1_over_3pi,1,1050,20,0.4723671351620135,0.2157191059586354,0.048236258496898866,0.5,0.17368157431402545,0.03883638066053423
voter,rho_1_over_3pi,1,1100,20,0.4784638881648899,0.22912984230150138,0.05123499030599639,0.5454545454545454,0.17486712783337585,0.039101478486557394
voter,rho_1_over_3pi,1,1150,20,0.4051795214002324,0.22232385454167974,0.049713125177497125,0.5181818181818182,0.18204531267727986,0.0407065694131602
voter,rho_1_over_3pi,1,1200,20,0.4893474449338827,0.21640975970092305,0.04839069336856585,0.5272727272727272,0.173919331542809,0.03888954479310443
voter,rho_1_over_3pi,1,1250,20,0.4168507175282031,0.20835748538794446,0.046590150094836295,0.5181818181818182,0.1678744119329035,0.03753785967647741
voter,rho_1_over_3pi,1,1300,20,0.40864553137666604,0.15841682286510309,0.03542307847059135,0.509090909090909,0.132988534893889,0.02973714042508386
voter,rho_1_over_3pi,1,1350,20,0.4648172348076202,0.2160392675257364,0.04830784879968094,0.4954545454545454,0.14791945541157253,0.03307579574950253
voter,rho_1_over_3pi,1,1400,20,0.4623013186925782,0.15108909433081816,0.03378454855825875,0.5545454545454545,0.17224813928633106,0.03851585484420884
voter,rho_1_over_3pi,1,1450,20,0.40922661707607927,0.1751541888404214,0.03916566727910173,0.44545454545454544,0.11096868741576094,0.02481335284355669
voter,rho_1_over_3pi,1,1500,20,0.44896652656781555,0.1425535031480206,0.03187593234697043,0.4909090909090909,0.12984415324623363,0.02903403531394784
voter,rho_1_over_3pi,1,1550,20,0.4404040728271193,0.20692690634779684,0.046270262896740647,0.5045454545454545,0.13628785773240862,0.0304748914397486
voter,rho_1_over_3pi,1,1600,20,0.5329808432341665,0.17421298884064643,0.03895520856110977,0.46818181818181814,0.10861639223044109,0.024287363649804626
voter,rho_1_over_3pi,1,1650,20,0.4368363426622935,0.19280446805062806,0.04311238969268907,0.4318181818181818,0.10708380899445223,0.023944667620119858
voter,rho_1_over_3pi,1,1700,20,0.5117015474511024,0.15645340636461516,0.034984045194267774,0.45,0.11668634229994032,0.02609185934284757
voter,rho_1_over_3pi,1,1750,20,0.49391059018147043,0.14774056853787673,0.03303579542851591,0.44545454545454544,0.11818181818181818,0.026426257915906602
voter,rho_1_over_3pi,1,1800,20,0.4438752393244501,0.20474858329353648,0.045783175054112536,0.5045454545454545,0.14509899726829426,0.032445122135896225
voter,rho_1_over_3pi,1,1850,20,0.5098562637818836,0.23168845114203193,0.051807112635522214,0.509090909090909,0.16363636363636364,0.03659020326817838
voter,rho_1_over_3pi,1,1900,20,0.39333003447306697,0.18901339451829277,0.042264679880088876,0.4909090909090909,0.16363636363636364,0.03659020326817838
voter,rho_1_over_3pi,1,1950,20,0.3845390364511175,0.1817167536280833,0.040633101376297574,0.4818181818181818,0.14402708652504417,0.03220543560712427
voter,rho_1_over_3pi,1,2000,20,0.46884051552183437,0.2217558248236368,0.04958610987121871,0.4818181818181818,0.13205308223939954,0.029527966852566753
voter,rho_1_over_3pi,1,2050,20,0.4303618595958166,0.19348841725731034,0.04326532538461893,0.4909090909090909,0.1390641685525305,0.031095693411794675
voter,rho_1_over_3pi,1,2100,20,0.44727056586319236,0.21047636951914242,0.047063946990216717,0.47727272727272724,0.15178007142785455,0.03393905573424563
voter,rho_1_over_3pi,1,2150,20,0.47113464752570183,0.20197647898109494,0.045163313685778576,0.4818181818181818,0.1440270865250442,0.03220543560712428
voter,rho_1_over_3pi,1,2200,20,0.4800407982442499,0.19943641589186875,0.044595338312313784,0.5272727272727272,0.15102952478032866,0.03377122840183039
voter,rho_1_over_3pi,1,2250,20,0.5627191939063725,0.2126841695939769,0.04755762609502262,0.5272727272727272,0.133608531424537,0.029875775863918153
voter,rho_1_over_3pi,1,2300,20,0.4902728396284046,0.22873636276396378,0.051147005606627466,0.55,0.1506871314022798,0.03369466691499408
voter,rho_1_over_3pi,1,2350,20,0.5526815053512644,0.1926787598967426,0.04308428049494768,0.5181818181818182,0.15239140558400194,0.034075754207256934
voter,rho_1_over_3pi,1,2400,20,0.4457265285963903,0.20792767694187356,0.04649404200456449,0.5363636363636364,0.15980359846588135,0.03573317092187918
voter,rho_1_over_3pi,1,2450,20,0.47422157172447443,0.17156246054551913,0.03836253241669064,0.55,0.19171906099057404,0.04286968529573517
voter,rho_1_over_3pi,1,2500,20,0.45322958785588047,0.19752310899258438,0.04416750988345187,0.5272727272727272,0.1564059139462296,0.034973425566675174
voter,rho_1_over_3pi,1,2550,20,0.4651098052553583,0.19560180626351162,0.04373789353269561,0.5136363636363637,0.16077035621661268,0.03594934452672018
voter,rho_1_over_3pi,1,2600,20,0.43048781374067496,0.17711060880186247,0.03960313608173371,0.46818181818181814,0.12944573514452856,0.028944946318059942
voter,rho_1_over_3pi,1,2650,20,0.411059049623153,0.19242356933030894,0.043027218149571445,0.48636363636363633,0.14164033137166257,0.03167174093026335
voter,rho_1_over_3pi,1,2700,20,0.41811923333227013,0.23194953542930707,0.05186549285694265,0.4909090909090909,0.15587661999529318,0.034855071841237845
voter,rho_1_over_3pi,1,2750,20,0.38901396393888155,0.18590072841370617,0.04156866657997736,0.4727272727272728,0.1272727272727273,0.028459046986360963
voter,rho_1_over_3pi,1,2800,20,0.44787004294753496,0.1876863431781878,0.04196794217947818,0.4818181818181818,0.12230567315521555,0.027348379920893316
voter,rho_1_over_3pi,1,2850,20,0.45001527895530813,0.20356597983354116,0.04551873688141493,0.4954545454545454,0.13008261837503804,0.02908735773777483
voter,rho_1_over_3pi,1,2900,20,0.4422701935917924,0.19799841046154043,0.04427379052289099,0.5136363636363637,0.14164033137166257,0.03167174093026335
voter,rho_1_over_3pi,1,2950,20,0.48287885979991163,0.1949819721774707,0.04359929441757972,0.509090909090909,0.1360602686099615,0.030424000964875474
voter,rho_1_over_3pi,1,3000,20,0.4411092981923227,0.18300102981228253,0.040920274261272926,0.5136363636363637,0.11597591656520977,0.025933003319265294
voter,rho_1_over_3pi,2,0,20,0.28816666559370097,0.12603571787866938,0.028182443276969033,0.19090909090909092,0.06363636363636363,0.014229523493180478
voter,rho_1_over_3pi,2,50,20,0.2991692979080998,0.12992696641188398,0.02905255290073045,0.22272727272727272,0.08369069381600894,0.018713808045671725
voter,rho_1_over_3pi,2,100,20,0.2812818211604141,0.1548829080629701,0.03463287109816514,0.22272727272727272,0.060814037092089324,0.013598432092410536
voter,rho_1_over_3pi,2,150,20,0.24977454151012327,0.11595605071031216,0.025928561179067076,0.2409090909090909,0.09653072991634228,0.02158492740106139
voter,rho_1_over_3pi,2,200,20,0.28669869071209797,0.15706104843441154,0.035119918091673114,0.24545454545454545,0.07100226978096959,0.01587659017870271
voter,rho_1_over_3pi,2,250,20,0.26541176493286744,0.13791826753341643,0.030839462154372138,0.2409090909090909,0.06602654111969977,0.014763983426283376
voter,rho_1_over_3pi,2,300,20,0.29740953679785115,0.13656057662702548,0.030535873238459788,0.2545454545454545,0.07925270806437588,0.017721444263289025
voter,rho_1_over_3pi,2,350,20,0.30026665087604604,0.16364935743864703,0.03659310877069756,0.2681818181818182,0.08849055606332629,0.019787089872435375
voter,rho_1_over_3pi,2,400,20,0.3544616191832785,0.13158663034977924,0.02942366503922433,0.2772727272727272,0.08369069381600895,0.01871380804567173
voter,rho_1_over_3pi,2,450,20,0.306437340472257,0.14905318689387068,0.033329305815767554,0.2727272727272727,0.09958591954639383,0.02226808857075616
voter,rho_1_over_3pi,2,500,20,0.3655856325299323,0.12153758046812033,0.027176629174756776,0.28181818181818186,0.09045340337332908,0.02022599587389726
voter,rho_1_over_3pi,2,550,20,0.2414651358072903,0.12294169880021731,0.027490599578659024,0.2772727272727272,0.06726658448613065,0.015041265552522089
voter,rho_1_over_3pi,2,600,20,0.28453786241362006,0.11800793313729643,0.026387376037924484,0.2636363636363636,0.06982859770789644,0.015614149124834244
voter,rho_1_over_3pi,2,650,20,0.33305346492968985,0.14867044093736914,0.03324372121808249,0.28181818181818186,0.06982859770789644,0.015614149124834244
voter,rho_1_over_3pi,2,700,20,0.36627283181961645,0.1570022397061666,0.035106768060270514,0.3,0.09136250564655354,0.02042927732204021
voter,rho_1_over_3pi,2,750,20,0.342699908699008,0.15331035347311212,0.03428123720203997,0.30454545454545456,0.08755163765571919,0.019577141333961844
voter,rho_1_over_3pi,2,800,20,0.3574675472947957,0.12977418064811352,0.029018388965351954,0.3318181818181818,0.09653072991634228,0.02158492740106139
voter,rho_1_over_3pi,2,850,20,0.34784586347857105,0.17418428090223956,0.0389487892709326,0.30454545454545456,0.08755163765571919,0.019577141333961844
voter,rho_1_over_3pi,2,900,20,0.31930161249258127,0.1776326894743716,0.03971987686908063,0.3181818181818182,0.10163945352271771,0.022727272727272724
voter,rho_1_over_3pi,2,950,20,0.3274254144711267,0.12009230003265219,0.02685345464473105,0.3,0.0867217455833587,0.01939157182518322
voter,rho_1_over_3pi,2,1000,20,0.31557919761371195,0.13988808997865892,0.03127992784348885,0.2909090909090909,0.07925270806437588,0.017721444263289025
voter,rho_1_over_3pi,2,1050,20,0.3649603809499987,0.17545454900766927,0.03923282985427167,0.3227272727272727,0.0884905560633263,0.019787089872435378
voter,rho_1_over_3pi,2,1100,20,0.3302630378216608,0.16550694381386485,0.03700847771160401,0.3318181818181818,0.10072054457345608,0.022521798439704536
voter,rho_1_over_3pi,2,1150,20,0.2739452518454936,0.15885367627748756,0.03552076186322079,0.35909090909090907,0.11668634229994032,0.02609185934284757
voter,rho_1_over_3pi,2,1200,20,0.23344909786974263,0.12585970415980718,0.028143085412934192,0.3363636363636363,0.12230567315521554,0.027348379920893312
voter,rho_1_over_3pi,2,1250,20,0.3097875380662166,0.10843404772788956,0.024246590179501766,0.34090909090909094,0.12154310870109943,0.027177865325230446
voter,rho_1_over_3pi,2,1300,20,0.35334287046346213,0.14084279236334077,0.03149340578653182,0.3227272727272727,0.09738311493467523,0.02177552648546088
voter,rho_1_over_3pi,2,1350,20,0.3040568323536817,0.09180519691130194,0.020528266098142487,0.34545454545454546,0.11354541815269814,0.02538952735230716
voter,rho_1_over_3pi,2,1400,20,0.3486468208954919,0.15955956011122097,0.035678602286865396,0.35,0.11235642813007522,0.025123661100791776
voter,rho_1_over_3pi,2,1450,20,0.3545743973230195,0.18676737608837332,0.04176245489128715,0.34545454545454546,0.10984587248722338,0.02456228379292054
voter,rho_1_over_3pi,2,1500,20,0.3583974471196608,0.16671570173359407,0.037278764199289584,0.34090909090909094,0.11454184698503775,0.025612335612692372
voter,rho_1_over_3pi,2,1550,20,0.2773060035667646,0.17418601737273048,0.03894917755753847,0.36818181818181817,0.13008261837503804,0.02908735773777483
voter,rho_1_over_3pi,2,1600,20,0.31829475760192005,0.12690847000355981,0.02837759658484527,0.35,0.1386922391126578,0.031012527460755793
voter,rho_1_over_3pi,2,1650,20,0.2575913213777789,0.14662247079259155,0.03278578117212121,0.3318181818181818,0.12621312160831655,0.02822211195686434
voter,rho_1_over_3pi,2,1700,20,0.2543568063714692,0.12172750670365036,0.027219097972092352,0.33181818181818185,0.12621312160831655,0.02822211195686434
voter,rho_1_over_3pi,2,1750,20,0.2962952080546988,0.09385594174623432,0.020986826583684025,0.3181818181818182,0.10163945352271771,0.022727272727272724
voter,rho_1_over_3pi,2,1800,20,0.38247137129537545,0.1480919880129675,0.033114375212007933,0.38181818181818183,0.13965719541579288,0.03122829824966849
voter,rho_1_over_3pi,2,1850,20,0.2922247853245086,0.1669505379364285,0.037331275170601155,0.35909090909090907,0.09304313404753964,0.020805077256992377
voter,rho_1_over_3pi,2,1900,20,0.31772602716113685,0.16807849851759094,0.037583494824143096,0.35909090909090907,0.11308959367840661,0.025287601901274766
voter,rho_1_over_3pi,2,1950,20,0.387140532252673,0.1959902690863132,0.04382475646054719,0.35454545454545455,0.11463200193562265,0.025632494872493968
voter,rho_1_over_3pi,2,2000,20,0.28007311806115043,0.15566716000487515,0.03480823516352373,0.36818181818181817,0.12017549151274803,0.026872056825195362
voter,rho_1_over_3pi,2,2050,20,0.3247342432374286,0.1582593335661693,0.03538786279277688,0.36363636363636365,0.1253095341099111,0.028020063649858984
voter,rho_1_over_3pi,2,2100,20,0.32148545096205455,0.1629039326234382,0.036426426714805345,0.35454545454545455,0.11463200193562265,0.025632494872493968
voter,rho_1_over_3pi,2,2150,20,0.34128724247136344,0.12947635622399833,0.028951793399583824,0.38181818181818183,0.1304790917673393,0.029176011883420384
voter,rho_1_over_3pi,2,2200,20,0.342508016819975,0.1457023304570897,0.032580031538219055,0.36363636363636365,0.1378704626191191,0.030828772650569398
voter,rho_1_over_3pi,2,2250,20,0.29518627118648666,0.15362347113911476,0.03435125244065376,0.35,0.14164033137166257,0.03167174093026335
voter,rho_1_over_3pi,2,2300,20,0.30879965992311464,0.13894626744826422,0.0310693299234185,0.37727272727272726,0.1386922391126578,0.031012527460755793
voter,rho_1_over_3pi,2,2350,20,0.3586019142503928,0.14693095682763338,0.032854760746567506,0.3818181818181818,0.11354541815269814,0.02538952735230716
voter,rho_1_over_3pi,2,2400,20,0.28215154739867937,0.13217416943745247,0.029555042773171884,0.3727272727272727,0.10718023747774177,0.02396622968448012
voter,rho_1_over_3pi,2,2450,20,0.28196978109202997,0.14538889725162538,0.032509945742836666,0.35,0.10072054457345608,0.022521798439704536
voter,rho_1_over_3pi,2,2500,20,0.3145886599221226,0.17495016765113872,0.039120046754293085,0.36818181818181817,0.10937463105014512,0.02445691100420837
voter,rho_1_over_3pi,2,2550,20,0.2913838252279612,0.13873539267289262,0.03102217689017141,0.35,0.12621312160831655,0.02822211195686434
voter,rho_1_over_3pi,2,2600,20,0.3080840284875983,0.15131255552036268,0.0338345159992742,0.35,0.12944573514452856,0.028944946318059942
voter,rho_1_over_3pi,2,2650,20,0.31978232726783523,0.1882970462996711,0.04210449954884898,0.34545454545454546,0.13666633071248097,0.03055952057085747
voter,rho_1_over_3pi,2,2700,20,0.30083151490983157,0.15522813580195524,0.03471006636737407,0.36818181818181817,0.13322137172502585,0.02978920432329262
voter,rho_1_over_3pi,2,2750,20,0.33768481245707527,0.2029757532908252,0.04538675821425118,0.40909090909090906,0.18519589806784875,0.04141106172338317
voter,rho_1_over_3pi,2,2800,20,0.3392069087473365,0.1714154035347127,0.03832964946941753,0.39090909090909093,0.12230567315521554,0.027348379920893312
voter,rho_1_over_3pi,2,2850,20,0.347317167596647,0.13383979557022896,0.029927488098970716,0.41818181818181815,0.11281521496355323,0.025226248955475646
voter,rho_1_over_3pi,2,2900,20,0.36720885846839185,0.1535401641344487,0.03433262442811025,0.4045454545454545,0.12017549151274805,0.026872056825195365
voter,rho_1_over_3pi,2,2950,20,0.3384137484611553,0.18681790127241268,0.04177375266589592,0.40909090909090906,0.13329889362377437,0.029806538746827274
voter,rho_1_over_3pi,2,3000,20,0.3500562652090002,0.1632225575658273,0.036497673417856244,0.40909090909090906,0.13636363636363635,0.03049183605681531
voter,rho_1_over_3pi,3,0,20,0.2881581499887914,0.10738420367146606,0.02401183791190806,0.17272727272727273,0.04895604370122276,0.010946904162538448
voter,rho_1_over_3pi,3,50,20,0.2357786483114439,0.07163435536436219,0.016017928811909058,0.19090909090909092,0.06363636363636363,0.014229523493180478
voter,rho_1_over_3pi,3,100,20,0.2863501329613873,0.12081266020803133,0.027014532076774192,0.20454545454545453,0.0634738183807679,0.014193177269087266
voter,rho_1_over_3pi,3,150,20,0.30514220109754464,0.12037800778620458,0.02691734084059524,0.21818181818181817,0.07272727272727272,0.016262312563634834
voter,rho_1_over_3pi,3,200,20,0.3116588583297989,0.13652086448932813,0.03052699333451748,0.23181818181818184,0.06726658448613064,0.015041265552522087
voter,rho_1_over_3pi,3,250,20,0.2348550546106396,0.12043074666606789,0.026929133612638396,0.23181818181818184,0.06726658448613064,0.015041265552522087
voter,rho_1_over_3pi,3,300,20,0.26077153093119765,0.10653945641491847,0.02382294668296337,0.2363636363636364,0.07272727272727272,0.016262312563634834
voter,rho_1_over_3pi,3,350,20,0.3000792071263932,0.1202298892526322,0.026884220529615695,0.2681818181818182,0.07859825666268447,0.01757510448107382
voter,rho_1_over_3pi,3,400,20,0.2170714538725993,0.10853727994987916,0.024269673606085475,0.2636363636363636,0.06982859770789643,0.015614149124834241
voter,rho_1_over_3pi,3,450,20,0.30896016857023384,0.17728286770536167,0.039641654343529086,0.2727272727272727,0.08624393618641034,0.01928473039599675
voter,rho_1_over_3pi,3,500,20,0.27574181792837177,0.13112856222399719,0.02932123789246687,0.2727272727272727,0.08624393618641034,0.01928473039599675
voter,rho_1_over_3pi,3,550,20,0.26202530778813904,0.12857683738121578,0.02875065487163345,0.2636363636363636,0.08576346483687822,0.01917729373611726
voter,rho_1_over_3pi,3,600,20,0.2642421124128794,0.1446575016871739,0.03234640072278113,0.2727272727272727,0.07606000241218869,0.01700753357624519
voter,rho_1_over_3pi,3,650,20,0.29853760930619705,0.11111793626613897,0.02484672590105759,0.2818181818181818,0.09491187735373227,0.02122294096350682
voter,rho_1_over_3pi,3,700,20,0.23451731463788156,0.13683283343907354,0.030596751712367476,0.29545454545454547,0.08564292582462169,0.01915034039358263
voter,rho_1_over_3pi,3,750,20,0.3048995384421812,0.1713271909268593,0.03830992453065426,0.28181818181818186,0.08080176743014171,0.018067824467592534
voter,rho_1_over_3pi,3,800,20,0.20557101939923542,0.1433589571387809,0.03205603733457928,0.2909090909090909,0.08430562268632458,0.01885131032120702
voter,rho_1_over_3pi,3,850,20,0.2843545085022652,0.14862664360873953,0.033233927837677625,0.2909090909090909,0.07385489458759964,0.01651445647689541
voter,rho_1_over_3pi,3,900,20,0.2778013620251368,0.134455176427411,0.030065091441841833,0.2863636363636364,0.09215061333051497,0.020605503557532975
voter,rho_1_over_3pi,3,950,20,0.25607976445180297,0.11854406095752046,0.026507257862989454,0.2727272727272727,0.09534625892455922,0.02132007163556104
voter,rho_1_over_3pi,3,1000,20,0.3042311903662559,0.14709935236915653,0.03289241513436287,0.2818181818181818,0.09045340337332908,0.02022599587389726
voter,rho_1_over_3pi,3,1050,20,0.3228248267154026,0.14554843104120027,0.03254561858265643,0.29545454545454547,0.08067381522408568,0.0180392134845313
voter,rho_1_over_3pi,3,1100,20,0.2784509409548437,0.1540752009381498,0.03445226229446423,0.2681818181818182,0.06726658448613064,0.015041265552522087
voter,rho_1_over_3pi,3,1150,20,0.281761823355707,0.14925752758353236,0.03337499778303283,0.2863636363636363,0.07201354326252209,0.016102717803562136
voter,rho_1_over_3pi,3,1200,20,0.24515058788505745,0.13491258088667285,0.030167370188253932,0.2772727272727272,0.06726658448613064,0.015041265552522087
voter,rho_1_over_3pi,3,1250,20,0.23592900476444195,0.10585737137833065,0.023670427832138793,0.2727272727272727,0.0574959574576069,0.0128564869306645
voter,rho_1_over_3pi,3,1300,20,0.2961048598429805,0.11723770480811897,0.026215147747700795,0.2727272727272727,0.0642824346533225,0.014373989364401724
voter,rho_1_over_3pi,3,1350,20,0.24206990980828486,0.11491902823285852,0.025696675903688918,0.2727272727272727,0.07606000241218869,0.01700753357624519
voter,rho_1_over_3pi,3,1400,20,0.21797242079854776,0.13785409878439517,0.03082511358588787,0.2772727272727272,0.07315216790650492,0.016357322014042348
voter,rho_1_over_3pi,3,1450,20,0.3145367059805482,0.1596661913527275,0.035702445757318776,0.2909090909090909,0.07385489458759964,0.01651445647689541
voter,rho_1_over_3pi,3,1500,20,0.27925985097334627,0.1294582931411576,0.028947754371472314,0.2909090909090909,0.06803013430498075,0.015212000482437737
voter,rho_1_over_3pi,3,1550,20,0.3382912433468002,0.1561751609063946,0.0349218276183666,0.2909090909090909,0.06803013430498075,0.015212000482437737
voter,rho_1_over_3pi,3,1600,20,0.3163295464285224,0.13186161566603033,0.0294851536252195,0.2909090909090909,0.06803013430498075,0.015212000482437737
voter,rho_1_over_3pi,3,1650,20,0.3063811447728454,0.1379327320656138,0.030842696522097743,0.2863636363636364,0.07201354326252209,0.016102717803562136
voter,rho_1_over_3pi,3,1700,20,0.3232473739911842,0.13867976171983246,0.03100973743090185,0.2863636363636364,0.07201354326252209,0.016102717803562136
voter,rho_1_over_3pi,3,1750,20,0.3248283956406831,0.13132953916068332,0.029366177701700857,0.30454545454545456,0.07201354326252209,0.016102717803562136
voter,rho_1_over_3pi,3,1800,20,0.2812512549850443,0.154336637053341,0.03451072118699833,0.3181818181818182,0.06741998624632421,0.01507556722888818
voter,rho_1_over_3pi,3,1850,20,0.29598850827315126,0.15836437188890481,0.03541135007576479,0.3136363636363636,0.06726658448613065,0.015041265552522089
voter,rho_1_over_3pi,3,1900,20,0.304150539267881,0.15833632071874063,0.03540507764343124,0.3090909090909091,0.07272727272727274,0.016262312563634834
voter,rho_1_over_3pi,3,1950,20,0.3706721983009749,0.1642792535519958,0.03673395782351864,0.3,0.07660136157433053,0.017128585164924336
voter,rho_1_over_3pi,3,2000,20,0.29101608841241994,0.10974950669822821,0.024540735747430677,0.3090909090909091,0.07820295697311479,0.017486712783337584
voter,rho_1_over_3pi,3,2050,20,0.24461204086450344,0.11672527214797815,0.0261005643215042,0.3136363636363636,0.08369069381600895,0.01871380804567173
voter,rho_1_over_3pi,3,2100,20,0.28786049878460684,0.12814110508352547,0.02865322216787068,0.3136363636363636,0.07315216790650492,0.016357322014042348
voter,rho_1_over_3pi,3,2150,20,0.2915821802666917,0.1521695868007925,0.03402615401946268,0.3090909090909091,0.07820295697311479,0.017486712783337584
voter,rho_1_over_3pi,3,2200,20,0.3076345192115759,0.1442318280969494,0.032251217214384294,0.30454545454545456,0.07753964595105446,0.01733839192978241
voter,rho_1_over_3pi,3,2250,20,0.2809787798358241,0.125587897872419,0.028082307679403007,0.2909090909090909,0.07925270806437588,0.017721444263289025
voter,rho_1_over_3pi,3,2300,20,0.2242102704760359,0.10127232345811026,0.02264517994916811,0.3136363636363636,0.1015377631985849,0.02270453407953123
voter,rho_1_over_3pi,3,2350,20,0.25319600528392283,0.1545265067864186,0.034553177350001456,0.30454545454545456,0.09653072991634228,0.02158492740106139
voter,rho_1_over_3pi,3,2400,20,0.2770874542981139,0.11619237456545863,0.025981404799548306,0.3136363636363636,0.08849055606332629,0.019787089872435375
voter,rho_1_over_3pi,3,2450,20,0.2764333403369092,0.14042819481168184,0.03140069895565038,0.35454545454545455,0.12162807418417865,0.027196864184821073
voter,rho_1_over_3pi,3,2500,20,0.2807284314256528,0.12038294431823122,0.026918444682713708,0.3363636363636363,0.09577867048047944,0.021416761798890446
voter,rho_1_over_3pi,3,2550,20,0.36518886851909704,0.10213697317534398,0.022838521503614168,0.3136363636363636,0.10153776319858489,0.022704534079531227
voter,rho_1_over_3pi,3,2600,20,0.30731975025206976,0.16466537029050182,0.03682029615097363,0.3363636363636363,0.1,0.022360679774997897
voter,rho_1_over_3pi,3,2650,20,0.31836424849129835,0.13142106458693267,0.029386643409177175,0.34090909090909094,0.09033912233796268,0.020200441857535428
voter,rho_1_over_3pi,3,2700,20,0.34990713536970836,0.13568373049880444,0.030339804483608818,0.34090909090909094,0.09033912233796268,0.020200441857535428
voter,rho_1_over_3pi,3,2750,20,0.26741616805180884,0.15129299486351866,0.03383014210343542,0.3363636363636363,0.07660136157433053,0.017128585164924336
voter,rho_1_over_3pi,3,2800,20,0.3360808343900795,0.13516932685345126,0.030224780331720477,0.3318181818181818,0.07753964595105446,0.01733839192978241
voter,rho_1_over_3pi,3,2850,20,0.3207412053220952,0.17325188262983868,0.03874029867901343,0.35,0.09215061333051497,0.020605503557532975
voter,rho_1_over_3pi,3,2900,20,0.25519784520768585,0.1150521521099202,0.025726443307542743,0.35,0.09653072991634228,0.02158492740106139
voter,rho_1_over_3pi,3,2950,20,0.313658889997513,0.17378933242559902,0.03886047610679478,0.34090909090909094,0.08564292582462169,0.01915034039358263
voter,rho_1_over_3pi,3,3000,20,0.29057059281060166,0.16422633580231283,0.03672212505496789,0.35,0.10474289656184466,0.023421223687251365
voter,rho_1_over_3pi,4,0,20,0.31185579675678016,0.1349993608884229,0.030186774786554,0.18181818181818182,0.049792959773196914,0.01113404428537808
voter,rho_1_over_3pi,4,50,20,0.22394781338820707,0.1147951635914862,0.025668978927877204,0.2,0.07385489458759963,0.016514456476895405
voter,rho_1_over_3pi,4,100,20,0.2725481227785086,0.13516875942588616,0.030224653451059687,0.20454545454545453,0.06968049871252677,0.015581033182729642
voter,rho_1_over_3pi,4,150,20,0.2574161991755789,0.15519900623960298,0.03470355279921662,0.21363636363636362,0.06602654111969976,0.014763983426283373
voter,rho_1_over_3pi,4,200,20,0.28846747815202056,0.15904071284930052,0.03556258451210602,0.22272727272727272,0.0731521679065049,0.016357322014042344
voter,rho_1_over_3pi,4,250,20,0.25368943973322067,0.11935949109091132,0.026689593583905824,0.2363636363636364,0.07272727272727272,0.016262312563634834
voter,rho_1_over_3pi,4,300,20,0.2542232836397591,0.13951519610315466,0.031196546238086757,0.2363636363636364,0.08813963377120597,0.019708621262435267
voter,rho_1_over_3pi,4,350,20,0.26067443212955876,0.12387310525078712,0.027698868392474613,0.24545454545454545,0.08672174558335868,0.019391571825183217
voter,rho_1_over_3pi,4,400,20,0.2759686505799171,0.15256503278048952,0.03411457842866583,0.22272727272727272,0.05359011873887088,0.011983114842240059
voter,rho_1_over_3pi,4,450,20,0.2729770970326974,0.11682512024663573,0.026122891035106448,0.22272727272727272,0.06726658448613064,0.015041265552522087
voter,rho_1_over_3pi,4,500,20,0.28939323554736285,0.14031956268723403,0.03137640807416983,0.23181818181818184,0.06726658448613064,0.015041265552522087
voter,rho_1_over_3pi,4,550,20,0.20451363712542872,0.10921315923342881,0.02442080480834556,0.2363636363636364,0.07272727272727272,0.016262312563634834
voter,rho_1_over_3pi,4,600,20,0.3129994477409005,0.1134751631962049,0.025373817866459647,0.22272727272727272,0.0731521679065049,0.016357322014042344
voter,rho_1_over_3pi,4,650,20,0.30454927766702655,0.13964534647389482,0.031225648745713937,0.23181818181818184,0.07859825666268445,0.017575104481073817
voter,rho_1_over_3pi,4,700,20,0.29315764833148095,0.16048378102688662,0.03588526436623095,0.24545454545454545,0.07100226978096957,0.015876590178702705
voter,rho_1_over_3pi,4,750,20,0.33631111337968655,0.09973860625667927,0.022302230357102066,0.2363636363636364,0.07272727272727272,0.016262312563634834
voter,rho_1_over_3pi,4,800,20,0.2818941075896762,0.1326841800405361,0.02966908461094595,0.24545454545454545,0.07660136157433053,0.017128585164924336
voter,rho_1_over_3pi,4,850,20,0.27982246258652055,0.11948259737069049,0.026717120984910157,0.24545454545454545,0.0818181818181818,0.018295101634089185
voter,rho_1_over_3pi,4,900,20,0.29649098181583994,0.16607597917097508,0.03713571788561394,0.2545454545454545,0.09359663764533636,0.020928844424038796
voter,rho_1_over_3pi,4,950,20,0.28605972181185263,0.15190556358252022,0.03396711663309317,0.2545454545454545,0.08430562268632458,0.01885131032120702
voter,rho_1_over_3pi,4,1000,20,0.23166842824909403,0.13583882419096188,0.03037448448746336,0.24545454545454545,0.08672174558335868,0.019391571825183217
voter,rho_1_over_3pi,4,1050,20,0.23825697059277337,0.09022440471464163,0.02017479021713912,0.24545454545454545,0.0818181818181818,0.018295101634089185
voter,rho_1_over_3pi,4,1100,20,0.23603406332346283,0.13423083707262728,0.030014927637109348,0.2409090909090909,0.0826972972666375,0.0184916778243709
voter,rho_1_over_3pi,4,1150,20,0.27904546778187694,0.11084762366991346,0.02478628216702412,0.2545454545454545,0.08430562268632458,0.01885131032120702
voter,rho_1_over_3pi,4,1200,20,0.2887703465924325,0.11645462914664872,0.026040046706643488,0.24545454545454545,0.0818181818181818,0.018295101634089185
voter,rho_1_over_3pi,4,1250,20,0.2808284899307236,0.15436885794357041,0.034517925997083185,0.2409090909090909,0.07753964595105445,0.017338391929782405
voter,rho_1_over_3pi,4,1300,20,0.23094101069106357,0.10326151788737542,0.02308997734559819,0.2545454545454545,0.09359663764533636,0.020928844424038796
voter,rho_1_over_3pi,4,1350,20,0.26662699711546956,0.1288058580451857,0.028801865448922343,0.25,0.07537783614444091,0.016854996561581053
voter,rho_1_over_3pi,4,1400,20,0.28667283875472654,0.11706875878570909,0.026177370268637125,0.23181818181818178,0.0731521679065049,0.016357322014042344
voter,rho_1_over_3pi,4,1450,20,0.2812612420895074,0.12515486229998432,0.02798547798173906,0.2545454545454545,0.07385489458759964,0.01651445647689541
voter,rho_1_over_3pi,4,1500,20,0.2772141937311582,0.11189147863723124,0.025019695233581458,0.2590909090909091,0.07201354326252209,0.016102717803562136
voter,rho_1_over_3pi,4,1550,20,0.25157653736694274,0.13717240267523576,0.030672681701880113,0.2681818181818182,0.07859825666268447,0.01757510448107382
voter,rho_1_over_3pi,4,1600,20,0.28129031293993007,0.18702979669028505,0.041821133921744254,0.2636363636363636,0.07551476239016432,0.01688561420091519
voter,rho_1_over_3pi,4,1650,20,0.23310348694439048,0.14215344790655451,0.03178647727550311,0.2636363636363636,0.07551476239016432,0.01688561420091519
voter,rho_1_over_3pi,4,1700,20,0.22807485261563487,0.14681897270541652,0.032829720335599756,0.25,0.07537783614444091,0.016854996561581053
voter,rho_1_over_3pi,4,1750,20,0.22739075656255497,0.12275477621686466,0.027448802418368383,0.2545454545454545,0.07385489458759964,0.01651445647689541
voter,rho_1_over_3pi,4,1800,20,0.31288370281330097,0.1314016749798115,0.02938230776121918,0.2590909090909091,0.0826972972666375,0.0184916778243709
voter,rho_1_over_3pi,4,1850,20,0.21577500726221727,0.10824655426985419,0.024204665367751406,0.25,0.07537783614444091,0.016854996561581053
voter,rho_1_over_3pi,4,1900,20,0.2801821873157685,0.13954109722848362,0.031202337905779687,0.2636363636363636,0.09045340337332908,0.02022599587389726
voter,rho_1_over_3pi,4,1950,20,0.27776358846272076,0.16121017412451052,0.036047690800698313,0.2545454545454545,0.08907235428302465,0.019917183909278765
voter,rho_1_over_3pi,4,2000,20,0.22722527151547434,0.13155040030164536,0.029415563754178784,0.2545454545454545,0.08907235428302465,0.019917183909278765
voter,rho_1_over_3pi,4,2050,20,0.2425194747035416,0.1345305187204997,0.030081938490734535,0.2636363636363636,0.09917011013305194,0.022175110759364482
voter,rho_1_over_3pi,4,2100,20,0.21700442241074835,0.11003073210369706,0.024603619659793505,0.2727272727272727,0.09534625892455922,0.02132007163556104
voter,rho_1_over_3pi,4,2150,20,0.24504614052043228,0.10402698610022258,0.023261141241452343,0.25,0.06968049871252677,0.015581033182729642
voter,rho_1_over_3pi,4,2200,20,0.2803574689846831,0.1606927503873415,0.03593199133575012,0.25,0.06968049871252677,0.015581033182729642
voter,rho_1_over_3pi,4,2250,20,0.25548763340559993,0.13438554286260435,0.030049520903399497,0.2363636363636364,0.05300865358950272,0.011853095282186631
voter,rho_1_over_3pi,4,2300,20,0.24002109164815683,0.10504690105222499,0.023489201157846924,0.2409090909090909,0.05202510519208907,0.011633167174608841
voter,rho_1_over_3pi,4,2350,20,0.3008490139892269,0.14688171995707822,0.03284375104761144,0.2636363636363636,0.0857634648368782,0.019177293736117255
voter,rho_1_over_3pi,4,2400,20,0.29108002132099664,0.13571194757460409,0.030346114013570243,0.2727272727272727,0.1036523113726489,0.023177361425421747
voter,rho_1_over_3pi,4,2450,20,0.2898426638338909,0.1380725946445225,0.030873970745492575,0.2772727272727272,0.09738311493467522,0.021775526485460876
voter,rho_1_over_3pi,4,2500,20,0.2838626323536055,0.1282862570172728,0.02868567912696314,0.24545454545454545,0.07100226978096957,0.015876590178702705
voter,rho_1_over_3pi,4,2550,20,0.32395606012665806,0.13664157475922992,0.030553984971425755,0.2545454545454545,0.08430562268632456,0.018851310321207015
voter,rho_1_over_3pi,4,2600,20,0.2459498119139067,0.14379470273199418,0.03215347301131137,0.25,0.04874456952165276,0.010899617098437996
voter,rho_1_over_3pi,4,2650,20,0.22913638488701613,0.11348928807782058,0.025376976286006325,0.2636363636363636,0.06982859770789643,0.015614149124834241
voter,rho_1_over_3pi,4,2700,20,0.2632684251826906,0.12166511401221033,0.027205146542156448,0.2818181818181818,0.09491187735373227,0.02122294096350682
voter,rho_1_over_3pi,4,2750,20,0.2798392947845325,0.11950043014372534,0.02672110851418348,0.2818181818181818,0.08080176743014171,0.018067824467592534
voter,rho_1_over_3pi,4,2800,20,0.24159983610028474,0.12844908107166997,0.028722087692363556,0.2863636363636363,0.0826972972666375,0.0184916778243709
voter,rho_1_over_3pi,4,2850,20,0.2789088900198347,0.14075316514473324,0.03147336453118775,0.2681818181818182,0.08369069381600894,0.018713808045671725
voter,rho_1_over_3pi,4,2900,20,0.2801283785075446,0.10925046112487204,0.0244291457648412,0.2818181818181818,0.08080176743014171,0.018067824467592534
voter,rho_1_over_3pi,4,2950,20,0.3369402910308835,0.14107392935616928,0.03154508958933976,0.2909090909090909,0.08430562268632458,0.01885131032120702
voter,rho_1_over_3pi,4,3000,20,0.26543572739411736,0.12367662873937796,0.027654934908925323,0.2818181818181818,0.08576346483687822,0.01917729373611726
voter,rho_1_over_3pi,5,0,20,0.2919016137792677,0.12355065479167891,0.027626766277880414,0.20454545454545453,0.06968049871252677,0.015581033182729642
voter,rho_1_over_3pi,5,50,20,0.3226428598271136,0.14934126047284574,0.03339372102627854,0.22272727272727272,0.06726658448613064,0.015041265552522087
voter,rho_1_over_3pi,5,100,20,0.2917775744556135,0.17187404141611698,0.03843220401740518,0.21363636363636362,0.06602654111969977,0.014763983426283376
voter,rho_1_over_3pi,5,150,20,0.3189360611993595,0.17597016357488512,0.039348124776520055,0.21363636363636362,0.06602654111969977,0.014763983426283376
voter,rho_1_over_3pi,5,200,20,0.2949122088238906,0.1722603352890372,0.0385185819533193,0.21363636363636362,0.05202510519208907,0.011633167174608841
voter,rho_1_over_3pi,5,250,20,0.2680590863000255,0.16875761614367904,0.037735350141808226,0.20909090909090908,0.04165977904505308,0.009315409787235995
voter,rho_1_over_3pi,5,300,20,0.2814375704424321,0.13492114562384086,0.030169285321705642,0.20454545454545453,0.039364791081110836,0.008802234877744126
voter,rho_1_over_3pi,5,350,20,0.2858373329177132,0.12165562392255422,0.027203024493598082,0.2,0.054545454545454536,0.012196734422726122
voter,rho_1_over_3pi,5,400,20,0.2682292725686254,0.11370858648150692,0.02542601289980631,0.20454545454545453,0.04874456952165276,0.010899617098437996
voter,rho_1_over_3pi,5,450,20,0.30506078228839906,0.19188286846035466,0.04290631375950034,0.20909090909090908,0.058210220340298616,0.013016200966614863
voter,rho_1_over_3pi,5,500,20,0.2851644974208272,0.13172488989760978,0.029454580813973074,0.20454545454545453,0.0634738183807679,0.014193177269087266
voter,rho_1_over_3pi,5,550,20,0.2589092679451376,0.14335629477478287,0.03205544201189124,0.21363636363636362,0.0594395310482819,0.013291083197466766
voter,rho_1_over_3pi,5,600,20,0.28250857445188143,0.11945110983924923,0.026710080158835522,0.22272727272727272,0.060814037092089324,0.013598432092410536
voter,rho_1_over_3pi,5,650,20,0.2828682935191433,0.13166731726733122,0.029441707182478443,0.21818181818181817,0.060302268915552716,0.013483997249264839
voter,rho_1_over_3pi,5,700,20,0.2705283467227325,0.1279054761355568,0.02860053393335821,0.22272727272727272,0.07859825666268447,0.01757510448107382
voter,rho_1_over_3pi,5,750,20,0.3065533436688245,0.12730007096897206,0.028465161222716903,0.23181818181818184,0.06726658448613064,0.015041265552522087
voter,rho_1_over_3pi,5,800,20,0.2907185391019501,0.13598801175760458,0.03040784384150445,0.2272727272727273,0.07329325225725954,0.01638886943392722
voter,rho_1_over_3pi,5,850,20,0.31306332733952086,0.12411224944644035,0.027752342660265127,0.22727272727272724,0.0674199862463242,0.015075567228888177
voter,rho_1_over_3pi,5,900,20,0.2570749544316449,0.13130250678875802,0.029360133079579052,0.20909090909090908,0.0506160396620911,0.011318090543626117
voter,rho_1_over_3pi,5,950,20,0.24438725679511367,0.14380325578731676,0.03215538553262303,0.22272727272727272,0.07315216790650492,0.016357322014042348
voter,rho_1_over_3pi,5,1000,20,0.234636413708869,0.13301182309943482,0.029742347826151302,0.21363636363636362,0.07201354326252209,0.016102717803562136
voter,rho_1_over_3pi,5,1050,20,0.2968703512035164,0.1379774520696386,0.030852696218993093,0.2,0.06803013430498075,0.015212000482437737
voter,rho_1_over_3pi,5,1100,20,0.2931840198558944,0.12755315433714143,0.028521752384237035,0.18636363636363637,0.04522670168666454,0.01011299793694863
voter,rho_1_over_3pi,5,1150,20,0.28130511541977843,0.1312161526876098,0.029340823715548723,0.19545454545454546,0.04336087279167934,0.009695785912591608
voter,rho_1_over_3pi,5,1200,20,0.18222515257710442,0.10704217896737908,0.023935358863075785,0.20909090909090908,0.0506160396620911,0.011318090543626117
voter,rho_1_over_3pi,5,1250,20,0.2449180888032525,0.13671580094030056,0.03057058245008417,0.20454545454545453,0.04874456952165276,0.010899617098437996
voter,rho_1_over_3pi,5,1300,20,0.3109820030803293,0.10823004738292526,0.02420097431562441,0.20909090909090908,0.050616039662091106,0.01131809054362612
voter,rho_1_over_3pi,5,1350,20,0.26459164061127555,0.12660735624452235,0.028310265501428445,0.19545454545454546,0.04336087279167934,0.009695785912591608
voter,rho_1_over_3pi,5,1400,20,0.21977698383195893,0.1404014714318726,0.03139472342626618,0.2,0.036363636363636355,0.008131156281817415
voter,rho_1_over_3pi,5,1450,20,0.27256749946856923,0.11600146782319225,0.02593871675424124,0.2,0.036363636363636355,0.008131156281817415
voter,rho_1_over_3pi,5,1500,20,0.25297924759173246,0.13728721371644717,0.03069835423115174,0.2,0.036363636363636355,0.008131156281817415
voter,rho_1_over_3pi,5,1550,20,0.2849675445872706,0.1444123053988454,0.03229157316592782,0.2,0.04635472285084349,0.010365231137264888
voter,rho_1_over_3pi,5,1600,20,0.2745042059272419,0.16644347577907834,0.03721789262533589,0.20454545454545453,0.056590452718130596,0.012654009915522775
voter,rho_1_over_3pi,5,1650,20,0.2653045546306888,0.1724632860323524,0.038563963119132995,0.22727272727272724,0.06098367211363062,0.013636363636363634
voter,rho_1_over_3pi,5,1700,20,0.28205388213211036,0.11524482696339135,0.02576952671453437,0.21363636363636362,0.05202510519208907,0.011633167174608841
voter,rho_1_over_3pi,5,1750,20,0.24756082257282727,0.12128010439432645,0.02711905577439849,0.19545454545454546,0.04336087279167934,0.009695785912591608
voter,rho_1_over_3pi,5,1800,20,0.22795594424974266,0.11399911496127024,0.025490977042821356,0.22272727272727272,0.060814037092089324,0.013598432092410536
voter,rho_1_over_3pi,5,1850,20,0.27042662236997733,0.14839167478523838,0.03318138721148345,0.2409090909090909,0.07201354326252209,0.016102717803562136
voter,rho_1_over_3pi,5,1900,20,0.21480708761815662,0.1326454432229896,0.029660422795219354,0.23181818181818184,0.06726658448613064,0.015041265552522087
voter,rho_1_over_3pi,5,1950,20,0.2574108419986678,0.09672877034196184,0.021629210586459224,0.2545454545454545,0.06803013430498075,0.015212000482437737
voter,rho_1_over_3pi,5,2000,20,0.27982977153797306,0.14300075431272524,0.03197594074769999,0.23181818181818184,0.07859825666268447,0.01757510448107382
voter,rho_1_over_3pi,5,2050,20,0.25350084333269063,0.15357268594071224,0.03433989652506588,0.23181818181818184,0.06726658448613064,0.015041265552522087
voter,rho_1_over_3pi,5,2100,20,0.28025006108690154,0.14492364634220808,0.032405912476831604,0.20909090909090908,0.06492207662311682,0.01451701765697392
voter,rho_1_over_3pi,5,2150,20,0.2915923557084079,0.13670992482104058,0.030569268509873248,0.20454545454545453,0.039364791081110836,0.008802234877744126
voter,rho_1_over_3pi,5,2200,20,0.2717942560658747,0.12745010884325372,0.02849871071132624,0.21363636363636362,0.0594395310482819,0.013291083197466766
voter,rho_1_over_3pi,5,2250,20,0.2768494346639211,0.11495292400308912,0.025704255228327453,0.21818181818181817,0.07272727272727272,0.016262312563634834
voter,rho_1_over_3pi,5,2300,20,0.2765214731187215,0.11410818902246375,0.02551536674436242,0.22272727272727272,0.08849055606332629,0.019787089872435375
voter,rho_1_over_3pi,5,2350,20,0.3045297337884389,0.13877548409125381,0.031031141603848414,0.23181818181818184,0.09738311493467522,0.021775526485460876
voter,rho_1_over_3pi,5,2400,20,0.2508179125074855,0.11758473689535624,0.02629274648144441,0.2272727272727273,0.08381404052084443,0.018741389207353
voter,rho_1_over_3pi,5,2450,20,0.30771904891628366,0.1443463081753398,0.032276815738119344,0.2363636363636364,0.09706434774573919,0.021704247975115127
voter,rho_1_over_3pi,5,2500,20,0.273479677164549,0.14770994877090093,0.0330289486404746,0.23181818181818184,0.10153776319858489,0.022704534079531227
voter,rho_1_over_3pi,5,2550,20,0.24633321280527354,0.08090720157097699,0.01809140025819823,0.2409090909090909,0.10474289656184464,0.02342122368725136
voter,rho_1_over_3pi,5,2600,20,0.19987473925479476,0.09970241803795325,0.022294138425396466,0.2409090909090909,0.10072054457345607,0.022521798439704532
voter,rho_1_over_3pi,5,2650,20,0.2582922360022342,0.1235718460437269,0.027631504785891176,0.2409090909090909,0.08755163765571919,0.019577141333961844
voter,rho_1_over_3pi,5,2700,20,0.28031756681194825,0.14647792656460765,0.03275346010016849,0.2272727272727273,0.09315409787235998,0.020829889522526544
voter,rho_1_over_3pi,5,2750,20,0.29703294222745324,0.14273355611377786,0.031916193414068796,0.23181818181818184,0.09738311493467522,0.021775526485460876
voter,rho_1_over_3pi,5,2800,20,0.2606730081002401,0.13549189944881618,0.030296909756811926,0.2409090909090909,0.09653072991634228,0.02158492740106139
voter,rho_1_over_3pi,5,2850,20,0.2945431079672095,0.1669537716478649,0.037331998250460297,0.24545454545454545,0.09136250564655354,0.02042927732204021
voter,rho_1_over_3pi,5,2900,20,0.2169423075104168,0.12349927586663113,0.027615277600978646,0.2409090909090909,0.08755163765571919,0.019577141333961844
voter,rho_1_over_3pi,5,2950,20,0.28079118224068267,0.150950240200429,0.03375349983080807,0.2363636363636364,0.08331955809010617,0.018630819574471994
voter,rho_1_over_3pi,5,3000,20,0.23236059592262498,0.11091018018167774,0.02480027022829814,0.24545454545454545,0.0818181818181818,0.018295101634089185
voter,rho_1_over_3pi,6,0,20,0.24981340418453063,0.15076507003345288,0.03371209452273171,0.16363636363636364,0.061657545301138796,0.013787046261911908
voter,rho_1_over_3pi,6,50,20,0.3062352693288982,0.15537041334516682,0.03474188059320335,0.16363636363636364,0.05454545454545454,0.012196734422726124
voter,rho_1_over_3pi,6,100,20,0.3081233340469406,0.15025275706614122,0.03359753786066536,0.16818181818181818,0.052025105192089076,0.011633167174608843
voter,rho_1_over_3pi,6,150,20,0.2970758259332821,0.1636853753938858,0.03660116263033,0.2,0.061657545301138796,0.013787046261911908
voter,rho_1_over_3pi,6,200,20,0.30015131899332004,0.1395090611921828,0.031195174430289855,0.2,0.07925270806437588,0.017721444263289025
voter,rho_1_over_3pi,6,250,20,0.241126139447349,0.12815519309402318,0.02865637234278474,0.18181818181818182,0.07041787902195303,0.015745916432444336
voter,rho_1_over_3pi,6,300,20,0.29128191432792927,0.15102698584446683,0.03377066067851263,0.17272727272727273,0.06982859770789644,0.015614149124834244
voter,rho_1_over_3pi,6,350,20,0.2548759421322613,0.09207216034465206,0.020587960936590245,0.17727272727272728,0.06726658448613064,0.015041265552522087
voter,rho_1_over_3pi,6,400,20,0.2802063610151839,0.13031652317659093,0.029139660441428412,0.18636363636363637,0.05359011873887089,0.01198311484224006
voter,rho_1_over_3pi,6,450,20,0.28422375079029316,0.10242251451187265,0.022902370487500594,0.19090909090909092,0.06363636363636364,0.014229523493180482
voter,rho_1_over_3pi,6,500,20,0.2644874102861632,0.1496465713190028,0.033461990606906064,0.2,0.07385489458759964,0.01651445647689541
voter,rho_1_over_3pi,6,550,20,0.3097261354618085,0.15621138053129002,0.03492992657270517,0.18181818181818182,0.07041787902195304,0.01574591643244434
voter,rho_1_over_3pi,6,600,20,0.2806598924623937,0.13018930375724944,0.02911121331445785,0.19545454545454546,0.06602654111969977,0.014763983426283376
voter,rho_1_over_3pi,6,650,20,0.28726257197931454,0.11725728528288674,0.02621952607496204,0.17272727272727273,0.05677270907634908,0.012694763676153582
voter,rho_1_over_3pi,6,700,20,0.2537662550390724,0.14987914197238086,0.03351399498595855,0.17727272727272728,0.053590118738870894,0.011983114842240062
voter,rho_1_over_3pi,6,750,20,0.26833706548676145,0.14378978115571997,0.03215237251340081,0.18636363636363637,0.05359011873887089,0.01198311484224006
voter,rho_1_over_3pi,6,800,20,0.26812453219891097,0.16792757496264388,0.03754974729131634,0.19090909090909092,0.05677270907634907,0.01269476367615358
voter,rho_1_over_3pi,6,850,20,0.2864679903019339,0.12178453621184904,0.027231850157797916,0.20454545454545453,0.0565904527181306,0.012654009915522776
voter,rho_1_over_3pi,6,900,20,0.2815886402399729,0.09968458109310897,0.022290149963278195,0.2,0.06803013430498075,0.015212000482437737
voter,rho_1_over_3pi,6,950,20,0.239750415487737,0.11617399026228235,0.025977293944386196,0.19545454545454546,0.05943953104828191,0.013291083197466767
voter,rho_1_over_3pi,6,1000,20,0.26042822080231004,0.13086012356674842,0.02926121318392717,0.19545454545454546,0.06602654111969977,0.014763983426283376
voter,rho_1_over_3pi,6,1050,20,0.26693992176302844,0.13995814268140233,0.03129559210402303,0.2,0.061657545301138796,0.013787046261911908
voter,rho_1_over_3pi,6,1100,20,0.25640909383282584,0.1444190857896391,0.03229308930740069,0.2,0.07385489458759964,0.01651445647689541
voter,rho_1_over_3pi,6,1150,20,0.2706994214311871,0.16689888040434264,0.03731972419527177,0.18636363636363637,0.05359011873887089,0.01198311484224006
voter,rho_1_over_3pi,6,1200,20,0.20391269707923837,0.10818104409454087,0.024190016847229556,0.20454545454545453,0.06968049871252678,0.015581033182729645
voter,rho_1_over_3pi,6,1250,20,0.26559608479778346,0.13899890589966604,0.031081100238974983,0.19090909090909092,0.05677270907634907,0.01269476367615358
voter,rho_1_over_3pi,6,1300,20,0.2667204931828951,0.15133042182167641,0.0338385110256986,0.2,0.0616575453011388,0.01378704626191191
voter,rho_1_over_3pi,6,1350,20,0.2625513844389886,0.12297706110139704,0.027498506829586895,0.2,0.0616575453011388,0.01378704626191191
voter,rho_1_over_3pi,6,1400,20,0.21261856416555408,0.13945777815344532,0.031183707194218882,0.19545454545454546,0.052025105192089076,0.011633167174608843
voter,rho_1_over_3pi,6,1450,20,0.31963397403939287,0.11882501013291889,0.026570080008430794,0.19545454545454546,0.07201354326252209,0.016102717803562136
voter,rho_1_over_3pi,6,1500,20,0.37067978545274916,0.1566095336905713,0.03501895632566609,0.18636363636363637,0.07315216790650492,0.016357322014042348
voter,rho_1_over_3pi,6,1550,20,0.2594281421045787,0.12850010922922997,0.028733497935270632,0.18181818181818182,0.05749595745760689,0.012856486930664499
voter,rho_1_over_3pi,6,1600,20,0.26438961205900136,0.10255371456330284,0.02293170771086553,0.17727272727272728,0.060814037092089324,0.013598432092410536
voter,rho_1_over_3pi,6,1650,20,0.2706967862522658,0.11298766652270033,0.02526481029638352,0.18181818181818182,0.07606000241218869,0.01700753357624519
voter,rho_1_over_3pi,6,1700,20,0.29096018032626425,0.1500003466259223,0.033541097170409345,0.17727272727272728,0.060814037092089324,0.013598432092410536
voter,rho_1_over_3pi,6,1750,20,0.2639207211667002,0.14651407566808258,0.03276154328543805,0.18181818181818182,0.0642824346533225,0.014373989364401724
voter,rho_1_over_3pi,6,1800,20,0.26860666719853865,0.13922531989186662,0.031131727946736742,0.19545454545454546,0.07201354326252209,0.016102717803562136
voter,rho_1_over_3pi,6,1850,20,0.268596339331768,0.11229259649474975,0.025109387913221502,0.2,0.061657545301138796,0.013787046261911908
voter,rho_1_over_3pi,6,1900,20,0.2976787053993006,0.15337568013123573,0.03429584468687069,0.2,0.06803013430498075,0.015212000482437737
voter,rho_1_over_3pi,6,1950,20,0.2825363749424998,0.13548806041937553,0.030296051323732233,0.19545454545454546,0.05943953104828191,0.013291083197466767
voter,rho_1_over_3pi,6,2000,20,0.2785100675116982,0.16746073692913233,0.037445359133574926,0.20909090909090908,0.06492207662311682,0.01451701765697392
voter,rho_1_over_3pi,6,2050,20,0.21390032549379706,0.12416913041419236,0.027765061631317072,0.2,0.061657545301138796,0.013787046261911908
voter,rho_1_over_3pi,6,2100,20,0.2514497913338936,0.1188228979993064,0.026569607720997285,0.18636363636363637,0.06726658448613064,0.015041265552522087
voter,rho_1_over_3pi,6,2150,20,0.24395440966628054,0.104282221036627,0.023318213508255654,0.2,0.061657545301138796,0.013787046261911908
voter,rho_1_over_3pi,6,2200,20,0.22738691449024614,0.11701893627190066,0.026166229615868567,0.19090909090909092,0.06363636363636363,0.014229523493180478
voter,rho_1_over_3pi,6,2250,20,0.27386396038380484,0.12477986805100896,0.027901626718551023,0.18181818181818182,0.07041787902195303,0.015745916432444336
voter,rho_1_over_3pi,6,2300,20,0.23511417602820517,0.11897280936927805,0.02660312892238296,0.19545454545454546,0.07753964595105446,0.01733839192978241
voter,rho_1_over_3pi,6,2350,20,0.2718219669455704,0.13992967176298865,0.03128922581312754,0.19545454545454546,0.07201354326252209,0.016102717803562136
voter,rho_1_over_3pi,6,2400,20,0.25834952822603674,0.10393296411030281,0.023240117285368303,0.19545454545454546,0.06602654111969977,0.014763983426283376
voter,rho_1_over_3pi,6,2450,20,0.252984819612122,0.11662636582571044,0.026078448195504693,0.2,0.06803013430498075,0.015212000482437737
voter,rho_1_over_3pi,6,2500,20,0.2714068931475598,0.11614223148658946,0.025970192466253046,0.18181818181818182,0.07606000241218869,0.01700753357624519
voter,rho_1_over_3pi,6,2550,20,0.3072649092840264,0.13185931613784585,0.029484639435085832,0.18181818181818182,0.07041787902195303,0.015745916432444336
voter,rho_1_over_3pi,6,2600,20,0.3531836874709607,0.14420956761547649,0.032246239619405766,0.18181818181818182,0.0642824346533225,0.014373989364401724
voter,rho_1_over_3pi,6,2650,20,0.26414199407386646,0.1423260496115291,0.031825072190038654,0.18181818181818182,0.0574959574576069,0.0128564869306645
voter,rho_1_over_3pi,6,2700,20,0.27169244132935844,0.13606887965785044,0.03042592645371919,0.19545454545454546,0.052025105192089076,0.011633167174608843
voter,rho_1_over_3pi,6,2750,20,0.2802400392902738,0.1326264903029217,0.02965618479345496,0.19090909090909092,0.05677270907634907,0.01269476367615358
voter,rho_1_over_3pi,6,2800,20,0.23699308311118158,0.14033407390186303,0.031379652880404486,0.17272727272727273,0.05677270907634908,0.012694763676153582
voter,rho_1_over_3pi,6,2850,20,0.2642284730030874,0.12683640309358266,0.028361481933881542,0.17727272727272728,0.05359011873887089,0.01198311484224006
voter,rho_1_over_3pi,6,2900,20,0.22184148158640035,0.15345936481506947,0.03431455715104348,0.17727272727272728,0.07315216790650492,0.016357322014042348
voter,rho_1_over_3pi,6,2950,20,0.24726348771180037,0.14062275079381117,0.03144420299579743,0.17272727272727273,0.04895604370122276,0.010946904162538448
voter,rho_1_over_3pi,6,3000,20,0.2312575666351536,0.1250687281203214,0.027966217793647816,0.17272727272727273,0.06363636363636363,0.014229523493180478
voter,rho_1_over_pi,0,0,20,0.1604765329892899,0.08083852971076468,0.018076044763440623,0.159375,0.053125,0.011879111130467633
voter,rho_1_over_pi,0,50,20,0.36834908432249586,0.1529016782540605,0.03418985464498806,0.2984375,0.0799627598870249,0.017880216677588108
voter,rho_1_over_pi,0,100,20,0.4723101125891815,0.15904576771962403,0.0355637148154721,0.4640625,0.12353635282276225,0.02762356826040944
voter,rho_1_over_pi,0,150,20,0.5961431652827822,0.183941804904738,0.041130637967099835,0.5546875,0.1583838666618226,0.035415709239509804
voter,rho_1_over_pi,0,200,20,0.6839411610726406,0.23641798383667365,0.05286466829622488,0.6265625,0.1793747277872499,0.04010940847778112
voter,rho_1_over_pi,0,250,20,0.7305177971107489,0.26019719813507625,0.058181862258501194,0.6578125,0.15733218986828473,0.03518054715943883
voter,rho_1_over_pi,0,300,20,0.7688644011315877,0.25374394262124506,0.05673887045799101,0.68125,0.21093171288357757,0.04716576486181476
voter,rho_1_over_pi,0,350,20,0.8036845908197645,0.23714238407924723,0.05302664911475607,0.678125,0.18516778708781936,0.04140477591715719
voter,rho_1_over_pi,0,400,20,0.8230290818508793,0.2350500157972188,0.05255878134349806,0.678125,0.160291482540402,0.03584226511745596
voter,rho_1_over_pi,0,450,20,0.8963477842757577,0.14226497161071144,0.031811414733862856,0.7234375,0.1732262226649014,0.038734560936423426
voter,rho_1_over_pi,0,500,20,0.8877978354052262,0.15817399820115774,0.03536878122507182,0.7296875,0.19346627411192371,0.04326037402678692
voter,rho_1_over_pi,0,550,20,0.8851218673290256,0.1565340829852995,0.03500208503507229,0.728125,0.19617932644649386,0.04386703097144825
voter,rho_1_over_pi,0,600,20,0.8601012079506128,0.20619791760022607,0.04610725605730058,0.8015625,0.1787748562263441,0.03997527311898569
voter,rho_1_over_pi,0,650,20,0.8785137042847133,0.22053446452178882,0.04931300540522354,0.7875,0.20953818267800262,0.046854162034978275
voter,rho_1_over_pi,0,700,20,0.9012055765402405,0.17354758313062948,0.038806419321088324,0.7875,0.21277555663186504,0.04757806085792064
voter,rho_1_over_pi,0,750,20,0.9435341181076844,0.0756562298133347,0.01691724727839626,0.8203125,0.179483579941871,0.04013374855950413
voter,rho_1_over_pi,0,800,20,0.9575669906749207,0.069473755420553,0.015534803977255098,0.8234375,0.18886870232717226,0.04223232572257299
voter,rho_1_over_pi,0,850,20,0.9584397990207381,0.09351286130797959,0.020910111465515226,0.8640625,0.1880915148770672,0.04205854132560353
voter,rho_1_over_pi,0,900,20,0.9775107905549423,0.055942354809927416,0.012509090817641002,0.8921875,0.16431528145230437,0.036742013906936294
voter,rho_1_over_pi,0,950,20,0.9830676686851841,0.047589947501763236,0.010641435765958888,0.909375,0.15653099732960243,0.03500139506148291
voter,rho_1_over_pi,0,1000,20,0.9954499052947297,0.012710102898047304,0.002842065408105085,0.89375,0.16219924090451224,0.03626885285613538
voter,rho_1_over_pi,0,1050,20,0.9954499052947297,0.012710102898047304,0.002842065408105085,0.89375,0.16219924090451224,0.03626885285613538
voter,rho_1_over_pi,0,1100,20,0.9968048367313808,0.007682832726056429,0.0017179336235222194,0.9,0.16135413304281981,0.03607988099342901
voter,rho_1_over_pi,0,1150,20,0.9982126257986316,0.005138373216939422,0.001148975180684082,0.903125,0.1626501709959138,0.03636968388988279
voter,rho_1_over_pi,0,1200,20,0.9982126257986316,0.005138373216939422,0.001148975180684082,0.9078125,0.1640178510673457,0.03667550645100214
voter,rho_1_over_pi,0,1250,20,0.9991180634532052,0.003525452767640398,0.00078831520399087,0.915625,0.14727339584935223,0.032931332439638694
voter,rho_1_over_pi,0,1300,20,0.9999317146128371,0.0001835664258863553,4.1046700666856755e-05,0.93125,0.13856124548372103,0.030983236394863594
voter,rho_1_over_pi,0,1350,20,0.9999293794242788,0.00019227564934974961,4.299414223639533e-05,0.93125,0.13856124548372103,0.030983236394863594
voter,rho_1_over_pi,0,1400,20,0.9999293794242788,0.00019227564934974961,4.299414223639533e-05,0.93125,0.13856124548372103,0.030983236394863594
voter,rho_1_over_pi,0,1450,20,0.9999306248717593,0.00018761226809398872,4.195137848710736e-05,0.93125,0.13856124548372103,0.030983236394863594
voter,rho_1_over_pi,0,1500,20,0.9999447896523165,0.00013855438644600596,3.098170266740448e-05,0.93125,0.13856124548372103,0.030983236394863594
voter,rho_1_over_pi,0,1550,20,0.999941832502296,0.0001480138867829294,3.309691124605878e-05,0.93125,0.13856124548372103,0.030983236394863594
voter,rho_1_over_pi,0,1600,20,0.9999293794242788,0.00019227564934974961,4.299414223639533e-05,0.93125,0.13856124548372103,0.030983236394863594
voter,rho_1_over_pi,0,1650,20,0.9999293794242788,0.00019227564934974961,4.299414223639533e-05,0.93125,0.13856124548372103,0.030983236394863594
voter,rho_1_over_pi,0,1700,20,0.9999331156735846,0.00017841577874751327,3.989498095380019e-05,0.93125,0.13856124548372103,0.030983236394863594
voter,rho_1_over_pi,0,1750,20,0.9999331156735846,0.00017841577874751327,3.989498095380019e-05,0.93125,0.13856124548372103,0.030983236394863594
voter,rho_1_over_pi,0,1800,20,0.9999331156735846,0.00017841577874751327,3.989498095380019e-05,0.93125,0.13856124548372103,0.030983236394863594
voter,rho_1_over_pi,0,1850,20,0.9999331156735846,0.00017841577874751327,3.989498095380019e-05,0.93125,0.13856124548372103,0.030983236394863594
voter,rho_1_over_pi,0,1900,20,0.9999331156735846,0.00017841577874751327,3.989498095380019e-05,0.93125,0.13856124548372103,0.030983236394863594
voter,rho_1_over_pi,0,1950,20,0.9999438654720301,0.00017562304707337815,3.92705071671719e-05,0.934375,0.139369394506111,0.03116394400986499
voter,rho_1_over_pi,0,2000,20,0.9999438654720301,0.00017562304707337815,3.92705071671719e-05,0.934375,0.139369394506111,0.03116394400986499
voter,rho_1_over_pi,0,2050,20,0.9999438654720301,0.00017562304707337815,3.92705071671719e-05,0.934375,0.139369394506111,0.03116394400986499
voter,rho_1_over_pi,0,2100,20,0.9999438654720301,0.00017562304707337815,3.92705071671719e-05,0.934375,0.139369394506111,0.03116394400986499
voter,rho_1_over_pi,0,2150,20,0.9999438654720301,0.00017562304707337815,3.92705071671719e-05,0.934375,0.139369394506111,0.03116394400986499
voter,rho_1_over_pi,0,2200,20,0.9999438654720301,0.00017562304707337815,3.92705071671719e-05,0.934375,0.139369394506111,0.03116394400986499
voter,rho_1_over_pi,0,2250,20,0.9999438654720301,0.00017562304707337815,3.92705071671719e-05,0.934375,0.139369394506111,0.03116394400986499
voter,rho_1_over_pi,0,2300,20,0.9999438654720301,0.00017562304707337815,3.92705071671719e-05,0.934375,0.139369394506111,0.03116394400986499
voter,rho_1_over_pi,0,2350,20,0.9999438654720301,0.00017562304707337815,3.92705071671719e-05,0.934375,0.139369394506111,0.03116394400986499
voter,rho_1_over_pi,0,2400,20,0.9999555394507619,0.00013400595779226713,2.9964643101347694e-05,0.9515625,0.12440287062101903,0.027817327530471
voter,rho_1_over_pi,0,2450,20,0.9999525823007416,0.00014398599561891897,3.2196247401188974e-05,0.9515625,0.12440287062101903,0.027817327530471
voter,rho_1_over_pi,0,2500,20,0.9999798125957691,8.799485497494986e-05,1.9676247739422343e-05,0.9515625,0.12440287062101903,0.027817327530471
voter,rho_1_over_pi,0,2550,20,0.9999798125957691,8.799485497494986e-05,1.9676247739422343e-05,0.9515625,0.12440287062101903,0.027817327530471
voter,rho_1_over_pi,0,2600,20,0.9999798125957691,8.799485497494986e-05,1.9676247739422343e-05,0.9515625,0.12440287062101903,0.027817327530471
voter,rho_1_over_pi,0,2650,20,0.9999798125957691,8.799485497494986e-05,1.9676247739422343e-05,0.9515625,0.12440287062101903,0.027817327530471
voter,rho_1_over_pi,0,2700,20,0.9999798125957691,8.799485497494986e-05,1.9676247739422343e-05,0.9515625,0.12440287062101903,0.027817327530471
voter,rho_1_over_pi,0,2750,20,0.9999798125957691,8.799485497494986e-05,1.9676247739422343e-05,0.9515625,0.12440287062101903,0.027817327530471
voter,rho_1_over_pi,0,2800,20,0.9999798125957691,8.799485497494986e-05,1.9676247739422343e-05,0.9515625,0.12440287062101903,0.027817327530471
voter,rho_1_over_pi,0,2850,20,0.9999798125957691,8.799485497494986e-05,1.9676247739422343e-05,0.9515625,0.12440287062101903,0.027817327530471
voter,rho_1_over_pi,0,2900,20,0.9999798125957691,8.799485497494986e-05,1.9676247739422343e-05,0.9515625,0.12440287062101903,0.027817327530471
voter,rho_1_over_pi,0,2950,20,0.9999798125957691,8.799485497494986e-05,1.9676247739422343e-05,0.9515625,0.12440287062101903,0.027817327530471
voter,rho_1_over_pi,0,3000,20,0.9999798125957691,8.799485497494986e-05,1.9676247739422343e-05,0.9515625,0.12440287062101903,0.027817327530471
voter,rho_1_over_pi,0.050000000000000003,0,20,0.1507446623752196,0.05865828318828704,0.01311639086524429,0.1640625,0.04059494080239556,0.009077304717673634
voter,rho_1_over_pi,0.050000000000000003,50,20,0.3181014488555038,0.1498466337155758,0.033506725918753935,0.3140625,0.10936383871623198,0.024454497764981802
voter,rho_1_over_pi,0.050000000000000003,100,20,0.4165323784570233,0.21209385272177794,0.04742562722957242,0.409375,0.10865836656696069,0.024296749396781454
voter,rho_1_over_pi,0.050000000000000003,150,20,0.5466904607894544,0.22727565317209217,0.05082038101234638,0.5171875,0.20645704569897827,0.046165198861669594
voter,rho_1_over_pi,0.050000000000000003,200,20,0.6328610917366426,0.22008761270300986,0.04921308630095762,0.5859375,0.2178272950498858,0.048707663908644803
voter,rho_1_over_pi,0.050000000000000003,250,20,0.76342946395865,0.1743306123631112,0.038981509980308186,0.6015625,0.1869457955364335,0.041802350692724206
voter,rho_1_over_pi,0.050000000000000003,300,20,0.7552062803999477,0.18063848517052025,0.04039199321938709,0.6484375,0.2079651694845798,0.04650242559197853
voter,rho_1_over_pi,0.050000000000000003,350,20,0.7788693446534717,0.212623636376485,0.04754409045610175,0.640625,0.21503542586048469,0.048083382979465995
voter,rho_1_over_pi,0.050000000000000003,400,20,0.8331010657292073,0.17723098334150242,0.03963005264707322,0.6890625,0.19849900621602617,0.04438572713651878
voter,rho_1_over_pi,0.050000000000000003,450,20,0.855022578637783,0.16184394173568942,0.03618940554675168,0.7046875,0.19174237069242156,0.0428748975035218
voter,rho_1_over_pi,0.050000000000000003,500,20,0.85823705106928,0.15759968819412928,0.03524036160348441,0.69375,0.20170174453881157,0.04510188119690796
voter,rho_1_over_pi,0.050000000000000003,550,20,0.9028982399523002,0.1472419445308944,0.03292429971103333,0.725,0.20242668425877058,0.04526398264624976
voter,rho_1_over_pi,0.050000000000000003,600,20,0.937033627621213,0.09576360180043846,0.021413392339600164,0.7578125,0.18245156677526778,0.040797410591084084
voter,rho_1_over_pi,0.050000000000000003,650,20,0.9353469977543686,0.09559915789556915,0.021376621564622836,0.7359375,0.17745900715024301,0.03968104032075646
voter,rho_1_over_pi,0.050000000000000003,700,20,0.954552106103838,0.06170500782518245,0.01379765920492644,0.7546875,0.18495010940453643,0.04135610170745666
voter,rho_1_over_pi,0.050000000000000003,750,20,0.9601560951951427,0.05619408731788894,0.01256537991763585,0.7390625,0.20331121272263858,0.04546176922357399
voter,rho_1_over_pi,0.050000000000000003,800,20,0.974891556495814,0.033176475841251885,0.007418485523491873,0.7234375,0.1891270550945845,0.04229009515758388
voter,rho_1_over_pi,0.050000000000000003,850,20,0.9741682604383536,0.026945059321680946,0.006025098430104296,0.73125,0.18812396179115515,0.042065796676159596
voter,rho_1_over_pi,0.050000000000000003,900,20,0.9735132246422825,0.027335263508409577,0.006112350738767321,0.7375,0.19995116591307988,0.04471043991619854
voter,rho_1_over_pi,0.050000000000000003,950,20,0.964751060257312,0.031465049710415506,0.007035799006789914,0.765625,0.22152260748059102,0.04953396088796049
voter,rho_1_over_pi,0.050000000000000003,1000,20,0.9719413792044895,0.03523503306591692,0.007878792912484304,0.771875,0.22493488641160134,0.05029696965275343
voter,rho_1_over_pi,0.050000000000000003,1050,20,0.9730165785868771,0.04202797483825753,0.009397740869499455,0.80625,0.23167191241063298,0.05180341446275525
voter,rho_1_over_pi,0.050000000000000003,1100,20,0.9718026262376235,0.04461075264865025,0.009975267544981074,0.8,0.21569292408421747,0.04823040405180118
voter,rho_1_over_pi,0.050000000000000003,1150,20,0.9707471046713687,0.04150598844677761,0.009281021164031565,0.7984375,0.18969419263316945,0.04241691096647067
voter,rho_1_over_pi,0.050000000000000003,1200,20,0.9747158123968234,0.03724028586960565,0.00832718107059631,0.8234375,0.1867890165902428,0.041767293854611885
voter,rho_1_over_pi,0.050000000000000003,1250,20,0.9790103982822924,0.024347239720635037,0.005444208307982293,0.8046875,0.19031096058490693,0.0425548244731135
voter,rho_1_over_pi,0.050000000000000003,1300,20,0.9842596708778973,0.021851574910176648,0.004886160691458384,0.80625,0.23460405473904325,0.05245906141935824
voter,rho_1_over_pi,0.050000000000000003,1350,20,0.9840381652373367,0.025648661828787663,0.005735215138107329,0.8421875,0.20880870244975425,0.046691045297117734
voter,rho_1_over_pi,0.050000000000000003,1400,20,0.9858960336407753,0.018630561945033864,0.004165920296811642,0.846875,0.22028479435721385,0.04925717745922922
voter,rho_1_over_pi,0.050000000000000003,1450,20,0.9851336863917334,0.013523985628996404,0.0030240551193166207,0.85,0.2069590086224806,0.04627744118358317
voter,rho_1_over_pi,0.050000000000000003,1500,20,0.9856814501918668,0.017581454829833556,0.003931332814284982,0.85,0.2069590086224806,0.04627744118358317
voter,rho_1_over_pi,0.050000000000000003,1550,20,0.9826517814881013,0.020833665805723253,0.004658549296211012,0.8390625,0.20664616308741374,0.046207486795296494
voter,rho_1_over_pi,0.050000000000000003,1600,20,0.9855617837299212,0.01391191877112462,0.0031107996069689985,0.840625,0.18325933639244688,0.04097803336850123
voter,rho_1_over_pi,0.050000000000000003,1650,20,0.9900567754043534,0.011004565437129042,0.0024606956380265224,0.8359375,0.19810503645478073,0.04429763281979636
voter,rho_1_over_pi,0.050000000000000003,1700,20,0.9897483788092691,0.00872637128572839,0.001951275939179092,0.8265625,0.19527499639930865,0.04366481662548808
voter,rho_1_over_pi,0.050000000000000003,1750,20,0.9920019116132816,0.008313530953452596,0.0018589620344968644,0.828125,0.1904712494708847,0.0425906661576219
voter,rho_1_over_pi,0.050000000000000003,1800,20,0.9889340497487973,0.012825583944716768,0.0028678877551516595,0.825,0.1732614534453639,0.03874243877842488
voter,rho_1_over_pi,0.050000000000000003,1850,20,0.986338234165974,0.01332207614179851,0.0029789067854489597,0.8046875,0.176188763741477,0.03939700525975927
voter,rho_1_over_pi,0.050000000000000003,1900,20,0.9820703312305366,0.01882324995204527,0.004209006645024288,0.765625,0.18658631548160223,0.041721968508808396
voter,rho_1_over_pi,0.050000000000000003,1950,20,0.9817808074587419,0.023410761056220742,0.005234805312671435,0.79375,0.21704694192731672,0.04853317164579294
voter,rho_1_over_pi,0.050000000000000003,2000,20,0.9850450015122176,0.015603225780480477,0.0034889873513431558,0.7703125,0.22147300731409686,0.049522869953562865
voter,rho_1_over_pi,0.050000000000000003,2050,20,0.983736056470448,0.01408497946699826,0.0031494971549896862,0.7734375,0.22466881007106884,0.05023747317428993
voter,rho_1_over_pi,0.050000000000000003,2100,20,0.9815784830588378,0.030990449399353505,0.006929675151022196,0.728125,0.22077190576475078,0.04936609888121604
voter,rho_1_over_pi,0.050000000000000003,2150,20,0.9823303911388253,0.029107708757339625,0.006508681545067733,0.746875,0.1926125888279372,0.04306948419414841
voter,rho_1_over_pi,0.050000000000000003,2200,20,0.9824251780181044,0.02770837312554601,0.006195780585464918,0.76875,0.18915932438026944,0.042297310789221575
voter,rho_1_over_pi,0.050000000000000003,2250,20,0.9819977515315198,0.02735002562074123,0.006115651647433827,0.7609375,0.20113811913396723,0.04497585072500018
voter,rho_1_over_pi,0.050000000000000003,2300,20,0.9843007317385135,0.016514418256787705,0.0036927361831040886,0.734375,0.19702375332685143,0.044055850562099014
voter,rho_1_over_pi,0.050000000000000003,2350,20,0.9796049652226042,0.019451797615122522,0.004349554175198225,0.7296875,0.20640973927784997,0.046154620824328085
voter,rho_1_over_pi,0.050000000000000003,2400,20,0.9766112549365484,0.02575624019559961,0.005759270392217321,0.8140625,0.18814342725365135,0.0420701492858951
voter,rho_1_over_pi,0.050000000000000003,2450,20,0.9759439848158872,0.02516304302012859,0.0056266274713759135,0.8,0.18682168972043905,0.04177459978862754
voter,rho_1_over_pi,0.050000000000000003,2500,20,0.9739060899433394,0.025829006474066326,0.005775541426729446,0.7609375,0.16778514674651626,0.037517899373998805
voter,rho_1_over_pi,0.050000000000000003,2550,20,0.9708822315617114,0.040048648956078674,0.00895515014728179,0.7625,0.1625,0.036336104634371584
voter,rho_1_over_pi,0.050000000000000003,2600,20,0.9768247273968624,0.03713876460823834,0.008304480226438427,0.8203125,0.14917579551907875,0.03335672193782686
voter,rho_1_over_pi,0.050000000000000003,2650,20,0.97413491623206,0.0456962823199297,0.01021799935863846,0.825,0.15668688920902094,0.0350362535454349
voter,rho_1_over_pi,0.050000000000000003,2700,20,0.971173775071571,0.04886401386840846,0.010926325666325377,0.8390625,0.16514523674254125,0.03692759755166181
voter,rho_1_over_pi,0.050000000000000003,2750,20,0.9708901910726094,0.05097986069689807,0.011399443400173388,0.8046875,0.15432406801516735,0.03450791066462152
voter,rho_1_over_pi,0.050000000000000003,2800,20,0.977639652701499,0.04216335783779279,0.009428013428495323,0.871875,0.16591954940572856,0.03710073912673439
voter,rho_1_over_pi,0.050000000000000003,2850,20,0.9786238234243368,0.03949240118123044,0.008830769363592424,0.8484375,0.2001647270843442,0.04475819364582869
voter,rho_1_over_pi,0.050000000000000003,2900,20,0.9809316139138973,0.029534319903165168,0.006604074697270232,0.8515625,0.20489016684250613,0.04581483409811171
voter,rho_1_over_pi,0.050000000000000003,2950,20,0.9807950177123722,0.03074946782695117,0.006875790033300556,0.8546875,0.20234827456331325,0.045246449705336
voter,rho_1_over_pi,0.050000000000000003,3000,20,0.9823756178499096,0.024183115070889,0.005407508920620745,0.8390625,0.202589438196442,0.04530037553307367
voter,rho_1_over_pi,0.10000000000000001,0,20,0.14414830626753788,0.07328730615883479,0.016387539845899357,0.140625,0.03202172114362375,0.0071602745233685
voter,rho_1_over_pi,0.10000000000000001,50,20,0.3059484853690575,0.1774680427425492,0.03968306074061782,0.246875,0.07961087001785623,0.017801531710782643
voter,rho_1_over_pi,0.10000000000000001,100,20,0.3672412320688696,0.20878681769422575,0.046686151717014464,0.38125,0.15612494995995996,0.03491060010942235
voter,rho_1_over_pi,0.10000000000000001,150,20,0.5411023235817305,0.2195219996967148,0.049086611387854244,0.5015625,0.19301144517553875,0.043158671184797846
voter,rho_1_over_pi,0.10000000000000001,200,20,0.6651483019129738,0.24273919673466407,0.05427813447024038,0.590625,0.17141985189878098,0.038330644153862066
voter,rho_1_over_pi,0.10000000000000001,250,20,0.6930332310154931,0.19812430082207136,0.0443019404632769,0.646875,0.18752603985846872,0.04193209726748711
voter,rho_1_over_pi,0.10000000000000001,300,20,0.7849798144966914,0.21129187610707742,0.047246299806888874,0.6640625,0.21443853832450455,0.0479499148689286
voter,rho_1_over_pi,0.10000000000000001,350,20,0.8194348919176646,0.16694862364497653,0.037330847122019624,0.6859375,0.2152567053978807,0.04813286258823071
voter,rho_1_over_pi,0.10000000000000001,400,20,0.809769889329113,0.16792849712781058,0.03754995349371626,0.696875,0.2336655930491265,0.05224921500606492
voter,rho_1_over_pi,0.10000000000000001,450,20,0.8094288907698303,0.20186110686547037,0.04513751569645412,0.734375,0.2125229766989913,0.04752158226795484
voter,rho_1_over_pi,0.10000000000000001,500,20,0.8212488191209608,0.19044321450641902,0.0425843973489927,0.7890625,0.1725483967434934,0.03858299445270546
voter,rho_1_over_pi,0.10000000000000001,550,20,0.904247118097078,0.07972881145759754,0.01782790421844522,0.778125,0.1821904480893551,0.04073902267789447
voter,rho_1_over_pi,0.10000000000000001,600,20,0.9160706840294692,0.07555652121883219,0.0168949517588714,0.84375,0.1269381000724369,0.028384222069663984
voter,rho_1_over_pi,0.10000000000000001,650,20,0.9261254550825375,0.06462417007534542,0.014450403727798006,0.803125,0.17513945336502568,0.03916237232663517
voter,rho_1_over_pi,0.10000000000000001,700,20,0.9379085045631852,0.06409840347971543,0.014332838742985276,0.825,0.14162836492030825,0.03166906515039558
voter,rho_1_over_pi,0.10000000000000001,750,20,0.9479404701070075,0.0505269952968475,0.011298179618256318,0.7953125,0.18394414700867762,0.041131161677461774
voter,rho_1_over_pi,0.10000000000000001,800,20,0.9438774863203303,0.04441721028949622,0.009931990157821665,0.7796875,0.1850029032711379,0.04136790677490825
voter,rho_1_over_pi,0.10000000000000001,850,20,0.933982432280208,0.06827295678783663,0.015266297240250838,0.790625,0.17541802750857735,0.0392246633988107
voter,rho_1_over_pi,0.10000000000000001,900,20,0.926704686417392,0.06210914922508492,0.013888027969196826,0.796875,0.1710206036564016,0.0382413695328763
voter,rho_1_over_pi,0.10000000000000001,950,20,0.9447599011422012,0.0478558875079352,0.010700901759132611,0.809375,0.1789454787777551,0.04001342548133064
voter,rho_1_over_pi,0.10000000000000001,1000,20,0.9474043399793919,0.06317961320685213,0.014127390992266483,0.8015625,0.19943156525171737,0.0445942536762025
voter,rho_1_over_pi,0.10000000000000001,1050,20,0.9521192284400886,0.04917366434923434,0.010995565618764594,0.8171875,0.16514523674254125,0.03692759755166181
voter,rho_1_over_pi,0.10000000000000001,1100,20,0.9578467319659844,0.042623759147372584,0.009530962291010357,0.771875,0.17004709825515987,0.03802368710751233
voter,rho_1_over_pi,0.10000000000000001,1150,20,0.9526967057984338,0.059950067807860434,0.013405242687409773,0.775,0.1690391042037315,0.03779829278552141
voter,rho_1_over_pi,0.10000000000000001,1200,20,0.9514791929866122,0.04540416906458261,0.010152680849029976,0.7703125,0.17685263772064583,0.03954545199435075
voter,rho_1_over_pi,0.10000000000000001,1250,20,0.9474154699243756,0.055505782887726916,0.012411470368130196,0.803125,0.17147681147898686,0.03834338070319308
voter,rho_1_over_pi,0.10000000000000001,1300,20,0.9619439148512663,0.028501285936738542,0.006373081280070615,0.796875,0.18789021894446767,0.042013530186714845
voter,rho_1_over_pi,0.10000000000000001,1350,20,0.9593739404153473,0.030932343324968255,0.006916682237799088,0.8,0.19070182877990446,0.04264222525853922
voter,rho_1_over_pi,0.10000000000000001,1400,20,0.9588638697348028,0.03718229433451618,0.00831421376913835,0.8078125,0.1844213395156591,0.04123786516585819
voter,rho_1_over_pi,0.10000000000000001,1450,20,0.9655265682749794,0.03187118723713884,0.007126614118586615,0.8328125,0.17181106765499712,0.03841812265633889
voter,rho_1_over_pi,0.10000000000000001,1500,20,0.9573174683131784,0.049435269206106726,0.01105406224308567,0.84375,0.16712177446401172,0.037369564822191864
voter,rho_1_over_pi,0.10000000000000001,1550,20,0.9509102080547784,0.06433548476055968,0.014385851729001323,0.8390625,0.16778514674651626,0.037517899373998805
voter,rho_1_over_pi,0.10000000000000001,1600,20,0.9434765264663187,0.06474142620755663,0.014476622996038302,0.8015625,0.17237852380372098,0.03854500970861857
voter,rho_1_over_pi,0.10000000000000001,1650,20,0.948521011584145,0.06900088310301707,0.015429066512586277,0.8171875,0.18175441664165964,0.040641523082156995
voter,rho_1_over_pi,0.10000000000000001,1700,20,0.9389008557245111,0.0712985809489306,0.015942847370108027,0.8234375,0.1732262226649014,0.038734560936423426
voter,rho_1_over_pi,0.10000000000000001,1750,20,0.9428654890290931,0.08838790146100835,0.019764135605536762,0.8109375,0.17580034618495494,0.039310152453755506
voter,rho_1_over_pi,0.10000000000000001,1800,20,0.950422636180002,0.05196038689176402,0.011618695722717336,0.746875,0.19057376360611658,0.042613589015125214
voter,rho_1_over_pi,0.10000000000000001,1850,20,0.949591922516413,0.042075629410264964,0.009408396755744184,0.75,0.18275239396516807,0.04086467759569381
voter,rho_1_over_pi,0.10000000000000001,1900,20,0.9479828420370671,0.047603562023022475,0.010644480065460565,0.7625,0.18232440182268528,0.04076897564325108
voter,rho_1_over_pi,0.10000000000000001,1950,20,0.9216791190355785,0.09817340838315852,0.021952241472759017,0.7578125,0.18245156677526778,0.040797410591084084
voter,rho_1_over_pi,0.10000000000000001,2000,20,0.9318075173212066,0.0685540430794442,0.015329150045808624,0.7125,0.2,0.044721359549995794
voter,rho_1_over_pi,0.10000000000000001,2050,20,0.9369657816578375,0.05145166011800772,0.01150494095790801,0.71875,0.19415280708761334,0.04341388746703064
voter,rho_1_over_pi,0.10000000000000001,2100,20,0.9236509079244621,0.0647199200470379,0.014471814072352812,0.765625,0.19149392124816914,0.042819342518889754
voter,rho_1_over_pi,0.10000000000000001,2150,20,0.9202605723639758,0.07718450268365722,0.017258979481017248,0.7546875,0.2390727122001798,0.053458283604484534
voter,rho_1_over_pi,0.10000000000000001,2200,20,0.9220989416211992,0.08305841467743136,0.018572426132210277,0.7625,0.21928505991061042,0.04903363004102389
voter,rho_1_over_pi,0.10000000000000001,2250,20,0.9247257624408979,0.0795660312484134,0.01779150545713248,0.7265625,0.20321512423722304,0.04544028318504958
voter,rho_1_over_pi,0.10000000000000001,2300,20,0.9200440443009178,0.08168746060651084,0.018265871482549444,0.7453125,0.2124712756321428,0.04751002155795659
voter,rho_1_over_pi,0.10000000000000001,2350,20,0.8874909109898477,0.10870145361214303,0.024306383952979186,0.7671875,0.23248718882714806,0.051985715811533266
voter,rho_1_over_pi,0.10000000000000001,2400,20,0.9226803452834128,0.08807297179224396,0.019693715190787896,0.8078125,0.23328391868868714,0.052163870024543806
voter,rho_1_over_pi,0.10000000000000001,2450,20,0.9137938234475269,0.10435137633790048,0.023333677103720852,0.8328125,0.22756244850315266,0.05088451039793446
voter,rho_1_over_pi,0.10000000000000001,2500,20,0.9171494365716386,0.11625170804482976,0.02599467216886985,0.796875,0.2170694373351532,0.04853820177190333
voter,rho_1_over_pi,0.10000000000000001,2550,20,0.9168113046606992,0.1302625433816841,0.0291275901923461,0.8375,0.2104682280060342,0.047062126492541746
voter,rho_1_over_pi,0.10000000000000001,2600,20,0.9315043491358773,0.12072117431258005,0.026994075208653042,0.853125,0.1817073970013329,0.04063100917095218
voter,rho_1_over_pi,0.10000000000000001,2650,20,0.9402856261515629,0.09899714985618203,0.022136435665715656,0.8859375,0.19447319665894836,0.04348552875310935
voter,rho_1_over_pi,0.10000000000000001,2700,20,0.9440223239898533,0.12010853529569684,0.026857084959911095,0.8015625,0.20922919363403855,0.04678506998431765
voter,rho_1_over_pi,0.10000000000000001,2750,20,0.9273549379942174,0.11830431826313884,0.026453649766814826,0.809375,0.19958452939794707,0.044628457499111485
voter,rho_1_over_pi,0.10000000000000001,2800,20,0.9350659984844905,0.07502172826407683,0.016775368418799307,0.821875,0.1919014639730505,0.042910471842546774
voter,rho_1_over_pi,0.10000000000000001,2850,20,0.9480624390307716,0.06394556043916834,0.01429866200013017,0.7609375,0.16807591058432497,0.037582916144672705
voter,rho_1_over_pi,0.10000000000000001,2900,20,0.9399529202712197,0.07153942260270163,0.015996701201072577,0.759375,0.18882345425025993,0.04222220794499028
voter,rho_1_over_pi,0.10000000000000001,2950,20,0.948993000625225,0.06097253582097278,0.013633873485623607,0.759375,0.19889833301211954,0.044475019322648975
voter,rho_1_over_pi,0.10000000000000001,3000,20,0.9421934300121231,0.08051099738412815,0.01800280630872183,0.7453125,0.18600313967444204,0.04159156643404405
voter,rho_1_over_pi,0.14999999999999999,0,20,0.1566539951429215,0.05734478430145837,0.01282268358531237,0.1328125,0.034053897996411515,0.0076146830818820035
voter,rho_1_over_pi,0.14999999999999999,50,20,0.2774519318909038,0.11492392131216525,0.02569777002948383,0.24375,0.06599597525607148,0.014757148691396991
voter,rho_1_over_pi,0.14999999999999999,100,20,0.4170969285497275,0.16864658426599155,0.03771052265919036,0.3484375,0.10139409114317263,0.022672408031294337
voter,rho_1_over_pi,0.14999999999999999,150,20,0.5069004603390632,0.16253399651832287,0.036343706486968406,0.440625,0.18379144940665765,0.04109701745564999
voter,rho_1_over_pi,0.14999999999999999,200,20,0.6131798424670583,0.18325020928881663,0.04097599248608574,0.5390625,0.19285959716526943,0.04312471693747682
voter,rho_1_over_pi,0.14999999999999999,250,20,0.584456490761294,0.26733324993425817,0.05977753194989424,0.590625,0.1923589174564049,0.04301276155107923
voter,rho_1_over_pi,0.14999999999999999,300,20,0.665277622658416,0.21874307002203922,0.04891243741762761,0.6109375,0.17072770489510483,0.0381758753787978
voter,rho_1_over_pi,0.14999999999999999,350,20,0.6997385290014181,0.17988349344389548,0.0402231719370688,0.634375,0.15998657170212754,0.03577408498131014
voter,rho_1_over_pi,0.14999999999999999,400,20,0.6925387337252993,0.21950752229724904,0.04908337414291996,0.7,0.1470411294502324,0.03287939609390659
voter,rho_1_over_pi,0.14999999999999999,450,20,0.7687645354161143,0.1688654666357547,0.037759466244977016,0.6640625,0.18720680200983617,0.04186071351443379
voter,rho_1_over_pi,0.14999999999999999,500,20,0.8192113331873996,0.11700193502899975,0.026162428022385727,0.659375,0.1803046467093957,0.04031734467012925
voter,rho_1_over_pi,0.14999999999999999,550,20,0.8189276648984422,0.18809977359663055,0.0420603880314386,0.6359375,0.18202286729625483,0.04070155047338491
voter,rho_1_over_pi,0.14999999999999999,600,20,0.8076967515626933,0.1902517191686972,0.04254157768974067,0.7328125,0.19326426006571934,0.043215202312814636
voter,rho_1_over_pi,0.14999999999999999,650,20,0.820614334062587,0.21304516889956654,0.04763834799373548,0.790625,0.17261205599551846,0.03859722909419794
voter,rho_1_over_pi,0.14999999999999999,700,20,0.8527081128895115,0.1836664947706129,0.04106907674962001,0.7640625,0.16579442984838183,0.03707276154318019
voter,rho_1_over_pi,0.14999999999999999,750,20,0.8739479928921957,0.12594213305594912,0.028161517074442553,0.771875,0.1645009023531482,0.03678352000216945
voter,rho_1_over_pi,0.14999999999999999,800,20,0.8886845556054193,0.1064155236025364,0.023795234463650467,0.7359375,0.16252253449522008,0.03634114350068666
voter,rho_1_over_pi,0.14999999999999999,850,20,0.8874684252366473,0.14713018569209702,0.03289930967496958,0.7203125,0.20383888973586467,0.04557976139074775
voter,rho_1_over_pi,0.14999999999999999,900,20,0.8826329193346913,0.11866993928160817,0.02653540511194484,0.7328125,0.18394414700867762,0.041131161677461774
voter,rho_1_over_pi,0.14999999999999999,950,20,0.8802885404916584,0.12953711139118015,0.028965378667964115,0.740625,0.22032912171340402,0.04926708935739963
voter,rho_1_over_pi,0.14999999999999999,1000,20,0.89621952385891,0.11444922273260193,0.025591624200211213,0.69375,0.22176493749012716,0.04958814752539159
voter,rho_1_over_pi,0.14999999999999999,1050,20,0.8920174489089672,0.1114638133930473,0.024924066377820523,0.7265625,0.19859737654045181,0.044407723409757224
voter,rho_1_over_pi,0.14999999999999999,1100,20,0.8916498189438572,0.1239446452332649,0.027714865218867558,0.74375,0.20883793058254527,0.04669758090629535
voter,rho_1_over_pi,0.14999999999999999,1150,20,0.8715841132175726,0.128959377541153,0.028836193451807778,0.7109375,0.2029747040119778,0.045386523588368165
voter,rho_1_over_pi,0.14999999999999999,1200,20,0.8972429203350611,0.10619808586968123,0.023746613908496708,0.753125,0.18379144940665765,0.04109701745564999
voter,rho_1_over_pi,0.14999999999999999,1250,20,0.9308627033024479,0.05939107488946811,0.01328024807096315,0.7609375,0.15819878466268317,0.03537432364636107
voter,rho_1_over_pi,0.14999999999999999,1300,20,0.9012629766057845,0.12061100025272056,0.02696943953993275,0.7890625,0.1558980410997842,0.03485986174581735
voter,rho_1_over_pi,0.14999999999999999,1350,20,0.9089705372656651,0.07675529447191713,0.017163005607222052,0.8171875,0.16216160679627592,0.03626043761370648
voter,rho_1_over_pi,0.14999999999999999,1400,20,0.913351931382242,0.09042825207966089,0.020220371873660846,0.78125,0.2003415053103076,0.044797722458848284
voter,rho_1_over_pi,0.14999999999999999,1450,20,0.9302752004408432,0.04682282348129571,0.010469901620265057,0.7734375,0.18431540350374953,0.04121417715346869
voter,rho_1_over_pi,0.14999999999999999,1500,20,0.8994331787903505,0.1071830060663544,0.02396684875971408,0.740625,0.21197084852639525,0.04739812265533309
voter,rho_1_over_pi,0.14999999999999999,1550,20,0.8946307899148438,0.11898048429021967,0.026604845086877698,0.7609375,0.21178072201867196,0.04735560907577369
voter,rho_1_over_pi,0.14999999999999999,1600,20,0.9093389714690291,0.07205692314679656,0.016112417840571516,0.7625,0.21501271764711966,0.048078305268592816
voter,rho_1_over_pi,0.14999999999999999,1650,20,0.8971249076029583,0.09073668022692832,0.020289338504007277,0.7515625,0.1945234059663515,0.04349675589555501
voter,rho_1_over_pi,0.14999999999999999,1700,20,0.874314791346978,0.14215423427849413,0.031786653113614366,0.7796875,0.19275829870267583,0.043102065912639265
voter,rho_1_over_pi,0.14999999999999999,1750,20,0.8733614590837391,0.14041167454295275,0.031397004911261905,0.8359375,0.14247909660279995,0.031859294537662
voter,rho_1_over_pi,0.14999999999999999,1800,20,0.9249106071494063,0.08308030425559244,0.018577320790686976,0.8078125,0.16366022109465087,0.03659553795802844
voter,rho_1_over_pi,0.14999999999999999,1850,20,0.9259815733083416,0.0619593725740336,0.013854536891877524,0.7890625,0.19810503645478073,0.04429763281979636
voter,rho_1_over_pi,0.14999999999999999,1900,20,0.9190417311645447,0.07422315349998539,0.016596801673036874,0.796875,0.2163935578408008,0.04838707052250632
voter,rho_1_over_pi,0.14999999999999999,1950,20,0.9237483312372436,0.06632213208877648,0.014830079576322432,0.821875,0.17981652976019752,0.04020819840219156
voter,rho_1_over_pi,0.14999999999999999,2000,20,0.8882215973088112,0.1747408047683499,0.03907323179050498,0.8078125,0.20186508296074882,0.04513840477838688
voter,rho_1_over_pi,0.14999999999999999,2050,20,0.8869878955615761,0.1888163397233283,0.04222061708840559,0.790625,0.2032691795993677,0.04545237033147996
voter,rho_1_over_pi,0.14999999999999999,2100,20,0.8668576918258355,0.20369236499474247,0.045546997462594274,0.7734375,0.199822919653252,0.04468176318071501
voter,rho_1_over_pi,0.14999999999999999,2150,20,0.8588100301610536,0.18063102805520398,0.040390325757710774,0.7703125,0.20379097555767772,0.04556904745479655
voter,rho_1_over_pi,0.14999999999999999,2200,20,0.8306178196550092,0.20459439476082314,0.045748697450062735,0.84375,0.17087778893115396,0.03820943518949214
voter,rho_1_over_pi,0.14999999999999999,2250,20,0.8837855011978002,0.1070276163047129,0.023932102552710287,0.8234375,0.1698100386277266,0.037970678963346174
voter,rho_1_over_pi,0.14999999999999999,2300,20,0.8978859060516534,0.09576525638199365,0.021413762315283337,0.8265625,0.16696831426576123,0.037335250078678994
voter,rho_1_over_pi,0.14999999999999999,2350,20,0.8948903882388912,0.0670609572489869,0.0149952859044942,0.8296875,0.1554589349916884,0.03476167463511359
voter,rho_1_over_pi,0.14999999999999999,2400,20,0.8880173808587376,0.10310167032666484,0.023054234344419552,0.8328125,0.13915025321123206,0.031114942526662328
voter,rho_1_over_pi,0.14999999999999999,2450,20,0.9335881902279718,0.06297723771103263,0.014082138455703221,0.815625,0.15621874687437484,0.03493157373709349
voter,rho_1_over_pi,0.14999999999999999,2500,20,0.9139847960063733,0.09768803228137286,0.021843708076934358,0.84375,0.13799626353637262,0.03085690259083047
voter,rho_1_over_pi,0.14999999999999999,2550,20,0.9048556931570537,0.10070859110617064,0.02251912556316283,0.846875,0.1438518660810488,0.03216625512474214
voter,rho_1_over_pi,0.14999999999999999,2600,20,0.9095417404502918,0.10845106626584264,0.02425039564027584,0.8453125,0.13709991509388325,0.03065647298593724
voter,rho_1_over_pi,0.14999999999999999,2650,20,0.8742228550131351,0.1604105849137246,0.035868897217759044,0.8578125,0.13922041595523985,0.03113063139317126
voter,rho_1_over_pi,0.14999999999999999,2700,20,0.8998287605521925,0.09929403092992942,0.022202820291928882,0.7984375,0.15918340198886943,0.035594490773678725
voter,rho_1_over_pi,0.14999999999999999,2750,20,0.899525018384562,0.07203057119302844,0.01610652536457497,0.7859375,0.19296084244931663,0.0431473560712299
voter,rho_1_over_pi,0.14999999999999999,2800,20,0.8785588787320575,0.09935571978673434,0.02221661433965589,0.796875,0.18235118076118947,0.04077496359593715
voter,rho_1_over_pi,0.14999999999999999,2850,20,0.893275492392975,0.10981706078222635,0.02455584129982843,0.8453125,0.17496511929167483,0.039123390042754475
voter,rho_1_over_pi,0.14999999999999999,2900,20,0.9058787115843201,0.06997841578505992,0.01564764946531383,0.828125,0.17469281074217108,0.0390625
voter,rho_1_over_pi,0.14999999999999999,2950,20,0.9181197703643627,0.053143120746571876,0.011883163052581408,0.7875,0.21369151246598447,0.047782874808868496
voter,rho_1_over_pi,0.14999999999999999,3000,20,0.905969171443585,0.08132709684955464,0.018185291696831314,0.8296875,0.17524397056318372,0.03918574308262509
voter,rho_1_over_pi,0.20000000000000001,0,20,0.13941585691855946,0.08506420171769183,0.019020933749251328,0.15625,0.06091746465505603,0.013621559198564604
voter,rho_1_over_pi,0.20000000000000001,50,20,0.354723764580237,0.11410768296656239,0.025515253586822835,0.2875,0.10106851017997644,0.02259960591470568
voter,rho_1_over_pi,0.20000000000000001,100,20,0.42158308222548807,0.23063902242019088,0.051572453239564484,0.390625,0.12751378601939478,0.028512949360772904
voter,rho_1_over_pi,0.20000000000000001,150,20,0.5389931742348222,0.22960496624673146,0.051341231249923625,0.5359375,0.1493066658550448,0.03338598543457269
voter,rho_1_over_pi,0.20000000000000001,200,20,0.6373316548116468,0.2200874061602232,0.049213040116586504,0.5265625,0.15222150544108412,0.03403776338036182
voter,rho_1_over_pi,0.20000000000000001,250,20,0.6329441582288837,0.22059313433578648,0.049326124374456146,0.6203125,0.18835093368165182,0.042116549133772815
voter,rho_1_over_pi,0.20000000000000001,300,20,0.7124295140335517,0.20713990747896266,0.04631789139759776,0.6375,0.22521690933409064,0.050360031895343355
voter,rho_1_over_pi,0.20000000000000001,350,20,0.772215664308079,0.13213985451422222,0.02954736972307333,0.721875,0.1926125888279372,0.04306948419414841
voter,rho_1_over_pi,0.20000000000000001,400,20,0.7766284724845863,0.124510470802351,0.02784138766245596,0.709375,0.16715098900395414,0.03737609739191613
voter,rho_1_over_pi,0.20000000000000001,450,20,0.7787476527832153,0.19204109549835136,0.04294169440078425,0.7015625,0.17215176580200972,0.03849430507799173
voter,rho_1_over_pi,0.20000000000000001,500,20,0.799766683698316,0.1299737022095226,0.02906300334278071,0.6984375,0.21903441332071544,0.04897758375969052
voter,rho_1_over_pi,0.20000000000000001,550,20,0.8126866266806209,0.16645539946178517,0.03722055884184335,0.6953125,0.19437273913476139,0.04346306576781601
voter,rho_1_over_pi,0.20000000000000001,600,20,0.8249636059867234,0.1490913232282161,0.03333783335936846,0.6859375,0.22760535850183755,0.05089410536533184
voter,rho_1_over_pi,0.20000000000000001,650,20,0.812493180495667,0.1420012998665037,0.03175245593948341,0.7046875,0.19972515294461538,0.04465990188007023
voter,rho_1_over_pi,0.20000000000000001,700,20,0.8036528607670224,0.13701345157490838,0.030637139155337074,0.703125,0.21021287573552672,0.04700502798903538
voter,rho_1_over_pi,0.20000000000000001,750,20,0.7508549069212043,0.17656875544871062,0.03948197398858533,0.7578125,0.16113458805839917,0.03603078924250064
voter,rho_1_over_pi,0.20000000000000001,800,20,0.8495236474866582,0.12245445748990215,0.027381649109527947,0.759375,0.1934221015680473,0.043250496745702235
voter,rho_1_over_pi,0.20000000000000001,850,20,0.8230030589968216,0.1595378835951553,0.03567375527052158,0.7421875,0.17811814679798912,0.03982842842665902
voter,rho_1_over_pi,0.20000000000000001,900,20,0.8142951824864293,0.18939183046530814,0.04234930073035446,0.74375,0.18344575151798964,0.041019717057776
voter,rho_1_over_pi,0.20000000000000001,950,20,0.8091388897132701,0.21278546231573306,0.04758027583616989,0.746875,0.20465767912541175,0.04576284826417604
voter,rho_1_over_pi,0.20000000000000001,1000,20,0.8182364582731216,0.15848215849702843,0.03543768796202514,0.7828125,0.18814342725365135,0.0420701492858951
voter,rho_1_over_pi,0.20000000000000001,1050,20,0.8316044160823555,0.15587115543644608,0.03485384992873293,0.7921875,0.20992814060708964,0.046941359278758636
voter,rho_1_over_pi,0.20000000000000001,1100,20,0.8240140638589069,0.1504741094307794,0.03364703375409649,0.75,0.19813584355184197,0.0443045214961182
voter,rho_1_over_pi,0.20000000000000001,1150,20,0.8646911731654481,0.1120814606839697,0.02506217651068263,0.75625,0.20530084632071052,0.04590666482113463
voter,rho_1_over_pi,0.20000000000000001,1200,20,0.8082380506139577,0.14789709791924832,0.03307079646223819,0.734375,0.2009498926971597,0.044933762014213764
voter,rho_1_over_pi,0.20000000000000001,1250,20,0.8224158690670228,0.15216694010593163,0.034025562200500216,0.7984375,0.20045724099854811,0.04482360174548114
voter,rho_1_over_pi,0.20000000000000001,1300,20,0.8399899178247546,0.1315379572141349,0.029412781395226444,0.7484375,0.22063363120510435,0.049335179749723214
voter,rho_1_over_pi,0.20000000000000001,1350,20,0.8407473307606723,0.1360520822397236,0.030422170436841377,0.7625,0.2388939356702049,0.05341830795710399
voter,rho_1_over_pi,0.20000000000000001,1400,20,0.8274184034049007,0.1695421139060131,0.03791076917428576,0.7984375,0.1925048193390233,0.04304538620383722
voter,rho_1_over_pi,0.20000000000000001,1450,20,0.8419469076537986,0.12499530312910893,0.027949799466487974,0.8421875,0.15795167130723878,0.0353190674202689
voter,rho_1_over_pi,0.20000000000000001,1500,20,0.8621981170729276,0.13762677140257587,0.03077428163799837,0.815625,0.18111525163552628,0.04049860144190167
voter,rho_1_over_pi,0.20000000000000001,1550,20,0.8165624072032381,0.1393427549339343,0.031157987220437132,0.79375,0.18915932438026944,0.042297310789221575
voter,rho_1_over_pi,0.20000000000000001,1600,20,0.8304381837576145,0.1552583071362822,0.03471681288282677,0.7875,0.19605483926697653,0.04383919479187545
voter,rho_1_over_pi,0.20000000000000001,1650,20,0.8229689781368963,0.17486194675219874,0.03910031996158649,0.80625,0.20860399085348297,0.04664527039261323
voter,rho_1_over_pi,0.20000000000000001,1700,20,0.8411828981513352,0.15340924574078216,0.034303350185335896,0.80625,0.22395591083961147,0.050078064060025324
voter,rho_1_over_pi,0.20000000000000001,1750,20,0.8795369020326879,0.10974765941978974,0.0245403226834145,0.78125,0.22008521077073762,0.049212549212573814
voter,rho_1_over_pi,0.20000000000000001,1800,20,0.8958042910890827,0.08298549525375282,0.018556120853387745,0.7890625,0.18164692529396143,0.04061748728611237
voter,rho_1_over_pi,0.20000000000000001,1850,20,0.8873956823982262,0.090349336889677,0.020202725900734717,0.7515625,0.1793747277872499,0.04010940847778112
voter,rho_1_over_pi,0.20000000000000001,1900,20,0.865438126491686,0.10062495710640183,0.022500424432291503,0.7640625,0.20191345415486806,0.04514922090620723
voter,rho_1_over_pi,0.20000000000000001,1950,20,0.8652432332287855,0.11129851461757898,0.02488710444796606,0.70625,0.17798788582372677,0.039799301187332416
voter,rho_1_over_pi,0.20000000000000001,2000,20,0.8383894884690584,0.1867429796956068,0.041756999692023976,0.7453125,0.16064901328283968,0.03592221142186961
voter,rho_1_over_pi,0.20000000000000001,2050,20,0.8513354616383083,0.12756539327356492,0.028524489093618557,0.7640625,0.19174237069242156,0.0428748975035218
voter,rho_1_over_pi,0.20000000000000001,2100,20,0.8196300246893804,0.22491843537109452,0.050293291088266044,0.775,0.19828365099019132,0.04433757224409113
voter,rho_1_over_pi,0.20000000000000001,2150,20,0.8311027228556711,0.15360812063128873,0.03434781996275495,0.7859375,0.16216160679627592,0.03626043761370648
voter,rho_1_over_pi,0.20000000000000001,2200,20,0.8510963263201861,0.12348013089931192,0.027610996656143368,0.8125,0.14217891457596657,0.031792171795899694
voter,rho_1_over_pi,0.20000000000000001,2250,20,0.8695343216288081,0.10985944572531608,0.024565318861225545,0.8453125,0.14506026495477664,0.0324364613273011
voter,rho_1_over_pi,0.20000000000000001,2300,20,0.8659113283918819,0.10604425474656211,0.02371221622366176,0.85625,0.1630998543837486,0.03647023615223789
voter,rho_1_over_pi,0.20000000000000001,2350,20,0.9288176243310297,0.0511373350719506,0.011434655740906564,0.7921875,0.17986404370732356,0.04021882284375688
voter,rho_1_over_pi,0.20000000000000001,2400,20,0.8980733100127525,0.08048377601619044,0.017996719425806905,0.76875,0.21272965531396887,0.04756779701121337
voter,rho_1_over_pi,0.20000000000000001,2450,20,0.8635518939804658,0.09820146448675046,0.021958515008240552,0.7328125,0.16957984614555469,0.037919206359541595
voter,rho_1_over_pi,0.20000000000000001,2500,20,0.8593121655188295,0.1275527179331641,0.028521654801341143,0.74375,0.19729617647080747,0.044116766228952005
voter,rho_1_over_pi,0.20000000000000001,2550,20,0.8711322687358132,0.12099697614448708,0.027055746373099352,0.7359375,0.18840277457816273,0.042128141110634114
voter,rho_1_over_pi,0.20000000000000001,2600,20,0.8788194118120456,0.11531866943613779,0.025786038393403144,0.69375,0.1845073677390689,0.04125710166141097
voter,rho_1_over_pi,0.20000000000000001,2650,20,0.8734312020214375,0.12434910843079397,0.02780530593927475,0.74375,0.1995111212439046,0.044612042936857305
voter,rho_1_over_pi,0.20000000000000001,2700,20,0.8526578463652636,0.12393748160914236,0.027713263383817233,0.7859375,0.1674938781530537,0.037452769736529494
voter,rho_1_over_pi,0.20000000000000001,2750,20,0.8837351135996105,0.10746553401603523,0.024030023929817075,0.7796875,0.18287926131398824,0.04089304599730252
voter,rho_1_over_pi,0.20000000000000001,2800,20,0.896751411248425,0.09183868856267965,0.020535755059058414,0.7578125,0.21692880276429408,0.04850675492586058
voter,rho_1_over_pi,0.20000000000000001,2850,20,0.8873168918266575,0.0955046298968787,0.02135548446153795,0.7546875,0.20969541713816733,0.04688932072911165
voter,rho_1_over_pi,0.20000000000000001,2900,20,0.8806268650812065,0.09684668536351894,0.021655577186836226,0.7546875,0.2318141345318486,0.05183521629584948
voter,rho_1_over_pi,0.20000000000000001,2950,20,0.8619849502512847,0.14142672074256743,0.03162397614152603,0.721875,0.23067919417450722,0.05158143591690716
voter,rho_1_over_pi,0.20000000000000001,3000,20,0.8604540960938085,0.14605233916533558,0.032658295864654525,0.76875,0.21203994317109218,0.04741357268757544
voter,rho_1_over_pi,0.29999999999999999,0,20,0.16855663276006147,0.0932186372623855,0.020844320968858885,0.14375,0.04122158111960287,0.00921742575234539
voter,rho_1_over_pi,0.29999999999999999,50,20,0.3054823769570304,0.13544329635040137,0.03028604177361466,0.2578125,0.0771026861967208,0.01724068475837024
voter,rho_1_over_pi,0.29999999999999999,100,20,0.48019739888070384,0.1918654621974788,0.04290242160079787,0.3796875,0.13523525508812412,0.030239522333156982
voter,rho_1_over_pi,0.29999999999999999,150,20,0.5704007800814455,0.19188880977890985,0.04290764227871688,0.4359375,0.1652043597147182,0.03694081785014376
voter,rho_1_over_pi,0.29999999999999999,200,20,0.6360804480677109,0.172971640703461,0.03867763467926083,0.5109375,0.1924540834036784,0.043034041303803894
voter,rho_1_over_pi,0.29999999999999999,250,20,0.6755432299491441,0.1538622359590011,0.034404641877443895,0.5515625,0.2113190992758345,0.04725238709247925
voter,rho_1_over_pi,0.29999999999999999,300,20,0.6817626869292245,0.19560624695191361,0.04373888650080899,0.6453125,0.20089521327983403,0.04492153532480274
voter,rho_1_over_pi,0.29999999999999999,350,20,0.6520105097395017,0.15992332826493377,0.03575994331884054,0.6140625,0.19041356101588458,0.04257776662693218
voter,rho_1_over_pi,0.29999999999999999,400,20,0.6686466540845741,0.15878988439565173,0.03550649756480104,0.5234375,0.15899925068612744,0.035553313290571105
voter,rho_1_over_pi,0.29999999999999999,450,20,0.6420215464634242,0.1924091390584191,0.0430239914426835,0.54375,0.1828592354790974,0.04088856808449031
voter,rho_1_over_pi,0.29999999999999999,500,20,0.6384565474927465,0.23290050245241423,0.052078135547745465,0.6078125,0.20574630730282864,0.04600627292486862
voter,rho_1_over_pi,0.29999999999999999,550,20,0.6028283514676149,0.18943996223514956,0.042360063321278736,0.565625,0.16023054679117837,0.03582863946970356
voter,rho_1_over_pi,0.29999999999999999,600,20,0.5896976044717676,0.22105472966011508,0.04942934022678563,0.653125,0.1859046714716981,0.04156954827454828
voter,rho_1_over_pi,0.29999999999999999,650,20,0.6024501286864287,0.17902377443992587,0.040030932923626354,0.66875,0.2318404623873926,0.0518411033833193
voter,rho_1_over_pi,0.29999999999999999,700,20,0.653273252616668,0.22842234349456672,0.051076788763365806,0.56875,0.18972636545825675,0.04242410502886301
voter,rho_1_over_pi,0.29999999999999999,750,20,0.6895726628580475,0.23135924422736803,0.05173349973153707,0.6171875,0.2109953624342251,0.04717999733401328
voter,rho_1_over_pi,0.29999999999999999,800,20,0.7129580867104957,0.19256844281268445,0.04305961284504432,0.5984375,0.21992430338357333,0.049176569226995696
voter,rho_1_over_pi,0.29999999999999999,850,20,0.7014673577497466,0.13613306665857527,0.030440279103408446,0.6359375,0.18282585421310082,0.040881103806495976
voter,rho_1_over_pi,0.29999999999999999,900,20,0.6601507129445727,0.25622906018023367,0.0572945596373887,0.6703125,0.19402072819353605,0.043384353728475655
voter,rho_1_over_pi,0.29999999999999999,950,20,0.6943039989014509,0.23083923743997622,0.05161722267900013,0.6859375,0.17356414295225267,0.0388101222097728
voter,rho_1_over_pi,0.29999999999999999,1000,20,0.7024725788083542,0.1892557850775767,0.04231888005685518,0.73125,0.1746648576560265,0.03905624949991998
voter,rho_1_over_pi,0.29999999999999999,1050,20,0.7113377177045416,0.19343188661896163,0.04325268474960301,0.7328125,0.18447428470860106,0.041249704070908194
voter,rho_1_over_pi,0.29999999999999999,1100,20,0.6480200998983284,0.25089614335435717,0.05610208318328747,0.68125,0.20790059223099872,0.046487985679097774
voter,rho_1_over_pi,0.29999999999999999,1150,20,0.7248911064432839,0.17277257828134657,0.03863312296849947,0.709375,0.1936743804043271,0.04330690800842286
voter,rho_1_over_pi,0.29999999999999999,1200,20,0.714056957855893,0.18923660840262957,0.04231459202197876,0.6859375,0.2043174135230524,0.045686762562448
voter,rho_1_over_pi,0.29999999999999999,1250,20,0.7652515060629543,0.2083338564436851,0.046584866502276244,0.71875,0.1767766952966369,0.03952847075210474
voter,rho_1_over_pi,0.29999999999999999,1300,20,0.7724148518471783,0.13083589283831942,0.02925579502833601,0.7078125,0.20711820108032514,0.04631303769930774
voter,rho_1_over_pi,0.29999999999999999,1350,20,0.75349968618484,0.20027954783154187,0.04478386834542482,0.7953125,0.16371988034062937,0.03660887817097787
voter,rho_1_over_pi,0.29999999999999999,1400,20,0.6983816669238273,0.2149879102846438,0.04807275817370897,0.7515625,0.16813400301173467,0.03759590600633931
voter,rho_1_over_pi,0.29999999999999999,1450,20,0.7167125651776669,0.20317044664440878,0.0454302929715892,0.7484375,0.16579442984838183,0.03707276154318019
voter,rho_1_over_pi,0.29999999999999999,1500,20,0.6925522004632594,0.20848314780183416,0.046618249064803705,0.7828125,0.17882947315459496,0.03998748583541481
voter,rho_1_over_pi,0.29999999999999999,1550,20,0.7001326425906174,0.18649575361888904,0.04170171826068883,0.765625,0.13710881855300192,0.030658463859919664
voter,rho_1_over_pi,0.29999999999999999,1600,20,0.731877370386737,0.20826350236061128,0.04656913485105147,0.853125,0.12659143187830685,0.0283067047048928
voter,rho_1_over_pi,0.29999999999999999,1650,20,0.7238955170608073,0.18800065589301626,0.04203822463913308,0.79375,0.1689813229324472,0.0377853725004796
voter,rho_1_over_pi,0.29999999999999999,1700,20,0.7322607643745778,0.18406648421272373,0.04115851710790421,0.784375,0.1694142021053725,0.037882167226150086
voter,rho_1_over_pi,0.29999999999999999,1750,20,0.7240379943701035,0.1766183361267437,0.03949306056523058,0.79375,0.1669463798649135,0.03733034539754487
voter,rho_1_over_pi,0.29999999999999999,1800,20,0.6903866381501385,0.28254080872147475,0.0631780454718983,0.75,0.1875,0.04192627457812106
voter,rho_1_over_pi,0.29999999999999999,1850,20,0.7327032740272335,0.21526610677665836,0.048134964800433624,0.75,0.20986416737976019,0.046927054430253766
voter,rho_1_over_pi,0.29999999999999999,1900,20,0.7759018657469431,0.1784181575577258,0.039895512871934276,0.7765625,0.202589438196442,0.04530037553307367
voter,rho_1_over_pi,0.29999999999999999,1950,20,0.7168339478434793,0.20811859537577967,0.04653673266420167,0.790625,0.18674326460410828,0.041757063399501644
voter,rho_1_over_pi,0.29999999999999999,2000,20,0.7748489505350946,0.19027241978017134,0.04254620648718387,0.80625,0.18556291049129403,0.04149312819612423
voter,rho_1_over_pi,0.29999999999999999,2050,20,0.8307911570537524,0.11516630558377024,0.025751968800282382,0.8171875,0.17209502961663362,0.03848161848126323
voter,rho_1_over_pi,0.29999999999999999,2100,20,0.8030426791670158,0.19607767775928808,0.043844301634006676,0.775,0.17859040077786936,0.03993402762682472
voter,rho_1_over_pi,0.29999999999999999,2150,20,0.7879832769057372,0.17013145303045385,0.038042549408690736,0.803125,0.1621089043667867,0.036248652992214754
voter,rho_1_over_pi,0.29999999999999999,2200,20,0.7785330593433836,0.17156145713764037,0.038362308047868034,0.846875,0.15839157371842733,0.03541743258975726
voter,rho_1_over_pi,0.29999999999999999,2250,20,0.7853497630101967,0.13318577788517655,0.02978124529874429,0.815625,0.18111525163552628,0.04049860144190167
voter,rho_1_over_pi,0.29999999999999999,2300,20,0.7846757075641637,0.15854273906174068,0.03545123418810634,0.8421875,0.1613163017761999,0.0360714216650453
voter,rho_1_over_pi,0.29999999999999999,2350,20,0.7760267637080781,0.1773725968592997,0.039661718392305985,0.85,0.1721872164244489,0.0385022320781536
voter,rho_1_over_pi,0.29999999999999999,2400,20,0.8109500607859994,0.14369747480948925,0.03213173218690816,0.83125,0.16869211970332224,0.03772070469251602
voter,rho_1_over_pi,0.29999999999999999,2450,20,0.8664208636285673,0.14529161823114603,0.032488193492579025,0.8078125,0.19092573613515282,0.042692292465238965
voter,rho_1_over_pi,0.29999999999999999,2500,20,0.8382650645284272,0.1273153029087414,0.028468567187992247,0.8171875,0.18835093368165182,0.042116549133772815
voter,rho_1_over_pi,0.29999999999999999,2550,20,0.7807935811943298,0.14165394596181885,0.031674785245170874,0.7640625,0.18018951611775308,0.04029160068720899
voter,rho_1_over_pi,0.29999999999999999,2600,20,0.7701888604399242,0.16864345055226407,0.03770982193949869,0.8015625,0.1575802746816682,0.035236020610129905
voter,rho_1_over_pi,0.29999999999999999,2650,20,0.8025059542360283,0.1527945929365938,0.034165909640063295,0.7953125,0.17328258847544378,0.03874716471482139
voter,rho_1_over_pi,0.29999999999999999,2700,20,0.7865060482609841,0.15441955366804638,0.034529261905692867,0.8453125,0.18892040114490016,0.042243885929652586
voter,rho_1_over_pi,0.29999999999999999,2750,20,0.7703082107273972,0.20077633364395592,0.04489495303010635,0.778125,0.18747395652463303,0.04192045107999197
voter,rho_1_over_pi,0.29999999999999999,2800,20,0.7896106781526366,0.2064931527292292,0.04617327263908027,0.7796875,0.20455625563338317,0.045740169281906905
voter,rho_1_over_pi,0.29999999999999999,2850,20,0.7822813301587451,0.23013639046270493,0.05146006131710425,0.815625,0.20417995279899542,0.04565602541012522
voter,rho_1_over_pi,0.29999999999999999,2900,20,0.7803341976730376,0.18969456585497982,0.042416994421404536,0.83125,0.2239123014709107,0.050068312708738245
voter,rho_1_over_pi,0.29999999999999999,2950,20,0.786826039441294,0.1713425536817128,0.03831335974707167,0.815625,0.23735604189697806,0.05307442445519311
voter,rho_1_over_pi,0.29999999999999999,3000,20,0.7430403657230501,0.21191616547590272,0.047385895153521256,0.809375,0.21939636648085128,0.049058518946763975
voter,rho_1_over_pi,0.40000000000000002,0,20,0.17867094758575658,0.08825581847026455,0.0197346009509393,0.1609375,0.04558110045567132,0.01019224391081277
voter,rho_1_over_pi,0.40000000000000002,50,20,0.2814411046356973,0.10045601839144336,0.022462648587223643,0.2640625,0.06880324642595,0.015384873608109364
voter,rho_1_over_pi,0.40000000000000002,100,20,0.35339347271216026,0.15661458417016544,0.03502008564723524,0.3234375,0.06936866525132222,0.015511305101038401
voter,rho_1_over_pi,0.40000000000000002,150,20,0.44277417154988646,0.16081918551135294,0.03596026308895344,0.446875,0.212201076517062,0.04744960319907849
voter,rho_1_over_pi,0.40000000000000002,200,20,0.5144484460508447,0.24236108045890425,0.05419358510064058,0.503125,0.20820569006393652,0.04655620762852146
voter,rho_1_over_pi,0.40000000000000002,250,20,0.5290948950530878,0.19991563999043716,0.04470249607839929,0.490625,0.19642806412272154,0.04392265040670929
voter,rho_1_over_pi,0.40000000000000002,300,20,0.5018709258131985,0.22567027031782005,0.05046140649313987,0.5140625,0.16461217442446352,0.03680840119371527
voter,rho_1_over_pi,0.40000000000000002,350,20,0.545588249908092,0.20149692789444326,0.04505608280293487,0.5484375,0.17412588612480914,0.03893573180174607
voter,rho_1_over_pi,0.40000000000000002,400,20,0.5315242199466867,0.20381288442335813,0.04557394642609368,0.5171875,0.18127020361534876,0.040533249757914794
voter,rho_1_over_pi,0.40000000000000002,450,20,0.5337087428991841,0.2423755264106486,0.05419681531365059,0.534375,0.1761956919876306,0.039398554462695703
voter,rho_1_over_pi,0.40000000000000002,500,20,0.5035008123577486,0.19560120378348042,0.04373775881406512,0.5546875,0.178938656999403,0.040011900085318367
voter,rho_1_over_pi,0.40000000000000002,550,20,0.47675003133535876,0.21921506875853403,0.04901797954363725,0.596875,0.14885631704768193,0.03328528437988776
voter,rho_1_over_pi,0.40000000000000002,600,20,0.5597408398726628,0.18027067328277777,0.040309747980994626,0.559375,0.12804875780342423,0.028632572688286322
voter,rho_1_over_pi,0.40000000000000002,650,20,0.5088687129525304,0.20866413080794385,0.046658718095247055,0.61875,0.21000372020514305,0.046958259390654594
voter,rho_1_over_pi,0.40000000000000002,700,20,0.5074668913791921,0.20594891976594049,0.0460515784489293,0.6484375,0.1481905841096188,0.033136421969450776
voter,rho_1_over_pi,0.40000000000000002,750,20,0.5414244005461227,0.20018900370508075,0.04476362206325178,0.6484375,0.17026948998205757,0.03807341540941001
voter,rho_1_over_pi,0.40000000000000002,800,20,0.6388086416251224,0.184318439278205,0.04121485597327336,0.60625,0.1701332198602025,0.038042944483833004
voter,rho_1_over_pi,0.40000000000000002,850,20,0.7034513928013693,0.1545307837133185,0.034554133699929754,0.6640625,0.179483579941871,0.04013374855950413
voter,rho_1_over_pi,0.40000000000000002,900,20,0.5628500294105361,0.2381401865070332,0.05324976452042044,0.7,0.18471895882664563,0.04130441486693644
voter,rho_1_over_pi,0.40000000000000002,950,20,0.6331603514630656,0.2521963441849309,0.05639281692744393,0.73125,0.2118095400353818,0.04736205298020769
voter,rho_1_over_pi,0.40000000000000002,1000,20,0.652123856865676,0.27470557800767054,0.06142603462235225,0.6953125,0.17756903367071072,0.039705642998665816
voter,rho_1_over_pi,0.40000000000000002,1050,20,0.5805260251469843,0.26490414986998884,0.05923436866310871,0.725,0.17388034679054445,0.038880827537489476
voter,rho_1_over_pi,0.40000000000000002,1100,20,0.6241374018390922,0.2204406827638824,0.049292035166650726,0.721875,0.16083886540572212,0.03596466364711339
voter,rho_1_over_pi,0.40000000000000002,1150,20,0.6850257223734164,0.20188636924782505,0.04514316453687599,0.7015625,0.18657977306972479,0.04172050558103892
voter,rho_1_over_pi,0.40000000000000002,1200,20,0.6285312883759636,0.24886085104031072,0.0556469779864584,0.7140625,0.19015695614084172,0.04252038803253681
voter,rho_1_over_pi,0.40000000000000002,1250,20,0.6238283813808496,0.20851656118820355,0.046625720525131746,0.7578125,0.17811814679798912,0.03982842842665902
voter,rho_1_over_pi,0.40000000000000002,1300,20,0.6586126497954606,0.23515402437133412,0.05258203836769453,0.7609375,0.15476639402257197,0.03460681776669881
voter,rho_1_over_pi,0.40000000000000002,1350,20,0.700262773216312,0.1548316786342867,0.03462141584966669,0.7515625,0.1402686457079771,0.03136502269148709
voter,rho_1_over_pi,0.40000000000000002,1400,20,0.6964979854041321,0.20177729822282198,0.04511877551424774,0.753125,0.17702511297835682,0.039584018634418607
voter,rho_1_over_pi,0.40000000000000002,1450,20,0.6241916946685222,0.19633490511966672,0.04390181942035463,0.7265625,0.19537499000319872,0.04368717587504942
voter,rho_1_over_pi,0.40000000000000002,1500,20,0.6511190792394286,0.2084562737944157,0.04661223985406215,0.6921875,0.1657355173725596,0.03705958831311406
voter,rho_1_over_pi,0.40000000000000002,1550,20,0.696297157870136,0.17072784201023092,0.03817590603867207,0.73125,0.16099058590489074,0.035998589382085514
voter,rho_1_over_pi,0.40000000000000002,1600,20,0.7215861312536754,0.1921415501671668,0.042964156747597106,0.753125,0.16324947358261221,0.0365036920221777
voter,rho_1_over_pi,0.40000000000000002,1650,20,0.6995605277142953,0.19242081731249494,0.043026602779680706,0.7328125,0.19972515294461538,0.04465990188007023
voter,rho_1_over_pi,0.40000000000000002,1700,20,0.7047216142299711,0.2017300023332089,0.045108199831824625,0.7390625,0.19597388019516784,0.043821091793079504
voter,rho_1_over_pi,0.40000000000000002,1750,20,0.6951554200013742,0.17941010562042967,0.04011731920176978,0.7328125,0.17468582288998155,0.03906093746874875
voter,rho_1_over_pi,0.40000000000000002,1800,20,0.6465862023668197,0.19984216425294032,0.0446860664040253,0.7015625,0.17015474345063084,0.03804775730496476
voter,rho_1_over_pi,0.40000000000000002,1850,20,0.6642103380702303,0.22059305153727937,0.049326105860147115,0.678125,0.19392633105125257,0.043363245885772894
voter,rho_1_over_pi,0.40000000000000002,1900,20,0.682945926554234,0.14288092564937468,0.031949146244009505,0.653125,0.1386669233270862,0.0310068666790116
voter,rho_1_over_pi,0.40000000000000002,1950,20,0.640136242868906,0.18679221959563275,0.04176801006839031,0.6546875,0.16040567467751882,0.035867799255564874
voter,rho_1_over_pi,0.40000000000000002,2000,20,0.7271784292332342,0.13433269213989033,0.030037703122534645,0.753125,0.16738452176052598,0.037428316903782885
voter,rho_1_over_pi,0.40000000000000002,2050,20,0.6391924178743894,0.2285035599190322,0.05109494930796523,0.7203125,0.16842416459270326,0.03766078810828977
voter,rho_1_over_pi,0.40000000000000002,2100,20,0.6726355452139734,0.18348164064881525,0.04102774211139395,0.671875,0.16402529340013386,0.03667717060720469
voter,rho_1_over_pi,0.40000000000000002,2150,20,0.6479224493324317,0.2012783505577234,0.045007207424610216,0.7078125,0.12353635282276225,0.02762356826040944
voter,rho_1_over_pi,0.40000000000000002,2200,20,0.6195341990667427,0.25307374401189264,0.056589009493097225,0.7171875,0.15671025961547635,0.035041479327184516
voter,rho_1_over_pi,0.40000000000000002,2250,20,0.6743950981797957,0.2449072326423193,0.05476292203695814,0.7140625,0.1672021021660613,0.03738752664241779
voter,rho_1_over_pi,0.40000000000000002,2300,20,0.6331596508345868,0.22380827502655415,0.05004505168863436,0.71875,0.1479019945774904,0.03307189138830738
voter,rho_1_over_pi,0.40000000000000002,2350,20,0.6601502391333337,0.22677790957844832,0.05070908216127111,0.7171875,0.17158355972746922,0.03836725033720165
voter,rho_1_over_pi,0.40000000000000002,2400,20,0.6317662147837753,0.22961433328321795,0.05134332578295678,0.6828125,0.19869569816367438,0.044429708793075604
voter,rho_1_over_pi,0.40000000000000002,2450,20,0.5840251624676506,0.22026214519581006,0.049252112952776,0.6703125,0.19602370511943193,0.04383223298484233
voter,rho_1_over_pi,0.40000000000000002,2500,20,0.6635364827949815,0.22033421245577298,0.04926822768199892,0.734375,0.19553112763700822,0.043722089311353816
voter,rho_1_over_pi,0.40000000000000002,2550,20,0.6699787423662189,0.1866117327450902,0.04172765198170451,0.7,0.17880899376149959,0.03998290650390489
voter,rho_1_over_pi,0.40000000000000002,2600,20,0.658677692917454,0.22548073135133667,0.05041902429179568,0.7203125,0.17524397056318372,0.03918574308262509
voter,rho_1_over_pi,0.40000000000000002,2650,20,0.6643448907416237,0.22219756313475156,0.04968488556041057,0.70625,0.19018905068378675,0.04252756459051
voter,rho_1_over_pi,0.40000000000000002,2700,20,0.6670681552752838,0.24082820435662888,0.05385082358406332,0.690625,0.18299269964946688,0.04091841158024099
voter,rho_1_over_pi,0.40000000000000002,2750,20,0.7129158653785346,0.1998867400458801,0.04469603385434173,0.7515625,0.1957744536928912,0.04377649867151894
voter,rho_1_over_pi,0.40000000000000002,2800,20,0.7575737410901179,0.12733534264800472,0.02847304820991666,0.715625,0.19362395093324586,0.043295631635882154
voter,rho_1_over_pi,0.40000000000000002,2850,20,0.7177022330205224,0.1793985005790947,0.04011472423563911,0.715625,0.1948807728458608,0.043576665559103986
voter,rho_1_over_pi,0.40000000000000002,2900,20,0.7295837279155741,0.18242089399428932,0.040790551948751405,0.7171875,0.18917868330958962,0.04230163957741473
voter,rho_1_over_pi,0.40000000000000002,2950,20,0.7104966648998291,0.20671352323871475,0.046222548983024865,0.684375,0.17921813698674585,0.0400743937103233
voter,rho_1_over_pi,0.40000000000000002,3000,20,0.7228294400521463,0.2635188148499229,0.05892459833546086,0.6875,0.17483250913374207,0.03909373750999001
voter,rho_1_over_pi,0.5,0,20,0.14317455357793077,0.07097100877881803,0.015869600006117143,0.146875,0.03965180481390475,0.00886641309944444
voter,rho_1_over_pi,0.5,50,20,0.3644714456428869,0.17160584435360138,0.03837223333109011,0.26875,0.06434768838116875,0.014388580541526672
voter,rho_1_over_pi,0.5,100,20,0.355388798020562,0.19764838038002336,0.044195521417246794,0.35,0.12086924753633572,0.027027185388049563
voter,rho_1_over_pi,0.5,150,20,0.4115467281637593,0.1979135512921074,0.044254815435754345,0.4375,0.15309310892394862,0.03423265984407288
voter,rho_1_over_pi,0.5,200,20,0.44099668151562177,0.2041813767016134,0.045656343804429934,0.5203125,0.14963334093292846,0.033459032202642985
voter,rho_1_over_pi,0.5,250,20,0.48311818566024256,0.182147070951055,0.040729323254903624,0.5109375,0.1363141334152479,0.030480766861046983
voter,rho_1_over_pi,0.5,300,20,0.4595680820250109,0.21027866235192122,0.047019738323662165,0.4890625,0.14295807678739247,0.03196639776292443
voter,rho_1_over_pi,0.5,350,20,0.4882439444181716,0.22345337784618602,0.049965694266601746,0.4984375,0.13992010834311844,0.03128708736743483
voter,rho_1_over_pi,0.5,400,20,0.5645827377094559,0.168083871730433,0.03758469631106034,0.540625,0.15814476161099994,0.0353622437247695
voter,rho_1_over_pi,0.5,450,20,0.5108585700435222,0.24073954601467332,0.05383099897612481,0.5984375,0.20450850952649868,0.04572949292784144
voter,rho_1_over_pi,0.5,500,20,0.4736968667285006,0.17204847608002577,0.03847120879401841,0.553125,0.1636080014088553,0.03658386128130818
voter,rho_1_over_pi,0.5,550,20,0.48172241114659453,0.2262973991730133,0.050601636768226245,0.6140625,0.18389104918062216,0.04111928864216281
voter,rho_1_over_pi,0.5,600,20,0.5748521746348103,0.22880608288457135,0.05116259549953527,0.61875,0.21162503691671267,0.0473207968286672
voter,rho_1_over_pi,0.5,650,20,0.5486113741314751,0.19952780046015842,0.0446157725229928,0.6609375,0.16366022109465087,0.03659553795802844
voter,rho_1_over_pi,0.5,700,20,0.5639323200386329,0.2537108914287531,0.05673147998667606,0.621875,0.18192224472284857,0.04067905058196418
voter,rho_1_over_pi,0.5,750,20,0.5272273379980137,0.19006779180903832,0.042500450281828736,0.6078125,0.1477285702521689,0.03303311253027029
voter,rho_1_over_pi,0.5,800,20,0.5671028981613373,0.21282560586621724,0.047589252206943974,0.6328125,0.16443410296757177,0.03676858320546904
voter,rho_1_over_pi,0.5,850,20,0.522756567903093,0.2099640870772581,0.04694939715384343,0.64375,0.16458992602829617,0.03680342630109322
voter,rho_1_over_pi,0.5,900,20,0.49821993732185826,0.19637526988942708,0.04391084525726265,0.65,0.18371173070873836,0.04107919181288746
voter,rho_1_over_pi,0.5,950,20,0.5384587872550388,0.23430930375652173,0.05239315309602294,0.6296875,0.16484930381639468,0.036861424937697396
voter,rho_1_over_pi,0.5,1000,20,0.5031253495247265,0.233478798740325,0.052207446528835896,0.6703125,0.18917868330958962,0.04230163957741473
voter,rho_1_over_pi,0.5,1050,20,0.4710396167333745,0.1353933742097346,0.03027487884360334,0.61875,0.158607219255619,0.03546565239777776
voter,rho_1_over_pi,0.5,1100,20,0.4467234187862049,0.21752681681978164,0.04864047493381764,0.696875,0.16656572464045535,0.037245228301756986
voter,rho_1_over_pi,0.5,1150,20,0.5302999572501563,0.19742819314820484,0.04414628605543442,0.6515625,0.21085646591639062,0.04714893912844169
voter,rho_1_over_pi,0.5,1200,20,0.5709695794657057,0.22606251832228585,0.05054911581334229,0.6359375,0.21178072201867196,0.04735560907577369
voter,rho_1_over_pi,0.5,1250,20,0.542652515586149,0.2426025396553796,0.054247577018351714,0.6640625,0.21076381738512423,0.04712822228704897
voter,rho_1_over_pi,0.5,1300,20,0.6162349975058145,0.2287134291441555,0.05114187749334132,0.6390625,0.21411951795375872,0.047878579745409114
voter,rho_1_over_pi,0.5,1350,20,0.5252545540899741,0.23208069652514027,0.051894821369571284,0.6921875,0.20569883742683137,0.04599565833790729
voter,rho_1_over_pi,0.5,1400,20,0.6154803295320844,0.1811839610545129,0.04051396533505653,0.6421875,0.20287845614739383,0.045365001911578266
voter,rho_1_over_pi,0.5,1450,20,0.6306481127969261,0.18727717517543727,0.041876449432641384,0.6484375,0.18191553457236687,0.040677550146702546
voter,rho_1_over_pi,0.5,1500,20,0.6270602885585039,0.1791912198017131,0.040068374844773685,0.7140625,0.1911813091511563,0.042749440328938806
voter,rho_1_over_pi,0.5,1550,20,0.5876126760045554,0.22577648983113618,0.05048515789837105,0.653125,0.19712285984887698,0.04407801145412528
voter,rho_1_over_pi,0.5,1600,20,0.5417477060221484,0.25509582251924,0.05704115999292423,0.6953125,0.2079651694845798,0.04650242559197853
voter,rho_1_over_pi,0.5,1650,20,0.5869961095153877,0.14942154688321013,0.03341167361340297,0.6890625,0.19477425835759202,0.04355284819546823
voter,rho_1_over_pi,0.5,1700,20,0.5452169075918143,0.2689077545857541,0.060129601893057695,0.675,0.1929924707080564,0.0431544283648851
voter,rho_1_over_pi,0.5,1750,20,0.6033216302970555,0.2303040941483819,0.05149756100122935,0.671875,0.18763016315347594,0.04195537994405485
voter,rho_1_over_pi,0.5,1800,20,0.5629296873606562,0.23023674782398568,0.05148250190529087,0.646875,0.18410997902069295,0.04116824284263296
voter,rho_1_over_pi,0.5,1850,20,0.512202757404747,0.2114109799415921,0.047272932233924446,0.7,0.20453835214941965,0.045736165941189254
voter,rho_1_over_pi,0.5,1900,20,0.5047839444269406,0.23048100294364549,0.05153711901043204,0.6640625,0.2074950582995894,0.04639730553531638
voter,rho_1_over_pi,0.5,1950,20,0.5926108565444432,0.19637620855105717,0.04391105514838393,0.671875,0.17497209598961772,0.039124950079840355
voter,rho_1_over_pi,0.5,2000,20,0.5176599455118781,0.19594386376646886,0.04381437991557823,0.703125,0.18736974642401585,0.04189714899309976
voter,rho_1_over_pi,0.5,2050,20,0.5577548916760188,0.2225452718320596,0.04976263558876544,0.7,0.21042182336915533,0.04705175010028851
voter,rho_1_over_pi,0.5,2100,20,0.6386841112378516,0.20553400838448435,0.045958801443571874,0.6265625,0.16842416459270326,0.03766078810828977
voter,rho_1_over_pi,0.5,2150,20,0.5657378705028334,0.2520236102038284,0.056354192435066994,0.6765625,0.19169143295606614,0.042863507479410735
voter,rho_1_over_pi,0.5,2200,20,0.6341478452581442,0.19958279288060432,0.04462806920202923,0.6375,0.19223195624037123,0.0429843721601235
voter,rho_1_over_pi,0.5,2250,20,0.5755960396464611,0.22738618014923087,0.05084509559576935,0.6453125,0.17795359077228534,0.03979163258070093
voter,rho_1_over_pi,0.5,2300,20,0.5253739125275754,0.20724151661093523,0.0463406118902203,0.621875,0.15559236605630752,0.03479151072819345
voter,rho_1_over_pi,0.5,2350,20,0.5941013898518258,0.2094282323221602,0.04682957638799688,0.65,0.16729698517905217,0.03740874312911355
voter,rho_1_over_pi,0.5,2400,20,0.5371980819034562,0.2052938430947653,0.0459050988522071,0.6734375,0.19477425835759202,0.04355284819546823
voter,rho_1_over_pi,0.5,2450,20,0.6217535303796646,0.17729843621356653,0.03964513556779452,0.7125,0.19729617647080747,0.044116766228952005
voter,rho_1_over_pi,0.5,2500,20,0.5921372348806428,0.22986683145383377,0.05139978609032591,0.7375,0.19724667297574375,0.04410569691094337
voter,rho_1_over_pi,0.5,2550,20,0.5908441948710752,0.21288072378977024,0.04760157694932829,0.6984375,0.19041356101588458,0.04257776662693218
voter,rho_1_over_pi,0.5,2600,20,0.5782505918531697,0.15751890408408023,0.03522229772732726,0.64375,0.18392423711952702,0.04112670969090525
voter,rho_1_over_pi,0.5,2650,20,0.5702627940094013,0.20084635449472132,0.04491061016832173,0.6875,0.19213032686174247,0.042961647140211
voter,rho_1_over_pi,0.5,2700,20,0.5850783125987581,0.21543686177049046,0.04817314677780423,0.6953125,0.19859737654045181,0.044407723409757224
voter,rho_1_over_pi,0.5,2750,20,0.6493933114100903,0.21552427276546782,0.04819269247047926,0.65625,0.16624295097837982,0.037173053916782245
voter,rho_1_over_pi,0.5,2800,20,0.6117905251134597,0.2417918286539723,0.05406629652742635,0.6796875,0.19686879950553363,0.044021201834315016
voter,rho_1_over_pi,0.5,2850,20,0.5467438058277787,0.21252803272277457,0.047522712829242364,0.6359375,0.1880915148770672,0.04205854132560353
voter,rho_1_over_pi,0.5,2900,20,0.5181740999598834,0.19762238798731466,0.04418970934154734,0.671875,0.18421603316486868,0.041191957270200204
voter,rho_1_over_pi,0.5,2950,20,0.5602187060400039,0.19170839994245784,0.04286730141290525,0.7171875,0.17910230796600585,0.04004849355390912
voter,rho_1_over_pi,0.5,3000,20,0.6580627003010334,0.14931478602876008,0.03338780116061434,0.7328125,0.16608867877959052,0.03713855760442912
voter,rho_1_over_pi,1,0,20,0.1637001755759599,0.09443778731393256,0.021116931207862046,0.1625,0.04485218779502289,0.010029254084925759
voter,rho_1_over_pi,1,50,20,0.22454061612952306,0.09497620133598722,0.021237324243197377,0.25,0.07525996611745185,0.016828640022295324
voter,rho_1_over_pi,1,100,20,0.2931524087029088,0.11799774634826243,0.026385098202649237,0.284375,0.07322109071162489,0.016372733621787167
voter,rho_1_over_pi,1,150,20,0.3019614950009576,0.09269269302478106,0.020726716262093103,0.35,0.15549819130780912,0.03477045261425281
voter,rho_1_over_pi,1,200,20,0.2855109450640237,0.13732479254702482,0.030706757113120396,0.409375,0.15496345335271797,0.0346508815724795
voter,rho_1_over_pi,1,250,20,0.3093088701108588,0.14914421184886742,0.033349659614469715,0.4234375,0.17800845968310045,0.039803901642144326
voter,rho_1_over_pi,1,300,20,0.4264420243685171,0.14706189408015516,0.032884039206310084,0.4234375,0.13638575519001242,0.03049678197675125
voter,rho_1_over_pi,1,350,20,0.3774245016343735,0.19055233306387973,0.04260879700020158,0.425,0.1746648576560265,0.03905624949991998
voter,rho_1_over_pi,1,400,20,0.301957765246872,0.11909323177463407,0.02663005619082197,0.45,0.2004389713853072,0.044819516535768204
voter,rho_1_over_pi,1,450,20,0.35427895816416155,0.15584682942638742,0.03484841046752168,0.5171875,0.15948984832505797,0.035663014257596055
voter,rho_1_over_pi,1,500,20,0.35013773828239625,0.16061990843192966,0.035915703379358635,0.48125,0.1630998543837486,0.03647023615223789
voter,rho_1_over_pi,1,550,20,0.3763556024738526,0.18278249189835233,0.040871407698152035,0.459375,0.17261205599551846,0.03859722909419794
voter,rho_1_over_pi,1,600,20,0.317874233731548,0.12165587077593511,0.027203079691692097,0.496875,0.16650708505946527,0.03723211609283039
voter,rho_1_over_pi,1,650,20,0.3464119628546179,0.15435719786977117,0.034515318725319405,0.5078125,0.15177176275167262,0.03393719785777105
voter,rho_1_over_pi,1,700,20,0.3202934311843858,0.1622119361914814,0.036271691608601074,0.45625,0.17269689849560124,0.03861620045395455
voter,rho_1_over_pi,1,750,20,0.38216636911840907,0.19293559350629721,0.04314171023593476,0.4828125,0.15608585127662916,0.03490185737804651
voter,rho_1_over_pi,1,800,20,0.31299588753698326,0.13580751510725886,0.030367483563516044,0.4515625,0.18526664694096992,0.04142688165234622
voter,rho_1_over_pi,1,850,20,0.3220543990015334,0.18563723949075228,0.04150974866567305,0.446875,0.135532802763759,0.03030605601608365
voter,rho_1_over_pi,1,900,20,0.3996034148869504,0.16244549964831095,0.036323917985254146,0.46875,0.1152443057161611,0.02576941016011038
voter,rho_1_over_pi,1,950,20,0.3768784052450075,0.15128701182541565,0.03382880425544439,0.4828125,0.12750421255295843,0.028510808668599705
voter,rho_1_over_pi,1,1000,20,0.38686273255122705,0.15866991332374708,0.035479671217589805,0.496875,0.11392328833473865,0.025474021693678444
voter,rho_1_over_pi,1,1050,20,0.387280969152533,0.21899603338430348,0.04896900174501159,0.478125,0.14289829206467095,0.0319530294925223
voter,rho_1_over_pi,1,1100,20,0.3545995830497588,0.16578428108630242,0.037070492210990486,0.4671875,0.13957070060994178,0.03120895742311012
voter,rho_1_over_pi,1,1150,20,0.36897985254906474,0.15150703820833006,0.0338780036503484,0.534375,0.13180685443101964,0.029472908640817926
voter,rho_1_over_pi,1,1200,20,0.3321984439186451,0.19020599391955978,0.04253135321320473,0.5296875,0.12673599219933537,0.028339029375359696
voter,rho_1_over_pi,1,1250,20,0.3857046805455718,0.17219534919343554,0.03850405062058354,0.590625,0.1694142021053725,0.037882167226150086
voter,rho_1_over_pi,1,1300,20,0.38791209416437045,0.1316493848197424,0.029437697365297288,0.5453125,0.19552488452560202,0.04372069330920428
voter,rho_1_over_pi,1,1350,20,0.3509310239006221,0.1416986927805376,0.031684790938014074,0.559375,0.21123243270151484,0.04723300785732367
voter,rho_1_over_pi,1,1400,20,0.37346511065949173,0.18363520052583449,0.041062079143757105,0.5671875,0.19943156525171737,0.0445942536762025
voter,rho_1_over_pi,1,1450,20,0.35701970911647674,0.12507234575351098,0.02796702672102077,0.5921875,0.2050331051775542,0.04584679608148752
voter,rho_1_over_pi,1,1500,20,0.37070233056242163,0.19780159870323694,0.044229782075857205,0.596875,0.15839157371842733,0.03541743258975726
voter,rho_1_over_pi,1,1550,20,0.36960932369481264,0.13893949327722369,0.03106781517272472,0.6171875,0.13724230112742208,0.030688311470941178
voter,rho_1_over_pi,1,1600,20,0.4601274003424459,0.233373180066186,0.05218382947532907,0.56875,0.15360257159305635,0.03434657916008521
voter,rho_1_over_pi,1,1650,20,0.357326617115533,0.20997414192639718,0.046951645486461274,0.578125,0.140625,0.03144470593359079
voter,rho_1_over_pi,1,1700,20,0.36335901973727797,0.13440257990641086,0.0300533305022082,0.540625,0.1578357037396799,0.0352931362838442
voter,rho_1_over_pi,1,1750,20,0.37062849798325415,0.17335604644885136,0.03876359041702426,0.58125,0.17269689849560124,0.03861620045395455
voter,rho_1_over_pi,1,1800,20,0.3722038166441869,0.14440495726032082,0.03228993007220291,0.565625,0.1376064928519,0.030769747216218727
voter,rho_1_over_pi,1,1850,20,0.33456454048667716,0.14532286493140154,0.03249518046716341,0.5390625,0.14040781840321429,0.03139614265220331
voter,rho_1_over_pi,1,1900,20,0.424025795837445,0.16950967637108824,0.037903515920974316,0.5375,0.1721872164244489,0.0385022320781536
voter,rho_1_over_pi,1,1950,20,0.40140818528276395,0.145038822784308,0.0324316667122258,0.5546875,0.16354083731212213,0.0365688429327139
voter,rho_1_over_pi,1,2000,20,0.3593063977009579,0.20956347968096586,0.04685981861680356,0.5671875,0.19041356101588458,0.04257776662693218
voter,rho_1_over_pi,1,2050,20,0.43621762343662934,0.17818492621446216,0.03984336075813216,0.540625,0.19593027299271545,0.04381134092618029
voter,rho_1_over_pi,1,2100,20,0.4019112536520206,0.18817277255725665,0.04207671109526328,0.5515625,0.17266155252038595,0.03860829685362331
voter,rho_1_over_pi,1,2150,20,0.43698770054912356,0.19925361348139894,0.04455446245068766,0.575,0.16369751067135993,0.0366038761608658
voter,rho_1_over_pi,1,2200,20,0.4231043762922074,0.15583858992861294,0.03484656805980926,0.503125,0.13364627987714436,0.0298842166745257
voter,rho_1_over_pi,1,2250,20,0.3869413394465114,0.14352645448818493,0.03209349088051113,0.571875,0.19442925287877852,0.043475702625144545
voter,rho_1_over_pi,1,2300,20,0.39380355872529,0.2025179501762851,0.045284390325808895,0.56875,0.1899835519196333,0.04248161366991607
voter,rho_1_over_pi,1,2350,20,0.4017710665424373,0.21594391429102866,0.048286527168212835,0.5484375,0.17072770489510483,0.0381758753787978
voter,rho_1_over_pi,1,2400,20,0.4127837653737574,0.18063138378782728,0.04039040530194352,0.534375,0.1596199098640267,0.03569209690183529
voter,rho_1_over_pi,1,2450,20,0.38576007285038283,0.23463630858962042,0.052466273599600904,0.540625,0.1442586110947974,0.03225720607476723
voter,rho_1_over_pi,1,2500,20,0.3714132278466923,0.1768679021655771,0.039548865228001266,0.5421875,0.1609526691880256,0.03599011094644611
voter,rho_1_over_pi,1,2550,20,0.4044363300480082,0.16600958309417088,0.037120871271496596,0.5109375,0.15381699505825097,0.034394525704499836
voter,rho_1_over_pi,1,2600,20,0.3765310973570304,0.1869219190220148,0.04179701174179361,0.54375,0.17550151352623714,0.0392433314398765
voter,rho_1_over_pi,1,2650,20,0.4478554243487486,0.18392125861303188,0.04112604367660579,0.515625,0.18181485259736072,0.040655036972680275
voter,rho_1_over_pi,1,2700,20,0.3719874785505546,0.17313137229654912,0.03871335174929077,0.5296875,0.17328258847544378,0.03874716471482139
voter,rho_1_over_pi,1,2750,20,0.4195101656768636,0.20125471011052484,0.04500192125991477,0.5453125,0.1967695650214992,0.043999012329113706
voter,rho_1_over_pi,1,2800,20,0.34484944024463393,0.19696130693522432,0.044041887124436234,0.546875,0.17663853451328224,0.039497577061764176
voter,rho_1_over_pi,1,2850,20,0.37985410476940296,0.17095589580179127,0.03822690041671762,0.553125,0.1846396405840306,0.04128667876870214
voter,rho_1_over_pi,1,2900,20,0.42242372602121137,0.15487229265664063,0.034630497421148994,0.5515625,0.17712851751976585,0.03960714059279589
voter,rho_1_over_pi,1,2950,20,0.35227244138365393,0.17567084820018702,0.03928119582406647,0.5453125,0.15228564597082025,0.034052105638822106
voter,rho_1_over_pi,1,3000,20,0.4620377854868278,0.20025777173640727,0.04477899906252427,0.5515625,0.1743500766238719,0.038985862321327454
voter,rho_1_over_pi,2,0,20,0.16791629855096996,0.10345142730836786,0.023132442383088862,0.1609375,0.04558110045567132,0.01019224391081277
voter,rho_1_over_pi,2,50,20,0.22307502012194963,0.060515811767634375,0.013531746882601217,0.209375,0.06179287479151621,0.013817306855896338
voter,rho_1_over_pi,2,100,20,0.1996974306648377,0.10184378981244839,0.022772963710683516,0.2359375,0.042475866309588085,0.009497892447143209
voter,rho_1_over_pi,2,150,20,0.17492025600433536,0.09528233331936675,0.021305777435689722,0.240625,0.051443992603607276,0.011503226449566226
voter,rho_1_over_pi,2,200,20,0.20471906670317166,0.0896072628193649,0.020036793094178936,0.2375,0.05358258812338202,0.011981430945425508
voter,rho_1_over_pi,2,250,20,0.21691622413463127,0.08610518402098574,0.01925370446860528,0.2515625,0.06590342721550982,0.014736454320408963
voter,rho_1_over_pi,2,300,20,0.20470638152244466,0.08720059430741958,0.019498645654977137,0.2890625,0.08201264670006693,0.018338585303602346
voter,rho_1_over_pi,2,350,20,0.2197278384115183,0.09349844390246236,0.020906887635635654,0.290625,0.07064159097160821,0.015795939945125136
voter,rho_1_over_pi,2,400,20,0.20810176793693724,0.12673996763690132,0.02833991831022347,0.29375,0.08466385740090042,0.0189314140385762
voter,rho_1_over_pi,2,450,20,0.21655530130429218,0.12035470889658673,0.02691213105049666,0.2890625,0.07646677689526347,0.017098491115811944
voter,rho_1_over_pi,2,500,20,0.2454061353960803,0.13794223904504982,0.030844822347325707,0.3109375,0.07748172667635898,0.01732544078623975
voter,rho_1_over_pi,2,550,20,0.1575920190863777,0.08665619355288916,0.019376913945563918,0.3390625,0.09993894620592114,0.022347027731613435
voter,rho_1_over_pi,2,600,20,0.2385814116289605,0.1291792102237181,0.028885349533996945,0.3203125,0.13030725409105204,0.02913758781089299
voter,rho_1_over_pi,2,650,20,0.20310539818159862,0.09418587504516558,0.02106060191212913,0.315625,0.08997612530554981,0.02011927325352484
voter,rho_1_over_pi,2,700,20,0.25515791243901653,0.12707875518153167,0.028415673508195842,0.325,0.11625672023586421,0.025995792928856776
voter,rho_1_over_pi,2,750,20,0.23729433623942406,0.12271160974357691,0.027439150101506347,0.321875,0.07849910429425294,0.017552933337479523
voter,rho_1_over_pi,2,800,20,0.19295623964748482,0.09374080315675871,0.020961080812393933,0.325,0.09343697742328783,0.02089314331305847
voter,rho_1_over_pi,2,850,20,0.23222654450070251,0.09908535897179337,0.02215615982358986,0.334375,0.07787459871485695,0.01741328964469379
voter,rho_1_over_pi,2,900,20,0.2407817962021292,0.13628202115749355,0.030473586341922012,0.340625,0.09421758394800835,0.021067692238353967
voter,rho_1_over_pi,2,950,20,0.26639844363574744,0.15826876223022612,0.03538997110615368,0.3125,0.07328774624724109,0.01638763825265862
voter,rho_1_over_pi,2,1000,20,0.2263354639003386,0.13258002145449121,0.02964579404306229,0.3046875,0.06317989568486165,0.014127454156269629
voter,rho_1_over_pi,2,1050,20,0.20569977718351265,0.09824101684892891,0.021967359185290723,0.33125,0.09238590936934052,0.02065811735129801
voter,rho_1_over_pi,2,1100,20,0.2588927990686684,0.1391802355164668,0.03112164677392503,0.3421875,0.07491857559210532,0.016752302780140404
voter,rho_1_over_pi,2,1150,20,0.22108743731531172,0.10963907399305085,0.0245160422438591,0.3390625,0.06794629657862156,0.015193253796915917
voter,rho_1_over_pi,2,1200,20,0.2977139131157712,0.11112326322301007,0.024847917044825286,0.315625,0.08379429798619951,0.018736974642401583
voter,rho_1_over_pi,2,1250,20,0.23224622548798282,0.11236450060089768,0.02512546616014232,0.325,0.0995105208005666,0.02225122889864737
voter,rho_1_over_pi,2,1300,20,0.21982379874279084,0.10758672550628855,0.024057123170867167,0.3421875,0.13458377676655534,0.030093847351867455
voter,rho_1_over_pi,2,1350,20,0.23142092374985462,0.09847153580004382,0.02201890478977021,0.334375,0.11443645889750347,0.025588770119917836
voter,rho_1_over_pi,2,1400,20,0.22205579763109345,0.0904796883042559,0.020231873363130887,0.3234375,0.10235269521976449,0.022886758419171118
voter,rho_1_over_pi,2,1450,20,0.2291975708909993,0.13484261550923782,0.030151725454252317,0.33125,0.10048709494258454,0.022469597515309435
voter,rho_1_over_pi,2,1500,20,0.20609660786696363,0.0898705110749684,0.020095657193627704,0.3640625,0.1405468532865464,0.031427231797240746
voter,rho_1_over_pi,2,1550,20,0.21615445418272317,0.10639554830020981,0.02379076785026313,0.328125,0.11545595751194479,0.025816736940403602
voter,rho_1_over_pi,2,1600,20,0.23226750624143025,0.11916474833879225,0.02664604778071946,0.321875,0.10416145820311849,0.023291210117767604
voter,rho_1_over_pi,2,1650,20,0.20190378014566854,0.10583238436848967,0.023664840566882905,0.3171875,0.08105445218339336,0.018124326496107377
voter,rho_1_over_pi,2,1700,20,0.22086289734119954,0.10844574394404669,0.024249205532942453,0.303125,0.09535091438995223,0.02132111262926961
voter,rho_1_over_pi,2,1750,20,0.22454061364985584,0.10146924687095148,0.02268921336291553,0.321875,0.09169625469450757,0.020503905877905314
voter,rho_1_over_pi,2,1800,20,0.2157803640030021,0.12913421649160076,0.028875288629639367,0.3203125,0.07253433992771975,0.016219171478145854
voter,rho_1_over_pi,2,1850,20,0.20533573778164166,0.13146549605610008,0.029396578587717027,0.3078125,0.07608268014962406,0.017012604472493326
voter,rho_1_over_pi,2,1900,20,0.28597390049383475,0.129337610180636,0.028920768841127095,0.34375,0.10411457030598552,0.02328072566523647
voter,rho_1_over_pi,2,1950,20,0.23952516705234683,0.13198852494063468,0.029513531401718553,0.365625,0.12066709110192389,0.02698198183510618
voter,rho_1_over_pi,2,2000,20,0.2554965314056528,0.12582232923290543,0.02813472812521355,0.3421875,0.09028762633246042,0.02018892700064815
voter,rho_1_over_pi,2,2050,20,0.22481359655506533,0.07721463314210346,0.01726571685634515,0.3328125,0.09993894620592114,0.022347027731613435
voter,rho_1_over_pi,2,2100,20,0.2103450920282392,0.11402231805263237,0.02549616541177874,0.340625,0.12018052826893381,0.026873183078117112
voter,rho_1_over_pi,2,2150,20,0.25221299035207234,0.13616577947638103,0.03044759391184337,0.334375,0.09169625469450757,0.020503905877905314
voter,rho_1_over_pi,2,2200,20,0.24647657282459473,0.13171926216097626,0.029453322413805876,0.3265625,0.06590342721550982,0.014736454320408963
voter,rho_1_over_pi,2,2250,20,0.29273808508303467,0.13491505240302176,0.0301679228361103,0.3390625,0.08105445218339336,0.018124326496107377
voter,rho_1_over_pi,2,2300,20,0.23915608024701185,0.11277621039516281,0.025217527268840245,0.35625,0.10097184013377195,0.02257798983523555
voter,rho_1_over_pi,2,2350,20,0.24420141362900694,0.10220563739300313,0.02285387528944494,0.3578125,0.1106951578378657,0.024752189770553632
voter,rho_1_over_pi,2,2400,20,0.21134294987097726,0.1295177893075854,0.028961058118725635,0.34375,0.10317233762011986,0.02307003603161469
voter,rho_1_over_pi,2,2450,20,0.23478417421352948,0.13831145857570645,0.030927382344242586,0.3734375,0.1282678319718159,0.028681559161550123
voter,rho_1_over_pi,2,2500,20,0.20289094010957606,0.14039857632996428,0.0313940760617993,0.3546875,0.0923198202920153,0.02064333938435107
voter,rho_1_over_pi,2,2550,20,0.20259630800277648,0.07807075329531912,0.017457151142294926,0.3578125,0.09806477052820753,0.021927949309898997
voter,rho_1_over_pi,2,2600,20,0.26336795316606654,0.11177095246834232,0.02499274476291113,0.4015625,0.0923198202920153,0.02064333938435107
voter,rho_1_over_pi,2,2650,20,0.21776658417945832,0.06901531678407045,0.01543229398178637,0.39375,0.11625672023586421,0.025995792928856776
voter,rho_1_over_pi,2,2700,20,0.2377168118378211,0.1140789105745252,0.025508819884375793,0.3703125,0.0907192397937174,0.02028543870458561
voter,rho_1_over_pi,2,2750,20,0.25512268542181166,0.10228847371804164,0.022872398054824175,0.3875,0.10798220339481872,0.02414555471510232
voter,rho_1_over_pi,2,2800,20,0.21157942665441234,0.1056173729235432,0.02361676254619883,0.3953125,0.11060690176815369,0.02473245511342333
voter,rho_1_over_pi,2,2850,20,0.24642875754381377,0.12827376562523474,0.028682885966790066,0.4,0.12167451458707365,0.027207248574598643
voter,rho_1_over_pi,2,2900,20,0.23010071263199974,0.11858306675140175,0.026515979823652946,0.3984375,0.14144724889070837,0.03162856637499556
voter,rho_1_over_pi,2,2950,20,0.2507947205503322,0.11056613085945453,0.024723338461087756,0.4015625,0.1293293246667205,0.028918916143892737
voter,rho_1_over_pi,2,3000,20,0.2102855938107962,0.09549239758863019,0.02135274923426141,0.390625,0.12865743031399313,0.028768675999253073
voter,rho_1_over_pi,3,0,20,0.15557329917844923,0.0788089814874525,0.017622223984346624,0.1578125,0.04787985451888926,0.010706260945703686
voter,rho_1_over_pi,3,50,20,0.15495451672990898,0.0999114232456341,0.02234087341059905,0.19375,0.0426193178030808,0.009529969176235565
voter,rho_1_over_pi,3,100,20,0.17820441034334158,0.09744334698681155,0.021788994781760992,0.21875,0.055021302692684404,0.012303137303143453
voter,rho_1_over_pi,3,150,20,0.16087183381305148,0.08656740954929393,0.019357061238828563,0.2171875,0.034903606099513554,0.007804683589838859
voter,rho_1_over_pi,3,200,20,0.1853967447369439,0.10102665602197027,0.0225902470404614,0.2359375,0.06736894105409406,0.015064153176913066
voter,rho_1_over_pi,3,250,20,0.14804255570856095,0.07416189130372437,0.016583103029507818,0.2390625,0.07860788267565792,0.017577256923009914
voter,rho_1_over_pi,3,300,20,0.22346973416452703,0.11539262826046429,0.025802576089276143,0.2078125,0.05437410200407911,0.012158418829662844
voter,rho_1_over_pi,3,350,20,0.17571754829221076,0.09830073754043939,0.021980713137878794,0.2078125,0.055264809949460605,0.012357587181060063
voter,rho_1_over_pi,3,400,20,0.2143315372697224,0.08765820343277424,0.01960097016611886,0.209375,0.06257807623281496,0.01399288323577382
voter,rho_1_over_pi,3,450,20,0.2044549649416741,0.10028837749609631,0.02242516294344315,0.2203125,0.06736894105409406,0.015064153176913066
voter,rho_1_over_pi,3,500,20,0.23104517615646683,0.093030289898501,0.020802205217956022,0.215625,0.06472598492877493,0.014473170221136762
voter,rho_1_over_pi,3,550,20,0.15642374461661696,0.10301952439734934,0.023035865956217115,0.2359375,0.07491857559210532,0.016752302780140404
voter,rho_1_over_pi,3,600,20,0.21932987474255777,0.13001794591524785,0.029072896536138527,0.2375,0.07486967844194337,0.01674136904497359
voter,rho_1_over_pi,3,650,20,0.17072940322419644,0.08831575390541564,0.01974800292166519,0.2359375,0.06664021285042539,0.014901204596860618
voter,rho_1_over_pi,3,700,20,0.1770407823295512,0.09212598440740519,0.020599996362904365,0.2484375,0.08236909595685751,0.01841828978047365
voter,rho_1_over_pi,3,750,20,0.17779867033671382,0.08640180632869962,0.019320031232974388,0.2515625,0.07293712510614879,0.016309236982075526
voter,rho_1_over_pi,3,800,20,0.20886140984398355,0.08753331815540566,0.019573044969160354,0.2390625,0.05437410200407911,0.012158418829662844
voter,rho_1_over_pi,3,850,20,0.1837061835473038,0.07065230261192866,0.015798335140715842,0.2453125,0.06193100369564504,0.0138481934178253
voter,rho_1_over_pi,3,900,20,0.17419800693993034,0.08075007608093387,0.018056265930524795,0.259375,0.09936320684740403,0.022218288497316798
voter,rho_1_over_pi,3,950,20,0.21684709798333962,0.08426354390841381,0.01884190122042516,0.24375,0.08420120990817175,0.018827962914240083
voter,rho_1_over_pi,3,1000,20,0.18172651297934056,0.08114584776332312,0.018144763169063976,0.234375,0.06738705829014945,0.01506820431405149
voter,rho_1_over_pi,3,1050,20,0.18403243984016937,0.0697018849727232,0.015585815295888015,0.2359375,0.06286999855853347,0.014058159052219462
voter,rho_1_over_pi,3,1100,20,0.19541370591570378,0.08536626563500202,0.019088477294516876,0.2625,0.07486967844194337,0.01674136904497359
voter,rho_1_over_pi,3,1150,20,0.2004206785144786,0.11291452082200856,0.025248454420482656,0.2546875,0.056141388197567754,0.012553596036096588
voter,rho_1_over_pi,3,1200,20,0.1721388850682581,0.08605977262043472,0.019243550170746724,0.2453125,0.04558110045567132,0.01019224391081277
voter,rho_1_over_pi,3,1250,20,0.2074748571076523,0.09984871703949015,0.02232685187664415,0.246875,0.07519505884697478,0.016814126315393255
voter,rho_1_over_pi,3,1300,20,0.15950704963336026,0.0828617264947761,0.018528445317531474,0.2671875,0.04684895109551547,0.010475743932413583
voter,rho_1_over_pi,3,1350,20,0.1780795509773453,0.06980393247402009,0.015608633810871398,0.2765625,0.04558110045567132,0.01019224391081277
voter,rho_1_over_pi,3,1400,20,0.168605913089565,0.09591305224917021,0.021446810475863366,0.2578125,0.07773339352395468,0.017381715204130458
voter,rho_1_over_pi,3,1450,20,0.14780490739947066,0.07817207593590782,0.017479807573496535,0.2765625,0.10563932964928356,0.023621672219330706
voter,rho_1_over_pi,3,1500,20,0.1594726537046828,0.0911507576922986,0.020381929040059154,0.2859375,0.11192343574403887,0.025026841059900065
voter,rho_1_over_pi,3,1550,20,0.1979015241556969,0.07627409072507621,0.017055405178325662,0.2984375,0.11960016395787257,0.026743409672992335
voter,rho_1_over_pi,3,1600,20,0.18217783791417996,0.07877665558384325,0.017614995692556187,0.309375,0.13796087534152573,0.030848989549902603
voter,rho_1_over_pi,3,1650,20,0.1790843934526582,0.07146540004452008,0.01598014925387634,0.2921875,0.09125588594030525,0.020405436430948984
voter,rho_1_over_pi,3,1700,20,0.212913785284585,0.1085917149446226,0.02428184564094559,0.303125,0.096875,0.021661908532029213
voter,rho_1_over_pi,3,1750,20,0.1843913850791638,0.07443285705741227,0.01664369281398988,0.2875,0.09249155366842964,0.02068174013471787
voter,rho_1_over_pi,3,1800,20,0.2080151394359422,0.10170345412381593,0.02274158369673837,0.28125,0.09110862335695782,0.020372507516258277
voter,rho_1_over_pi,3,1850,20,0.19923184383187134,0.08475343083936164,0.018951443268313967,0.2875,0.1067085692435242,0.023860761461026343
voter,rho_1_over_pi,3,1900,20,0.178470654479684,0.07220135709432486,0.01614471425306471,0.265625,0.10711960313126631,0.02395267143243108
voter,rho_1_over_pi,3,1950,20,0.20811551410441148,0.09656010918243799,0.0215914968046733,0.2859375,0.0907192397937174,0.02028543870458561
voter,rho_1_over_pi,3,2000,20,0.19341507944245223,0.0746257370208788,0.016686822084970764,0.2703125,0.07672177310744324,0.017155510002255837
voter,rho_1_over_pi,3,2050,20,0.18117638263843755,0.12628201076382192,0.028237516040326593,0.275,0.06817945071647322,0.015245388647063084
voter,rho_1_over_pi,3,2100,20,0.18121054504766707,0.0853935411771601,0.019094576291155737,0.3046875,0.09726484060928697,0.02174907954230477
voter,rho_1_over_pi,3,2150,20,0.18337691779214355,0.11109254218916247,0.024841047612823058,0.296875,0.0799780243254358,0.01788362990978062
voter,rho_1_over_pi,3,2200,20,0.19100776953395698,0.10165234074391293,0.022730154397536083,0.2765625,0.07413235102672787,0.016576497622763985
voter,rho_1_over_pi,3,2250,20,0.15426757017400464,0.08871208182608344,0.019836624538864624,0.275,0.08125,0.018168052317185792
voter,rho_1_over_pi,3,2300,20,0.16371188286932703,0.08664414129384962,0.01937421897851443,0.3046875,0.09826373552206327,0.021972439235039425
voter,rho_1_over_pi,3,2350,20,0.1943923192277775,0.1006518145545066,0.022506429940257946,0.296875,0.06952686081652185,0.015546678704790937
voter,rho_1_over_pi,3,2400,20,0.18851119021237553,0.08467822504875516,0.018934626742304197,0.29375,0.08580956386091237,0.019187601791260937
voter,rho_1_over_pi,3,2450,20,0.21700368298887596,0.1018612487137868,0.02277686763970403,0.2921875,0.08342930671382809,0.01865536011277992
voter,rho_1_over_pi,3,2500,20,0.18669844999527596,0.102814974114059,0.022990127122391714,0.2953125,0.09347616256966265,0.02090190537815871
voter,rho_1_over_pi,3,2550,20,0.20765540427366921,0.07746221560735282,0.017321077978578604,0.2921875,0.08963630943289666,0.020043288114416254
voter,rho_1_over_pi,3,2600,20,0.16901686654953274,0.1054088789225074,0.02357014187027713,0.296875,0.09707640354380667,0.02170694373351532
voter,rho_1_over_pi,3,2650,20,0.16402654110926457,0.07320827277312977,0.01636986744360652,0.296875,0.11671780873114436,0.026098895450765724
voter,rho_1_over_pi,3,2700,20,0.18755285690956403,0.07739582874338666,0.01730623342451447,0.275,0.09762812094883318,0.021830311495716223
voter,rho_1_over_pi,3,2750,20,0.2003854180113979,0.11101956213727025,0.02482472877711981,0.2828125,0.0799627598870249,0.017880216677588108
voter,rho_1_over_pi,3,2800,20,0.15889647127311948,0.0945190904147407,0.021135111133880898,0.3140625,0.09399707026684395,0.021018383880248737
voter,rho_1_over_pi,3,2850,20,0.17605878372921532,0.09494352551262458,0.021230017706971412,0.3078125,0.09284721572965987,0.02076126858931072
voter,rho_1_over_pi,3,2900,20,0.1689699695648977,0.1069369636375969,0.023911832000108983,0.309375,0.09575970903777851,0.021412521891407372
voter,rho_1_over_pi,3,2950,20,0.16673580565311052,0.09931578107845038,0.02220768377299024,0.2859375,0.06794629657862156,0.015193253796915917
voter,rho_1_over_pi,3,3000,20,0.16839776353479705,0.06389589116786806,0.01428755561342814,0.29375,0.06123724356957945,0.013693063937629152
voter,rho_1_over_pi,4,0,20,0.12230799736334838,0.06822027634082181,0.015254517534189818,0.1625,0.06745947857788408,0.015084397982683963
voter,rho_1_over_pi,4,50,20,0.17708051242590603,0.08314686760930563,0.01859220480905828,0.1875,0.07590598625931949,0.016973094517500335
voter,rho_1_over_pi,4,100,20,0.143787467324696,0.06666460403436772,0.014906658631395293,0.1671875,0.07478811214858949,0.016723130267312394
voter,rho_1_over_pi,4,150,20,0.15490183815542036,0.08825888210874887,0.019735286001330246,0.165625,0.054216723665304604,0.012123227963294264
voter,rho_1_over_pi,4,200,20,0.1691256463729122,0.08403161368747931,0.018790040046420552,0.1640625,0.050267837319204416,0.011240230132764185
voter,rho_1_over_pi,4,250,20,0.1632245817289434,0.090312106492641,0.02019440093087454,0.1734375,0.0488890245223813,0.010931918218569878
voter,rho_1_over_pi,4,300,20,0.15801299271433278,0.0770394087012006,0.01722653548022733,0.1765625,0.047675457194976116,0.010660556314634804
voter,rho_1_over_pi,4,350,20,0.2055231977972777,0.09283165748647788,0.02075778966037418,0.18125,0.053764532919016415,0.01202211503854459
voter,rho_1_over_pi,4,400,20,0.1524255455915549,0.07790393991099476,0.01741985053560432,0.18125,0.06218671481916375,0.013905372163304367
voter,rho_1_over_pi,4,450,20,0.17377701019204908,0.07999859296888903,0.017888229198277258,0.1796875,0.05666082613896483,0.01266974589080223
voter,rho_1_over_pi,4,500,20,0.17375595378255176,0.08650832590402023,0.019343849734109516,0.1921875,0.06425276623422528,0.014367355304213089
voter,rho_1_over_pi,4,550,20,0.14860492926349425,0.0781750410577849,0.01748047059490441,0.196875,0.060997566549822295,0.013639470526746996
voter,rho_1_over_pi,4,600,20,0.1535796724945339,0.0678277884799698,0.01516675458046896,0.2,0.05625,0.012577882373436317
voter,rho_1_over_pi,4,650,20,0.15668809661099886,0.09613540067395605,0.021496529095114483,0.1890625,0.0742639664894759,0.016605927734923455
voter,rho_1_over_pi,4,700,20,0.19350589674116433,0.12268850749132924,0.027433984280860437,0.184375,0.06621756281380341,0.014806697175602667
voter,rho_1_over_pi,4,750,20,0.17013047241939938,0.07929992357583594,0.017732001972610736,0.18125,0.0426193178030808,0.009529969176235565
voter,rho_1_over_pi,4,800,20,0.19738244097209015,0.06824855799053259,0.015260841503316731,0.1921875,0.0754381731535832,0.016868488326981172
voter,rho_1_over_pi,4,850,20,0.17781149293843457,0.08151328571998828,0.018226924793925667,0.2046875,0.08641910505640521,0.019323899346081783
voter,rho_1_over_pi,4,900,20,0.1741979438760381,0.08999407334679549,0.02012328655755367,0.1984375,0.06936866525132222,0.015511305101038401
voter,rho_1_over_pi,4,950,20,0.13200250149715217,0.05338425579199302,0.011937082487913326,0.196875,0.06487668591258341,0.014506867985543948
voter,rho_1_over_pi,4,1000,20,0.14910326934057058,0.06743428477071586,0.015078764476139948,0.203125,0.08297448779594846,0.018553659510996745
voter,rho_1_over_pi,4,1050,20,0.14661055773985013,0.08211841625958897,0.018362236096106495,0.1984375,0.06425276623422528,0.014367355304213089
voter,rho_1_over_pi,4,1100,20,0.1734757158014974,0.10263463626501114,0.022949802353453,0.19375,0.05896238207535377,0.013184389443580616
voter,rho_1_over_pi,4,1150,20,0.15849929797104834,0.07704706644066457,0.017228247802826873,0.1984375,0.05869262490935297,0.013124069907521066
voter,rho_1_over_pi,4,1200,20,0.1617000529121046,0.07170480160812744,0.01603368107089092,0.2140625,0.06348828016846889,0.014196411023124822
voter,rho_1_over_pi,4,1250,20,0.14966848735793806,0.07520202050287868,0.016815682988976965,0.1890625,0.04684895109551547,0.010475743932413583
voter,rho_1_over_pi,4,1300,20,0.17846382071970462,0.0888289931834671,0.019862766713109787,0.2,0.06510208329999893,0.014557268373565144
voter,rho_1_over_pi,4,1350,20,0.1512404829412505,0.05153626293829052,0.011523858723632065,0.19375,0.04592793267718459,0.010269797953221865
voter,rho_1_over_pi,4,1400,20,0.1703155786790988,0.10806657645129919,0.024164421104078296,0.203125,0.05887951150442741,0.01316585902058806
voter,rho_1_over_pi,4,1450,20,0.17211406953054903,0.09768978811245385,0.021844100692699767,0.2390625,0.07347073715942967,0.016428556264550455
voter,rho_1_over_pi,4,1500,20,0.1797797049927583,0.07917521570082978,0.0177041164440264,0.215625,0.07837460127490282,0.017525093616012438
voter,rho_1_over_pi,4,1550,20,0.16689489385509332,0.06883203163886593,0.015391310177392047,0.225,0.07434610783356449,0.01662429509783798
voter,rho_1_over_pi,4,1600,20,0.14122777739621453,0.07193466912042575,0.016085081009222697,0.2296875,0.08044978538660001,0.017989118889970682
voter,rho_1_over_pi,4,1650,20,0.12555565301820446,0.06399734609476707,0.014310241624747986,0.2140625,0.049681603423702016,0.011109144248658399
voter,rho_1_over_pi,4,1700,20,0.16765012111702743,0.08716764665734861,0.019491278336451378,0.2234375,0.09125588594030525,0.020405436430948984
voter,rho_1_over_pi,4,1750,20,0.17810412770618506,0.0855576925013876,0.01913128164311267,0.221875,0.08082823222735977,0.018073742176151566
voter,rho_1_over_pi,4,1800,20,0.18120028887861633,0.08810587905806716,0.01970107347912133,0.20625,0.054486236794258416,0.012183492931011203
voter,rho_1_over_pi,4,1850,20,0.17678841466790063,0.06977729631558677,0.015602677784779763,0.2046875,0.05544123437253179,0.012397036881347898
voter,rho_1_over_pi,4,1900,20,0.17959617660353164,0.098586489520765,0.02204460922315012,0.2234375,0.061137492332855786,0.013670758883013773
voter,rho_1_over_pi,4,1950,20,0.15706917569174944,0.09878218950733601,0.022088369070466976,0.228125,0.060997566549822295,0.013639470526746996
voter,rho_1_over_pi,4,2000,20,0.17806411262954364,0.0931923740776029,0.020838448342210936,0.2265625,0.0600089511552235,0.013418409404154428
voter,rho_1_over_pi,4,2050,20,0.15920136886599145,0.0901456661327146,0.02015718373497504,0.2421875,0.09050369035984113,0.020237240385919716
voter,rho_1_over_pi,4,2100,20,0.12241829735264431,0.06637260627211067,0.014841365946826834,0.2546875,0.09645827708781657,0.021568726456086828
voter,rho_1_over_pi,4,2150,20,0.17260215364597248,0.09944660082025544,0.02223693595653775,0.2375,0.06875,0.015372967345311055
voter,rho_1_over_pi,4,2200,20,0.18207691181794525,0.09297059671973079,0.0207888574174037,0.234375,0.078125,0.017469281074217108
voter,rho_1_over_pi,4,2250,20,0.13493854039703995,0.0706662202124629,0.015801447210803666,0.2515625,0.07810937343718742,0.017465786868546745
voter,rho_1_over_pi,4,2300,20,0.1691853198598905,0.09753827656217698,0.02181022168012022,0.2515625,0.07873201679590076,0.017605014156128928
voter,rho_1_over_pi,4,2350,20,0.14784617385274473,0.08106518912119544,0.018126727348386943,0.2328125,0.06880324642595,0.015384873608109364
voter,rho_1_over_pi,4,2400,20,0.18670583578187178,0.07351976149143104,0.01643951843844111,0.2484375,0.0955427546638153,0.02136400941858761
voter,rho_1_over_pi,4,2450,20,0.20016872275726022,0.10749797468687104,0.02403727788433953,0.2453125,0.10882675093353655,0.024334401285782643
voter,rho_1_over_pi,4,2500,20,0.1542512339985222,0.08328115837384471,0.018622233136884263,0.25625,0.11206513173150692,0.025058525245911817
voter,rho_1_over_pi,4,2550,20,0.14649846524876137,0.08360935619204958,0.018695620400041583,0.246875,0.08722053585595539,0.019503104720787406
voter,rho_1_over_pi,4,2600,20,0.14959343803913766,0.06282619574625883,0.014048364445634287,0.234375,0.10053567463840883,0.02248046026552837
voter,rho_1_over_pi,4,2650,20,0.18702439297117354,0.10237192593540441,0.0228910585379138,0.2296875,0.09544048783797157,0.021341141861144636
voter,rho_1_over_pi,4,2700,20,0.14174971569382008,0.07793003523346431,0.017425685627097988,0.2390625,0.09696316552562628,0.021681622942886447
voter,rho_1_over_pi,4,2750,20,0.16595784479702286,0.06696425787532391,0.014973663267204989,0.2421875,0.08831926725664112,0.019748788530882088
voter,rho_1_over_pi,4,2800,20,0.1548349092616208,0.08116084498045237,0.018148116648761408,0.2484375,0.10149035899409362,0.02269393417716505
voter,rho_1_over_pi,4,2850,20,0.17933167145445947,0.08366044087502737,0.01870704328241632,0.2359375,0.09806477052820753,0.021927949309898997
voter,rho_1_over_pi,4,2900,20,0.13527814049490752,0.08433242330670675,0.018857303122108388,0.2546875,0.10927450740566164,0.02443452267668636
voter,rho_1_over_pi,4,2950,20,0.16345797755334446,0.08058525611161171,0.018019411064979417,0.25,0.10959798697968863,0.024506854908372063
voter,rho_1_over_pi,4,3000,20,0.1374554385673037,0.07149325250858612,0.015986377254175593,0.2359375,0.0955427546638153,0.02136400941858761
voter,rho_1_over_pi,5,0,20,0.13110270183062403,0.05988782556604111,0.013391324899031774,0.1625,0.05555121510822243,0.012421629321469868
voter,rho_1_over_pi,5,50,20,0.1549767488736905,0.07878389992491877,0.017616615576465895,0.15625,0.040745015032516554,0.009110862335695781
voter,rho_1_over_pi,5,100,20,0.16412132657618986,0.084759557566391,0.01895281324612569,0.159375,0.04180965050081141,0.009348922063532243
voter,rho_1_over_pi,5,150,20,0.1514579707540362,0.08553903805351173,0.019127110381759353,0.1484375,0.03811347161765771,0.008522431339559152
voter,rho_1_over_pi,5,200,20,0.13346979975662487,0.08838932596644469,0.01976445413463576,0.153125,0.03814548629916782,0.008529590039972612
voter,rho_1_over_pi,5,250,20,0.15471726321666204,0.07626410415958196,0.01705317211439497,0.165625,0.060997566549822295,0.013639470526746996
voter,rho_1_over_pi,5,300,20,0.14670798645257582,0.04937446447528771,0.01104046589193918,0.171875,0.06592194721790308,0.014740595518838441
voter,rho_1_over_pi,5,350,20,0.14693763372236066,0.05293872153691746,0.011837457999847959,0.1625,0.05642334401646184,0.012616643273866468
voter,rho_1_over_pi,5,400,20,0.1305809753701221,0.05693191162670575,0.012730362448632468,0.1734375,0.08177415067580952,0.018285255971342045
voter,rho_1_over_pi,5,450,20,0.18802691753111625,0.10874644274504884,0.024316443828921803,0.1703125,0.05717554519853746,0.012784840571454147
voter,rho_1_over_pi,5,500,20,0.14625940449645325,0.08010003655326456,0.01791091267333175,0.165625,0.05330850659134994,0.011920144451725406
voter,rho_1_over_pi,5,550,20,0.13475402344250417,0.06263864269928394,0.014006426309391981,0.159375,0.040625,0.009084026158592896
voter,rho_1_over_pi,5,600,20,0.1593176387070028,0.0977176643165733,0.021850334001436343,0.1640625,0.0325885212728347,0.007287014885225636
voter,rho_1_over_pi,5,650,20,0.13569124662326404,0.08124527914436232,0.018166996701774008,0.1765625,0.049681603423702016,0.011109144248658399
voter,rho_1_over_pi,5,700,20,0.15187533377553541,0.06323168620173526,0.014139034867901553,0.1859375,0.05717554519853746,0.012784840571454147
voter,rho_1_over_pi,5,750,20,0.18799527625587695,0.09091802515776949,0.020329888463280862,0.1875,0.08893905919223567,0.019887378220871648
voter,rho_1_over_pi,5,800,20,0.11754724900794908,0.06866487759471109,0.015353933396847623,0.18125,0.0480071609241788,0.010734727523323542
voter,rho_1_over_pi,5,850,20,0.16715467992462063,0.06622518111962893,0.01480840068057259,0.1671875,0.0422453307331118,0.0094463431251199
voter,rho_1_over_pi,5,900,20,0.1300641503354654,0.07094741294284201,0.015864323816794312,0.18125,0.05,0.011180339887498949
voter,rho_1_over_pi,5,950,20,0.17225634677086107,0.06802871004206028,0.015211682007566936,0.1765625,0.030095875444153472,0.0067296423335493835
voter,rho_1_over_pi,5,1000,20,0.16902160884305345,0.09084911439963334,0.020314479549323514,0.1796875,0.04293322395010652,0.009600160724566022
voter,rho_1_over_pi,5,1050,20,0.20113617900712583,0.07378302575422095,0.016498386117205572,0.178125,0.06782042004440846,0.01516510694818866
voter,rho_1_over_pi,5,1100,20,0.16572458511487592,0.0634526878276976,0.014188452333780528,0.190625,0.06547602137424051,0.014640883468903097
voter,rho_1_over_pi,5,1150,20,0.14472202773862253,0.07145813248851923,0.01597852417895152,0.1828125,0.06936866525132222,0.015511305101038401
voter,rho_1_over_pi,5,1200,20,0.14414685394962096,0.07496041519305234,0.016761658399327306,0.184375,0.08143008887997115,0.01820832141494652
voter,rho_1_over_pi,5,1250,20,0.17895231224992705,0.10585737369549071,0.023670428350271534,0.1875,0.07194290270763336,0.016086922095292187
voter,rho_1_over_pi,5,1300,20,0.15432517644391922,0.0788078909922158,0.017621980142198786,0.1984375,0.07478811214858949,0.016723130267312394
voter,rho_1_over_pi,5,1350,20,0.18136733959501156,0.06727478047466169,0.015043098231271911,0.1703125,0.03887454782695228,0.008692613153563202
voter,rho_1_over_pi,5,1400,20,0.15135130518201806,0.08571923559112507,0.0191674037761075,0.178125,0.04851304592581258,0.010847846848568614
voter,rho_1_over_pi,5,1450,20,0.15685015923776777,0.08097189098829731,0.01810586525165354,0.1703125,0.044715900066419324,0.009998779222360097
voter,rho_1_over_pi,5,1500,20,0.1421243592155623,0.09460193843828138,0.021153636515124745,0.178125,0.0443045214961182,0.009906792177592098
voter,rho_1_over_pi,5,1550,20,0.1617292798085302,0.0751842046713081,0.016811699247930214,0.1875,0.035630482034348064,0.007967217989988727
voter,rho_1_over_pi,5,1600,20,0.18499550318348207,0.09900448639986766,0.022138076166755748,0.1875,0.04841229182759271,0.010825317547305483
voter,rho_1_over_pi,5,1650,20,0.16901541065939651,0.06922050081585217,0.01547817452608251,0.1765625,0.047675457194976116,0.010660556314634804
voter,rho_1_over_pi,5,1700,20,0.19582771523316161,0.07339669827893543,0.01641200066757414,0.175,0.05879652413195868,0.013147302479976643
voter,rho_1_over_pi,5,1750,20,0.1538150588075573,0.0740481296710637,0.016557665155121755,0.19375,0.07302075903467452,0.016327938097016412
voter,rho_1_over_pi,5,1800,20,0.17779881746217577,0.0627020816551918,0.014020611691175138,0.1921875,0.05869262490935297,0.013124069907521066
voter,rho_1_over_pi,5,1850,20,0.15537840255205757,0.06747301157672338,0.015087424053218373,0.1953125,0.047264010819544296,0.010568554108178658
voter,rho_1_over_pi,5,1900,20,0.15141153640216456,0.08605814611051196,0.019243186472071388,0.184375,0.045177600921253,0.010102018672027884
voter,rho_1_over_pi,5,1950,20,0.17049689277375712,0.0750641632976083,0.016784857180759692,0.18125,0.05642334401646184,0.012616643273866468
voter,rho_1_over_pi,5,2000,20,0.16927474821511415,0.08307092255882832,0.01857522297951609,0.18125,0.05284854539152426,0.011817294000743148
voter,rho_1_over_pi,5,2050,20,0.12661920292083528,0.06797427458325503,0.015199509868939443,0.184375,0.056682366085053296,0.01267456236917078
voter,rho_1_over_pi,5,2100,20,0.14284891504792632,0.05894703958289018,0.01318095875797133,0.178125,0.040864677595693816,0.009137619698258404
voter,rho_1_over_pi,5,2150,20,0.147356893947103,0.08535929692271976,0.019086919043079,0.19375,0.08816709987291178,0.01971476286948438
voter,rho_1_over_pi,5,2200,20,0.194483843053863,0.11514078463547918,0.025746262142759477,0.175,0.07616286004346212,0.017030533241798387
voter,rho_1_over_pi,5,2250,20,0.17336351132410038,0.09676438812010801,0.02163717496377346,0.171875,0.054575778739290565,0.012203515118604147
voter,rho_1_over_pi,5,2300,20,0.14845237927442267,0.0728998161331496,0.016300894442095835,0.178125,0.07973344263858172,0.01782893978199489
voter,rho_1_over_pi,5,2350,20,0.16953220658617957,0.0938128888774412,0.020977199669559243,0.1921875,0.056141388197567754,0.012553596036096588
voter,rho_1_over_pi,5,2400,20,0.17795178202325562,0.0951845822488467,0.0212839196318341,0.1734375,0.05084731279772806,0.011369804788891496
voter,rho_1_over_pi,5,2450,20,0.171223760451542,0.08048944502158488,0.01799798705394958,0.190625,0.052197790901531455,0.011671780873114436
voter,rho_1_over_pi,5,2500,20,0.1773894208026038,0.08198789924156068,0.01833305160365331,0.2,0.049804304532841334,0.011136581050753413
voter,rho_1_over_pi,5,2550,20,0.15597345370882823,0.056669378940155425,0.01267165835528825,0.1953125,0.052174399553325,0.011666550408646935
voter,rho_1_over_pi,5,2600,20,0.1421188084266211,0.08814699369949816,0.019710266992432356,0.1890625,0.0488890245223813,0.010931918218569878
voter,rho_1_over_pi,5,2650,20,0.12903370432023162,0.07335248715417718,0.016402114759542025,0.1734375,0.05084731279772806,0.011369804788891496
voter,rho_1_over_pi,5,2700,20,0.1697612214750082,0.07456776406912666,0.016673858938873354,0.1875,0.05038911092686593,0.011267347735824966
voter,rho_1_over_pi,5,2750,20,0.18210560079720092,0.08901795586356616,0.01990502005290099,0.178125,0.05048592006688597,0.011288994917617775
voter,rho_1_over_pi,5,2800,20,0.16164834647965248,0.061935164193551634,0.01384912373343924,0.1828125,0.06425276623422528,0.014367355304213089
voter,rho_1_over_pi,5,2850,20,0.1694162527812155,0.07610976750339743,0.01701866138893011,0.18125,0.051916399143237965,0.011608859763129193
voter,rho_1_over_pi,5,2900,20,0.13938860346906953,0.06403062479973703,0.014317682969399587,0.178125,0.05048592006688597,0.011288994917617775
voter,rho_1_over_pi,5,2950,20,0.15617716772413576,0.06634024439887429,0.014834129611983257,0.184375,0.05753735199850615,0.012865743031399313
voter,rho_1_over_pi,5,3000,20,0.1655647322106161,0.06479891134315607,0.014489477063127918,0.2015625,0.061297016393540724,0.013706429547387605
voter,rho_1_over_pi,6,0,20,0.1948866271239146,0.07351483943252236,0.016438417832610207,0.153125,0.042961647140211,0.009606516343087124
voter,rho_1_over_pi,6,50,20,0.16210794804952194,0.06930107209163268,0.01549619081105042,0.1578125,0.04579484653047764,0.01024003898613184
voter,rho_1_over_pi,6,100,20,0.17248903936970403,0.08932465431059826,0.01997359991051673,0.165625,0.045393247019793595,0.010150238605569822
voter,rho_1_over_pi,6,150,20,0.165525656954363,0.09718455777515547,0.021731127754850334,0.1421875,0.041310325207507145,0.009237269533660908
voter,rho_1_over_pi,6,200,20,0.1324212004099705,0.0743898766147283,0.01663408209483544,0.1328125,0.05122998847110938,0.011455373670793108
voter,rho_1_over_pi,6,250,20,0.1397777787087731,0.06194999271744493,0.013852439492182378,0.146875,0.05330850659134994,0.011920144451725406
voter,rho_1_over_pi,6,300,20,0.14930976889329697,0.07478490470959964,0.016722413062150897,0.146875,0.043188359253391415,0.009657210712726527
voter,rho_1_over_pi,6,350,20,0.19537497916981597,0.09656646415321846,0.02159291781933931,0.1609375,0.03862252216971336,0.008636258503397174
voter,rho_1_over_pi,6,400,20,0.18227129808730044,0.09108842038980318,0.02036798999546778,0.140625,0.036309218870694535,0.008118988160479111
voter,rho_1_over_pi,6,450,20,0.16402685775315645,0.09862284964872807,0.022052739594929722,0.1484375,0.04928690717371095,0.011020887484113973
voter,rho_1_over_pi,6,500,20,0.1721960376407981,0.10516522180329224,0.023515658482100445,0.1421875,0.04684895109551547,0.010475743932413583
voter,rho_1_over_pi,6,550,20,0.12103537217648219,0.05993643539122145,0.013402194386379535,0.1484375,0.04928690717371095,0.011020887484113973
voter,rho_1_over_pi,6,600,20,0.14537402207519123,0.06111030302071159,0.013664679167992185,0.1453125,0.047675457194976116,0.010660556314634804
voter,rho_1_over_pi,6,650,20,0.13458703702386915,0.06686215591167631,0.014950832574069765,0.1546875,0.060495189633143556,0.013527135633144956
voter,rho_1_over_pi,6,700,20,0.16065226729276735,0.08112980643202267,0.018141176218340233,0.14375,0.03878023014372143,0.008671523078444755
voter,rho_1_over_pi,6,750,20,0.1340396461086946,0.06495901223567706,0.014525276711021448,0.146875,0.04645646483537033,0.010387981336621664
voter,rho_1_over_pi,6,800,20,0.154196354870542,0.09053949364949261,0.0202452462448676,0.1421875,0.04787985451888926,0.010706260945703686
voter,rho_1_over_pi,6,850,20,0.1638132271134782,0.07340099463508225,0.016412961362014127,0.14375,0.04463392767839281,0.009980449639169569
voter,rho_1_over_pi,6,900,20,0.17042446529861568,0.08182982375245464,0.018297704849731547,0.146875,0.045393247019793595,0.010150238605569822
voter,rho_1_over_pi,6,950,20,0.18737741854778087,0.08723927079565633,0.019507293980659972,0.1453125,0.0360053706931341,0.008051045642492656
voter,rho_1_over_pi,6,1000,20,0.17463322507852136,0.1117814315763239,0.02499508796269017,0.1453125,0.03733688482921413,0.008348781254620342
voter,rho_1_over_pi,6,1050,20,0.16781361379988077,0.0835192076492223,0.018675462573058146,0.1546875,0.05544123437253179,0.012397036881347898
voter,rho_1_over_pi,6,1100,20,0.14369551881978718,0.07299124082271959,0.016321337624165867,0.1484375,0.04178044361600293,0.009342391205547966
voter,rho_1_over_pi,6,1150,20,0.1551268037169668,0.0880797613231612,0.019695233376054524,0.14375,0.04463392767839281,0.009980449639169569
voter,rho_1_over_pi,6,1200,20,0.1508122092134204,0.06017132931115337,0.013454718263626451,0.146875,0.05048592006688597,0.011288994917617775
voter,rho_1_over_pi,6,1250,20,0.18623749276818263,0.09416119019179732,0.021055082211114524,0.15625,0.05321683239352001,0.011899645477912358
voter,rho_1_over_pi,6,1300,20,0.18354190860658812,0.07919171629962807,0.017707806090084644,0.15,0.04697905118241534,0.010504835196232257
voter,rho_1_over_pi,6,1350,20,0.1407592228638021,0.0796421041909687,0.01780851588421269,0.1625,0.04592793267718459,0.010269797953221865
voter,rho_1_over_pi,6,1400,20,0.1562718575961231,0.08741996281406848,0.019547697944276094,0.15625,0.04419417382415922,0.009882117688026186
voter,rho_1_over_pi,6,1450,20,0.14976291126702526,0.06020954079254353,0.013463262610617388,0.159375,0.0592102978796763,0.013239825102696787
voter,rho_1_over_pi,6,1500,20,0.14668190549034443,0.1004759119072292,0.0224670969125845,0.15,0.041457809879442496,0.009270248108869578
voter,rho_1_over_pi,6,1550,20,0.12874781418471104,0.05517696810245596,0.01233794514694291,0.15,0.03775951866748304,0.008443285053816436
voter,rho_1_over_pi,6,1600,20,0.13382648890728,0.06801664987172892,0.015208985271498821,0.1484375,0.054013706304511265,0.012077831901359614
voter,rho_1_over_pi,6,1650,20,0.14406950931191248,0.07559881306708513,0.01690440850363017,0.140625,0.037629983058725926,0.008414320011147662
voter,rho_1_over_pi,6,1700,20,0.17435179879915666,0.08234568877091725,0.018413055774581206,0.1421875,0.0488890245223813,0.010931918218569878
voter,rho_1_over_pi,6,1750,20,0.16141900213571433,0.08570598727438669,0.019164441362426055,0.1453125,0.0422453307331118,0.0094463431251199
voter,rho_1_over_pi,6,1800,20,0.18661450441187757,0.09033185819761477,0.020198817546373826,0.1484375,0.05835890436557218,0.013049447725382862
voter,rho_1_over_pi,6,1850,20,0.11048575354674739,0.062160386938638824,0.013899485070248645,0.159375,0.06695089151758922,0.014970674458754354
voter,rho_1_over_pi,6,1900,20,0.15802778360764308,0.07396526650109699,0.016539136387034088,0.15625,0.055021302692684404,0.012303137303143453
voter,rho_1_over_pi,6,1950,20,0.14905875798165696,0.07605582006858061,0.017006598375783895,0.1546875,0.05544123437253179,0.012397036881347898
voter,rho_1_over_pi,6,2000,20,0.15349231031045646,0.07659368454314722,0.01712686852856521,0.146875,0.04950931099298394,0.01107061848994897
voter,rho_1_over_pi,6,2050,20,0.15950990368950013,0.07092325864170385,0.01585892275086492,0.146875,0.051443992603607276,0.011503226449566226
voter,rho_1_over_pi,6,2100,20,0.1686757300862836,0.055622022937615055,0.012437462433455981,0.146875,0.043188359253391415,0.009657210712726527
voter,rho_1_over_pi,6,2150,20,0.15289598252555342,0.09265794337207682,0.020718946003528985,0.15625,0.060110575192722955,0.013441133229754104
voter,rho_1_over_pi,6,2200,20,0.15847792847684194,0.07386830492535536,0.01651745511957771,0.153125,0.04180965050081141,0.009348922063532243
voter,rho_1_over_pi,6,2250,20,0.17173345521615932,0.10233433145522167,0.022882652156587063,0.1390625,0.03627558364451219,0.008111467095260881
voter,rho_1_over_pi,6,2300,20,0.1690454906706938,0.08036675047332051,0.017970551718910804,0.15625,0.046351240544347895,0.010364452469860624
voter,rho_1_over_pi,6,2350,20,0.14344150871178124,0.08049851301126498,0.01800001471808398,0.1390625,0.05365088972934186,0.011996703648815369
voter,rho_1_over_pi,6,2400,20,0.16705315860328124,0.07424045015746214,0.01660066932322703,0.153125,0.056682366085053296,0.01267456236917078
voter,rho_1_over_pi,6,2450,20,0.15342163905078,0.058147106043302664,0.013002088180771358,0.14375,0.042389562394532926,0.009478594305064437
voter,rho_1_over_pi,6,2500,20,0.14587975323116958,0.07293815541888439,0.016309467367007013,0.14375,0.03479852726768764,0.007781187248742958
voter,rho_1_over_pi,6,2550,20,0.14380751757678994,0.08465258377283481,0.018928893178705424,0.1484375,0.036810059341842956,0.008230979494416202
voter,rho_1_over_pi,6,2600,20,0.1288468583663974,0.0574780959640077,0.012852492979277751,0.1484375,0.03811347161765771,0.008522431339559152
voter,rho_1_over_pi,6,2650,20,0.1677392737520326,0.08505412191997326,0.019018679837961513,0.1484375,0.047264010819544296,0.010568554108178658
voter,rho_1_over_pi,6,2700,20,0.18208395132755598,0.09243389990474049,0.020668848361241107,0.1546875,0.03887454782695228,0.008692613153563202
voter,rho_1_over_pi,6,2750,20,0.14811292784732485,0.08907856444504436,0.0199185725437215,0.1453125,0.028427195935406643,0.0063565142521274974
voter,rho_1_over_pi,6,2800,20,0.1387778829622688,0.08749533249039465,0.019564551116246838,0.1390625,0.040110930165604484,0.008969076649103852
voter,rho_1_over_pi,6,2850,20,0.14550344636563123,0.07650948408477115,0.017108040733698655,0.159375,0.04931166824393594,0.011026424227735842
voter,rho_1_over_pi,6,2900,20,0.1344806468389687,0.0747529508165842,0.016715267954458067,0.1375,0.04352621336620037,0.009732757188998397
voter,rho_1_over_pi,6,2950,20,0.15476639027886058,0.07319894130444092,0.016367780863774703,0.14375,0.040019526483955306,0.008948638164547721
voter,rho_1_over_pi,6,3000,20,0.17716467938743088,0.09189042689972172,0.020547324102925302,0.128125,0.031093357409581874,0.006952686081652184
