model,rho_label,eta,t,realizations,va_mean,va_stdev,va_stderr,S_mean,S_stdev,S_stderr,source_run
voter,rho_2,0,0,20,0.06934068309883964,0.04129451683354052,0.009233734673780596,0.9952500000000001,0.00843726851534311,0.001886630594472592,final_voter_base_coarse_v1
voter,rho_2,0,50,20,0.3178178465779977,0.1557953253059689,0.03483689379608397,0.9964999999999999,0.010259142264341605,0.0022940139493908946,final_voter_base_coarse_v1
voter,rho_2,0,100,20,0.4285801636802461,0.21247114927895175,0.04750999330452415,0.9880000000000001,0.030265491900843117,0.006767569726275453,final_voter_base_coarse_v1
voter,rho_2,0,150,20,0.5604477313770094,0.27429755837241304,0.06133479865829321,0.9904999999999999,0.02616772821625905,0.005851281910829455,final_voter_base_coarse_v1
voter,rho_2,0,200,20,0.6453164101941018,0.24418496692362163,0.05460141851247556,0.9977499999999999,0.0060156047077579876,0.0013451301052314615,final_voter_base_coarse_v1
voter,rho_2,0,250,20,0.7502713356855105,0.22590708981234947,0.05051436094195636,0.99175,0.027625848403261755,0.00617732749657973,final_voter_base_coarse_v1
voter,rho_2,0,300,20,0.7632399016888416,0.20650232521915451,0.04617532367017986,0.9945,0.014739402972983666,0.003295830699535397,final_voter_base_coarse_v1
voter,rho_2,0,350,20,0.8254543913775334,0.2157657292172261,0.048246683774453,0.98675,0.02020365066021485,0.004517673626989891,final_voter_base_coarse_v1
voter,rho_2,0,400,20,0.8411127505384849,0.2438126534627298,0.05451816669172633,0.991,0.019659603251337497,0.004396020928066653,final_voter_base_coarse_v1
voter,rho_2,0,450,20,0.8367543658780736,0.2752217235772345,0.061541448280335295,0.991,0.019659603251337497,0.004396020928066653,final_voter_base_coarse_v1
voter,rho_2,0,500,20,0.9024447087984109,0.18368242510204627,0.04107263888001892,0.99025,0.01958794271994892,0.004379997146117791,final_voter_base_coarse_v1
voter,rho_2,0,550,20,0.9134620930199777,0.20994929851318542,0.04694609033038781,0.9845,0.031855140872392954,0.00712302604235026,final_voter_base_coarse_v1
voter,rho_2,0,600,20,0.9548401516814009,0.13637778488114244,0.030494999761507754,0.99075,0.01970247446388397,0.004405607222619828,final_voter_base_coarse_v1
voter,rho_2,0,650,20,0.9724217375558426,0.07605135683537817,0.017005600366499885,0.9925,0.01742842505793337,0.0038971143170299727,final_voter_base_coarse_v1
voter,rho_2,0,700,20,0.9532342344100748,0.15503081086400852,0.03466594316988359,0.99325,0.01741228014936584,0.003893504205725221,final_voter_base_coarse_v1
voter,rho_2,0,750,20,0.9619948991079458,0.1605102346359201,0.03589117957303585,0.99275,0.017354754391808596,0.003880641055289704,final_voter_base_coarse_v1
voter,rho_2,0,800,20,0.9699362656801753,0.12129848955412523,0.027123166821107214,0.99325,0.01741228014936584,0.003893504205725221,final_voter_base_coarse_v1
voter,rho_2,0,850,20,0.9597734875829268,0.1607027340329884,0.035934223746783095,0.99325,0.01741228014936584,0.003893504205725221,final_voter_base_coarse_v1
voter,rho_2,0,900,20,0.9605219702454868,0.15883203471874355,0.035515922663571724,0.99225,0.018403464347779737,0.004115139730312932,final_voter_base_coarse_v1
voter,rho_2,0,950,20,0.9793121410475709,0.08135851714720807,0.01819231748897395,0.9914999999999999,0.018377975949489103,0.004109440351191387,final_voter_base_coarse_v1
voter,rho_2,0,1000,20,0.9997297586365838,0.0011779547935001637,0.00026339869926880933,0.994,0.017363755354185332,0.0038826537316634336,final_voter_base_coarse_v1
voter,rho_2,0,1050,20,1.0000000000000007,2.65529049256936e-15,5.937410041393989e-16,0.994,0.017363755354185332,0.0038826537316634336,final_voter_base_coarse_v1
voter,rho_2,0,1100,20,1.0000000000000007,2.65529049256936e-15,5.937410041393989e-16,0.994,0.017363755354185332,0.0038826537316634336,final_voter_base_coarse_v1
voter,rho_2,0,1150,20,1.0000000000000007,2.65529049256936e-15,5.937410041393989e-16,0.994,0.017363755354185332,0.0038826537316634336,final_voter_base_coarse_v1
voter,rho_2,0,1200,20,1.0000000000000007,2.65529049256936e-15,5.937410041393989e-16,0.994,0.017363755354185332,0.0038826537316634336,final_voter_base_coarse_v1
voter,rho_2,0,1250,20,1.0000000000000007,2.65529049256936e-15,5.937410041393989e-16,0.994,0.017363755354185332,0.0038826537316634336,final_voter_base_coarse_v1
voter,rho_2,0,1300,20,1.0000000000000007,2.65529049256936e-15,5.937410041393989e-16,0.994,0.017363755354185332,0.0038826537316634336,final_voter_base_coarse_v1
voter,rho_2,0,1350,20,1.0000000000000007,2.65529049256936e-15,5.937410041393989e-16,0.994,0.017363755354185332,0.0038826537316634336,final_voter_base_coarse_v1
voter,rho_2,0,1400,20,1.0000000000000007,2.65529049256936e-15,5.937410041393989e-16,0.994,0.017363755354185332,0.0038826537316634336,final_voter_base_coarse_v1
voter,rho_2,0,1450,20,1.0000000000000007,2.65529049256936e-15,5.937410041393989e-16,0.994,0.017363755354185332,0.0038826537316634336,final_voter_base_coarse_v1
voter,rho_2,0,1500,20,1.0000000000000007,2.65529049256936e-15,5.937410041393989e-16,0.994,0.017363755354185332,0.0038826537316634336,final_voter_base_coarse_v1
voter,rho_2,0,1550,20,1.0000000000000007,2.65529049256936e-15,5.937410041393989e-16,0.994,0.017363755354185332,0.0038826537316634336,final_voter_base_coarse_v1
voter,rho_2,0,1600,20,1.0000000000000007,2.65529049256936e-15,5.937410041393989e-16,0.994,0.017363755354185332,0.0038826537316634336,final_voter_base_coarse_v1
voter,rho_2,0,1650,20,1.0000000000000007,2.65529049256936e-15,5.937410041393989e-16,0.994,0.017363755354185332,0.0038826537316634336,final_voter_base_coarse_v1
voter,rho_2,0,1700,20,1.0000000000000007,2.65529049256936e-15,5.937410041393989e-16,0.994,0.017363755354185332,0.0038826537316634336,final_voter_base_coarse_v1
voter,rho_2,0,1750,20,1.0000000000000007,2.65529049256936e-15,5.937410041393989e-16,0.994,0.017363755354185332,0.0038826537316634336,final_voter_base_coarse_v1
voter,rho_2,0,1800,20,1.0000000000000007,2.65529049256936e-15,5.937410041393989e-16,0.994,0.017363755354185332,0.0038826537316634336,final_voter_base_coarse_v1
voter,rho_2,0,1850,20,1.0000000000000007,2.65529049256936e-15,5.937410041393989e-16,0.994,0.017363755354185332,0.0038826537316634336,final_voter_base_coarse_v1
voter,rho_2,0,1900,20,1.0000000000000007,2.65529049256936e-15,5.937410041393989e-16,0.994,0.017363755354185332,0.0038826537316634336,final_voter_base_coarse_v1
voter,rho_2,0,1950,20,1.0000000000000007,2.65529049256936e-15,5.937410041393989e-16,0.994,0.017363755354185332,0.0038826537316634336,final_voter_base_coarse_v1
voter,rho_2,0,2000,20,1.0000000000000007,2.65529049256936e-15,5.937410041393989e-16,0.994,0.017363755354185332,0.0038826537316634336,final_voter_base_coarse_v1
voter,rho_2,0,2050,20,1.0000000000000007,2.65529049256936e-15,5.937410041393989e-16,0.994,0.017363755354185332,0.0038826537316634336,final_voter_base_coarse_v1
voter,rho_2,0,2100,20,1.0000000000000007,2.65529049256936e-15,5.937410041393989e-16,0.994,0.017363755354185332,0.0038826537316634336,final_voter_base_coarse_v1
voter,rho_2,0,2150,20,1.0000000000000007,2.65529049256936e-15,5.937410041393989e-16,0.994,0.017363755354185332,0.0038826537316634336,final_voter_base_coarse_v1
voter,rho_2,0,2200,20,1.0000000000000007,2.65529049256936e-15,5.937410041393989e-16,0.994,0.017363755354185332,0.0038826537316634336,final_voter_base_coarse_v1
voter,rho_2,0,2250,20,1.0000000000000007,2.65529049256936e-15,5.937410041393989e-16,0.994,0.017363755354185332,0.0038826537316634336,final_voter_base_coarse_v1
voter,rho_2,0,2300,20,1.0000000000000007,2.65529049256936e-15,5.937410041393989e-16,0.994,0.017363755354185332,0.0038826537316634336,final_voter_base_coarse_v1
voter,rho_2,0,2350,20,1.0000000000000007,2.65529049256936e-15,5.937410041393989e-16,0.994,0.017363755354185332,0.0038826537316634336,final_voter_base_coarse_v1
voter,rho_2,0,2400,20,1.0000000000000007,2.65529049256936e-15,5.937410041393989e-16,0.994,0.017363755354185332,0.0038826537316634336,final_voter_base_coarse_v1
voter,rho_2,0,2450,20,1.0000000000000007,2.65529049256936e-15,5.937410041393989e-16,0.994,0.017363755354185332,0.0038826537316634336,final_voter_base_coarse_v1
voter,rho_2,0,2500,20,1.0000000000000007,2.65529049256936e-15,5.937410041393989e-16,0.994,0.017363755354185332,0.0038826537316634336,final_voter_base_coarse_v1
voter,rho_2,0,2550,20,1.0000000000000007,2.65529049256936e-15,5.937410041393989e-16,0.994,0.017363755354185332,0.0038826537316634336,final_voter_base_coarse_v1
voter,rho_2,0,2600,20,1.0000000000000007,2.65529049256936e-15,5.937410041393989e-16,0.994,0.017363755354185332,0.0038826537316634336,final_voter_base_coarse_v1
voter,rho_2,0,2650,20,1.0000000000000007,2.65529049256936e-15,5.937410041393989e-16,0.994,0.017363755354185332,0.0038826537316634336,final_voter_base_coarse_v1
voter,rho_2,0,2700,20,1.0000000000000007,2.65529049256936e-15,5.937410041393989e-16,0.994,0.017363755354185332,0.0038826537316634336,final_voter_base_coarse_v1
voter,rho_2,0,2750,20,1.0000000000000007,2.65529049256936e-15,5.937410041393989e-16,0.994,0.017363755354185332,0.0038826537316634336,final_voter_base_coarse_v1
voter,rho_2,0,2800,20,1.0000000000000007,2.65529049256936e-15,5.937410041393989e-16,0.994,0.017363755354185332,0.0038826537316634336,final_voter_base_coarse_v1
voter,rho_2,0,2850,20,1.0000000000000007,2.65529049256936e-15,5.937410041393989e-16,0.994,0.017363755354185332,0.0038826537316634336,final_voter_base_coarse_v1
voter,rho_2,0,2900,20,1.0000000000000007,2.65529049256936e-15,5.937410041393989e-16,0.994,0.017363755354185332,0.0038826537316634336,final_voter_base_coarse_v1
voter,rho_2,0,2950,20,1.0000000000000007,2.65529049256936e-15,5.937410041393989e-16,0.994,0.017363755354185332,0.0038826537316634336,final_voter_base_coarse_v1
voter,rho_2,0,3000,20,1.0000000000000007,2.65529049256936e-15,5.937410041393989e-16,0.994,0.017363755354185332,0.0038826537316634336,final_voter_base_coarse_v1
voter,rho_2,0.050000000000000003,0,20,0.06804402714524846,0.04075896892879347,0.009113982521758398,0.99275,0.021649191670822257,0.004840906423388081,final_fine_grid_steps3000_R20_v1
voter,rho_2,0.050000000000000003,50,20,0.36484975826411664,0.16851135570876502,0.037680284634544585,0.9967499999999999,0.009120718173477357,0.0020394545839513088,final_fine_grid_steps3000_R20_v1
voter,rho_2,0.050000000000000003,100,20,0.4746040152317884,0.21277124347065648,0.04757709640575462,0.9977499999999999,0.007822243923581015,0.001749106914971182,final_fine_grid_steps3000_R20_v1
voter,rho_2,0.050000000000000003,150,20,0.5637390363214669,0.25101191247776206,0.05612796994625036,0.9970000000000001,0.008276472678623432,0.0018506755523321763,final_fine_grid_steps3000_R20_v1
voter,rho_2,0.050000000000000003,200,20,0.6175515048439892,0.25399916620316393,0.05679594018585417,0.9955,0.014908051515875565,0.003333541660156655,final_fine_grid_steps3000_R20_v1
voter,rho_2,0.050000000000000003,250,20,0.6383599153268115,0.2723761629523795,0.06090516158120803,0.9962500000000001,0.011924240017711831,0.002666341125962695,final_fine_grid_steps3000_R20_v1
voter,rho_2,0.050000000000000003,300,20,0.6986963537995052,0.24554339917709941,0.05490517319863602,0.99325,0.016603839917320347,0.003712731474265278,final_fine_grid_steps3000_R20_v1
voter,rho_2,0.050000000000000003,350,20,0.8049338973008832,0.20045685496873566,0.04482351542659094,0.9942500000000001,0.01442870403050809,0.0032263563039441286,final_fine_grid_steps3000_R20_v1
voter,rho_2,0.050000000000000003,400,20,0.8189685232743384,0.1901044899776348,0.042508656241791884,0.99125,0.02229770167528483,0.004985917668794782,final_fine_grid_steps3000_R20_v1
voter,rho_2,0.050000000000000003,450,20,0.8540360068788801,0.1955407464039495,0.043724240133027864,0.98925,0.02330638324579771,0.005211465724726586,final_fine_grid_steps3000_R20_v1
voter,rho_2,0.050000000000000003,500,20,0.856549275230878,0.19817188092846535,0.044312579698504266,0.9942500000000001,0.019318061496951495,0.004319649870070489,final_fine_grid_steps3000_R20_v1
voter,rho_2,0.050000000000000003,550,20,0.9127772997531117,0.12444550106242923,0.027826859986961404,0.9994999999999999,0.002179449471770339,0.00048733971724044866,final_fine_grid_steps3000_R20_v1
voter,rho_2,0.050000000000000003,600,20,0.9212842310193995,0.15853987881664786,0.03545059461786035,0.9994999999999999,0.002179449471770339,0.00048733971724044866,final_fine_grid_steps3000_R20_v1
voter,rho_2,0.050000000000000003,650,20,0.9194821474746755,0.16902861288344698,0.03779594685498842,0.994,0.01806931099959265,0.004040420770167384,final_fine_grid_steps3000_R20_v1
voter,rho_2,0.050000000000000003,700,20,0.9225247762074524,0.13157893212168986,0.029421943663092916,0.9964999999999999,0.012257650672131274,0.0027408940147331516,final_fine_grid_steps3000_R20_v1
voter,rho_2,0.050000000000000003,750,20,0.929275376251501,0.09294349058970977,0.020782796302470305,0.9957499999999999,0.012477479713467791,0.002790049282718858,final_fine_grid_steps3000_R20_v1
voter,rho_2,0.050000000000000003,800,20,0.9272728087004912,0.09200040532597699,0.020571916026641823,0.9810000000000001,0.04554119014694281,0.010183319694480775,final_fine_grid_steps3000_R20_v1
voter,rho_2,0.050000000000000003,850,20,0.92611150038693,0.0986332771954824,0.022055071265267845,0.9887499999999999,0.03327442711753278,0.007440388094716567,final_fine_grid_steps3000_R20_v1
voter,rho_2,0.050000000000000003,900,20,0.9433480871833106,0.06755852238343268,0.015106544850879658,0.98575,0.054343237849800594,0.012151517394959363,final_fine_grid_steps3000_R20_v1
voter,rho_2,0.050000000000000003,950,20,0.9390896816974748,0.08972506020759383,0.020063133390944118,0.9835,0.06297023106198675,0.014080571721347114,final_fine_grid_steps3000_R20_v1
voter,rho_2,0.050000000000000003,1000,20,0.9299637984418444,0.12111547619350312,0.027082243789593043,0.9810000000000001,0.06345470825714984,0.014188904115540425,final_fine_grid_steps3000_R20_v1
voter,rho_2,0.050000000000000003,1050,20,0.9570562907800243,0.05820597454616892,0.013015251578185618,0.9817500000000001,0.06358606372468735,0.014218276091003438,final_fine_grid_steps3000_R20_v1
voter,rho_2,0.050000000000000003,1100,20,0.9595746566806911,0.05380566217953326,0.012031311820782585,0.97675,0.06734751294591361,0.015059361706260994,final_fine_grid_steps3000_R20_v1
voter,rho_2,0.050000000000000003,1150,20,0.9672553669643188,0.0335633105057346,0.007504984384075541,0.9802500000000001,0.06349163330707441,0.014197160807710815,final_fine_grid_steps3000_R20_v1
voter,rho_2,0.050000000000000003,1200,20,0.9752334004417273,0.026834795290910388,0.006000442643276687,0.9967499999999999,0.008104782538723671,0.001812284469943945,final_fine_grid_steps3000_R20_v1
voter,rho_2,0.050000000000000003,1250,20,0.9762505962231225,0.01916300435734988,0.0042849780396159,0.9877499999999999,0.04365990723764767,0.009762652047471525,final_fine_grid_steps3000_R20_v1
voter,rho_2,0.050000000000000003,1300,20,0.9802300647538592,0.01759307397729885,0.0039339309346422815,0.9977499999999999,0.007154544010627099,0.0015998046755776169,final_fine_grid_steps3000_R20_v1
voter,rho_2,0.050000000000000003,1350,20,0.9802652662175264,0.014368366476229088,0.0032128644166477356,0.9977499999999999,0.007154544010627099,0.0015998046755776169,final_fine_grid_steps3000_R20_v1
voter,rho_2,0.050000000000000003,1400,20,0.9778251353210091,0.013600413082257757,0.003041144817400578,0.99725,0.007327175444876429,0.0016384062377810958,final_fine_grid_steps3000_R20_v1
voter,rho_2,0.050000000000000003,1450,20,0.97781867421446,0.014926147452411892,0.0033375880345778296,0.998,0.006782329983125274,0.0015165750888103114,final_fine_grid_steps3000_R20_v1
voter,rho_2,0.050000000000000003,1500,20,0.9745963635465344,0.017434639666412375,0.0038985039457312327,0.95975,0.09799840559927493,0.021913109660657477,final_fine_grid_steps3000_R20_v1
voter,rho_2,0.050000000000000003,1550,20,0.9736596020783717,0.017783253333697645,0.003976456331524768,0.9635,0.09633405420722208,0.021540949375549817,final_fine_grid_steps3000_R20_v1
voter,rho_2,0.050000000000000003,1600,20,0.9745727421592931,0.016718554711752997,0.0037383824821029103,0.98325,0.06309268975087368,0.01410795431662578,final_fine_grid_steps3000_R20_v1
voter,rho_2,0.050000000000000003,1650,20,0.973400943012481,0.02072173535103052,0.00463352088566647,0.9977499999999999,0.005584576975922174,0.0012487493743742186,final_fine_grid_steps3000_R20_v1
voter,rho_2,0.050000000000000003,1700,20,0.9738845263586008,0.02315275220411028,0.005177112779459867,0.9807499999999999,0.0638019396256885,0.014266547409937698,final_fine_grid_steps3000_R20_v1
voter,rho_2,0.050000000000000003,1750,20,0.9762726227076117,0.016485551041081264,0.0036862812774400133,0.9692500000000001,0.07836253888178969,0.01752239638291521,final_fine_grid_steps3000_R20_v1
voter,rho_2,0.050000000000000003,1800,20,0.9684858921965807,0.035227440076876206,0.00787709506851956,0.96875,0.0713770796544661,0.01596040021428034,final_fine_grid_steps3000_R20_v1
voter,rho_2,0.050000000000000003,1850,20,0.9694233124471664,0.022995763771042788,0.005142009098657858,0.99075,0.018046814123273944,0.004035390315694381,final_fine_grid_steps3000_R20_v1
voter,rho_2,0.050000000000000003,1900,20,0.9722508072090926,0.024506864105560695,0.005479901405538329,0.98375,0.0335736131508064,0.0075072881255484,final_fine_grid_steps3000_R20_v1
voter,rho_2,0.050000000000000003,1950,20,0.9677688083752347,0.03334256949519956,0.0074556251935777055,0.9894999999999999,0.031220986531498334,0.006981224820903565,final_fine_grid_steps3000_R20_v1
voter,rho_2,0.050000000000000003,2000,20,0.9658015417788635,0.034903586903804316,0.007804679297547786,0.9875,0.04063557554655774,0.009086390922693127,final_fine_grid_steps3000_R20_v1
voter,rho_2,0.050000000000000003,2050,20,0.9687133553393048,0.027316104119972977,0.006108066569272165,0.98475,0.04133627341693977,0.009243071729679482,final_fine_grid_steps3000_R20_v1
voter,rho_2,0.050000000000000003,2100,20,0.9720485667849678,0.03120215851359495,0.0069770147481122095,0.9952500000000001,0.009934158243152772,0.0022213453130929483,final_fine_grid_steps3000_R20_v1
voter,rho_2,0.050000000000000003,2150,20,0.9697977953216563,0.03200672435467007,0.007156921139414037,0.9952500000000001,0.009934158243152772,0.0022213453130929483,final_fine_grid_steps3000_R20_v1
voter,rho_2,0.050000000000000003,2200,20,0.9709682949223314,0.03550015585969137,0.007938076171410739,0.9952500000000001,0.009934158243152772,0.0022213453130929483,final_fine_grid_steps3000_R20_v1
voter,rho_2,0.050000000000000003,2250,20,0.9802483060728712,0.01349464769143791,0.0030174949570465773,0.9970000000000001,0.009000000000000008,0.0020124611797498124,final_fine_grid_steps3000_R20_v1
voter,rho_2,0.050000000000000003,2300,20,0.9792185603098897,0.01051997997360832,0.0023523390342924644,0.9960000000000001,0.009695359714832666,0.0021679483388678815,final_fine_grid_steps3000_R20_v1
voter,rho_2,0.050000000000000003,2350,20,0.9802760918547719,0.01178877908329865,0.0026360511401983438,0.9955,0.0097339611669659,0.0021765798859678933,final_fine_grid_steps3000_R20_v1
voter,rho_2,0.050000000000000003,2400,20,0.9802461307487176,0.013218505534567382,0.002955747693624986,0.9955,0.0097339611669659,0.0021765798859678933,final_fine_grid_steps3000_R20_v1
voter,rho_2,0.050000000000000003,2450,20,0.9772361804607528,0.016343746874516518,0.003654572901846866,0.99075,0.020141685629559394,0.004503817824912545,final_fine_grid_steps3000_R20_v1
voter,rho_2,0.050000000000000003,2500,20,0.9754962775503022,0.016792136644483424,0.0037548359024530153,0.99325,0.015514106484100197,0.00346905967086183,final_fine_grid_steps3000_R20_v1
voter,rho_2,0.050000000000000003,2550,20,0.9767092739472136,0.02139388286151047,0.004783817638100513,0.986,0.0399562260480141,0.00893448375677073,final_fine_grid_steps3000_R20_v1
voter,rho_2,0.050000000000000003,2600,20,0.9787310288111921,0.021450412685594916,0.004796458091041405,0.9875,0.039890475053576395,0.008919781387455639,final_fine_grid_steps3000_R20_v1
voter,rho_2,0.050000000000000003,2650,20,0.9829939037342379,0.014540836823910216,0.003251429958799538,0.9967499999999999,0.014166421566507178,0.003167708162062911,final_fine_grid_steps3000_R20_v1
voter,rho_2,0.050000000000000003,2700,20,0.9837108300733626,0.010784608926575755,0.0024115118670574426,0.9952500000000001,0.014271912976192073,0.003191296758372681,final_fine_grid_steps3000_R20_v1
voter,rho_2,0.050000000000000003,2750,20,0.9831895713902185,0.01190419117927546,0.0026618580694013315,0.9952500000000001,0.014271912976192073,0.003191296758372681,final_fine_grid_steps3000_R20_v1
voter,rho_2,0.050000000000000003,2800,20,0.983399020007125,0.008184141511852065,0.0018300296757979117,0.9962500000000001,0.014219265100559863,0.0031795243354942235,final_fine_grid_steps3000_R20_v1
voter,rho_2,0.050000000000000003,2850,20,0.9854053227587425,0.005864144164552878,0.0013112624981798948,0.99875,0.0038324274291889763,0.0008569568250501313,final_fine_grid_steps3000_R20_v1
voter,rho_2,0.050000000000000003,2900,20,0.982287105146189,0.011917459278120544,0.002664824906496311,0.9925,0.021360009363293825,0.004776243293635699,final_fine_grid_steps3000_R20_v1
voter,rho_2,0.050000000000000003,2950,20,0.9805767222477886,0.01578811083538411,0.003530328906421986,0.9925,0.021360009363293825,0.004776243293635699,final_fine_grid_steps3000_R20_v1
voter,rho_2,0.050000000000000003,3000,20,0.9768680438464585,0.01944295751359906,0.0043475774684047785,0.9960000000000001,0.010319883720275156,0.002307596151842867,final_fine_grid_steps3000_R20_v1
voter,rho_2,0.10000000000000001,0,20,0.06678683737255106,0.03379190792538827,0.007556100321058206,0.9890000000000001,0.0185472369909914,0.004147288270665543,final_fine_grid_steps3000_R20_v1
voter,rho_2,0.10000000000000001,50,20,0.3476958612995313,0.17712148367084107,0.03960556777636196,0.99875,0.0038324274291889763,0.0008569568250501313,final_fine_grid_steps3000_R20_v1
voter,rho_2,0.10000000000000001,100,20,0.474910805266555,0.21601620562492918,0.048302692001891405,0.9949999999999999,0.01036822067666387,0.002318404623873928,final_fine_grid_steps3000_R20_v1
voter,rho_2,0.10000000000000001,150,20,0.5614402754339938,0.20547570398965148,0.04594576418454854,0.99375,0.014219265100559887,0.0031795243354942287,final_fine_grid_steps3000_R20_v1
voter,rho_2,0.10000000000000001,200,20,0.6336617954255795,0.2582751663687377,0.0577520828900565,0.9952500000000001,0.011776565713313888,0.002633320147646315,final_fine_grid_steps3000_R20_v1
voter,rho_2,0.10000000000000001,250,20,0.7271240033885452,0.2382300478538353,0.05326985812842036,0.968,0.10185038046075233,0.022774437424445855,final_fine_grid_steps3000_R20_v1
voter,rho_2,0.10000000000000001,300,20,0.7779026325603507,0.20469790576942762,0.045771843215228654,0.9955,0.010356157588603998,0.002315707235381884,final_fine_grid_steps3000_R20_v1
voter,rho_2,0.10000000000000001,350,20,0.7975760777985437,0.19566996112246327,0.04375313342245689,0.9964999999999999,0.005500000000000005,0.0012298373876248854,final_fine_grid_steps3000_R20_v1
voter,rho_2,0.10000000000000001,400,20,0.844824368431032,0.15687507702263834,0.03507833361981346,0.9967499999999999,0.005068283733178328,0.0011333026956643147,final_fine_grid_steps3000_R20_v1
voter,rho_2,0.10000000000000001,450,20,0.8545564473514465,0.20611384110684225,0.04608845598184898,0.9967499999999999,0.005973901572674266,0.001335805000739256,final_fine_grid_steps3000_R20_v1
voter,rho_2,0.10000000000000001,500,20,0.8561796014216936,0.19972135511544353,0.04465905265965071,0.9960000000000001,0.008602325267042634,0.001923538406167136,final_fine_grid_steps3000_R20_v1
voter,rho_2,0.10000000000000001,550,20,0.8655682898606315,0.19374235584940525,0.04332210778002241,0.9970000000000001,0.007810249675906661,0.0017464249196572996,final_fine_grid_steps3000_R20_v1
voter,rho_2,0.10000000000000001,600,20,0.8863814177462579,0.09593288157529883,0.02145124444798053,0.9970000000000001,0.007141428428542857,0.0015968719422671325,final_fine_grid_steps3000_R20_v1
voter,rho_2,0.10000000000000001,650,20,0.8852370519893231,0.12565786510312868,0.028097952827809435,0.9964999999999999,0.005500000000000005,0.0012298373876248854,final_fine_grid_steps3000_R20_v1
voter,rho_2,0.10000000000000001,700,20,0.8927877745645167,0.1201373880115536,0.026863536623310213,0.9824999999999999,0.02839454172900136,0.006349212549600146,final_fine_grid_steps3000_R20_v1
voter,rho_2,0.10000000000000001,750,20,0.8971601877672952,0.11784282342321642,0.026350456383481637,0.986,0.024166091947189144,0.005403702434442518,final_fine_grid_steps3000_R20_v1
voter,rho_2,0.10000000000000001,800,20,0.9266873773628073,0.05390155192941843,0.012052753420691455,0.994,0.007000000000000006,0.001565247584249854,final_fine_grid_steps3000_R20_v1
voter,rho_2,0.10000000000000001,850,20,0.9184398269209522,0.07083763017635282,0.01583977564393153,0.9935,0.009500000000000008,0.002124264578624802,final_fine_grid_steps3000_R20_v1
voter,rho_2,0.10000000000000001,900,20,0.9120167325581164,0.08538919176545695,0.0190936037331327,0.99475,0.009807522622966525,0.002193028727582019,final_fine_grid_steps3000_R20_v1
voter,rho_2,0.10000000000000001,950,20,0.9023393697659093,0.07625547050833287,0.017051241571286273,0.99325,0.01442870403050809,0.0032263563039441286,final_fine_grid_steps3000_R20_v1
voter,rho_2,0.10000000000000001,1000,20,0.8929768383054189,0.09125110048299565,0.020404366370164215,0.9925,0.014097872179871697,0.0031523800532296253,final_fine_grid_steps3000_R20_v1
voter,rho_2,0.10000000000000001,1050,20,0.8935113554856766,0.09201250503372603,0.0205746216035453,0.9880000000000001,0.027540878707840815,0.0061583276950808626,final_fine_grid_steps3000_R20_v1
voter,rho_2,0.10000000000000001,1100,20,0.8929133611180664,0.11174058846685293,0.024985955165771217,0.9789999999999999,0.0433474336033865,0.009692780818733086,final_fine_grid_steps3000_R20_v1
voter,rho_2,0.10000000000000001,1150,20,0.878219043440225,0.11449272678273456,0.025601352001550524,0.98425,0.04202008448349433,0.009395976532537745,final_fine_grid_steps3000_R20_v1
voter,rho_2,0.10000000000000001,1200,20,0.8739512275537005,0.1165034855675033,0.026050971334460302,0.9925,0.018741664813991307,0.004190763653560051,final_fine_grid_steps3000_R20_v1
voter,rho_2,0.10000000000000001,1250,20,0.8811714408234419,0.13109144084646232,0.02931293730010823,0.9967499999999999,0.00825757228245688,0.0018464492952691678,final_fine_grid_steps3000_R20_v1
voter,rho_2,0.10000000000000001,1300,20,0.9118277744393251,0.07069228878041633,0.015807276319805663,0.99725,0.009148087231766001,0.002045574491432665,final_fine_grid_steps3000_R20_v1
voter,rho_2,0.10000000000000001,1350,20,0.9065288617016292,0.09552102192013798,0.0213591498293676,0.99375,0.020054612935681403,0.0044843477786630235,final_fine_grid_steps3000_R20_v1
voter,rho_2,0.10000000000000001,1400,20,0.9127624058049507,0.0697008320142953,0.015585579847225788,0.95375,0.11027097306181713,0.02465733917112712,final_fine_grid_steps3000_R20_v1
voter,rho_2,0.10000000000000001,1450,20,0.8992023703084587,0.1273516731462005,0.02847669982032388,0.9887499999999999,0.04454983164951355,0.009961645195448388,final_fine_grid_steps3000_R20_v1
voter,rho_2,0.10000000000000001,1500,20,0.9062797780378654,0.12079365414284715,0.02701028219140053,0.9869999999999999,0.0521632054229799,0.011664047325006872,final_fine_grid_steps3000_R20_v1
voter,rho_2,0.10000000000000001,1550,20,0.9176715186509063,0.07897226602901386,0.017658735517807236,0.9807499999999999,0.07596504130190412,0.016986299626463672,final_fine_grid_steps3000_R20_v1
voter,rho_2,0.10000000000000001,1600,20,0.9186040238847497,0.0795354913896778,0.017784676537116878,0.998,0.0040000000000000036,0.0008944271909999167,final_fine_grid_steps3000_R20_v1
voter,rho_2,0.10000000000000001,1650,20,0.9296810548308875,0.044195662838227366,0.009882450641693769,0.992,0.03043024810940588,0.0068044103344816,final_fine_grid_steps3000_R20_v1
voter,rho_2,0.10000000000000001,1700,20,0.9267790432325456,0.05961620052656293,0.013330587693765347,0.9970000000000001,0.005567764362830027,0.0012449899597988742,final_fine_grid_steps3000_R20_v1
voter,rho_2,0.10000000000000001,1750,20,0.9169804181391198,0.07560653325529441,0.016906134790193678,0.9984999999999999,0.0035707142142714283,0.0007984359711335663,final_fine_grid_steps3000_R20_v1
voter,rho_2,0.10000000000000001,1800,20,0.9279602886683287,0.045578055170223966,0.010191562964285653,0.999,0.0030000000000000027,0.0006708203932499374,final_fine_grid_steps3000_R20_v1
voter,rho_2,0.10000000000000001,1850,20,0.9353070595423484,0.035973817811756834,0.008043990203728101,0.993,0.028301943396169812,0.006328506932918696,final_fine_grid_steps3000_R20_v1
voter,rho_2,0.10000000000000001,1900,20,0.9252118230669272,0.04313363879100469,0.009644974845360832,0.9967499999999999,0.012070107704573322,0.0026989581323169894,final_fine_grid_steps3000_R20_v1
voter,rho_2,0.10000000000000001,1950,20,0.9278322467447648,0.0514258317791512,0.011499165565765104,0.99925,0.003269174207655508,0.0007310095758606729,final_fine_grid_steps3000_R20_v1
voter,rho_2,0.10000000000000001,2000,20,0.93375943320656,0.04228758794295942,0.009455792124495776,0.9789999999999999,0.08815611152949068,0.019712305801199412,final_fine_grid_steps3000_R20_v1
voter,rho_2,0.10000000000000001,2050,20,0.9317459367627305,0.03646161044351722,0.008153063952082077,0.9789999999999999,0.08815611152949068,0.019712305801199412,final_fine_grid_steps3000_R20_v1
voter,rho_2,0.10000000000000001,2100,20,0.926344815224771,0.052980852091449995,0.01184687867823441,0.998,0.006204836822995434,0.001387443692551162,final_fine_grid_steps3000_R20_v1
voter,rho_2,0.10000000000000001,2150,20,0.9208584674957452,0.060131288074592774,0.013445764770941188,0.9974999999999999,0.00642261628933257,0.0014361406616345083,final_fine_grid_steps3000_R20_v1
voter,rho_2,0.10000000000000001,2200,20,0.922087425118859,0.048509514915030694,0.010847057290554856,0.9817500000000001,0.06075102879787305,0.013584343009509147,final_fine_grid_steps3000_R20_v1
voter,rho_2,0.10000000000000001,2250,20,0.9346346143357614,0.030369579877891146,0.006790844505507436,0.9974999999999999,0.00642261628933257,0.0014361406616345083,final_fine_grid_steps3000_R20_v1
voter,rho_2,0.10000000000000001,2300,20,0.9315167416178582,0.03765769686511659,0.008420517006648141,0.99375,0.018766659265836313,0.004196352582898629,final_fine_grid_steps3000_R20_v1
voter,rho_2,0.10000000000000001,2350,20,0.9295088122190759,0.038277792485709235,0.00855917460266765,0.9887499999999999,0.022741756748325306,0.0050852114017019955,final_fine_grid_steps3000_R20_v1
voter,rho_2,0.10000000000000001,2400,20,0.942482497745929,0.027821874616234928,0.006221160290337717,0.99025,0.0208851023459307,0.004670050856254137,final_fine_grid_steps3000_R20_v1
voter,rho_2,0.10000000000000001,2450,20,0.9237608465556189,0.041955237094917115,0.009381476215635546,0.95875,0.09218019038817396,0.020612117188682968,final_fine_grid_steps3000_R20_v1
voter,rho_2,0.10000000000000001,2500,20,0.9227068951448251,0.054572763090078295,0.012202840798940654,0.99275,0.02033930923114155,0.004548007805622149,final_fine_grid_steps3000_R20_v1
voter,rho_2,0.10000000000000001,2550,20,0.9067431495949801,0.07299942545463185,0.01632316776349853,0.992,0.01742125139018434,0.003895510236156489,final_fine_grid_steps3000_R20_v1
voter,rho_2,0.10000000000000001,2600,20,0.8991935063150065,0.08677597674300203,0.019403698281129332,0.9817500000000001,0.05244699705416888,0.011727505062885283,final_fine_grid_steps3000_R20_v1
voter,rho_2,0.10000000000000001,2650,20,0.8918776194510378,0.09763613032563434,0.021832102446814706,0.9640000000000001,0.09148223871331528,0.020456050449683585,final_fine_grid_steps3000_R20_v1
voter,rho_2,0.10000000000000001,2700,20,0.9292238705979348,0.038505575474047954,0.00861010842727199,0.9727499999999999,0.06938074300553432,0.01551400576898178,final_fine_grid_steps3000_R20_v1
voter,rho_2,0.10000000000000001,2750,20,0.9321353838785656,0.033913599543437034,0.0075833113940831035,0.98575,0.02555753313604425,0.005714838142939832,final_fine_grid_steps3000_R20_v1
voter,rho_2,0.10000000000000001,2800,20,0.9063513763894859,0.06511937049597506,0.014561133908099443,0.96325,0.09483241798035101,0.021205173307473818,final_fine_grid_steps3000_R20_v1
voter,rho_2,0.10000000000000001,2850,20,0.895122200448904,0.06507968378927916,0.014552259690701928,0.9727499999999999,0.04747301865270418,0.010615289680456202,final_fine_grid_steps3000_R20_v1
voter,rho_2,0.10000000000000001,2900,20,0.8374091625712701,0.15148925870067592,0.033874028031576284,0.96175,0.06569389241017767,0.014689600913571476,final_fine_grid_steps3000_R20_v1
voter,rho_2,0.10000000000000001,2950,20,0.8443131607431005,0.14908872696638267,0.03333725281757376,0.985,0.023558437978779486,0.005267826876426368,final_fine_grid_steps3000_R20_v1
voter,rho_2,0.10000000000000001,3000,20,0.832617498444977,0.15212000224592698,0.03401506657593134,0.9904999999999999,0.020180436070610566,0.0045124826869473965,final_fine_grid_steps3000_R20_v1
voter,rho_2,0.14999999999999999,0,20,0.059819274823289005,0.026140875603545482,0.005845277484089354,0.99075,0.012968712349342949,0.0028998922393771833,final_fine_grid_steps3000_R20_v1
voter,rho_2,0.14999999999999999,50,20,0.32124793508805555,0.1604945148985259,0.035887664532895665,0.9994999999999999,0.002179449471770339,0.00048733971724044866,final_fine_grid_steps3000_R20_v1
voter,rho_2,0.14999999999999999,100,20,0.46267353972537817,0.17152464241167262,0.038354076024884345,0.99825,0.004264680527307999,0.0009536115561380333,final_fine_grid_steps3000_R20_v1
voter,rho_2,0.14999999999999999,150,20,0.545668607654246,0.18713774879265743,0.04184527274566612,0.9977499999999999,0.005584576975922174,0.0012487493743742186,final_fine_grid_steps3000_R20_v1
voter,rho_2,0.14999999999999999,200,20,0.595267898379472,0.23608194328272222,0.05278952734404167,0.9914999999999999,0.030004166377355,0.006709135562797938,final_fine_grid_steps3000_R20_v1
voter,rho_2,0.14999999999999999,250,20,0.6231519069053786,0.25006282243209066,0.0559157469603614,0.9977499999999999,0.005356071321407143,0.0011976539567003495,final_fine_grid_steps3000_R20_v1
voter,rho_2,0.14999999999999999,300,20,0.6448167830915175,0.2541438883804774,0.05682830104848664,0.9935,0.017036725037400814,0.0038095275297600865,final_fine_grid_steps3000_R20_v1
voter,rho_2,0.14999999999999999,350,20,0.6287136240408712,0.25597998274625755,0.05723886422998552,0.983,0.04160528812542944,0.009303225247192503,final_fine_grid_steps3000_R20_v1
voter,rho_2,0.14999999999999999,400,20,0.6560580552852503,0.2576777371924424,0.0576184936650627,0.9804999999999999,0.05551801509420163,0.012414205572649422,final_fine_grid_steps3000_R20_v1
voter,rho_2,0.14999999999999999,450,20,0.692189458789045,0.21293842928323867,0.04761448028993535,0.983,0.03112073263919087,0.006958807369082722,final_fine_grid_steps3000_R20_v1
voter,rho_2,0.14999999999999999,500,20,0.6839003291204276,0.2093608746528952,0.046814514755268634,0.9882500000000001,0.022376047461515617,0.005003436319171052,final_fine_grid_steps3000_R20_v1
voter,rho_2,0.14999999999999999,550,20,0.6807784784424719,0.21896178636589533,0.04896134387889286,0.9865,0.028552583070538463,0.006384551667893368,final_fine_grid_steps3000_R20_v1
voter,rho_2,0.14999999999999999,600,20,0.6818736435372088,0.24525472216110958,0.054840623055506514,0.9525,0.12213210061241067,0.027309567920419393,final_fine_grid_steps3000_R20_v1
voter,rho_2,0.14999999999999999,650,20,0.7578295735076932,0.16739181519005544,0.03742994776420458,0.98575,0.032911813988293015,0.007359305334065164,final_fine_grid_steps3000_R20_v1
voter,rho_2,0.14999999999999999,700,20,0.7861394248141936,0.14792314461488304,0.03307662068044104,0.9942500000000001,0.011211043662389342,0.002506865572782077,final_fine_grid_steps3000_R20_v1
voter,rho_2,0.14999999999999999,750,20,0.7795885503186604,0.14556082774423848,0.03254839056972546,0.9869999999999999,0.03739652390263032,0.008362116956847711,final_fine_grid_steps3000_R20_v1
voter,rho_2,0.14999999999999999,800,20,0.7794620040403891,0.1598358796750652,0.03574038921969228,0.98525,0.039795571361647776,0.00889856027680883,final_fine_grid_steps3000_R20_v1
voter,rho_2,0.14999999999999999,850,20,0.806812859528707,0.11539596029156013,0.02580332115407949,0.98675,0.02698494950893924,0.00603401814713877,final_fine_grid_steps3000_R20_v1
voter,rho_2,0.14999999999999999,900,20,0.8702056872274578,0.09094430047767901,0.020335763803425687,0.9807499999999999,0.039410499869958524,0.008812455673647388,final_fine_grid_steps3000_R20_v1
voter,rho_2,0.14999999999999999,950,20,0.8724451689898803,0.05293949735739193,0.011837631478579884,0.9817499999999999,0.03963190003015249,0.008861962254489692,final_fine_grid_steps3000_R20_v1
voter,rho_2,0.14999999999999999,1000,20,0.8611549630442548,0.07101335293683514,0.01587906844769477,0.9734999999999999,0.06377891501115397,0.014261398949612203,final_fine_grid_steps3000_R20_v1
voter,rho_2,0.14999999999999999,1050,20,0.865194458279104,0.05690747479157895,0.01272489820618262,0.976,0.06024118192731613,0.013470337783441066,final_fine_grid_steps3000_R20_v1
voter,rho_2,0.14999999999999999,1100,20,0.8657138194783119,0.08519367843949041,0.019049885624395874,0.93675,0.13692402090210468,0.03061714184897081,final_fine_grid_steps3000_R20_v1
voter,rho_2,0.14999999999999999,1150,20,0.8291483518917764,0.12323164668949739,0.027555433897695308,0.95625,0.09718378208322621,0.021730954304861994,final_fine_grid_steps3000_R20_v1
voter,rho_2,0.14999999999999999,1200,20,0.8467296384903047,0.08621453328665654,0.019278155707738238,0.95425,0.09757401037161484,0.02181821200282003,final_fine_grid_steps3000_R20_v1
voter,rho_2,0.14999999999999999,1250,20,0.8601677786551363,0.12180935678728601,0.027237400207189687,0.9685,0.06730713186579859,0.01505033222224679,final_fine_grid_steps3000_R20_v1
voter,rho_2,0.14999999999999999,1300,20,0.8492698862112846,0.17180132466398831,0.03841594405731891,0.9797499999999999,0.044143940694052225,0.009870885218662001,final_fine_grid_steps3000_R20_v1
voter,rho_2,0.14999999999999999,1350,20,0.8231472854850292,0.22241238151472292,0.04973292041045381,0.98575,0.030833220720515066,0.006894517749632673,final_fine_grid_steps3000_R20_v1
voter,rho_2,0.14999999999999999,1400,20,0.8563308316310525,0.12828268732156686,0.02868488091873739,0.9744999999999999,0.04409931972264425,0.00986090766613297,final_fine_grid_steps3000_R20_v1
voter,rho_2,0.14999999999999999,1450,20,0.8665559861940867,0.08997217930805974,0.020118390901662158,0.98575,0.031195953263203874,0.006975627211943025,final_fine_grid_steps3000_R20_v1
voter,rho_2,0.14999999999999999,1500,20,0.8573226207439714,0.09671447203238594,0.021626013387241717,0.9592499999999999,0.08637527134544933,0.01931409783034144,final_fine_grid_steps3000_R20_v1
voter,rho_2,0.14999999999999999,1550,20,0.8487609332909785,0.11113944076583177,0.02485153445337111,0.9574999999999999,0.0865520074868284,0.019353617232961903,final_fine_grid_steps3000_R20_v1
voter,rho_2,0.14999999999999999,1600,20,0.8395406865390015,0.14188383759863293,0.031726190577908375,0.9804999999999999,0.02810249099279278,0.00628390801969602,final_fine_grid_steps3000_R20_v1
voter,rho_2,0.14999999999999999,1650,20,0.8218215685131319,0.16997023126046676,0.03800649912497634,0.97575,0.0598388460784464,0.013380372752655287,final_fine_grid_steps3000_R20_v1
voter,rho_2,0.14999999999999999,1700,20,0.8385391948663049,0.13779970980683146,0.030812951840781953,0.99075,0.016299923312703034,0.0036447736555237547,final_fine_grid_steps3000_R20_v1
voter,rho_2,0.14999999999999999,1750,20,0.8309590153461445,0.169287615034471,0.03785386149658926,0.9869999999999999,0.038613469152615654,0.00863423418723398,final_fine_grid_steps3000_R20_v1
voter,rho_2,0.14999999999999999,1800,20,0.8525773769308815,0.1285275803323496,0.02873964066066987,0.9654999999999999,0.10476044100709007,0.023425146744470993,final_fine_grid_steps3000_R20_v1
voter,rho_2,0.14999999999999999,1850,20,0.826776883275634,0.1393610352608209,0.031162074825794063,0.9695,0.10427008199862509,0.023315499136840282,final_fine_grid_steps3000_R20_v1
voter,rho_2,0.14999999999999999,1900,20,0.8155948870370965,0.20762335214290412,0.04642599291079102,0.962,0.10890821823902914,0.02435261792908516,final_fine_grid_steps3000_R20_v1
voter,rho_2,0.14999999999999999,1950,20,0.8404231181029838,0.13593088598995065,0.030395070131530342,0.95875,0.10727155960458484,0.023986649932827217,final_fine_grid_steps3000_R20_v1
voter,rho_2,0.14999999999999999,2000,20,0.8324635213723507,0.14992664154578145,0.033524616213461145,0.9535,0.10880142462302596,0.024328738150590546,final_fine_grid_steps3000_R20_v1
voter,rho_2,0.14999999999999999,2050,20,0.8123099371841418,0.14183769232052296,0.03171587218003892,0.9342499999999999,0.1438773349072049,0.03217195012740135,final_fine_grid_steps3000_R20_v1
voter,rho_2,0.14999999999999999,2100,20,0.7973607211192759,0.1480186093245644,0.03309796723847102,0.9810000000000001,0.03786819245752298,0.00846758525200662,final_fine_grid_steps3000_R20_v1
voter,rho_2,0.14999999999999999,2150,20,0.773762792683142,0.17372981466531312,0.038847167531007996,0.9734999999999999,0.057902936022277834,0.012947490104263451,final_fine_grid_steps3000_R20_v1
voter,rho_2,0.14999999999999999,2200,20,0.768619321182596,0.18256178318412175,0.04082205572932742,0.9417500000000001,0.11811302849389646,0.026410876074072206,final_fine_grid_steps3000_R20_v1
voter,rho_2,0.14999999999999999,2250,20,0.7487931932989288,0.19765235653657348,0.04419641051288032,0.9484999999999999,0.11518571960099915,0.025756309906506403,final_fine_grid_steps3000_R20_v1
voter,rho_2,0.14999999999999999,2300,20,0.783831309110979,0.1847460165516899,0.04131046515818799,0.967,0.0835224520712844,0.018676188047886004,final_fine_grid_steps3000_R20_v1
voter,rho_2,0.14999999999999999,2350,20,0.8122756962938256,0.14488249711612322,0.032396711230156874,0.952,0.10710275439968851,0.02394890394151682,final_fine_grid_steps3000_R20_v1
voter,rho_2,0.14999999999999999,2400,20,0.7935704293055899,0.1545376791691107,0.03455567557071847,0.9695,0.05934854673873656,0.01327073848736384,final_fine_grid_steps3000_R20_v1
voter,rho_2,0.14999999999999999,2450,20,0.8547096988980492,0.09101839647215922,0.020352332171477503,0.9709999999999999,0.044766058571198794,0.010009995004993761,final_fine_grid_steps3000_R20_v1
voter,rho_2,0.14999999999999999,2500,20,0.8494263573249151,0.09780950214138555,0.021870869563354933,0.97875,0.033161536454151215,0.007415144974981945,final_fine_grid_steps3000_R20_v1
voter,rho_2,0.14999999999999999,2550,20,0.8514804519090713,0.09116155950818225,0.020384344399518778,0.98425,0.020388415828602298,0.004558988374628744,final_fine_grid_steps3000_R20_v1
voter,rho_2,0.14999999999999999,2600,20,0.8664654263762162,0.08841270307409081,0.019769681414817167,0.9862500000000001,0.019096792924467726,0.004270172713134684,final_fine_grid_steps3000_R20_v1
voter,rho_2,0.14999999999999999,2650,20,0.8606678111580093,0.08695242854722351,0.019443154104028505,0.9640000000000001,0.10507854205307571,0.023496276300724758,final_fine_grid_steps3000_R20_v1
voter,rho_2,0.14999999999999999,2700,20,0.8562445994358393,0.08062694304333058,0.018028732546289096,0.96425,0.0950036183521449,0.021243454874384254,final_fine_grid_steps3000_R20_v1
voter,rho_2,0.14999999999999999,2750,20,0.8618441317039778,0.10671228401663649,0.02386159210954635,0.986,0.020037464909513896,0.004480513363443974,final_fine_grid_steps3000_R20_v1
voter,rho_2,0.14999999999999999,2800,20,0.8329107485713634,0.12738688294845418,0.02848457297145524,0.977,0.03858108344772086,0.00862699252346958,final_fine_grid_steps3000_R20_v1
voter,rho_2,0.14999999999999999,2850,20,0.8437745072064431,0.1335565452000798,0.02986415139074017,0.9685,0.0928183710264299,0.020754818717589416,final_fine_grid_steps3000_R20_v1
voter,rho_2,0.14999999999999999,2900,20,0.8327123026816292,0.15104855432065364,0.03377548353640511,0.9882500000000001,0.0189917745353087,0.004246689887429973,final_fine_grid_steps3000_R20_v1
voter,rho_2,0.14999999999999999,2950,20,0.8636744222832824,0.07821188623429713,0.017488709426836842,0.985,0.031741140496207756,0.007097534783289195,final_fine_grid_steps3000_R20_v1
voter,rho_2,0.14999999999999999,3000,20,0.8560927719204775,0.08247178455647783,0.018441251649400175,0.9795,0.0400905225708022,0.008964513372180334,final_fine_grid_steps3000_R20_v1
voter,rho_2,0.20000000000000001,0,20,0.07303576879002702,0.027867885437347265,0.006231448622708494,0.9897500000000001,0.017569504830814094,0.003928660713271126,final_fine_grid_steps3000_R20_v1
voter,rho_2,0.20000000000000001,50,20,0.3509441107168708,0.19868822200839173,0.04442803707393337,1.0,0.0,0.0,final_fine_grid_steps3000_R20_v1
voter,rho_2,0.20000000000000001,100,20,0.41790284571427605,0.21109594791207265,0.04720248893061492,0.9967499999999999,0.009522998477370464,0.002129407194502735,final_fine_grid_steps3000_R20_v1
voter,rho_2,0.20000000000000001,150,20,0.4856030307250789,0.2277708887265079,0.05093111904880121,0.99175,0.018184815093918328,0.004066248270826561,final_fine_grid_steps3000_R20_v1
voter,rho_2,0.20000000000000001,200,20,0.5674057282195986,0.20034120846924436,0.04479765608316869,0.9945,0.010828203913853867,0.0024212600025606524,final_fine_grid_steps3000_R20_v1
voter,rho_2,0.20000000000000001,250,20,0.565735256602373,0.2346573196480956,0.05247097181510388,0.9795,0.04153010955921019,0.00928641480874078,final_fine_grid_steps3000_R20_v1
voter,rho_2,0.20000000000000001,300,20,0.6048698119466542,0.2206408428089516,0.04933679231336614,0.991,0.019144189719076648,0.004280770958600798,final_fine_grid_steps3000_R20_v1
voter,rho_2,0.20000000000000001,350,20,0.6085998727608635,0.2042037755747611,0.0456613523447277,0.9890000000000001,0.040143492623338106,0.008976357836004535,final_fine_grid_steps3000_R20_v1
voter,rho_2,0.20000000000000001,400,20,0.6430355801791914,0.2003370444821331,0.044796724987344876,0.9945,0.012134661099511607,0.002713392710243029,final_fine_grid_steps3000_R20_v1
voter,rho_2,0.20000000000000001,450,20,0.6519481188246253,0.25824126554393956,0.0577445024351823,0.9789999999999999,0.03519943181359608,0.007870832230456955,final_fine_grid_steps3000_R20_v1
voter,rho_2,0.20000000000000001,500,20,0.7088466400951374,0.19376345203324602,0.04332682503013579,0.99025,0.03108355674629273,0.006950494586718273,final_fine_grid_steps3000_R20_v1
voter,rho_2,0.20000000000000001,550,20,0.715221814691783,0.19620985496201482,0.043873857355043955,0.9955,0.008930285549745884,0.0019968725547715874,final_fine_grid_steps3000_R20_v1
voter,rho_2,0.20000000000000001,600,20,0.7736562395935673,0.13168529969363785,0.029445728175240646,0.986,0.0425910788780937,0.009523654760647298,final_fine_grid_steps3000_R20_v1
voter,rho_2,0.20000000000000001,650,20,0.7568656563790237,0.16835972607949595,0.03764637921869971,0.9914999999999999,0.018580904176062063,0.004154816482108449,final_fine_grid_steps3000_R20_v1
voter,rho_2,0.20000000000000001,700,20,0.7903409191476161,0.1365584223492962,0.03053539152731528,0.95075,0.10697283533682746,0.02391985315590378,final_fine_grid_steps3000_R20_v1
voter,rho_2,0.20000000000000001,750,20,0.7827115845363863,0.13095547448874603,0.029282534298257563,0.9872500000000001,0.030556300495969736,0.0068325965049898865,final_fine_grid_steps3000_R20_v1
voter,rho_2,0.20000000000000001,800,20,0.7826364917203945,0.13280369981449672,0.029695810044869087,0.99275,0.016083765106466846,0.003596439211219901,final_fine_grid_steps3000_R20_v1
voter,rho_2,0.20000000000000001,850,20,0.7584914203424689,0.131008456117876,0.029294381350686894,0.9865,0.03041792234851027,0.006801654210557901,final_fine_grid_steps3000_R20_v1
voter,rho_2,0.20000000000000001,900,20,0.7472471037457219,0.12743411793246595,0.02849513503497188,0.9865,0.03041792234851027,0.006801654210557901,final_fine_grid_steps3000_R20_v1
voter,rho_2,0.20000000000000001,950,20,0.7321227280211142,0.17846483567040533,0.03990595041523556,0.98475,0.033409392391960675,0.007470567247538837,final_fine_grid_steps3000_R20_v1
voter,rho_2,0.20000000000000001,1000,20,0.7681396679254706,0.11027699309970641,0.024658685292521878,0.9884999999999999,0.030704234235688087,0.006865675494807486,final_fine_grid_steps3000_R20_v1
voter,rho_2,0.20000000000000001,1050,20,0.7205683547229699,0.1801518418049202,0.04028317645475899,0.9814999999999999,0.041385383893350565,0.009254053166045677,final_fine_grid_steps3000_R20_v1
voter,rho_2,0.20000000000000001,1100,20,0.672035376551342,0.17772890601623065,0.039741391541896307,0.9817500000000001,0.04373999885688157,0.009780561077975028,final_fine_grid_steps3000_R20_v1
voter,rho_2,0.20000000000000001,1150,20,0.7128526407971002,0.1822502289009403,0.04075239007373993,0.9817500000000001,0.044307871761121644,0.00990754131962113,final_fine_grid_steps3000_R20_v1
voter,rho_2,0.20000000000000001,1200,20,0.7034546112438277,0.1494325830672366,0.03341414137917251,0.9800000000000001,0.05740209055426466,0.012835497652993435,final_fine_grid_steps3000_R20_v1
voter,rho_2,0.20000000000000001,1250,20,0.7662159406822278,0.11025348179063739,0.024653428003990042,0.99175,0.020632195714465288,0.004613499214262422,final_fine_grid_steps3000_R20_v1
voter,rho_2,0.20000000000000001,1300,20,0.7582231350037898,0.11522259036749344,0.02576455446053278,0.9785,0.06295037728242779,0.014076132281276701,final_fine_grid_steps3000_R20_v1
voter,rho_2,0.20000000000000001,1350,20,0.733873345581926,0.12225248875429463,0.027336487527313137,0.9625,0.08784218804196535,0.019642110375415366,final_fine_grid_steps3000_R20_v1
voter,rho_2,0.20000000000000001,1400,20,0.7377135843108208,0.15309464470223583,0.034233003254537736,0.9595,0.08838693342344217,0.019763919145756488,final_fine_grid_steps3000_R20_v1
voter,rho_2,0.20000000000000001,1450,20,0.7207454100837366,0.1836333033535228,0.041061654923131706,0.978,0.04629794811868016,0.010352535921212734,final_fine_grid_steps3000_R20_v1
voter,rho_2,0.20000000000000001,1500,20,0.690913020750021,0.19912417143638564,0.04452551832950802,0.96175,0.06409514412184436,0.014332109928409005,final_fine_grid_steps3000_R20_v1
voter,rho_2,0.20000000000000001,1550,20,0.6849961593224703,0.2406472907410422,0.05381037006981261,0.98425,0.030342832761625933,0.006784863668490325,final_fine_grid_steps3000_R20_v1
voter,rho_2,0.20000000000000001,1600,20,0.7226483540006082,0.2052749363151566,0.04590087116776303,0.9802500000000001,0.031163881337214715,0.006968455711274915,final_fine_grid_steps3000_R20_v1
voter,rho_2,0.20000000000000001,1650,20,0.7970089344760297,0.14634018497689222,0.032722660144822446,0.9765,0.036506848672543606,0.008163179527610545,final_fine_grid_steps3000_R20_v1
voter,rho_2,0.20000000000000001,1700,20,0.78045010692379,0.14656106785233292,0.03277205105727755,0.96875,0.03849918830313179,0.008608680212436746,final_fine_grid_steps3000_R20_v1
voter,rho_2,0.20000000000000001,1750,20,0.7625993976385901,0.1399756522201693,0.03129950735591679,0.9804999999999999,0.03247691487810995,0.007262058936692814,final_fine_grid_steps3000_R20_v1
voter,rho_2,0.20000000000000001,1800,20,0.776752160575407,0.10970032035098982,0.024529737345831682,0.974,0.04586937976471886,0.010256705123966467,final_fine_grid_steps3000_R20_v1
voter,rho_2,0.20000000000000001,1850,20,0.7481273233659633,0.16764344527358035,0.037486213961399145,0.9720000000000001,0.04448033273256845,0.009946104765183202,final_fine_grid_steps3000_R20_v1
voter,rho_2,0.20000000000000001,1900,20,0.7198025785892701,0.21405189935624355,0.0478634597673504,0.9682499999999999,0.04814755964740062,0.010766121632231358,final_fine_grid_steps3000_R20_v1
voter,rho_2,0.20000000000000001,1950,20,0.7485410404108973,0.20163522796752043,0.04508700763940424,0.9654999999999999,0.07802083055184687,0.017445988077492203,final_fine_grid_steps3000_R20_v1
voter,rho_2,0.20000000000000001,2000,20,0.710815271902071,0.2091373735947,0.04676453839935187,0.9722500000000001,0.07112445078874073,0.015903910682596282,final_fine_grid_steps3000_R20_v1
voter,rho_2,0.20000000000000001,2050,20,0.7289570772335903,0.1845923337885031,0.041276100647642415,0.9734999999999999,0.06806430782723057,0.015219641914315855,final_fine_grid_steps3000_R20_v1
voter,rho_2,0.20000000000000001,2100,20,0.7395523225060728,0.17628103915131205,0.03941763866866355,0.97075,0.0677730588065789,0.015154516653460117,final_fine_grid_steps3000_R20_v1
voter,rho_2,0.20000000000000001,2150,20,0.7385925553563716,0.15707831870336453,0.03512377984120997,0.9682499999999999,0.0727199250549669,0.01626066957415961,final_fine_grid_steps3000_R20_v1
voter,rho_2,0.20000000000000001,2200,20,0.6964913501276744,0.17261771961311423,0.03859849551759221,0.95175,0.10738103882902233,0.024011130231623833,final_fine_grid_steps3000_R20_v1
voter,rho_2,0.20000000000000001,2250,20,0.7512235266083334,0.12360403412958243,0.027638702260695036,0.99025,0.01996716053924542,0.004464792828340411,final_fine_grid_steps3000_R20_v1
voter,rho_2,0.20000000000000001,2300,20,0.748711096678456,0.1625346429400838,0.03634385103126836,0.9765,0.04674665763453041,0.010452870419171952,final_fine_grid_steps3000_R20_v1
voter,rho_2,0.20000000000000001,2350,20,0.7551886335702286,0.16177801676297365,0.03617466427471096,0.96675,0.09555463097097912,0.021366665041601604,final_fine_grid_steps3000_R20_v1
voter,rho_2,0.20000000000000001,2400,20,0.7600558793945604,0.12834467632533517,0.028698742081365733,0.98525,0.030019785142468964,0.006712628024849881,final_fine_grid_steps3000_R20_v1
voter,rho_2,0.20000000000000001,2450,20,0.7405922026568501,0.17257431824464195,0.03858879067657016,0.9625,0.06283908019696023,0.014051245496396395,final_fine_grid_steps3000_R20_v1
voter,rho_2,0.20000000000000001,2500,20,0.7276349375504804,0.18180614464030578,0.04065308981428828,0.9657500000000001,0.0624354666836086,0.013960994771147218,final_fine_grid_steps3000_R20_v1
voter,rho_2,0.20000000000000001,2550,20,0.7376468599978321,0.16276559475611965,0.036395493427286686,0.96425,0.04531211206730492,0.010132096278658232,final_fine_grid_steps3000_R20_v1
voter,rho_2,0.20000000000000001,2600,20,0.7438951961252662,0.1687229154851378,0.037727590838672,0.9337500000000001,0.09838540288071193,0.02199964488349755,final_fine_grid_steps3000_R20_v1
voter,rho_2,0.20000000000000001,2650,20,0.7600089408389639,0.15787502394341665,0.03530192854868865,0.95375,0.0790865823006659,0.017684297413242064,final_fine_grid_steps3000_R20_v1
voter,rho_2,0.20000000000000001,2700,20,0.7325156208047606,0.16842707680257135,0.037661439298212744,0.9637499999999999,0.05288844391736251,0.011826215582340784,final_fine_grid_steps3000_R20_v1
voter,rho_2,0.20000000000000001,2750,20,0.6904208100338843,0.19961302505262438,0.04463482932120366,0.9605,0.09188171744150193,0.020545376608862638,final_fine_grid_steps3000_R20_v1
voter,rho_2,0.20000000000000001,2800,20,0.6995508854075312,0.18032226778973764,0.040321284863477413,0.9737500000000001,0.05305362852812237,0.011863151984190372,final_fine_grid_steps3000_R20_v1
voter,rho_2,0.20000000000000001,2850,20,0.6818508165113354,0.15580113947853494,0.03483819388459303,0.96125,0.07787610352348145,0.017413626130131542,final_fine_grid_steps3000_R20_v1
voter,rho_2,0.20000000000000001,2900,20,0.6744767775878475,0.17434627353558638,0.03898501192493437,0.9664999999999999,0.07433202539955441,0.016621146169864463,final_fine_grid_steps3000_R20_v1
voter,rho_2,0.20000000000000001,2950,20,0.6853076398211075,0.18887324082713403,0.042233340562016025,0.9365,0.13638273351124766,0.030496106308838835,final_fine_grid_steps3000_R20_v1
voter,rho_2,0.20000000000000001,3000,20,0.6979574128148418,0.20314853508927797,0.04542539339891268,0.9875,0.019267848867997695,0.004308421984903521,final_fine_grid_steps3000_R20_v1
voter,rho_2,0.29999999999999999,0,20,0.06406235294308962,0.03360481158883285,0.007514264308370296,0.9949999999999999,0.008944271909999166,0.0020000000000000018,final_fine_grid_steps3000_R20_v1
voter,rho_2,0.29999999999999999,50,20,0.33701311253296873,0.14160805190792108,0.03166452302274303,0.99475,0.01066243405606807,0.0023841927354977008,final_fine_grid_steps3000_R20_v1
voter,rho_2,0.29999999999999999,100,20,0.42978968535548817,0.20136438554034478,0.04502644543156866,0.9884999999999999,0.030045798375147235,0.006718444760508194,final_fine_grid_steps3000_R20_v1
voter,rho_2,0.29999999999999999,150,20,0.4988087907599955,0.17554457228612697,0.039252959671290555,0.99725,0.009934158243152772,0.0022213453130929483,final_fine_grid_steps3000_R20_v1
voter,rho_2,0.29999999999999999,200,20,0.6127180554320224,0.1511066933481141,0.03378848381815984,0.9942500000000001,0.015911866640969555,0.0035580015458119164,final_fine_grid_steps3000_R20_v1
voter,rho_2,0.29999999999999999,250,20,0.568324890502047,0.16764298281886075,0.03748611055338019,0.99475,0.01298797520786055,0.002904199545485815,final_fine_grid_steps3000_R20_v1
voter,rho_2,0.29999999999999999,300,20,0.5517980769592533,0.21184123311366448,0.04736913976795332,0.9894999999999999,0.019551214796017152,0.004371784532659404,final_fine_grid_steps3000_R20_v1
voter,rho_2,0.29999999999999999,350,20,0.5866704504575049,0.18036871997231785,0.040331671887272665,0.9962500000000001,0.006869315832017049,0.0015360257159305647,final_fine_grid_steps3000_R20_v1
voter,rho_2,0.29999999999999999,400,20,0.5718665783341815,0.19077654950611672,0.04265893332085309,0.99075,0.014771171246722462,0.003302934301496174,final_fine_grid_steps3000_R20_v1
voter,rho_2,0.29999999999999999,450,20,0.5450056522150214,0.22326259236051443,0.04992303333509355,0.993,0.01197914855071095,0.002678619047195777,final_fine_grid_steps3000_R20_v1
voter,rho_2,0.29999999999999999,500,20,0.5218166376742663,0.2037598346184293,0.04556208412909228,0.9727499999999999,0.04907838118764717,0.010974259656122594,final_fine_grid_steps3000_R20_v1
voter,rho_2,0.29999999999999999,550,20,0.5215540894703192,0.1965338141057583,0.04394629682177826,0.99175,0.01976581645164196,0.00441977092166551,final_fine_grid_steps3000_R20_v1
voter,rho_2,0.29999999999999999,600,20,0.5052423587722203,0.21566018111830246,0.04822308250204409,0.986,0.05100490172522637,0.011405042744330246,final_fine_grid_steps3000_R20_v1
voter,rho_2,0.29999999999999999,650,20,0.5261958549412391,0.16565114426727787,0.037040721913225785,0.985,0.0373496987939662,0.008351646544245033,final_fine_grid_steps3000_R20_v1
voter,rho_2,0.29999999999999999,700,20,0.575847817475196,0.22597457479904332,0.05052945104372717,0.9702500000000001,0.04484626517336757,0.010027929746463127,final_fine_grid_steps3000_R20_v1
voter,rho_2,0.29999999999999999,750,20,0.5210097573391558,0.21467940677877584,0.048003774692667193,0.9737500000000001,0.03927069518101252,0.00878119439484174,final_fine_grid_steps3000_R20_v1
voter,rho_2,0.29999999999999999,800,20,0.5308664732224777,0.2232256981756735,0.049914783544565675,0.9724999999999999,0.04078909167902615,0.009120718173477349,final_fine_grid_steps3000_R20_v1
voter,rho_2,0.29999999999999999,850,20,0.5721470512682788,0.22923949832629048,0.051259510138553475,0.97,0.042485291572496,0.0095,final_fine_grid_steps3000_R20_v1
voter,rho_2,0.29999999999999999,900,20,0.5926130156788826,0.20203832306862773,0.04517714244415155,0.9935,0.011521718621802922,0.0025763346055976523,final_fine_grid_steps3000_R20_v1
voter,rho_2,0.29999999999999999,950,20,0.540962703541115,0.19680504815413702,0.044006946598776985,0.9802500000000001,0.04838581920356417,0.01081939808861842,final_fine_grid_steps3000_R20_v1
voter,rho_2,0.29999999999999999,1000,20,0.5435851452665299,0.15462693004893974,0.03457563267415341,0.94825,0.09835236397768994,0.021992257160191632,final_fine_grid_steps3000_R20_v1
voter,rho_2,0.29999999999999999,1050,20,0.5151159335389475,0.22335713167377974,0.049944172968194284,0.9925,0.013738631664034098,0.0030720514318611294,final_fine_grid_steps3000_R20_v1
voter,rho_2,0.29999999999999999,1100,20,0.5471138702111439,0.18796263509358294,0.0420297229299239,0.992,0.01298075498574718,0.002902585054740001,final_fine_grid_steps3000_R20_v1
voter,rho_2,0.29999999999999999,1150,20,0.562944798859726,0.18843684094446772,0.04213575858171455,0.975,0.08987491307367146,0.020096641510461394,final_fine_grid_steps3000_R20_v1
voter,rho_2,0.29999999999999999,1200,20,0.5442728584776798,0.23104480006331524,0.05166318787894206,0.9802500000000001,0.032460552983583,0.00725840030585252,final_fine_grid_steps3000_R20_v1
voter,rho_2,0.29999999999999999,1250,20,0.5227905434614336,0.19179511591042223,0.04288669169281555,0.9765,0.0404073013204297,0.009035347253979783,final_fine_grid_steps3000_R20_v1
voter,rho_2,0.29999999999999999,1300,20,0.5699800042937884,0.19017450344276038,0.042524311728528,0.9692500000000001,0.10704292363346583,0.023935525375474838,final_fine_grid_steps3000_R20_v1
voter,rho_2,0.29999999999999999,1350,20,0.61196430279686,0.14141460263544822,0.03162126645039831,0.992,0.012688577540449532,0.002837252191822224,final_fine_grid_steps3000_R20_v1
voter,rho_2,0.29999999999999999,1400,20,0.5954932433783535,0.2443776956543937,0.054644513966797925,0.994,0.010793516572461461,0.002413503677229436,final_fine_grid_steps3000_R20_v1
voter,rho_2,0.29999999999999999,1450,20,0.5778164941663331,0.20202078711215715,0.04517322128507968,0.98375,0.026022826518270446,0.005818880906153689,final_fine_grid_steps3000_R20_v1
voter,rho_2,0.29999999999999999,1500,20,0.5358887714035524,0.22870633349131617,0.051140290857131974,0.9772500000000001,0.03928978874975023,0.008785463846604799,final_fine_grid_steps3000_R20_v1
voter,rho_2,0.29999999999999999,1550,20,0.5468530218486146,0.18312870095610154,0.04094882239690738,0.982,0.030430248109405873,0.006804410334481599,final_fine_grid_steps3000_R20_v1
voter,rho_2,0.29999999999999999,1600,20,0.6183073898902951,0.15448674703028795,0.03454428679825376,0.9792500000000001,0.029252136674096124,0.006540976609039354,final_fine_grid_steps3000_R20_v1
voter,rho_2,0.29999999999999999,1650,20,0.5879512175146699,0.20387987256020187,0.04558892542886055,0.98375,0.022851422275210788,0.005109733358992423,final_fine_grid_steps3000_R20_v1
voter,rho_2,0.29999999999999999,1700,20,0.5371516430870494,0.22307382036309784,0.049880822633246356,0.9557499999999999,0.0679204497923858,0.015187474279813613,final_fine_grid_steps3000_R20_v1
voter,rho_2,0.29999999999999999,1750,20,0.5346008048036551,0.21970176486275533,0.049126808100979566,0.9487500000000001,0.09856311429738815,0.02203938236430413,final_fine_grid_steps3000_R20_v1
voter,rho_2,0.29999999999999999,1800,20,0.5425875983746421,0.2098725139788819,0.04692892078655548,0.9602499999999999,0.0931997183472139,0.020840090570820462,final_fine_grid_steps3000_R20_v1
voter,rho_2,0.29999999999999999,1850,20,0.6232181661213956,0.13115727776241706,0.029327658882058606,0.98675,0.024712092181763963,0.005525791798466531,final_fine_grid_steps3000_R20_v1
voter,rho_2,0.29999999999999999,1900,20,0.582037669135347,0.191069895918127,0.042724527572674156,0.97875,0.02301494079940247,0.005146297212559727,final_fine_grid_steps3000_R20_v1
voter,rho_2,0.29999999999999999,1950,20,0.6022132216971823,0.20432329704446714,0.04568807815783104,0.9724999999999999,0.05384004086179728,0.012038999127834507,final_fine_grid_steps3000_R20_v1
voter,rho_2,0.29999999999999999,2000,20,0.5891508445890367,0.1847760778389913,0.0413171870663777,0.992,0.020087309426600662,0.00449165893629514,final_fine_grid_steps3000_R20_v1
voter,rho_2,0.29999999999999999,2050,20,0.6579238288016014,0.17808881218585898,0.03982186900797736,0.99025,0.019070592544543546,0.004264314130080006,final_fine_grid_steps3000_R20_v1
voter,rho_2,0.29999999999999999,2100,20,0.6346294407172139,0.1858976085011155,0.041567968946313705,0.9855,0.03289756829919197,0.007356119901143539,final_fine_grid_steps3000_R20_v1
voter,rho_2,0.29999999999999999,2150,20,0.606196517439087,0.22375315465036205,0.050032726397823274,0.95625,0.07058461234575139,0.0157831991370571,final_fine_grid_steps3000_R20_v1
voter,rho_2,0.29999999999999999,2200,20,0.6026896194211296,0.17799309037962296,0.03980046496141008,0.9710000000000001,0.045016663581389504,0.010066031988822607,final_fine_grid_steps3000_R20_v1
voter,rho_2,0.29999999999999999,2250,20,0.5444272576438717,0.20967821524678293,0.04688547426926395,0.9797499999999999,0.034981244974986225,0.007822044170164213,final_fine_grid_steps3000_R20_v1
voter,rho_2,0.29999999999999999,2300,20,0.5196563435968877,0.21563686636839807,0.04821786916547763,0.9724999999999999,0.06003124186621496,0.013423393758658798,final_fine_grid_steps3000_R20_v1
voter,rho_2,0.29999999999999999,2350,20,0.5098441214820277,0.18098803320919388,0.04047015453697469,0.9564999999999999,0.0890800202065536,0.019918898061890872,final_fine_grid_steps3000_R20_v1
voter,rho_2,0.29999999999999999,2400,20,0.5839621697359288,0.17396422053725705,0.038899582277407176,0.98325,0.0317913117061879,0.007108753406892097,final_fine_grid_steps3000_R20_v1
voter,rho_2,0.29999999999999999,2450,20,0.6166391756055906,0.14510401753864352,0.032446244702472864,0.94525,0.10403695256974801,0.0232633698117878,final_fine_grid_steps3000_R20_v1
voter,rho_2,0.29999999999999999,2500,20,0.6086050522012013,0.15942019499767066,0.03564743930010635,0.93925,0.12134944375645072,0.027134560527121123,final_fine_grid_steps3000_R20_v1
voter,rho_2,0.29999999999999999,2550,20,0.5451742452418532,0.21371654531766013,0.04778847232467024,0.9672499999999999,0.09715290783090333,0.02172405061216715,final_fine_grid_steps3000_R20_v1
voter,rho_2,0.29999999999999999,2600,20,0.5630791607122076,0.28663227022424065,0.0640929240766491,0.952,0.12233560397529411,0.02735507265572511,final_fine_grid_steps3000_R20_v1
voter,rho_2,0.29999999999999999,2650,20,0.5460013525713877,0.22645488250692133,0.05063685111222041,0.93825,0.11706061464045026,0.026175549182395386,final_fine_grid_steps3000_R20_v1
voter,rho_2,0.29999999999999999,2700,20,0.5595006812282456,0.19012640561474692,0.042513556727227175,0.95275,0.10006841409755626,0.022375977632273406,final_fine_grid_steps3000_R20_v1
voter,rho_2,0.29999999999999999,2750,20,0.506423255426448,0.21665178995625922,0.04844481297892018,0.9147500000000001,0.13752704279522626,0.03075198164346486,final_fine_grid_steps3000_R20_v1
voter,rho_2,0.29999999999999999,2800,20,0.5165086606610723,0.16949172763997278,0.03789950246268591,0.98275,0.02921793113825823,0.006533328018705321,final_fine_grid_steps3000_R20_v1
voter,rho_2,0.29999999999999999,2850,20,0.5727922255681601,0.22867333923889552,0.05113291311800404,0.962,0.07831666489323967,0.017512138647235522,final_fine_grid_steps3000_R20_v1
voter,rho_2,0.29999999999999999,2900,20,0.5506918670938474,0.20480977673487155,0.04579685832357277,0.9792500000000001,0.032683137854251386,0.007308171796010271,final_fine_grid_steps3000_R20_v1
voter,rho_2,0.29999999999999999,2950,20,0.5926686302279418,0.17822592036122775,0.03985252732801691,0.9535,0.09796810705530651,0.02190633470026421,final_fine_grid_steps3000_R20_v1
voter,rho_2,0.29999999999999999,3000,20,0.537084315288538,0.19381772259501046,0.04333896029666403,0.96225,0.09778132490409402,0.021864568941554734,final_fine_grid_steps3000_R20_v1
voter,rho_2,0.40000000000000002,0,20,0.05385426951315285,0.02992175371345905,0.00669070753093012,0.98925,0.012871965661856012,0.002878259022395311,final_fine_grid_steps3000_R20_v1
voter,rho_2,0.40000000000000002,50,20,0.31143607295793385,0.13728113873744444,0.03069699582455054,0.9955,0.009473647660748217,0.0021183720164314876,final_fine_grid_steps3000_R20_v1
voter,rho_2,0.40000000000000002,100,20,0.4220053462610395,0.17275627761786677,0.038629478029337555,0.9949999999999999,0.014053469322555209,0.0031424512724941363,final_fine_grid_steps3000_R20_v1
voter,rho_2,0.40000000000000002,150,20,0.3957509560281298,0.16665046338319922,0.0372641764606673,0.9914999999999999,0.02617728022541685,0.005853417805009309,final_fine_grid_steps3000_R20_v1
voter,rho_2,0.40000000000000002,200,20,0.46474002050998753,0.17235481565684516,0.03853970840581508,0.9810000000000001,0.04813003220443553,0.010762202376837188,final_fine_grid_steps3000_R20_v1
voter,rho_2,0.40000000000000002,250,20,0.4049938413124606,0.17020422125049747,0.038058820877352656,0.9869999999999999,0.03183551475946322,0.0071186375100857615,final_fine_grid_steps3000_R20_v1
voter,rho_2,0.40000000000000002,300,20,0.4045568749708261,0.1860552265849927,0.041603213421316974,0.98675,0.04053624920981221,0.009064180878601225,final_fine_grid_steps3000_R20_v1
voter,rho_2,0.40000000000000002,350,20,0.36520381537911284,0.15278849371576161,0.034164545812824236,0.992,0.015280706789936139,0.0034168699126539805,final_fine_grid_steps3000_R20_v1
voter,rho_2,0.40000000000000002,400,20,0.3461091578827379,0.18014032902632648,0.04028060211920445,0.9869999999999999,0.0345470693402494,0.007724959546819646,final_fine_grid_steps3000_R20_v1
voter,rho_2,0.40000000000000002,450,20,0.4483196858487868,0.22120800702774257,0.049463614088128355,0.9775,0.0731522385166715,0.016357337802955587,final_fine_grid_steps3000_R20_v1
voter,rho_2,0.40000000000000002,500,20,0.4464962675884392,0.17140326367022454,0.038326934913194215,0.9952500000000001,0.015927570436196466,0.0035615130211751273,final_fine_grid_steps3000_R20_v1
voter,rho_2,0.40000000000000002,550,20,0.4268634006605779,0.19923837410925996,0.044551054823483933,0.99325,0.01832177666057525,0.004096873808161534,final_fine_grid_steps3000_R20_v1
voter,rho_2,0.40000000000000002,600,20,0.4399236507299961,0.20921785668969117,0.046782534966495856,0.9894999999999999,0.018634645153584223,0.004166833330000133,final_fine_grid_steps3000_R20_v1
voter,rho_2,0.40000000000000002,650,20,0.489118138578634,0.20745384292571512,0.04638808949754628,0.9880000000000001,0.018801595676963167,0.004204164601915581,final_fine_grid_steps3000_R20_v1
voter,rho_2,0.40000000000000002,700,20,0.41756129785211515,0.1864017469950475,0.041680697740564335,0.982,0.042053537306628565,0.009403456811194488,final_fine_grid_steps3000_R20_v1
voter,rho_2,0.40000000000000002,750,20,0.4655431342883989,0.1698953684012845,0.03798975928076419,0.985,0.041623310776534826,0.009307255234493142,final_fine_grid_steps3000_R20_v1
voter,rho_2,0.40000000000000002,800,20,0.48324856235326896,0.17594961386519797,0.03934352972174222,0.9802500000000001,0.03845370593323874,0.008598510045350881,final_fine_grid_steps3000_R20_v1
voter,rho_2,0.40000000000000002,850,20,0.4831745940678209,0.1330148367681457,0.029743021702961222,0.9602499999999999,0.0539785837161369,0.012069978251844532,final_fine_grid_steps3000_R20_v1
voter,rho_2,0.40000000000000002,900,20,0.47353440353613907,0.19055544084993864,0.042609491922290306,0.9460000000000001,0.08518509259254227,0.01904796577065383,final_fine_grid_steps3000_R20_v1
voter,rho_2,0.40000000000000002,950,20,0.47547592025818985,0.171454554893029,0.0383384039792782,0.9385,0.08948603242964792,0.02000968515494434,final_fine_grid_steps3000_R20_v1
voter,rho_2,0.40000000000000002,1000,20,0.4156907942358551,0.15679260586685087,0.035059892508761084,0.9702500000000001,0.08682561545995514,0.019414797835671634,final_fine_grid_steps3000_R20_v1
voter,rho_2,0.40000000000000002,1050,20,0.43428000776348374,0.16255880707007092,0.0363492542949952,0.96775,0.05073152373031979,0.011343913566313875,final_fine_grid_steps3000_R20_v1
voter,rho_2,0.40000000000000002,1100,20,0.4697614552951541,0.2017329232994682,0.04510885297973621,0.96125,0.10710829799786756,0.023950143527753646,final_fine_grid_steps3000_R20_v1
voter,rho_2,0.40000000000000002,1150,20,0.48521399650332153,0.1877704485202727,0.04198674870569545,0.9717499999999999,0.08955829107346791,0.020025842678898686,final_fine_grid_steps3000_R20_v1
voter,rho_2,0.40000000000000002,1200,20,0.4825488002392319,0.19406887252967595,0.0433951191293097,0.99325,0.013534677683639175,0.0030264459354166586,final_fine_grid_steps3000_R20_v1
voter,rho_2,0.40000000000000002,1250,20,0.416018431249495,0.1858383387452216,0.04155471582599485,0.9692500000000001,0.07866503352824557,0.01759003624214572,final_fine_grid_steps3000_R20_v1
voter,rho_2,0.40000000000000002,1300,20,0.43918544774494095,0.11968269213396193,0.02676186353417182,0.97425,0.058997351635475974,0.013192208874938266,final_fine_grid_steps3000_R20_v1
voter,rho_2,0.40000000000000002,1350,20,0.4516987258138438,0.1780507056743483,0.03981334813296503,0.9432499999999999,0.11972129092187404,0.026770494485533883,final_fine_grid_steps3000_R20_v1
voter,rho_2,0.40000000000000002,1400,20,0.4727065155366117,0.1728973398611183,0.038661020505834455,0.96875,0.06212638328439859,0.013891881622012188,final_fine_grid_steps3000_R20_v1
voter,rho_2,0.40000000000000002,1450,20,0.47327098225092507,0.14971778806359157,0.033477915155109735,0.9397499999999999,0.09536082791167451,0.021323329360116352,final_fine_grid_steps3000_R20_v1
voter,rho_2,0.40000000000000002,1500,20,0.48693667019302145,0.1844865041618198,0.04125243642371269,0.94025,0.09408074989071888,0.02103709521298033,final_fine_grid_steps3000_R20_v1
voter,rho_2,0.40000000000000002,1550,20,0.44445665300415554,0.18628287588936793,0.04165411735327833,0.95225,0.07614911358643645,0.01702745944056247,final_fine_grid_steps3000_R20_v1
voter,rho_2,0.40000000000000002,1600,20,0.41192183594259546,0.17897628621126307,0.04002031423288425,0.9717499999999999,0.06378234473582796,0.014262165859363718,final_fine_grid_steps3000_R20_v1
voter,rho_2,0.40000000000000002,1650,20,0.4236437526995071,0.18730959635297836,0.041883699028330626,0.9585000000000001,0.0667663837570974,0.014929417269270759,final_fine_grid_steps3000_R20_v1
voter,rho_2,0.40000000000000002,1700,20,0.4757772827909478,0.2233999034945768,0.04995373703807665,0.96225,0.06390373619750257,0.014289309815382968,final_fine_grid_steps3000_R20_v1
voter,rho_2,0.40000000000000002,1750,20,0.486255079732797,0.16045312610821774,0.03587840971803211,0.95275,0.09642970237432034,0.021562336955905315,final_fine_grid_steps3000_R20_v1
voter,rho_2,0.40000000000000002,1800,20,0.5114801377500423,0.16555212959906093,0.03701858156033552,0.9445,0.11454147720367501,0.025612252927065985,final_fine_grid_steps3000_R20_v1
voter,rho_2,0.40000000000000002,1850,20,0.43663824527271633,0.15288909361971,0.034187040635200096,0.9637499999999999,0.06361750938224477,0.014225307553792994,final_fine_grid_steps3000_R20_v1
voter,rho_2,0.40000000000000002,1900,20,0.469510989153563,0.19604272207174422,0.04383648530465185,0.954,0.07588807547961669,0.016969089545405786,final_fine_grid_steps3000_R20_v1
voter,rho_2,0.40000000000000002,1950,20,0.45258973505671707,0.1722206442226469,0.03850970676106449,0.9505000000000001,0.11397258442274616,0.025485044634059404,final_fine_grid_steps3000_R20_v1
voter,rho_2,0.40000000000000002,2000,20,0.511859818824768,0.18683943219425603,0.041778567126381914,0.95325,0.07377796080131248,0.016497253559304956,final_fine_grid_steps3000_R20_v1
voter,rho_2,0.40000000000000002,2050,20,0.5021950903117122,0.18968292609275916,0.042414391691447804,0.959,0.04763402145525821,0.01065129100156408,final_fine_grid_steps3000_R20_v1
voter,rho_2,0.40000000000000002,2100,20,0.48376852741482557,0.163219033543926,0.036496885422603695,0.9664999999999999,0.04364916952245483,0.009760251021362102,final_fine_grid_steps3000_R20_v1
voter,rho_2,0.40000000000000002,2150,20,0.3907275765278383,0.18609096333876857,0.04161120440239077,0.97525,0.05313838066783744,0.011882103138754518,final_fine_grid_steps3000_R20_v1
voter,rho_2,0.40000000000000002,2200,20,0.4289625578378953,0.1811154932790834,0.04049865547504368,0.9705,0.05286539510870983,0.011821061712046006,final_fine_grid_steps3000_R20_v1
voter,rho_2,0.40000000000000002,2250,20,0.4245313903611508,0.19542982167267692,0.04369943660907672,0.9727499999999999,0.047866350393569804,0.010703241331484589,final_fine_grid_steps3000_R20_v1
voter,rho_2,0.40000000000000002,2300,20,0.3507708665296159,0.1098909168723267,0.02457235602363011,0.92925,0.09811058811361799,0.021938194433453267,final_fine_grid_steps3000_R20_v1
voter,rho_2,0.40000000000000002,2350,20,0.42136602543261004,0.14985139248244111,0.033507790011373925,0.94675,0.09464770203232618,0.021163869565842635,final_fine_grid_steps3000_R20_v1
voter,rho_2,0.40000000000000002,2400,20,0.46585725811061274,0.14831662133891732,0.033164604750691495,0.9592499999999999,0.08930670467551695,0.019969586250095418,final_fine_grid_steps3000_R20_v1
voter,rho_2,0.40000000000000002,2450,20,0.4509497039007623,0.18976777333380954,0.042433364111317,0.9470000000000001,0.09813765841918178,0.0219442475377945,final_fine_grid_steps3000_R20_v1
voter,rho_2,0.40000000000000002,2500,20,0.37794867020377904,0.2035259149788737,0.04550977810756043,0.9592499999999999,0.06187234842803365,0.013835077701263548,final_fine_grid_steps3000_R20_v1
voter,rho_2,0.40000000000000002,2550,20,0.4063939030093689,0.20301583841203086,0.04539572151984139,0.9417500000000001,0.08912456171000224,0.01992885784484399,final_fine_grid_steps3000_R20_v1
voter,rho_2,0.40000000000000002,2600,20,0.4930374123319581,0.18793321937772456,0.04202314537589728,0.9557499999999999,0.05956666433501207,0.013319511064599929,final_fine_grid_steps3000_R20_v1
voter,rho_2,0.40000000000000002,2650,20,0.5216570610615079,0.21342194388776697,0.04772259744231927,0.9724999999999999,0.03433292880020578,0.007677076266392042,final_fine_grid_steps3000_R20_v1
voter,rho_2,0.40000000000000002,2700,20,0.5023594868036753,0.19702082440192695,0.0440551956345758,0.9414999999999999,0.08948603242964792,0.02000968515494434,final_fine_grid_steps3000_R20_v1
voter,rho_2,0.40000000000000002,2750,20,0.5156486770638382,0.1747965287469057,0.03908569205090773,0.9135,0.13241129105933527,0.02960806477971838,final_fine_grid_steps3000_R20_v1
voter,rho_2,0.40000000000000002,2800,20,0.4977576861518501,0.1898198460693467,0.04244500792896055,0.93875,0.10748110299024662,0.024033505258284734,final_fine_grid_steps3000_R20_v1
voter,rho_2,0.40000000000000002,2850,20,0.5622842557453086,0.1949773889669111,0.043598269580543074,0.969,0.043,0.009615092303249095,final_fine_grid_steps3000_R20_v1
voter,rho_2,0.40000000000000002,2900,20,0.5245121458880371,0.1953887822290995,0.043690259910516935,0.969,0.05144414446756793,0.011503260407380162,final_fine_grid_steps3000_R20_v1
voter,rho_2,0.40000000000000002,2950,20,0.48125619087549953,0.17185178225147224,0.03842722671687838,0.9654999999999999,0.04443815927780987,0.009936674494014582,final_fine_grid_steps3000_R20_v1
voter,rho_2,0.40000000000000002,3000,20,0.5656311224186339,0.14231041740137895,0.031821576721585226,0.9800000000000001,0.03316624790355398,0.007416198487095658,final_fine_grid_steps3000_R20_v1
voter,rho_2,0.5,0,20,0.06123814153763768,0.02740704776090987,0.006128402185597787,0.9955,0.006500000000000006,0.0014534441853748645,final_voter_base_coarse_v1
voter,rho_2,0.5,50,20,0.3076346914965945,0.16452153797536678,0.036788134267573325,0.9964999999999999,0.013143439428094927,0.0029389624019371214,final_voter_base_coarse_v1
voter,rho_2,0.5,100,20,0.29238138816949916,0.141957460953171,0.03174265326045624,0.99025,0.018471261462065874,0.0041302996259351445,final_voter_base_coarse_v1
voter,rho_2,0.5,150,20,0.3134767188021272,0.15728119325170234,0.03516914396930876,0.992,0.013546217184144078,0.0030290262461721944,final_voter_base_coarse_v1
voter,rho_2,0.5,200,20,0.33571752649414216,0.13442855641201576,0.030059139025443243,0.99075,0.01769710428290459,0.003957192818147733,final_voter_base_coarse_v1
voter,rho_2,0.5,250,20,0.32045084332925,0.1889974405310997,0.04226111246010129,0.9869999999999999,0.024155744658362326,0.0054013887103225595,final_voter_base_coarse_v1
voter,rho_2,0.5,300,20,0.33691327473899924,0.1685206077570106,0.03768235345542541,0.9925,0.014958275301651582,0.003344772040064911,final_voter_base_coarse_v1
voter,rho_2,0.5,350,20,0.3518126945922761,0.1557808422457267,0.03483365528536159,0.9894999999999999,0.016039014932345455,0.0035864327680858628,final_voter_base_coarse_v1
voter,rho_2,0.5,400,20,0.37623109707794045,0.19418125427271857,0.04342024845099702,0.9882500000000001,0.01719556628901766,0.003845045513384728,final_voter_base_coarse_v1
voter,rho_2,0.5,450,20,0.35061594290220754,0.14340061831658854,0.03206535305713934,0.9904999999999999,0.017385338650713726,0.0038874799034850365,final_voter_base_coarse_v1
voter,rho_2,0.5,500,20,0.3256033659406149,0.13091271390751602,0.029272972741618792,0.97525,0.04879741284125626,0.010911433223917013,final_voter_base_coarse_v1
voter,rho_2,0.5,550,20,0.3485154291815137,0.2066200104034182,0.04620163887737568,0.98425,0.03001145614594533,0.00671076560460876,final_voter_base_coarse_v1
voter,rho_2,0.5,600,20,0.3482544240561957,0.15737775047127794,0.035190734819977705,0.9765,0.0359548327766936,0.008039745020832439,final_voter_base_coarse_v1
voter,rho_2,0.5,650,20,0.39319363986586015,0.15597597444373715,0.03487728817129662,0.9695,0.06168265558485627,0.013792661092044566,final_voter_base_coarse_v1
voter,rho_2,0.5,700,20,0.3677024297808183,0.18683837182863594,0.041778330021421166,0.97425,0.059440621632011886,0.013291327059402306,final_voter_base_coarse_v1
voter,rho_2,0.5,750,20,0.3414808289110984,0.12963589834562345,0.028987468102506655,0.9592499999999999,0.08501874793244134,0.01901076997388585,final_voter_base_coarse_v1
voter,rho_2,0.5,800,20,0.36487804369436083,0.1586335955708125,0.03547155032115463,0.94525,0.07474080210969106,0.01671255142101289,final_voter_base_coarse_v1
voter,rho_2,0.5,850,20,0.3593621322239233,0.15407313102893225,0.03445179944869246,0.95225,0.10177763752416344,0.022758171609336283,final_voter_base_coarse_v1
voter,rho_2,0.5,900,20,0.28584427396745943,0.14533785958742446,0.03249853337418006,0.97075,0.0651013632729761,0.014557107370628274,final_voter_base_coarse_v1
voter,rho_2,0.5,950,20,0.34625800437712845,0.1736665743114174,0.038833026557984804,0.95275,0.1193050187544514,0.026677413199184062,final_voter_base_coarse_v1
voter,rho_2,0.5,1000,20,0.3460916909884584,0.1164866586188606,0.026047208714358405,0.9004999999999999,0.1640266746599467,0.0366774794662883,final_voter_base_coarse_v1
voter,rho_2,0.5,1050,20,0.3535833057057473,0.17398480101201674,0.03890418421146436,0.9734999999999999,0.033432768356808265,0.007475794272182722,final_voter_base_coarse_v1
voter,rho_2,0.5,1100,20,0.3863120208342461,0.15780366522977637,0.035285972255239995,0.95175,0.08634632302536108,0.019307624789186267,final_voter_base_coarse_v1
voter,rho_2,0.5,1150,20,0.3680417529028945,0.17427419655369383,0.038968895021821895,0.8959999999999999,0.16913456181395925,0.0378196377560653,final_voter_base_coarse_v1
voter,rho_2,0.5,1200,20,0.368873766459252,0.11870587598611802,0.026543440803361976,0.95625,0.10640576817071526,0.023793053082780277,final_voter_base_coarse_v1
voter,rho_2,0.5,1250,20,0.4165647803412574,0.1487625264456656,0.03326431216371184,0.9385,0.10254389304098026,0.022929511551709948,final_voter_base_coarse_v1
voter,rho_2,0.5,1300,20,0.40525839457042584,0.14829847926924897,0.0331605480605884,0.9397499999999999,0.10976651356401915,0.024544538598229953,final_voter_base_coarse_v1
voter,rho_2,0.5,1350,20,0.39785266096208616,0.16498392443567486,0.03689152702328576,0.9504999999999999,0.06599052962357553,0.01475593101095285,final_voter_base_coarse_v1
voter,rho_2,0.5,1400,20,0.4188300586608138,0.1347433597659295,0.030129531195332848,0.96125,0.0708673937717481,0.015846430986187394,final_voter_base_coarse_v1
voter,rho_2,0.5,1450,20,0.39750180559743037,0.1775930638430338,0.03971101630854836,0.95425,0.078649141762641,0.01758648273532829,final_voter_base_coarse_v1
voter,rho_2,0.5,1500,20,0.4040851247706116,0.17413681994618907,0.038938176678532,0.97625,0.05417275606797202,0.012113396509649965,final_voter_base_coarse_v1
voter,rho_2,0.5,1550,20,0.4285379021133652,0.14319117692709138,0.03201852053871757,0.968,0.050433124035697004,0.011277189366149703,final_voter_base_coarse_v1
voter,rho_2,0.5,1600,20,0.34884456059119295,0.17768491733581898,0.039731555373932206,0.952,0.067331270595467,0.015055729806289693,final_voter_base_coarse_v1
voter,rho_2,0.5,1650,20,0.4118351248195056,0.20886602765725054,0.04670386360319633,0.9730000000000001,0.07157862809526318,0.016005467815718474,final_voter_base_coarse_v1
voter,rho_2,0.5,1700,20,0.41323760859912956,0.17956579820191032,0.0401521331213481,0.9935,0.01061838029079766,0.0023743420141167553,final_voter_base_coarse_v1
voter,rho_2,0.5,1750,20,0.37248328492551314,0.17901343220558347,0.04002862032972347,0.95275,0.1061187424539134,0.02372887218137432,final_voter_base_coarse_v1
voter,rho_2,0.5,1800,20,0.46517446732921874,0.1900075067827357,0.042486970140144936,0.953,0.08798295289429652,0.019673586353280887,final_voter_base_coarse_v1
voter,rho_2,0.5,1850,20,0.4653374685088643,0.15006541101855075,0.033555646010892545,0.9865,0.025401771591761078,0.00568000880281008,final_voter_base_coarse_v1
voter,rho_2,0.5,1900,20,0.37377147763746843,0.20094529979205802,0.044932735009411605,0.9574999999999999,0.06253998720818545,0.013984366270946994,final_voter_base_coarse_v1
voter,rho_2,0.5,1950,20,0.39175867582937374,0.16364259378539953,0.036591596371853795,0.94575,0.08096720014919621,0.018104816348143385,final_voter_base_coarse_v1
voter,rho_2,0.5,2000,20,0.3508451230615242,0.16258387366758006,0.03635485935659471,0.9087500000000001,0.1224630046177212,0.027383560305409522,final_voter_base_coarse_v1
voter,rho_2,0.5,2050,20,0.4146786573892013,0.18441177706809284,0.041235726937579244,0.9647499999999999,0.040014840996810165,0.008947590457771297,final_voter_base_coarse_v1
voter,rho_2,0.5,2100,20,0.38189729569308273,0.1860274955905467,0.04159701258245048,0.9215,0.10697079040560557,0.023919395895381636,final_voter_base_coarse_v1
voter,rho_2,0.5,2150,20,0.4040308720156787,0.1940826726726559,0.04339820493508993,0.9724999999999999,0.052428522771483854,0.011723374087693356,final_voter_base_coarse_v1
voter,rho_2,0.5,2200,20,0.33121133490327614,0.18227973362073835,0.04075898752965248,0.96175,0.0721677732786595,0.01613720468358755,final_voter_base_coarse_v1
voter,rho_2,0.5,2250,20,0.33314999551950525,0.14970014255831104,0.03347396950017927,0.94275,0.08668152917432871,0.01938257916274302,final_voter_base_coarse_v1
voter,rho_2,0.5,2300,20,0.3681208580516693,0.15835064376130872,0.03540828037311393,0.9484999999999999,0.08861574352224326,0.019815082639242258,final_voter_base_coarse_v1
voter,rho_2,0.5,2350,20,0.37480309878178414,0.1764694809934126,0.03945977554553776,0.977,0.05457563558951924,0.012203483109342184,final_voter_base_coarse_v1
voter,rho_2,0.5,2400,20,0.35060556590356073,0.1612353635370379,0.036053323324570764,0.9800000000000001,0.02932575659723035,0.006557438524301998,final_voter_base_coarse_v1
voter,rho_2,0.5,2450,20,0.40740869945860797,0.17250382748691345,0.038573028463963516,0.9810000000000001,0.031527765540868884,0.007049822692805825,final_voter_base_coarse_v1
voter,rho_2,0.5,2500,20,0.4351308736910616,0.14763757030446858,0.03301276432336961,0.9737500000000001,0.03977672057875057,0.008894345113610105,final_voter_base_coarse_v1
voter,rho_2,0.5,2550,20,0.4265828826161863,0.16145206641613652,0.03610177956142921,0.9582499999999999,0.05491527565259051,0.01227942893623315,final_voter_base_coarse_v1
voter,rho_2,0.5,2600,20,0.3636795255957308,0.1974801490468339,0.04415790374755109,0.9804999999999999,0.03891978931083774,0.008702729456900288,final_voter_base_coarse_v1
voter,rho_2,0.5,2650,20,0.3920068789232888,0.16394686234651967,0.03665963289046187,0.9702500000000001,0.04686349858898715,0.010478996850844073,final_voter_base_coarse_v1
voter,rho_2,0.5,2700,20,0.4259403184486934,0.17119849463386427,0.03828114716469535,0.9710000000000001,0.04586937976471885,0.010256705123966465,final_voter_base_coarse_v1
voter,rho_2,0.5,2750,20,0.4528795081806969,0.13702686416969176,0.030640138302706104,0.9775,0.0427346463656832,0.009555757426808196,final_voter_base_coarse_v1
voter,rho_2,0.5,2800,20,0.41718213551874966,0.16222849248034107,0.03627539370733561,0.94025,0.1259114272018231,0.028154651036729258,final_voter_base_coarse_v1
voter,rho_2,0.5,2850,20,0.40440274729382175,0.17704704510963762,0.039588922808062144,0.96975,0.06649201079829065,0.014868065610562793,final_voter_base_coarse_v1
voter,rho_2,0.5,2900,20,0.37995812109473437,0.14721547185895226,0.032918380241632454,0.95325,0.12572067252445002,0.02811199699416603,final_voter_base_coarse_v1
voter,rho_2,0.5,2950,20,0.34459445437838926,0.1626029327701195,0.03635912110148154,0.9685,0.06170696881228246,0.013798097694972302,final_voter_base_coarse_v1
voter,rho_2,0.5,3000,20,0.34389186274729766,0.14608805849125117,0.0326662829487403,0.954,0.09674192472759677,0.021632151996507417,final_voter_base_coarse_v1
voter,rho_2,1,0,20,0.05984838339180605,0.045633310325626036,0.010203918392644288,0.9977499999999999,0.006609652033201149,0.0014779631253857466,final_voter_base_coarse_v1
voter,rho_2,1,50,20,0.20992797210268205,0.12109891443938854,0.02707854046879036,0.99325,0.013160072188251867,0.0029426816001735584,final_voter_base_coarse_v1
voter,rho_2,1,100,20,0.16232146129968092,0.09681377445954846,0.021648218084988333,0.9994999999999999,0.002179449471770339,0.00048733971724044866,final_voter_base_coarse_v1
voter,rho_2,1,150,20,0.2044185423385651,0.08198827413172775,0.01833313543164308,0.9955,0.014309088021254197,0.0031996093511552338,final_voter_base_coarse_v1
voter,rho_2,1,200,20,0.16762991211901984,0.07163628117303641,0.01601835943581978,0.9977499999999999,0.005584576975922174,0.0012487493743742186,final_voter_base_coarse_v1
voter,rho_2,1,250,20,0.17763024634539912,0.07604057750897454,0.01700319003584087,0.994,0.017720045146669344,0.003962322551231788,final_voter_base_coarse_v1
voter,rho_2,1,300,20,0.18421551856863733,0.08299536930582943,0.018558328758553413,0.99,0.019748417658131498,0.004415880433163923,final_voter_base_coarse_v1
voter,rho_2,1,350,20,0.16320070217599442,0.07045635319153057,0.01575451951829966,0.993,0.012688577540449532,0.002837252191822224,final_voter_base_coarse_v1
voter,rho_2,1,400,20,0.17907211241539772,0.09387971149614077,0.020992141661343923,0.9795,0.03142053468672995,0.007025845144891823,final_voter_base_coarse_v1
voter,rho_2,1,450,20,0.2168941485204182,0.1065349965151717,0.023821949419062714,0.99325,0.010280442597476054,0.0022987768486740965,final_voter_base_coarse_v1
voter,rho_2,1,500,20,0.20623022463520752,0.10921190553925257,0.024420524473805456,0.9789999999999999,0.058919436521406084,0.013174786525784774,final_voter_base_coarse_v1
voter,rho_2,1,550,20,0.1479975481181564,0.08747316744771254,0.0195595948620307,0.9570000000000001,0.07154369294354325,0.015997656078313473,final_voter_base_coarse_v1
voter,rho_2,1,600,20,0.20903561798799353,0.12801693461619024,0.02862545680729473,0.96875,0.05515602868227552,0.01233326295024962,final_voter_base_coarse_v1
voter,rho_2,1,650,20,0.2172538966684793,0.08876060851597364,0.019847475436596377,0.9635,0.04637078821844632,0.010368823462669234,final_voter_base_coarse_v1
voter,rho_2,1,700,20,0.20260473531024506,0.11013324662192446,0.024626542602937215,0.94625,0.10093159812467055,0.022568991448445364,final_voter_base_coarse_v1
voter,rho_2,1,750,20,0.20816350750188656,0.10204358181834622,0.022817638561338373,0.9397500000000001,0.10436085233457992,0.023335796000993832,final_voter_base_coarse_v1
voter,rho_2,1,800,20,0.17927311783746985,0.08253274579947535,0.01845488299773371,0.95875,0.08085287564459287,0.018079252611764678,final_voter_base_coarse_v1
voter,rho_2,1,850,20,0.2463706043637055,0.12411721004702247,0.02775345188427621,0.9570000000000001,0.08560665861952561,0.019142230799987756,final_voter_base_coarse_v1
voter,rho_2,1,900,20,0.20525710961734983,0.1146997898379022,0.02564765270824889,0.96325,0.08033173407813378,0.017962721814914352,final_voter_base_coarse_v1
voter,rho_2,1,950,20,0.2111877152102633,0.0696505900154557,0.015574345394752708,0.962,0.06874590896918883,0.015372052563011872,final_voter_base_coarse_v1
voter,rho_2,1,1000,20,0.22107926873142505,0.1086222112549905,0.024288664823250147,0.9470000000000001,0.08860586888011425,0.019812874602136862,final_voter_base_coarse_v1
voter,rho_2,1,1050,20,0.18782128148951943,0.1179192200857173,0.026367539196542243,0.96125,0.05137788921316249,0.011488445282108451,final_voter_base_coarse_v1
voter,rho_2,1,1100,20,0.2065722819492597,0.0871347296716218,0.019483917874681424,0.9574999999999999,0.102268030195169,0.022867826744139896,final_voter_base_coarse_v1
voter,rho_2,1,1150,20,0.223697822834437,0.11242114331104625,0.02513813185517452,0.9339999999999999,0.13822626378514322,0.03090833220993976,final_voter_base_coarse_v1
voter,rho_2,1,1200,20,0.1816600929601499,0.12330019287518304,0.027570761290774452,0.93725,0.10832214685834102,0.02422156838439658,final_voter_base_coarse_v1
voter,rho_2,1,1250,20,0.19299547544138984,0.10836792201500221,0.02423180402059409,0.9414999999999999,0.109351497474886,0.024451738179524167,final_voter_base_coarse_v1
voter,rho_2,1,1300,20,0.18635814657824468,0.10064002831711573,0.02250379445745745,0.93475,0.08682561545995514,0.019414797835671634,final_voter_base_coarse_v1
voter,rho_2,1,1350,20,0.3058173175467781,0.1334336102521782,0.02983666230070833,0.9400000000000001,0.090953284712538,0.020337772739412736,final_voter_base_coarse_v1
voter,rho_2,1,1400,20,0.22185424571329943,0.12294300355214,0.027490891330058314,0.9775,0.031324910215354156,0.007004462863060947,final_voter_base_coarse_v1
voter,rho_2,1,1450,20,0.1513690936764755,0.07934750462337838,0.01774264141828529,0.9422499999999999,0.0929310900613998,0.020780023460044504,final_voter_base_coarse_v1
voter,rho_2,1,1500,20,0.21754477702184216,0.10232941133809496,0.022881551984951804,0.9257500000000001,0.10778769642217984,0.024102061633810498,final_voter_base_coarse_v1
voter,rho_2,1,1550,20,0.19900466858901938,0.10586588305616029,0.023672331101161757,0.93625,0.06463116508310832,0.014451967859084104,final_voter_base_coarse_v1
voter,rho_2,1,1600,20,0.16954178544719994,0.10218018979159431,0.022848185032783495,0.9712500000000001,0.04080058210369063,0.009123287510541362,final_voter_base_coarse_v1
voter,rho_2,1,1650,20,0.2076708124737392,0.11552849823943871,0.025832957540184973,0.9717499999999999,0.03975786085794858,0.008890127951835114,final_voter_base_coarse_v1
voter,rho_2,1,1700,20,0.16159409219288512,0.07369281585083748,0.01647821456958466,0.96975,0.04232242313478755,0.00946358151018947,final_voter_base_coarse_v1
voter,rho_2,1,1750,20,0.23644640817763074,0.1184322299282708,0.026482251684649852,0.9414999999999999,0.10930576380045107,0.024441511819034433,final_voter_base_coarse_v1
voter,rho_2,1,1800,20,0.18918270192559022,0.11397792850955102,0.025486239608196737,0.97625,0.04811119931990886,0.010757991215835785,final_voter_base_coarse_v1
voter,rho_2,1,1850,20,0.20678275889885778,0.10209917167467367,0.022830068831099136,0.961,0.04509988913511872,0.010084641788382965,final_voter_base_coarse_v1
voter,rho_2,1,1900,20,0.1912561615610338,0.08596526217095812,0.01922241699178535,0.9657500000000001,0.059082040418387716,0.013211145862490505,final_voter_base_coarse_v1
voter,rho_2,1,1950,20,0.2069057802532921,0.09338728933759331,0.020882032719329993,0.94475,0.08176911091604212,0.018284129046799026,final_voter_base_coarse_v1
voter,rho_2,1,2000,20,0.20826246974460366,0.094598222955603,0.021152805707940935,0.92025,0.14624871794309857,0.032702207494296164,final_voter_base_coarse_v1
voter,rho_2,1,2050,20,0.16349225580432472,0.0944037856449982,0.02110932820355348,0.9570000000000001,0.06523802572120037,0.014587666023048377,final_voter_base_coarse_v1
voter,rho_2,1,2100,20,0.21618973226672739,0.08967218697309316,0.02005131057629074,0.9332499999999999,0.0956722922271647,0.0213929748983165,final_voter_base_coarse_v1
voter,rho_2,1,2150,20,0.18243795462826934,0.09691532017160548,0.021670924396486643,0.9662499999999999,0.08136146200751311,0.01819297597975658,final_voter_base_coarse_v1
voter,rho_2,1,2200,20,0.16027298348778374,0.0882408791371075,0.019731260414491535,0.9435,0.13505646967102317,0.030199544698554643,final_voter_base_coarse_v1
voter,rho_2,1,2250,20,0.2008890812032079,0.09300141245107495,0.02079574802440989,0.9027499999999999,0.14179628873845745,0.031706614057637875,final_voter_base_coarse_v1
voter,rho_2,1,2300,20,0.22845212776591906,0.11264865176848181,0.02518900429280272,0.925,0.12767145334803703,0.02854820484724039,final_voter_base_coarse_v1
voter,rho_2,1,2350,20,0.2608610233036674,0.11633684006072582,0.02601370826633037,0.9095000000000001,0.1528635012028705,0.03418131799682393,final_voter_base_coarse_v1
voter,rho_2,1,2400,20,0.17126574250838342,0.09906761143545996,0.022152191353822397,0.8859999999999999,0.15133241556256213,0.0338389568397136,final_voter_base_coarse_v1
voter,rho_2,1,2450,20,0.1887236171754211,0.10362355131000639,0.023170930479911166,0.8952500000000001,0.14831954523932442,0.03316525855469847,final_voter_base_coarse_v1
voter,rho_2,1,2500,20,0.19848516529988747,0.12806908589924762,0.028637118188697745,0.9097500000000001,0.127156153999718,0.02843298041008012,final_voter_base_coarse_v1
voter,rho_2,1,2550,20,0.21468039809213973,0.10949589978114108,0.024484027516813577,0.91625,0.11047482744951449,0.02470292239796741,final_voter_base_coarse_v1
voter,rho_2,1,2600,20,0.15787024423534468,0.07792949081886529,0.017425563892292852,0.95375,0.06430153575148885,0.014378260499796208,final_voter_base_coarse_v1
voter,rho_2,1,2650,20,0.18939976295495958,0.0821400413083029,0.0183670716040006,0.9502499999999999,0.08594293164652925,0.019217423734725732,final_voter_base_coarse_v1
voter,rho_2,1,2700,20,0.18208369672078212,0.09018329987050629,0.02016559889457,0.94275,0.1022310495886646,0.022859557629140593,final_voter_base_coarse_v1
voter,rho_2,1,2750,20,0.2135037519791286,0.06930382543869254,0.01549680647816957,0.9345000000000001,0.13408859011862267,0.029983120251234688,final_voter_base_coarse_v1
voter,rho_2,1,2800,20,0.16643104162975136,0.07696462319723153,0.01720981293316669,0.93675,0.13064527354634764,0.029213171258868832,final_voter_base_coarse_v1
voter,rho_2,1,2850,20,0.17504422682387716,0.0856218271394469,0.019145622584153962,0.9175000000000001,0.10944747598734289,0.02447319962734746,final_voter_base_coarse_v1
voter,rho_2,1,2900,20,0.20979247822621727,0.08936134627618783,0.019981804483445366,0.92425,0.11921907355788333,0.026658195268997483,final_voter_base_coarse_v1
voter,rho_2,1,2950,20,0.1998770246891319,0.10237529759213657,0.022891812463278788,0.9262499999999999,0.1066521800058489,0.023848152444162204,final_voter_base_coarse_v1
voter,rho_2,1,3000,20,0.18621178471681693,0.09492695287122709,0.02122631195169826,0.9339999999999999,0.11156388304464845,0.024946442632167012,final_voter_base_coarse_v1
voter,rho_2,2,0,20,0.05979191908099635,0.032884075069220156,0.007353102723198237,0.99375,0.008042853971072713,0.0017984368212422713,final_voter_base_coarse_v1
voter,rho_2,2,50,20,0.11947758432175248,0.06636774772588502,0.0148402795428636,0.9967499999999999,0.010985786271359925,0.002456496488904474,final_voter_base_coarse_v1
voter,rho_2,2,100,20,0.12084259383046088,0.056038427940820056,0.01253057342278972,0.99475,0.011562331079847188,0.002585415827289686,final_voter_base_coarse_v1
voter,rho_2,2,150,20,0.11731685134263373,0.06420046798692695,0.014355661060606774,0.9977499999999999,0.0067961386095341,0.0015196627915429147,final_voter_base_coarse_v1
voter,rho_2,2,200,20,0.11187992436396407,0.056639411219144516,0.012664957369157136,0.99175,0.014855554516745592,0.003321802974289718,final_voter_base_coarse_v1
voter,rho_2,2,250,20,0.09646924291319076,0.05517327141230087,0.012337118541895056,0.9894999999999999,0.024438698819699876,0.005464659184249279,final_voter_base_coarse_v1
voter,rho_2,2,300,20,0.11735402491305791,0.06364554557584581,0.014231576637265222,0.9795,0.05580994535026888,0.012479483162374953,final_voter_base_coarse_v1
voter,rho_2,2,350,20,0.09740481603376591,0.04545700391953334,0.010164495081755093,0.9789999999999999,0.06958088818059165,0.015558759590661457,final_voter_base_coarse_v1
voter,rho_2,2,400,20,0.1149388483272468,0.059831809514002944,0.013378799329012923,0.9717499999999999,0.07048537082260402,0.015761008057862284,final_voter_base_coarse_v1
voter,rho_2,2,450,20,0.10276631682292466,0.047487403704474206,0.010618506275817965,0.9814999999999999,0.04896682550462098,0.010949315047070295,final_voter_base_coarse_v1
voter,rho_2,2,500,20,0.12025275487768738,0.052360949261464736,0.011708264191505256,0.99125,0.01794958216783889,0.004013648589500579,final_voter_base_coarse_v1
voter,rho_2,2,550,20,0.09111239856629888,0.045574619437231526,0.010190794711033289,0.9949999999999999,0.013509256086106309,0.0030207614933986456,final_voter_base_coarse_v1
voter,rho_2,2,600,20,0.10419595195583424,0.054662617640231066,0.01222293288716358,0.99475,0.009679230341302978,0.002164341701303195,final_voter_base_coarse_v1
voter,rho_2,2,650,20,0.11747039673515039,0.05722963035303318,0.012796934379656748,0.9800000000000001,0.07151922818375488,0.01599218559171947,final_voter_base_coarse_v1
voter,rho_2,2,700,20,0.10866285370926398,0.044152086558671096,0.009872706689364331,0.9869999999999999,0.025806975801127882,0.005770615218501403,final_voter_base_coarse_v1
voter,rho_2,2,750,20,0.10575652454366298,0.06163306095571096,0.013781571395835785,0.9904999999999999,0.0135922772190682,0.0030393255830858295,final_voter_base_coarse_v1
voter,rho_2,2,800,20,0.09652188530173023,0.05352551477886872,0.011968668957622008,0.9884999999999999,0.027481812167322595,0.0061451200151014145,final_voter_base_coarse_v1
voter,rho_2,2,850,20,0.10314123107243804,0.05382654512066622,0.012035981388376927,0.9875,0.023953079134006967,0.0053560713214071375,final_voter_base_coarse_v1
voter,rho_2,2,900,20,0.1102181488723595,0.06413612766317904,0.014341274126847306,0.9702500000000001,0.06556437676055497,0.014660640333900837,final_voter_base_coarse_v1
voter,rho_2,2,950,20,0.08804273910609314,0.05344924545124104,0.011951614617504637,0.9897500000000001,0.026947866334832513,0.006025726097326361,final_voter_base_coarse_v1
voter,rho_2,2,1000,20,0.09212380807101271,0.040218644368875726,0.008993162277169524,0.95325,0.08299510527735958,0.018558269719992755,final_voter_base_coarse_v1
voter,rho_2,2,1050,20,0.09616993800538993,0.052655782858931195,0.011774190988103837,0.978,0.04112177038990418,0.009195107394696377,final_voter_base_coarse_v1
voter,rho_2,2,1100,20,0.12481465102162308,0.056469131164029324,0.01262688159131214,0.9942500000000001,0.01371814491831896,0.0030674704562554493,final_voter_base_coarse_v1
voter,rho_2,2,1150,20,0.1116682919178382,0.055029549030168635,0.012304981240261468,0.97625,0.053779061910747376,0.012025363819860085,final_voter_base_coarse_v1
voter,rho_2,2,1200,20,0.1217290980754226,0.05362856060618281,0.011991710705089208,0.9887499999999999,0.02682699200432281,0.0059986977753509136,final_voter_base_coarse_v1
voter,rho_2,2,1250,20,0.13022626599954834,0.05614452011265873,0.012554296353600907,0.9785,0.045554911919572415,0.010186387976117935,final_voter_base_coarse_v1
voter,rho_2,2,1300,20,0.12085696755917759,0.05457351334226916,0.01220300856043056,0.9505000000000001,0.1235,0.0276154395221224,final_voter_base_coarse_v1
voter,rho_2,2,1350,20,0.0838045566115802,0.044186466397347864,0.009880394254998004,0.94625,0.11201422900685429,0.025047143050655495,final_voter_base_coarse_v1
voter,rho_2,2,1400,20,0.0996964626920344,0.048097322979351084,0.010754888371759173,0.9414999999999999,0.11877604977435476,0.026559132139435577,final_voter_base_coarse_v1
voter,rho_2,2,1450,20,0.08693507303463976,0.04225160492212551,0.009447746076433734,0.95275,0.07803004229141491,0.01744804788507872,final_voter_base_coarse_v1
voter,rho_2,2,1500,20,0.11872246228490116,0.06750022799862601,0.015093509830166234,0.9630000000000001,0.10482604638161261,0.023439816552183163,final_voter_base_coarse_v1
voter,rho_2,2,1550,20,0.10990436010777731,0.04995089514640461,0.011169359708432502,0.9577500000000001,0.06550715609763562,0.01464784540470031,final_voter_base_coarse_v1
voter,rho_2,2,1600,20,0.10686617948395986,0.046822387363518514,0.010469804101365455,0.9494999999999999,0.10799189784423643,0.024147722459892565,final_voter_base_coarse_v1
voter,rho_2,2,1650,20,0.10510732424761379,0.05232994276032371,0.01170133092707568,0.969,0.04417578522222327,0.009878005871632189,final_voter_base_coarse_v1
voter,rho_2,2,1700,20,0.11182840945737016,0.07522662866345747,0.016821185540962506,0.9675,0.04308421984903522,0.009633924433998848,final_voter_base_coarse_v1
voter,rho_2,2,1750,20,0.07764430034276386,0.03723176140628701,0.008325274942651093,0.9582499999999999,0.09327747584492196,0.020857477675884015,final_voter_base_coarse_v1
voter,rho_2,2,1800,20,0.11925084801060884,0.07270472192437447,0.016257270050812064,0.9869999999999999,0.014781745499094496,0.003305298776207685,final_voter_base_coarse_v1
voter,rho_2,2,1850,20,0.11171832979544447,0.06543288939386832,0.014631238864891457,0.98425,0.021229401781491634,0.004747038550507043,final_voter_base_coarse_v1
voter,rho_2,2,1900,20,0.10945253225741744,0.06518965240111375,0.014576849419847273,0.95325,0.07425084174607045,0.01660299295307927,final_voter_base_coarse_v1
voter,rho_2,2,1950,20,0.10808129025662186,0.05464509007834974,0.012219013605178932,0.9455,0.10516534600332944,0.023515686254073045,final_voter_base_coarse_v1
voter,rho_2,2,2000,20,0.09801028926762194,0.05409793544570027,0.012096666109898117,0.96175,0.0687436360690937,0.015371544327099994,final_voter_base_coarse_v1
voter,rho_2,2,2050,20,0.11321997972844726,0.0527701344584801,0.011799760783096554,0.93825,0.11945998283944292,0.02671206422199527,final_voter_base_coarse_v1
voter,rho_2,2,2100,20,0.10264933415247471,0.04440227774199591,0.009928651138692873,0.97675,0.045312112067304906,0.010132096278658229,final_voter_base_coarse_v1
voter,rho_2,2,2150,20,0.10247016035708775,0.0472192407520341,0.010558543216747653,0.9595,0.0854824543400574,0.019114457878789026,final_voter_base_coarse_v1
voter,rho_2,2,2200,20,0.12352285109105136,0.05360730789363364,0.011986958454092587,0.9647499999999999,0.07267177925439833,0.016249903845869364,final_voter_base_coarse_v1
voter,rho_2,2,2250,20,0.10736718921782765,0.050841172457910616,0.01136843176716782,0.95475,0.08061443729258426,0.01802593617541125,final_voter_base_coarse_v1
voter,rho_2,2,2300,20,0.09385077059222321,0.04485386970346265,0.01002963017108608,0.93875,0.12485867010344136,0.027919247393151558,final_voter_base_coarse_v1
voter,rho_2,2,2350,20,0.11103480449425099,0.05148703647575186,0.011512851351979237,0.9289999999999999,0.10068018673006125,0.022512774151578922,final_voter_base_coarse_v1
voter,rho_2,2,2400,20,0.13044919401875726,0.0637979843756221,0.01426566298913605,0.9650000000000001,0.08809086218218097,0.019697715603592212,final_voter_base_coarse_v1
voter,rho_2,2,2450,20,0.12512835973608574,0.05757950122386463,0.012875167884709365,0.9337500000000001,0.11975887232268012,0.026778897942223087,final_voter_base_coarse_v1
voter,rho_2,2,2500,20,0.09326585012671887,0.040346208909454104,0.009021686575594703,0.9445,0.09380698268252742,0.020975879004227687,final_voter_base_coarse_v1
voter,rho_2,2,2550,20,0.10834492195878039,0.06221148873054691,0.013910911778296498,0.9577500000000001,0.08940742418837487,0.019992107817836516,final_voter_base_coarse_v1
voter,rho_2,2,2600,20,0.09087670776977201,0.060010093088878634,0.013418664748282294,0.969,0.03881365739015069,0.008678997637976402,final_voter_base_coarse_v1
voter,rho_2,2,2650,20,0.10472933263342388,0.06311985554680655,0.01411402877326266,0.9672499999999999,0.07613269665524794,0.017023788503150526,final_voter_base_coarse_v1
voter,rho_2,2,2700,20,0.11531066374353141,0.052726463334791966,0.011789995622974508,0.96325,0.0635664022892597,0.014213879660388291,final_voter_base_coarse_v1
voter,rho_2,2,2750,20,0.12158678828083855,0.060483864695349214,0.013524603300070045,0.9682499999999999,0.051314593440852665,0.011474291917151139,final_voter_base_coarse_v1
voter,rho_2,2,2800,20,0.12518079963755274,0.07214052042026184,0.016131110759191717,0.9705,0.038173943993252774,0.008535953373818296,final_voter_base_coarse_v1
voter,rho_2,2,2850,20,0.11010941451517287,0.047476698122161126,0.01061611243483889,0.9592499999999999,0.05865737379051333,0.013116187517720231,final_voter_base_coarse_v1
voter,rho_2,2,2900,20,0.11396136563095545,0.05618410026866859,0.012563146745540715,0.9715,0.06436419812286953,0.014392272232000063,final_voter_base_coarse_v1
voter,rho_2,2,2950,20,0.13129604579752077,0.051485069852011775,0.011512411601542337,0.9560000000000001,0.1035688177010822,0.02315869167289033,final_voter_base_coarse_v1
voter,rho_2,2,3000,20,0.12087217742961034,0.07319513850142322,0.01636693053116944,0.9584999999999999,0.08908002020655362,0.019918898061890875,final_voter_base_coarse_v1
voter,rho_2,3,0,20,0.05944978057706879,0.035755392282582156,0.007995148770602506,0.9949999999999999,0.009082951062292483,0.002031009601158992,final_voter_base_coarse_v1
voter,rho_2,3,50,20,0.0788164884923753,0.04671502583717878,0.010445797334259077,0.992,0.022327113561766105,0.0049924943665466456,final_voter_base_coarse_v1
voter,rho_2,3,100,20,0.08918547878844477,0.038758099870411136,0.008666574598896509,0.99725,0.0067961386095341,0.0015196627915429147,final_voter_base_coarse_v1
voter,rho_2,3,150,20,0.09116373413114118,0.038261185195723205,0.008555461099734568,0.98575,0.05438922227794768,0.012161799825683696,final_voter_base_coarse_v1
voter,rho_2,3,200,20,0.08292930708393155,0.04891720709561956,0.010938220033524038,0.993,0.025169425897306436,0.005628054726102083,final_voter_base_coarse_v1
voter,rho_2,3,250,20,0.07481132419970025,0.03364308893443064,0.007522823383045787,0.9977499999999999,0.005356071321407143,0.0011976539567003495,final_voter_base_coarse_v1
voter,rho_2,3,300,20,0.0865510589491302,0.052663546615759914,0.011775927016906816,0.9955,0.006689544080129832,0.0014958275301651604,final_voter_base_coarse_v1
voter,rho_2,3,350,20,0.08663193160837822,0.04401137322011123,0.009841242230328251,0.9957499999999999,0.007790218225441448,0.0017419457511644858,final_voter_base_coarse_v1
voter,rho_2,3,400,20,0.092442247809125,0.03630799752494524,0.008118715059267168,0.994,0.009027735042633902,0.0020186629238186367,final_voter_base_coarse_v1
voter,rho_2,3,450,20,0.08971023802093736,0.04556729055432056,0.010189155922994483,0.9964999999999999,0.005722761571129804,0.001279648389206974,final_voter_base_coarse_v1
voter,rho_2,3,500,20,0.07915220763994286,0.042684246672876444,0.009544487712892095,0.99325,0.008699856320652665,0.0019453470127460564,final_voter_base_coarse_v1
voter,rho_2,3,550,20,0.08825988018180639,0.033067050611775214,0.007394017298335539,0.994,0.012308533625091182,0.0027522717889045794,final_voter_base_coarse_v1
voter,rho_2,3,600,20,0.06918232593835111,0.026809563899350335,0.005994800732607167,0.9960000000000001,0.006819090848492934,0.0015247950681976919,final_voter_base_coarse_v1
voter,rho_2,3,650,20,0.08234412861530495,0.034006130355492686,0.007604001912660073,0.99725,0.0067961386095341,0.0015196627915429147,final_voter_base_coarse_v1
voter,rho_2,3,700,20,0.07508875390176559,0.033339190088498866,0.007454869535267069,0.99475,0.01066243405606807,0.0023841927354977008,final_voter_base_coarse_v1
voter,rho_2,3,750,20,0.09173403565686569,0.047790869465395416,0.010686363282844318,0.99825,0.004264680527307999,0.0009536115561380333,final_voter_base_coarse_v1
voter,rho_2,3,800,20,0.08423996522702785,0.042704006029176796,0.009548906039280018,0.9967499999999999,0.005973901572674266,0.001335805000739256,final_voter_base_coarse_v1
voter,rho_2,3,850,20,0.0842724160544121,0.04652800194067265,0.010403977519658618,0.9962500000000001,0.010591860082157439,0.0023684119151870537,final_voter_base_coarse_v1
voter,rho_2,3,900,20,0.07737494351132645,0.03515100103287346,0.007860002778667038,0.9964999999999999,0.008958236433584467,0.0020031225624010146,final_voter_base_coarse_v1
voter,rho_2,3,950,20,0.07229261558309122,0.03471387397710706,0.007762258197517236,0.9962500000000001,0.010108783309577873,0.0022603926650031424,final_voter_base_coarse_v1
voter,rho_2,3,1000,20,0.08114177646367057,0.041123849217496775,0.009195572234677431,0.9730000000000001,0.09751153777887003,0.021804242706409224,final_voter_base_coarse_v1
voter,rho_2,3,1050,20,0.0755655487344992,0.03897126135539655,0.008714238955957727,0.9960000000000001,0.01019803902718558,0.002280350850198278,final_voter_base_coarse_v1
voter,rho_2,3,1100,20,0.08274134754243459,0.036393143201531516,0.00813775421135088,0.994,0.01102270384252431,0.0024647515087732495,final_voter_base_coarse_v1
voter,rho_2,3,1150,20,0.08935903641703465,0.04481233664694226,0.010020343097316788,0.991,0.02101190138945069,0.004698403984333402,final_voter_base_coarse_v1
voter,rho_2,3,1200,20,0.08016126266041759,0.03707178933388087,0.008289504099810927,0.9914999999999999,0.012459935794377123,0.002786126343151009,final_voter_base_coarse_v1
voter,rho_2,3,1250,20,0.07779066481132436,0.03998183393352889,0.00894020985404784,0.9685,0.08191611563056442,0.01831700030026751,final_voter_base_coarse_v1
voter,rho_2,3,1300,20,0.09224269497754593,0.03833946391195321,0.00857296475280274,0.9724999999999999,0.08385254915624211,0.01875,final_voter_base_coarse_v1
voter,rho_2,3,1350,20,0.07451091541666591,0.03500675512542457,0.007827748413213851,0.986,0.027046256672597045,0.006047726845683427,final_voter_base_coarse_v1
voter,rho_2,3,1400,20,0.08833733078365881,0.03374317250142985,0.0075452027489698766,0.99275,0.012295832627357948,0.002749431759473221,final_voter_base_coarse_v1
voter,rho_2,3,1450,20,0.09801456090076996,0.048021154836516214,0.010737856657249304,0.9877499999999999,0.016161296358893983,0.003613775726300678,final_voter_base_coarse_v1
voter,rho_2,3,1500,20,0.09350468149399357,0.04934943845922345,0.011034869904626612,0.99025,0.015286840746210461,0.00341824150697402,final_voter_base_coarse_v1
voter,rho_2,3,1550,20,0.07796496765558862,0.04402788066013673,0.009844933406131403,0.9960000000000001,0.006244997998398403,0.0013964240043768952,final_voter_base_coarse_v1
voter,rho_2,3,1600,20,0.09057566367073097,0.04738140827646582,0.010594804977584872,0.994,0.007842193570679067,0.0017535677916750195,final_voter_base_coarse_v1
voter,rho_2,3,1650,20,0.07085371458299763,0.03879944988572766,0.008675820743408348,0.99075,0.015833114033569025,0.0035403919274566223,final_voter_base_coarse_v1
voter,rho_2,3,1700,20,0.08769685946982676,0.0439484975921786,0.009827182812509718,0.9824999999999999,0.053956000593075835,0.012064928512013653,final_voter_base_coarse_v1
voter,rho_2,3,1750,20,0.08135066249866427,0.03756841581209155,0.008400553156281467,0.98225,0.04136650214847757,0.009249831079538693,final_voter_base_coarse_v1
voter,rho_2,3,1800,20,0.08326675495195521,0.03328256015903286,0.007442206698082368,0.984,0.04158124577258357,0.009297849213662262,final_voter_base_coarse_v1
voter,rho_2,3,1850,20,0.0914824208746346,0.05521390522011767,0.012346204537541358,0.9789999999999999,0.03356337289367683,0.00750499833444352,final_voter_base_coarse_v1
voter,rho_2,3,1900,20,0.08260070490620827,0.050992289191023964,0.011402222495945734,0.9804999999999999,0.042892307002538335,0.009591011416946595,final_voter_base_coarse_v1
voter,rho_2,3,1950,20,0.06705053021178825,0.03499524815541293,0.007825175376497743,0.9855,0.01967866865415443,0.00440028408173836,final_voter_base_coarse_v1
voter,rho_2,3,2000,20,0.08280024443480276,0.04415312294526825,0.009872938432452552,0.985,0.021035683967962633,0.004703721930556695,final_voter_base_coarse_v1
voter,rho_2,3,2050,20,0.07431682836049366,0.03008071342785944,0.006726252003638442,0.991,0.01067707825203132,0.0023874672772626663,final_voter_base_coarse_v1
voter,rho_2,3,2100,20,0.07470701818629444,0.04023447122843659,0.008996701270554368,0.99025,0.021821720830401976,0.0048794851162801975,final_voter_base_coarse_v1
voter,rho_2,3,2150,20,0.08555477779137824,0.03839621510925371,0.00858565470629958,0.99075,0.010401322031357369,0.0023258063117981274,final_voter_base_coarse_v1
voter,rho_2,3,2200,20,0.07357513055211501,0.044836485178084105,0.010025742873035782,0.9882500000000001,0.022598395960775612,0.0050531549550750935,final_voter_base_coarse_v1
voter,rho_2,3,2250,20,0.09990598525922663,0.04578358289840683,0.010237520361433453,0.9744999999999999,0.0385,0.00860886171337419,final_voter_base_coarse_v1
voter,rho_2,3,2300,20,0.08592355715975346,0.04884884130856087,0.010922932978804187,0.99325,0.010158124826955032,0.0022714257636999736,final_voter_base_coarse_v1
voter,rho_2,3,2350,20,0.07285290019796417,0.030403443818164875,0.0067984167127512415,0.9890000000000001,0.026485845276298055,0.005922415047934415,final_voter_base_coarse_v1
voter,rho_2,3,2400,20,0.08776041948817004,0.05181501207512232,0.011586188925494593,0.992,0.015524174696260037,0.0034713109915419592,final_voter_base_coarse_v1
voter,rho_2,3,2450,20,0.10331719678764109,0.04713300803669014,0.010539260995408306,0.99,0.01857417562100671,0.004153311931459037,final_voter_base_coarse_v1
voter,rho_2,3,2500,20,0.07396731920593838,0.03360174188104651,0.007513577900842164,0.993,0.01298075498574718,0.002902585054740001,final_voter_base_coarse_v1
voter,rho_2,3,2550,20,0.08050713801422926,0.04169899929036645,0.009324179700697486,0.97575,0.07860144718769496,0.01757581790415456,final_voter_base_coarse_v1
voter,rho_2,3,2600,20,0.08724059146035587,0.047145231931228736,0.010541994341322114,0.991,0.015132745950421548,0.0033837848631377244,final_voter_base_coarse_v1
voter,rho_2,3,2650,20,0.08712356381715089,0.03788296035942574,0.00847088745526058,0.9845,0.03456515586540874,0.007729003816792951,final_voter_base_coarse_v1
voter,rho_2,3,2700,20,0.07558771176356713,0.0309811790231032,0.006927602231874928,0.96225,0.06019707218793951,0.013460474545869473,final_voter_base_coarse_v1
voter,rho_2,3,2750,20,0.08725727694248502,0.04585457535394359,0.010253394757080434,0.98525,0.02100446381129497,0.0046967408912989865,final_voter_base_coarse_v1
voter,rho_2,3,2800,20,0.0740324370232571,0.03503266275053896,0.007833541534302988,0.9705,0.04994747240852133,0.011168594360974882,final_voter_base_coarse_v1
voter,rho_2,3,2850,20,0.0877337206856046,0.0438775796913836,0.009811325087809797,0.97575,0.03762562291843154,0.008413345054138694,final_voter_base_coarse_v1
voter,rho_2,3,2900,20,0.0918339496911866,0.04775345699219999,0.01067799759951718,0.97525,0.03589829383132296,0.00802710252830995,final_voter_base_coarse_v1
voter,rho_2,3,2950,20,0.07716139274944038,0.04246434435289641,0.009495316059303567,0.9802500000000001,0.042233724675903264,0.009443747931832997,final_voter_base_coarse_v1
voter,rho_2,3,3000,20,0.06786060085348732,0.034086951453797976,0.0076220740596427555,0.98575,0.02675233634656981,0.005982004262786846,final_voter_base_coarse_v1
voter,rho_2,4,0,20,0.06407670529892803,0.03179586013705356,0.007109770466952753,0.9935,0.007599342076785339,0.0016992645467966442,final_voter_base_coarse_v1
voter,rho_2,4,50,20,0.06456065176871743,0.03647530525270162,0.008156126204509596,0.9925,0.015850867484147352,0.0035443617196894545,final_voter_base_coarse_v1
voter,rho_2,4,100,20,0.0878862944920039,0.047044068930906055,0.010519373606769179,0.9967499999999999,0.00530919014539883,0.0011871710070583776,final_voter_base_coarse_v1
voter,rho_2,4,150,20,0.06534814234776054,0.02712924018267041,0.006066282522636984,0.9960000000000001,0.006041522986797291,0.0013509256086106306,final_voter_base_coarse_v1
voter,rho_2,4,200,20,0.06148241267331438,0.04289675901266689,0.009592006916674991,0.994,0.012308533625091182,0.0027522717889045794,final_voter_base_coarse_v1
voter,rho_2,4,250,20,0.0690152254133089,0.035649952905983974,0.007971571809244633,0.9967499999999999,0.005068283733178328,0.0011333026956643147,final_voter_base_coarse_v1
voter,rho_2,4,300,20,0.05406629315867097,0.04665286770145525,0.01043189835257583,0.99475,0.013367404385294863,0.0029890424888248104,final_voter_base_coarse_v1
voter,rho_2,4,350,20,0.07610314314771083,0.037566597954454634,0.00840014667095651,0.9970000000000001,0.005567764362830027,0.0012449899597988742,final_voter_base_coarse_v1
voter,rho_2,4,400,20,0.0746740062190234,0.03521180022590213,0.007873597891525962,0.9949999999999999,0.011510864433221349,0.002573907535246752,final_voter_base_coarse_v1
voter,rho_2,4,450,20,0.05813600270039386,0.031309774669988764,0.0070010784522295914,0.992,0.021470910553583883,0.00480104155366312,final_voter_base_coarse_v1
voter,rho_2,4,500,20,0.08755669296202748,0.03902164237781987,0.008725504495049176,0.9884999999999999,0.024243555844801316,0.005421023888528808,final_voter_base_coarse_v1
voter,rho_2,4,550,20,0.07023817265017854,0.024375479054992703,0.0054505228151086015,0.9875,0.02708782014116307,0.006057020719792857,final_voter_base_coarse_v1
voter,rho_2,4,600,20,0.0691307906676361,0.04240928109659243,0.00948300354088775,0.99,0.015247950681976919,0.003409545424246467,final_voter_base_coarse_v1
voter,rho_2,4,650,20,0.06372000414477719,0.03341632734237493,0.007472117949593523,0.9945,0.016650825805346704,0.003723237838226291,final_voter_base_coarse_v1
voter,rho_2,4,700,20,0.07707611684629007,0.047153624745299855,0.010543871031600668,0.9890000000000001,0.021482551058940823,0.004803644449790177,final_voter_base_coarse_v1
voter,rho_2,4,750,20,0.05388769746123349,0.028227176641772996,0.006311788578389864,0.9935,0.012359207094308286,0.002763602721087098,final_voter_base_coarse_v1
voter,rho_2,4,800,20,0.0620766621729989,0.03514581588135769,0.007858843343540749,0.99825,0.00553962995154009,0.0012386989141837505,final_voter_base_coarse_v1
voter,rho_2,4,850,20,0.06557271018276513,0.03668972987961152,0.008204073008691653,0.9957499999999999,0.006941721688457417,0.00155221615762754,final_voter_base_coarse_v1
voter,rho_2,4,900,20,0.075223047897424,0.04024283049739685,0.008998570459918103,0.9974999999999999,0.004609772228646448,0.0010307764064044162,final_voter_base_coarse_v1
voter,rho_2,4,950,20,0.06477391690716708,0.03686646366571801,0.008243591884657155,0.9967499999999999,0.0039607448794387184,0.0008856494791959183,final_voter_base_coarse_v1
voter,rho_2,4,1000,20,0.07191452742380533,0.034766810236673405,0.007774095105003728,0.99725,0.004023369234857774,0.0008996527107723298,final_voter_base_coarse_v1
voter,rho_2,4,1050,20,0.07654051864281768,0.03682311800988972,0.00823389950136102,0.99475,0.009283722313813579,0.0020759034177918797,final_voter_base_coarse_v1
voter,rho_2,4,1100,20,0.06870047001778198,0.029762774381837494,0.006655158671677792,0.9869999999999999,0.04871857961804715,0.010893805579318917,final_voter_base_coarse_v1
voter,rho_2,4,1150,20,0.06977964695287166,0.03685086876988564,0.008240104759938836,0.9824999999999999,0.027545417041678635,0.006159342497377459,final_voter_base_coarse_v1
voter,rho_2,4,1200,20,0.055346548081568706,0.032047771735718454,0.007166099612846289,0.9914999999999999,0.01659066002303705,0.003709784360309907,final_voter_base_coarse_v1
voter,rho_2,4,1250,20,0.06844272607864549,0.03051016574111444,0.006822280460191714,0.9869999999999999,0.024413111231467405,0.005458937625582472,final_voter_base_coarse_v1
voter,rho_2,4,1300,20,0.0785448051540105,0.03798047155927784,0.008492691622404269,0.98575,0.013160072188251867,0.0029426816001735584,final_voter_base_coarse_v1
voter,rho_2,4,1350,20,0.06976034849424416,0.024086933197136753,0.005386001999829412,0.9862500000000001,0.01954961636452235,0.004371427112511428,final_voter_base_coarse_v1
voter,rho_2,4,1400,20,0.07998079268666554,0.03926450614860287,0.008779810485123447,0.991,0.01677796173556251,0.0037516662964608124,final_voter_base_coarse_v1
voter,rho_2,4,1450,20,0.06081784777700502,0.03083839960556663,0.006895675783534968,0.9914999999999999,0.01566045976336582,0.0035017852589786245,final_voter_base_coarse_v1
voter,rho_2,4,1500,20,0.06770567506445432,0.033740281134731626,0.007544556219721365,0.98675,0.018592673288153054,0.004157448135575476,final_voter_base_coarse_v1
voter,rho_2,4,1550,20,0.07090035207162874,0.0379922944825045,0.008495335308407025,0.9957499999999999,0.007628073151196186,0.00170568901034157,final_voter_base_coarse_v1
voter,rho_2,4,1600,20,0.06417820759416223,0.03985413172163097,0.008911654771379757,0.9960000000000001,0.007842193570679067,0.0017535677916750195,final_voter_base_coarse_v1
voter,rho_2,4,1650,20,0.06189980171108803,0.03663421462544401,0.008191659420480979,0.992,0.015443445211480514,0.003453259329966404,final_voter_base_coarse_v1
voter,rho_2,4,1700,20,0.07079691480529839,0.03667450368950634,0.0082006683290803,0.9890000000000001,0.024166091947189144,0.005403702434442518,final_voter_base_coarse_v1
voter,rho_2,4,1750,20,0.08299851170834277,0.04091509304896575,0.009148892936321654,0.9970000000000001,0.004301162633521317,0.000961769203083568,final_voter_base_coarse_v1
voter,rho_2,4,1800,20,0.06047320117171029,0.037222049943952305,0.00832310339365696,0.99125,0.010473180032826716,0.0023418742493994016,final_voter_base_coarse_v1
voter,rho_2,4,1850,20,0.07012030298748348,0.026723628173096016,0.005975584920047121,0.99025,0.018129740759315886,0.004053933275227897,final_voter_base_coarse_v1
voter,rho_2,4,1900,20,0.07317823916583166,0.04337566843035627,0.009699094317976822,0.9964999999999999,0.005937171043518964,0.0013275918047351766,final_voter_base_coarse_v1
voter,rho_2,4,1950,20,0.07029666665678272,0.03847936613046946,0.008604247839883276,0.9914999999999999,0.013518505834595787,0.0030228298000383705,final_voter_base_coarse_v1
voter,rho_2,4,2000,20,0.06456485664299358,0.03503396669728237,0.007833833105658718,0.98675,0.031751968442917056,0.007099955985779068,final_voter_base_coarse_v1
voter,rho_2,4,2050,20,0.08094692120066285,0.04057269158191542,0.009072329640729635,0.992,0.014352700094407337,0.0032093613071762454,final_voter_base_coarse_v1
voter,rho_2,4,2100,20,0.05847208733036863,0.03106145590640652,0.006945552688683732,0.99125,0.01523769995767079,0.0034072532926097553,final_voter_base_coarse_v1
voter,rho_2,4,2150,20,0.057860920184393747,0.0318790460362659,0.007128371399493578,0.9935,0.012359207094308286,0.002763602721087098,final_voter_base_coarse_v1
voter,rho_2,4,2200,20,0.08087106594854293,0.0395382485109652,0.008841021138179802,0.97625,0.05069208518102209,0.011335094838597513,final_voter_base_coarse_v1
voter,rho_2,4,2250,20,0.07848633070506408,0.035267520442216614,0.00788605731066598,0.982,0.04433959855479072,0.009914635646356348,final_voter_base_coarse_v1
voter,rho_2,4,2300,20,0.061242492496817666,0.03505630782868888,0.007838828734510639,0.9865,0.02846489065498056,0.006364943047663504,final_voter_base_coarse_v1
voter,rho_2,4,2350,20,0.07681494608217025,0.037552748389032935,0.008397049813982335,0.9964999999999999,0.0039051248379533307,0.0008732124598286498,final_voter_base_coarse_v1
voter,rho_2,4,2400,20,0.07676744544601459,0.041156611561741864,0.009202898117560858,0.99275,0.009807522622966525,0.002193028727582019,final_voter_base_coarse_v1
voter,rho_2,4,2450,20,0.07806129744144648,0.029309958966602698,0.006553906066705311,0.9872500000000001,0.02187892821872223,0.004892277077190129,final_voter_base_coarse_v1
voter,rho_2,4,2500,20,0.06056669017222416,0.03214864381889518,0.007188655296347805,0.9877499999999999,0.01600585830250911,0.003579018720263976,final_voter_base_coarse_v1
voter,rho_2,4,2550,20,0.06174387925830893,0.029632019777305344,0.006625921053267292,0.99225,0.011562331079847188,0.002585415827289686,final_voter_base_coarse_v1
voter,rho_2,4,2600,20,0.07533463728600381,0.03426257166555577,0.007661343932814088,0.99275,0.009417404100918689,0.0021057955741239478,final_voter_base_coarse_v1
voter,rho_2,4,2650,20,0.06852063164227655,0.0289839803724796,0.006481015037138406,0.99275,0.009010410645470058,0.0020147890708458807,final_voter_base_coarse_v1
voter,rho_2,4,2700,20,0.07663984772825916,0.03391737259823065,0.007584155074783238,0.98325,0.031195953263203874,0.006975627211943025,final_voter_base_coarse_v1
voter,rho_2,4,2750,20,0.0811778477323713,0.04436412134897936,0.00992011910983675,0.9872500000000001,0.025810608284191978,0.005771427466407247,final_voter_base_coarse_v1
voter,rho_2,4,2800,20,0.07303947067733234,0.030656560735124783,0.006855015376008994,0.9845,0.028805381441668144,0.006441079102138086,final_voter_base_coarse_v1
voter,rho_2,4,2850,20,0.06333470248246395,0.03390976563232583,0.007582454105496669,0.9894999999999999,0.014908051515875567,0.0033335416601566552,final_voter_base_coarse_v1
voter,rho_2,4,2900,20,0.06513439597935615,0.03735358098737359,0.008352514629081105,0.98525,0.02821679464432486,0.006309467093186238,final_voter_base_coarse_v1
voter,rho_2,4,2950,20,0.06635124236143955,0.029405643946726772,0.006575301878703627,0.9925,0.009420721840708393,0.0021065374432940914,final_voter_base_coarse_v1
voter,rho_2,4,3000,20,0.055355373698358676,0.0359680207424921,0.008042693939633479,0.9882500000000001,0.019057478846898922,0.00426138181814303,final_voter_base_coarse_v1
voter,rho_2,5,0,20,0.06434539362868694,0.03226788148020817,0.0072153176479652,0.9855,0.020118399538730708,0.004498610896710227,final_voter_base_coarse_v1
voter,rho_2,5,50,20,0.07154208840263007,0.033795400036845134,0.007556881180918461,0.99225,0.015122417134836627,0.00338147526976023,final_voter_base_coarse_v1
voter,rho_2,5,100,20,0.050817867451646216,0.0270428576394108,0.006046966798757204,0.9960000000000001,0.006041522986797291,0.0013509256086106306,final_voter_base_coarse_v1
voter,rho_2,5,150,20,0.05949728586059526,0.03479990597384082,0.0077814955368109085,0.99475,0.009549214627392149,0.002135269303858417,final_voter_base_coarse_v1
voter,rho_2,5,200,20,0.06269888780705003,0.022627552808798617,0.005059674624494001,0.9952500000000001,0.008135570047636497,0.0018191687662226408,final_voter_base_coarse_v1
voter,rho_2,5,250,20,0.05181509691645079,0.024558411075679257,0.005491427658460255,0.99325,0.015270478054075444,0.00341458269778314,final_voter_base_coarse_v1
voter,rho_2,5,300,20,0.054507100521001696,0.03068974188055885,0.006862434905685182,0.99225,0.008584142356694706,0.0019194725838104609,final_voter_base_coarse_v1
voter,rho_2,5,350,20,0.061941523240093554,0.03349156824291871,0.007488942326423943,0.9955,0.006500000000000006,0.0014534441853748645,final_voter_base_coarse_v1
voter,rho_2,5,400,20,0.06825824481769081,0.028540680320401093,0.006381890132050732,0.9925,0.024974987487484352,0.0055845769759221685,final_voter_base_coarse_v1
voter,rho_2,5,450,20,0.06771220310448074,0.0352503853316468,0.007882225783462371,0.99175,0.024813051001438737,0.005548366876838624,final_voter_base_coarse_v1
voter,rho_2,5,500,20,0.07020452152480929,0.03388754350085765,0.007577485085839891,0.994,0.010793516572461461,0.002413503677229436,final_voter_base_coarse_v1
voter,rho_2,5,550,20,0.07415240087402326,0.03897818044455129,0.008715786111326966,0.9942500000000001,0.008842369591913705,0.001977213948969612,final_voter_base_coarse_v1
voter,rho_2,5,600,20,0.052767264846043584,0.02678004092079423,0.005988199193912196,0.99375,0.01160549438843517,0.002595067436503339,final_voter_base_coarse_v1
voter,rho_2,5,650,20,0.05306758467625907,0.029346280625395925,0.0065620278365170325,0.9967499999999999,0.007790218225441448,0.0017419457511644858,final_voter_base_coarse_v1
voter,rho_2,5,700,20,0.07051380909199464,0.034218335201857686,0.007651452358822777,0.9967499999999999,0.006941721688457417,0.00155221615762754,final_voter_base_coarse_v1
voter,rho_2,5,750,20,0.053767766763325044,0.022276913026543093,0.004981269185620093,0.9955,0.007889866919029757,0.0017642278764377366,final_voter_base_coarse_v1
voter,rho_2,5,800,20,0.06414439006549663,0.02627503200907703,0.005875275768327911,0.99275,0.010304731922762484,0.0023042081069209026,final_voter_base_coarse_v1
voter,rho_2,5,850,20,0.05449657140618763,0.026254148011076332,0.005870605964410758,0.9974999999999999,0.0058094750193111305,0.001299038105676659,final_voter_base_coarse_v1
voter,rho_2,5,900,20,0.06902511886263021,0.0347867388661155,0.007778551282016822,0.9957499999999999,0.006941721688457417,0.00155221615762754,final_voter_base_coarse_v1
voter,rho_2,5,950,20,0.060360906872529506,0.02398569166198669,0.005363363704355215,0.9935,0.017755280904564696,0.003970201506221061,final_voter_base_coarse_v1
voter,rho_2,5,1000,20,0.054310642929737495,0.024274134756107804,0.005427861540964732,0.9964999999999999,0.005500000000000005,0.0012298373876248854,final_voter_base_coarse_v1
voter,rho_2,5,1050,20,0.07926676191059845,0.039135487873774126,0.008750961121837765,0.97425,0.0708920834790458,0.01585195177257362,final_voter_base_coarse_v1
voter,rho_2,5,1100,20,0.07442724582487246,0.04295172348988763,0.009604297347416323,0.9894999999999999,0.017599715906798038,0.003935416115228477,final_voter_base_coarse_v1
voter,rho_2,5,1150,20,0.06378257413845874,0.03556655889657783,0.007952924341849793,0.9925,0.011346805717910228,0.002537222891273057,final_voter_base_coarse_v1
voter,rho_2,5,1200,20,0.057319399705964,0.027619167286122077,0.006175833553370735,0.99475,0.007822243923581015,0.001749106914971182,final_voter_base_coarse_v1
voter,rho_2,5,1250,20,0.06395940436809011,0.032021241922373024,0.007160167366239212,0.99875,0.0021650635094610984,0.0004841229182759275,final_voter_base_coarse_v1
voter,rho_2,5,1300,20,0.07176769609760868,0.02945764027767851,0.006586928611762492,0.9925,0.009937303457175905,0.0022220486043288993,final_voter_base_coarse_v1
voter,rho_2,5,1350,20,0.060444769006775444,0.026432208306845558,0.005910421456954128,0.9887499999999999,0.020240738622886268,0.004525966747557918,final_voter_base_coarse_v1
voter,rho_2,5,1400,20,0.065793685073641,0.030903610592811513,0.0069102574035709114,0.98475,0.02964266351055519,0.006628301064375396,final_voter_base_coarse_v1
voter,rho_2,5,1450,20,0.06567189984316339,0.03924530626241385,0.008775517260055555,0.9914999999999999,0.0183779759494891,0.0041094403511913865,final_voter_base_coarse_v1
voter,rho_2,5,1500,20,0.055896177978984316,0.031236857435133093,0.006984773662842732,0.9942500000000001,0.01535211711784403,0.00343283774740374,final_voter_base_coarse_v1
voter,rho_2,5,1550,20,0.06858756636023312,0.029282625398246852,0.0065477940950141806,0.9882500000000001,0.018253424336271806,0.004081589763805273,final_voter_base_coarse_v1
voter,rho_2,5,1600,20,0.07098139112788165,0.0396254311111401,0.008860515760224428,0.9949999999999999,0.008944271909999166,0.0020000000000000018,final_voter_base_coarse_v1
voter,rho_2,5,1650,20,0.062396080365300574,0.03311801495484114,0.0074054132718879406,0.9894999999999999,0.02729010809799038,0.006102253682042398,final_voter_base_coarse_v1
voter,rho_2,5,1700,20,0.06657876752282824,0.03317355102961822,0.0074178315157284475,0.98925,0.02753520473866138,0.006157058957002117,final_voter_base_coarse_v1
voter,rho_2,5,1750,20,0.058898820484666915,0.04010037531321273,0.008966716512359807,0.9949999999999999,0.006708203932499375,0.0015000000000000011,final_voter_base_coarse_v1
voter,rho_2,5,1800,20,0.05734137637335814,0.025437339485053435,0.005687962025531897,0.993,0.014949916387726045,0.0033429029300893537,final_voter_base_coarse_v1
voter,rho_2,5,1850,20,0.05688999395206281,0.025417210097256504,0.005683460957585958,0.9974999999999999,0.004031128874149278,0.000901387818865998,final_voter_base_coarse_v1
voter,rho_2,5,1900,20,0.06509619275180448,0.030379881955582815,0.006793148120110242,0.99325,0.012477479713467791,0.002790049282718858,final_voter_base_coarse_v1
voter,rho_2,5,1950,20,0.05797720826993517,0.0322577620444518,0.007213054873340681,0.9925,0.01066536450385078,0.0023848480035423662,final_voter_base_coarse_v1
voter,rho_2,5,2000,20,0.07059816707227683,0.028934563940405257,0.0064699651870060325,0.99375,0.016345871038277518,0.0036550478793033595,final_voter_base_coarse_v1
voter,rho_2,5,2050,20,0.07041860379136364,0.04119430299350035,0.009211326177918984,0.99325,0.007462405778299657,0.0016686446595965256,final_voter_base_coarse_v1
voter,rho_2,5,2100,20,0.06667923309658495,0.0405687425493753,0.009071446610209128,0.977,0.06319414529843727,0.014130640466730446,final_voter_base_coarse_v1
voter,rho_2,5,2150,20,0.06624774916473658,0.030450400650693474,0.006808916579705443,0.984,0.020223748416156675,0.004522167621838003,final_voter_base_coarse_v1
voter,rho_2,5,2200,20,0.0648484507919389,0.05081335781788509,0.011362212224581144,0.98375,0.02534141866589161,0.005666513478321567,final_voter_base_coarse_v1
voter,rho_2,5,2250,20,0.07870040914514854,0.03822939163731481,0.00854835184394979,0.99075,0.0194470434770944,0.0043484911176176946,final_voter_base_coarse_v1
voter,rho_2,5,2300,20,0.0597476529136173,0.03390996730763592,0.007582499201466944,0.993,0.007810249675906661,0.0017464249196572996,final_voter_base_coarse_v1
voter,rho_2,5,2350,20,0.07098328112449663,0.03483177408783237,0.00778862146373089,0.9904999999999999,0.015157506391224132,0.003389321466016468,final_voter_base_coarse_v1
voter,rho_2,5,2400,20,0.06287207171267943,0.04038850719339562,0.009031144759417185,0.99125,0.01679843742733234,0.0037562448003291794,final_voter_base_coarse_v1
voter,rho_2,5,2450,20,0.06468506871266566,0.03478935409809616,0.007779136065665389,0.9810000000000001,0.03136877428271625,0.007014271166700074,final_voter_base_coarse_v1
voter,rho_2,5,2500,20,0.0569417217651325,0.026019170924300953,0.005818063490492296,0.9897500000000001,0.019266226926930967,0.004308059307855452,final_voter_base_coarse_v1
voter,rho_2,5,2550,20,0.06101298315372846,0.030155093068912005,0.006742883796991999,0.98475,0.022387217334898953,0.0050059339787895734,final_voter_base_coarse_v1
voter,rho_2,5,2600,20,0.05840718006793818,0.02311856071346792,0.00516946732972703,0.9882500000000001,0.015990231392947397,0.003575524437058153,final_voter_base_coarse_v1
voter,rho_2,5,2650,20,0.06510512322650647,0.029729164740150173,0.006647643327326565,0.9845,0.021500000000000005,0.004807546151624549,final_voter_base_coarse_v1
voter,rho_2,5,2700,20,0.07382282735469367,0.04131592301535607,0.009238521241548425,0.991,0.015132745950421569,0.0033837848631377287,final_voter_base_coarse_v1
voter,rho_2,5,2750,20,0.05554258881022824,0.027687227185205318,0.006191052209459925,0.9875,0.02704163456597992,0.006046693311223913,final_voter_base_coarse_v1
voter,rho_2,5,2800,20,0.07248361646081111,0.02997670375096506,0.00670299473285308,0.9882500000000001,0.02471209218176397,0.005525791798466532,final_voter_base_coarse_v1
voter,rho_2,5,2850,20,0.06854584420927579,0.02564125386775515,0.005733558667662992,0.992,0.01197914855071095,0.002678619047195777,final_voter_base_coarse_v1
voter,rho_2,5,2900,20,0.059451587478110315,0.03209282806686313,0.007176174514771912,0.99,0.01140175425099139,0.0025495097567963944,final_voter_base_coarse_v1
voter,rho_2,5,2950,20,0.06612000561170975,0.03726846117156978,0.008333481259644148,0.9884999999999999,0.015500000000000014,0.003465905365124677,final_voter_base_coarse_v1
voter,rho_2,5,3000,20,0.06534997681116711,0.029506694209534532,0.006597897404381863,0.993,0.008860022573334684,0.001981161275615897,final_voter_base_coarse_v1
voter,rho_2,6,0,20,0.06578262678453858,0.03790541563901544,0.008475908608422216,0.9974999999999999,0.006020797289396153,0.0013462912017836272,final_voter_base_coarse_v1
voter,rho_2,6,50,20,0.06137989914206839,0.02919189192040506,0.0065275054725852585,0.993,0.009924716620639613,0.0022192341021172166,final_voter_base_coarse_v1
voter,rho_2,6,100,20,0.07466458383000682,0.030115601386414767,0.0067340531883310325,0.9952500000000001,0.007495832175282481,0.0016761190291861745,final_voter_base_coarse_v1
voter,rho_2,6,150,20,0.06966075314462869,0.025986061271549482,0.005810659947065926,0.9970000000000001,0.0040000000000000036,0.0008944271909999167,final_voter_base_coarse_v1
voter,rho_2,6,200,20,0.07104546504467438,0.03144642343863559,0.007031634045803186,0.9942500000000001,0.00794905654779233,0.0017774630797853456,final_voter_base_coarse_v1
voter,rho_2,6,250,20,0.048628526953238535,0.03425222040243779,0.00765902932001561,0.99475,0.011008519428152008,0.0024615797772975,final_voter_base_coarse_v1
voter,rho_2,6,300,20,0.05303480394567056,0.032363130615841985,0.007236616002172731,0.99325,0.010034316120194748,0.0022437412952477404,final_voter_base_coarse_v1
voter,rho_2,6,350,20,0.05954529834940746,0.01970150057229934,0.004405389453841233,0.9942500000000001,0.009120718173477357,0.0020394545839513088,final_voter_base_coarse_v1
voter,rho_2,6,400,20,0.06622308333399249,0.03224921507730905,0.0072111437133874174,0.99025,0.014532291629333633,0.003249519195204118,final_voter_base_coarse_v1
voter,rho_2,6,450,20,0.0691172820763217,0.04212263319037458,0.00941890712049664,0.9955,0.007889866919029757,0.0017642278764377366,final_voter_base_coarse_v1
voter,rho_2,6,500,20,0.05948245288722213,0.03789633122283632,0.008473877271210973,0.9884999999999999,0.020006249023742557,0.0044735332791877155,final_voter_base_coarse_v1
voter,rho_2,6,550,20,0.05685011190088039,0.02747548058098197,0.00614370422935511,0.99175,0.015105876340020787,0.0033777766355992203,final_voter_base_coarse_v1
voter,rho_2,6,600,20,0.06967849228469442,0.03839930862105119,0.008586346436566417,0.994,0.009823441352194259,0.0021965882636488816,final_voter_base_coarse_v1
voter,rho_2,6,650,20,0.0646921588924394,0.03413755117281834,0.0076333885007799475,0.9945,0.010356157588603998,0.002315707235381884,final_voter_base_coarse_v1
voter,rho_2,6,700,20,0.05600460685049893,0.037235271216857116,0.008326059760153381,0.9949999999999999,0.012649110640673528,0.0028284271247461922,final_voter_base_coarse_v1
voter,rho_2,6,750,20,0.06494081936830849,0.03290596721850579,0.007357997956595862,0.9952500000000001,0.00843726851534311,0.001886630594472592,final_voter_base_coarse_v1
voter,rho_2,6,800,20,0.06002741840166613,0.041656074901625234,0.009314581515585688,0.9952500000000001,0.005804093383121955,0.0012978347352417422,final_voter_base_coarse_v1
voter,rho_2,6,850,20,0.05864679638937672,0.027992932090564606,0.0062594099044037755,0.9952500000000001,0.006609652033201149,0.0014779631253857466,final_voter_base_coarse_v1
voter,rho_2,6,900,20,0.0531910628436799,0.029499314532092546,0.006596247258340633,0.994,0.009300537618869146,0.0020796634343085442,final_voter_base_coarse_v1
voter,rho_2,6,950,20,0.05652169599377756,0.030876515880897046,0.006904198841803759,0.99225,0.01066243405606807,0.0023841927354977008,final_voter_base_coarse_v1
voter,rho_2,6,1000,20,0.0753683215874004,0.028309741152734467,0.006330250564293752,0.9914999999999999,0.008817596044274206,0.001971674415313037,final_voter_base_coarse_v1
voter,rho_2,6,1050,20,0.062417631525379366,0.034013290465956976,0.0076056029620325295,0.98675,0.013442005058770076,0.0030057237065305945,final_voter_base_coarse_v1
voter,rho_2,6,1100,20,0.06426646888069623,0.030924855361876665,0.006915007878350508,0.9824999999999999,0.034838915023289695,0.007790218225441442,final_voter_base_coarse_v1
voter,rho_2,6,1150,20,0.0570288076568203,0.026680958418955913,0.005966043672963073,0.99025,0.010059199769365363,0.0022493054483551157,final_voter_base_coarse_v1
voter,rho_2,6,1200,20,0.055624298059690144,0.029360575715856704,0.006565224315918513,0.9945,0.010111874208078351,0.0022610838109190044,final_voter_base_coarse_v1
voter,rho_2,6,1250,20,0.07069046218474401,0.028372890870883537,0.006344371270547879,0.993,0.012589678312014184,0.002815137652051852,final_voter_base_coarse_v1
voter,rho_2,6,1300,20,0.06395214451099436,0.035722522474255794,0.007987798858019993,0.9942500000000001,0.009908960591303216,0.00221571094685205,final_voter_base_coarse_v1
voter,rho_2,6,1350,20,0.0611362706560209,0.02946521278125744,0.0065886218750387275,0.993,0.016613247725836142,0.0037148351242013403,final_voter_base_coarse_v1
voter,rho_2,6,1400,20,0.06274217143031217,0.02826263346688584,0.006319716965511729,0.9925,0.018940696924875808,0.004235268586524353,final_voter_base_coarse_v1
voter,rho_2,6,1450,20,0.0590425621897129,0.025518086352114864,0.005706017573903847,0.9914999999999999,0.015740076238697207,0.0035195880440756157,final_voter_base_coarse_v1
voter,rho_2,6,1500,20,0.059281068661926395,0.029722099036094452,0.006646063387868817,0.99325,0.017122718826167758,0.003828756325492651,final_voter_base_coarse_v1
voter,rho_2,6,1550,20,0.05580087079061201,0.03262817504888613,0.00729588173910719,0.9942500000000001,0.006941721688457417,0.00155221615762754,final_voter_base_coarse_v1
voter,rho_2,6,1600,20,0.062448834774372866,0.02221521534524418,0.004967473164676244,0.9880000000000001,0.025563646062328433,0.0057162050348111195,final_voter_base_coarse_v1
voter,rho_2,6,1650,20,0.06674368766845193,0.04080604544136057,0.009124509149982765,0.9935,0.00743303437365926,0.0016620770138594677,final_voter_base_coarse_v1
voter,rho_2,6,1700,20,0.06579728567521846,0.01890044539065115,0.0042262680698518535,0.9967499999999999,0.0039607448794387184,0.0008856494791959183,final_voter_base_coarse_v1
voter,rho_2,6,1750,20,0.0580255791587718,0.02663703820453226,0.005956222814459308,0.99325,0.014600941750448852,0.00326486982895184,final_voter_base_coarse_v1
voter,rho_2,6,1800,20,0.06285524188158284,0.02468513094081889,0.005519763081715438,0.9964999999999999,0.004213074886588183,0.0009420721840708394,final_voter_base_coarse_v1
voter,rho_2,6,1850,20,0.055254765255248674,0.03915196815318069,0.008754646224341892,0.994,0.006244997998398403,0.0013964240043768952,final_voter_base_coarse_v1
voter,rho_2,6,1900,20,0.0705957377322899,0.023983402935588198,0.005362851929574322,0.9977499999999999,0.0036996621467371886,0.0008272696053887156,final_voter_base_coarse_v1
voter,rho_2,6,1950,20,0.060000705173578285,0.036164584199622395,0.008086646864837049,0.9952500000000001,0.0064177488264967235,0.0014350522638566176,final_voter_base_coarse_v1
voter,rho_2,6,2000,20,0.061164892984298634,0.030780553623304042,0.006882741028678529,0.9949999999999999,0.01036822067666387,0.002318404623873928,final_voter_base_coarse_v1
voter,rho_2,6,2050,20,0.05649324928997594,0.024871975264367508,0.005561542742581905,0.99,0.02678619047195775,0.0059895742753554694,final_voter_base_coarse_v1
voter,rho_2,6,2100,20,0.0562991746391059,0.025281402097453654,0.005653093365641213,0.992,0.014949916387726067,0.003342902930089359,final_voter_base_coarse_v1
voter,rho_2,6,2150,20,0.06757573676069169,0.03892006200554804,0.00870279043329122,0.9962500000000001,0.007224091638399951,0.001615355997915012,final_voter_base_coarse_v1
voter,rho_2,6,2200,20,0.06537206902134626,0.0347115536461978,0.007761739355752897,0.99275,0.012090802289343758,0.0027035855821482724,final_voter_base_coarse_v1
voter,rho_2,6,2250,20,0.049445653520238414,0.021464375054104333,0.004799580171552801,0.99475,0.010304731922762484,0.0023042081069209026,final_voter_base_coarse_v1
voter,rho_2,6,2300,20,0.06084706634599966,0.0377502369693213,0.008441209603012808,0.998,0.0040000000000000036,0.0008944271909999167,final_voter_base_coarse_v1
voter,rho_2,6,2350,20,0.05495754103467213,0.028135355183869313,0.006291256676223288,0.99725,0.007822243923581015,0.001749106914971182,final_voter_base_coarse_v1
voter,rho_2,6,2400,20,0.06179217868270513,0.03590378075278927,0.008028329441248538,0.9952500000000001,0.009283722313813579,0.0020759034177918797,final_voter_base_coarse_v1
voter,rho_2,6,2450,20,0.0688532511085554,0.033983681643308686,0.007598982228014998,0.99375,0.01404234666998363,0.00313996417177012,final_voter_base_coarse_v1
voter,rho_2,6,2500,20,0.052170644720519466,0.04153227408326219,0.009286898811032701,0.9967499999999999,0.00481534007106456,0.0010767427733679024,final_voter_base_coarse_v1
voter,rho_2,6,2550,20,0.05497374791143701,0.02655460510331805,0.005937790212668198,0.993,0.015604486534327226,0.003489269264473578,final_voter_base_coarse_v1
voter,rho_2,6,2600,20,0.05423852621848553,0.0399287748103293,0.008928345473417757,0.998,0.0024494897427831805,0.0005477225575051667,final_voter_base_coarse_v1
voter,rho_2,6,2650,20,0.05239511691477681,0.028771629576200986,0.006433531955582886,0.99375,0.011053845484717082,0.0024717149916606506,final_voter_base_coarse_v1
voter,rho_2,6,2700,20,0.07794088886574371,0.03736477350531047,0.00835501735217573,0.994,0.01067707825203132,0.0023874672772626663,final_voter_base_coarse_v1
voter,rho_2,6,2750,20,0.06069667839640082,0.033455512422022236,0.0074808799997730345,0.9952500000000001,0.0064177488264967235,0.0014350522638566176,final_voter_base_coarse_v1
voter,rho_2,6,2800,20,0.062000182187678055,0.024562875977452228,0.005492426040847977,0.99075,0.014341809509263479,0.003206926098306604,final_voter_base_coarse_v1
voter,rho_2,6,2850,20,0.07301507088194598,0.036962353001289854,0.008265033391922747,0.994,0.007842193570679067,0.0017535677916750195,final_voter_base_coarse_v1
voter,rho_2,6,2900,20,0.05863734397190479,0.032195283982994836,0.0071990843540886635,0.9869999999999999,0.0227156333832011,0.005079370039680118,final_voter_base_coarse_v1
voter,rho_2,6,2950,20,0.07099795740783188,0.03445428047790256,0.007704211326443407,0.9890000000000001,0.020591260281974,0.004604345773288535,final_voter_base_coarse_v1
voter,rho_2,6,3000,20,0.068870955410783,0.03260232816884231,0.007290102201028764,0.99275,0.008287792227125395,0.001853206680324676,final_voter_base_coarse_v1
voter,rho_4,0,0,20,0.04233315850663851,0.02421220749211901,0.005414014183770781,1.0,0.0,0.0,final_voter_base_coarse_v1
voter,rho_4,0,50,20,0.3104373938157424,0.13507665112903364,0.030204057409754292,1.0,0.0,0.0,final_voter_base_coarse_v1
voter,rho_4,0,100,20,0.39902187205437023,0.17020710800385558,0.03805946637502696,0.99975,0.0010897247358851695,0.00024366985862022433,final_voter_base_coarse_v1
voter,rho_4,0,150,20,0.4753771110378103,0.21635711871380778,0.0483789224860066,1.0,0.0,0.0,final_voter_base_coarse_v1
voter,rho_4,0,200,20,0.582849574194735,0.23372781498091838,0.05226312825298272,0.999625,0.001634587103827742,0.0003655047879303338,final_voter_base_coarse_v1
voter,rho_4,0,250,20,0.6422299434813991,0.250438624202219,0.055999778790768576,0.999625,0.001634587103827742,0.0003655047879303338,final_voter_base_coarse_v1
voter,rho_4,0,300,20,0.7230671251161078,0.21439106281425935,0.04793929902211112,0.999625,0.001634587103827742,0.0003655047879303338,final_voter_base_coarse_v1
voter,rho_4,0,350,20,0.729951118267234,0.22727789368672244,0.050820882006648166,1.0,0.0,0.0,final_voter_base_coarse_v1
voter,rho_4,0,400,20,0.7357703333543218,0.2197518783880729,0.04913801382589979,1.0,0.0,0.0,final_voter_base_coarse_v1
voter,rho_4,0,450,20,0.797833933796192,0.23068869561876754,0.05158356050443221,0.999375,0.0019162137145944782,0.00042847841252506336,final_voter_base_coarse_v1
voter,rho_4,0,500,20,0.8687656218243139,0.1607855868911084,0.035952750209071745,0.999375,0.0019162137145944782,0.00042847841252506336,final_voter_base_coarse_v1
voter,rho_4,0,550,20,0.8958593973972084,0.1719381536621833,0.038446539951444626,0.999125,0.002132340263653991,0.0004768057780690148,final_voter_base_coarse_v1
voter,rho_4,0,600,20,0.8983919461781633,0.19822857753465065,0.04432525744505665,0.99975,0.0010897247358851695,0.00024366985862022433,final_voter_base_coarse_v1
voter,rho_4,0,650,20,0.919004337770555,0.15484244561963956,0.03462382342078286,0.999375,0.0019162137145944782,0.00042847841252506336,final_voter_base_coarse_v1
voter,rho_4,0,700,20,0.9226582579553586,0.14490617990752078,0.032402006863303065,0.99975,0.0010897247358851695,0.00024366985862022433,final_voter_base_coarse_v1
voter,rho_4,0,750,20,0.9220906854244465,0.14361244908873344,0.032112719857763566,0.998875,0.003911121961790495,0.0008745534574855883,final_voter_base_coarse_v1
voter,rho_4,0,800,20,0.9419610012990682,0.1370481056200138,0.030644888035392177,0.99975,0.0010897247358851695,0.00024366985862022433,final_voter_base_coarse_v1
voter,rho_4,0,850,20,0.950960187780384,0.12874851666057643,0.02878904352553131,0.998875,0.003911121961790495,0.0008745534574855883,final_voter_base_coarse_v1
voter,rho_4,0,900,20,0.9658366594891152,0.10438349010975756,0.023340857961409486,0.99975,0.0010897247358851695,0.00024366985862022433,final_voter_base_coarse_v1
voter,rho_4,0,950,20,0.9665534643459048,0.1008420110064187,0.022548959159813416,0.99975,0.0010897247358851695,0.00024366985862022433,final_voter_base_coarse_v1
voter,rho_4,0,1000,20,0.9677569694992245,0.10016001079732284,0.022396459276992676,0.99975,0.0010897247358851695,0.00024366985862022433,final_voter_base_coarse_v1
voter,rho_4,0,1050,20,0.9673332633857588,0.10920290825818439,0.024418512620597344,0.99975,0.0010897247358851695,0.00024366985862022433,final_voter_base_coarse_v1
voter,rho_4,0,1100,20,0.9888507173420388,0.02376473707810905,0.005313956757406157,0.99975,0.0010897247358851695,0.00024366985862022433,final_voter_base_coarse_v1
voter,rho_4,0,1150,20,0.9837461981011367,0.04924151339652467,0.011010737126959571,0.99975,0.0010897247358851695,0.00024366985862022433,final_voter_base_coarse_v1
voter,rho_4,0,1200,20,0.9941964519755839,0.016415163313500448,0.003670542103074769,0.99975,0.0010897247358851695,0.00024366985862022433,final_voter_base_coarse_v1
voter,rho_4,0,1250,20,0.9954187794142895,0.014512436144547202,0.0032450793738332505,0.99975,0.0010897247358851695,0.00024366985862022433,final_voter_base_coarse_v1
voter,rho_4,0,1300,20,0.9954631941251939,0.014969832134635735,0.0033473562264806286,0.99975,0.0010897247358851695,0.00024366985862022433,final_voter_base_coarse_v1
voter,rho_4,0,1350,20,0.9973841402384274,0.010638516756025344,0.0023788446646243215,0.99975,0.0010897247358851695,0.00024366985862022433,final_voter_base_coarse_v1
voter,rho_4,0,1400,20,0.996816918530682,0.01387473045381385,0.003102484046421427,0.99975,0.0010897247358851695,0.00024366985862022433,final_voter_base_coarse_v1
voter,rho_4,0,1450,20,0.9970490325238138,0.012862969014370762,0.002876247310860649,0.99975,0.0010897247358851695,0.00024366985862022433,final_voter_base_coarse_v1
voter,rho_4,0,1500,20,0.9968277086793933,0.013827697285995791,0.003091967110377594,0.99975,0.0010897247358851695,0.00024366985862022433,final_voter_base_coarse_v1
voter,rho_4,0,1550,20,0.9967426688312188,0.014198377390362941,0.00317485370150476,0.99975,0.0010897247358851695,0.00024366985862022433,final_voter_base_coarse_v1
voter,rho_4,0,1600,20,0.9970912950212188,0.012678751059080964,0.0028350549237902488,0.99975,0.0010897247358851695,0.00024366985862022433,final_voter_base_coarse_v1
voter,rho_4,0,1650,20,0.9969300072545609,0.01338178813477155,0.00299225879298493,0.99975,0.0010897247358851695,0.00024366985862022433,final_voter_base_coarse_v1
voter,rho_4,0,1700,20,0.9967844487868508,0.0140162627858966,0.0031341316379765376,0.99975,0.0010897247358851695,0.00024366985862022433,final_voter_base_coarse_v1
voter,rho_4,0,1750,20,0.9968333556566644,0.01380308268273442,0.0030864631177644325,0.99975,0.0010897247358851695,0.00024366985862022433,final_voter_base_coarse_v1
voter,rho_4,0,1800,20,0.9978779639696219,0.009249740610969897,0.0020683048780369127,0.99975,0.0010897247358851695,0.00024366985862022433,final_voter_base_coarse_v1
voter,rho_4,0,1850,20,0.9997518264326712,0.0010817635004438156,0.00024188967225704955,0.99975,0.0010897247358851695,0.00024366985862022433,final_voter_base_coarse_v1
voter,rho_4,0,1900,20,0.9996310917155272,0.001608033931451406,0.0003595673180851581,0.99975,0.0010897247358851695,0.00024366985862022433,final_voter_base_coarse_v1
voter,rho_4,0,1950,20,0.9999999999999998,4.829977387554284e-15,1.0800157768358224e-15,0.99975,0.0010897247358851695,0.00024366985862022433,final_voter_base_coarse_v1
voter,rho_4,0,2000,20,0.9999999999999998,4.829977387554284e-15,1.0800157768358224e-15,0.99975,0.0010897247358851695,0.00024366985862022433,final_voter_base_coarse_v1
voter,rho_4,0,2050,20,0.9999999999999998,4.829977387554284e-15,1.0800157768358224e-15,0.99975,0.0010897247358851695,0.00024366985862022433,final_voter_base_coarse_v1
voter,rho_4,0,2100,20,0.9999999999999998,4.829977387554284e-15,1.0800157768358224e-15,0.99975,0.0010897247358851695,0.00024366985862022433,final_voter_base_coarse_v1
voter,rho_4,0,2150,20,0.9999999999999998,4.829977387554284e-15,1.0800157768358224e-15,0.99975,0.0010897247358851695,0.00024366985862022433,final_voter_base_coarse_v1
voter,rho_4,0,2200,20,0.9999999999999998,4.829977387554284e-15,1.0800157768358224e-15,0.99975,0.0010897247358851695,0.00024366985862022433,final_voter_base_coarse_v1
voter,rho_4,0,2250,20,0.9999999999999998,4.829977387554284e-15,1.0800157768358224e-15,0.99975,0.0010897247358851695,0.00024366985862022433,final_voter_base_coarse_v1
voter,rho_4,0,2300,20,0.9999999999999998,4.829977387554284e-15,1.0800157768358224e-15,0.99975,0.0010897247358851695,0.00024366985862022433,final_voter_base_coarse_v1
voter,rho_4,0,2350,20,0.9999999999999998,4.829977387554284e-15,1.0800157768358224e-15,0.99975,0.0010897247358851695,0.00024366985862022433,final_voter_base_coarse_v1
voter,rho_4,0,2400,20,0.9999999999999998,4.829977387554284e-15,1.0800157768358224e-15,0.99975,0.0010897247358851695,0.00024366985862022433,final_voter_base_coarse_v1
voter,rho_4,0,2450,20,0.9999999999999998,4.829977387554284e-15,1.0800157768358224e-15,0.99975,0.0010897247358851695,0.00024366985862022433,final_voter_base_coarse_v1
voter,rho_4,0,2500,20,0.9999999999999998,4.829977387554284e-15,1.0800157768358224e-15,0.99975,0.0010897247358851695,0.00024366985862022433,final_voter_base_coarse_v1
voter,rho_4,0,2550,20,0.9999999999999998,4.829977387554284e-15,1.0800157768358224e-15,0.99975,0.0010897247358851695,0.00024366985862022433,final_voter_base_coarse_v1
voter,rho_4,0,2600,20,0.9999999999999998,4.829977387554284e-15,1.0800157768358224e-15,0.99975,0.0010897247358851695,0.00024366985862022433,final_voter_base_coarse_v1
voter,rho_4,0,2650,20,0.9999999999999998,4.829977387554284e-15,1.0800157768358224e-15,0.99975,0.0010897247358851695,0.00024366985862022433,final_voter_base_coarse_v1
voter,rho_4,0,2700,20,0.9999999999999998,4.829977387554284e-15,1.0800157768358224e-15,0.99975,0.0010897247358851695,0.00024366985862022433,final_voter_base_coarse_v1
voter,rho_4,0,2750,20,0.9999999999999998,4.829977387554284e-15,1.0800157768358224e-15,0.99975,0.0010897247358851695,0.00024366985862022433,final_voter_base_coarse_v1
voter,rho_4,0,2800,20,0.9999999999999998,4.829977387554284e-15,1.0800157768358224e-15,0.99975,0.0010897247358851695,0.00024366985862022433,final_voter_base_coarse_v1
voter,rho_4,0,2850,20,0.9999999999999998,4.829977387554284e-15,1.0800157768358224e-15,0.99975,0.0010897247358851695,0.00024366985862022433,final_voter_base_coarse_v1
voter,rho_4,0,2900,20,0.9999999999999998,4.829977387554284e-15,1.0800157768358224e-15,0.99975,0.0010897247358851695,0.00024366985862022433,final_voter_base_coarse_v1
voter,rho_4,0,2950,20,0.9999999999999998,4.829977387554284e-15,1.0800157768358224e-15,0.99975,0.0010897247358851695,0.00024366985862022433,final_voter_base_coarse_v1
voter,rho_4,0,3000,20,0.9999999999999998,4.829977387554284e-15,1.0800157768358224e-15,0.99975,0.0010897247358851695,0.00024366985862022433,final_voter_base_coarse_v1
voter,rho_4,0.050000000000000003,0,20,0.04306842346527392,0.017461911765451515,0.0039046021724652947,1.0,0.0,0.0,final_fine_grid_steps3000_R20_v1
voter,rho_4,0.050000000000000003,50,20,0.30629403611897427,0.1316468805650371,0.029437137396921886,1.0,0.0,0.0,final_fine_grid_steps3000_R20_v1
voter,rho_4,0.050000000000000003,100,20,0.39956924822624373,0.21625469127853827,0.04835601901520425,1.0,0.0,0.0,final_fine_grid_steps3000_R20_v1
voter,rho_4,0.050000000000000003,150,20,0.4985855575462005,0.22524363077723175,0.0503660069916754,1.0,0.0,0.0,final_fine_grid_steps3000_R20_v1
voter,rho_4,0.050000000000000003,200,20,0.560681653795557,0.22046658922011567,0.049297828026370095,1.0,0.0,0.0,final_fine_grid_steps3000_R20_v1
voter,rho_4,0.050000000000000003,250,20,0.5911490779826917,0.26179121073834427,0.058538294312291066,1.0,0.0,0.0,final_fine_grid_steps3000_R20_v1
voter,rho_4,0.050000000000000003,300,20,0.6577420150132357,0.22828174241100582,0.051045349405310574,1.0,0.0,0.0,final_fine_grid_steps3000_R20_v1
voter,rho_4,0.050000000000000003,350,20,0.6372799561270289,0.26680699769175964,0.0596598583711404,0.99975,0.0010897247358851695,0.00024366985862022433,final_fine_grid_steps3000_R20_v1
voter,rho_4,0.050000000000000003,400,20,0.6938145847610484,0.2518752856823295,0.05632102606378682,0.999125,0.0038140365755980807,0.0008528445051707823,final_fine_grid_steps3000_R20_v1
voter,rho_4,0.050000000000000003,450,20,0.7261550380826229,0.2531722571088044,0.0566110376912341,0.999125,0.0038140365755980807,0.0008528445051707823,final_fine_grid_steps3000_R20_v1
voter,rho_4,0.050000000000000003,500,20,0.7600708072918776,0.27011061926475227,0.06039857061205503,0.998875,0.003911121961790495,0.0008745534574855883,final_fine_grid_steps3000_R20_v1
voter,rho_4,0.050000000000000003,550,20,0.796510014791721,0.24831492125757224,0.05552490437594391,0.9971249999999999,0.007385585623361225,0.0016514671507480857,final_fine_grid_steps3000_R20_v1
voter,rho_4,0.050000000000000003,600,20,0.8205583802013663,0.23003083261851867,0.05143645786558837,0.9973750000000001,0.007394043210585127,0.0016533583247439136,final_fine_grid_steps3000_R20_v1
voter,rho_4,0.050000000000000003,650,20,0.825857347298429,0.21216172497994837,0.04744080392787797,0.99825,0.006571719714047464,0.0014694812009685607,final_fine_grid_steps3000_R20_v1
voter,rho_4,0.050000000000000003,700,20,0.8359580567205931,0.26211340545089373,0.058610339240216226,0.994375,0.020704392649870215,0.00462964293979568,final_fine_grid_steps3000_R20_v1
voter,rho_4,0.050000000000000003,750,20,0.8601723987303105,0.2320016111589192,0.05187713734408171,0.9956250000000001,0.011881577125954283,0.0026568014133540353,final_fine_grid_steps3000_R20_v1
voter,rho_4,0.050000000000000003,800,20,0.8526475122364345,0.23221393980080537,0.051924615471764475,0.99925,0.0017853571071357141,0.00039921798556678313,final_fine_grid_steps3000_R20_v1
voter,rho_4,0.050000000000000003,850,20,0.8893460721510349,0.1874215724836904,0.04190873765234358,0.999,0.003391164991562637,0.0007582875444051557,final_fine_grid_steps3000_R20_v1
voter,rho_4,0.050000000000000003,900,20,0.9077994400014202,0.13620252485801357,0.03045581042896232,0.999,0.003391164991562637,0.0007582875444051557,final_fine_grid_steps3000_R20_v1
voter,rho_4,0.050000000000000003,950,20,0.930938997358474,0.12422239295978883,0.027776971498577913,0.999375,0.0015562374497485895,0.0003479852726768759,final_fine_grid_steps3000_R20_v1
voter,rho_4,0.050000000000000003,1000,20,0.937529824549264,0.08672019394527854,0.019391224868360847,0.999375,0.0015562374497485895,0.0003479852726768759,final_fine_grid_steps3000_R20_v1
voter,rho_4,0.050000000000000003,1050,20,0.9291542888054541,0.1410008187253832,0.03152874155530821,0.99925,0.0017853571071357141,0.00039921798556678313,final_fine_grid_steps3000_R20_v1
voter,rho_4,0.050000000000000003,1100,20,0.9373059634279757,0.14184940571596955,0.03171849137488551,0.9964999999999999,0.0130479883506999,0.002917618892179034,final_fine_grid_steps3000_R20_v1
voter,rho_4,0.050000000000000003,1150,20,0.9310697522047112,0.14172894326185034,0.03169155515127081,0.999375,0.0019162137145944782,0.00042847841252506336,final_fine_grid_steps3000_R20_v1
voter,rho_4,0.050000000000000003,1200,20,0.92454030984917,0.1751316224741931,0.03916062128621256,0.999625,0.001634587103827742,0.0003655047879303338,final_fine_grid_steps3000_R20_v1
voter,rho_4,0.050000000000000003,1250,20,0.939241877861719,0.11869571668173068,0.026541169113840555,1.0,0.0,0.0,final_fine_grid_steps3000_R20_v1
voter,rho_4,0.050000000000000003,1300,20,0.9451378812484379,0.0784438180872704,0.017540570965776412,1.0,0.0,0.0,final_fine_grid_steps3000_R20_v1
voter,rho_4,0.050000000000000003,1350,20,0.9439063076285592,0.061078136905531544,0.013657486605980717,1.0,0.0,0.0,final_fine_grid_steps3000_R20_v1
voter,rho_4,0.050000000000000003,1400,20,0.9507122146429487,0.04561914076721066,0.010200749983061494,1.0,0.0,0.0,final_fine_grid_steps3000_R20_v1
voter,rho_4,0.050000000000000003,1450,20,0.9550180041766136,0.0413276182418544,0.009241136373694678,1.0,0.0,0.0,final_fine_grid_steps3000_R20_v1
voter,rho_4,0.050000000000000003,1500,20,0.9555538762519665,0.04522821900722481,0.010113337220140272,0.99975,0.0010897247358851695,0.00024366985862022433,final_fine_grid_steps3000_R20_v1
voter,rho_4,0.050000000000000003,1550,20,0.9555097476243306,0.04620402969986215,0.010331535124331097,1.0,0.0,0.0,final_fine_grid_steps3000_R20_v1
voter,rho_4,0.050000000000000003,1600,20,0.9563972739049887,0.038586933096291104,0.008628300544654334,1.0,0.0,0.0,final_fine_grid_steps3000_R20_v1
voter,rho_4,0.050000000000000003,1650,20,0.9653288176736259,0.015847077374034353,0.003543514225303967,1.0,0.0,0.0,final_fine_grid_steps3000_R20_v1
voter,rho_4,0.050000000000000003,1700,20,0.9672896209272002,0.019823596760752443,0.00443269099155871,1.0,0.0,0.0,final_fine_grid_steps3000_R20_v1
voter,rho_4,0.050000000000000003,1750,20,0.9667242567822791,0.01723361088185175,0.003853552542960061,1.0,0.0,0.0,final_fine_grid_steps3000_R20_v1
voter,rho_4,0.050000000000000003,1800,20,0.9605462124592442,0.02177588656966418,0.004869236264009382,1.0,0.0,0.0,final_fine_grid_steps3000_R20_v1
voter,rho_4,0.050000000000000003,1850,20,0.9597208219521679,0.029102123196758225,0.006507432575752488,1.0,0.0,0.0,final_fine_grid_steps3000_R20_v1
voter,rho_4,0.050000000000000003,1900,20,0.9660715126705159,0.016737387879318274,0.0037425937063936703,0.99975,0.0010897247358851695,0.00024366985862022433,final_fine_grid_steps3000_R20_v1
voter,rho_4,0.050000000000000003,1950,20,0.9680689718042933,0.017719797181414598,0.003962267104515221,0.99975,0.0010897247358851695,0.00024366985862022433,final_fine_grid_steps3000_R20_v1
voter,rho_4,0.050000000000000003,2000,20,0.9650636339735754,0.027431732869893338,0.00613392194376969,0.9994999999999999,0.002179449471770339,0.00048733971724044866,final_fine_grid_steps3000_R20_v1
voter,rho_4,0.050000000000000003,2050,20,0.9657638102845514,0.02985768667012667,0.006676381704529257,0.9994999999999999,0.002179449471770339,0.00048733971724044866,final_fine_grid_steps3000_R20_v1
voter,rho_4,0.050000000000000003,2100,20,0.9573682837140289,0.054119944135174104,0.012101587402474035,0.9994999999999999,0.002179449471770339,0.00048733971724044866,final_fine_grid_steps3000_R20_v1
voter,rho_4,0.050000000000000003,2150,20,0.9580359387513446,0.03309552814056649,0.007400385067356388,0.9994999999999999,0.002179449471770339,0.00048733971724044866,final_fine_grid_steps3000_R20_v1
voter,rho_4,0.050000000000000003,2200,20,0.9608375298499213,0.028823065449182166,0.006445033366429683,1.0,0.0,0.0,final_fine_grid_steps3000_R20_v1
voter,rho_4,0.050000000000000003,2250,20,0.963929555897123,0.028353476759752506,0.006340030143326707,1.0,0.0,0.0,final_fine_grid_steps3000_R20_v1
voter,rho_4,0.050000000000000003,2300,20,0.9650065768774139,0.025622451759391707,0.005729354388420894,1.0,0.0,0.0,final_fine_grid_steps3000_R20_v1
voter,rho_4,0.050000000000000003,2350,20,0.9670339237134165,0.02724528754844181,0.006092231502484447,1.0,0.0,0.0,final_fine_grid_steps3000_R20_v1
voter,rho_4,0.050000000000000003,2400,20,0.9614873325122797,0.02962975008410894,0.0066254135344397695,1.0,0.0,0.0,final_fine_grid_steps3000_R20_v1
voter,rho_4,0.050000000000000003,2450,20,0.9563150858620743,0.03618845148053444,0.008091983751092791,0.9994999999999999,0.002179449471770339,0.00048733971724044866,final_fine_grid_steps3000_R20_v1
voter,rho_4,0.050000000000000003,2500,20,0.9603441258285571,0.02296605624558194,0.005135366294020481,0.9994999999999999,0.002179449471770339,0.00048733971724044866,final_fine_grid_steps3000_R20_v1
voter,rho_4,0.050000000000000003,2550,20,0.9591139559211481,0.0240657336978582,0.005381261647681832,1.0,0.0,0.0,final_fine_grid_steps3000_R20_v1
voter,rho_4,0.050000000000000003,2600,20,0.9578823018607745,0.029105168010155093,0.0065081134167259075,0.9994999999999999,0.002179449471770339,0.00048733971724044866,final_fine_grid_steps3000_R20_v1
voter,rho_4,0.050000000000000003,2650,20,0.9536508646797156,0.026326254774786118,0.005886729526940017,0.9994999999999999,0.002179449471770339,0.00048733971724044866,final_fine_grid_steps3000_R20_v1
voter,rho_4,0.050000000000000003,2700,20,0.9594434169650394,0.02645609934830947,0.005915763656230785,0.99925,0.0023848480035423662,0.000533268225192539,final_fine_grid_steps3000_R20_v1
voter,rho_4,0.050000000000000003,2750,20,0.9655607966579272,0.027377124778134653,0.006121711203240293,0.99975,0.0010897247358851695,0.00024366985862022433,final_fine_grid_steps3000_R20_v1
voter,rho_4,0.050000000000000003,2800,20,0.9631481826468116,0.023388604371058448,0.00522985092725354,0.999625,0.0011924240017711781,0.0002666341125962684,final_fine_grid_steps3000_R20_v1
voter,rho_4,0.050000000000000003,2850,20,0.967714601553417,0.019644021215972546,0.004392536679036269,0.99975,0.0010897247358851695,0.00024366985862022433,final_fine_grid_steps3000_R20_v1
voter,rho_4,0.050000000000000003,2900,20,0.9667631297071683,0.023142418604728984,0.005174802116392984,0.999375,0.0019162137145944782,0.00042847841252506336,final_fine_grid_steps3000_R20_v1
voter,rho_4,0.050000000000000003,2950,20,0.9669059646718845,0.022142045600029935,0.004951111912256705,0.999625,0.001634587103827742,0.0003655047879303338,final_fine_grid_steps3000_R20_v1
voter,rho_4,0.050000000000000003,3000,20,0.9662339406613045,0.025978714651601773,0.0058090171929051325,0.999625,0.001634587103827742,0.0003655047879303338,final_fine_grid_steps3000_R20_v1
voter,rho_4,0.10000000000000001,0,20,0.0474213469147179,0.026925676568097228,0.006020764314643864,1.0,0.0,0.0,final_fine_grid_steps3000_R20_v1
voter,rho_4,0.10000000000000001,50,20,0.24906070984067852,0.10481470312523986,0.023437280122949596,1.0,0.0,0.0,final_fine_grid_steps3000_R20_v1
voter,rho_4,0.10000000000000001,100,20,0.3750303951230146,0.15452575581238107,0.03455300942710173,1.0,0.0,0.0,final_fine_grid_steps3000_R20_v1
voter,rho_4,0.10000000000000001,150,20,0.4094544097941605,0.20128744819959657,0.04500924171917656,1.0,0.0,0.0,final_fine_grid_steps3000_R20_v1
voter,rho_4,0.10000000000000001,200,20,0.5333512617912405,0.26182326751177487,0.05854546242474408,1.0,0.0,0.0,final_fine_grid_steps3000_R20_v1
voter,rho_4,0.10000000000000001,250,20,0.54442458342144,0.2602115539240826,0.05818507231051007,0.9994999999999999,0.0015000000000000013,0.0003354101966249687,final_fine_grid_steps3000_R20_v1
voter,rho_4,0.10000000000000001,300,20,0.594709515383194,0.28512200498118967,0.06375521850189737,1.0,0.0,0.0,final_fine_grid_steps3000_R20_v1
voter,rho_4,0.10000000000000001,350,20,0.6164916091673643,0.2580220347551482,0.05769548094053246,0.999625,0.0011924240017711781,0.0002666341125962684,final_fine_grid_steps3000_R20_v1
voter,rho_4,0.10000000000000001,400,20,0.6905786611033011,0.23176103128082165,0.05182334204793723,1.0,0.0,0.0,final_fine_grid_steps3000_R20_v1
voter,rho_4,0.10000000000000001,450,20,0.6392211855609147,0.2651739835329712,0.059294705304413345,0.99975,0.0010897247358851695,0.00024366985862022433,final_fine_grid_steps3000_R20_v1
voter,rho_4,0.10000000000000001,500,20,0.675075407359812,0.25402478680700324,0.0568016691270351,0.999125,0.0038140365755980807,0.0008528445051707823,final_fine_grid_steps3000_R20_v1
voter,rho_4,0.10000000000000001,550,20,0.7067303742608765,0.21221407292296868,0.04745250928378554,0.9994999999999999,0.0015000000000000013,0.0003354101966249687,final_fine_grid_steps3000_R20_v1
voter,rho_4,0.10000000000000001,600,20,0.7986200385191496,0.1583603900309274,0.03541045970525337,0.997875,0.0030898017735770666,0.0006909006802717734,final_fine_grid_steps3000_R20_v1
voter,rho_4,0.10000000000000001,650,20,0.819078512979534,0.12736869664921877,0.028480506391320284,0.99925,0.0017853571071357141,0.00039921798556678313,final_fine_grid_steps3000_R20_v1
voter,rho_4,0.10000000000000001,700,20,0.8213245086065362,0.1357428244053055,0.030353018282808054,0.998875,0.0030078023538789834,0.0006725650526157285,final_fine_grid_steps3000_R20_v1
voter,rho_4,0.10000000000000001,750,20,0.8125617076710452,0.15266699308696008,0.03413737744629332,0.99975,0.0010897247358851695,0.00024366985862022433,final_fine_grid_steps3000_R20_v1
voter,rho_4,0.10000000000000001,800,20,0.7794269826496767,0.17503806075564138,0.03913970024993523,0.99975,0.0010897247358851695,0.00024366985862022433,final_fine_grid_steps3000_R20_v1
voter,rho_4,0.10000000000000001,850,20,0.7790126216974691,0.1897020588063281,0.042418669896261224,0.9977499999999999,0.007454025757937779,0.0016667708300783265,final_fine_grid_steps3000_R20_v1
voter,rho_4,0.10000000000000001,900,20,0.7812841356292657,0.16971882352490758,0.03795028264629838,0.999125,0.0028804296554507196,0.0006440836513994107,final_fine_grid_steps3000_R20_v1
voter,rho_4,0.10000000000000001,950,20,0.7709886615566439,0.20612951614746286,0.04609196102748675,0.99975,0.0010897247358851695,0.00024366985862022433,final_fine_grid_steps3000_R20_v1
voter,rho_4,0.10000000000000001,1000,20,0.7711426427115202,0.1841396086272131,0.04117486822406552,0.999375,0.0019162137145944782,0.00042847841252506336,final_fine_grid_steps3000_R20_v1
voter,rho_4,0.10000000000000001,1050,20,0.8313057859963232,0.125288229749786,0.028015299850113296,0.999875,0.0005448623679425726,0.00012183492931010944,final_fine_grid_steps3000_R20_v1
voter,rho_4,0.10000000000000001,1100,20,0.8314180296763881,0.1545441093707403,0.03455711340751376,0.999875,0.0005448623679425726,0.00012183492931010944,final_fine_grid_steps3000_R20_v1
voter,rho_4,0.10000000000000001,1150,20,0.8539118297466459,0.16955858175779634,0.037914451497888836,0.99825,0.006571719714047464,0.0014694812009685607,final_fine_grid_steps3000_R20_v1
voter,rho_4,0.10000000000000001,1200,20,0.8608507416146052,0.1315259574951994,0.029410098176501382,0.998,0.006595452979136465,0.0014747881203752639,final_fine_grid_steps3000_R20_v1
voter,rho_4,0.10000000000000001,1250,20,0.8556964543188753,0.13285162271269077,0.029706525930673158,0.997875,0.006580036094125934,0.0014713408000867792,final_fine_grid_steps3000_R20_v1
voter,rho_4,0.10000000000000001,1300,20,0.8973196035700374,0.0787537390365195,0.01760987139679364,0.99825,0.006571719714047464,0.0014694812009685607,final_fine_grid_steps3000_R20_v1
voter,rho_4,0.10000000000000001,1350,20,0.9067575815977593,0.07976898999886349,0.017836888413395962,0.997875,0.005660995937112123,0.0012658371735732833,final_fine_grid_steps3000_R20_v1
voter,rho_4,0.10000000000000001,1400,20,0.8969010888690292,0.11805926924029446,0.026398855139524835,0.996875,0.005802747194217575,0.0012975337182516671,final_fine_grid_steps3000_R20_v1
voter,rho_4,0.10000000000000001,1450,20,0.884260830525054,0.1284040912284089,0.028712027657580675,0.9984999999999999,0.004500000000000004,0.0010062305898749062,final_fine_grid_steps3000_R20_v1
voter,rho_4,0.10000000000000001,1500,20,0.8656524314361379,0.1540938459818361,0.03445643145297683,0.99975,0.0010897247358851695,0.00024366985862022433,final_fine_grid_steps3000_R20_v1
voter,rho_4,0.10000000000000001,1550,20,0.8570203369137248,0.13928718793154288,0.03114556206097182,0.99875,0.004437059837324716,0.0009921567416492222,final_fine_grid_steps3000_R20_v1
voter,rho_4,0.10000000000000001,1600,20,0.8473534062275567,0.16753939523935246,0.03746294766643967,0.99975,0.0010897247358851695,0.00024366985862022433,final_fine_grid_steps3000_R20_v1
voter,rho_4,0.10000000000000001,1650,20,0.8511370914857537,0.15967615732006119,0.03570467421536074,0.999,0.003391164991562637,0.0007582875444051557,final_fine_grid_steps3000_R20_v1
voter,rho_4,0.10000000000000001,1700,20,0.8557305613896636,0.12433942530959702,0.027803140727551676,0.998,0.007648529270389184,0.0017102631376487085,final_fine_grid_steps3000_R20_v1
voter,rho_4,0.10000000000000001,1750,20,0.8303780917522751,0.15017594308387872,0.03358036173206922,0.9974999999999999,0.0076648548583779525,0.0017139136501002625,final_fine_grid_steps3000_R20_v1
voter,rho_4,0.10000000000000001,1800,20,0.8740551713709539,0.0989286911991066,0.022121127844628753,0.9974999999999999,0.0076648548583779525,0.0017139136501002625,final_fine_grid_steps3000_R20_v1
voter,rho_4,0.10000000000000001,1850,20,0.85786462622063,0.12000872664676263,0.02683476706753516,0.998625,0.003990222424878084,0.0008922408587371443,final_fine_grid_steps3000_R20_v1
voter,rho_4,0.10000000000000001,1900,20,0.8784550813835873,0.0702450866458886,0.01570727888255696,1.0,0.0,0.0,final_fine_grid_steps3000_R20_v1
voter,rho_4,0.10000000000000001,1950,20,0.861827193940836,0.09302012571652271,0.02079993243777211,1.0,0.0,0.0,final_fine_grid_steps3000_R20_v1
voter,rho_4,0.10000000000000001,2000,20,0.8615840867479558,0.09728986858840627,0.02175467596856979,0.999125,0.0028804296554507196,0.0006440836513994107,final_fine_grid_steps3000_R20_v1
voter,rho_4,0.10000000000000001,2050,20,0.872804912494173,0.07977005051115202,0.017837125551152775,0.999375,0.0019162137145944782,0.00042847841252506336,final_fine_grid_steps3000_R20_v1
voter,rho_4,0.10000000000000001,2100,20,0.8654573445545756,0.10316558293316339,0.023068525637694546,0.99975,0.0010897247358851695,0.00024366985862022433,final_fine_grid_steps3000_R20_v1
voter,rho_4,0.10000000000000001,2150,20,0.8504044228900236,0.11441780154031717,0.025584598208022932,0.9981249999999999,0.005638871784319982,0.0012608900626145012,final_fine_grid_steps3000_R20_v1
voter,rho_4,0.10000000000000001,2200,20,0.8428655183941464,0.13086668764002676,0.029262680955333135,0.9977499999999999,0.00575,0.001285739087062379,final_fine_grid_steps3000_R20_v1
voter,rho_4,0.10000000000000001,2250,20,0.8445413666408298,0.12420466238980934,0.027773006822602517,0.99875,0.00321130814466627,0.0007180703308172508,final_fine_grid_steps3000_R20_v1
voter,rho_4,0.10000000000000001,2300,20,0.8366770097855198,0.1250771865338237,0.027968109152405104,0.999125,0.002132340263653991,0.0004768057780690148,final_fine_grid_steps3000_R20_v1
voter,rho_4,0.10000000000000001,2350,20,0.8388914363643328,0.1445281348651279,0.032317473421968335,0.999625,0.001634587103827742,0.0003655047879303338,final_fine_grid_steps3000_R20_v1
voter,rho_4,0.10000000000000001,2400,20,0.8105677870765124,0.18574029691755845,0.041532793006865534,0.998375,0.005605521831194668,0.0012534327863910379,final_fine_grid_steps3000_R20_v1
voter,rho_4,0.10000000000000001,2450,20,0.816107768672107,0.13305207498153504,0.02975134842061114,0.9957499999999999,0.01389919062391765,0.003107953506730758,final_fine_grid_steps3000_R20_v1
voter,rho_4,0.10000000000000001,2500,20,0.8198143671232506,0.12004889500789581,0.02684374898613902,0.9945,0.01388794441233116,0.003105438777371084,final_fine_grid_steps3000_R20_v1
voter,rho_4,0.10000000000000001,2550,20,0.8236672893123813,0.13894020379109645,0.031067974048456563,0.9970000000000001,0.013076696830622032,0.0029240383034426914,final_fine_grid_steps3000_R20_v1
voter,rho_4,0.10000000000000001,2600,20,0.8543090292753425,0.11662339111011376,0.026077783028875902,0.998875,0.002792288487961081,0.0006243746871871079,final_fine_grid_steps3000_R20_v1
voter,rho_4,0.10000000000000001,2650,20,0.8627507167023986,0.10627787566192978,0.023764455448434543,0.997625,0.0058882828566569415,0.001316660073823157,final_fine_grid_steps3000_R20_v1
voter,rho_4,0.10000000000000001,2700,20,0.8582976832074858,0.12888541753386237,0.028819655491415956,0.99825,0.003269174207655508,0.0007310095758606729,final_fine_grid_steps3000_R20_v1
voter,rho_4,0.10000000000000001,2750,20,0.8342370984730069,0.1313109690078318,0.029362025289288,0.998,0.004847679857416333,0.0010839741694339408,final_fine_grid_steps3000_R20_v1
voter,rho_4,0.10000000000000001,2800,20,0.8414418341722498,0.11858173756158308,0.02651568260777399,0.9994999999999999,0.0015000000000000013,0.0003354101966249687,final_fine_grid_steps3000_R20_v1
voter,rho_4,0.10000000000000001,2850,20,0.8587935086036275,0.07495384625347859,0.016760189539784604,0.998625,0.003990222424878084,0.0008922408587371443,final_fine_grid_steps3000_R20_v1
voter,rho_4,0.10000000000000001,2900,20,0.8744068606777992,0.07858206953813983,0.017571484929989615,0.9945,0.021192569452522746,0.004738802591372636,final_fine_grid_steps3000_R20_v1
voter,rho_4,0.10000000000000001,2950,20,0.8713466513981004,0.07448760612608472,0.01665593507791552,0.993375,0.023281900158706986,0.005205991140023196,final_fine_grid_steps3000_R20_v1
voter,rho_4,0.10000000000000001,3000,20,0.8666307359870407,0.07212369898749003,0.016127349372476046,0.9882500000000001,0.02569168153313442,0.005744834636436457,final_fine_grid_steps3000_R20_v1
voter,rho_4,0.14999999999999999,0,20,0.03919509741564687,0.01964841865841158,0.004393519977058351,1.0,0.0,0.0,final_fine_grid_steps3000_R20_v1
voter,rho_4,0.14999999999999999,50,20,0.3068933684383372,0.0969281310896353,0.021673789004843527,1.0,0.0,0.0,final_fine_grid_steps3000_R20_v1
voter,rho_4,0.14999999999999999,100,20,0.3825775703595027,0.20792584772857198,0.04649363298003572,1.0,0.0,0.0,final_fine_grid_steps3000_R20_v1
voter,rho_4,0.14999999999999999,150,20,0.4906086819644564,0.2460014973311534,0.05500760705991921,1.0,0.0,0.0,final_fine_grid_steps3000_R20_v1
voter,rho_4,0.14999999999999999,200,20,0.5542428989249556,0.25096528210124336,0.05611754307707914,1.0,0.0,0.0,final_fine_grid_steps3000_R20_v1
voter,rho_4,0.14999999999999999,250,20,0.5819087098173074,0.2778626719612078,0.062131982291498536,1.0,0.0,0.0,final_fine_grid_steps3000_R20_v1
voter,rho_4,0.14999999999999999,300,20,0.5946340637913134,0.2629726940366,0.058802482009209116,0.99975,0.0010897247358851695,0.00024366985862022433,final_fine_grid_steps3000_R20_v1
voter,rho_4,0.14999999999999999,350,20,0.5929910823216022,0.2783979644794036,0.06225167733735183,0.999125,0.0028804296554507196,0.0006440836513994107,final_fine_grid_steps3000_R20_v1
voter,rho_4,0.14999999999999999,400,20,0.6112126385593715,0.24223857881640082,0.05416619290064127,0.999375,0.0027243118397129113,0.0006091746465505581,final_fine_grid_steps3000_R20_v1
voter,rho_4,0.14999999999999999,450,20,0.6373586685646787,0.2099378990538597,0.04694354133379191,0.999375,0.0027243118397129113,0.0006091746465505581,final_fine_grid_steps3000_R20_v1
voter,rho_4,0.14999999999999999,500,20,0.626816812645602,0.2045621468443287,0.0457414865967213,0.99875,0.003749999999999987,0.0008385254915624182,final_fine_grid_steps3000_R20_v1
voter,rho_4,0.14999999999999999,550,20,0.6415472358799776,0.1826075368130476,0.04083228655177697,0.999375,0.0027243118397129113,0.0006091746465505581,final_fine_grid_steps3000_R20_v1
voter,rho_4,0.14999999999999999,600,20,0.617790637617102,0.1841165564650881,0.041169713603911536,0.998875,0.0035772720053135446,0.0007999023377888075,final_fine_grid_steps3000_R20_v1
voter,rho_4,0.14999999999999999,650,20,0.6544839250545281,0.18320478329417403,0.040965834924889095,0.99925,0.0022499999999999855,0.0005031152949374494,final_fine_grid_steps3000_R20_v1
voter,rho_4,0.14999999999999999,700,20,0.6163337667096853,0.2118987995395904,0.04738201201211253,0.9973750000000001,0.00527227417724078,0.0011789163456327157,final_fine_grid_steps3000_R20_v1
voter,rho_4,0.14999999999999999,750,20,0.6499915066689596,0.19863776022724394,0.04441675347664215,0.9977499999999999,0.005178078794301991,0.0011578536176909402,final_fine_grid_steps3000_R20_v1
voter,rho_4,0.14999999999999999,800,20,0.619405498382242,0.22363384931081598,0.0500060489128929,0.9984999999999999,0.0027838821814149947,0.000622494979899433,final_fine_grid_steps3000_R20_v1
voter,rho_4,0.14999999999999999,850,20,0.6597337787952879,0.2288172111597907,0.05116508385752155,0.9977499999999999,0.00505593710403917,0.0011305419054595009,final_fine_grid_steps3000_R20_v1
voter,rho_4,0.14999999999999999,900,20,0.6324586177840271,0.2937547266064189,0.06568555374038187,0.9981249999999999,0.00552692274235854,0.001235857495830325,final_fine_grid_steps3000_R20_v1
voter,rho_4,0.14999999999999999,950,20,0.700178054411004,0.2219467665909718,0.04962880574836922,0.999125,0.002132340263653991,0.0004768057780690148,final_fine_grid_steps3000_R20_v1
voter,rho_4,0.14999999999999999,1000,20,0.67672998339735,0.20830935881530036,0.046579388666040666,0.99925,0.0017853571071357141,0.00039921798556678313,final_fine_grid_steps3000_R20_v1
voter,rho_4,0.14999999999999999,1050,20,0.7139520714011931,0.19730072631573603,0.04411778360520674,0.99825,0.004190763653560048,0.0009370832406995646,final_fine_grid_steps3000_R20_v1
voter,rho_4,0.14999999999999999,1100,20,0.7141401556749052,0.15484898300134606,0.034625285223771916,0.996875,0.006840824146256068,0.001529654781315053,final_fine_grid_steps3000_R20_v1
voter,rho_4,0.14999999999999999,1150,20,0.7334619030343659,0.1372955050965374,0.030700208240102646,0.996875,0.006561011736005357,0.001467086824288188,final_fine_grid_steps3000_R20_v1
voter,rho_4,0.14999999999999999,1200,20,0.751273698138193,0.14143106529760355,0.0316249476135653,0.9973750000000001,0.005993486047368427,0.0013401842224112326,final_fine_grid_steps3000_R20_v1
voter,rho_4,0.14999999999999999,1250,20,0.7576046995975554,0.15611963282293656,0.03490941116143935,0.99925,0.0017853571071357141,0.00039921798556678313,final_fine_grid_steps3000_R20_v1
voter,rho_4,0.14999999999999999,1300,20,0.7464691796774896,0.170274084919256,0.038074442868602815,0.99875,0.0026809513236909044,0.0005994789404140904,final_fine_grid_steps3000_R20_v1
voter,rho_4,0.14999999999999999,1350,20,0.7405562311443126,0.17296100590542254,0.038675256666126735,0.9942500000000001,0.014407029534223906,0.0032215097392371784,final_fine_grid_steps3000_R20_v1
voter,rho_4,0.14999999999999999,1400,20,0.7373881630325277,0.1835523119585216,0.04104354469665018,0.9966250000000001,0.008488043060682472,0.0018979841279631378,final_fine_grid_steps3000_R20_v1
voter,rho_4,0.14999999999999999,1450,20,0.7575871435056878,0.15330495596858176,0.034280030283336094,0.9964999999999999,0.010937321427113686,0.002445659420279121,final_fine_grid_steps3000_R20_v1
voter,rho_4,0.14999999999999999,1500,20,0.7533816104194846,0.1392199859614832,0.031130535243644283,0.999375,0.0019162137145944782,0.00042847841252506336,final_fine_grid_steps3000_R20_v1
voter,rho_4,0.14999999999999999,1550,20,0.7835532098915913,0.12686124334725032,0.028367036383459467,0.9981249999999999,0.004021426985536338,0.0008992184106211315,final_fine_grid_steps3000_R20_v1
voter,rho_4,0.14999999999999999,1600,20,0.825814488860346,0.08121376414757749,0.01815994973426185,0.9960000000000001,0.010012492197250398,0.002238861317723812,final_fine_grid_steps3000_R20_v1
voter,rho_4,0.14999999999999999,1650,20,0.8054982355796838,0.09810211648729987,0.021936300120220537,0.999125,0.002132340263653991,0.0004768057780690148,final_fine_grid_steps3000_R20_v1
voter,rho_4,0.14999999999999999,1700,20,0.8092918917326581,0.105888378542694,0.02367736124486939,0.996875,0.012521855892797999,0.0027999720980752645,final_fine_grid_steps3000_R20_v1
voter,rho_4,0.14999999999999999,1750,20,0.8075962737636173,0.13474764978132564,0.03013049047193788,0.9956250000000001,0.012768980969521412,0.0028552309451251047,final_fine_grid_steps3000_R20_v1
voter,rho_4,0.14999999999999999,1800,20,0.8088794592664146,0.11546913816812676,0.025819684224724696,0.999,0.0024238399287081517,0.0005419870847169671,final_fine_grid_steps3000_R20_v1
voter,rho_4,0.14999999999999999,1850,20,0.7949756152909038,0.10058318183115711,0.022491083196768905,0.998375,0.0042037929302000555,0.0009399966755260352,final_fine_grid_steps3000_R20_v1
voter,rho_4,0.14999999999999999,1900,20,0.791684284607926,0.12725766552193363,0.028455679076497483,0.9971249999999999,0.005435703726289727,0.001215460303753274,final_fine_grid_steps3000_R20_v1
voter,rho_4,0.14999999999999999,1950,20,0.7789723243167117,0.14825473141577886,0.033150765743165514,0.9967499999999999,0.007249999999999995,0.0016211492836873463,final_fine_grid_steps3000_R20_v1
voter,rho_4,0.14999999999999999,2000,20,0.7886016723106636,0.10986031994430692,0.02456551434253462,0.998625,0.0036635877224382098,0.0008192031188905468,final_fine_grid_steps3000_R20_v1
voter,rho_4,0.14999999999999999,2050,20,0.7739585386888178,0.11846302032148855,0.026489136625878738,0.997875,0.004695409992748238,0.0010499255926016853,final_fine_grid_steps3000_R20_v1
voter,rho_4,0.14999999999999999,2100,20,0.7899959284586471,0.09629410399709479,0.021532016236993815,0.9957499999999999,0.009290452088031016,0.002077408241054221,final_fine_grid_steps3000_R20_v1
voter,rho_4,0.14999999999999999,2150,20,0.7952063836047156,0.10758960395985231,0.02405776681265103,0.9973750000000001,0.006683702192647421,0.0014945212444124028,final_fine_grid_steps3000_R20_v1
voter,rho_4,0.14999999999999999,2200,20,0.7236175112441169,0.18904153604386525,0.04227097251650593,0.9971249999999999,0.006859072459159471,0.0015337352281277225,final_fine_grid_steps3000_R20_v1
voter,rho_4,0.14999999999999999,2250,20,0.6952873415256,0.23048226134676025,0.05153740039792281,0.9962500000000001,0.007520804478245655,0.001681703005884212,final_fine_grid_steps3000_R20_v1
voter,rho_4,0.14999999999999999,2300,20,0.7230866405027421,0.17373852188073624,0.03884911452356608,0.9971249999999999,0.005877658972754372,0.0013142845011640358,final_fine_grid_steps3000_R20_v1
voter,rho_4,0.14999999999999999,2350,20,0.7308372154997114,0.18521358560661355,0.04141501677728645,0.9953749999999999,0.008414087888773202,0.0018814472487954567,final_fine_grid_steps3000_R20_v1
voter,rho_4,0.14999999999999999,2400,20,0.7474756643310643,0.16858159190727892,0.03769598992598041,0.99025,0.02395177446453603,0.005355779588444618,final_fine_grid_steps3000_R20_v1
voter,rho_4,0.14999999999999999,2450,20,0.7508656915117439,0.1836559613626901,0.041066721408005,0.993125,0.014955663642914677,0.003344188055417936,final_fine_grid_steps3000_R20_v1
voter,rho_4,0.14999999999999999,2500,20,0.7280377655496546,0.19135287778931045,0.04278780424271078,0.9967499999999999,0.005973901572674246,0.0013358050007392513,final_fine_grid_steps3000_R20_v1
voter,rho_4,0.14999999999999999,2550,20,0.7578466926614527,0.18083044912641202,0.04043491766484747,0.993125,0.013735788109897444,0.0030714155938264035,final_fine_grid_steps3000_R20_v1
voter,rho_4,0.14999999999999999,2600,20,0.7534878124700658,0.1732436205376277,0.03873845121903142,0.99375,0.013750000000000002,0.003074593469062211,final_fine_grid_steps3000_R20_v1
voter,rho_4,0.14999999999999999,2650,20,0.7806393615550026,0.15233865067875532,0.034063957851829134,0.9973750000000001,0.004435298749802544,0.000991762950507832,final_fine_grid_steps3000_R20_v1
voter,rho_4,0.14999999999999999,2700,20,0.8006604053019208,0.13555683606888091,0.030311430026481307,0.9966250000000001,0.005435703726289721,0.0012154603037532726,final_fine_grid_steps3000_R20_v1
voter,rho_4,0.14999999999999999,2750,20,0.7931144535162706,0.12141710025866509,0.027149688980928243,0.9960000000000001,0.010289557813628343,0.0023008150729687087,final_fine_grid_steps3000_R20_v1
voter,rho_4,0.14999999999999999,2800,20,0.7854682846080121,0.13354045568938294,0.02986055366677588,0.992375,0.013310592586357679,0.002976338984390051,final_fine_grid_steps3000_R20_v1
voter,rho_4,0.14999999999999999,2850,20,0.7713797479242708,0.16427700490620398,0.03673345501103385,0.99375,0.013240562676865361,0.002960679820581753,final_fine_grid_steps3000_R20_v1
voter,rho_4,0.14999999999999999,2900,20,0.8052113496620666,0.12514975396536523,0.027984335723393053,0.9963749999999999,0.010108010437272014,0.0022602198455017597,final_fine_grid_steps3000_R20_v1
voter,rho_4,0.14999999999999999,2950,20,0.7929002422924794,0.1331416521892822,0.029771378493186867,0.9964999999999999,0.009598176910226228,0.002146217603133474,final_fine_grid_steps3000_R20_v1
voter,rho_4,0.14999999999999999,3000,20,0.7913065723226764,0.12836115372440268,0.02870242653980647,0.998625,0.004292071178347343,0.0009597362919052282,final_fine_grid_steps3000_R20_v1
voter,rho_4,0.20000000000000001,0,20,0.051303950831680975,0.021120542333575316,0.004722696837953644,1.0,0.0,0.0,final_fine_grid_steps3000_R20_v1
voter,rho_4,0.20000000000000001,50,20,0.2890565068001375,0.12396152394966624,0.02771863941459219,1.0,0.0,0.0,final_fine_grid_steps3000_R20_v1
voter,rho_4,0.20000000000000001,100,20,0.35203012922829896,0.15095719182293035,0.03375505426085477,1.0,0.0,0.0,final_fine_grid_steps3000_R20_v1
voter,rho_4,0.20000000000000001,150,20,0.3956410032576791,0.1838101627373181,0.04110120188359421,0.99975,0.0010897247358851695,0.00024366985862022433,final_fine_grid_steps3000_R20_v1
voter,rho_4,0.20000000000000001,200,20,0.48698841233899126,0.2280837660983185,0.051001080556000215,1.0,0.0,0.0,final_fine_grid_steps3000_R20_v1
voter,rho_4,0.20000000000000001,250,20,0.48767796482705084,0.22239673906388965,0.04972942265211402,1.0,0.0,0.0,final_fine_grid_steps3000_R20_v1
voter,rho_4,0.20000000000000001,300,20,0.5449688478509288,0.19028894296792465,0.042549901184286004,0.999625,0.001634587103827742,0.0003655047879303338,final_fine_grid_steps3000_R20_v1
voter,rho_4,0.20000000000000001,350,20,0.5664458627310788,0.17249217393745417,0.038570422651086504,0.999375,0.0019162137145944782,0.00042847841252506336,final_fine_grid_steps3000_R20_v1
voter,rho_4,0.20000000000000001,400,20,0.5475057462027277,0.19025512824366672,0.0425423399820779,0.999625,0.001634587103827742,0.0003655047879303338,final_fine_grid_steps3000_R20_v1
voter,rho_4,0.20000000000000001,450,20,0.5205813466230153,0.19251784480000536,0.043048298785456636,0.998375,0.004052391269361831,0.0009061422349719715,final_fine_grid_steps3000_R20_v1
voter,rho_4,0.20000000000000001,500,20,0.5212408181581136,0.18954699427154165,0.04238399641219303,0.9956250000000001,0.01418350714738776,0.003171528614091316,final_fine_grid_steps3000_R20_v1
voter,rho_4,0.20000000000000001,550,20,0.5463905694965125,0.20727241703831345,0.04634752143583545,0.9967499999999999,0.010985786271359925,0.002456496488904474,final_fine_grid_steps3000_R20_v1
voter,rho_4,0.20000000000000001,600,20,0.5282211877630989,0.22808421161940942,0.05100118017754468,0.999625,0.001634587103827742,0.0003655047879303338,final_fine_grid_steps3000_R20_v1
voter,rho_4,0.20000000000000001,650,20,0.5238344211322177,0.2273586221890482,0.05083893344854038,0.996875,0.01092231088186013,0.0024423029603224925,final_fine_grid_steps3000_R20_v1
voter,rho_4,0.20000000000000001,700,20,0.5643903820527713,0.22697387638339211,0.050752901670989885,0.999125,0.002132340263653991,0.0004768057780690148,final_fine_grid_steps3000_R20_v1
voter,rho_4,0.20000000000000001,750,20,0.5998520363363252,0.21611795658303942,0.04832544420780243,0.998875,0.0026780356607035514,0.0005988269783501703,final_fine_grid_steps3000_R20_v1
voter,rho_4,0.20000000000000001,800,20,0.6563271875519787,0.17489770014603018,0.03910831466348984,0.998375,0.003974528273896146,0.0008887315398926685,final_fine_grid_steps3000_R20_v1
voter,rho_4,0.20000000000000001,850,20,0.6583117498742295,0.16657098831083003,0.037246405294233884,1.0,0.0,0.0,final_fine_grid_steps3000_R20_v1
voter,rho_4,0.20000000000000001,900,20,0.6771470598437386,0.14814063882572798,0.033125253864457235,1.0,0.0,0.0,final_fine_grid_steps3000_R20_v1
voter,rho_4,0.20000000000000001,950,20,0.6697326292409597,0.1342129230984553,0.030010921950709778,0.9974999999999999,0.006754628043053141,0.00151038074669932,final_fine_grid_steps3000_R20_v1
voter,rho_4,0.20000000000000001,1000,20,0.6512884800379967,0.17495674707232595,0.03912151795759581,0.998875,0.0026780356607035514,0.0005988269783501703,final_fine_grid_steps3000_R20_v1
voter,rho_4,0.20000000000000001,1050,20,0.6655075686987255,0.1467357975968921,0.0328111218159301,0.998625,0.0033980693047670307,0.000759831395771453,final_fine_grid_steps3000_R20_v1
voter,rho_4,0.20000000000000001,1100,20,0.7225997814638547,0.15056324773699234,0.033666965685305625,0.9960000000000001,0.00933407735129724,0.0020871631464741813,final_fine_grid_steps3000_R20_v1
voter,rho_4,0.20000000000000001,1150,20,0.7389090070820339,0.13010634275089739,0.02909266266948935,0.9966250000000001,0.008597783144508818,0.0019225227566923612,final_fine_grid_steps3000_R20_v1
voter,rho_4,0.20000000000000001,1200,20,0.7118412163528371,0.1250513223178446,0.027962325737893708,0.9949999999999999,0.009253377761660873,0.0020691181696558558,final_fine_grid_steps3000_R20_v1
voter,rho_4,0.20000000000000001,1250,20,0.6879454035535522,0.14856086361409457,0.03321921898371905,0.999125,0.002132340263653991,0.0004768057780690148,final_fine_grid_steps3000_R20_v1
voter,rho_4,0.20000000000000001,1300,20,0.6725453604600506,0.16801954858121665,0.03757031321764288,0.994375,0.011092649593311783,0.002480391854123054,final_fine_grid_steps3000_R20_v1
voter,rho_4,0.20000000000000001,1350,20,0.666336304875947,0.20310688054200945,0.045416079158986246,0.9961249999999999,0.009099278817576705,0.002034660598232542,final_fine_grid_steps3000_R20_v1
voter,rho_4,0.20000000000000001,1400,20,0.645802653866578,0.19865534877096214,0.044420686394580064,0.9956250000000001,0.009147233188237859,0.002045383521494198,final_fine_grid_steps3000_R20_v1
voter,rho_4,0.20000000000000001,1450,20,0.6158617494217139,0.20567499266201061,0.04599032648640261,0.99725,0.008019507466172722,0.00179321638404293,final_fine_grid_steps3000_R20_v1
voter,rho_4,0.20000000000000001,1500,20,0.5843851099171709,0.220977714379025,0.04941211908640326,0.997625,0.007724757277740193,0.0017273082382713294,final_fine_grid_steps3000_R20_v1
voter,rho_4,0.20000000000000001,1550,20,0.6554082035494194,0.1707872352022009,0.03818918676013663,0.997625,0.007724757277740193,0.0017273082382713294,final_fine_grid_steps3000_R20_v1
voter,rho_4,0.20000000000000001,1600,20,0.65468765629386,0.16236755925273674,0.03630648998298443,0.9958750000000001,0.008451146371942676,0.0018897337775464543,final_fine_grid_steps3000_R20_v1
voter,rho_4,0.20000000000000001,1650,20,0.6242578796122672,0.17393658403595355,0.038893402567849684,0.999375,0.0019162137145944782,0.00042847841252506336,final_fine_grid_steps3000_R20_v1
voter,rho_4,0.20000000000000001,1700,20,0.6387148515727356,0.18301644672474868,0.040923721587700676,0.999375,0.0019162137145944782,0.00042847841252506336,final_fine_grid_steps3000_R20_v1
voter,rho_4,0.20000000000000001,1750,20,0.6250511422438264,0.24128747343582077,0.053953519272166996,0.998875,0.002792288487961081,0.0006243746871871079,final_fine_grid_steps3000_R20_v1
voter,rho_4,0.20000000000000001,1800,20,0.6339507910063436,0.20988942831186916,0.046932702946390834,0.998875,0.002792288487961081,0.0006243746871871079,final_fine_grid_steps3000_R20_v1
voter,rho_4,0.20000000000000001,1850,20,0.6263511856451487,0.18892669881940027,0.04224529413248083,0.9974999999999999,0.00506211418282914,0.0011319231422671756,final_fine_grid_steps3000_R20_v1
voter,rho_4,0.20000000000000001,1900,20,0.5999781405386236,0.2435961738549342,0.054469760379848985,0.997875,0.003814036575598089,0.0008528445051707842,final_fine_grid_steps3000_R20_v1
voter,rho_4,0.20000000000000001,1950,20,0.5670378589447012,0.24600255035642668,0.05500784252352851,0.9964999999999999,0.005777110004145666,0.00129180106827638,final_fine_grid_steps3000_R20_v1
voter,rho_4,0.20000000000000001,2000,20,0.63683114352132,0.17439941305681114,0.03899689428310941,0.9970000000000001,0.006919176251549014,0.001547174844676578,final_fine_grid_steps3000_R20_v1
voter,rho_4,0.20000000000000001,2050,20,0.6380198973992026,0.15126200922846406,0.03382321350480461,0.996875,0.005583177858531812,0.0012484365222148837,final_fine_grid_steps3000_R20_v1
voter,rho_4,0.20000000000000001,2100,20,0.6240463770784834,0.16346908272609237,0.036552798119507915,0.9971249999999999,0.004695409992748233,0.0010499255926016843,final_fine_grid_steps3000_R20_v1
voter,rho_4,0.20000000000000001,2150,20,0.6123494461327897,0.18654534920786667,0.04171280817152264,0.993,0.016556720689798448,0.0037021952946866537,final_fine_grid_steps3000_R20_v1
voter,rho_4,0.20000000000000001,2200,20,0.6098002040128659,0.20991631113547085,0.046938714128490884,0.993625,0.011550838714136745,0.002582846056194602,final_fine_grid_steps3000_R20_v1
voter,rho_4,0.20000000000000001,2250,20,0.6056505194983507,0.18799848391924642,0.042037738971033606,0.993625,0.011053138694506647,0.0024715569485650145,final_fine_grid_steps3000_R20_v1
voter,rho_4,0.20000000000000001,2300,20,0.6586451885890329,0.16487194153522652,0.03686648688551375,0.9956250000000001,0.007240295228787289,0.001618979230873577,final_fine_grid_steps3000_R20_v1
voter,rho_4,0.20000000000000001,2350,20,0.6140824377693538,0.17651367731495246,0.03946965814346962,0.9962500000000001,0.00792543374207367,0.0017721808598447262,final_fine_grid_steps3000_R20_v1
voter,rho_4,0.20000000000000001,2400,20,0.5638525125736462,0.23426697991010692,0.05238368919625766,0.9970000000000001,0.005396758286230719,0.0012067518386147153,final_fine_grid_steps3000_R20_v1
voter,rho_4,0.20000000000000001,2450,20,0.6187883524542406,0.16301040268801176,0.03645023414500087,0.9970000000000001,0.005623610939600989,0.0012574776339959275,final_fine_grid_steps3000_R20_v1
voter,rho_4,0.20000000000000001,2500,20,0.6487588289162911,0.16116236855125926,0.036037001149549,0.9952500000000001,0.009113863066779089,0.0020379217354942747,final_fine_grid_steps3000_R20_v1
voter,rho_4,0.20000000000000001,2550,20,0.6338437051074989,0.19637896126364726,0.043911670673631324,0.9973750000000001,0.006493987603930268,0.001452099772742906,final_fine_grid_steps3000_R20_v1
voter,rho_4,0.20000000000000001,2600,20,0.6270312205485262,0.19565058620701725,0.04374880105965733,0.997875,0.004421184795956843,0.0009886069744848038,final_fine_grid_steps3000_R20_v1
voter,rho_4,0.20000000000000001,2650,20,0.6415258432292771,0.1835263288367257,0.04103773469398986,0.9984999999999999,0.004286607049870554,0.000958514475634039,final_fine_grid_steps3000_R20_v1
voter,rho_4,0.20000000000000001,2700,20,0.5838997232303618,0.2410629651647738,0.0539033176966098,0.99725,0.007537406715840658,0.0016854153790683152,final_fine_grid_steps3000_R20_v1
voter,rho_4,0.20000000000000001,2750,20,0.6096689895636827,0.22568737154277074,0.0504652304432887,0.987125,0.04691265154518554,0.010489987785979541,final_fine_grid_steps3000_R20_v1
voter,rho_4,0.20000000000000001,2800,20,0.6069032938142735,0.21754540771089015,0.04864463198344573,0.9971249999999999,0.008706140074682922,0.001946752102862611,final_fine_grid_steps3000_R20_v1
voter,rho_4,0.20000000000000001,2850,20,0.6064823857773474,0.23597198663273683,0.05276494028964712,0.999,0.004358898943540678,0.0009746794344808973,final_fine_grid_steps3000_R20_v1
voter,rho_4,0.20000000000000001,2900,20,0.6052305245376256,0.23740631490122613,0.05308566584068629,0.999,0.004358898943540678,0.0009746794344808973,final_fine_grid_steps3000_R20_v1
voter,rho_4,0.20000000000000001,2950,20,0.5890629804552544,0.2103141680936046,0.04702767764886172,1.0,0.0,0.0,final_fine_grid_steps3000_R20_v1
voter,rho_4,0.20000000000000001,3000,20,0.6219542758138594,0.17552277047423756,0.039248084637948814,0.999375,0.0027243118397129113,0.0006091746465505581,final_fine_grid_steps3000_R20_v1
voter,rho_4,0.29999999999999999,0,20,0.043540327969825744,0.02297220255865449,0.005136740651404604,1.0,0.0,0.0,final_fine_grid_steps3000_R20_v1
voter,rho_4,0.29999999999999999,50,20,0.27144097277882034,0.11891905013775506,0.026591107992772603,1.0,0.0,0.0,final_fine_grid_steps3000_R20_v1
voter,rho_4,0.29999999999999999,100,20,0.38212300495074125,0.1511984256153124,0.0338089957766784,1.0,0.0,0.0,final_fine_grid_steps3000_R20_v1
voter,rho_4,0.29999999999999999,150,20,0.34071552536296584,0.15765765971304938,0.03525332442919084,1.0,0.0,0.0,final_fine_grid_steps3000_R20_v1
voter,rho_4,0.29999999999999999,200,20,0.41332132260576204,0.1415421153508634,0.031649779160364704,1.0,0.0,0.0,final_fine_grid_steps3000_R20_v1
voter,rho_4,0.29999999999999999,250,20,0.4333639599644773,0.15800271803676721,0.03533048181599436,1.0,0.0,0.0,final_fine_grid_steps3000_R20_v1
voter,rho_4,0.29999999999999999,300,20,0.4911180517684687,0.12904560082098043,0.028855473563301492,0.99925,0.003269174207655508,0.0007310095758606729,final_fine_grid_steps3000_R20_v1
voter,rho_4,0.29999999999999999,350,20,0.43860148054040754,0.15342068534015812,0.0343059081575199,1.0,0.0,0.0,final_fine_grid_steps3000_R20_v1
voter,rho_4,0.29999999999999999,400,20,0.4269434228031493,0.20344651036175973,0.04549202269540101,1.0,0.0,0.0,final_fine_grid_steps3000_R20_v1
voter,rho_4,0.29999999999999999,450,20,0.42847356784336704,0.1639769690952095,0.03666636496412706,1.0,0.0,0.0,final_fine_grid_steps3000_R20_v1
voter,rho_4,0.29999999999999999,500,20,0.4762784973130064,0.16095391949193877,0.035990390522900345,1.0,0.0,0.0,final_fine_grid_steps3000_R20_v1
voter,rho_4,0.29999999999999999,550,20,0.5063166920370454,0.1740069692633714,0.038909141183161494,0.999375,0.0027243118397129113,0.0006091746465505581,final_fine_grid_steps3000_R20_v1
voter,rho_4,0.29999999999999999,600,20,0.48297536548078995,0.14263534142070766,0.03189423194105937,0.999125,0.0028804296554507196,0.0006440836513994107,final_fine_grid_steps3000_R20_v1
voter,rho_4,0.29999999999999999,650,20,0.5069904816867481,0.21282101527763475,0.04758822572013126,0.998875,0.0033980693047670403,0.0007598313957714552,final_fine_grid_steps3000_R20_v1
voter,rho_4,0.29999999999999999,700,20,0.5129705471371231,0.1626877623333376,0.03637808956846726,0.999375,0.0027243118397129113,0.0006091746465505581,final_fine_grid_steps3000_R20_v1
voter,rho_4,0.29999999999999999,750,20,0.4877155384824812,0.19847830868884928,0.04438109902874541,1.0,0.0,0.0,final_fine_grid_steps3000_R20_v1
voter,rho_4,0.29999999999999999,800,20,0.5375474400486586,0.18496991791870634,0.04136053102587838,0.9994999999999999,0.002179449471770339,0.00048733971724044866,final_fine_grid_steps3000_R20_v1
voter,rho_4,0.29999999999999999,850,20,0.5287960161817508,0.1727416648999249,0.038626210526272145,0.9994999999999999,0.002179449471770339,0.00048733971724044866,final_fine_grid_steps3000_R20_v1
voter,rho_4,0.29999999999999999,900,20,0.5063574617037465,0.13942571011836538,0.031176536563584524,1.0,0.0,0.0,final_fine_grid_steps3000_R20_v1
voter,rho_4,0.29999999999999999,950,20,0.47514051059829177,0.15970410670343133,0.035710923887475224,0.999,0.003102418411497701,0.0006937218462755774,final_fine_grid_steps3000_R20_v1
voter,rho_4,0.29999999999999999,1000,20,0.4661289714182262,0.10502991564495004,0.023485403105317694,0.9994999999999999,0.002179449471770339,0.00048733971724044866,final_fine_grid_steps3000_R20_v1
voter,rho_4,0.29999999999999999,1050,20,0.3749935440078067,0.14702682798701652,0.03287619818951375,0.99975,0.0010897247358851695,0.00024366985862022433,final_fine_grid_steps3000_R20_v1
voter,rho_4,0.29999999999999999,1100,20,0.4249171396246837,0.18036452798174551,0.04033073452968459,0.9958750000000001,0.011047482744951449,0.002470292239796741,final_fine_grid_steps3000_R20_v1
voter,rho_4,0.29999999999999999,1150,20,0.48457171849293196,0.19217391887057947,0.042971394609714525,0.996875,0.010454514575053208,0.00233770052615813,final_fine_grid_steps3000_R20_v1
voter,rho_4,0.29999999999999999,1200,20,0.5331236843284006,0.19038675847206077,0.04257177339593619,0.9961249999999999,0.010737638241252121,0.002401008902524103,final_fine_grid_steps3000_R20_v1
voter,rho_4,0.29999999999999999,1250,20,0.5070328671418467,0.1779161439934604,0.03978325922640183,0.99225,0.016467771555374454,0.0036823056635754718,final_fine_grid_steps3000_R20_v1
voter,rho_4,0.29999999999999999,1300,20,0.5125821529790547,0.1875204302116663,0.04193084291232911,0.99925,0.0019525624189766532,0.00043660622991432215,final_fine_grid_steps3000_R20_v1
voter,rho_4,0.29999999999999999,1350,20,0.5305978789548826,0.1813512685495003,0.040551376428250234,0.99825,0.00447911821679222,0.0010015612812005045,final_fine_grid_steps3000_R20_v1
voter,rho_4,0.29999999999999999,1400,20,0.5048213030951004,0.18300580057862745,0.04092134103705813,0.9962500000000001,0.009536115561380318,0.002132340263653996,final_fine_grid_steps3000_R20_v1
voter,rho_4,0.29999999999999999,1450,20,0.4537635397951286,0.1805207847816079,0.04036567461232848,0.9966250000000001,0.009528739423449456,0.0021306909090715136,final_fine_grid_steps3000_R20_v1
voter,rho_4,0.29999999999999999,1500,20,0.4624919539244902,0.11625495690558361,0.025995398636219354,0.9970000000000001,0.009307255234493137,0.00208116553882674,final_fine_grid_steps3000_R20_v1
voter,rho_4,0.29999999999999999,1550,20,0.43587445620968446,0.1791110458656711,0.04005044740767232,0.9928750000000001,0.011944533268403588,0.002670878834765816,final_fine_grid_steps3000_R20_v1
voter,rho_4,0.29999999999999999,1600,20,0.4433559296191856,0.19398750376950996,0.0433769245214121,0.99825,0.004879805323985778,0.0010911576421397584,final_fine_grid_steps3000_R20_v1
voter,rho_4,0.29999999999999999,1650,20,0.4495603469783666,0.1981018859704977,0.044296928350094474,0.999,0.0024238399287081517,0.0005419870847169671,final_fine_grid_steps3000_R20_v1
voter,rho_4,0.29999999999999999,1700,20,0.44927895766326414,0.21184780166932962,0.04737060854165144,0.9961249999999999,0.006822527024497589,0.001525563420510598,final_fine_grid_steps3000_R20_v1
voter,rho_4,0.29999999999999999,1750,20,0.47933934828167474,0.1669537432993136,0.03733199191153152,0.99275,0.01939555361416632,0.004336977634251762,final_fine_grid_steps3000_R20_v1
voter,rho_4,0.29999999999999999,1800,20,0.49529595579903046,0.17247751485663348,0.038567144780966234,0.9973750000000001,0.006147916313678965,0.0013747158797366085,final_fine_grid_steps3000_R20_v1
voter,rho_4,0.29999999999999999,1850,20,0.503889555633362,0.167130278346055,0.03737146634802401,0.99475,0.008019507466172724,0.0017932163840429305,final_fine_grid_steps3000_R20_v1
voter,rho_4,0.29999999999999999,1900,20,0.4456058882086179,0.1654702533794476,0.03700027348105591,0.994375,0.013436773236160533,0.0030045538354304784,final_fine_grid_steps3000_R20_v1
voter,rho_4,0.29999999999999999,1950,20,0.4224385857387154,0.18505886600883423,0.04138042042347785,0.9970000000000001,0.00556776436283001,0.0012449899597988705,final_fine_grid_steps3000_R20_v1
voter,rho_4,0.29999999999999999,2000,20,0.419206048794169,0.1465723411758845,0.03277457184905692,0.9952500000000001,0.009283722313813561,0.002075903417791876,final_fine_grid_steps3000_R20_v1
voter,rho_4,0.29999999999999999,2050,20,0.43470896076283017,0.19082902900234125,0.04267066809295139,0.9942500000000001,0.008877640452282337,0.0019851007531105284,final_fine_grid_steps3000_R20_v1
voter,rho_4,0.29999999999999999,2100,20,0.45749442533558576,0.1838747795010233,0.04111565063120729,0.9970000000000001,0.005099019513592771,0.001140175425099135,final_fine_grid_steps3000_R20_v1
voter,rho_4,0.29999999999999999,2150,20,0.4379289582920702,0.21169887054765982,0.04733730653044955,0.9942500000000001,0.014493533040635732,0.0032408525113000715,final_fine_grid_steps3000_R20_v1
voter,rho_4,0.29999999999999999,2200,20,0.4635616444006255,0.1594198053298025,0.03564735216772216,0.9957499999999999,0.008982622111610848,0.002008575365775456,final_fine_grid_steps3000_R20_v1
voter,rho_4,0.29999999999999999,2250,20,0.4647839846176322,0.15201945863357513,0.03399258434073913,0.996875,0.00817293551913877,0.0018275239396516822,final_fine_grid_steps3000_R20_v1
voter,rho_4,0.29999999999999999,2300,20,0.46474887456833247,0.19711421994574513,0.0440760795130531,0.9963749999999999,0.012586575189462778,0.0028144437727551067,final_fine_grid_steps3000_R20_v1
voter,rho_4,0.29999999999999999,2350,20,0.4472446281830127,0.1694535009506324,0.037890954715093926,0.9966250000000001,0.008301919958660172,0.0018563657371326388,final_fine_grid_steps3000_R20_v1
voter,rho_4,0.29999999999999999,2400,20,0.4165838334224946,0.16179997795180223,0.0361795749458197,0.9956250000000001,0.009181332964226928,0.0020530084632071053,final_fine_grid_steps3000_R20_v1
voter,rho_4,0.29999999999999999,2450,20,0.4814623598733257,0.20540836520872663,0.04593070677538155,0.998375,0.0048909993866284585,0.0010936607106411009,final_fine_grid_steps3000_R20_v1
voter,rho_4,0.29999999999999999,2500,20,0.503265137994459,0.17225749152796854,0.038517946069013174,0.997875,0.006674344537106242,0.0014924288090223923,final_fine_grid_steps3000_R20_v1
voter,rho_4,0.29999999999999999,2550,20,0.5101703168367124,0.15286027235575367,0.03418059600465971,0.9964999999999999,0.008638576271585494,0.0019316443772081848,final_fine_grid_steps3000_R20_v1
voter,rho_4,0.29999999999999999,2600,20,0.5331363734647157,0.15383551066429582,0.03439866591987593,0.997875,0.003814036575598089,0.0008528445051707842,final_fine_grid_steps3000_R20_v1
voter,rho_4,0.29999999999999999,2650,20,0.5323609193307475,0.14015651772986015,0.03133995011336218,0.9949999999999999,0.009842509842514766,0.0022008521077073765,final_fine_grid_steps3000_R20_v1
voter,rho_4,0.29999999999999999,2700,20,0.5218084477119022,0.1845950355275289,0.04127670477485434,0.9946249999999999,0.008264192338032793,0.0018479295846974245,final_fine_grid_steps3000_R20_v1
voter,rho_4,0.29999999999999999,2750,20,0.46366865803346446,0.21404414674273597,0.04786172623026978,0.9938750000000001,0.009568013116629798,0.0021394727738393853,final_fine_grid_steps3000_R20_v1
voter,rho_4,0.29999999999999999,2800,20,0.47312272140694417,0.21412412482810936,0.047879609873830296,0.9948750000000001,0.008495403168773093,0.0018996298981643755,final_fine_grid_steps3000_R20_v1
voter,rho_4,0.29999999999999999,2850,20,0.495947777685679,0.18732479250499065,0.041887096991220216,0.9966250000000001,0.00520066101567867,0.0011629031558990604,final_fine_grid_steps3000_R20_v1
voter,rho_4,0.29999999999999999,2900,20,0.5184452893983291,0.1891821418931415,0.042302412940207514,0.9974999999999999,0.004401704215414747,0.0009842509842514751,final_fine_grid_steps3000_R20_v1
voter,rho_4,0.29999999999999999,2950,20,0.5096164231636163,0.20332555903206195,0.045464977155883685,0.9958750000000001,0.006674344537106235,0.0014924288090223908,final_fine_grid_steps3000_R20_v1
voter,rho_4,0.29999999999999999,3000,20,0.4927269176624215,0.19125494555932246,0.04276590593036665,0.9966250000000001,0.004695409992748231,0.0010499255926016838,final_fine_grid_steps3000_R20_v1
voter,rho_4,0.40000000000000002,0,20,0.04092787216254175,0.01718915724514283,0.003843612407607238,1.0,0.0,0.0,final_fine_grid_steps3000_R20_v1
voter,rho_4,0.40000000000000002,50,20,0.2559957114116731,0.12173758643404756,0.027221351868328653,1.0,0.0,0.0,final_fine_grid_steps3000_R20_v1
voter,rho_4,0.40000000000000002,100,20,0.3597309809954717,0.152753546407164,0.03415673135705874,1.0,0.0,0.0,final_fine_grid_steps3000_R20_v1
voter,rho_4,0.40000000000000002,150,20,0.27389891570405844,0.13222465665002697,0.029566332057102993,1.0,0.0,0.0,final_fine_grid_steps3000_R20_v1
voter,rho_4,0.40000000000000002,200,20,0.3322014359001064,0.16193419435156053,0.03620958664517518,1.0,0.0,0.0,final_fine_grid_steps3000_R20_v1
voter,rho_4,0.40000000000000002,250,20,0.38466371383447767,0.15102628001549695,0.03377050285035692,1.0,0.0,0.0,final_fine_grid_steps3000_R20_v1
voter,rho_4,0.40000000000000002,300,20,0.34400248497854513,0.1819254145843528,0.04067975938454445,1.0,0.0,0.0,final_fine_grid_steps3000_R20_v1
voter,rho_4,0.40000000000000002,350,20,0.3781267597477285,0.1564912097389675,0.034992498285750843,0.99975,0.0010897247358851695,0.00024366985862022433,final_fine_grid_steps3000_R20_v1
voter,rho_4,0.40000000000000002,400,20,0.37968261920267954,0.167164868562334,0.03737920095551964,0.999125,0.0038140365755980807,0.0008528445051707823,final_fine_grid_steps3000_R20_v1
voter,rho_4,0.40000000000000002,450,20,0.3698888579411224,0.19154788504164758,0.04283140918994391,0.99975,0.0010897247358851695,0.00024366985862022433,final_fine_grid_steps3000_R20_v1
voter,rho_4,0.40000000000000002,500,20,0.38175616467849616,0.15374096254608402,0.0343775243179293,0.999625,0.0011924240017711781,0.0002666341125962684,final_fine_grid_steps3000_R20_v1
voter,rho_4,0.40000000000000002,550,20,0.3476449108765003,0.16714342048276404,0.03737440501912911,0.999875,0.0005448623679425726,0.00012183492931010944,final_fine_grid_steps3000_R20_v1
voter,rho_4,0.40000000000000002,600,20,0.31973697686611113,0.12426433751463947,0.027786350586171113,0.9981249999999999,0.004668712349245776,0.0010439558180306294,final_fine_grid_steps3000_R20_v1
voter,rho_4,0.40000000000000002,650,20,0.4052299326258674,0.14463646655737578,0.03234169712476672,0.998375,0.005017158060097368,0.0011218706476238689,final_fine_grid_steps3000_R20_v1
voter,rho_4,0.40000000000000002,700,20,0.3858929259519793,0.1774855980397732,0.03968698622441363,0.998,0.006154266812545577,0.0013761358944522864,final_fine_grid_steps3000_R20_v1
voter,rho_4,0.40000000000000002,750,20,0.3912912113653227,0.16404218422867212,0.03668094751128547,0.9964999999999999,0.010937321427113686,0.002445659420279121,final_fine_grid_steps3000_R20_v1
voter,rho_4,0.40000000000000002,800,20,0.38582912379861817,0.15110221643767688,0.03378748275055316,0.99875,0.0027950849718747324,0.0006249999999999989,final_fine_grid_steps3000_R20_v1
voter,rho_4,0.40000000000000002,850,20,0.34619028045915623,0.15257411689554629,0.03411660969854407,0.9994999999999999,0.002179449471770339,0.00048733971724044866,final_fine_grid_steps3000_R20_v1
voter,rho_4,0.40000000000000002,900,20,0.3312686374509421,0.1554405084134657,0.03475755432696373,0.998,0.004513867521316938,0.0010093314619093153,final_fine_grid_steps3000_R20_v1
voter,rho_4,0.40000000000000002,950,20,0.35067499712120387,0.1548294490177205,0.0346209172922461,0.998625,0.00348882143423821,0.0007801241888314949,final_fine_grid_steps3000_R20_v1
voter,rho_4,0.40000000000000002,1000,20,0.3502548472512975,0.19636900345378996,0.043909444039656534,0.99925,0.0023848480035423662,0.000533268225192539,final_fine_grid_steps3000_R20_v1
voter,rho_4,0.40000000000000002,1050,20,0.38278082819281456,0.159190148340772,0.03559599930382415,0.998625,0.0033048260166005693,0.0007389815626928721,final_fine_grid_steps3000_R20_v1
voter,rho_4,0.40000000000000002,1100,20,0.3382192758005386,0.16640073981872813,0.03720833657409321,0.998875,0.0031099638261561677,0.0006954090522850529,final_fine_grid_steps3000_R20_v1
voter,rho_4,0.40000000000000002,1150,20,0.4112906349325855,0.13523501774477445,0.030239469261570597,0.99925,0.003269174207655508,0.0007310095758606729,final_fine_grid_steps3000_R20_v1
voter,rho_4,0.40000000000000002,1200,20,0.29597520540805144,0.13394269623156035,0.029950497386337385,0.997625,0.005993486047368422,0.0013401842224112315,final_fine_grid_steps3000_R20_v1
voter,rho_4,0.40000000000000002,1250,20,0.2494996974092932,0.15858955409225275,0.03546170234716571,0.9973750000000001,0.006096874199128603,0.0013633025159516144,final_fine_grid_steps3000_R20_v1
voter,rho_4,0.40000000000000002,1300,20,0.35574039962669485,0.15776762697774852,0.03527791385710754,0.99925,0.0023848480035423662,0.000533268225192539,final_fine_grid_steps3000_R20_v1
voter,rho_4,0.40000000000000002,1350,20,0.3530008522258884,0.16595347720145295,0.037108325612491035,0.998875,0.003911121961790495,0.0008745534574855883,final_fine_grid_steps3000_R20_v1
voter,rho_4,0.40000000000000002,1400,20,0.3561045581866957,0.17412448313205664,0.03893541808302941,0.997875,0.006949595311958821,0.001553976753365378,final_fine_grid_steps3000_R20_v1
voter,rho_4,0.40000000000000002,1450,20,0.35573224462950664,0.14017672422933591,0.031344468424003694,0.9962500000000001,0.006149186938124417,0.0013749999999999988,final_fine_grid_steps3000_R20_v1
voter,rho_4,0.40000000000000002,1500,20,0.41195214624770893,0.16231429970038147,0.03629458078503267,0.9981249999999999,0.004021426985536345,0.000899218410621133,final_fine_grid_steps3000_R20_v1
voter,rho_4,0.40000000000000002,1550,20,0.424647377970504,0.12126820669262606,0.02711639536742068,0.9974999999999999,0.004183300132670362,0.0009354143466934817,final_fine_grid_steps3000_R20_v1
voter,rho_4,0.40000000000000002,1600,20,0.39118484106800133,0.16374451064168855,0.036614385673725325,0.9964999999999999,0.009233092656309703,0.00206458228220626,final_fine_grid_steps3000_R20_v1
voter,rho_4,0.40000000000000002,1650,20,0.4155196602401753,0.16148811628455162,0.036109840557064815,0.995125,0.012856783229097403,0.0028748641272241045,final_fine_grid_steps3000_R20_v1
voter,rho_4,0.40000000000000002,1700,20,0.4113212144940538,0.12788442388358032,0.028595826506708322,0.9984999999999999,0.0036571847095819387,0.0008177713616898041,final_fine_grid_steps3000_R20_v1
voter,rho_4,0.40000000000000002,1750,20,0.38631944387675826,0.1536263081238737,0.034351886809730975,0.998875,0.0031099638261561677,0.0006954090522850529,final_fine_grid_steps3000_R20_v1
voter,rho_4,0.40000000000000002,1800,20,0.43733345774388993,0.1705695117331235,0.038140502312421214,0.99825,0.0039607448794386985,0.0008856494791959138,final_fine_grid_steps3000_R20_v1
voter,rho_4,0.40000000000000002,1850,20,0.45343319592749076,0.15073961250058174,0.03370640204532778,0.9973750000000001,0.006541932054064751,0.0014628204777073612,final_fine_grid_steps3000_R20_v1
voter,rho_4,0.40000000000000002,1900,20,0.3883323543910275,0.15735229856769972,0.035185043601321936,0.998625,0.003990222424878084,0.0008922408587371443,final_fine_grid_steps3000_R20_v1
voter,rho_4,0.40000000000000002,1950,20,0.4180725627343846,0.16063086119293804,0.03591815249117424,0.997625,0.005726855594477639,0.001280563840657697,final_fine_grid_steps3000_R20_v1
voter,rho_4,0.40000000000000002,2000,20,0.4226773517342769,0.13986148485645672,0.03127397875730946,0.996875,0.006465050270492875,0.001445629188277547,final_fine_grid_steps3000_R20_v1
voter,rho_4,0.40000000000000002,2050,20,0.3598038665725617,0.17735778842128808,0.039658407124902526,0.9946249999999999,0.014796008752362906,0.0033084881365965306,final_fine_grid_steps3000_R20_v1
voter,rho_4,0.40000000000000002,2100,20,0.3582223047989087,0.16495789314935086,0.03688570625070954,0.99475,0.00840014880820572,0.0018783303756261835,final_fine_grid_steps3000_R20_v1
voter,rho_4,0.40000000000000002,2150,20,0.39636225779851825,0.18955568421129473,0.042385939541793864,0.994,0.01481975033527892,0.0033137969159258963,final_fine_grid_steps3000_R20_v1
voter,rho_4,0.40000000000000002,2200,20,0.40401103863243265,0.17778412598775634,0.03975373910290101,0.994375,0.008134609701761978,0.0018189540263569071,final_fine_grid_steps3000_R20_v1
voter,rho_4,0.40000000000000002,2250,20,0.3462144637222208,0.21047967815774057,0.04706468682429856,0.99475,0.010213349107907756,0.0022837742883218574,final_fine_grid_steps3000_R20_v1
voter,rho_4,0.40000000000000002,2300,20,0.3613617259573228,0.1861803207594576,0.041631185329086245,0.9956250000000001,0.008172935519138756,0.001827523939651679,final_fine_grid_steps3000_R20_v1
voter,rho_4,0.40000000000000002,2350,20,0.34340116129066306,0.16344601117715418,0.036547639164330716,0.9977499999999999,0.00574999999999999,0.0012857390870623768,final_fine_grid_steps3000_R20_v1
voter,rho_4,0.40000000000000002,2400,20,0.41026760952029473,0.17913714854794188,0.04005628414486758,0.9958750000000001,0.008111527291453813,0.0018137926425035474,final_fine_grid_steps3000_R20_v1
voter,rho_4,0.40000000000000002,2450,20,0.3776489393475283,0.15581137789275787,0.03484048326361145,0.99125,0.02025617189895464,0.004529417732998357,final_fine_grid_steps3000_R20_v1
voter,rho_4,0.40000000000000002,2500,20,0.4072860554019163,0.17278252132102712,0.03863534629976234,0.9953749999999999,0.011409288978722561,0.00255119457313628,final_fine_grid_steps3000_R20_v1
voter,rho_4,0.40000000000000002,2550,20,0.43586311965488533,0.16098113414714116,0.035996475904802025,0.99925,0.003269174207655508,0.0007310095758606729,final_fine_grid_steps3000_R20_v1
voter,rho_4,0.40000000000000002,2600,20,0.4188965450673082,0.17385563955945785,0.03887530283266493,0.992,0.022975530461776077,0.005137484793164844,final_fine_grid_steps3000_R20_v1
voter,rho_4,0.40000000000000002,2650,20,0.38871634837980634,0.15154344888163218,0.0338861453244094,0.993,0.022494443758403992,0.005029910535983718,final_fine_grid_steps3000_R20_v1
voter,rho_4,0.40000000000000002,2700,20,0.36969984086198165,0.16899465415092535,0.037788353451553604,0.9974999999999999,0.005184110338331927,0.0011592023119369622,final_fine_grid_steps3000_R20_v1
voter,rho_4,0.40000000000000002,2750,20,0.35592327049285566,0.17029113029408396,0.03807825433028455,0.9966250000000001,0.006813360037455827,0.0015235136198931741,final_fine_grid_steps3000_R20_v1
voter,rho_4,0.40000000000000002,2800,20,0.4194463489869763,0.16405253185934884,0.0366832613118454,0.996875,0.006976523131187902,0.001559997996793583,final_fine_grid_steps3000_R20_v1
voter,rho_4,0.40000000000000002,2850,20,0.4484166501851977,0.16078084774467158,0.03595169050371294,0.999125,0.0028804296554507196,0.0006440836513994107,final_fine_grid_steps3000_R20_v1
voter,rho_4,0.40000000000000002,2900,20,0.4362321379997785,0.130682717583209,0.029221544000046236,0.9960000000000001,0.00759934207678533,0.0016992645467966423,final_fine_grid_steps3000_R20_v1
voter,rho_4,0.40000000000000002,2950,20,0.39805685730079593,0.1564045070675182,0.0349731109790317,0.99175,0.011808365678619545,0.002640430836056874,final_fine_grid_steps3000_R20_v1
voter,rho_4,0.40000000000000002,3000,20,0.3951547855188923,0.13981249680520583,0.03126302469604124,0.99125,0.012978347352417412,0.0029020466915609753,final_fine_grid_steps3000_R20_v1
voter,rho_4,0.5,0,20,0.042318889052895284,0.022056152020048077,0.00493190552388968,1.0,0.0,0.0,final_voter_base_coarse_v1
voter,rho_4,0.5,50,20,0.16599442677008247,0.09524751542131951,0.021297991917002993,1.0,0.0,0.0,final_voter_base_coarse_v1
voter,rho_4,0.5,100,20,0.255253588213691,0.12292626526135005,0.027487148534454962,0.999375,0.0027243118397129113,0.0006091746465505581,final_voter_base_coarse_v1
voter,rho_4,0.5,150,20,0.2984010265129842,0.13012350128273023,0.029096499433846585,0.99925,0.002749999999999989,0.0006149186938124397,final_voter_base_coarse_v1
voter,rho_4,0.5,200,20,0.29357753728564245,0.12231843793272246,0.027351234211915626,1.0,0.0,0.0,final_voter_base_coarse_v1
voter,rho_4,0.5,250,20,0.2674910292783325,0.11697746789532193,0.026156957004973908,1.0,0.0,0.0,final_voter_base_coarse_v1
voter,rho_4,0.5,300,20,0.25672315879854496,0.13318638871863556,0.02978138188525802,1.0,0.0,0.0,final_voter_base_coarse_v1
voter,rho_4,0.5,350,20,0.31414928222544203,0.16973328734841583,0.037953516855556285,0.998875,0.0033980693047670403,0.0007598313957714552,final_voter_base_coarse_v1
voter,rho_4,0.5,400,20,0.26200080115185276,0.08528402987845472,0.01907008882033479,0.9994999999999999,0.002179449471770339,0.00048733971724044866,final_voter_base_coarse_v1
voter,rho_4,0.5,450,20,0.2412730234072411,0.13859137893172954,0.03098997443867794,0.998875,0.002792288487961081,0.0006243746871871079,final_voter_base_coarse_v1
voter,rho_4,0.5,500,20,0.23859055284118086,0.11338525725161755,0.02535371428609178,0.998625,0.0029020466915609714,0.0006489173676208697,final_voter_base_coarse_v1
voter,rho_4,0.5,550,20,0.28334885488194506,0.15927768100622725,0.03561557220284512,0.999,0.003391164991562637,0.0007582875444051557,final_voter_base_coarse_v1
voter,rho_4,0.5,600,20,0.27199310308205604,0.13401114655697138,0.029965803344407488,1.0,0.0,0.0,final_voter_base_coarse_v1
voter,rho_4,0.5,650,20,0.29295334071713225,0.1302349789120716,0.029121426589564365,0.999625,0.001634587103827742,0.0003655047879303338,final_voter_base_coarse_v1
voter,rho_4,0.5,700,20,0.293693720580979,0.12383150849945183,0.027689567076111726,0.999625,0.001634587103827742,0.0003655047879303338,final_voter_base_coarse_v1
voter,rho_4,0.5,750,20,0.2805685899609459,0.14831639592338294,0.03316455434624569,0.998875,0.00490376131148325,0.0010965143637910067,final_voter_base_coarse_v1
voter,rho_4,0.5,800,20,0.30918478243627023,0.16457296648856237,0.03679963403272203,0.996875,0.006117342151621066,0.0013678792892649527,final_voter_base_coarse_v1
voter,rho_4,0.5,850,20,0.2878796957274918,0.15036010178030482,0.03362154086845487,0.998375,0.005260406353125197,0.0011762626194859703,final_voter_base_coarse_v1
voter,rho_4,0.5,900,20,0.3581735698909298,0.127778898834545,0.028572230388411123,0.99875,0.0038324274291889763,0.0008569568250501313,final_voter_base_coarse_v1
voter,rho_4,0.5,950,20,0.36015742942664997,0.17368696701436362,0.03883758650498807,0.998,0.004847679857416333,0.0010839741694339408,final_voter_base_coarse_v1
voter,rho_4,0.5,1000,20,0.319924351981009,0.15119302311533403,0.03380778774095839,0.996875,0.007821245105480316,0.00174888357245415,final_voter_base_coarse_v1
voter,rho_4,0.5,1050,20,0.2525028287464411,0.14277729369576997,0.03192597343471938,0.9955,0.010142731387550397,0.002267983686008345,final_voter_base_coarse_v1
voter,rho_4,0.5,1100,20,0.27072126431764443,0.12599794564649555,0.028173997149088772,0.9946250000000001,0.010070842814779695,0.002251908912456272,final_voter_base_coarse_v1
voter,rho_4,0.5,1150,20,0.24795309318357658,0.13724870259212799,0.030689742881964976,0.997625,0.005616660484665231,0.001255923465024837,final_voter_base_coarse_v1
voter,rho_4,0.5,1200,20,0.27768928548449445,0.11404903945109637,0.02550214049812068,0.99325,0.0150020831886775,0.003354567781398969,final_voter_base_coarse_v1
voter,rho_4,0.5,1250,20,0.27684000571284584,0.1646990162678759,0.03682781962023142,0.9977499999999999,0.004322904116447649,0.0009666307464590609,final_voter_base_coarse_v1
voter,rho_4,0.5,1300,20,0.294707190508798,0.14824598975620537,0.03314881104866127,0.999625,0.001634587103827742,0.0003655047879303338,final_voter_base_coarse_v1
voter,rho_4,0.5,1350,20,0.24475064707464095,0.1573998925548082,0.03519568594037142,0.998375,0.006035053852286649,0.001349479066158492,final_voter_base_coarse_v1
voter,rho_4,0.5,1400,20,0.30631222153168514,0.0989570719739883,0.022127473978817713,0.9971249999999999,0.007955933320484785,0.0017790007729059597,final_voter_base_coarse_v1
voter,rho_4,0.5,1450,20,0.2574892823407727,0.10839936085452474,0.0242388339588247,0.9960000000000001,0.00969535971483265,0.002167948338867878,final_voter_base_coarse_v1
voter,rho_4,0.5,1500,20,0.29628361342105203,0.12559739327867028,0.02808443091678819,1.0,0.0,0.0,final_voter_base_coarse_v1
voter,rho_4,0.5,1550,20,0.30695634614718187,0.12367333117641117,0.027654197551429942,0.9964999999999999,0.008038967595406761,0.0017975678012247544,final_voter_base_coarse_v1
voter,rho_4,0.5,1600,20,0.30475578377292595,0.14102487615231854,0.03153412095950732,0.9973750000000001,0.009857579571071194,0.002204221801452841,final_voter_base_coarse_v1
voter,rho_4,0.5,1650,20,0.30675514496270867,0.11362369332460488,0.025407030212840558,0.9977499999999999,0.005414101956926921,0.0012106300012803232,final_voter_base_coarse_v1
voter,rho_4,0.5,1700,20,0.25755339335555244,0.13246192382794844,0.029619386610969186,0.9956250000000001,0.010454514575053213,0.0023377005261581312,final_voter_base_coarse_v1
voter,rho_4,0.5,1750,20,0.29761044507033446,0.12559697920665983,0.028084338327471897,0.99875,0.003913118960624623,0.0008749999999999981,final_voter_base_coarse_v1
voter,rho_4,0.5,1800,20,0.29144303456718545,0.12149214148761844,0.027166468709833726,0.99875,0.003112474899497186,0.0006959705453537533,final_voter_base_coarse_v1
voter,rho_4,0.5,1850,20,0.3065705937954167,0.16287074696377846,0.03641900617571761,0.9967499999999999,0.004749999999999999,0.0010621322893124,final_voter_base_coarse_v1
voter,rho_4,0.5,1900,20,0.3211552045734093,0.11349624273142855,0.025378531393829062,0.999125,0.002132340263653991,0.0004768057780690148,final_voter_base_coarse_v1
voter,rho_4,0.5,1950,20,0.3355793760566432,0.10438877767866439,0.023342040297760627,0.9955,0.009034655499796323,0.0020202103850836916,final_voter_base_coarse_v1
voter,rho_4,0.5,2000,20,0.32900017404164644,0.12769647539931242,0.028553799947999215,0.9952500000000001,0.00832541290267335,0.001861618919113145,final_voter_base_coarse_v1
voter,rho_4,0.5,2050,20,0.2860733070398792,0.1665866954805091,0.03724991752414753,0.9971249999999999,0.00442118479595685,0.0009886069744848053,final_voter_base_coarse_v1
voter,rho_4,0.5,2100,20,0.2867383782364147,0.15533196574842587,0.03473328344921492,0.99725,0.005528336096873991,0.0012361735315076104,final_voter_base_coarse_v1
voter,rho_4,0.5,2150,20,0.28617473100338453,0.13879746974779986,0.031036057746105107,0.9973750000000001,0.00700334741391572,0.0015659960887562906,final_voter_base_coarse_v1
voter,rho_4,0.5,2200,20,0.28954157624383275,0.12147483445630188,0.027162598739982467,0.9984999999999999,0.0047696960070847325,0.001066536450385078,final_voter_base_coarse_v1
voter,rho_4,0.5,2250,20,0.25844352574054896,0.11060074218881268,0.0247310777896114,0.999,0.0030000000000000027,0.0006708203932499374,final_voter_base_coarse_v1
voter,rho_4,0.5,2300,20,0.3391094510807901,0.14600929734942864,0.03264867142203023,0.998,0.005279678020485712,0.001180571895311758,final_voter_base_coarse_v1
voter,rho_4,0.5,2350,20,0.2929225974078027,0.13814119412372264,0.03088931005536383,0.998375,0.0028804296554507136,0.0006440836513994093,final_voter_base_coarse_v1
voter,rho_4,0.5,2400,20,0.29084668117865387,0.13116340464771253,0.029329028895259707,0.998875,0.002792288487961081,0.0006243746871871079,final_voter_base_coarse_v1
voter,rho_4,0.5,2450,20,0.3186398093468621,0.11153581655769382,0.024940166774894995,0.997625,0.00639702079096199,0.0014304173342070481,final_voter_base_coarse_v1
voter,rho_4,0.5,2500,20,0.32427757816767816,0.15228619371610197,0.03405222811839053,0.99475,0.013107726728918337,0.0029309767996352357,final_voter_base_coarse_v1
voter,rho_4,0.5,2550,20,0.26351286270323404,0.12457083519465809,0.02785488555091787,0.9973750000000001,0.005212664865498263,0.0011655872983178913,final_voter_base_coarse_v1
voter,rho_4,0.5,2600,20,0.27073937659790037,0.15038031200156982,0.033626060011313755,0.9994999999999999,0.002179449471770339,0.00048733971724044866,final_voter_base_coarse_v1
voter,rho_4,0.5,2650,20,0.31639725766591487,0.14772759030736216,0.033032893407950084,0.999,0.003391164991562637,0.0007582875444051557,final_voter_base_coarse_v1
voter,rho_4,0.5,2700,20,0.3398133544929459,0.17261773622122276,0.03859849923127817,0.99375,0.018053739224880815,0.004036938815488786,final_voter_base_coarse_v1
voter,rho_4,0.5,2750,20,0.3253943845602286,0.159061736623534,0.03556728557093899,0.999,0.0024238399287081517,0.0005419870847169671,final_voter_base_coarse_v1
voter,rho_4,0.5,2800,20,0.3338253636445455,0.09316052767820665,0.02083132727082207,0.9772500000000001,0.0793563954574551,0.01774462946922251,final_voter_base_coarse_v1
voter,rho_4,0.5,2850,20,0.2801453710990645,0.11664092910492808,0.026081704643735288,0.9960000000000001,0.0054999999999999875,0.0012298373876248815,final_voter_base_coarse_v1
voter,rho_4,0.5,2900,20,0.3315970005887635,0.1639008024233556,0.03664933357853854,0.9775,0.0811903627285899,0.01815471701789923,final_voter_base_coarse_v1
voter,rho_4,0.5,2950,20,0.2858712002536879,0.1085042730525114,0.024262293039461407,0.9974999999999999,0.007158910531638169,0.0016007810593582105,final_voter_base_coarse_v1
voter,rho_4,0.5,3000,20,0.3012303907417123,0.13547291931646574,0.030292665670196173,0.9938750000000001,0.010882181536805936,0.00243332976597912,final_voter_base_coarse_v1
voter,rho_4,1,0,20,0.044049544454101294,0.02502737941111336,0.005596292166192813,1.0,0.0,0.0,final_voter_base_coarse_v1
voter,rho_4,1,50,20,0.1505994342100586,0.08996188165309232,0.02011608827601056,1.0,0.0,0.0,final_voter_base_coarse_v1
voter,rho_4,1,100,20,0.16659459622570835,0.07268198174778488,0.016252185192744597,1.0,0.0,0.0,final_voter_base_coarse_v1
voter,rho_4,1,150,20,0.16710980001135142,0.10048324686536399,0.022468737059084653,1.0,0.0,0.0,final_voter_base_coarse_v1
voter,rho_4,1,200,20,0.14313854679071542,0.06342230570452313,0.01418165868450864,1.0,0.0,0.0,final_voter_base_coarse_v1
voter,rho_4,1,250,20,0.1517316927128622,0.06763116217944803,0.015122787603055863,1.0,0.0,0.0,final_voter_base_coarse_v1
voter,rho_4,1,300,20,0.13677469149596705,0.05166708131999836,0.011553110603052589,1.0,0.0,0.0,final_voter_base_coarse_v1
voter,rho_4,1,350,20,0.13748059430903992,0.049937770771153044,0.01116642500891003,1.0,0.0,0.0,final_voter_base_coarse_v1
voter,rho_4,1,400,20,0.13542698301736572,0.08333661817265178,0.01863463432489937,1.0,0.0,0.0,final_voter_base_coarse_v1
voter,rho_4,1,450,20,0.13793201035556873,0.05595009559786494,0.012510821710443775,1.0,0.0,0.0,final_voter_base_coarse_v1
voter,rho_4,1,500,20,0.15825006367510952,0.06187343306659421,0.01383532023381879,1.0,0.0,0.0,final_voter_base_coarse_v1
voter,rho_4,1,550,20,0.1552670704227824,0.043413329070259715,0.009707515493066846,0.998875,0.00490376131148325,0.0010965143637910067,final_voter_base_coarse_v1
voter,rho_4,1,600,20,0.152024755861825,0.07825919262788553,0.017499287458020242,0.998875,0.0035772720053135446,0.0007999023377888075,final_voter_base_coarse_v1
voter,rho_4,1,650,20,0.1609584131306064,0.08563571562208097,0.019148728143281373,1.0,0.0,0.0,final_voter_base_coarse_v1
voter,rho_4,1,700,20,0.15718343211996144,0.0973085358424468,0.02175885009346858,1.0,0.0,0.0,final_voter_base_coarse_v1
voter,rho_4,1,750,20,0.1295858303563318,0.05959141420621041,0.013325045304043314,0.999875,0.0005448623679425726,0.00012183492931010944,final_voter_base_coarse_v1
voter,rho_4,1,800,20,0.14141579353867245,0.07209837764091637,0.016121687347253992,1.0,0.0,0.0,final_voter_base_coarse_v1
voter,rho_4,1,850,20,0.11732477668237654,0.07506499219855378,0.016785042528645763,0.99975,0.0010897247358851695,0.00024366985862022433,final_voter_base_coarse_v1
voter,rho_4,1,900,20,0.17707174427696912,0.0962085973310058,0.021512896365203378,1.0,0.0,0.0,final_voter_base_coarse_v1
voter,rho_4,1,950,20,0.18909096977423806,0.07372766035354698,0.01648600603725472,1.0,0.0,0.0,final_voter_base_coarse_v1
voter,rho_4,1,1000,20,0.14124774421770073,0.06096752577219093,0.013632753204658928,0.999125,0.0038140365755980807,0.0008528445051707823,final_voter_base_coarse_v1
voter,rho_4,1,1050,20,0.13881287882110566,0.06821301168796684,0.015252893108428152,1.0,0.0,0.0,final_voter_base_coarse_v1
voter,rho_4,1,1100,20,0.1429588058272708,0.07515178771185875,0.016804450595434953,0.9942500000000001,0.02506366892535887,0.005604406748265153,final_voter_base_coarse_v1
voter,rho_4,1,1150,20,0.17395162029794103,0.07139490585336392,0.015964386273531934,0.996875,0.007940206231578628,0.0017754840889177249,final_voter_base_coarse_v1
voter,rho_4,1,1200,20,0.13530219239542007,0.07577827879729235,0.01694453826086767,0.999875,0.0005448623679425726,0.00012183492931010944,final_voter_base_coarse_v1
voter,rho_4,1,1250,20,0.14316438081093952,0.07064567207526921,0.01579685250764606,0.998,0.005159941860137569,0.0011537980759214316,final_voter_base_coarse_v1
voter,rho_4,1,1300,20,0.1484511687933275,0.07747368490056597,0.017323642590506453,0.9974999999999999,0.005419870847169697,0.0012119199643540815,final_voter_base_coarse_v1
voter,rho_4,1,1350,20,0.16039610195663642,0.07783451968286621,0.01740432770069342,0.998625,0.00348882143423821,0.0007801241888314949,final_voter_base_coarse_v1
voter,rho_4,1,1400,20,0.15629717518823533,0.07620858447811693,0.01704075753621048,0.999125,0.0028804296554507196,0.0006440836513994107,final_voter_base_coarse_v1
voter,rho_4,1,1450,20,0.14269327581175245,0.07877352536025406,0.017614295753283167,0.9994999999999999,0.0015000000000000013,0.0003354101966249687,final_voter_base_coarse_v1
voter,rho_4,1,1500,20,0.14772851783092583,0.06583599337477411,0.01472137565522207,0.9981249999999999,0.005054391654788931,0.0011301963325015699,final_voter_base_coarse_v1
voter,rho_4,1,1550,20,0.16064694460222512,0.06699989468099188,0.014981631899202442,0.9994999999999999,0.0015000000000000013,0.0003354101966249687,final_voter_base_coarse_v1
voter,rho_4,1,1600,20,0.15592217192871277,0.06270397085153631,0.014021034128320056,0.9994999999999999,0.0015000000000000013,0.0003354101966249687,final_voter_base_coarse_v1
voter,rho_4,1,1650,20,0.14535017105233508,0.06931733463451098,0.015499827226186709,0.99925,0.0017853571071357141,0.00039921798556678313,final_voter_base_coarse_v1
voter,rho_4,1,1700,20,0.1423969010318762,0.07946258100234466,0.0177683732788826,0.9956250000000001,0.013272975363497074,0.0029679275176459434,final_voter_base_coarse_v1
voter,rho_4,1,1750,20,0.14599492191413282,0.08632925764859574,0.01930380885493537,0.99725,0.008287792227125381,0.001853206680324673,final_voter_base_coarse_v1
voter,rho_4,1,1800,20,0.15134743206241924,0.06928576405764555,0.015492767830590712,0.999625,0.001634587103827742,0.0003655047879303338,final_voter_base_coarse_v1
voter,rho_4,1,1850,20,0.16476742715415532,0.08239730329987768,0.01842459713411942,0.9961249999999999,0.009336587974201272,0.0020877245388221098,final_voter_base_coarse_v1
voter,rho_4,1,1900,20,0.15756987197775368,0.07956198602448844,0.017790600917564438,0.9962500000000001,0.009236476600955579,0.0020653389552322873,final_voter_base_coarse_v1
voter,rho_4,1,1950,20,0.17498895307906487,0.07215104344993459,0.01613346378015947,0.998375,0.004349928160326323,0.0009726735063730262,final_voter_base_coarse_v1
voter,rho_4,1,2000,20,0.13187062674989564,0.0706871470672652,0.01580612659779299,0.999,0.002549509756796395,0.0005700877125495695,final_voter_base_coarse_v1
voter,rho_4,1,2050,20,0.17252277260932608,0.07824886287620834,0.017496977655326155,0.999375,0.0015562374497485895,0.0003479852726768759,final_voter_base_coarse_v1
voter,rho_4,1,2100,20,0.1808267948116066,0.087887509273981,0.01965224451097647,0.9963749999999999,0.01105313869450665,0.002471556948565015,final_voter_base_coarse_v1
voter,rho_4,1,2150,20,0.13900249330568376,0.09580292936380509,0.021422186250107885,0.99975,0.0010897247358851695,0.00024366985862022433,final_voter_base_coarse_v1
voter,rho_4,1,2200,20,0.14702654535369902,0.07966235208623458,0.01781304345123427,0.9957499999999999,0.009781998773256934,0.0021873214212822056,final_voter_base_coarse_v1
voter,rho_4,1,2250,20,0.13287533816278843,0.0648910147267502,0.014510072005795337,0.998,0.005787918451395118,0.0012942179105544795,final_voter_base_coarse_v1
voter,rho_4,1,2300,20,0.13632043274559327,0.07031789548945296,0.015723559434914266,1.0,0.0,0.0,final_voter_base_coarse_v1
voter,rho_4,1,2350,20,0.1603434176833251,0.07693482273917095,0.01720314934816828,0.9984999999999999,0.005500000000000005,0.0012298373876248854,final_voter_base_coarse_v1
voter,rho_4,1,2400,20,0.15557117535193224,0.0797355662473586,0.017829414635353164,0.9984999999999999,0.006538348415311016,0.0014620191517213457,final_voter_base_coarse_v1
voter,rho_4,1,2450,20,0.1282993512267861,0.05580643568680072,0.012478698377765657,0.9994999999999999,0.0015000000000000013,0.0003354101966249687,final_voter_base_coarse_v1
voter,rho_4,1,2500,20,0.16291251788330102,0.08663360746987551,0.01937186354386752,0.999125,0.0028804296554507196,0.0006440836513994107,final_voter_base_coarse_v1
voter,rho_4,1,2550,20,0.19010155858859876,0.08064362023011376,0.01803246167862116,0.99875,0.003112474899497168,0.0006959705453537494,final_voter_base_coarse_v1
voter,rho_4,1,2600,20,0.13089306120956007,0.06862039291127961,0.015343986319236589,0.99925,0.0017853571071357141,0.00039921798556678313,final_voter_base_coarse_v1
voter,rho_4,1,2650,20,0.15154849294652753,0.06939662184578124,0.015517556385601377,0.999375,0.0019162137145944782,0.00042847841252506336,final_voter_base_coarse_v1
voter,rho_4,1,2700,20,0.16494625137117414,0.08240067005113413,0.0184253499625867,0.999625,0.001634587103827742,0.0003655047879303338,final_voter_base_coarse_v1
voter,rho_4,1,2750,20,0.15631455744041242,0.08361246783386359,0.018696316184303355,0.999125,0.0028804296554507196,0.0006440836513994107,final_voter_base_coarse_v1
voter,rho_4,1,2800,20,0.15541455054829695,0.07177939599648801,0.016050360883202344,0.99875,0.004437059837324716,0.0009921567416492222,final_voter_base_coarse_v1
voter,rho_4,1,2850,20,0.12887985489938578,0.06184714182284806,0.013829441332995851,0.9981249999999999,0.00453286609111719,0.0010135796712641791,final_voter_base_coarse_v1
voter,rho_4,1,2900,20,0.14932394054862877,0.08988904096760138,0.020099800603582015,0.99825,0.004548351349665067,0.0010170422803404003,final_voter_base_coarse_v1
voter,rho_4,1,2950,20,0.15309509413480066,0.0852375774706583,0.019059701746179655,0.998875,0.0023014940799402405,0.0005146297212559712,final_voter_base_coarse_v1
voter,rho_4,1,3000,20,0.1562456188056351,0.048186567160096595,0.010774843977233498,0.9890000000000001,0.02749318097274304,0.006147662157275723,final_voter_base_coarse_v1
voter,rho_4,2,0,20,0.04699512733851255,0.028438476571451432,0.0063590366790300555,1.0,0.0,0.0,final_voter_base_coarse_v1
voter,rho_4,2,50,20,0.06605528922552562,0.045087596722608154,0.010081893121384855,1.0,0.0,0.0,final_voter_base_coarse_v1
voter,rho_4,2,100,20,0.06540657521144065,0.03894363839791332,0.008708062274890519,1.0,0.0,0.0,final_voter_base_coarse_v1
voter,rho_4,2,150,20,0.07050146643453845,0.04376719273705455,0.009786641814438906,1.0,0.0,0.0,final_voter_base_coarse_v1
voter,rho_4,2,200,20,0.07706538584808452,0.03732564972391158,0.008346269008701255,1.0,0.0,0.0,final_voter_base_coarse_v1
voter,rho_4,2,250,20,0.07855174690423221,0.03630048995885903,0.008117036316455734,1.0,0.0,0.0,final_voter_base_coarse_v1
voter,rho_4,2,300,20,0.07535355927228779,0.03371478181118936,0.007538854397639288,1.0,0.0,0.0,final_voter_base_coarse_v1
voter,rho_4,2,350,20,0.08014282249922867,0.0480439340773195,0.010742950250340503,1.0,0.0,0.0,final_voter_base_coarse_v1
voter,rho_4,2,400,20,0.07726897121269773,0.039890970863513286,0.008919892253927919,1.0,0.0,0.0,final_voter_base_coarse_v1
voter,rho_4,2,450,20,0.07726351109619077,0.029139806727080168,0.006515858869295691,0.999625,0.0011924240017711781,0.0002666341125962684,final_voter_base_coarse_v1
voter,rho_4,2,500,20,0.07765730855979862,0.02780597686946081,0.006217605446090116,0.999875,0.0005448623679425726,0.00012183492931010944,final_voter_base_coarse_v1
voter,rho_4,2,550,20,0.0794024555630054,0.04348110993593592,0.009722671755389425,1.0,0.0,0.0,final_voter_base_coarse_v1
voter,rho_4,2,600,20,0.09512845155979797,0.048645248901798235,0.010877408332681785,0.999375,0.0027243118397129113,0.0006091746465505581,final_voter_base_coarse_v1
voter,rho_4,2,650,20,0.08038052807313087,0.0408429358060643,0.009132758086301995,1.0,0.0,0.0,final_voter_base_coarse_v1
voter,rho_4,2,700,20,0.08791541101115243,0.03509565129635211,0.007847626201327193,0.99925,0.002749999999999989,0.0006149186938124397,final_voter_base_coarse_v1
voter,rho_4,2,750,20,0.09059131401150802,0.04096811890335395,0.009160749877819356,0.999875,0.0005448623679425726,0.00012183492931010944,final_voter_base_coarse_v1
voter,rho_4,2,800,20,0.0772387987471774,0.03858210434643423,0.008627220803361703,0.999875,0.0005448623679425726,0.00012183492931010944,final_voter_base_coarse_v1
voter,rho_4,2,850,20,0.09359710261781219,0.040968647890034376,0.009160868162837019,0.999875,0.0005448623679425726,0.00012183492931010944,final_voter_base_coarse_v1
voter,rho_4,2,900,20,0.06891551933120772,0.030563611780469516,0.006834231357904321,1.0,0.0,0.0,final_voter_base_coarse_v1
voter,rho_4,2,950,20,0.08216688451598539,0.047520794096696524,0.010625972594498413,0.999625,0.001634587103827742,0.0003655047879303338,final_voter_base_coarse_v1
voter,rho_4,2,1000,20,0.08758649685285802,0.028438859802163076,0.006359122372022285,0.99975,0.0010897247358851695,0.00024366985862022433,final_voter_base_coarse_v1
voter,rho_4,2,1050,20,0.06356261589272821,0.03363745250761504,0.007521563039694799,0.99975,0.0010897247358851695,0.00024366985862022433,final_voter_base_coarse_v1
voter,rho_4,2,1100,20,0.06643474571350548,0.04162542889526779,0.009307728860240274,0.99975,0.0010897247358851695,0.00024366985862022433,final_voter_base_coarse_v1
voter,rho_4,2,1150,20,0.07422767750766134,0.03545080930653287,0.007927041946678967,0.99975,0.0010897247358851695,0.00024366985862022433,final_voter_base_coarse_v1
voter,rho_4,2,1200,20,0.069832365657757,0.02522147320723709,0.005639692858407177,0.99975,0.0010897247358851695,0.00024366985862022433,final_voter_base_coarse_v1
voter,rho_4,2,1250,20,0.07834479345722829,0.035369008947784,0.007908750830404333,1.0,0.0,0.0,final_voter_base_coarse_v1
voter,rho_4,2,1300,20,0.09516652815694851,0.049667300543794236,0.011105946027483618,0.999875,0.0005448623679425726,0.00012183492931010944,final_voter_base_coarse_v1
voter,rho_4,2,1350,20,0.07426750760706931,0.03743875757524446,0.00837156069313818,0.999875,0.0005448623679425726,0.00012183492931010944,final_voter_base_coarse_v1
voter,rho_4,2,1400,20,0.08256888370250341,0.040167025597053506,0.00898161996889857,0.999625,0.001634587103827742,0.0003655047879303338,final_voter_base_coarse_v1
voter,rho_4,2,1450,20,0.08201402870415539,0.049156056852858815,0.010991628462883669,0.999375,0.0019162137145944782,0.00042847841252506336,final_voter_base_coarse_v1
voter,rho_4,2,1500,20,0.08300617290907242,0.04656794385185893,0.010412908802514996,0.999625,0.001634587103827742,0.0003655047879303338,final_voter_base_coarse_v1
voter,rho_4,2,1550,20,0.0746783700704081,0.03653014083949536,0.008168387814475285,0.999375,0.0019162137145944782,0.00042847841252506336,final_voter_base_coarse_v1
voter,rho_4,2,1600,20,0.08324448216116008,0.04829150016651345,0.010798307710776648,0.999875,0.0005448623679425726,0.00012183492931010944,final_voter_base_coarse_v1
voter,rho_4,2,1650,20,0.09350265769499226,0.04401715932607788,0.009842536042954897,0.999625,0.0011924240017711781,0.0002666341125962684,final_voter_base_coarse_v1
voter,rho_4,2,1700,20,0.07900033954679811,0.05555522268358269,0.012422525442562919,1.0,0.0,0.0,final_voter_base_coarse_v1
voter,rho_4,2,1750,20,0.08747341814156714,0.038096861324443704,0.00851871716508388,1.0,0.0,0.0,final_voter_base_coarse_v1
voter,rho_4,2,1800,20,0.08359886343264292,0.052579427404444164,0.011757117389435247,1.0,0.0,0.0,final_voter_base_coarse_v1
voter,rho_4,2,1850,20,0.08317050426151681,0.050083951215389694,0.011199111949939456,0.999875,0.0005448623679425726,0.00012183492931010944,final_voter_base_coarse_v1
voter,rho_4,2,1900,20,0.07592093827295734,0.02848005253813984,0.00636833334780461,0.99975,0.0010897247358851695,0.00024366985862022433,final_voter_base_coarse_v1
voter,rho_4,2,1950,20,0.07358285301441028,0.05295120291514297,0.011840248920864471,0.9994999999999999,0.0012747548783981887,0.0002850438562747828,final_voter_base_coarse_v1
voter,rho_4,2,2000,20,0.07079219142209724,0.04200007894286197,0.009391503157659686,0.999875,0.0005448623679425726,0.00012183492931010944,final_voter_base_coarse_v1
voter,rho_4,2,2050,20,0.08904077561743776,0.055523163756245504,0.01241535684848175,0.99975,0.0010897247358851695,0.00024366985862022433,final_voter_base_coarse_v1
voter,rho_4,2,2100,20,0.06722113572682176,0.02802724546917874,0.006267082609115664,1.0,0.0,0.0,final_voter_base_coarse_v1
voter,rho_4,2,2150,20,0.08685985197004048,0.03397404221200626,0.007596826785649332,0.999875,0.0005448623679425726,0.00012183492931010944,final_voter_base_coarse_v1
voter,rho_4,2,2200,20,0.09232732792033552,0.044078737779714584,0.009856305403782996,0.999625,0.0011924240017711781,0.0002666341125962684,final_voter_base_coarse_v1
voter,rho_4,2,2250,20,0.07112806182183616,0.038255172832530826,0.00855411669445421,0.99975,0.0010897247358851695,0.00024366985862022433,final_voter_base_coarse_v1
voter,rho_4,2,2300,20,0.07339482768449876,0.05126943152348469,0.011464193405428237,0.99975,0.0010897247358851695,0.00024366985862022433,final_voter_base_coarse_v1
voter,rho_4,2,2350,20,0.08650094669557866,0.04042097704045593,0.009038405237941772,0.99975,0.0010897247358851695,0.00024366985862022433,final_voter_base_coarse_v1
voter,rho_4,2,2400,20,0.08446328037334984,0.042249808525145545,0.009447344389857556,0.999125,0.002654595072699408,0.0005935855035291873,final_voter_base_coarse_v1
voter,rho_4,2,2450,20,0.0848817339929884,0.04918763682517216,0.010998689959365688,0.999625,0.0011924240017711781,0.0002666341125962684,final_voter_base_coarse_v1
voter,rho_4,2,2500,20,0.06810679483324483,0.036701725927922486,0.008206755406640122,0.99975,0.0010897247358851695,0.00024366985862022433,final_voter_base_coarse_v1
voter,rho_4,2,2550,20,0.08736990636058813,0.04582265684500012,0.010246257561506631,0.99975,0.0010897247358851695,0.00024366985862022433,final_voter_base_coarse_v1
voter,rho_4,2,2600,20,0.09192383026694814,0.037194302932578076,0.008316898973296434,1.0,0.0,0.0,final_voter_base_coarse_v1
voter,rho_4,2,2650,20,0.07406568158915397,0.03450914657948023,0.007716479759722215,1.0,0.0,0.0,final_voter_base_coarse_v1
voter,rho_4,2,2700,20,0.0825694210961769,0.03737228718203553,0.00835669746136755,0.999625,0.0011924240017711781,0.0002666341125962684,final_voter_base_coarse_v1
voter,rho_4,2,2750,20,0.07986636779493167,0.03750510129418864,0.008386395599682113,0.99925,0.0023848480035423662,0.000533268225192539,final_voter_base_coarse_v1
voter,rho_4,2,2800,20,0.07825828863791306,0.03696011669592349,0.008264533338840984,0.998625,0.004967079121576374,0.0011106726565464715,final_voter_base_coarse_v1
voter,rho_4,2,2850,20,0.08577916197761344,0.03721303889513122,0.008321088461885708,0.999375,0.0022185299186623557,0.0004960783708246107,final_voter_base_coarse_v1
voter,rho_4,2,2900,20,0.07758940804849355,0.04592928567776539,0.010270100493349092,0.99975,0.0010897247358851695,0.00024366985862022433,final_voter_base_coarse_v1
voter,rho_4,2,2950,20,0.06838377911371586,0.043040198562689404,0.009624080975126225,0.999,0.0030000000000000027,0.0006708203932499374,final_voter_base_coarse_v1
voter,rho_4,2,3000,20,0.08100945514804178,0.040894596415782594,0.009144309749810913,0.999875,0.0005448623679425726,0.00012183492931010944,final_voter_base_coarse_v1
voter,rho_4,3,0,20,0.036341192777533136,0.020694110587334676,0.0046273438007178435,1.0,0.0,0.0,final_voter_base_coarse_v1
voter,rho_4,3,50,20,0.057741937082427384,0.02603364058444181,0.005821299004860924,1.0,0.0,0.0,final_voter_base_coarse_v1
voter,rho_4,3,100,20,0.06243363707840911,0.02713994846727272,0.006068676967866303,1.0,0.0,0.0,final_voter_base_coarse_v1
voter,rho_4,3,150,20,0.0576158257313449,0.022371596493006202,0.005002441052355777,1.0,0.0,0.0,final_voter_base_coarse_v1
voter,rho_4,3,200,20,0.0591081739793257,0.0318864165962605,0.007130019506811594,1.0,0.0,0.0,final_voter_base_coarse_v1
voter,rho_4,3,250,20,0.0589302741513628,0.026301300634442065,0.00588114961152708,1.0,0.0,0.0,final_voter_base_coarse_v1
voter,rho_4,3,300,20,0.05873738633371245,0.0333233180583093,0.0074513204414225894,1.0,0.0,0.0,final_voter_base_coarse_v1
voter,rho_4,3,350,20,0.0543348195284022,0.030511201168441523,0.006822511988780625,1.0,0.0,0.0,final_voter_base_coarse_v1
voter,rho_4,3,400,20,0.05030485934654477,0.018438467367749404,0.004122966643519928,1.0,0.0,0.0,final_voter_base_coarse_v1
voter,rho_4,3,450,20,0.052297732361873996,0.028521602590517274,0.006377624221963072,1.0,0.0,0.0,final_voter_base_coarse_v1
voter,rho_4,3,500,20,0.050010369946408464,0.023197450653913616,0.005187107656684779,0.999875,0.0005448623679425726,0.00012183492931010944,final_voter_base_coarse_v1
voter,rho_4,3,550,20,0.04958043897802271,0.024021768020943114,0.00537143062345594,1.0,0.0,0.0,final_voter_base_coarse_v1
voter,rho_4,3,600,20,0.06091285198667239,0.034284812138076326,0.007666317053654856,1.0,0.0,0.0,final_voter_base_coarse_v1
voter,rho_4,3,650,20,0.07231640502879558,0.039404327683425104,0.008811075530781535,1.0,0.0,0.0,final_voter_base_coarse_v1
voter,rho_4,3,700,20,0.06291728881256693,0.036948836219649867,0.008262010947664345,1.0,0.0,0.0,final_voter_base_coarse_v1
voter,rho_4,3,750,20,0.048526490372136855,0.026358179218679677,0.005893868049609005,0.999375,0.0019162137145944782,0.00042847841252506336,final_voter_base_coarse_v1
voter,rho_4,3,800,20,0.05663313319070806,0.02764286224037928,0.00618113190621502,1.0,0.0,0.0,final_voter_base_coarse_v1
voter,rho_4,3,850,20,0.06228991786776843,0.028171335379254706,0.006299302092495834,1.0,0.0,0.0,final_voter_base_coarse_v1
voter,rho_4,3,900,20,0.05109801684065298,0.031134200485032234,0.0069618188709639,0.999875,0.0005448623679425726,0.00012183492931010944,final_voter_base_coarse_v1
voter,rho_4,3,950,20,0.05299129923545369,0.02725979446597556,0.006095475347859393,1.0,0.0,0.0,final_voter_base_coarse_v1
voter,rho_4,3,1000,20,0.04949771057568968,0.020881424309721876,0.004669228422355474,1.0,0.0,0.0,final_voter_base_coarse_v1
voter,rho_4,3,1050,20,0.06657214122942365,0.029603133968888796,0.006619461990146849,1.0,0.0,0.0,final_voter_base_coarse_v1
voter,rho_4,3,1100,20,0.05759075715881945,0.03139885361335609,0.007020997109502912,1.0,0.0,0.0,final_voter_base_coarse_v1
voter,rho_4,3,1150,20,0.05154897449701597,0.032278951921221474,0.007217793073829865,1.0,0.0,0.0,final_voter_base_coarse_v1
voter,rho_4,3,1200,20,0.06444432440167838,0.027443381656680903,0.006136526691680929,0.999875,0.0005448623679425726,0.00012183492931010944,final_voter_base_coarse_v1
voter,rho_4,3,1250,20,0.07306993597727368,0.027143519030538427,0.006069475370084311,0.999875,0.0005448623679425726,0.00012183492931010944,final_voter_base_coarse_v1
voter,rho_4,3,1300,20,0.061379295531300546,0.03568433871603037,0.007979260710117148,1.0,0.0,0.0,final_voter_base_coarse_v1
voter,rho_4,3,1350,20,0.06594342281505189,0.030217946189745847,0.0067569381820702466,1.0,0.0,0.0,final_voter_base_coarse_v1
voter,rho_4,3,1400,20,0.06679754759274578,0.035067238841476986,0.00784127298327635,1.0,0.0,0.0,final_voter_base_coarse_v1
voter,rho_4,3,1450,20,0.0700034008671584,0.0263039602674257,0.0058817443235417415,1.0,0.0,0.0,final_voter_base_coarse_v1
voter,rho_4,3,1500,20,0.054419236168639376,0.0286531311734089,0.006407034907196061,1.0,0.0,0.0,final_voter_base_coarse_v1
voter,rho_4,3,1550,20,0.047620598419515804,0.030621138197552036,0.0068470946558141735,1.0,0.0,0.0,final_voter_base_coarse_v1
voter,rho_4,3,1600,20,0.05938714996948791,0.028304676606296,0.006329118097282591,1.0,0.0,0.0,final_voter_base_coarse_v1
voter,rho_4,3,1650,20,0.051854832874072034,0.020928908673344765,0.004679846248848383,0.99975,0.0010897247358851695,0.00024366985862022433,final_voter_base_coarse_v1
voter,rho_4,3,1700,20,0.03876148776935021,0.02526986884175293,0.005650514451266343,1.0,0.0,0.0,final_voter_base_coarse_v1
voter,rho_4,3,1750,20,0.05432617693442704,0.02684651278321511,0.006003062754208606,1.0,0.0,0.0,final_voter_base_coarse_v1
voter,rho_4,3,1800,20,0.05947573357506687,0.030176250579745073,0.0067476147602377416,1.0,0.0,0.0,final_voter_base_coarse_v1
voter,rho_4,3,1850,20,0.061433072497880326,0.03558662385126565,0.007957411002114537,1.0,0.0,0.0,final_voter_base_coarse_v1
voter,rho_4,3,1900,20,0.0604347612508771,0.02747907475709358,0.006144507911565977,1.0,0.0,0.0,final_voter_base_coarse_v1
voter,rho_4,3,1950,20,0.05052299314490401,0.034129021000228486,0.007631481096202875,1.0,0.0,0.0,final_voter_base_coarse_v1
voter,rho_4,3,2000,20,0.059025098950668466,0.02756283650274011,0.006163237607283946,1.0,0.0,0.0,final_voter_base_coarse_v1
voter,rho_4,3,2050,20,0.05845526463791332,0.030802347830833528,0.0068876143616336954,1.0,0.0,0.0,final_voter_base_coarse_v1
voter,rho_4,3,2100,20,0.053756874256495515,0.030765261691176417,0.006879321648704061,1.0,0.0,0.0,final_voter_base_coarse_v1
voter,rho_4,3,2150,20,0.06602489718861947,0.03301452628333289,0.007382272501448581,1.0,0.0,0.0,final_voter_base_coarse_v1
voter,rho_4,3,2200,20,0.058555476910335656,0.027715039191275843,0.006197271163076358,1.0,0.0,0.0,final_voter_base_coarse_v1
voter,rho_4,3,2250,20,0.05426738255469843,0.03138646821465498,0.007018227650160499,0.999875,0.0005448623679425726,0.00012183492931010944,final_voter_base_coarse_v1
voter,rho_4,3,2300,20,0.06327820414371936,0.029091956904814965,0.006505159323766063,0.999875,0.0005448623679425726,0.00012183492931010944,final_voter_base_coarse_v1
voter,rho_4,3,2350,20,0.06193989367264811,0.034556767022893654,0.007727128014581324,1.0,0.0,0.0,final_voter_base_coarse_v1
voter,rho_4,3,2400,20,0.059176395021402484,0.029048812542776595,0.006495511951129698,0.999875,0.0005448623679425726,0.00012183492931010944,final_voter_base_coarse_v1
voter,rho_4,3,2450,20,0.05875407307158252,0.03724666209487441,0.00832860683791039,0.999625,0.001634587103827742,0.0003655047879303338,final_voter_base_coarse_v1
voter,rho_4,3,2500,20,0.06819532841852265,0.04055697374090842,0.009068815024634518,0.999625,0.001634587103827742,0.0003655047879303338,final_voter_base_coarse_v1
voter,rho_4,3,2550,20,0.053779795335643,0.02696128606366307,0.006028726839916834,0.999625,0.001634587103827742,0.0003655047879303338,final_voter_base_coarse_v1
voter,rho_4,3,2600,20,0.057515009679507935,0.024935562208957325,0.005575761215640339,0.999625,0.001634587103827742,0.0003655047879303338,final_voter_base_coarse_v1
voter,rho_4,3,2650,20,0.054130022769911953,0.028244282328685907,0.006315613526263774,0.999625,0.001634587103827742,0.0003655047879303338,final_voter_base_coarse_v1
voter,rho_4,3,2700,20,0.07234786315162443,0.03269361787683781,0.007310515200301169,1.0,0.0,0.0,final_voter_base_coarse_v1
voter,rho_4,3,2750,20,0.060480589410806876,0.026095412950221553,0.0058351117257623725,1.0,0.0,0.0,final_voter_base_coarse_v1
voter,rho_4,3,2800,20,0.05253679595294095,0.03468253210268245,0.007755249941341667,1.0,0.0,0.0,final_voter_base_coarse_v1
voter,rho_4,3,2850,20,0.055921525643916656,0.0305095743566118,0.0068221482225968395,1.0,0.0,0.0,final_voter_base_coarse_v1
voter,rho_4,3,2900,20,0.053167404792052966,0.023625089851724346,0.005282730688299606,1.0,0.0,0.0,final_voter_base_coarse_v1
voter,rho_4,3,2950,20,0.06350503754714573,0.03558400328282481,0.007956825025197194,1.0,0.0,0.0,final_voter_base_coarse_v1
voter,rho_4,3,3000,20,0.054285627698780536,0.027982434594921776,0.006257062593018688,0.999875,0.0005448623679425726,0.00012183492931010944,final_voter_base_coarse_v1
voter,rho_4,4,0,20,0.04569531701003534,0.018893299282278925,0.004224670151442366,1.0,0.0,0.0,final_voter_base_coarse_v1
voter,rho_4,4,50,20,0.05246254397210666,0.028934357324556976,0.006469918986297834,1.0,0.0,0.0,final_voter_base_coarse_v1
voter,rho_4,4,100,20,0.04537928004759013,0.029176219984955003,0.006524001121284728,1.0,0.0,0.0,final_voter_base_coarse_v1
voter,rho_4,4,150,20,0.04036118614224664,0.018984510992559964,0.0042450657098956086,1.0,0.0,0.0,final_voter_base_coarse_v1
voter,rho_4,4,200,20,0.042044188446900506,0.01993897885242457,0.0044584912115952086,1.0,0.0,0.0,final_voter_base_coarse_v1
voter,rho_4,4,250,20,0.054630716770574815,0.03049711764657529,0.0068193628175550755,1.0,0.0,0.0,final_voter_base_coarse_v1
voter,rho_4,4,300,20,0.05223230729006506,0.03154488650433568,0.007053651056621029,1.0,0.0,0.0,final_voter_base_coarse_v1
voter,rho_4,4,350,20,0.05317835883485469,0.0348341062266707,0.007789142945828438,1.0,0.0,0.0,final_voter_base_coarse_v1
voter,rho_4,4,400,20,0.058992214985991484,0.029112178953142977,0.006509681111236636,1.0,0.0,0.0,final_voter_base_coarse_v1
voter,rho_4,4,450,20,0.045678032000496506,0.026181838294973617,0.005854437020346819,1.0,0.0,0.0,final_voter_base_coarse_v1
voter,rho_4,4,500,20,0.050895945041468625,0.023214261819997466,0.005190866747699232,1.0,0.0,0.0,final_voter_base_coarse_v1
voter,rho_4,4,550,20,0.047795806613384756,0.021249185187333985,0.0047514622545360395,1.0,0.0,0.0,final_voter_base_coarse_v1
voter,rho_4,4,600,20,0.05270878859928428,0.025775631087164165,0.0057636063273855875,1.0,0.0,0.0,final_voter_base_coarse_v1
voter,rho_4,4,650,20,0.04759125954741459,0.027202007013115086,0.0060825536805751345,1.0,0.0,0.0,final_voter_base_coarse_v1
voter,rho_4,4,700,20,0.05128796425854165,0.025136994517975565,0.005620802849223292,1.0,0.0,0.0,final_voter_base_coarse_v1
voter,rho_4,4,750,20,0.06264734769994999,0.029696993972533885,0.006640449724998728,1.0,0.0,0.0,final_voter_base_coarse_v1
voter,rho_4,4,800,20,0.050213175075692895,0.03494053721499414,0.007812941638308807,1.0,0.0,0.0,final_voter_base_coarse_v1
voter,rho_4,4,850,20,0.043867003524556934,0.016344949743763666,0.0036548418715873325,1.0,0.0,0.0,final_voter_base_coarse_v1
voter,rho_4,4,900,20,0.05258906986957188,0.026035768570576077,0.005821774837026064,1.0,0.0,0.0,final_voter_base_coarse_v1
voter,rho_4,4,950,20,0.056709049978342606,0.021576752779386168,0.0048247085948414994,1.0,0.0,0.0,final_voter_base_coarse_v1
voter,rho_4,4,1000,20,0.046960065040460595,0.020942670138669628,0.004682923406042023,1.0,0.0,0.0,final_voter_base_coarse_v1
voter,rho_4,4,1050,20,0.042104272123961894,0.026255741169690455,0.00587096220550677,1.0,0.0,0.0,final_voter_base_coarse_v1
voter,rho_4,4,1100,20,0.05105824172554303,0.022566769325680833,0.005046083024477943,1.0,0.0,0.0,final_voter_base_coarse_v1
voter,rho_4,4,1150,20,0.05325898139235422,0.03456363181973796,0.007728663029820884,1.0,0.0,0.0,final_voter_base_coarse_v1
voter,rho_4,4,1200,20,0.050389827564472814,0.025329416455262287,0.005663829702436823,1.0,0.0,0.0,final_voter_base_coarse_v1
voter,rho_4,4,1250,20,0.04561612678323662,0.026745862425723254,0.005980556650077461,1.0,0.0,0.0,final_voter_base_coarse_v1
voter,rho_4,4,1300,20,0.05008909220849209,0.020698141385808364,0.00462824511465692,1.0,0.0,0.0,final_voter_base_coarse_v1
voter,rho_4,4,1350,20,0.053354276279812804,0.024437038697042848,0.00546428796953807,1.0,0.0,0.0,final_voter_base_coarse_v1
voter,rho_4,4,1400,20,0.05674175025204252,0.03322110102070896,0.007428464016969287,1.0,0.0,0.0,final_voter_base_coarse_v1
voter,rho_4,4,1450,20,0.05893169498251451,0.027007412089507604,0.006039040932848863,0.99975,0.0010897247358851695,0.00024366985862022433,final_voter_base_coarse_v1
voter,rho_4,4,1500,20,0.04847879273183116,0.023169970069186724,0.005180962811133702,1.0,0.0,0.0,final_voter_base_coarse_v1
voter,rho_4,4,1550,20,0.053538464089743276,0.030188864963705916,0.006750435422240814,0.999625,0.0011924240017711781,0.0002666341125962684,final_voter_base_coarse_v1
voter,rho_4,4,1600,20,0.05370705459088724,0.02578005151799719,0.005764594765768835,0.999875,0.0005448623679425726,0.00012183492931010944,final_voter_base_coarse_v1
voter,rho_4,4,1650,20,0.044915654110891344,0.024704475413533454,0.005524088637313303,0.999875,0.0005448623679425726,0.00012183492931010944,final_voter_base_coarse_v1
voter,rho_4,4,1700,20,0.04513110567614361,0.02159668640929858,0.004829165889993747,1.0,0.0,0.0,final_voter_base_coarse_v1
voter,rho_4,4,1750,20,0.04785020911661444,0.03401342655776304,0.007605633393085484,1.0,0.0,0.0,final_voter_base_coarse_v1
voter,rho_4,4,1800,20,0.058774633144240654,0.020117913572754307,0.004498502231414429,1.0,0.0,0.0,final_voter_base_coarse_v1
voter,rho_4,4,1850,20,0.04865557205543225,0.018874794959116283,0.004220532458995437,1.0,0.0,0.0,final_voter_base_coarse_v1
voter,rho_4,4,1900,20,0.042824244995557974,0.023982837688881424,0.005362725536568282,0.999875,0.0005448623679425726,0.00012183492931010944,final_voter_base_coarse_v1
voter,rho_4,4,1950,20,0.05590705441211481,0.018775108204475376,0.004198241823012096,1.0,0.0,0.0,final_voter_base_coarse_v1
voter,rho_4,4,2000,20,0.046793966228734114,0.02172678484662634,0.004858256784956884,0.99975,0.000749999999999984,0.00016770509831248064,final_voter_base_coarse_v1
voter,rho_4,4,2050,20,0.06315452053432682,0.03256297521642978,0.007281302613357791,1.0,0.0,0.0,final_voter_base_coarse_v1
voter,rho_4,4,2100,20,0.04475061896311447,0.027831244288497856,0.006223255412748397,1.0,0.0,0.0,final_voter_base_coarse_v1
voter,rho_4,4,2150,20,0.0477143707392373,0.019244420756499632,0.00430318329991411,1.0,0.0,0.0,final_voter_base_coarse_v1
voter,rho_4,4,2200,20,0.04364733070604745,0.023324291802087803,0.00521547019965094,1.0,0.0,0.0,final_voter_base_coarse_v1
voter,rho_4,4,2250,20,0.06228003366317836,0.021107938007172256,0.0047198784248888605,1.0,0.0,0.0,final_voter_base_coarse_v1
voter,rho_4,4,2300,20,0.049945986550146176,0.017461652214506625,0.003904544135109655,1.0,0.0,0.0,final_voter_base_coarse_v1
voter,rho_4,4,2350,20,0.051521518483540564,0.02765229962616127,0.006183242169828862,1.0,0.0,0.0,final_voter_base_coarse_v1
voter,rho_4,4,2400,20,0.04038468295184043,0.015137196176561521,0.0033847799639541466,1.0,0.0,0.0,final_voter_base_coarse_v1
voter,rho_4,4,2450,20,0.057858310627515966,0.02999709371659407,0.006707554067773615,1.0,0.0,0.0,final_voter_base_coarse_v1
voter,rho_4,4,2500,20,0.040592532442578474,0.027887646932793834,0.006235867427424052,1.0,0.0,0.0,final_voter_base_coarse_v1
voter,rho_4,4,2550,20,0.048968577256885484,0.02825215243514007,0.006317373335565941,1.0,0.0,0.0,final_voter_base_coarse_v1
voter,rho_4,4,2600,20,0.04423148709501209,0.0174856164883182,0.003909902709637065,1.0,0.0,0.0,final_voter_base_coarse_v1
voter,rho_4,4,2650,20,0.04923771024335197,0.02347956331325948,0.005250189965045838,1.0,0.0,0.0,final_voter_base_coarse_v1
voter,rho_4,4,2700,20,0.0418226035260696,0.022969809954340024,0.005136205648815563,0.999875,0.0005448623679425726,0.00012183492931010944,final_voter_base_coarse_v1
voter,rho_4,4,2750,20,0.05607070595326902,0.02360329069403667,0.005277856248455419,1.0,0.0,0.0,final_voter_base_coarse_v1
voter,rho_4,4,2800,20,0.058277414046204255,0.02896152578406172,0.00647599403852749,1.0,0.0,0.0,final_voter_base_coarse_v1
voter,rho_4,4,2850,20,0.05499666507505552,0.025481890983070795,0.005697924043338524,1.0,0.0,0.0,final_voter_base_coarse_v1
voter,rho_4,4,2900,20,0.05051806453235611,0.023375556299115436,0.005226933289669552,1.0,0.0,0.0,final_voter_base_coarse_v1
voter,rho_4,4,2950,20,0.04719853802473631,0.02402986425030386,0.005373240995377145,1.0,0.0,0.0,final_voter_base_coarse_v1
voter,rho_4,4,3000,20,0.04564833398451485,0.019991749095159026,0.00447029099658955,0.999875,0.0005448623679425726,0.00012183492931010944,final_voter_base_coarse_v1
voter,rho_4,5,0,20,0.04835526424596306,0.01835118095469116,0.004103448808208892,1.0,0.0,0.0,final_voter_base_coarse_v1
voter,rho_4,5,50,20,0.03374111562557537,0.024679288258502928,0.005518456618232494,1.0,0.0,0.0,final_voter_base_coarse_v1
voter,rho_4,5,100,20,0.04717121279320229,0.022740559390892694,0.005084943664440727,1.0,0.0,0.0,final_voter_base_coarse_v1
voter,rho_4,5,150,20,0.05532265816802613,0.030089315748396135,0.006728175540986871,1.0,0.0,0.0,final_voter_base_coarse_v1
voter,rho_4,5,200,20,0.045785096400156655,0.02172094228565149,0.004856950348606638,1.0,0.0,0.0,final_voter_base_coarse_v1
voter,rho_4,5,250,20,0.05295334920390153,0.03220365798142801,0.007200956837062669,1.0,0.0,0.0,final_voter_base_coarse_v1
voter,rho_4,5,300,20,0.04600657979292477,0.02959408781870907,0.006617439209473195,1.0,0.0,0.0,final_voter_base_coarse_v1
voter,rho_4,5,350,20,0.04491740652080804,0.024051769675290914,0.005378139197311852,1.0,0.0,0.0,final_voter_base_coarse_v1
voter,rho_4,5,400,20,0.040094922441935896,0.020509042638180215,0.004585961349241259,1.0,0.0,0.0,final_voter_base_coarse_v1
voter,rho_4,5,450,20,0.040584562521340774,0.01704003128792174,0.0038102668298516298,1.0,0.0,0.0,final_voter_base_coarse_v1
voter,rho_4,5,500,20,0.03376953175769389,0.01929969276527678,0.004315542496801977,1.0,0.0,0.0,final_voter_base_coarse_v1
voter,rho_4,5,550,20,0.04148806686764405,0.025203207467642805,0.005635608514867964,1.0,0.0,0.0,final_voter_base_coarse_v1
voter,rho_4,5,600,20,0.0513961020023865,0.021673051260092658,0.004846241589740466,1.0,0.0,0.0,final_voter_base_coarse_v1
voter,rho_4,5,650,20,0.050899934245653825,0.03221481329154308,0.007203451240235408,1.0,0.0,0.0,final_voter_base_coarse_v1
voter,rho_4,5,700,20,0.04615093777502402,0.02647758686205197,0.005920568410370354,1.0,0.0,0.0,final_voter_base_coarse_v1
voter,rho_4,5,750,20,0.04083460756059333,0.020809707472263354,0.004653192049986618,1.0,0.0,0.0,final_voter_base_coarse_v1
voter,rho_4,5,800,20,0.03908244923496791,0.021296821232690517,0.004762113998095686,1.0,0.0,0.0,final_voter_base_coarse_v1
voter,rho_4,5,850,20,0.04996404663809245,0.02302117077207788,0.005147690276799745,1.0,0.0,0.0,final_voter_base_coarse_v1
voter,rho_4,5,900,20,0.04676688415253018,0.02256068400815815,0.0050447223061134035,1.0,0.0,0.0,final_voter_base_coarse_v1
voter,rho_4,5,950,20,0.03896664282533792,0.01879688246078191,0.0042031106947381875,1.0,0.0,0.0,final_voter_base_coarse_v1
voter,rho_4,5,1000,20,0.0474658601007406,0.020176219557156844,0.0045115398458763405,1.0,0.0,0.0,final_voter_base_coarse_v1
voter,rho_4,5,1050,20,0.05128006415276766,0.025193221744893992,0.005633375639380883,1.0,0.0,0.0,final_voter_base_coarse_v1
voter,rho_4,5,1100,20,0.04991973049235241,0.020069559792290588,0.004487689997405831,1.0,0.0,0.0,final_voter_base_coarse_v1
voter,rho_4,5,1150,20,0.05201101536946483,0.025257948211734656,0.005647848917360794,1.0,0.0,0.0,final_voter_base_coarse_v1
voter,rho_4,5,1200,20,0.04355591687575554,0.018839529866303054,0.004212646944519115,1.0,0.0,0.0,final_voter_base_coarse_v1
voter,rho_4,5,1250,20,0.0457226143117635,0.025280067068256338,0.005652794844037499,1.0,0.0,0.0,final_voter_base_coarse_v1
voter,rho_4,5,1300,20,0.045703527130975724,0.01961175386836106,0.004385321480764979,1.0,0.0,0.0,final_voter_base_coarse_v1
voter,rho_4,5,1350,20,0.047352365564515254,0.02503073879189815,0.005597043346572523,1.0,0.0,0.0,final_voter_base_coarse_v1
voter,rho_4,5,1400,20,0.0369271048488979,0.023852724899552924,0.005333631432400218,1.0,0.0,0.0,final_voter_base_coarse_v1
voter,rho_4,5,1450,20,0.053577253608373586,0.022715781931404225,0.005079403256068131,1.0,0.0,0.0,final_voter_base_coarse_v1
voter,rho_4,5,1500,20,0.04556874758492133,0.023616039040610656,0.005280706865409434,1.0,0.0,0.0,final_voter_base_coarse_v1
voter,rho_4,5,1550,20,0.05334345758179262,0.028633514067490227,0.006402648388960465,1.0,0.0,0.0,final_voter_base_coarse_v1
voter,rho_4,5,1600,20,0.05109903370219519,0.02925807748756931,0.006542305015316123,1.0,0.0,0.0,final_voter_base_coarse_v1
voter,rho_4,5,1650,20,0.050306252859549275,0.021832539372050274,0.004881904215734498,1.0,0.0,0.0,final_voter_base_coarse_v1
voter,rho_4,5,1700,20,0.04202922386982845,0.022593250921787496,0.0050520044893826626,1.0,0.0,0.0,final_voter_base_coarse_v1
voter,rho_4,5,1750,20,0.04897884629522851,0.022611308306654827,0.005056042243388585,1.0,0.0,0.0,final_voter_base_coarse_v1
voter,rho_4,5,1800,20,0.04745730013379565,0.02892916541008432,0.0064687580389284115,1.0,0.0,0.0,final_voter_base_coarse_v1
voter,rho_4,5,1850,20,0.04116019573057226,0.01760285063590606,0.003936117061966135,1.0,0.0,0.0,final_voter_base_coarse_v1
voter,rho_4,5,1900,20,0.042449920138264555,0.022452407060926848,0.005020510844672869,1.0,0.0,0.0,final_voter_base_coarse_v1
voter,rho_4,5,1950,20,0.04063767220422388,0.021653504848647195,0.004841870879269642,1.0,0.0,0.0,final_voter_base_coarse_v1
voter,rho_4,5,2000,20,0.04737399034857605,0.01830318442680326,0.004092716458304761,1.0,0.0,0.0,final_voter_base_coarse_v1
voter,rho_4,5,2050,20,0.04741093549223076,0.02186531938472877,0.0048892340493997405,1.0,0.0,0.0,final_voter_base_coarse_v1
voter,rho_4,5,2100,20,0.046257787819130744,0.024025448365726832,0.005372253573567643,0.999875,0.0005448623679425726,0.00012183492931010944,final_voter_base_coarse_v1
voter,rho_4,5,2150,20,0.042768814444284334,0.023496884854257705,0.005254063179360546,1.0,0.0,0.0,final_voter_base_coarse_v1
voter,rho_4,5,2200,20,0.042621551184177806,0.020152968053952117,0.0045063406517018584,1.0,0.0,0.0,final_voter_base_coarse_v1
voter,rho_4,5,2250,20,0.03571611442150453,0.019104081446235165,0.004271802476147432,1.0,0.0,0.0,final_voter_base_coarse_v1
voter,rho_4,5,2300,20,0.048027254449251974,0.023955014917721944,0.005356504175804779,1.0,0.0,0.0,final_voter_base_coarse_v1
voter,rho_4,5,2350,20,0.043168157666560826,0.030766458679792837,0.0068795893034955214,0.999875,0.0005448623679425726,0.00012183492931010944,final_voter_base_coarse_v1
voter,rho_4,5,2400,20,0.0382966222746057,0.026140070861662874,0.005845097538333968,1.0,0.0,0.0,final_voter_base_coarse_v1
voter,rho_4,5,2450,20,0.04193677185674462,0.025367317827468507,0.005672304706906186,1.0,0.0,0.0,final_voter_base_coarse_v1
voter,rho_4,5,2500,20,0.050520085801212235,0.02326151615592502,0.005201433138435793,1.0,0.0,0.0,final_voter_base_coarse_v1
voter,rho_4,5,2550,20,0.049694059052803385,0.0253403617326955,0.005666277140874149,1.0,0.0,0.0,final_voter_base_coarse_v1
voter,rho_4,5,2600,20,0.03935425677349536,0.021901882602960207,0.004897409833543906,1.0,0.0,0.0,final_voter_base_coarse_v1
voter,rho_4,5,2650,20,0.04868464705494628,0.029772234254605894,0.006657273963534656,1.0,0.0,0.0,final_voter_base_coarse_v1
voter,rho_4,5,2700,20,0.052842644569777185,0.027193027402634157,0.0060805457786304515,1.0,0.0,0.0,final_voter_base_coarse_v1
voter,rho_4,5,2750,20,0.05250047998305465,0.023815323310167006,0.005325268182766873,1.0,0.0,0.0,final_voter_base_coarse_v1
voter,rho_4,5,2800,20,0.04787583877872764,0.025603485202870757,0.0057251133374529,1.0,0.0,0.0,final_voter_base_coarse_v1
voter,rho_4,5,2850,20,0.05283753709957052,0.027055036117778656,0.006049689989306508,1.0,0.0,0.0,final_voter_base_coarse_v1
voter,rho_4,5,2900,20,0.044687746962928585,0.02021566469647239,0.004520360047165492,1.0,0.0,0.0,final_voter_base_coarse_v1
voter,rho_4,5,2950,20,0.03944385301239329,0.017006777733541485,0.0038028311090428563,1.0,0.0,0.0,final_voter_base_coarse_v1
voter,rho_4,5,3000,20,0.05744699955063433,0.0153332815979094,0.0034286259971072013,1.0,0.0,0.0,final_voter_base_coarse_v1
voter,rho_4,6,0,20,0.03408505203773855,0.017227908836277925,0.0038522775268086734,1.0,0.0,0.0,final_voter_base_coarse_v1
voter,rho_4,6,50,20,0.04867272112439346,0.022028820949398942,0.004925794110702749,1.0,0.0,0.0,final_voter_base_coarse_v1
voter,rho_4,6,100,20,0.043198831887462416,0.024971277946423332,0.005583747497324392,1.0,0.0,0.0,final_voter_base_coarse_v1
voter,rho_4,6,150,20,0.03823735477369515,0.02279932643721298,0.005098084375481631,1.0,0.0,0.0,final_voter_base_coarse_v1
voter,rho_4,6,200,20,0.058271149836055004,0.0241438162054614,0.005398721427167272,1.0,0.0,0.0,final_voter_base_coarse_v1
voter,rho_4,6,250,20,0.043457728657976674,0.020586148349496146,0.004603202710436848,1.0,0.0,0.0,final_voter_base_coarse_v1
voter,rho_4,6,300,20,0.0442774065708088,0.02177632250878578,0.004869333742960376,1.0,0.0,0.0,final_voter_base_coarse_v1
voter,rho_4,6,350,20,0.04604033221377755,0.023140672095749847,0.005174411585112918,1.0,0.0,0.0,final_voter_base_coarse_v1
voter,rho_4,6,400,20,0.05535950598919635,0.025905763241160954,0.005792704761625117,1.0,0.0,0.0,final_voter_base_coarse_v1
voter,rho_4,6,450,20,0.04686895759363548,0.02198019974844974,0.004914922079655739,1.0,0.0,0.0,final_voter_base_coarse_v1
voter,rho_4,6,500,20,0.04953128532268471,0.029619771685418007,0.0066231822966618175,1.0,0.0,0.0,final_voter_base_coarse_v1
voter,rho_4,6,550,20,0.038133998898192856,0.02066679752489078,0.004621236414288019,1.0,0.0,0.0,final_voter_base_coarse_v1
voter,rho_4,6,600,20,0.043454819532025686,0.02588579014181367,0.005788238640838929,1.0,0.0,0.0,final_voter_base_coarse_v1
voter,rho_4,6,650,20,0.0524921491693216,0.01897329104209797,0.004242556852701888,1.0,0.0,0.0,final_voter_base_coarse_v1
voter,rho_4,6,700,20,0.045274886008834704,0.024605722701248542,0.005502006859550148,1.0,0.0,0.0,final_voter_base_coarse_v1
voter,rho_4,6,750,20,0.045169700210012105,0.03148847894462993,0.007041037942826336,1.0,0.0,0.0,final_voter_base_coarse_v1
voter,rho_4,6,800,20,0.0450503795283013,0.021071855093535086,0.004711810040116964,1.0,0.0,0.0,final_voter_base_coarse_v1
voter,rho_4,6,850,20,0.051563256067584586,0.0258777726877466,0.005786445883608883,1.0,0.0,0.0,final_voter_base_coarse_v1
voter,rho_4,6,900,20,0.040392779791320846,0.022336746103851113,0.004994648268436467,1.0,0.0,0.0,final_voter_base_coarse_v1
voter,rho_4,6,950,20,0.04286641812016849,0.01938537316564958,0.004334701216759274,1.0,0.0,0.0,final_voter_base_coarse_v1
voter,rho_4,6,1000,20,0.040890136373129535,0.021125191244327098,0.0047237363659998755,1.0,0.0,0.0,final_voter_base_coarse_v1
voter,rho_4,6,1050,20,0.04799341469008421,0.024938753461079717,0.00557647480130824,0.999875,0.0005448623679425726,0.00012183492931010944,final_voter_base_coarse_v1
voter,rho_4,6,1100,20,0.042125391769742865,0.020442921647004328,0.004571176246140364,1.0,0.0,0.0,final_voter_base_coarse_v1
voter,rho_4,6,1150,20,0.03602264295588596,0.016693934194154592,0.003732877167003784,1.0,0.0,0.0,final_voter_base_coarse_v1
voter,rho_4,6,1200,20,0.0474519248254334,0.023273561617041305,0.005204126585423428,1.0,0.0,0.0,final_voter_base_coarse_v1
voter,rho_4,6,1250,20,0.03853597550986613,0.021121200488236697,0.0047228440058099,1.0,0.0,0.0,final_voter_base_coarse_v1
voter,rho_4,6,1300,20,0.04969918922098354,0.02497532585191209,0.005584652636508328,1.0,0.0,0.0,final_voter_base_coarse_v1
voter,rho_4,6,1350,20,0.04865553391894711,0.02289551043882467,0.0051195917720768,1.0,0.0,0.0,final_voter_base_coarse_v1
voter,rho_4,6,1400,20,0.045160325723217036,0.02133910149116374,0.004771568151300925,1.0,0.0,0.0,final_voter_base_coarse_v1
voter,rho_4,6,1450,20,0.0456777632302436,0.019844614396090653,0.004437390677692964,1.0,0.0,0.0,final_voter_base_coarse_v1
voter,rho_4,6,1500,20,0.035789983789821955,0.02120481109073913,0.004741539904893415,1.0,0.0,0.0,final_voter_base_coarse_v1
voter,rho_4,6,1550,20,0.04390807917035424,0.020915150799305417,0.0046767698946905975,1.0,0.0,0.0,final_voter_base_coarse_v1
voter,rho_4,6,1600,20,0.03254826849646892,0.015960228785837843,0.003568815650158235,1.0,0.0,0.0,final_voter_base_coarse_v1
voter,rho_4,6,1650,20,0.044277466656410115,0.028928288184531813,0.006468561885331711,1.0,0.0,0.0,final_voter_base_coarse_v1
voter,rho_4,6,1700,20,0.047508932446568945,0.02719485010167118,0.006080953346525382,1.0,0.0,0.0,final_voter_base_coarse_v1
voter,rho_4,6,1750,20,0.0508213147180598,0.017952311222375755,0.004014258824646453,1.0,0.0,0.0,final_voter_base_coarse_v1
voter,rho_4,6,1800,20,0.04320135136995359,0.024392586656629887,0.005454348191127874,1.0,0.0,0.0,final_voter_base_coarse_v1
voter,rho_4,6,1850,20,0.03978258050502349,0.02295510020213708,0.005132916448229767,1.0,0.0,0.0,final_voter_base_coarse_v1
voter,rho_4,6,1900,20,0.0568116355896641,0.03127403733884124,0.006993087342051563,1.0,0.0,0.0,final_voter_base_coarse_v1
voter,rho_4,6,1950,20,0.04577834210147871,0.023840019041992865,0.005330790316278545,1.0,0.0,0.0,final_voter_base_coarse_v1
voter,rho_4,6,2000,20,0.042381385383523845,0.02117043195219951,0.004733852495815168,1.0,0.0,0.0,final_voter_base_coarse_v1
voter,rho_4,6,2050,20,0.05294907049275235,0.023416548699594586,0.005236099469072779,1.0,0.0,0.0,final_voter_base_coarse_v1
voter,rho_4,6,2100,20,0.049658800370502236,0.022693910486904147,0.005074512652401302,1.0,0.0,0.0,final_voter_base_coarse_v1
voter,rho_4,6,2150,20,0.04577493355900103,0.020517206876397468,0.004587786928405086,1.0,0.0,0.0,final_voter_base_coarse_v1
voter,rho_4,6,2200,20,0.0465238911784167,0.01739002552824173,0.00388852792116052,1.0,0.0,0.0,final_voter_base_coarse_v1
voter,rho_4,6,2250,20,0.040921805165026484,0.02177056048550967,0.004868045315387044,1.0,0.0,0.0,final_voter_base_coarse_v1
voter,rho_4,6,2300,20,0.047265335815986756,0.026848367559708545,0.006003477494840845,1.0,0.0,0.0,final_voter_base_coarse_v1
voter,rho_4,6,2350,20,0.043432896887484786,0.024683457110831683,0.0055193888019520205,1.0,0.0,0.0,final_voter_base_coarse_v1
voter,rho_4,6,2400,20,0.04204603073084688,0.019230554188411752,0.004300082641028198,1.0,0.0,0.0,final_voter_base_coarse_v1
voter,rho_4,6,2450,20,0.04456220998305076,0.020899967786620673,0.004673374869843964,1.0,0.0,0.0,final_voter_base_coarse_v1
voter,rho_4,6,2500,20,0.04370998412306818,0.014538927759912416,0.00325100307911229,1.0,0.0,0.0,final_voter_base_coarse_v1
voter,rho_4,6,2550,20,0.0455172181072641,0.017246299047866894,0.0038563897031320274,1.0,0.0,0.0,final_voter_base_coarse_v1
voter,rho_4,6,2600,20,0.041235363154869906,0.02302056450589307,0.005147554711559576,1.0,0.0,0.0,final_voter_base_coarse_v1
voter,rho_4,6,2650,20,0.028555498171706672,0.013671887087149356,0.003057126890756755,1.0,0.0,0.0,final_voter_base_coarse_v1
voter,rho_4,6,2700,20,0.03855293693191224,0.017953122201044475,0.004014440164989609,1.0,0.0,0.0,final_voter_base_coarse_v1
voter,rho_4,6,2750,20,0.044712893082131444,0.023051223016525055,0.005154410162945777,1.0,0.0,0.0,final_voter_base_coarse_v1
voter,rho_4,6,2800,20,0.036066376750159154,0.018944563558516404,0.004236133192090799,1.0,0.0,0.0,final_voter_base_coarse_v1
voter,rho_4,6,2850,20,0.04579786133820141,0.026754023937004316,0.00598238161947982,1.0,0.0,0.0,final_voter_base_coarse_v1
voter,rho_4,6,2900,20,0.04173707516323337,0.025071993573244224,0.005606268196121193,1.0,0.0,0.0,final_voter_base_coarse_v1
voter,rho_4,6,2950,20,0.044791466557329254,0.017047942655641014,0.0038120358654531593,1.0,0.0,0.0,final_voter_base_coarse_v1
voter,rho_4,6,3000,20,0.0492353245883368,0.02141291554710488,0.004788073475978861,1.0,0.0,0.0,final_voter_base_coarse_v1
voter,rho_8,0,0,20,0.030111043959396223,0.014146141875649002,0.0031631734853307543,1.0,0.0,0.0,final_voter_base_coarse_v1
voter,rho_8,0,50,20,0.19328118936398575,0.09714605554782856,0.02172251839509152,1.0,0.0,0.0,final_voter_base_coarse_v1
voter,rho_8,0,100,20,0.27211491120959624,0.17007853802581172,0.03803071725394978,1.0,0.0,0.0,final_voter_base_coarse_v1
voter,rho_8,0,150,20,0.35669879191870024,0.18004420557017517,0.0402591082609858,1.0,0.0,0.0,final_voter_base_coarse_v1
voter,rho_8,0,200,20,0.427159275122522,0.21179636545847366,0.04735910705525355,1.0,0.0,0.0,final_voter_base_coarse_v1
voter,rho_8,0,250,20,0.47778725331260985,0.22340907065839685,0.049955786878222906,1.0,0.0,0.0,final_voter_base_coarse_v1
voter,rho_8,0,300,20,0.5189291979311099,0.23460776575409362,0.05245989122755005,1.0,0.0,0.0,final_voter_base_coarse_v1
voter,rho_8,0,350,20,0.5890224021664673,0.23902916350690567,0.05344854582063531,1.0,0.0,0.0,final_voter_base_coarse_v1
voter,rho_8,0,400,20,0.5947064022949567,0.24142127764593388,0.05398343880311585,1.0,0.0,0.0,final_voter_base_coarse_v1
voter,rho_8,0,450,20,0.6192021270272953,0.24557181986301108,0.05491152825720258,1.0,0.0,0.0,final_voter_base_coarse_v1
voter,rho_8,0,500,20,0.6662132048851315,0.2509987418213251,0.056125024897940225,1.0,0.0,0.0,final_voter_base_coarse_v1
voter,rho_8,0,550,20,0.7071332844435283,0.22810201806234168,0.05100516181922808,1.0,0.0,0.0,final_voter_base_coarse_v1
voter,rho_8,0,600,20,0.755481197420578,0.22962304496950128,0.0513452737752296,1.0,0.0,0.0,final_voter_base_coarse_v1
voter,rho_8,0,650,20,0.7847369001667245,0.21629513309124457,0.048365062079438706,1.0,0.0,0.0,final_voter_base_coarse_v1
voter,rho_8,0,700,20,0.7916917657771164,0.23442275325843745,0.05241852117585264,1.0,0.0,0.0,final_voter_base_coarse_v1
voter,rho_8,0,750,20,0.816662745932408,0.21943280621428618,0.049066667118868215,1.0,0.0,0.0,final_voter_base_coarse_v1
voter,rho_8,0,800,20,0.8118287080333426,0.24263067466461874,0.05425386819767235,1.0,0.0,0.0,final_voter_base_coarse_v1
voter,rho_8,0,850,20,0.8436766136790613,0.226539385401522,0.05065574653388266,1.0,0.0,0.0,final_voter_base_coarse_v1
voter,rho_8,0,900,20,0.8635829205427873,0.22003818670955733,0.049202034312836096,1.0,0.0,0.0,final_voter_base_coarse_v1
voter,rho_8,0,950,20,0.8796538635601594,0.2050717037546526,0.045855426985710206,1.0,0.0,0.0,final_voter_base_coarse_v1
voter,rho_8,0,1000,20,0.9003041544511982,0.1794603995369713,0.04012856526339396,1.0,0.0,0.0,final_voter_base_coarse_v1
voter,rho_8,0,1050,20,0.9113955730217065,0.1617692774577049,0.036172710106645245,1.0,0.0,0.0,final_voter_base_coarse_v1
voter,rho_8,0,1100,20,0.9257981035872007,0.1325517077894997,0.029639462915100973,1.0,0.0,0.0,final_voter_base_coarse_v1
voter,rho_8,0,1150,20,0.9320494784483742,0.13122456287833836,0.029342704291366,1.0,0.0,0.0,final_voter_base_coarse_v1
voter,rho_8,0,1200,20,0.9364429902396656,0.13470925016867638,0.03012190405751854,1.0,0.0,0.0,final_voter_base_coarse_v1
voter,rho_8,0,1250,20,0.9368929188883062,0.1401180718686817,0.03133135335745733,0.999875,0.0005448623679425726,0.00012183492931010944,final_voter_base_coarse_v1
voter,rho_8,0,1300,20,0.9389016646502759,0.14733731113419932,0.03294562433181063,0.999875,0.0005448623679425726,0.00012183492931010944,final_voter_base_coarse_v1
voter,rho_8,0,1350,20,0.9424738768141923,0.1493749114277004,0.03340124560853482,0.9996875,0.0009581068572972428,0.00021423920626253252,final_voter_base_coarse_v1
voter,rho_8,0,1400,20,0.9441603018052142,0.13992059526682202,0.03128719624688493,0.999875,0.0005448623679425726,0.00012183492931010944,final_voter_base_coarse_v1
voter,rho_8,0,1450,20,0.9540286327516876,0.10778249118232056,0.024100897706794043,0.999875,0.0005448623679425726,0.00012183492931010944,final_voter_base_coarse_v1
voter,rho_8,0,1500,20,0.9693249890865658,0.0670938123107911,0.015002632519654115,0.999875,0.0005448623679425726,0.00012183492931010944,final_voter_base_coarse_v1
voter,rho_8,0,1550,20,0.9618480974401467,0.09160606768598696,0.02048373944973137,0.99975,0.000749999999999984,0.00016770509831248064,final_voter_base_coarse_v1
voter,rho_8,0,1600,20,0.9562026051825674,0.11287711476969986,0.02524009017290944,0.99975,0.000749999999999984,0.00016770509831248064,final_voter_base_coarse_v1
voter,rho_8,0,1650,20,0.9483998472118461,0.13842734518636443,0.030953295378153913,0.99975,0.000749999999999984,0.00016770509831248064,final_voter_base_coarse_v1
voter,rho_8,0,1700,20,0.951888540672547,0.13655273317581676,0.0305341193894517,0.9994999999999999,0.0012747548783981887,0.0002850438562747828,final_voter_base_coarse_v1
voter,rho_8,0,1750,20,0.9583734490005076,0.116477724480028,0.026045210980183392,0.99975,0.000749999999999984,0.00016770509831248064,final_voter_base_coarse_v1
voter,rho_8,0,1800,20,0.9460422279845183,0.1407687716529022,0.031476854252503475,0.999625,0.0011924240017711781,0.0002666341125962684,final_voter_base_coarse_v1
voter,rho_8,0,1850,20,0.9590134759950469,0.10241762113591237,0.022901276295371926,0.9994375,0.0013961442439805428,0.0003121873435935545,final_voter_base_coarse_v1
voter,rho_8,0,1900,20,0.9657082093131363,0.09628957718621217,0.021531004011308332,0.999625,0.0011924240017711781,0.0002666341125962684,final_voter_base_coarse_v1
voter,rho_8,0,1950,20,0.9693508873385399,0.09565072425453318,0.021388152153022408,0.999625,0.0011924240017711781,0.0002666341125962684,final_voter_base_coarse_v1
voter,rho_8,0,2000,20,0.9744840714085132,0.08470784325615494,0.018941249574815956,0.999625,0.0011924240017711781,0.0002666341125962684,final_voter_base_coarse_v1
voter,rho_8,0,2050,20,0.9775699967439564,0.07592834483033346,0.016978094045967035,0.9994375,0.0013961442439805428,0.0003121873435935545,final_voter_base_coarse_v1
voter,rho_8,0,2100,20,0.9883402504598156,0.035976420185841074,0.008044572112263625,0.9994375,0.0013961442439805428,0.0003121873435935545,final_voter_base_coarse_v1
voter,rho_8,0,2150,20,0.9920196593848452,0.02405464126342603,0.005378781303939203,0.999625,0.0011924240017711781,0.0002666341125962684,final_voter_base_coarse_v1
voter,rho_8,0,2200,20,0.997962942077711,0.008661496928071236,0.0019367695918072888,0.999625,0.0011924240017711781,0.0002666341125962684,final_voter_base_coarse_v1
voter,rho_8,0,2250,20,0.9962256418840119,0.01645204560432357,0.0036787892340194106,0.999625,0.0011924240017711781,0.0002666341125962684,final_voter_base_coarse_v1
voter,rho_8,0,2300,20,0.9978539504865639,0.009354412956901112,0.0020917103261235697,0.999625,0.0011924240017711781,0.0002666341125962684,final_voter_base_coarse_v1
voter,rho_8,0,2350,20,0.9933839420091453,0.02883872818673937,0.006448535661018848,0.999625,0.0011924240017711781,0.0002666341125962684,final_voter_base_coarse_v1
voter,rho_8,0,2400,20,0.9913899566348142,0.037530308928346336,0.00839203219803497,0.999625,0.0011924240017711781,0.0002666341125962684,final_voter_base_coarse_v1
voter,rho_8,0,2450,20,0.9986422412978678,0.005918332972305774,0.0013233794839554091,0.999625,0.0011924240017711781,0.0002666341125962684,final_voter_base_coarse_v1
voter,rho_8,0,2500,20,0.9999999999999991,9.963198579389778e-15,2.2278389296844877e-15,0.999625,0.0011924240017711781,0.0002666341125962684,final_voter_base_coarse_v1
voter,rho_8,0,2550,20,0.9999999999999991,9.963198579389778e-15,2.2278389296844877e-15,0.999625,0.0011924240017711781,0.0002666341125962684,final_voter_base_coarse_v1
voter,rho_8,0,2600,20,0.9999999999999991,9.963198579389778e-15,2.2278389296844877e-15,0.999625,0.0011924240017711781,0.0002666341125962684,final_voter_base_coarse_v1
voter,rho_8,0,2650,20,0.9999999999999991,9.963198579389778e-15,2.2278389296844877e-15,0.999625,0.0011924240017711781,0.0002666341125962684,final_voter_base_coarse_v1
voter,rho_8,0,2700,20,0.9999999999999991,9.963198579389778e-15,2.2278389296844877e-15,0.999625,0.0011924240017711781,0.0002666341125962684,final_voter_base_coarse_v1
voter,rho_8,0,2750,20,0.9999999999999991,9.963198579389778e-15,2.2278389296844877e-15,0.999625,0.0011924240017711781,0.0002666341125962684,final_voter_base_coarse_v1
voter,rho_8,0,2800,20,0.9999999999999991,9.963198579389778e-15,2.2278389296844877e-15,0.999625,0.0011924240017711781,0.0002666341125962684,final_voter_base_coarse_v1
voter,rho_8,0,2850,20,0.9999999999999991,9.963198579389778e-15,2.2278389296844877e-15,0.999625,0.0011924240017711781,0.0002666341125962684,final_voter_base_coarse_v1
voter,rho_8,0,2900,20,0.9999999999999991,9.963198579389778e-15,2.2278389296844877e-15,0.999625,0.0011924240017711781,0.0002666341125962684,final_voter_base_coarse_v1
voter,rho_8,0,2950,20,0.9999999999999991,9.963198579389778e-15,2.2278389296844877e-15,0.999625,0.0011924240017711781,0.0002666341125962684,final_voter_base_coarse_v1
voter,rho_8,0,3000,20,0.9999999999999991,9.963198579389778e-15,2.2278389296844877e-15,0.999625,0.0011924240017711781,0.0002666341125962684,final_voter_base_coarse_v1
voter,rho_8,0.050000000000000003,0,20,0.027363854353567967,0.012963347177731985,0.0028986925505338768,1.0,0.0,0.0,final_fine_grid_steps3000_R20_v1
voter,rho_8,0.050000000000000003,50,20,0.17942958890468008,0.08103210321120347,0.018119329114002995,1.0,0.0,0.0,final_fine_grid_steps3000_R20_v1
voter,rho_8,0.050000000000000003,100,20,0.2569850405382983,0.15705769406850661,0.03511916803265463,1.0,0.0,0.0,final_fine_grid_steps3000_R20_v1
voter,rho_8,0.050000000000000003,150,20,0.2827595636061668,0.16918999983882932,0.03783203407528008,1.0,0.0,0.0,final_fine_grid_steps3000_R20_v1
voter,rho_8,0.050000000000000003,200,20,0.3424093227493597,0.17871112929239985,0.039961023343355995,1.0,0.0,0.0,final_fine_grid_steps3000_R20_v1
voter,rho_8,0.050000000000000003,250,20,0.41052686222594137,0.17866531956258666,0.039950779976366674,1.0,0.0,0.0,final_fine_grid_steps3000_R20_v1
voter,rho_8,0.050000000000000003,300,20,0.40725026804538683,0.1949073903583053,0.04358261741582577,1.0,0.0,0.0,final_fine_grid_steps3000_R20_v1
voter,rho_8,0.050000000000000003,350,20,0.44682158538149774,0.2323443254795567,0.051953770595862515,1.0,0.0,0.0,final_fine_grid_steps3000_R20_v1
voter,rho_8,0.050000000000000003,400,20,0.4919614311726509,0.25772587139035213,0.05762925679891956,1.0,0.0,0.0,final_fine_grid_steps3000_R20_v1
voter,rho_8,0.050000000000000003,450,20,0.5353324149724492,0.23133924906604397,0.0517290286775429,1.0,0.0,0.0,final_fine_grid_steps3000_R20_v1
voter,rho_8,0.050000000000000003,500,20,0.5276431490071825,0.24431208927929138,0.05462984393534931,1.0,0.0,0.0,final_fine_grid_steps3000_R20_v1
voter,rho_8,0.050000000000000003,550,20,0.6285095377075387,0.2550990420852113,0.05704187990976121,1.0,0.0,0.0,final_fine_grid_steps3000_R20_v1
voter,rho_8,0.050000000000000003,600,20,0.6441584362923548,0.25450767315196143,0.05690964579630839,0.9999375,0.0002724311839712863,6.091746465505472e-05,final_fine_grid_steps3000_R20_v1
voter,rho_8,0.050000000000000003,650,20,0.6575706260817209,0.25542111212665836,0.05711389696038039,1.0,0.0,0.0,final_fine_grid_steps3000_R20_v1
voter,rho_8,0.050000000000000003,700,20,0.6641547307155289,0.25588632541551665,0.057217921814172734,1.0,0.0,0.0,final_fine_grid_steps3000_R20_v1
voter,rho_8,0.050000000000000003,750,20,0.6559306616929601,0.2649823805017265,0.05925186156415753,1.0,0.0,0.0,final_fine_grid_steps3000_R20_v1
voter,rho_8,0.050000000000000003,800,20,0.6521141597692863,0.27490063454657504,0.061469650590396885,0.9996875,0.0009581068572972428,0.00021423920626253252,final_fine_grid_steps3000_R20_v1
voter,rho_8,0.050000000000000003,850,20,0.6893602464070298,0.25330282357033423,0.05664023323959033,0.9996875,0.0009581068572972428,0.00021423920626253252,final_fine_grid_steps3000_R20_v1
voter,rho_8,0.050000000000000003,900,20,0.7324592975966547,0.23983629089538178,0.05362902499134875,0.9998125,0.0008172935519138831,0.00018275239396516957,final_fine_grid_steps3000_R20_v1
voter,rho_8,0.050000000000000003,950,20,0.7046352599923836,0.28675022349505985,0.06411929922982111,0.9998125,0.0008172935519138831,0.00018275239396516957,final_fine_grid_steps3000_R20_v1
voter,rho_8,0.050000000000000003,1000,20,0.711257151681019,0.2729280718065706,0.061028572152743564,1.0,0.0,0.0,final_fine_grid_steps3000_R20_v1
voter,rho_8,0.050000000000000003,1050,20,0.7451950991068397,0.24407709226573748,0.05457729700566771,1.0,0.0,0.0,final_fine_grid_steps3000_R20_v1
voter,rho_8,0.050000000000000003,1100,20,0.7498207584560097,0.23509035789526522,0.05256780211085674,1.0,0.0,0.0,final_fine_grid_steps3000_R20_v1
voter,rho_8,0.050000000000000003,1150,20,0.8031958541332997,0.17778041603199904,0.03975290953157433,1.0,0.0,0.0,final_fine_grid_steps3000_R20_v1
voter,rho_8,0.050000000000000003,1200,20,0.8268157642436794,0.14186255973767858,0.0317214327035574,1.0,0.0,0.0,final_fine_grid_steps3000_R20_v1
voter,rho_8,0.050000000000000003,1250,20,0.8267804783448589,0.1604563906048878,0.03587913968167877,1.0,0.0,0.0,final_fine_grid_steps3000_R20_v1
voter,rho_8,0.050000000000000003,1300,20,0.8397507393089171,0.16315956062658415,0.036483586874004034,1.0,0.0,0.0,final_fine_grid_steps3000_R20_v1
voter,rho_8,0.050000000000000003,1350,20,0.8577298344451725,0.16041210133373068,0.035869236299580644,1.0,0.0,0.0,final_fine_grid_steps3000_R20_v1
voter,rho_8,0.050000000000000003,1400,20,0.8942501784732523,0.11766634549265251,0.0263109947185547,1.0,0.0,0.0,final_fine_grid_steps3000_R20_v1
voter,rho_8,0.050000000000000003,1450,20,0.8927796616284397,0.12536920174512076,0.028033405738697528,0.999875,0.0005448623679425726,0.00012183492931010944,final_fine_grid_steps3000_R20_v1
voter,rho_8,0.050000000000000003,1500,20,0.8848186597771205,0.18137027461291905,0.040555626313229134,1.0,0.0,0.0,final_fine_grid_steps3000_R20_v1
voter,rho_8,0.050000000000000003,1550,20,0.8884252343978151,0.1576327303854618,0.03524775006207892,1.0,0.0,0.0,final_fine_grid_steps3000_R20_v1
voter,rho_8,0.050000000000000003,1600,20,0.8943297475681726,0.13753063126510243,0.03075278404972269,1.0,0.0,0.0,final_fine_grid_steps3000_R20_v1
voter,rho_8,0.050000000000000003,1650,20,0.8891082353773744,0.15465231828304696,0.03458130965588265,1.0,0.0,0.0,final_fine_grid_steps3000_R20_v1
voter,rho_8,0.050000000000000003,1700,20,0.9059849545314187,0.10607769392587997,0.023719693451468415,1.0,0.0,0.0,final_fine_grid_steps3000_R20_v1
voter,rho_8,0.050000000000000003,1750,20,0.9318507568064126,0.06220371881684018,0.013909174372773742,1.0,0.0,0.0,final_fine_grid_steps3000_R20_v1
voter,rho_8,0.050000000000000003,1800,20,0.9434270470305739,0.04983032794071157,0.011142400061653818,1.0,0.0,0.0,final_fine_grid_steps3000_R20_v1
voter,rho_8,0.050000000000000003,1850,20,0.9446307243968928,0.042157006224989184,0.009426593164695761,1.0,0.0,0.0,final_fine_grid_steps3000_R20_v1
voter,rho_8,0.050000000000000003,1900,20,0.9439993518453476,0.04015796287543623,0.008979593482738833,1.0,0.0,0.0,final_fine_grid_steps3000_R20_v1
voter,rho_8,0.050000000000000003,1950,20,0.9402138716755472,0.03580556173360633,0.008006367000890895,1.0,0.0,0.0,final_fine_grid_steps3000_R20_v1
voter,rho_8,0.050000000000000003,2000,20,0.9428819084876746,0.026671170031488712,0.005963854922986397,1.0,0.0,0.0,final_fine_grid_steps3000_R20_v1
voter,rho_8,0.050000000000000003,2050,20,0.9435709613729835,0.04505565839868787,0.01007475149504754,1.0,0.0,0.0,final_fine_grid_steps3000_R20_v1
voter,rho_8,0.050000000000000003,2100,20,0.9344249521158015,0.0504600999795664,0.011283221370574623,1.0,0.0,0.0,final_fine_grid_steps3000_R20_v1
voter,rho_8,0.050000000000000003,2150,20,0.9318216504429584,0.054773110374189415,0.012247639813578647,1.0,0.0,0.0,final_fine_grid_steps3000_R20_v1
voter,rho_8,0.050000000000000003,2200,20,0.9304928157518146,0.04448642574671599,0.00994746720456538,1.0,0.0,0.0,final_fine_grid_steps3000_R20_v1
voter,rho_8,0.050000000000000003,2250,20,0.9281057023362962,0.05045823199607179,0.011282803676767142,1.0,0.0,0.0,final_fine_grid_steps3000_R20_v1
voter,rho_8,0.050000000000000003,2300,20,0.9257574715777854,0.05728686101534764,0.012809731544789994,1.0,0.0,0.0,final_fine_grid_steps3000_R20_v1
voter,rho_8,0.050000000000000003,2350,20,0.9225651788161298,0.0548186123383059,0.012257814362066069,1.0,0.0,0.0,final_fine_grid_steps3000_R20_v1
voter,rho_8,0.050000000000000003,2400,20,0.9214268720042347,0.053528073012467245,0.01196924099604487,1.0,0.0,0.0,final_fine_grid_steps3000_R20_v1
voter,rho_8,0.050000000000000003,2450,20,0.9280741741243856,0.045069054321337156,0.010077746914414052,1.0,0.0,0.0,final_fine_grid_steps3000_R20_v1
voter,rho_8,0.050000000000000003,2500,20,0.9293058229131214,0.042507656467116295,0.009505000942468058,1.0,0.0,0.0,final_fine_grid_steps3000_R20_v1
voter,rho_8,0.050000000000000003,2550,20,0.9287363801502535,0.04868343161615992,0.010885946247169603,1.0,0.0,0.0,final_fine_grid_steps3000_R20_v1
voter,rho_8,0.050000000000000003,2600,20,0.9254871874386996,0.053911170303934025,0.012054904154616448,1.0,0.0,0.0,final_fine_grid_steps3000_R20_v1
voter,rho_8,0.050000000000000003,2650,20,0.9217581032062659,0.06116010870103824,0.013675816056679786,1.0,0.0,0.0,final_fine_grid_steps3000_R20_v1
voter,rho_8,0.050000000000000003,2700,20,0.9293359604377702,0.0510858520646566,0.011423143790507014,1.0,0.0,0.0,final_fine_grid_steps3000_R20_v1
voter,rho_8,0.050000000000000003,2750,20,0.9237062782481921,0.051961922936188676,0.011619039192692334,1.0,0.0,0.0,final_fine_grid_steps3000_R20_v1
voter,rho_8,0.050000000000000003,2800,20,0.9157027209337152,0.051601454020751086,0.011538435892822926,1.0,0.0,0.0,final_fine_grid_steps3000_R20_v1
voter,rho_8,0.050000000000000003,2850,20,0.9154353189719456,0.05762655182474264,0.012885688718903908,1.0,0.0,0.0,final_fine_grid_steps3000_R20_v1
voter,rho_8,0.050000000000000003,2900,20,0.9281085284444146,0.04691451198923721,0.010490403793916329,1.0,0.0,0.0,final_fine_grid_steps3000_R20_v1
voter,rho_8,0.050000000000000003,2950,20,0.9328922315634957,0.04492481709914403,0.010045494491043095,1.0,0.0,0.0,final_fine_grid_steps3000_R20_v1
voter,rho_8,0.050000000000000003,3000,20,0.9402551683385951,0.041336384833156374,0.009243096643102895,1.0,0.0,0.0,final_fine_grid_steps3000_R20_v1
voter,rho_8,0.10000000000000001,0,20,0.02931235746334665,0.018908898788159472,0.004228158306998797,1.0,0.0,0.0,final_fine_grid_steps3000_R20_v1
voter,rho_8,0.10000000000000001,50,20,0.20293441778120452,0.13179808310691862,0.02947094731312367,1.0,0.0,0.0,final_fine_grid_steps3000_R20_v1
voter,rho_8,0.10000000000000001,100,20,0.2866998204832058,0.16963486442442074,0.03793150882069655,1.0,0.0,0.0,final_fine_grid_steps3000_R20_v1
voter,rho_8,0.10000000000000001,150,20,0.32940494573853496,0.16403865643462706,0.03668015867255594,1.0,0.0,0.0,final_fine_grid_steps3000_R20_v1
voter,rho_8,0.10000000000000001,200,20,0.383022424304131,0.1346776195632868,0.030114831239136483,1.0,0.0,0.0,final_fine_grid_steps3000_R20_v1
voter,rho_8,0.10000000000000001,250,20,0.40221711767176177,0.1640627697316138,0.03668555056967834,1.0,0.0,0.0,final_fine_grid_steps3000_R20_v1
voter,rho_8,0.10000000000000001,300,20,0.4656945978901117,0.22039690623245065,0.04928224643664067,1.0,0.0,0.0,final_fine_grid_steps3000_R20_v1
voter,rho_8,0.10000000000000001,350,20,0.464271320483563,0.18676724691254762,0.041762426006694414,1.0,0.0,0.0,final_fine_grid_steps3000_R20_v1
voter,rho_8,0.10000000000000001,400,20,0.47840293299376285,0.16957267338170992,0.03791760248078725,1.0,0.0,0.0,final_fine_grid_steps3000_R20_v1
voter,rho_8,0.10000000000000001,450,20,0.5215007240420048,0.21713306160015874,0.04855242859006042,1.0,0.0,0.0,final_fine_grid_steps3000_R20_v1
voter,rho_8,0.10000000000000001,500,20,0.5568226696440924,0.20283671750381121,0.04535566886714433,1.0,0.0,0.0,final_fine_grid_steps3000_R20_v1
voter,rho_8,0.10000000000000001,550,20,0.5689752029435295,0.20791759150324016,0.04649178683192776,1.0,0.0,0.0,final_fine_grid_steps3000_R20_v1
voter,rho_8,0.10000000000000001,600,20,0.5793562172183693,0.22407986051619624,0.05010578005028859,1.0,0.0,0.0,final_fine_grid_steps3000_R20_v1
voter,rho_8,0.10000000000000001,650,20,0.5984982360342298,0.20787389239283113,0.04648201541378468,0.999875,0.0005448623679425726,0.00012183492931010944,final_fine_grid_steps3000_R20_v1
voter,rho_8,0.10000000000000001,700,20,0.6454433425359298,0.2123808338000879,0.04748979814950815,0.999875,0.0005448623679425726,0.00012183492931010944,final_fine_grid_steps3000_R20_v1
voter,rho_8,0.10000000000000001,750,20,0.6732246146915728,0.2225477120302469,0.04976318123366798,0.999875,0.0005448623679425726,0.00012183492931010944,final_fine_grid_steps3000_R20_v1
voter,rho_8,0.10000000000000001,800,20,0.6955820977276234,0.22134755037349205,0.04949481692881871,0.999875,0.0005448623679425726,0.00012183492931010944,final_fine_grid_steps3000_R20_v1
voter,rho_8,0.10000000000000001,850,20,0.6874653213793681,0.22336457323693804,0.04994583695230237,0.99975,0.0010897247358851695,0.00024366985862022433,final_fine_grid_steps3000_R20_v1
voter,rho_8,0.10000000000000001,900,20,0.731222009266321,0.22560992874159472,0.05044791370650893,1.0,0.0,0.0,final_fine_grid_steps3000_R20_v1
voter,rho_8,0.10000000000000001,950,20,0.7483103208323751,0.16514947369524133,0.0369285449630873,1.0,0.0,0.0,final_fine_grid_steps3000_R20_v1
voter,rho_8,0.10000000000000001,1000,20,0.7088773228110405,0.20275515420810036,0.04533743075977649,1.0,0.0,0.0,final_fine_grid_steps3000_R20_v1
voter,rho_8,0.10000000000000001,1050,20,0.7245195617938409,0.2172964468625631,0.0485889626453862,0.99975,0.0010897247358851695,0.00024366985862022433,final_fine_grid_steps3000_R20_v1
voter,rho_8,0.10000000000000001,1100,20,0.7254698519971133,0.20686113004325982,0.04625555486791529,0.99975,0.0010897247358851695,0.00024366985862022433,final_fine_grid_steps3000_R20_v1
voter,rho_8,0.10000000000000001,1150,20,0.7216196518148663,0.17813136101808333,0.039831383216099046,0.99975,0.0010897247358851695,0.00024366985862022433,final_fine_grid_steps3000_R20_v1
voter,rho_8,0.10000000000000001,1200,20,0.6972635269705764,0.2129484871101707,0.04761672928840794,1.0,0.0,0.0,final_fine_grid_steps3000_R20_v1
voter,rho_8,0.10000000000000001,1250,20,0.7183117908898776,0.15984461383518878,0.03574234223726855,1.0,0.0,0.0,final_fine_grid_steps3000_R20_v1
voter,rho_8,0.10000000000000001,1300,20,0.7030451144289214,0.18843778459645844,0.042135969588714385,1.0,0.0,0.0,final_fine_grid_steps3000_R20_v1
voter,rho_8,0.10000000000000001,1350,20,0.6959912195190012,0.20339051400447833,0.045479501529263645,1.0,0.0,0.0,final_fine_grid_steps3000_R20_v1
voter,rho_8,0.10000000000000001,1400,20,0.7383092010143576,0.16432425475616677,0.036744020398678204,1.0,0.0,0.0,final_fine_grid_steps3000_R20_v1
voter,rho_8,0.10000000000000001,1450,20,0.7605325029083141,0.1703907301458624,0.03810052553419709,1.0,0.0,0.0,final_fine_grid_steps3000_R20_v1
voter,rho_8,0.10000000000000001,1500,20,0.7681751372952117,0.1835525645796358,0.041043601184448573,1.0,0.0,0.0,final_fine_grid_steps3000_R20_v1
voter,rho_8,0.10000000000000001,1550,20,0.772260072648508,0.1983351894798076,0.04434909660071509,1.0,0.0,0.0,final_fine_grid_steps3000_R20_v1
voter,rho_8,0.10000000000000001,1600,20,0.7826571220914801,0.17094728521336292,0.03822497503061241,0.9995625,0.0019070182877990525,0.0004264222525853939,final_fine_grid_steps3000_R20_v1
voter,rho_8,0.10000000000000001,1650,20,0.7838754842494323,0.19995980892269977,0.044712372551902566,1.0,0.0,0.0,final_fine_grid_steps3000_R20_v1
voter,rho_8,0.10000000000000001,1700,20,0.7576047612903433,0.2137924332640475,0.04780544138534974,1.0,0.0,0.0,final_fine_grid_steps3000_R20_v1
voter,rho_8,0.10000000000000001,1750,20,0.7926379434518226,0.16219201558566285,0.036267237225724745,1.0,0.0,0.0,final_fine_grid_steps3000_R20_v1
voter,rho_8,0.10000000000000001,1800,20,0.7611955738503109,0.22563062799201872,0.05045254219961207,1.0,0.0,0.0,final_fine_grid_steps3000_R20_v1
voter,rho_8,0.10000000000000001,1850,20,0.7767138687968556,0.195173862715956,0.04364220244640893,0.999875,0.0005448623679425726,0.00012183492931010944,final_fine_grid_steps3000_R20_v1
voter,rho_8,0.10000000000000001,1900,20,0.776720840556652,0.20001455164255802,0.044724613396190195,0.99975,0.0010897247358851695,0.00024366985862022433,final_fine_grid_steps3000_R20_v1
voter,rho_8,0.10000000000000001,1950,20,0.7853096522143845,0.1962914870604249,0.043892110847163046,0.9999375,0.0002724311839712863,6.091746465505472e-05,final_fine_grid_steps3000_R20_v1
voter,rho_8,0.10000000000000001,2000,20,0.7830789345804957,0.2125961045241862,0.04753793414677309,0.9994375,0.0015039011769394845,0.0003362825263078626,final_fine_grid_steps3000_R20_v1
voter,rho_8,0.10000000000000001,2050,20,0.7683920345758528,0.20547938091950124,0.0459465863710578,0.9995625,0.0014402148277253557,0.0003220418256997044,final_fine_grid_steps3000_R20_v1
voter,rho_8,0.10000000000000001,2100,20,0.7487410673349506,0.22660218224615214,0.050669788335219214,0.9996875,0.0013621559198564556,0.00030458732327527904,final_fine_grid_steps3000_R20_v1
voter,rho_8,0.10000000000000001,2150,20,0.758810843147137,0.19982534271259206,0.044682304993254804,0.99925,0.002069118169655845,0.00046266888808304114,final_fine_grid_steps3000_R20_v1
voter,rho_8,0.10000000000000001,2200,20,0.7412234160864662,0.22542853859468676,0.05040735363661545,0.9996875,0.0013621559198564556,0.00030458732327527904,final_fine_grid_steps3000_R20_v1
voter,rho_8,0.10000000000000001,2250,20,0.750796047859114,0.23654579908043719,0.052893248653586473,0.9996875,0.0013621559198564556,0.00030458732327527904,final_fine_grid_steps3000_R20_v1
voter,rho_8,0.10000000000000001,2300,20,0.746898255183694,0.23312321314056544,0.05212793517154765,1.0,0.0,0.0,final_fine_grid_steps3000_R20_v1
voter,rho_8,0.10000000000000001,2350,20,0.7575903283719001,0.20414175398396892,0.0456474838954193,1.0,0.0,0.0,final_fine_grid_steps3000_R20_v1
voter,rho_8,0.10000000000000001,2400,20,0.7630278710422486,0.185606353175227,0.041502842275564146,1.0,0.0,0.0,final_fine_grid_steps3000_R20_v1
voter,rho_8,0.10000000000000001,2450,20,0.7818034221242733,0.14911462287414698,0.033343043318583766,1.0,0.0,0.0,final_fine_grid_steps3000_R20_v1
voter,rho_8,0.10000000000000001,2500,20,0.7820025515176885,0.16511083523240927,0.03691990514014344,1.0,0.0,0.0,final_fine_grid_steps3000_R20_v1
voter,rho_8,0.10000000000000001,2550,20,0.7984409017593115,0.14003664607886773,0.031313145997342764,1.0,0.0,0.0,final_fine_grid_steps3000_R20_v1
voter,rho_8,0.10000000000000001,2600,20,0.7834697932140503,0.15335960711437593,0.034292250651040496,1.0,0.0,0.0,final_fine_grid_steps3000_R20_v1
voter,rho_8,0.10000000000000001,2650,20,0.7757252232385569,0.18289545096753446,0.04089666611388867,1.0,0.0,0.0,final_fine_grid_steps3000_R20_v1
voter,rho_8,0.10000000000000001,2700,20,0.8017576074334805,0.15341451111328766,0.03430452755842081,0.999875,0.0005448623679425726,0.00012183492931010944,final_fine_grid_steps3000_R20_v1
voter,rho_8,0.10000000000000001,2750,20,0.7981697062915307,0.13223303084988902,0.02956820458511786,0.999875,0.0005448623679425726,0.00012183492931010944,final_fine_grid_steps3000_R20_v1
voter,rho_8,0.10000000000000001,2800,20,0.8072650338543024,0.10836488014783137,0.02423112383841684,0.999875,0.0005448623679425726,0.00012183492931010944,final_fine_grid_steps3000_R20_v1
voter,rho_8,0.10000000000000001,2850,20,0.8000989658330461,0.11717613473013577,0.026201380259725755,1.0,0.0,0.0,final_fine_grid_steps3000_R20_v1
voter,rho_8,0.10000000000000001,2900,20,0.7941683361360166,0.14469759556907807,0.032355365987323095,1.0,0.0,0.0,final_fine_grid_steps3000_R20_v1
voter,rho_8,0.10000000000000001,2950,20,0.7946719349467548,0.16275982978507367,0.036394204340571966,0.999875,0.0005448623679425726,0.00012183492931010944,final_fine_grid_steps3000_R20_v1
voter,rho_8,0.10000000000000001,3000,20,0.7938596513802927,0.13733389528850043,0.030708792547992504,0.999875,0.0005448623679425726,0.00012183492931010944,final_fine_grid_steps3000_R20_v1
voter,rho_8,0.14999999999999999,0,20,0.0300361973192581,0.013702465026449274,0.003063964325845403,1.0,0.0,0.0,final_fine_grid_steps3000_R20_v1
voter,rho_8,0.14999999999999999,50,20,0.2148484167838919,0.08978378172250713,0.020076263920852908,1.0,0.0,0.0,final_fine_grid_steps3000_R20_v1
voter,rho_8,0.14999999999999999,100,20,0.32822002500018843,0.11975207178639917,0.02677737729608232,1.0,0.0,0.0,final_fine_grid_steps3000_R20_v1
voter,rho_8,0.14999999999999999,150,20,0.38275469269199086,0.16141608258590362,0.03609373333238005,1.0,0.0,0.0,final_fine_grid_steps3000_R20_v1
voter,rho_8,0.14999999999999999,200,20,0.40457785803527974,0.1751084604392782,0.03915544209775587,1.0,0.0,0.0,final_fine_grid_steps3000_R20_v1
voter,rho_8,0.14999999999999999,250,20,0.44798607407940966,0.17375969356583512,0.03885384865627402,1.0,0.0,0.0,final_fine_grid_steps3000_R20_v1
voter,rho_8,0.14999999999999999,300,20,0.5209268248790916,0.18090384153739172,0.04045132870684579,1.0,0.0,0.0,final_fine_grid_steps3000_R20_v1
voter,rho_8,0.14999999999999999,350,20,0.5171714990223902,0.20013909675614952,0.044752462530215795,1.0,0.0,0.0,final_fine_grid_steps3000_R20_v1
voter,rho_8,0.14999999999999999,400,20,0.5310038588474575,0.21532854230389772,0.04814892580874545,1.0,0.0,0.0,final_fine_grid_steps3000_R20_v1
voter,rho_8,0.14999999999999999,450,20,0.5318529217000392,0.22195018396790642,0.049629569897082275,1.0,0.0,0.0,final_fine_grid_steps3000_R20_v1
voter,rho_8,0.14999999999999999,500,20,0.5687619851606653,0.21634079230979772,0.048375271791087145,1.0,0.0,0.0,final_fine_grid_steps3000_R20_v1
voter,rho_8,0.14999999999999999,550,20,0.5447353853429329,0.21220064770825056,0.04744950731451332,1.0,0.0,0.0,final_fine_grid_steps3000_R20_v1
voter,rho_8,0.14999999999999999,600,20,0.5619481286802076,0.20836322250722905,0.04659143295370783,1.0,0.0,0.0,final_fine_grid_steps3000_R20_v1
voter,rho_8,0.14999999999999999,650,20,0.5742041978301832,0.23811387793760283,0.05324388174545673,1.0,0.0,0.0,final_fine_grid_steps3000_R20_v1
voter,rho_8,0.14999999999999999,700,20,0.5893641589644071,0.2170879985807551,0.048542352192594625,0.99925,0.003269174207655508,0.0007310095758606729,final_fine_grid_steps3000_R20_v1
voter,rho_8,0.14999999999999999,750,20,0.6086625093204092,0.2139049065281281,0.0478305911717633,1.0,0.0,0.0,final_fine_grid_steps3000_R20_v1
voter,rho_8,0.14999999999999999,800,20,0.6517702463510198,0.21217204812093723,0.04744311225237721,1.0,0.0,0.0,final_fine_grid_steps3000_R20_v1
voter,rho_8,0.14999999999999999,850,20,0.6626529970660824,0.1655817723205337,0.03702520987436064,0.999875,0.0005448623679425726,0.00012183492931010944,final_fine_grid_steps3000_R20_v1
voter,rho_8,0.14999999999999999,900,20,0.6856142281179531,0.15551266152691068,0.03477368825360885,0.9996875,0.0009581068572972428,0.00021423920626253252,final_fine_grid_steps3000_R20_v1
voter,rho_8,0.14999999999999999,950,20,0.6853701042703395,0.17327763574762403,0.03874605725121349,0.999875,0.0005448623679425726,0.00012183492931010944,final_fine_grid_steps3000_R20_v1
voter,rho_8,0.14999999999999999,1000,20,0.678446132919709,0.1922180289896021,0.04298125793217755,0.999875,0.0005448623679425726,0.00012183492931010944,final_fine_grid_steps3000_R20_v1
voter,rho_8,0.14999999999999999,1050,20,0.6810847803424352,0.20608860805867768,0.04608281370075142,0.99975,0.0010897247358851695,0.00024366985862022433,final_fine_grid_steps3000_R20_v1
voter,rho_8,0.14999999999999999,1100,20,0.6696509602335541,0.20591118936151012,0.04604314167401681,0.99975,0.0010897247358851695,0.00024366985862022433,final_fine_grid_steps3000_R20_v1
voter,rho_8,0.14999999999999999,1150,20,0.6402915050463183,0.23138825978028715,0.05173998780641026,1.0,0.0,0.0,final_fine_grid_steps3000_R20_v1
voter,rho_8,0.14999999999999999,1200,20,0.669726322468679,0.2003173700244999,0.04479232564487605,1.0,0.0,0.0,final_fine_grid_steps3000_R20_v1
voter,rho_8,0.14999999999999999,1250,20,0.7289758452239806,0.12877890512995183,0.028795838593856867,0.999625,0.001634587103827742,0.0003655047879303338,final_fine_grid_steps3000_R20_v1
voter,rho_8,0.14999999999999999,1300,20,0.7331694910379771,0.11808986238779577,0.026405695975270697,1.0,0.0,0.0,final_fine_grid_steps3000_R20_v1
voter,rho_8,0.14999999999999999,1350,20,0.7363821124747665,0.14457767157438442,0.03232855016689626,1.0,0.0,0.0,final_fine_grid_steps3000_R20_v1
voter,rho_8,0.14999999999999999,1400,20,0.7018702419896291,0.1552199607388791,0.03470823836769821,0.999875,0.0005448623679425726,0.00012183492931010944,final_fine_grid_steps3000_R20_v1
voter,rho_8,0.14999999999999999,1450,20,0.6876134013512021,0.15172154110951847,0.033925967957191216,1.0,0.0,0.0,final_fine_grid_steps3000_R20_v1
voter,rho_8,0.14999999999999999,1500,20,0.7004612373510231,0.14494410185701845,0.03241048646899467,0.9991875,0.0035416053916267945,0.0007919270405157277,final_fine_grid_steps3000_R20_v1
voter,rho_8,0.14999999999999999,1550,20,0.6849301203224591,0.18915664829443432,0.04229671239823748,1.0,0.0,0.0,final_fine_grid_steps3000_R20_v1
voter,rho_8,0.14999999999999999,1600,20,0.6974405411352237,0.16401550116093655,0.03667498099595498,1.0,0.0,0.0,final_fine_grid_steps3000_R20_v1
voter,rho_8,0.14999999999999999,1650,20,0.6788600493312622,0.17916190827137754,0.0400618205873382,0.9990625,0.0035548162751399643,0.0007948810838735556,final_fine_grid_steps3000_R20_v1
voter,rho_8,0.14999999999999999,1700,20,0.6767878556034453,0.14707151618708839,0.03288619077482903,0.999875,0.0005448623679425726,0.00012183492931010944,final_fine_grid_steps3000_R20_v1
voter,rho_8,0.14999999999999999,1750,20,0.6962541961726907,0.13785373630360914,0.03082503253272006,0.999875,0.0005448623679425726,0.00012183492931010944,final_fine_grid_steps3000_R20_v1
voter,rho_8,0.14999999999999999,1800,20,0.6776931051393867,0.12494876154297213,0.02793939245144972,1.0,0.0,0.0,final_fine_grid_steps3000_R20_v1
voter,rho_8,0.14999999999999999,1850,20,0.6858026576120764,0.11368875591435695,0.02542157865018834,1.0,0.0,0.0,final_fine_grid_steps3000_R20_v1
voter,rho_8,0.14999999999999999,1900,20,0.6625160229398471,0.12173316831241436,0.027220363946298187,0.9988125,0.0038217101865526053,0.0008545603767435028,final_fine_grid_steps3000_R20_v1
voter,rho_8,0.14999999999999999,1950,20,0.6827685849980925,0.11311642934448879,0.02529360253863289,0.99975,0.0010897247358851695,0.00024366985862022433,final_fine_grid_steps3000_R20_v1
voter,rho_8,0.14999999999999999,2000,20,0.6283799835123238,0.1557592603007296,0.03482882941575157,0.9988125,0.004173484006199147,0.0009332193940869446,final_fine_grid_steps3000_R20_v1
voter,rho_8,0.14999999999999999,2050,20,0.6625263193599168,0.1644933528439588,0.03678183188059502,0.9990625,0.004086467759569391,0.0009137619698258424,final_fine_grid_steps3000_R20_v1
voter,rho_8,0.14999999999999999,2100,20,0.6646558126764188,0.1909745823850936,0.04270321481877032,0.9990625,0.004086467759569391,0.0009137619698258424,final_fine_grid_steps3000_R20_v1
voter,rho_8,0.14999999999999999,2150,20,0.6715925542997434,0.16664106606719237,0.03726207515692757,0.9990625,0.004086467759569391,0.0009137619698258424,final_fine_grid_steps3000_R20_v1
voter,rho_8,0.14999999999999999,2200,20,0.6914126022670067,0.14011517185940642,0.03133070489566983,1.0,0.0,0.0,final_fine_grid_steps3000_R20_v1
voter,rho_8,0.14999999999999999,2250,20,0.6783129364889438,0.13760837754410107,0.030770168646206554,1.0,0.0,0.0,final_fine_grid_steps3000_R20_v1
voter,rho_8,0.14999999999999999,2300,20,0.6878419253563327,0.14994993725993655,0.033529825293504664,1.0,0.0,0.0,final_fine_grid_steps3000_R20_v1
voter,rho_8,0.14999999999999999,2350,20,0.6899652057168604,0.184157512742967,0.04117887170605579,1.0,0.0,0.0,final_fine_grid_steps3000_R20_v1
voter,rho_8,0.14999999999999999,2400,20,0.6281112783858684,0.21059252429727177,0.04708991998819758,1.0,0.0,0.0,final_fine_grid_steps3000_R20_v1
voter,rho_8,0.14999999999999999,2450,20,0.6561388036595368,0.17507640678800582,0.03914827468343866,0.999875,0.0005448623679425726,0.00012183492931010944,final_fine_grid_steps3000_R20_v1
voter,rho_8,0.14999999999999999,2500,20,0.6132631473802399,0.1892201548419275,0.04231091289395859,1.0,0.0,0.0,final_fine_grid_steps3000_R20_v1
voter,rho_8,0.14999999999999999,2550,20,0.6152988423261206,0.20669259340235246,0.04621786892933846,0.999875,0.0005448623679425726,0.00012183492931010944,final_fine_grid_steps3000_R20_v1
voter,rho_8,0.14999999999999999,2600,20,0.61157804184705,0.23145293963338406,0.0517544506612402,1.0,0.0,0.0,final_fine_grid_steps3000_R20_v1
voter,rho_8,0.14999999999999999,2650,20,0.6392252084799086,0.2290927039369394,0.051226685915223016,0.999625,0.0011250000000000092,0.0002515576474687284,final_fine_grid_steps3000_R20_v1
voter,rho_8,0.14999999999999999,2700,20,0.6181859779725315,0.23955889231458202,0.05356699678299573,0.9995625,0.0011370878374162739,0.0002542605700851017,final_fine_grid_steps3000_R20_v1
voter,rho_8,0.14999999999999999,2750,20,0.6344027807634613,0.2121033056472544,0.047427740967967584,0.9994999999999999,0.0015512092057488561,0.00034686092313778995,final_fine_grid_steps3000_R20_v1
voter,rho_8,0.14999999999999999,2800,20,0.6132335456314637,0.19651993249816724,0.0439431927999572,0.999875,0.0005448623679425726,0.00012183492931010944,final_fine_grid_steps3000_R20_v1
voter,rho_8,0.14999999999999999,2850,20,0.6000668780882974,0.22430013765225376,0.05015503551529995,1.0,0.0,0.0,final_fine_grid_steps3000_R20_v1
voter,rho_8,0.14999999999999999,2900,20,0.5970362340922648,0.20817652782000154,0.046549686752539954,0.999875,0.0005448623679425726,0.00012183492931010944,final_fine_grid_steps3000_R20_v1
voter,rho_8,0.14999999999999999,2950,20,0.5764421820141303,0.2247488070078614,0.05025536103315592,0.9999375,0.0002724311839712863,6.091746465505472e-05,final_fine_grid_steps3000_R20_v1
voter,rho_8,0.14999999999999999,3000,20,0.5482962980975805,0.24369998112834834,0.054492972391840276,0.9998125,0.0008172935519138831,0.00018275239396516957,final_fine_grid_steps3000_R20_v1
voter,rho_8,0.20000000000000001,0,20,0.028166897719741884,0.012115518368031365,0.0027091122653565445,1.0,0.0,0.0,final_fine_grid_steps3000_R20_v1
voter,rho_8,0.20000000000000001,50,20,0.18571314401020808,0.10515372354752017,0.023513087393947543,1.0,0.0,0.0,final_fine_grid_steps3000_R20_v1
voter,rho_8,0.20000000000000001,100,20,0.29997011029331927,0.12429413690604325,0.02779301393265781,1.0,0.0,0.0,final_fine_grid_steps3000_R20_v1
voter,rho_8,0.20000000000000001,150,20,0.30447361006929896,0.15879133509354013,0.035506821950710366,1.0,0.0,0.0,final_fine_grid_steps3000_R20_v1
voter,rho_8,0.20000000000000001,200,20,0.365399736982277,0.18790897331942988,0.04201772379244395,1.0,0.0,0.0,final_fine_grid_steps3000_R20_v1
voter,rho_8,0.20000000000000001,250,20,0.4198399162525514,0.17346100099682837,0.0387870589674067,1.0,0.0,0.0,final_fine_grid_steps3000_R20_v1
voter,rho_8,0.20000000000000001,300,20,0.39418922662438727,0.1777910627716012,0.039755290214923245,1.0,0.0,0.0,final_fine_grid_steps3000_R20_v1
voter,rho_8,0.20000000000000001,350,20,0.379275781981488,0.22748029254650803,0.05086613976755307,1.0,0.0,0.0,final_fine_grid_steps3000_R20_v1
voter,rho_8,0.20000000000000001,400,20,0.3959116759738711,0.2179967191993607,0.0487455483001704,0.9999375,0.0002724311839712863,6.091746465505472e-05,final_fine_grid_steps3000_R20_v1
voter,rho_8,0.20000000000000001,450,20,0.4140280309776953,0.26892722491032195,0.060133955589985466,1.0,0.0,0.0,final_fine_grid_steps3000_R20_v1
voter,rho_8,0.20000000000000001,500,20,0.45806847180639815,0.22108499479256044,0.049436107716135214,1.0,0.0,0.0,final_fine_grid_steps3000_R20_v1
voter,rho_8,0.20000000000000001,550,20,0.4872422735469498,0.1974011099378824,0.04414023006550143,1.0,0.0,0.0,final_fine_grid_steps3000_R20_v1
voter,rho_8,0.20000000000000001,600,20,0.47755414860902806,0.18622180337163866,0.041640461123158355,1.0,0.0,0.0,final_fine_grid_steps3000_R20_v1
voter,rho_8,0.20000000000000001,650,20,0.4376428656919343,0.19295343306975277,0.04314569928359231,1.0,0.0,0.0,final_fine_grid_steps3000_R20_v1
voter,rho_8,0.20000000000000001,700,20,0.4310473580542137,0.16313516795517646,0.03647813250686199,1.0,0.0,0.0,final_fine_grid_steps3000_R20_v1
voter,rho_8,0.20000000000000001,750,20,0.43209081083135803,0.17685131690713343,0.03954515665147082,1.0,0.0,0.0,final_fine_grid_steps3000_R20_v1
voter,rho_8,0.20000000000000001,800,20,0.449289436401508,0.189894384608594,0.0424616752530306,1.0,0.0,0.0,final_fine_grid_steps3000_R20_v1
voter,rho_8,0.20000000000000001,850,20,0.465975767645247,0.19582404767148606,0.04378758822226022,1.0,0.0,0.0,final_fine_grid_steps3000_R20_v1
voter,rho_8,0.20000000000000001,900,20,0.44451580551237757,0.1845084063141386,0.04125733389385653,0.9999375,0.0002724311839712863,6.091746465505472e-05,final_fine_grid_steps3000_R20_v1
voter,rho_8,0.20000000000000001,950,20,0.4589510737733858,0.18362273173518942,0.04105929103740914,1.0,0.0,0.0,final_fine_grid_steps3000_R20_v1
voter,rho_8,0.20000000000000001,1000,20,0.49276706983108126,0.1337419688121977,0.029905613370873083,1.0,0.0,0.0,final_fine_grid_steps3000_R20_v1
voter,rho_8,0.20000000000000001,1050,20,0.49517412084540496,0.17969914457183112,0.04018195027611767,1.0,0.0,0.0,final_fine_grid_steps3000_R20_v1
voter,rho_8,0.20000000000000001,1100,20,0.5050313960996122,0.20019512638441087,0.04476499113597043,1.0,0.0,0.0,final_fine_grid_steps3000_R20_v1
voter,rho_8,0.20000000000000001,1150,20,0.5128933550982413,0.19331192754332666,0.04322586108483923,0.9993124999999999,0.0024835395607881853,0.0005553363282732353,final_fine_grid_steps3000_R20_v1
voter,rho_8,0.20000000000000001,1200,20,0.5024279184257754,0.2222546583112721,0.0496976524299993,0.999875,0.0005448623679425726,0.00012183492931010944,final_fine_grid_steps3000_R20_v1
voter,rho_8,0.20000000000000001,1250,20,0.5247784629189557,0.2150430181776922,0.048085080673204265,0.9996875,0.0009581068572972428,0.00021423920626253252,final_fine_grid_steps3000_R20_v1
voter,rho_8,0.20000000000000001,1300,20,0.4678104328132802,0.2166360604691432,0.048441295758675916,0.999875,0.0005448623679425726,0.00012183492931010944,final_fine_grid_steps3000_R20_v1
voter,rho_8,0.20000000000000001,1350,20,0.48986084111526446,0.1948596861213869,0.043571950424169344,1.0,0.0,0.0,final_fine_grid_steps3000_R20_v1
voter,rho_8,0.20000000000000001,1400,20,0.5510259647918981,0.19818194492803654,0.04431483007722093,0.999875,0.0005448623679425726,0.00012183492931010944,final_fine_grid_steps3000_R20_v1
voter,rho_8,0.20000000000000001,1450,20,0.5728626463803866,0.16930746871236715,0.037858300913927175,1.0,0.0,0.0,final_fine_grid_steps3000_R20_v1
voter,rho_8,0.20000000000000001,1500,20,0.5678963896238937,0.17119482898023472,0.03828032749962558,1.0,0.0,0.0,final_fine_grid_steps3000_R20_v1
voter,rho_8,0.20000000000000001,1550,20,0.5724491562609696,0.1472903515187598,0.03293512384257863,0.999875,0.0005448623679425726,0.00012183492931010944,final_fine_grid_steps3000_R20_v1
voter,rho_8,0.20000000000000001,1600,20,0.5377189015695693,0.17120907069862779,0.03828351204466991,0.999875,0.0005448623679425726,0.00012183492931010944,final_fine_grid_steps3000_R20_v1
voter,rho_8,0.20000000000000001,1650,20,0.4965016338287134,0.16241981425111482,0.03631817455583818,0.9985625,0.005718323071495697,0.0012786559105169768,final_fine_grid_steps3000_R20_v1
voter,rho_8,0.20000000000000001,1700,20,0.5199638268406764,0.1454106385448746,0.03251480724379907,0.998375,0.005729583318182919,0.0012811737782205813,final_fine_grid_steps3000_R20_v1
voter,rho_8,0.20000000000000001,1750,20,0.5446155611201218,0.14394989516903234,0.032188175095192485,0.999875,0.0005448623679425726,0.00012183492931010944,final_fine_grid_steps3000_R20_v1
voter,rho_8,0.20000000000000001,1800,20,0.5351276380396703,0.14309635609170063,0.031997317955355875,0.9996875,0.0009581068572972428,0.00021423920626253252,final_fine_grid_steps3000_R20_v1
voter,rho_8,0.20000000000000001,1850,20,0.5118756023929352,0.19597589265445522,0.043821541792656356,0.9990625,0.0017622340224839575,0.00039404750665370214,final_fine_grid_steps3000_R20_v1
voter,rho_8,0.20000000000000001,1900,20,0.49002735371995165,0.1836380457908367,0.041062715364353,0.999625,0.0011250000000000092,0.0002515576474687284,final_fine_grid_steps3000_R20_v1
voter,rho_8,0.20000000000000001,1950,20,0.4773242258403753,0.15871531461346505,0.03548982325459736,1.0,0.0,0.0,final_fine_grid_steps3000_R20_v1
voter,rho_8,0.20000000000000001,2000,20,0.47288331940794526,0.20076394016149862,0.0448921817631811,1.0,0.0,0.0,final_fine_grid_steps3000_R20_v1
voter,rho_8,0.20000000000000001,2050,20,0.4827279832081765,0.18785020683097295,0.042004583206145085,0.9994999999999999,0.0012747548783981887,0.0002850438562747828,final_fine_grid_steps3000_R20_v1
voter,rho_8,0.20000000000000001,2100,20,0.5054698154754322,0.19435862256683537,0.043459909207266854,0.9996875,0.0009581068572972428,0.00021423920626253252,final_fine_grid_steps3000_R20_v1
voter,rho_8,0.20000000000000001,2150,20,0.49111694509887566,0.1726696199992878,0.03861010079674647,0.9995625,0.001327297536349711,0.00029679275176459517,final_fine_grid_steps3000_R20_v1
voter,rho_8,0.20000000000000001,2200,20,0.5039192173453722,0.19510220711953563,0.04362617976795251,0.9994999999999999,0.0012119199643540863,0.0002709935423584859,final_fine_grid_steps3000_R20_v1
voter,rho_8,0.20000000000000001,2250,20,0.5295157448884292,0.17664747906402453,0.03949957712411298,0.9993124999999999,0.001396144243980549,0.0003121873435935559,final_fine_grid_steps3000_R20_v1
voter,rho_8,0.20000000000000001,2300,20,0.5367470060633728,0.2114665046569249,0.047285347937715994,0.9994375,0.0015549819130780897,0.00034770452614252777,final_fine_grid_steps3000_R20_v1
voter,rho_8,0.20000000000000001,2350,20,0.5019772760974821,0.21866831513950868,0.04889572171772878,0.9996875,0.0009581068572972428,0.00021423920626253252,final_fine_grid_steps3000_R20_v1
voter,rho_8,0.20000000000000001,2400,20,0.5052909568560782,0.1804037603571026,0.04033950715550631,0.99975,0.000749999999999984,0.00016770509831248064,final_fine_grid_steps3000_R20_v1
voter,rho_8,0.20000000000000001,2450,20,0.5354222138726752,0.1471429591832424,0.032902165914420696,0.9994999999999999,0.0016955824957813038,0.00037914377220257453,final_fine_grid_steps3000_R20_v1
voter,rho_8,0.20000000000000001,2500,20,0.4698971850493434,0.20093461156726455,0.04493034504969191,0.99975,0.0010897247358851695,0.00024366985862022433,final_fine_grid_steps3000_R20_v1
voter,rho_8,0.20000000000000001,2550,20,0.4725382153653386,0.21139215358503732,0.04726872253262193,1.0,0.0,0.0,final_fine_grid_steps3000_R20_v1
voter,rho_8,0.20000000000000001,2600,20,0.4461872030328048,0.2107105651859862,0.04711631473332657,0.9996875,0.0009581068572972428,0.00021423920626253252,final_fine_grid_steps3000_R20_v1
voter,rho_8,0.20000000000000001,2650,20,0.44510460702725857,0.1801346427645766,0.040279330632423394,0.999875,0.0005448623679425726,0.00012183492931010944,final_fine_grid_steps3000_R20_v1
voter,rho_8,0.20000000000000001,2700,20,0.4562005260614087,0.20021064202468625,0.04476846053860745,0.999875,0.0005448623679425726,0.00012183492931010944,final_fine_grid_steps3000_R20_v1
voter,rho_8,0.20000000000000001,2750,20,0.44178417333254794,0.2040018702421605,0.04561620493985623,0.9993124999999999,0.0029967430236842217,0.0006700921112056181,final_fine_grid_steps3000_R20_v1
voter,rho_8,0.20000000000000001,2800,20,0.45507628654269106,0.1785140117291642,0.03991694651626059,0.9990625,0.0026479650205393527,0.0005921029787967619,final_fine_grid_steps3000_R20_v1
voter,rho_8,0.20000000000000001,2850,20,0.4501879937839627,0.18881989477338698,0.042221412021765055,0.9990625,0.002874320571891721,0.0006427176187875959,final_fine_grid_steps3000_R20_v1
voter,rho_8,0.20000000000000001,2900,20,0.46226873356057097,0.20591027062953243,0.046042936239301294,0.9993124999999999,0.0029967430236842217,0.0006700921112056181,final_fine_grid_steps3000_R20_v1
voter,rho_8,0.20000000000000001,2950,20,0.44859874010270573,0.19879235984336133,0.044451323001735536,0.999375,0.001605654072333137,0.0003590351654086259,final_fine_grid_steps3000_R20_v1
voter,rho_8,0.20000000000000001,3000,20,0.5101220315226118,0.2018318237389715,0.0451309677903096,0.9994999999999999,0.0015512092057488561,0.00034686092313778995,final_fine_grid_steps3000_R20_v1
voter,rho_8,0.29999999999999999,0,20,0.03558633399517878,0.015023839491299566,0.003359432638559169,1.0,0.0,0.0,final_fine_grid_steps3000_R20_v1
voter,rho_8,0.29999999999999999,50,20,0.18584793272603958,0.0793442283828653,0.0177419088286355,1.0,0.0,0.0,final_fine_grid_steps3000_R20_v1
voter,rho_8,0.29999999999999999,100,20,0.20971016138886417,0.11584647621628516,0.025904059577342625,1.0,0.0,0.0,final_fine_grid_steps3000_R20_v1
voter,rho_8,0.29999999999999999,150,20,0.2581460686691709,0.12515586815114108,0.027985702896895236,1.0,0.0,0.0,final_fine_grid_steps3000_R20_v1
voter,rho_8,0.29999999999999999,200,20,0.27126224394179166,0.1426861704453514,0.031905597656492715,1.0,0.0,0.0,final_fine_grid_steps3000_R20_v1
voter,rho_8,0.29999999999999999,250,20,0.28442854804342355,0.13331864012303452,0.029810954198293608,1.0,0.0,0.0,final_fine_grid_steps3000_R20_v1
voter,rho_8,0.29999999999999999,300,20,0.3037067470554796,0.16910010373692907,0.03781193269580396,1.0,0.0,0.0,final_fine_grid_steps3000_R20_v1
voter,rho_8,0.29999999999999999,350,20,0.2758844730532647,0.17718956035809963,0.03962079018640127,1.0,0.0,0.0,final_fine_grid_steps3000_R20_v1
voter,rho_8,0.29999999999999999,400,20,0.34127600209024933,0.13476467887952043,0.030134298294053785,1.0,0.0,0.0,final_fine_grid_steps3000_R20_v1
voter,rho_8,0.29999999999999999,450,20,0.31445544402549813,0.13439715749551856,0.03005211801427249,1.0,0.0,0.0,final_fine_grid_steps3000_R20_v1
voter,rho_8,0.29999999999999999,500,20,0.3354487353745602,0.1306937046258986,0.0292240007774788,1.0,0.0,0.0,final_fine_grid_steps3000_R20_v1
voter,rho_8,0.29999999999999999,550,20,0.3372481737682948,0.11708198880307161,0.026180328590453734,1.0,0.0,0.0,final_fine_grid_steps3000_R20_v1
voter,rho_8,0.29999999999999999,600,20,0.34711474870656045,0.14651366065969948,0.03276145048674247,1.0,0.0,0.0,final_fine_grid_steps3000_R20_v1
voter,rho_8,0.29999999999999999,650,20,0.33317425601194073,0.14749624681655585,0.032981163430790585,0.9993124999999999,0.0029967430236842217,0.0006700921112056181,final_fine_grid_steps3000_R20_v1
voter,rho_8,0.29999999999999999,700,20,0.3696202172854762,0.15681049553267065,0.035063892759647865,1.0,0.0,0.0,final_fine_grid_steps3000_R20_v1
voter,rho_8,0.29999999999999999,750,20,0.30726786278453555,0.19828665004809243,0.04433824285382466,1.0,0.0,0.0,final_fine_grid_steps3000_R20_v1
voter,rho_8,0.29999999999999999,800,20,0.31062218794720065,0.16313170698591772,0.03647735861060893,1.0,0.0,0.0,final_fine_grid_steps3000_R20_v1
voter,rho_8,0.29999999999999999,850,20,0.3367905703019605,0.14228382045821536,0.03181562946429448,1.0,0.0,0.0,final_fine_grid_steps3000_R20_v1
voter,rho_8,0.29999999999999999,900,20,0.33890472726200527,0.16312636673894756,0.03647616449508474,1.0,0.0,0.0,final_fine_grid_steps3000_R20_v1
voter,rho_8,0.29999999999999999,950,20,0.3916115765880628,0.1857204241448965,0.04152834931980818,1.0,0.0,0.0,final_fine_grid_steps3000_R20_v1
voter,rho_8,0.29999999999999999,1000,20,0.4163934918630473,0.12370770377916206,0.027661883499061398,1.0,0.0,0.0,final_fine_grid_steps3000_R20_v1
voter,rho_8,0.29999999999999999,1050,20,0.3548344189104672,0.16456868986989942,0.036798677751717614,1.0,0.0,0.0,final_fine_grid_steps3000_R20_v1
voter,rho_8,0.29999999999999999,1100,20,0.3370321046820805,0.16951692731759957,0.03790513728190437,1.0,0.0,0.0,final_fine_grid_steps3000_R20_v1
voter,rho_8,0.29999999999999999,1150,20,0.34603523195557306,0.1687605387672003,0.03773600366029484,1.0,0.0,0.0,final_fine_grid_steps3000_R20_v1
voter,rho_8,0.29999999999999999,1200,20,0.40263192075018706,0.14342707460469611,0.032071268863003426,1.0,0.0,0.0,final_fine_grid_steps3000_R20_v1
voter,rho_8,0.29999999999999999,1250,20,0.4060737188841599,0.15736787548578224,0.03518852670609318,1.0,0.0,0.0,final_fine_grid_steps3000_R20_v1
voter,rho_8,0.29999999999999999,1300,20,0.4274356542008787,0.17650620524762803,0.03946798733842263,1.0,0.0,0.0,final_fine_grid_steps3000_R20_v1
voter,rho_8,0.29999999999999999,1350,20,0.3851610983400944,0.1963092953411068,0.043896092899779755,0.9991875,0.0024454996933142305,0.0005468303553205508,final_fine_grid_steps3000_R20_v1
voter,rho_8,0.29999999999999999,1400,20,0.41426235939953165,0.1997590310862254,0.04466747726282936,1.0,0.0,0.0,final_fine_grid_steps3000_R20_v1
voter,rho_8,0.29999999999999999,1450,20,0.35729306929277505,0.17095428566220425,0.03822654037856063,1.0,0.0,0.0,final_fine_grid_steps3000_R20_v1
voter,rho_8,0.29999999999999999,1500,20,0.35926754247132175,0.13179703060432102,0.0294707119663882,0.999875,0.0005448623679425726,0.00012183492931010944,final_fine_grid_steps3000_R20_v1
voter,rho_8,0.29999999999999999,1550,20,0.34201080163126657,0.14831242495944935,0.03316366641171652,1.0,0.0,0.0,final_fine_grid_steps3000_R20_v1
voter,rho_8,0.29999999999999999,1600,20,0.359658687379892,0.14812415225538988,0.03312156735525806,0.999875,0.0005448623679425726,0.00012183492931010944,final_fine_grid_steps3000_R20_v1
voter,rho_8,0.29999999999999999,1650,20,0.381275781923025,0.17518575787020263,0.039172726328759185,0.99975,0.000749999999999984,0.00016770509831248064,final_fine_grid_steps3000_R20_v1
voter,rho_8,0.29999999999999999,1700,20,0.3965303829123618,0.17466955355720587,0.03905729953534525,1.0,0.0,0.0,final_fine_grid_steps3000_R20_v1
voter,rho_8,0.29999999999999999,1750,20,0.3912168073120114,0.16088278745639847,0.03597448491621574,1.0,0.0,0.0,final_fine_grid_steps3000_R20_v1
voter,rho_8,0.29999999999999999,1800,20,0.36886029267576287,0.15834384752265065,0.03540676068795085,0.999875,0.0005448623679425726,0.00012183492931010944,final_fine_grid_steps3000_R20_v1
voter,rho_8,0.29999999999999999,1850,20,0.3458429975979409,0.13129315139938189,0.029358041150918952,0.9994999999999999,0.0012747548783981887,0.0002850438562747828,final_fine_grid_steps3000_R20_v1
voter,rho_8,0.29999999999999999,1900,20,0.31812686395765866,0.1506403569646875,0.03368420783278751,0.999875,0.0005448623679425726,0.00012183492931010944,final_fine_grid_steps3000_R20_v1
voter,rho_8,0.29999999999999999,1950,20,0.3098007508065862,0.15653991813390347,0.035003389813966015,0.999875,0.0005448623679425726,0.00012183492931010944,final_fine_grid_steps3000_R20_v1
voter,rho_8,0.29999999999999999,2000,20,0.33455462627774846,0.15299409279058504,0.034210519163565864,1.0,0.0,0.0,final_fine_grid_steps3000_R20_v1
voter,rho_8,0.29999999999999999,2050,20,0.33951634398419644,0.1903447770557649,0.04256238606587326,1.0,0.0,0.0,final_fine_grid_steps3000_R20_v1
voter,rho_8,0.29999999999999999,2100,20,0.342686937832522,0.17653095193524218,0.039473520865994954,1.0,0.0,0.0,final_fine_grid_steps3000_R20_v1
voter,rho_8,0.29999999999999999,2150,20,0.3358121613797534,0.14722316539131064,0.0329201005677665,0.999875,0.0005448623679425726,0.00012183492931010944,final_fine_grid_steps3000_R20_v1
voter,rho_8,0.29999999999999999,2200,20,0.34889886640630513,0.1273431186297372,0.028474786972291225,1.0,0.0,0.0,final_fine_grid_steps3000_R20_v1
voter,rho_8,0.29999999999999999,2250,20,0.3544544888273979,0.12623367015614037,0.028226706751841635,0.99975,0.0010897247358851695,0.00024366985862022433,final_fine_grid_steps3000_R20_v1
voter,rho_8,0.29999999999999999,2300,20,0.373195284299328,0.13279020402161187,0.029692792293839008,0.9999375,0.0002724311839712863,6.091746465505472e-05,final_fine_grid_steps3000_R20_v1
voter,rho_8,0.29999999999999999,2350,20,0.4092746776154937,0.15924979692221392,0.03560933713211071,1.0,0.0,0.0,final_fine_grid_steps3000_R20_v1
voter,rho_8,0.29999999999999999,2400,20,0.3858017409404565,0.18049755044452614,0.04036047925661578,0.999875,0.0005448623679425726,0.00012183492931010944,final_fine_grid_steps3000_R20_v1
voter,rho_8,0.29999999999999999,2450,20,0.3710865267117794,0.15433857096308143,0.034511153622362525,0.999875,0.0005448623679425726,0.00012183492931010944,final_fine_grid_steps3000_R20_v1
voter,rho_8,0.29999999999999999,2500,20,0.3452849217853939,0.13048520072394276,0.029177377887644077,0.999875,0.0005448623679425726,0.00012183492931010944,final_fine_grid_steps3000_R20_v1
voter,rho_8,0.29999999999999999,2550,20,0.3626073769671391,0.14730353122063314,0.03293807091350982,0.999875,0.0005448623679425726,0.00012183492931010944,final_fine_grid_steps3000_R20_v1
voter,rho_8,0.29999999999999999,2600,20,0.3968799257996646,0.14113061693058096,0.031557765316326175,0.9984375,0.006260927946399012,0.0013999860490376348,final_fine_grid_steps3000_R20_v1
voter,rho_8,0.29999999999999999,2650,20,0.37937094725051607,0.1671656625993688,0.03737937850759828,0.9993124999999999,0.0029967430236842217,0.0006700921112056181,final_fine_grid_steps3000_R20_v1
voter,rho_8,0.29999999999999999,2700,20,0.3411088422132869,0.18685191527797923,0.0417813584287593,1.0,0.0,0.0,final_fine_grid_steps3000_R20_v1
voter,rho_8,0.29999999999999999,2750,20,0.349523004045039,0.18816750771568794,0.04207553384089944,1.0,0.0,0.0,final_fine_grid_steps3000_R20_v1
voter,rho_8,0.29999999999999999,2800,20,0.3035669971312184,0.13909010285340023,0.031101492497764036,0.9996875,0.0013621559198564556,0.00030458732327527904,final_fine_grid_steps3000_R20_v1
voter,rho_8,0.29999999999999999,2850,20,0.31784344285551824,0.14062739811140454,0.03144524216760261,0.99975,0.000749999999999984,0.00016770509831248064,final_fine_grid_steps3000_R20_v1
voter,rho_8,0.29999999999999999,2900,20,0.3131502468286339,0.16758292157749902,0.037472680451530405,0.99975,0.000749999999999984,0.00016770509831248064,final_fine_grid_steps3000_R20_v1
voter,rho_8,0.29999999999999999,2950,20,0.3366732207405275,0.13464408096323363,0.030107331780177576,0.9996875,0.0009581068572972428,0.00021423920626253252,final_fine_grid_steps3000_R20_v1
voter,rho_8,0.29999999999999999,3000,20,0.363691770247219,0.15407439403818718,0.03445208186614748,0.99975,0.000749999999999984,0.00016770509831248064,final_fine_grid_steps3000_R20_v1
voter,rho_8,0.40000000000000002,0,20,0.02997363705900034,0.01831905000718351,0.004096264109928034,1.0,0.0,0.0,final_fine_grid_steps3000_R20_v1
voter,rho_8,0.40000000000000002,50,20,0.21886455933450452,0.08217419570509345,0.01837470875929602,1.0,0.0,0.0,final_fine_grid_steps3000_R20_v1
voter,rho_8,0.40000000000000002,100,20,0.2050212464822752,0.11937508329421623,0.0266930801065567,1.0,0.0,0.0,final_fine_grid_steps3000_R20_v1
voter,rho_8,0.40000000000000002,150,20,0.21449371890342098,0.14303342082777185,0.03198324520252321,1.0,0.0,0.0,final_fine_grid_steps3000_R20_v1
voter,rho_8,0.40000000000000002,200,20,0.23811998762878755,0.08980123326021601,0.020080166203315805,1.0,0.0,0.0,final_fine_grid_steps3000_R20_v1
voter,rho_8,0.40000000000000002,250,20,0.22676582996703085,0.10140089393469981,0.02267392918172349,1.0,0.0,0.0,final_fine_grid_steps3000_R20_v1
voter,rho_8,0.40000000000000002,300,20,0.23348605848456674,0.1432164854366471,0.03202417969349516,1.0,0.0,0.0,final_fine_grid_steps3000_R20_v1
voter,rho_8,0.40000000000000002,350,20,0.2552004484845097,0.11686641056050925,0.026132123829969798,1.0,0.0,0.0,final_fine_grid_steps3000_R20_v1
voter,rho_8,0.40000000000000002,400,20,0.28458934207172254,0.1182630135326969,0.02644441374830878,1.0,0.0,0.0,final_fine_grid_steps3000_R20_v1
voter,rho_8,0.40000000000000002,450,20,0.2511900743583696,0.14962034726339166,0.033456126729806836,1.0,0.0,0.0,final_fine_grid_steps3000_R20_v1
voter,rho_8,0.40000000000000002,500,20,0.2513114040619459,0.12703046059505457,0.02840487451036504,1.0,0.0,0.0,final_fine_grid_steps3000_R20_v1
voter,rho_8,0.40000000000000002,550,20,0.2785964881920036,0.12363123582097649,0.027644784743801044,1.0,0.0,0.0,final_fine_grid_steps3000_R20_v1
voter,rho_8,0.40000000000000002,600,20,0.28285927936839095,0.11243675743791985,0.025141623280084388,1.0,0.0,0.0,final_fine_grid_steps3000_R20_v1
voter,rho_8,0.40000000000000002,650,20,0.28971141832886527,0.13496704221718211,0.030179548111970312,0.999875,0.0005448623679425726,0.00012183492931010944,final_fine_grid_steps3000_R20_v1
voter,rho_8,0.40000000000000002,700,20,0.2604060662546399,0.1251421557858973,0.027982636718813497,1.0,0.0,0.0,final_fine_grid_steps3000_R20_v1
voter,rho_8,0.40000000000000002,750,20,0.24748539879793469,0.11106053359477082,0.02483389027353066,1.0,0.0,0.0,final_fine_grid_steps3000_R20_v1
voter,rho_8,0.40000000000000002,800,20,0.2352451442664119,0.12216041849959386,0.027315899992491472,1.0,0.0,0.0,final_fine_grid_steps3000_R20_v1
voter,rho_8,0.40000000000000002,850,20,0.23963142984142832,0.10042513025952869,0.022455741790957724,1.0,0.0,0.0,final_fine_grid_steps3000_R20_v1
voter,rho_8,0.40000000000000002,900,20,0.28625718294204183,0.13203625680234202,0.029524204570465576,1.0,0.0,0.0,final_fine_grid_steps3000_R20_v1
voter,rho_8,0.40000000000000002,950,20,0.3140779407816094,0.12348309596887908,0.027611659665854386,0.9994999999999999,0.0014469796128487695,0.00032355447763861766,final_fine_grid_steps3000_R20_v1
voter,rho_8,0.40000000000000002,1000,20,0.2575868851453677,0.13645341760535779,0.030511911752774658,1.0,0.0,0.0,final_fine_grid_steps3000_R20_v1
voter,rho_8,0.40000000000000002,1050,20,0.2881883827561603,0.11923044519805577,0.026660738045041606,0.9996875,0.0013621559198564556,0.00030458732327527904,final_fine_grid_steps3000_R20_v1
voter,rho_8,0.40000000000000002,1100,20,0.2616181539970152,0.11171276820245864,0.024979734365537447,1.0,0.0,0.0,final_fine_grid_steps3000_R20_v1
voter,rho_8,0.40000000000000002,1150,20,0.2772091402475966,0.1250718459044465,0.027966914951372105,0.999625,0.001634587103827742,0.0003655047879303338,final_fine_grid_steps3000_R20_v1
voter,rho_8,0.40000000000000002,1200,20,0.30467921814341625,0.13515038405978724,0.030220544594288825,1.0,0.0,0.0,final_fine_grid_steps3000_R20_v1
voter,rho_8,0.40000000000000002,1250,20,0.30585568136954966,0.13462600687051146,0.030103290290181734,0.999,0.002639839010242855,0.0005902859476558786,final_fine_grid_steps3000_R20_v1
voter,rho_8,0.40000000000000002,1300,20,0.3099200057868407,0.10771747682060445,0.024086360053562947,0.9994375,0.0013961442439805428,0.0003121873435935545,final_fine_grid_steps3000_R20_v1
voter,rho_8,0.40000000000000002,1350,20,0.31326836575696154,0.09667123850530378,0.02161634607669544,0.9994375,0.0013961442439805428,0.0003121873435935545,final_fine_grid_steps3000_R20_v1
voter,rho_8,0.40000000000000002,1400,20,0.2942926477494314,0.14661915512204143,0.03278503976564711,1.0,0.0,0.0,final_fine_grid_steps3000_R20_v1
voter,rho_8,0.40000000000000002,1450,20,0.30698985947489327,0.1273602474511061,0.028478617093186755,1.0,0.0,0.0,final_fine_grid_steps3000_R20_v1
voter,rho_8,0.40000000000000002,1500,20,0.30293167045706515,0.15132060018065394,0.033836314840000915,0.9999375,0.0002724311839712863,6.091746465505472e-05,final_fine_grid_steps3000_R20_v1
voter,rho_8,0.40000000000000002,1550,20,0.2802163106896899,0.1082970865430881,0.024215964727552268,1.0,0.0,0.0,final_fine_grid_steps3000_R20_v1
voter,rho_8,0.40000000000000002,1600,20,0.2579981699125272,0.12796698325044997,0.02861428734235831,1.0,0.0,0.0,final_fine_grid_steps3000_R20_v1
voter,rho_8,0.40000000000000002,1650,20,0.26764097056428554,0.12249837957394656,0.02739147038609162,0.99975,0.000749999999999984,0.00016770509831248064,final_fine_grid_steps3000_R20_v1
voter,rho_8,0.40000000000000002,1700,20,0.32928517449021283,0.10602421116720534,0.023707734343066344,0.999625,0.0008926785535678372,0.00019960899278338715,final_fine_grid_steps3000_R20_v1
voter,rho_8,0.40000000000000002,1750,20,0.2676954034750151,0.14669629326978673,0.0328022883798488,0.999875,0.0005448623679425726,0.00012183492931010944,final_fine_grid_steps3000_R20_v1
voter,rho_8,0.40000000000000002,1800,20,0.3031613611490003,0.132936158999144,0.029725428818980635,0.999875,0.0005448623679425726,0.00012183492931010944,final_fine_grid_steps3000_R20_v1
voter,rho_8,0.40000000000000002,1850,20,0.2885955409950418,0.1381245661712351,0.030885591932154954,0.999875,0.0005448623679425726,0.00012183492931010944,final_fine_grid_steps3000_R20_v1
voter,rho_8,0.40000000000000002,1900,20,0.3226303501187833,0.14538752673330638,0.0325096392856241,0.999625,0.0011924240017711781,0.0002666341125962684,final_fine_grid_steps3000_R20_v1
voter,rho_8,0.40000000000000002,1950,20,0.30242847293005026,0.13193469392283588,0.02950149442020894,0.99975,0.000749999999999984,0.00016770509831248064,final_fine_grid_steps3000_R20_v1
voter,rho_8,0.40000000000000002,2000,20,0.295370428460835,0.10961928269685499,0.024511616775493423,0.99975,0.000749999999999984,0.00016770509831248064,final_fine_grid_steps3000_R20_v1
voter,rho_8,0.40000000000000002,2050,20,0.2964654901746981,0.12262391507302874,0.027419540977045333,0.99975,0.000749999999999984,0.00016770509831248064,final_fine_grid_steps3000_R20_v1
voter,rho_8,0.40000000000000002,2100,20,0.3274168357706403,0.1143056240392279,0.025559514556224766,0.999875,0.0005448623679425726,0.00012183492931010944,final_fine_grid_steps3000_R20_v1
voter,rho_8,0.40000000000000002,2150,20,0.30453639854748765,0.12804064065328963,0.02863075763833787,1.0,0.0,0.0,final_fine_grid_steps3000_R20_v1
voter,rho_8,0.40000000000000002,2200,20,0.3438927285969318,0.1191629377908648,0.02664564292989523,1.0,0.0,0.0,final_fine_grid_steps3000_R20_v1
voter,rho_8,0.40000000000000002,2250,20,0.3051113330661792,0.09270803430712807,0.020730146677112097,0.999375,0.0027243118397129113,0.0006091746465505581,final_fine_grid_steps3000_R20_v1
voter,rho_8,0.40000000000000002,2300,20,0.26707837925409117,0.14706698672467663,0.03288517795624361,1.0,0.0,0.0,final_fine_grid_steps3000_R20_v1
voter,rho_8,0.40000000000000002,2350,20,0.2611683570714716,0.13815635202747814,0.0308926994656832,0.999875,0.0005448623679425726,0.00012183492931010944,final_fine_grid_steps3000_R20_v1
voter,rho_8,0.40000000000000002,2400,20,0.2931341878752992,0.1610443312705,0.03601060721118331,0.9998125,0.0005962120008855783,0.00013331705629813178,final_fine_grid_steps3000_R20_v1
voter,rho_8,0.40000000000000002,2450,20,0.35784347733372673,0.1287598966730304,0.028791588173674495,0.999875,0.0005448623679425726,0.00012183492931010944,final_fine_grid_steps3000_R20_v1
voter,rho_8,0.40000000000000002,2500,20,0.336714218142869,0.10584705231367052,0.023668120419134367,1.0,0.0,0.0,final_fine_grid_steps3000_R20_v1
voter,rho_8,0.40000000000000002,2550,20,0.31486327199096154,0.11278477885312882,0.02521944323428768,0.9998125,0.0008172935519138831,0.00018275239396516957,final_fine_grid_steps3000_R20_v1
voter,rho_8,0.40000000000000002,2600,20,0.3022023234754848,0.1337364342554104,0.029904375806352912,0.9995625,0.001327297536349711,0.00029679275176459517,final_fine_grid_steps3000_R20_v1
voter,rho_8,0.40000000000000002,2650,20,0.265526182423517,0.0968944863569908,0.021666265813915737,0.999375,0.0027243118397129113,0.0006091746465505581,final_fine_grid_steps3000_R20_v1
voter,rho_8,0.40000000000000002,2700,20,0.26101282988113683,0.11761360991235806,0.02629920268431757,0.999875,0.0005448623679425726,0.00012183492931010944,final_fine_grid_steps3000_R20_v1
voter,rho_8,0.40000000000000002,2750,20,0.2599669403428314,0.11492974248395851,0.025699071683067676,0.9998125,0.0008172935519138831,0.00018275239396516957,final_fine_grid_steps3000_R20_v1
voter,rho_8,0.40000000000000002,2800,20,0.28138694485446764,0.11376411814070833,0.02543843015629408,0.9995625,0.001327297536349711,0.00029679275176459517,final_fine_grid_steps3000_R20_v1
voter,rho_8,0.40000000000000002,2850,20,0.24730374577074432,0.13014128405332895,0.029100475782235288,1.0,0.0,0.0,final_fine_grid_steps3000_R20_v1
voter,rho_8,0.40000000000000002,2900,20,0.25868760047987494,0.12003488372650979,0.026840615968375916,0.9995625,0.001327297536349711,0.00029679275176459517,final_fine_grid_steps3000_R20_v1
voter,rho_8,0.40000000000000002,2950,20,0.2732098703589082,0.10842878834684237,0.024245414146147656,0.999125,0.002239559108396123,0.0005007806406002551,final_fine_grid_steps3000_R20_v1
voter,rho_8,0.40000000000000002,3000,20,0.2515421732255047,0.12414040234080741,0.027758637838821935,0.9998125,0.0008172935519138831,0.00018275239396516957,final_fine_grid_steps3000_R20_v1
voter,rho_8,0.5,0,20,0.03261848584685173,0.013674120708749484,0.003057626343730145,1.0,0.0,0.0,final_voter_base_coarse_v1
voter,rho_8,0.5,50,20,0.15794766123886356,0.07821066820663562,0.01748843706757188,1.0,0.0,0.0,final_voter_base_coarse_v1
voter,rho_8,0.5,100,20,0.1440152129405743,0.07853293464581362,0.017560498034058764,1.0,0.0,0.0,final_voter_base_coarse_v1
voter,rho_8,0.5,150,20,0.2141841063162493,0.08119462023637014,0.018155669025580367,1.0,0.0,0.0,final_voter_base_coarse_v1
voter,rho_8,0.5,200,20,0.20978260108694008,0.10640521572616768,0.023792929552424055,1.0,0.0,0.0,final_voter_base_coarse_v1
voter,rho_8,0.5,250,20,0.22041709733648518,0.11176585957909688,0.024991605958255662,1.0,0.0,0.0,final_voter_base_coarse_v1
voter,rho_8,0.5,300,20,0.23259980524725976,0.08507903584077367,0.01902425076001109,1.0,0.0,0.0,final_voter_base_coarse_v1
voter,rho_8,0.5,350,20,0.20192363957953846,0.09997047217191972,0.02235407715191635,1.0,0.0,0.0,final_voter_base_coarse_v1
voter,rho_8,0.5,400,20,0.2063791807566277,0.09559465222488425,0.02137561406602927,1.0,0.0,0.0,final_voter_base_coarse_v1
voter,rho_8,0.5,450,20,0.1900862658460515,0.09664350444253691,0.021610144551731544,1.0,0.0,0.0,final_voter_base_coarse_v1
voter,rho_8,0.5,500,20,0.20197824025171243,0.0957910607401119,0.02141953234517015,1.0,0.0,0.0,final_voter_base_coarse_v1
voter,rho_8,0.5,550,20,0.19738265686245876,0.10538492498273395,0.023564785606510895,0.999875,0.0005448623679425726,0.00012183492931010944,final_voter_base_coarse_v1
voter,rho_8,0.5,600,20,0.2236223691324546,0.08752337885950981,0.019570822475033195,0.999875,0.0005448623679425726,0.00012183492931010944,final_voter_base_coarse_v1
voter,rho_8,0.5,650,20,0.21082552379370684,0.08009164687179063,0.01790903668352322,0.999875,0.0005448623679425726,0.00012183492931010944,final_voter_base_coarse_v1
voter,rho_8,0.5,700,20,0.2517271587238701,0.09217665535245192,0.020611326730665232,0.99975,0.0010897247358851695,0.00024366985862022433,final_voter_base_coarse_v1
voter,rho_8,0.5,750,20,0.2193128070865557,0.1011523269886052,0.02261834792288078,0.9996875,0.0009581068572972428,0.00021423920626253252,final_voter_base_coarse_v1
voter,rho_8,0.5,800,20,0.2287505944639025,0.12240580883553143,0.027370770939709264,0.999875,0.0005448623679425726,0.00012183492931010944,final_voter_base_coarse_v1
voter,rho_8,0.5,850,20,0.2220177227185423,0.12062804360923247,0.026973250550305288,0.9996875,0.0009581068572972428,0.00021423920626253252,final_voter_base_coarse_v1
voter,rho_8,0.5,900,20,0.18812890112441888,0.09553671290170408,0.02136265843950915,1.0,0.0,0.0,final_voter_base_coarse_v1
voter,rho_8,0.5,950,20,0.21162131733512557,0.10969607464493367,0.02452878797709628,1.0,0.0,0.0,final_voter_base_coarse_v1
voter,rho_8,0.5,1000,20,0.22031908167381142,0.06775398656562219,0.015150251970733872,1.0,0.0,0.0,final_voter_base_coarse_v1
voter,rho_8,0.5,1050,20,0.17548317789077864,0.08378209249249005,0.018734245411038252,1.0,0.0,0.0,final_voter_base_coarse_v1
voter,rho_8,0.5,1100,20,0.22631755597883768,0.10403144767742582,0.023262138880443674,1.0,0.0,0.0,final_voter_base_coarse_v1
voter,rho_8,0.5,1150,20,0.25877271891783077,0.13917290898874882,0.031120008512523386,1.0,0.0,0.0,final_voter_base_coarse_v1
voter,rho_8,0.5,1200,20,0.244577837773137,0.10910576132890722,0.024396789906830432,0.9998125,0.0008172935519138831,0.00018275239396516957,final_voter_base_coarse_v1
voter,rho_8,0.5,1250,20,0.20528956718853753,0.10026210242181073,0.022419287658221508,1.0,0.0,0.0,final_voter_base_coarse_v1
voter,rho_8,0.5,1300,20,0.23126437850901413,0.10339354208764381,0.023119498854245708,1.0,0.0,0.0,final_voter_base_coarse_v1
voter,rho_8,0.5,1350,20,0.23358372019045687,0.09875770889285236,0.022082895038655338,0.999875,0.0005448623679425726,0.00012183492931010944,final_voter_base_coarse_v1
voter,rho_8,0.5,1400,20,0.20144109110606828,0.09983273609896204,0.02232327842970763,1.0,0.0,0.0,final_voter_base_coarse_v1
voter,rho_8,0.5,1450,20,0.2525434882852423,0.09997491702386373,0.022355071051026024,0.999875,0.0005448623679425726,0.00012183492931010944,final_voter_base_coarse_v1
voter,rho_8,0.5,1500,20,0.2683428202437222,0.11696937426169456,0.02615514721347633,0.999875,0.0005448623679425726,0.00012183492931010944,final_voter_base_coarse_v1
voter,rho_8,0.5,1550,20,0.19333540553802536,0.08404751956467948,0.018793596708686685,1.0,0.0,0.0,final_voter_base_coarse_v1
voter,rho_8,0.5,1600,20,0.21979305275576552,0.11900101110948022,0.026609435023200543,0.999875,0.0005448623679425726,0.00012183492931010944,final_voter_base_coarse_v1
voter,rho_8,0.5,1650,20,0.22391359885291698,0.09416590682776756,0.021056136882979984,0.99975,0.000749999999999984,0.00016770509831248064,final_voter_base_coarse_v1
voter,rho_8,0.5,1700,20,0.23413531766435985,0.14363805528685294,0.032118445577727625,0.9996875,0.0009581068572972428,0.00021423920626253252,final_voter_base_coarse_v1
voter,rho_8,0.5,1750,20,0.2266621158975947,0.1387862924904199,0.031033558435374746,1.0,0.0,0.0,final_voter_base_coarse_v1
voter,rho_8,0.5,1800,20,0.25442693268809685,0.09518688769382583,0.021284435145003274,0.99975,0.0010897247358851695,0.00024366985862022433,final_voter_base_coarse_v1
voter,rho_8,0.5,1850,20,0.2362395317006049,0.08842368705973042,0.01977213750867257,0.99975,0.0010897247358851695,0.00024366985862022433,final_voter_base_coarse_v1
voter,rho_8,0.5,1900,20,0.27220823912297504,0.14696460659448363,0.032862285063177926,0.9989375,0.002885172221895938,0.0006451441214953424,final_voter_base_coarse_v1
voter,rho_8,0.5,1950,20,0.23480672398343988,0.13799687593521695,0.030857039527374994,0.999625,0.001634587103827742,0.0003655047879303338,final_voter_base_coarse_v1
voter,rho_8,0.5,2000,20,0.23925517980246608,0.10713471174934494,0.02395604982213807,0.999875,0.0005448623679425726,0.00012183492931010944,final_voter_base_coarse_v1
voter,rho_8,0.5,2050,20,0.2247703374941631,0.1371260040701,0.030662306658365644,1.0,0.0,0.0,final_voter_base_coarse_v1
voter,rho_8,0.5,2100,20,0.21729881997400802,0.1210194258650804,0.027060766283231605,0.999625,0.0011924240017711781,0.0002666341125962684,final_voter_base_coarse_v1
voter,rho_8,0.5,2150,20,0.2418009852933441,0.1001489387130265,0.022393983483678756,1.0,0.0,0.0,final_voter_base_coarse_v1
voter,rho_8,0.5,2200,20,0.22503203362085458,0.10076689770803789,0.022532163315694045,0.9996875,0.0009581068572972428,0.00021423920626253252,final_voter_base_coarse_v1
voter,rho_8,0.5,2250,20,0.2511095395526305,0.14148777773611107,0.031637628900332566,1.0,0.0,0.0,final_voter_base_coarse_v1
voter,rho_8,0.5,2300,20,0.2681308392768308,0.0959915106591036,0.021464354309665125,1.0,0.0,0.0,final_voter_base_coarse_v1
voter,rho_8,0.5,2350,20,0.2441418818043341,0.11238260823839959,0.025129515150978936,0.9993124999999999,0.0016990346523835253,0.00037991569788572874,final_voter_base_coarse_v1
voter,rho_8,0.5,2400,20,0.23960533764668024,0.1331116836186638,0.029764677317077742,1.0,0.0,0.0,final_voter_base_coarse_v1
voter,rho_8,0.5,2450,20,0.19998373306825018,0.09919439997202112,0.022180542132474244,1.0,0.0,0.0,final_voter_base_coarse_v1
voter,rho_8,0.5,2500,20,0.24979110830549436,0.12983934886238374,0.02903296102106,1.0,0.0,0.0,final_voter_base_coarse_v1
voter,rho_8,0.5,2550,20,0.20688414489180396,0.09394235885971791,0.021006150037700885,1.0,0.0,0.0,final_voter_base_coarse_v1
voter,rho_8,0.5,2600,20,0.20600091716903646,0.09382604992190405,0.020980142568566628,0.9998125,0.0008172935519138831,0.00018275239396516957,final_voter_base_coarse_v1
voter,rho_8,0.5,2650,20,0.21316526490077012,0.10702106623791528,0.023930637913248624,1.0,0.0,0.0,final_voter_base_coarse_v1
voter,rho_8,0.5,2700,20,0.23705013643960365,0.11055564447258201,0.024720993633699225,0.9998125,0.0008172935519138831,0.00018275239396516957,final_voter_base_coarse_v1
voter,rho_8,0.5,2750,20,0.20511716375773092,0.10541392826765782,0.02357127093817695,1.0,0.0,0.0,final_voter_base_coarse_v1
voter,rho_8,0.5,2800,20,0.2144691950024949,0.11748017343624055,0.02626936538118989,1.0,0.0,0.0,final_voter_base_coarse_v1
voter,rho_8,0.5,2850,20,0.19756868621079354,0.09561854304156144,0.021380956215042084,1.0,0.0,0.0,final_voter_base_coarse_v1
voter,rho_8,0.5,2900,20,0.25098733419876634,0.11715804458205356,0.02619733517964227,0.99975,0.000749999999999984,0.00016770509831248064,final_voter_base_coarse_v1
voter,rho_8,0.5,2950,20,0.23905673137193556,0.13019110188488436,0.02911161538802024,0.999875,0.0005448623679425726,0.00012183492931010944,final_voter_base_coarse_v1
voter,rho_8,0.5,3000,20,0.21257219719432432,0.09959021616021511,0.022269049322813907,0.999625,0.0011924240017711781,0.0002666341125962684,final_voter_base_coarse_v1
voter,rho_8,1,0,20,0.032937737995969704,0.014762212479929093,0.00330093106034172,1.0,0.0,0.0,final_voter_base_coarse_v1
voter,rho_8,1,50,20,0.11079378997151532,0.035476115987442894,0.007932700692558938,1.0,0.0,0.0,final_voter_base_coarse_v1
voter,rho_8,1,100,20,0.11265244488700729,0.041890396570405886,0.009366977433585161,1.0,0.0,0.0,final_voter_base_coarse_v1
voter,rho_8,1,150,20,0.11807184020749861,0.05759299718231996,0.012878185672762128,1.0,0.0,0.0,final_voter_base_coarse_v1
voter,rho_8,1,200,20,0.09959129771591174,0.06718246107393598,0.015022454985705437,1.0,0.0,0.0,final_voter_base_coarse_v1
voter,rho_8,1,250,20,0.1052814061462439,0.051933666269815736,0.01161272081000959,1.0,0.0,0.0,final_voter_base_coarse_v1
voter,rho_8,1,300,20,0.09877082747753926,0.05474485909968779,0.012241322636554983,1.0,0.0,0.0,final_voter_base_coarse_v1
voter,rho_8,1,350,20,0.10072818259265226,0.04721790437145147,0.010558244392964997,1.0,0.0,0.0,final_voter_base_coarse_v1
voter,rho_8,1,400,20,0.11937851099027139,0.05023792892573703,0.011233542412675098,1.0,0.0,0.0,final_voter_base_coarse_v1
voter,rho_8,1,450,20,0.12989875093275136,0.05457615551277565,0.012203599367716624,0.9999375,0.0002724311839712863,6.091746465505472e-05,final_voter_base_coarse_v1
voter,rho_8,1,500,20,0.0971820327581794,0.05642075529465716,0.01261606441807346,1.0,0.0,0.0,final_voter_base_coarse_v1
voter,rho_8,1,550,20,0.11057550522777035,0.05829137904789109,0.013034348605329144,1.0,0.0,0.0,final_voter_base_coarse_v1
voter,rho_8,1,600,20,0.10669378799525644,0.061786325580281784,0.01381584240774442,1.0,0.0,0.0,final_voter_base_coarse_v1
voter,rho_8,1,650,20,0.12170368612974716,0.07557150175192792,0.016898301507905528,1.0,0.0,0.0,final_voter_base_coarse_v1
voter,rho_8,1,700,20,0.09663010183536466,0.04918237429142284,0.010997513221045951,1.0,0.0,0.0,final_voter_base_coarse_v1
voter,rho_8,1,750,20,0.11910240366107887,0.05379608815864196,0.012029171004629491,1.0,0.0,0.0,final_voter_base_coarse_v1
voter,rho_8,1,800,20,0.12252848976492499,0.06358868933087992,0.014218863194396312,1.0,0.0,0.0,final_voter_base_coarse_v1
voter,rho_8,1,850,20,0.1261271486998345,0.05522815621428964,0.012349391156712908,1.0,0.0,0.0,final_voter_base_coarse_v1
voter,rho_8,1,900,20,0.08873571207872422,0.039127738820400076,0.008749228380827201,1.0,0.0,0.0,final_voter_base_coarse_v1
voter,rho_8,1,950,20,0.112717841332972,0.060959830995599165,0.013631032600305841,1.0,0.0,0.0,final_voter_base_coarse_v1
voter,rho_8,1,1000,20,0.1277739810620005,0.05974147324207136,0.01335859952452563,1.0,0.0,0.0,final_voter_base_coarse_v1
voter,rho_8,1,1050,20,0.11897532950512155,0.0670466909850156,0.014992095870891722,1.0,0.0,0.0,final_voter_base_coarse_v1
voter,rho_8,1,1100,20,0.12306191772708137,0.05657556280045555,0.012650680428712698,1.0,0.0,0.0,final_voter_base_coarse_v1
voter,rho_8,1,1150,20,0.11801676695507786,0.06163805089439405,0.01378268718004568,1.0,0.0,0.0,final_voter_base_coarse_v1
voter,rho_8,1,1200,20,0.10742481384165992,0.05100919112193051,0.011406001882591537,1.0,0.0,0.0,final_voter_base_coarse_v1
voter,rho_8,1,1250,20,0.100868827983044,0.05310662100002607,0.011875001461137614,1.0,0.0,0.0,final_voter_base_coarse_v1
voter,rho_8,1,1300,20,0.10898547779775061,0.07323559301485881,0.016375976435373307,1.0,0.0,0.0,final_voter_base_coarse_v1
voter,rho_8,1,1350,20,0.1337610081812189,0.06595328489441571,0.014747602836332356,1.0,0.0,0.0,final_voter_base_coarse_v1
voter,rho_8,1,1400,20,0.10948019492449852,0.05461499130520991,0.01221228331490093,0.999875,0.0005448623679425726,0.00012183492931010944,final_voter_base_coarse_v1
voter,rho_8,1,1450,20,0.11038148086022845,0.03652829814999007,0.00816797577657576,0.999875,0.0005448623679425726,0.00012183492931010944,final_voter_base_coarse_v1
voter,rho_8,1,1500,20,0.12978008178630085,0.045812367250487096,0.010243956738227427,1.0,0.0,0.0,final_voter_base_coarse_v1
voter,rho_8,1,1550,20,0.10971865832414655,0.05410316624248801,0.012097835751617506,0.9998125,0.0008172935519138831,0.00018275239396516957,final_voter_base_coarse_v1
voter,rho_8,1,1600,20,0.10905184778498585,0.06560262761265284,0.01466919348444965,1.0,0.0,0.0,final_voter_base_coarse_v1
voter,rho_8,1,1650,20,0.12027184775102737,0.06275849678532086,0.014033226497767946,1.0,0.0,0.0,final_voter_base_coarse_v1
voter,rho_8,1,1700,20,0.11562842965922289,0.05449852608593069,0.012186240900168656,1.0,0.0,0.0,final_voter_base_coarse_v1
voter,rho_8,1,1750,20,0.11905382886300504,0.055532305240286926,0.012417400946454936,1.0,0.0,0.0,final_voter_base_coarse_v1
voter,rho_8,1,1800,20,0.10504136023999874,0.053485434186574664,0.011959706664727211,1.0,0.0,0.0,final_voter_base_coarse_v1
voter,rho_8,1,1850,20,0.1351622111993664,0.0682439338786322,0.015259807520462248,1.0,0.0,0.0,final_voter_base_coarse_v1
voter,rho_8,1,1900,20,0.11104380608205962,0.06528081668274005,0.014597234372930907,0.999875,0.0005448623679425726,0.00012183492931010944,final_voter_base_coarse_v1
voter,rho_8,1,1950,20,0.09269543591864511,0.04260172484022751,0.009526035270149008,0.9998125,0.0008172935519138831,0.00018275239396516957,final_voter_base_coarse_v1
voter,rho_8,1,2000,20,0.1067935343407899,0.04895827181280269,0.010947402383433866,0.999875,0.0005448623679425726,0.00012183492931010944,final_voter_base_coarse_v1
voter,rho_8,1,2050,20,0.11565419858265791,0.06907081911251499,0.01544470467971752,0.9994375,0.001955560980895257,0.00043727672874279615,final_voter_base_coarse_v1
voter,rho_8,1,2100,20,0.12301695573008167,0.0675395727632322,0.01510230758698805,0.999875,0.0005448623679425726,0.00012183492931010944,final_voter_base_coarse_v1
voter,rho_8,1,2150,20,0.11816856816217676,0.05138253695913741,0.011489484549702658,1.0,0.0,0.0,final_voter_base_coarse_v1
voter,rho_8,1,2200,20,0.0944236900922589,0.03553607974893134,0.007946108997246413,1.0,0.0,0.0,final_voter_base_coarse_v1
voter,rho_8,1,2250,20,0.09496732381961674,0.04738191019255285,0.010594917209433832,0.99975,0.0010897247358851695,0.00024366985862022433,final_voter_base_coarse_v1
voter,rho_8,1,2300,20,0.10136153510732107,0.05739264807318971,0.012833386250037451,0.999875,0.0005448623679425726,0.00012183492931010944,final_voter_base_coarse_v1
voter,rho_8,1,2350,20,0.10349423908548147,0.04387069478633367,0.009809785576238768,0.999875,0.0005448623679425726,0.00012183492931010944,final_voter_base_coarse_v1
voter,rho_8,1,2400,20,0.10771699636378936,0.05045241460714676,0.011281502869058348,0.9989375,0.004094107808790588,0.0009154703367668465,final_voter_base_coarse_v1
voter,rho_8,1,2450,20,0.10797711236362695,0.04800974455953436,0.010735305241751952,0.999875,0.0005448623679425726,0.00012183492931010944,final_voter_base_coarse_v1
voter,rho_8,1,2500,20,0.09492767649099514,0.04236067144519036,0.00947213409239799,0.999875,0.0005448623679425726,0.00012183492931010944,final_voter_base_coarse_v1
voter,rho_8,1,2550,20,0.08449741841377847,0.04981535728855709,0.011139052522065327,0.99975,0.000749999999999984,0.00016770509831248064,final_voter_base_coarse_v1
voter,rho_8,1,2600,20,0.10365268258306104,0.05225157906871583,0.011683808272935374,0.9994999999999999,0.0015000000000000013,0.0003354101966249687,final_voter_base_coarse_v1
voter,rho_8,1,2650,20,0.13267819365581532,0.06776063690916989,0.015151739032758512,0.99975,0.0010897247358851695,0.00024366985862022433,final_voter_base_coarse_v1
voter,rho_8,1,2700,20,0.0971958993230311,0.04457225375412413,0.009966658930459175,0.9995625,0.0016429299285118533,0.00036737030024213736,final_voter_base_coarse_v1
voter,rho_8,1,2750,20,0.10997875244844421,0.06221376487185016,0.013911420738964545,0.999625,0.001634587103827742,0.0003655047879303338,final_voter_base_coarse_v1
voter,rho_8,1,2800,20,0.11804886237670065,0.05183073742546088,0.011589705220727295,1.0,0.0,0.0,final_voter_base_coarse_v1
voter,rho_8,1,2850,20,0.11961183464505964,0.05801057240231788,0.012971558330525605,1.0,0.0,0.0,final_voter_base_coarse_v1
voter,rho_8,1,2900,20,0.09576195279486348,0.04619167403892161,0.010328772314554098,1.0,0.0,0.0,final_voter_base_coarse_v1
voter,rho_8,1,2950,20,0.11994132719241664,0.056334363189978635,0.012596746556195412,1.0,0.0,0.0,final_voter_base_coarse_v1
voter,rho_8,1,3000,20,0.10175950785887986,0.04375621041803573,0.009784186093251237,1.0,0.0,0.0,final_voter_base_coarse_v1
voter,rho_8,2,0,20,0.03503037378209074,0.017073259729827314,0.0038176969353403566,1.0,0.0,0.0,final_voter_base_coarse_v1
voter,rho_8,2,50,20,0.04541385754729164,0.030631527974160872,0.006849417880491013,1.0,0.0,0.0,final_voter_base_coarse_v1
voter,rho_8,2,100,20,0.057498755581762206,0.02634335719357144,0.005890553744038383,1.0,0.0,0.0,final_voter_base_coarse_v1
voter,rho_8,2,150,20,0.050190597172597474,0.01776033486056065,0.003971331605137286,1.0,0.0,0.0,final_voter_base_coarse_v1
voter,rho_8,2,200,20,0.045856065224414676,0.02321265065266998,0.0051905064797324926,1.0,0.0,0.0,final_voter_base_coarse_v1
voter,rho_8,2,250,20,0.061053757944565246,0.03156224754574021,0.007057533103495101,1.0,0.0,0.0,final_voter_base_coarse_v1
voter,rho_8,2,300,20,0.05786762351261436,0.02467204680086818,0.005516837379079747,1.0,0.0,0.0,final_voter_base_coarse_v1
voter,rho_8,2,350,20,0.0585715141126491,0.02902537356360037,0.006490270836053575,1.0,0.0,0.0,final_voter_base_coarse_v1
voter,rho_8,2,400,20,0.05195616881120173,0.021909723530282883,0.00489916311819392,1.0,0.0,0.0,final_voter_base_coarse_v1
voter,rho_8,2,450,20,0.05265675904159265,0.03168149087238186,0.0070841967219184955,1.0,0.0,0.0,final_voter_base_coarse_v1
voter,rho_8,2,500,20,0.05526187275477409,0.02800979156245153,0.006263179796924166,1.0,0.0,0.0,final_voter_base_coarse_v1
voter,rho_8,2,550,20,0.07162662314288307,0.02916041986008619,0.006520468105958762,1.0,0.0,0.0,final_voter_base_coarse_v1
voter,rho_8,2,600,20,0.04506853072435256,0.02426959427524986,0.005426846258579842,1.0,0.0,0.0,final_voter_base_coarse_v1
voter,rho_8,2,650,20,0.061770742268236166,0.02953054771740343,0.006603231210891531,1.0,0.0,0.0,final_voter_base_coarse_v1
voter,rho_8,2,700,20,0.06010874460437449,0.028884571882898964,0.006458786623114118,1.0,0.0,0.0,final_voter_base_coarse_v1
voter,rho_8,2,750,20,0.05830195005364559,0.02981710324538948,0.006667306974882047,1.0,0.0,0.0,final_voter_base_coarse_v1
voter,rho_8,2,800,20,0.05639005955034219,0.027662409141667958,0.006185502726218116,1.0,0.0,0.0,final_voter_base_coarse_v1
voter,rho_8,2,850,20,0.05794355089313372,0.03038680816946391,0.006794696868616725,1.0,0.0,0.0,final_voter_base_coarse_v1
voter,rho_8,2,900,20,0.06573641979204539,0.034646871582387134,0.0077472760065923334,1.0,0.0,0.0,final_voter_base_coarse_v1
voter,rho_8,2,950,20,0.07411556431731814,0.04321191761958392,0.009662478523551054,1.0,0.0,0.0,final_voter_base_coarse_v1
voter,rho_8,2,1000,20,0.06866633037530379,0.04097945913405408,0.00916328563049196,1.0,0.0,0.0,final_voter_base_coarse_v1
voter,rho_8,2,1050,20,0.05527241452619519,0.02596792759500119,0.005806605133721528,1.0,0.0,0.0,final_voter_base_coarse_v1
voter,rho_8,2,1100,20,0.05253421814974567,0.023228809058261236,0.005194119609063499,1.0,0.0,0.0,final_voter_base_coarse_v1
voter,rho_8,2,1150,20,0.0579209628462843,0.028859189274415834,0.006453110899312663,1.0,0.0,0.0,final_voter_base_coarse_v1
voter,rho_8,2,1200,20,0.04412697710669012,0.027639981070318825,0.006180487657004029,1.0,0.0,0.0,final_voter_base_coarse_v1
voter,rho_8,2,1250,20,0.053509124859207814,0.03672614776982448,0.008212216296502983,1.0,0.0,0.0,final_voter_base_coarse_v1
voter,rho_8,2,1300,20,0.04950960287483823,0.02383773696996024,0.0053302800294590955,1.0,0.0,0.0,final_voter_base_coarse_v1
voter,rho_8,2,1350,20,0.03757535383215088,0.02656406667854025,0.0059399058852053046,1.0,0.0,0.0,final_voter_base_coarse_v1
voter,rho_8,2,1400,20,0.04586200614020634,0.027837634253360104,0.006224684252328979,1.0,0.0,0.0,final_voter_base_coarse_v1
voter,rho_8,2,1450,20,0.06389259629039729,0.03289125664549135,0.007354708572471036,1.0,0.0,0.0,final_voter_base_coarse_v1
voter,rho_8,2,1500,20,0.05406246566998846,0.022528608268666643,0.005037549952720246,1.0,0.0,0.0,final_voter_base_coarse_v1
voter,rho_8,2,1550,20,0.04929332292782712,0.03098878533983946,0.006929303056002995,1.0,0.0,0.0,final_voter_base_coarse_v1
voter,rho_8,2,1600,20,0.0617696778664887,0.027724743762362846,0.00619944117114066,1.0,0.0,0.0,final_voter_base_coarse_v1
voter,rho_8,2,1650,20,0.05443574472439251,0.03375135605674532,0.007547032647568178,1.0,0.0,0.0,final_voter_base_coarse_v1
voter,rho_8,2,1700,20,0.06911336989711639,0.030223822029202017,0.006758252059715134,1.0,0.0,0.0,final_voter_base_coarse_v1
voter,rho_8,2,1750,20,0.05256048858408117,0.02412136355999375,0.005393700863013235,1.0,0.0,0.0,final_voter_base_coarse_v1
voter,rho_8,2,1800,20,0.048420462514125226,0.031795459061914284,0.007109680783825203,1.0,0.0,0.0,final_voter_base_coarse_v1
voter,rho_8,2,1850,20,0.06140350352286735,0.020135415329835427,0.004502415743270336,1.0,0.0,0.0,final_voter_base_coarse_v1
voter,rho_8,2,1900,20,0.05119518819263515,0.023135486533495897,0.0051732520581427785,1.0,0.0,0.0,final_voter_base_coarse_v1
voter,rho_8,2,1950,20,0.055059968971056736,0.034662672648036456,0.007750809232283215,1.0,0.0,0.0,final_voter_base_coarse_v1
voter,rho_8,2,2000,20,0.05823449466356149,0.030139514779789513,0.006739400385646895,1.0,0.0,0.0,final_voter_base_coarse_v1
voter,rho_8,2,2050,20,0.05120430487735968,0.02616265199183625,0.0058501468325416126,1.0,0.0,0.0,final_voter_base_coarse_v1
voter,rho_8,2,2100,20,0.052819267573577855,0.03038540624504247,0.006794383388786159,1.0,0.0,0.0,final_voter_base_coarse_v1
voter,rho_8,2,2150,20,0.05370138298766373,0.02736875835710628,0.00611984041462551,1.0,0.0,0.0,final_voter_base_coarse_v1
voter,rho_8,2,2200,20,0.056506787403938906,0.03211519958967541,0.007181176939348757,1.0,0.0,0.0,final_voter_base_coarse_v1
voter,rho_8,2,2250,20,0.05646487913101663,0.025431415647471152,0.005686637415179732,1.0,0.0,0.0,final_voter_base_coarse_v1
voter,rho_8,2,2300,20,0.06757283973036048,0.02523335488232712,0.005642349681725964,1.0,0.0,0.0,final_voter_base_coarse_v1
voter,rho_8,2,2350,20,0.06453509528342902,0.03733574688822325,0.008348526803279343,1.0,0.0,0.0,final_voter_base_coarse_v1
voter,rho_8,2,2400,20,0.05949958300365484,0.03790772345529243,0.008476424651829708,1.0,0.0,0.0,final_voter_base_coarse_v1
voter,rho_8,2,2450,20,0.048710484856677144,0.030253518067512343,0.006764892295747567,1.0,0.0,0.0,final_voter_base_coarse_v1
voter,rho_8,2,2500,20,0.04223847474093581,0.027955395682980298,0.00625101650850481,1.0,0.0,0.0,final_voter_base_coarse_v1
voter,rho_8,2,2550,20,0.05261013613491712,0.029447188842260982,0.006584591599756888,1.0,0.0,0.0,final_voter_base_coarse_v1
voter,rho_8,2,2600,20,0.04725526107867159,0.026980354899610783,0.0060329907612599225,1.0,0.0,0.0,final_voter_base_coarse_v1
voter,rho_8,2,2650,20,0.054715893063752505,0.02700859230157577,0.0060393048362900915,1.0,0.0,0.0,final_voter_base_coarse_v1
voter,rho_8,2,2700,20,0.05909503640295388,0.02999063043476037,0.006706108834019826,1.0,0.0,0.0,final_voter_base_coarse_v1
voter,rho_8,2,2750,20,0.05293566194907993,0.024100492958352277,0.005389034054613069,1.0,0.0,0.0,final_voter_base_coarse_v1
voter,rho_8,2,2800,20,0.06271487518782198,0.037136332787243716,0.008303936454733117,1.0,0.0,0.0,final_voter_base_coarse_v1
voter,rho_8,2,2850,20,0.057183249002834266,0.03909979627325297,0.008742980237338658,1.0,0.0,0.0,final_voter_base_coarse_v1
voter,rho_8,2,2900,20,0.060741019131832,0.02712698011085493,0.00606577715521564,1.0,0.0,0.0,final_voter_base_coarse_v1
voter,rho_8,2,2950,20,0.04982050843877837,0.03376258578627589,0.007549543691428107,1.0,0.0,0.0,final_voter_base_coarse_v1
voter,rho_8,2,3000,20,0.05391796401602748,0.022912140731758426,0.005123310418625361,1.0,0.0,0.0,final_voter_base_coarse_v1
voter,rho_8,3,0,20,0.02917766122700252,0.012813299375146464,0.0028651408418883073,1.0,0.0,0.0,final_voter_base_coarse_v1
voter,rho_8,3,50,20,0.04780015995898803,0.02312150317793899,0.0051701252847849,1.0,0.0,0.0,final_voter_base_coarse_v1
voter,rho_8,3,100,20,0.04562366122964494,0.022258078771518506,0.004977057718166039,1.0,0.0,0.0,final_voter_base_coarse_v1
voter,rho_8,3,150,20,0.025934556710571814,0.015572154664318926,0.0034820396385557536,1.0,0.0,0.0,final_voter_base_coarse_v1
voter,rho_8,3,200,20,0.03844155697430471,0.023423649054315977,0.005237687156654919,1.0,0.0,0.0,final_voter_base_coarse_v1
voter,rho_8,3,250,20,0.04175369039275482,0.018993146883735615,0.004246996753867113,1.0,0.0,0.0,final_voter_base_coarse_v1
voter,rho_8,3,300,20,0.04087816069791729,0.020444604911770893,0.00457155263558458,1.0,0.0,0.0,final_voter_base_coarse_v1
voter,rho_8,3,350,20,0.04136837991514907,0.020940812927336506,0.004682508120963079,1.0,0.0,0.0,final_voter_base_coarse_v1
voter,rho_8,3,400,20,0.04028056118645869,0.020084666260495085,0.004491067906386351,1.0,0.0,0.0,final_voter_base_coarse_v1
voter,rho_8,3,450,20,0.042046114626166774,0.01748413884956397,0.003909572299567001,1.0,0.0,0.0,final_voter_base_coarse_v1
voter,rho_8,3,500,20,0.040103822040843624,0.020290331731796764,0.004537056103831859,1.0,0.0,0.0,final_voter_base_coarse_v1
voter,rho_8,3,550,20,0.035500725564072896,0.017911253858518706,0.004005078118990322,1.0,0.0,0.0,final_voter_base_coarse_v1
voter,rho_8,3,600,20,0.02694750160459945,0.015058670684367665,0.0033672211301029376,1.0,0.0,0.0,final_voter_base_coarse_v1
voter,rho_8,3,650,20,0.02658942684177439,0.013670392875286902,0.0030567927748270315,1.0,0.0,0.0,final_voter_base_coarse_v1
voter,rho_8,3,700,20,0.05203579448808504,0.022227242638883545,0.004970162549292541,1.0,0.0,0.0,final_voter_base_coarse_v1
voter,rho_8,3,750,20,0.0396564229266934,0.01683541953771103,0.0037645142516049943,1.0,0.0,0.0,final_voter_base_coarse_v1
voter,rho_8,3,800,20,0.04391285448529185,0.025948699786069198,0.005802305664938497,1.0,0.0,0.0,final_voter_base_coarse_v1
voter,rho_8,3,850,20,0.03347635319952853,0.020042185296252846,0.004481568874006812,1.0,0.0,0.0,final_voter_base_coarse_v1
voter,rho_8,3,900,20,0.03458020753971831,0.01714814318415667,0.0038344413847674007,1.0,0.0,0.0,final_voter_base_coarse_v1
voter,rho_8,3,950,20,0.04111987103933777,0.02253573337703537,0.005039143175386198,1.0,0.0,0.0,final_voter_base_coarse_v1
voter,rho_8,3,1000,20,0.03625782211906782,0.01897790394830595,0.004243588329887376,1.0,0.0,0.0,final_voter_base_coarse_v1
voter,rho_8,3,1050,20,0.038129183470901405,0.01868226475713265,0.0041774813970597196,1.0,0.0,0.0,final_voter_base_coarse_v1
voter,rho_8,3,1100,20,0.04238819347679672,0.027191802557656745,0.006080271894967312,1.0,0.0,0.0,final_voter_base_coarse_v1
voter,rho_8,3,1150,20,0.048051717395729054,0.017621014913923035,0.003940178718006951,1.0,0.0,0.0,final_voter_base_coarse_v1
voter,rho_8,3,1200,20,0.04815412233274374,0.024726662971160274,0.005529049926024129,1.0,0.0,0.0,final_voter_base_coarse_v1
voter,rho_8,3,1250,20,0.05126886905120508,0.0243898139322076,0.005453728191098763,1.0,0.0,0.0,final_voter_base_coarse_v1
voter,rho_8,3,1300,20,0.03957948257952647,0.02451985468839621,0.005482806188167084,1.0,0.0,0.0,final_voter_base_coarse_v1
voter,rho_8,3,1350,20,0.03429916006182881,0.01948068867289868,0.004356014412111161,1.0,0.0,0.0,final_voter_base_coarse_v1
voter,rho_8,3,1400,20,0.03771864999617801,0.019639472366605053,0.004391519525395756,1.0,0.0,0.0,final_voter_base_coarse_v1
voter,rho_8,3,1450,20,0.04044725243064635,0.019914227622231107,0.004452956668271275,1.0,0.0,0.0,final_voter_base_coarse_v1
voter,rho_8,3,1500,20,0.04235357414524724,0.017632930535073046,0.003942843131895507,1.0,0.0,0.0,final_voter_base_coarse_v1
voter,rho_8,3,1550,20,0.041205535966047924,0.019868468771969273,0.004442724678295506,1.0,0.0,0.0,final_voter_base_coarse_v1
voter,rho_8,3,1600,20,0.041947081275759426,0.02190658420930159,0.0048984611446821836,1.0,0.0,0.0,final_voter_base_coarse_v1
voter,rho_8,3,1650,20,0.038518279107282616,0.020566000281904088,0.004598697465561737,1.0,0.0,0.0,final_voter_base_coarse_v1
voter,rho_8,3,1700,20,0.04050478952559878,0.014843812640098205,0.0033191774108530204,1.0,0.0,0.0,final_voter_base_coarse_v1
voter,rho_8,3,1750,20,0.041232344985669744,0.02053632203294338,0.004592061207348807,1.0,0.0,0.0,final_voter_base_coarse_v1
voter,rho_8,3,1800,20,0.042396024891358346,0.02453964159087226,0.005487230674067145,1.0,0.0,0.0,final_voter_base_coarse_v1
voter,rho_8,3,1850,20,0.04741312751372323,0.021779341510279174,0.004870008812216716,1.0,0.0,0.0,final_voter_base_coarse_v1
voter,rho_8,3,1900,20,0.046095978834261135,0.02333417148058607,0.005217679362922737,1.0,0.0,0.0,final_voter_base_coarse_v1
voter,rho_8,3,1950,20,0.03940820484667169,0.01692971004936976,0.00378559825097521,1.0,0.0,0.0,final_voter_base_coarse_v1
voter,rho_8,3,2000,20,0.040198464773552336,0.02610769683806893,0.005837858486587844,1.0,0.0,0.0,final_voter_base_coarse_v1
voter,rho_8,3,2050,20,0.04509406350398901,0.023781379072150322,0.005317678020401899,1.0,0.0,0.0,final_voter_base_coarse_v1
voter,rho_8,3,2100,20,0.03917801945413536,0.024439904827414517,0.005464928855772412,1.0,0.0,0.0,final_voter_base_coarse_v1
voter,rho_8,3,2150,20,0.045852299359886994,0.019253422230713323,0.004305196090738063,1.0,0.0,0.0,final_voter_base_coarse_v1
voter,rho_8,3,2200,20,0.04189807125457399,0.029924383359493194,0.006691295537659031,1.0,0.0,0.0,final_voter_base_coarse_v1
voter,rho_8,3,2250,20,0.036986440433383325,0.020396290950133365,0.0045607493053361975,1.0,0.0,0.0,final_voter_base_coarse_v1
voter,rho_8,3,2300,20,0.05108635925675177,0.024027377000251905,0.005372684829357824,1.0,0.0,0.0,final_voter_base_coarse_v1
voter,rho_8,3,2350,20,0.04448389690534359,0.021871403535160264,0.004890594506794756,1.0,0.0,0.0,final_voter_base_coarse_v1
voter,rho_8,3,2400,20,0.043624629223455114,0.023376195123899185,0.005227076135233769,1.0,0.0,0.0,final_voter_base_coarse_v1
voter,rho_8,3,2450,20,0.04161746892635969,0.01746088609638414,0.0039043728258895878,1.0,0.0,0.0,final_voter_base_coarse_v1
voter,rho_8,3,2500,20,0.037370870523870586,0.025127556403469278,0.005618692422661743,1.0,0.0,0.0,final_voter_base_coarse_v1
voter,rho_8,3,2550,20,0.036449371122918066,0.017546489939385793,0.00392351442709828,1.0,0.0,0.0,final_voter_base_coarse_v1
voter,rho_8,3,2600,20,0.029164378179558186,0.018493588156663857,0.004135292026618541,1.0,0.0,0.0,final_voter_base_coarse_v1
voter,rho_8,3,2650,20,0.03784448841436637,0.015496835861979188,0.0034651978423542013,1.0,0.0,0.0,final_voter_base_coarse_v1
voter,rho_8,3,2700,20,0.045207271543417124,0.021376435012979474,0.004779916180562871,1.0,0.0,0.0,final_voter_base_coarse_v1
voter,rho_8,3,2750,20,0.04467209836248808,0.016079149128230535,0.0035954070471079956,1.0,0.0,0.0,final_voter_base_coarse_v1
voter,rho_8,3,2800,20,0.03367464204252271,0.017396557799730143,0.003889988581470077,1.0,0.0,0.0,final_voter_base_coarse_v1
voter,rho_8,3,2850,20,0.04426359344543325,0.02408616477452932,0.005385830175310845,1.0,0.0,0.0,final_voter_base_coarse_v1
voter,rho_8,3,2900,20,0.041917328476108004,0.019330077203724098,0.004322336663784613,1.0,0.0,0.0,final_voter_base_coarse_v1
voter,rho_8,3,2950,20,0.03266535860086009,0.016530185005847593,0.0036962617353722975,1.0,0.0,0.0,final_voter_base_coarse_v1
voter,rho_8,3,3000,20,0.04272423622739365,0.02233533665051939,0.004994333105090382,1.0,0.0,0.0,final_voter_base_coarse_v1
voter,rho_8,4,0,20,0.034394762239892816,0.020681836610486552,0.0046245992560591765,1.0,0.0,0.0,final_voter_base_coarse_v1
voter,rho_8,4,50,20,0.03487943119885632,0.015244181160948486,0.0034087025337202477,1.0,0.0,0.0,final_voter_base_coarse_v1
voter,rho_8,4,100,20,0.04098519001810734,0.02129043418898033,0.004760685811704562,1.0,0.0,0.0,final_voter_base_coarse_v1
voter,rho_8,4,150,20,0.029088369263537854,0.01696141008475088,0.0037926865943753436,1.0,0.0,0.0,final_voter_base_coarse_v1
voter,rho_8,4,200,20,0.036272010803931706,0.016633279907659292,0.0037193144562307602,1.0,0.0,0.0,final_voter_base_coarse_v1
voter,rho_8,4,250,20,0.032329541081798634,0.012807894197063617,0.0028639322073259334,1.0,0.0,0.0,final_voter_base_coarse_v1
voter,rho_8,4,300,20,0.03478359604984975,0.0197651241537539,0.004419616119151672,1.0,0.0,0.0,final_voter_base_coarse_v1
voter,rho_8,4,350,20,0.03219447420174081,0.010648886261481274,0.0023811633565335726,1.0,0.0,0.0,final_voter_base_coarse_v1
voter,rho_8,4,400,20,0.047708140796242304,0.022704477433361934,0.0050768754934607235,1.0,0.0,0.0,final_voter_base_coarse_v1
voter,rho_8,4,450,20,0.037647547075063605,0.017971365171193625,0.004018519417126109,1.0,0.0,0.0,final_voter_base_coarse_v1
voter,rho_8,4,500,20,0.035983280383118835,0.01778797155418226,0.003977511357698411,1.0,0.0,0.0,final_voter_base_coarse_v1
voter,rho_8,4,550,20,0.03829966207937653,0.017502995730921293,0.003913788826422863,1.0,0.0,0.0,final_voter_base_coarse_v1
voter,rho_8,4,600,20,0.030889964989776232,0.014155505772319419,0.003165267316279688,1.0,0.0,0.0,final_voter_base_coarse_v1
voter,rho_8,4,650,20,0.031294074816897534,0.015461364881094444,0.003457266289905513,1.0,0.0,0.0,final_voter_base_coarse_v1
voter,rho_8,4,700,20,0.0430880062807146,0.020595906807425637,0.004605384767965439,1.0,0.0,0.0,final_voter_base_coarse_v1
voter,rho_8,4,750,20,0.028793117302830108,0.014534564536540876,0.003250027432706312,1.0,0.0,0.0,final_voter_base_coarse_v1
voter,rho_8,4,800,20,0.03463820210861128,0.019178365469734643,0.004288412888766135,1.0,0.0,0.0,final_voter_base_coarse_v1
voter,rho_8,4,850,20,0.03367914282621234,0.017302349266661264,0.003868922913069822,1.0,0.0,0.0,final_voter_base_coarse_v1
voter,rho_8,4,900,20,0.03557862040988116,0.020223299541902575,0.004522067250503452,1.0,0.0,0.0,final_voter_base_coarse_v1
voter,rho_8,4,950,20,0.03735923704589756,0.014109218343326116,0.0031549171325064157,1.0,0.0,0.0,final_voter_base_coarse_v1
voter,rho_8,4,1000,20,0.03987634828031302,0.021602098518222305,0.004830376074339255,1.0,0.0,0.0,final_voter_base_coarse_v1
voter,rho_8,4,1050,20,0.0379760987689704,0.018087795699280197,0.004044554074671886,1.0,0.0,0.0,final_voter_base_coarse_v1
voter,rho_8,4,1100,20,0.03849756265288702,0.01616861712317657,0.00361541269895899,1.0,0.0,0.0,final_voter_base_coarse_v1
voter,rho_8,4,1150,20,0.040240586950898175,0.018036387159218868,0.004033058775651771,1.0,0.0,0.0,final_voter_base_coarse_v1
voter,rho_8,4,1200,20,0.029335627729354153,0.016257178107478235,0.0036352155370642713,1.0,0.0,0.0,final_voter_base_coarse_v1
voter,rho_8,4,1250,20,0.035986325289443136,0.015920216186196698,0.003559868560882826,1.0,0.0,0.0,final_voter_base_coarse_v1
voter,rho_8,4,1300,20,0.041701713683004835,0.020096136344333417,0.004493632695103364,1.0,0.0,0.0,final_voter_base_coarse_v1
voter,rho_8,4,1350,20,0.03318820827717834,0.020920651570936005,0.004677999904620067,1.0,0.0,0.0,final_voter_base_coarse_v1
voter,rho_8,4,1400,20,0.03906203300175437,0.01750363631073159,0.003913932064422946,1.0,0.0,0.0,final_voter_base_coarse_v1
voter,rho_8,4,1450,20,0.0381063697671232,0.023174470126590015,0.005181969054559343,1.0,0.0,0.0,final_voter_base_coarse_v1
voter,rho_8,4,1500,20,0.032259242796049664,0.01878185688935153,0.004199750874826276,1.0,0.0,0.0,final_voter_base_coarse_v1
voter,rho_8,4,1550,20,0.03860378145662365,0.020244549187887654,0.0045268188157954956,1.0,0.0,0.0,final_voter_base_coarse_v1
voter,rho_8,4,1600,20,0.03688175572361255,0.01611669844304419,0.003603803329151183,1.0,0.0,0.0,final_voter_base_coarse_v1
voter,rho_8,4,1650,20,0.039991853950297654,0.022562991962060623,0.005045238380294891,1.0,0.0,0.0,final_voter_base_coarse_v1
voter,rho_8,4,1700,20,0.03726228122585108,0.01792951530757733,0.004009161503136596,1.0,0.0,0.0,final_voter_base_coarse_v1
voter,rho_8,4,1750,20,0.03570486962635572,0.0226379025993108,0.005061988908007813,1.0,0.0,0.0,final_voter_base_coarse_v1
voter,rho_8,4,1800,20,0.03402361000584884,0.015059830150262025,0.0033674803945586756,1.0,0.0,0.0,final_voter_base_coarse_v1
voter,rho_8,4,1850,20,0.04355984556487306,0.018612220646428347,0.004161819057763886,1.0,0.0,0.0,final_voter_base_coarse_v1
voter,rho_8,4,1900,20,0.030263017669754894,0.012753182800606945,0.0028516983671638273,1.0,0.0,0.0,final_voter_base_coarse_v1
voter,rho_8,4,1950,20,0.03939844266903157,0.019645438202243782,0.004392853526798836,1.0,0.0,0.0,final_voter_base_coarse_v1
voter,rho_8,4,2000,20,0.029987928032756163,0.013455739848602937,0.0030087948989028896,1.0,0.0,0.0,final_voter_base_coarse_v1
voter,rho_8,4,2050,20,0.03169922207476212,0.017446041450685422,0.0039010534622011647,1.0,0.0,0.0,final_voter_base_coarse_v1
voter,rho_8,4,2100,20,0.02909530161899685,0.012668486118476477,0.0028327596132925854,1.0,0.0,0.0,final_voter_base_coarse_v1
voter,rho_8,4,2150,20,0.03557245325131823,0.019819492469523727,0.004431773244140023,1.0,0.0,0.0,final_voter_base_coarse_v1
voter,rho_8,4,2200,20,0.04375530785726354,0.021211001791971662,0.004742924187771848,1.0,0.0,0.0,final_voter_base_coarse_v1
voter,rho_8,4,2250,20,0.029744787379585032,0.016835403202727552,0.003764510598991648,1.0,0.0,0.0,final_voter_base_coarse_v1
voter,rho_8,4,2300,20,0.028761158613971115,0.01627373143450606,0.0036389169735130712,1.0,0.0,0.0,final_voter_base_coarse_v1
voter,rho_8,4,2350,20,0.03423341157325817,0.015428716967224232,0.0034499659944317775,1.0,0.0,0.0,final_voter_base_coarse_v1
voter,rho_8,4,2400,20,0.035635803020272555,0.021729093443807444,0.004858773002979845,1.0,0.0,0.0,final_voter_base_coarse_v1
voter,rho_8,4,2450,20,0.03832598299283067,0.02186039602263692,0.004888133152168218,1.0,0.0,0.0,final_voter_base_coarse_v1
voter,rho_8,4,2500,20,0.03803195551003044,0.01971722630887493,0.004408905835439161,1.0,0.0,0.0,final_voter_base_coarse_v1
voter,rho_8,4,2550,20,0.040100553785787876,0.01992641795227382,0.004455682508935642,1.0,0.0,0.0,final_voter_base_coarse_v1
voter,rho_8,4,2600,20,0.03403896651160347,0.019612821443931172,0.004385560197919568,1.0,0.0,0.0,final_voter_base_coarse_v1
voter,rho_8,4,2650,20,0.037937764127837205,0.016724052046734512,0.0037396117235742854,1.0,0.0,0.0,final_voter_base_coarse_v1
voter,rho_8,4,2700,20,0.034986346535522704,0.018912761704394418,0.00422902208132807,1.0,0.0,0.0,final_voter_base_coarse_v1
voter,rho_8,4,2750,20,0.03274559864037949,0.013314366992311961,0.002977182967218896,1.0,0.0,0.0,final_voter_base_coarse_v1
voter,rho_8,4,2800,20,0.040710979437285605,0.016146743389699163,0.0036105215834612704,1.0,0.0,0.0,final_voter_base_coarse_v1
voter,rho_8,4,2850,20,0.039079702598777306,0.018077174682424764,0.004042179143103995,1.0,0.0,0.0,final_voter_base_coarse_v1
voter,rho_8,4,2900,20,0.028364744380814814,0.01739527155011436,0.003889700967312385,1.0,0.0,0.0,final_voter_base_coarse_v1
voter,rho_8,4,2950,20,0.0404839874952141,0.017599143534859273,0.003935288128972127,1.0,0.0,0.0,final_voter_base_coarse_v1
voter,rho_8,4,3000,20,0.04178976196106689,0.015045570084915402,0.0033642917470108123,1.0,0.0,0.0,final_voter_base_coarse_v1
voter,rho_8,5,0,20,0.02859267239875419,0.014358265072673989,0.0032106056741459995,1.0,0.0,0.0,final_voter_base_coarse_v1
voter,rho_8,5,50,20,0.032276881592835004,0.015092500550511395,0.0033747857181396475,1.0,0.0,0.0,final_voter_base_coarse_v1
voter,rho_8,5,100,20,0.03152931562654652,0.013809100367159497,0.0030878087129085937,1.0,0.0,0.0,final_voter_base_coarse_v1
voter,rho_8,5,150,20,0.03760448575352475,0.0206079373339563,0.004608074875478207,1.0,0.0,0.0,final_voter_base_coarse_v1
voter,rho_8,5,200,20,0.03239389594158297,0.016850381919738217,0.0037678599419368056,1.0,0.0,0.0,final_voter_base_coarse_v1
voter,rho_8,5,250,20,0.03400348975128111,0.01182646124149945,0.0026444771269259326,1.0,0.0,0.0,final_voter_base_coarse_v1
voter,rho_8,5,300,20,0.030818977292289346,0.01665598320543335,0.0037243910679443815,1.0,0.0,0.0,final_voter_base_coarse_v1
voter,rho_8,5,350,20,0.029765663903725082,0.019374873166746912,0.004332353345628271,1.0,0.0,0.0,final_voter_base_coarse_v1
voter,rho_8,5,400,20,0.027595866877245228,0.014622805944766245,0.0032697588114285357,1.0,0.0,0.0,final_voter_base_coarse_v1
voter,rho_8,5,450,20,0.03331575118928,0.019298217403643105,0.004315212595911548,1.0,0.0,0.0,final_voter_base_coarse_v1
voter,rho_8,5,500,20,0.03830347602020663,0.016418723993665278,0.003671338295364239,1.0,0.0,0.0,final_voter_base_coarse_v1
voter,rho_8,5,550,20,0.034816941232574505,0.016573628796467607,0.003705976062274959,1.0,0.0,0.0,final_voter_base_coarse_v1
voter,rho_8,5,600,20,0.028808362506351465,0.015402282596317774,0.0034440550894028494,1.0,0.0,0.0,final_voter_base_coarse_v1
voter,rho_8,5,650,20,0.02764724145807661,0.015426091532761043,0.0034493789294387615,1.0,0.0,0.0,final_voter_base_coarse_v1
voter,rho_8,5,700,20,0.034102887769037325,0.011950529778897625,0.002672219695275062,1.0,0.0,0.0,final_voter_base_coarse_v1
voter,rho_8,5,750,20,0.03220184103387545,0.014242150405797415,0.003184641645313923,1.0,0.0,0.0,final_voter_base_coarse_v1
voter,rho_8,5,800,20,0.024031553423209444,0.013770879144956089,0.0030792621878055993,1.0,0.0,0.0,final_voter_base_coarse_v1
voter,rho_8,5,850,20,0.03219859278516572,0.014617865924726928,0.0032686541893667234,1.0,0.0,0.0,final_voter_base_coarse_v1
voter,rho_8,5,900,20,0.030867324007205016,0.014449461867941528,0.0032309978975008343,1.0,0.0,0.0,final_voter_base_coarse_v1
voter,rho_8,5,950,20,0.030245356030303854,0.01640219002414754,0.003667641187386281,1.0,0.0,0.0,final_voter_base_coarse_v1
voter,rho_8,5,1000,20,0.03807026873428458,0.014862554064608388,0.0033233681207730154,1.0,0.0,0.0,final_voter_base_coarse_v1
voter,rho_8,5,1050,20,0.028064906337282737,0.017549167924642645,0.003924113242805986,1.0,0.0,0.0,final_voter_base_coarse_v1
voter,rho_8,5,1100,20,0.028399081818955074,0.014538289735239894,0.003250860412458382,1.0,0.0,0.0,final_voter_base_coarse_v1
voter,rho_8,5,1150,20,0.036815276655951204,0.014093052877413336,0.003151302424439523,1.0,0.0,0.0,final_voter_base_coarse_v1
voter,rho_8,5,1200,20,0.033058549215585965,0.019114509813569318,0.004274134329972782,1.0,0.0,0.0,final_voter_base_coarse_v1
voter,rho_8,5,1250,20,0.03631542095309983,0.01499943577895817,0.003353975802589298,1.0,0.0,0.0,final_voter_base_coarse_v1
voter,rho_8,5,1300,20,0.03315823902853819,0.013901175520202319,0.0031083973430328384,1.0,0.0,0.0,final_voter_base_coarse_v1
voter,rho_8,5,1350,20,0.0357927439453901,0.0203265805214455,0.004545161579607526,1.0,0.0,0.0,final_voter_base_coarse_v1
voter,rho_8,5,1400,20,0.02867983910046094,0.014759382530202097,0.003300298264345473,1.0,0.0,0.0,final_voter_base_coarse_v1
voter,rho_8,5,1450,20,0.03370526473945553,0.013695448777110599,0.0030623954447985663,1.0,0.0,0.0,final_voter_base_coarse_v1
voter,rho_8,5,1500,20,0.03968943139871694,0.016734155543897684,0.0037418709342210187,1.0,0.0,0.0,final_voter_base_coarse_v1
voter,rho_8,5,1550,20,0.038606720608754724,0.02187598807165063,0.004891619640318534,1.0,0.0,0.0,final_voter_base_coarse_v1
voter,rho_8,5,1600,20,0.028781391526091084,0.012883992838906537,0.0028809483809415512,1.0,0.0,0.0,final_voter_base_coarse_v1
voter,rho_8,5,1650,20,0.035570383238469686,0.02297263919527213,0.005136838286320455,1.0,0.0,0.0,final_voter_base_coarse_v1
voter,rho_8,5,1700,20,0.033200042115657934,0.02227335709698915,0.0049804740555995115,1.0,0.0,0.0,final_voter_base_coarse_v1
voter,rho_8,5,1750,20,0.029282465760508507,0.018366308279050107,0.004106831380767321,1.0,0.0,0.0,final_voter_base_coarse_v1
voter,rho_8,5,1800,20,0.0335031811967239,0.015720727901408296,0.003515261624332656,1.0,0.0,0.0,final_voter_base_coarse_v1
voter,rho_8,5,1850,20,0.026639389224326106,0.012315600076779714,0.0027538518955381066,1.0,0.0,0.0,final_voter_base_coarse_v1
voter,rho_8,5,1900,20,0.034966070392042546,0.017799362470315598,0.003980058443978426,1.0,0.0,0.0,final_voter_base_coarse_v1
voter,rho_8,5,1950,20,0.03026851543802945,0.015242054045794123,0.003408226896312135,1.0,0.0,0.0,final_voter_base_coarse_v1
voter,rho_8,5,2000,20,0.027994219648687358,0.016204378521835573,0.0036234091907961902,1.0,0.0,0.0,final_voter_base_coarse_v1
voter,rho_8,5,2050,20,0.03524629055480948,0.015003476228920036,0.0033548792746667393,1.0,0.0,0.0,final_voter_base_coarse_v1
voter,rho_8,5,2100,20,0.028973150608103286,0.013960218758591924,0.0031215998124979267,1.0,0.0,0.0,final_voter_base_coarse_v1
voter,rho_8,5,2150,20,0.023476192050463703,0.012129625426172899,0.002712266699453246,1.0,0.0,0.0,final_voter_base_coarse_v1
voter,rho_8,5,2200,20,0.03201467311259516,0.017976735014518984,0.004019720150596512,1.0,0.0,0.0,final_voter_base_coarse_v1
voter,rho_8,5,2250,20,0.0367401458903159,0.0161016692622068,0.003600442702151329,1.0,0.0,0.0,final_voter_base_coarse_v1
voter,rho_8,5,2300,20,0.035854737015698704,0.019601487248402077,0.004383025794752235,1.0,0.0,0.0,final_voter_base_coarse_v1
voter,rho_8,5,2350,20,0.02920829538806346,0.01706032976753547,0.003814805707877249,1.0,0.0,0.0,final_voter_base_coarse_v1
voter,rho_8,5,2400,20,0.03203008766696013,0.01319826144045125,0.0029512209765663283,1.0,0.0,0.0,final_voter_base_coarse_v1
voter,rho_8,5,2450,20,0.02621696355037818,0.014859364751501578,0.0033226549686821796,1.0,0.0,0.0,final_voter_base_coarse_v1
voter,rho_8,5,2500,20,0.03356499012886129,0.017201926695174816,0.003846467743437919,1.0,0.0,0.0,final_voter_base_coarse_v1
voter,rho_8,5,2550,20,0.041215834173241095,0.022380301658526867,0.005004387586541736,1.0,0.0,0.0,final_voter_base_coarse_v1
voter,rho_8,5,2600,20,0.03428401291195574,0.016080507961010695,0.0035957108913546453,1.0,0.0,0.0,final_voter_base_coarse_v1
voter,rho_8,5,2650,20,0.030710892039096216,0.014004020241521847,0.003131394121832587,1.0,0.0,0.0,final_voter_base_coarse_v1
voter,rho_8,5,2700,20,0.03610162353235984,0.015396096334988525,0.003442671799316971,1.0,0.0,0.0,final_voter_base_coarse_v1
voter,rho_8,5,2750,20,0.0351694246010062,0.015346822340246917,0.003431653799140451,1.0,0.0,0.0,final_voter_base_coarse_v1
voter,rho_8,5,2800,20,0.04013336567700991,0.018216694254693657,0.004073376667882488,1.0,0.0,0.0,final_voter_base_coarse_v1
voter,rho_8,5,2850,20,0.03480313743085489,0.021937874219660976,0.004905457803700209,1.0,0.0,0.0,final_voter_base_coarse_v1
voter,rho_8,5,2900,20,0.03143327185000029,0.01611948431290885,0.003604426268590568,1.0,0.0,0.0,final_voter_base_coarse_v1
voter,rho_8,5,2950,20,0.030528676872114476,0.016119575675892516,0.003604446697974778,1.0,0.0,0.0,final_voter_base_coarse_v1
voter,rho_8,5,3000,20,0.032776132503316305,0.01575077648837673,0.003521980692641579,1.0,0.0,0.0,final_voter_base_coarse_v1
voter,rho_8,6,0,20,0.04119605245189971,0.018983690982417357,0.004244882350053498,1.0,0.0,0.0,final_voter_base_coarse_v1
voter,rho_8,6,50,20,0.03718568330716525,0.0168126088394993,0.0037594136244234284,1.0,0.0,0.0,final_voter_base_coarse_v1
voter,rho_8,6,100,20,0.028550394417613256,0.013870792572531359,0.0031016035093979297,1.0,0.0,0.0,final_voter_base_coarse_v1
voter,rho_8,6,150,20,0.025591263614326027,0.016532565628500834,0.00369679405878044,1.0,0.0,0.0,final_voter_base_coarse_v1
voter,rho_8,6,200,20,0.025961168799470812,0.015156701962355235,0.0033891415902530765,1.0,0.0,0.0,final_voter_base_coarse_v1
voter,rho_8,6,250,20,0.025233114767386017,0.015587493767314532,0.003485469566256958,1.0,0.0,0.0,final_voter_base_coarse_v1
voter,rho_8,6,300,20,0.03676031964947796,0.01479228896955437,0.0033076563678743885,1.0,0.0,0.0,final_voter_base_coarse_v1
voter,rho_8,6,350,20,0.03704315132117468,0.01817717635536961,0.0040645401969608315,1.0,0.0,0.0,final_voter_base_coarse_v1
voter,rho_8,6,400,20,0.0317759402041051,0.012849063574646555,0.002873137960012614,1.0,0.0,0.0,final_voter_base_coarse_v1
voter,rho_8,6,450,20,0.03051095026535164,0.016783509866452297,0.0037529068962425752,1.0,0.0,0.0,final_voter_base_coarse_v1
voter,rho_8,6,500,20,0.027158669831761646,0.014086671422305373,0.003149875487697846,1.0,0.0,0.0,final_voter_base_coarse_v1
voter,rho_8,6,550,20,0.03354087841988284,0.018120759088583686,0.004051924912597025,1.0,0.0,0.0,final_voter_base_coarse_v1
voter,rho_8,6,600,20,0.03035561412338843,0.01888802383220491,0.004223490524944626,1.0,0.0,0.0,final_voter_base_coarse_v1
voter,rho_8,6,650,20,0.029193460765016804,0.011245135049642575,0.002514488638716627,1.0,0.0,0.0,final_voter_base_coarse_v1
voter,rho_8,6,700,20,0.02901232556161041,0.017250031366853436,0.003857224275028789,1.0,0.0,0.0,final_voter_base_coarse_v1
voter,rho_8,6,750,20,0.03204046201137979,0.01567675842554865,0.003505429750636936,1.0,0.0,0.0,final_voter_base_coarse_v1
voter,rho_8,6,800,20,0.026237393116531782,0.012592525474934961,0.0028157742970352398,1.0,0.0,0.0,final_voter_base_coarse_v1
voter,rho_8,6,850,20,0.02859025360711958,0.01159683810850492,0.0025931318334677083,1.0,0.0,0.0,final_voter_base_coarse_v1
voter,rho_8,6,900,20,0.029000634904878288,0.017270750922242888,0.003861857308460228,1.0,0.0,0.0,final_voter_base_coarse_v1
voter,rho_8,6,950,20,0.03474484745682495,0.015172945435172802,0.003392773741194151,1.0,0.0,0.0,final_voter_base_coarse_v1
voter,rho_8,6,1000,20,0.03191718315463662,0.013987383614283012,0.0031276740588903514,1.0,0.0,0.0,final_voter_base_coarse_v1
voter,rho_8,6,1050,20,0.030026473430049983,0.017193043972882172,0.0038444815063507585,1.0,0.0,0.0,final_voter_base_coarse_v1
voter,rho_8,6,1100,20,0.03163340432505367,0.01333028493381224,0.002980742327144545,1.0,0.0,0.0,final_voter_base_coarse_v1
voter,rho_8,6,1150,20,0.03225874170182307,0.01928033403797698,0.004311213753781953,1.0,0.0,0.0,final_voter_base_coarse_v1
voter,rho_8,6,1200,20,0.03487121271416642,0.016716939069156722,0.0037380212134356487,1.0,0.0,0.0,final_voter_base_coarse_v1
voter,rho_8,6,1250,20,0.03218639671041291,0.017822786509885894,0.0039852962184571085,1.0,0.0,0.0,final_voter_base_coarse_v1
voter,rho_8,6,1300,20,0.03376971348010471,0.016948473537777647,0.0037897938945327166,1.0,0.0,0.0,final_voter_base_coarse_v1
voter,rho_8,6,1350,20,0.029555503803698913,0.012029697255179272,0.0026899220811323486,1.0,0.0,0.0,final_voter_base_coarse_v1
voter,rho_8,6,1400,20,0.02451909944449139,0.012849917532880008,0.0028733289108786087,1.0,0.0,0.0,final_voter_base_coarse_v1
voter,rho_8,6,1450,20,0.031483819093842604,0.013645076129385819,0.0030511317783466405,1.0,0.0,0.0,final_voter_base_coarse_v1
voter,rho_8,6,1500,20,0.03289976842779096,0.015415184179295395,0.003446939971058381,1.0,0.0,0.0,final_voter_base_coarse_v1
voter,rho_8,6,1550,20,0.03056003987275932,0.01669720680303022,0.0037336089445947516,1.0,0.0,0.0,final_voter_base_coarse_v1
voter,rho_8,6,1600,20,0.029557980440780063,0.0167093987945143,0.003736335156768701,1.0,0.0,0.0,final_voter_base_coarse_v1
voter,rho_8,6,1650,20,0.035236426858641035,0.01649205131828893,0.003687734783610907,1.0,0.0,0.0,final_voter_base_coarse_v1
voter,rho_8,6,1700,20,0.030557611824841874,0.013900607794922587,0.003108270395801036,1.0,0.0,0.0,final_voter_base_coarse_v1
voter,rho_8,6,1750,20,0.03341110736692032,0.017927175260280415,0.004008638252653949,1.0,0.0,0.0,final_voter_base_coarse_v1
voter,rho_8,6,1800,20,0.028524467149746064,0.013448826569926377,0.0030072490427960705,1.0,0.0,0.0,final_voter_base_coarse_v1
voter,rho_8,6,1850,20,0.03561110731507769,0.0170252613961693,0.0038069641816537527,1.0,0.0,0.0,final_voter_base_coarse_v1
voter,rho_8,6,1900,20,0.0371191011114255,0.016440423970259185,0.003676190557641652,1.0,0.0,0.0,final_voter_base_coarse_v1
voter,rho_8,6,1950,20,0.036306614485698475,0.013972866947622372,0.0031244280335443616,1.0,0.0,0.0,final_voter_base_coarse_v1
voter,rho_8,6,2000,20,0.02454443876595839,0.014521110101532763,0.0032470189295786133,1.0,0.0,0.0,final_voter_base_coarse_v1
voter,rho_8,6,2050,20,0.03562123577613282,0.015270600581106781,0.003414610095660255,1.0,0.0,0.0,final_voter_base_coarse_v1
voter,rho_8,6,2100,20,0.03728582295393772,0.019280403939878166,0.004311229384322234,1.0,0.0,0.0,final_voter_base_coarse_v1
voter,rho_8,6,2150,20,0.0285865672114823,0.012448247481631354,0.002783512756966827,1.0,0.0,0.0,final_voter_base_coarse_v1
voter,rho_8,6,2200,20,0.03473192315365588,0.023040813209824183,0.005152082459404199,1.0,0.0,0.0,final_voter_base_coarse_v1
voter,rho_8,6,2250,20,0.03089081172805865,0.013944270251418095,0.003118033617879894,1.0,0.0,0.0,final_voter_base_coarse_v1
voter,rho_8,6,2300,20,0.031048100498209535,0.013913701994167624,0.003111198347763319,1.0,0.0,0.0,final_voter_base_coarse_v1
voter,rho_8,6,2350,20,0.030501259740908983,0.015300149806471769,0.0034212175033201124,1.0,0.0,0.0,final_voter_base_coarse_v1
voter,rho_8,6,2400,20,0.028310615326196813,0.01802704004358724,0.004030968697057184,1.0,0.0,0.0,final_voter_base_coarse_v1
voter,rho_8,6,2450,20,0.030892014209002304,0.010692801054017424,0.002390983002666436,1.0,0.0,0.0,final_voter_base_coarse_v1
voter,rho_8,6,2500,20,0.03521766644738869,0.01737095267430114,0.0038842631013669116,1.0,0.0,0.0,final_voter_base_coarse_v1
voter,rho_8,6,2550,20,0.037842402453767035,0.017980163408851422,0.004020486762874612,1.0,0.0,0.0,final_voter_base_coarse_v1
voter,rho_8,6,2600,20,0.03916577838830783,0.018816656368866164,0.00420753227500391,1.0,0.0,0.0,final_voter_base_coarse_v1
voter,rho_8,6,2650,20,0.034561387044345034,0.01095072061941436,0.0024486555707619114,1.0,0.0,0.0,final_voter_base_coarse_v1
voter,rho_8,6,2700,20,0.028851964529139667,0.01476178050674061,0.0033008344682003295,1.0,0.0,0.0,final_voter_base_coarse_v1
voter,rho_8,6,2750,20,0.031340677431182774,0.01612742293630574,0.0036062013987468895,1.0,0.0,0.0,final_voter_base_coarse_v1
voter,rho_8,6,2800,20,0.030265573015322216,0.014120456602278451,0.0031574300836030326,1.0,0.0,0.0,final_voter_base_coarse_v1
voter,rho_8,6,2850,20,0.022016354065613312,0.013978740854119265,0.0031257414789664147,1.0,0.0,0.0,final_voter_base_coarse_v1
voter,rho_8,6,2900,20,0.024677868673590307,0.015320439915273355,0.003425754509575234,1.0,0.0,0.0,final_voter_base_coarse_v1
voter,rho_8,6,2950,20,0.029312801499694712,0.0196498664546883,0.004393843714147583,1.0,0.0,0.0,final_voter_base_coarse_v1
voter,rho_8,6,3000,20,0.02835222151774482,0.015597713880841343,0.0034877548531153297,1.0,0.0,0.0,final_voter_base_coarse_v1
