model,rho_label,rho_nominal,N,eta,base_seed,realization,steps,va_t0,S_t0,t_window_start,va_window_mean,va_window_stdev,S_window_mean,S_window_stdev
vicsek,rho_1_over_2pi,0.15915494309189535,16,0,1270000,0,3000,0.272627416195276,0.1875,1500,1.0,2.870721367723639e-17,1.0,0.0
vicsek,rho_1_over_2pi,0.15915494309189535,16,0,1270001,1,3000,0.04165190597726851,0.125,1500,0.9999999999999999,0.0,1.0,0.0
vicsek,rho_1_over_2pi,0.15915494309189535,16,0,1270002,2,3000,0.27749359394733536,0.1875,1500,0.9996128300922169,2.0853617509843505e-13,0.9375,0.0
vicsek,rho_1_over_2pi,0.15915494309189535,16,0,1270003,3,3000,0.048808049422255195,0.1875,1500,0.9999999999923508,6.994052182219515e-11,1.0,0.0
vicsek,rho_1_over_2pi,0.15915494309189535,16,0,1270004,4,3000,0.17514801291382728,0.125,1500,0.999978952479367,5.092335848411075e-05,0.9681878747501665,0.08331278413033183
vicsek,rho_1_over_2pi,0.15915494309189535,16,0,1270005,5,3000,0.41854481971570884,0.25,1500,1.0,3.6116664696031843e-16,1.0,0.0
vicsek,rho_1_over_2pi,0.15915494309189535,16,0,1270006,6,3000,0.29801148538084193,0.125,1500,0.999983067564349,8.903240271876284e-05,1.0,0.0
vicsek,rho_1_over_2pi,0.15915494309189535,16,0,1270007,7,3000,0.29782219779925756,0.1875,1500,0.998576159241741,0.0,0.5625,0.0
vicsek,rho_1_over_2pi,0.15915494309189535,16,0,1270008,8,3000,0.1230759111961176,0.1875,1500,1.0,2.4507261808044447e-16,1.0,0.0
vicsek,rho_1_over_2pi,0.15915494309189535,16,0,1270009,9,3000,0.22285621736182457,0.125,1500,0.9999999999999999,6.638803364719391e-17,1.0,0.0
vicsek,rho_1_over_2pi,0.15915494309189535,16,0,1270010,10,3000,0.1987930992928154,0.1875,1500,0.9942901864714502,0.0,0.5625,0.0
vicsek,rho_1_over_2pi,0.15915494309189535,16,0,1270011,11,3000,0.2065531110513506,0.125,1500,0.9998006564165299,0.0006413186064097924,0.9686875416389074,0.12114354762813884
vicsek,rho_1_over_2pi,0.15915494309189535,16,0,1270012,12,3000,0.23528059343252455,0.1875,1500,0.9997202266854089,0.001025542307975912,0.9770153231179214,0.10470932656485643
vicsek,rho_1_over_2pi,0.15915494309189535,16,0,1270013,13,3000,0.254556077939418,0.125,1500,0.9999999815507303,1.0007801316190741e-07,1.0,0.0
vicsek,rho_1_over_2pi,0.15915494309189535,16,0,1270014,14,3000,0.2088567265605425,0.1875,1500,0.9978802170062804,0.002532132948869394,0.8300716189207196,0.21323229592620355
vicsek,rho_1_over_2pi,0.15915494309189535,16,0,1270015,15,3000,0.41943364060345173,0.125,1500,0.9999999999999954,2.425885048169522e-14,1.0,0.0
vicsek,rho_1_over_2pi,0.15915494309189535,16,0,1270016,16,3000,0.2946012640590183,0.125,1500,0.9993831916173825,0.0002237045154441538,0.8117504996668887,0.006803089009422103
vicsek,rho_1_over_2pi,0.15915494309189535,16,0,1270017,17,3000,0.11539023524773925,0.1875,1500,1.0,4.362187366999082e-17,1.0,0.0
vicsek,rho_1_over_2pi,0.15915494309189535,16,0,1270018,18,3000,0.16697434189581262,0.1875,1500,0.9999999999999997,0.0,1.0,0.0
vicsek,rho_1_over_2pi,0.15915494309189535,16,0,1270019,19,3000,0.2973709042851622,0.25,1500,0.9999999999999997,0.0,1.0,0.0
vicsek,rho_1_over_2pi,0.15915494309189535,16,0.050000000000000003,1270100,0,3000,0.11192240198775225,0.125,1500,0.9983518617737386,0.001963926782454675,0.9040639573617588,0.052804176470178175
vicsek,rho_1_over_2pi,0.15915494309189535,16,0.050000000000000003,1270101,1,3000,0.1623575940355328,0.1875,1500,0.9986155786684336,0.0018939268273886532,0.9706445702864757,0.031192516785754937
vicsek,rho_1_over_2pi,0.15915494309189535,16,0.050000000000000003,1270102,2,3000,0.056480711765428876,0.125,1500,0.9933005775169985,0.009722247764311596,0.8411059293804131,0.2123958994254766
vicsek,rho_1_over_2pi,0.15915494309189535,16,0.050000000000000003,1270103,3,3000,0.3130741806373125,0.125,1500,0.9968181020922107,0.003438549602107505,0.8009243837441705,0.1487346668095998
vicsek,rho_1_over_2pi,0.15915494309189535,16,0.050000000000000003,1270104,4,3000,0.2570775594394529,0.1875,1500,0.9997111520919183,0.00018253564756920448,0.9987508327781479,0.012433241089247914
vicsek,rho_1_over_2pi,0.15915494309189535,16,0.050000000000000003,1270105,5,3000,0.1847894787111834,0.125,1500,0.9997848146894031,0.00012612792055653247,1.0,0.0
vicsek,rho_1_over_2pi,0.15915494309189535,16,0.050000000000000003,1270106,6,3000,0.4097389169765696,0.1875,1500,0.9995920390558224,0.0003411619185725853,0.9632744836775483,0.07292918824095679
vicsek,rho_1_over_2pi,0.15915494309189535,16,0.050000000000000003,1270107,7,3000,0.3582790792869144,0.125,1500,0.9995921393552337,0.00029351051837394455,1.0,0.0
vicsek,rho_1_over_2pi,0.15915494309189535,16,0.050000000000000003,1270108,8,3000,0.3224541599576173,0.1875,1500,0.9997524257862133,0.00014584720248960996,1.0,0.0
vicsek,rho_1_over_2pi,0.15915494309189535,16,0.050000000000000003,1270109,9,3000,0.08316506494408504,0.1875,1500,0.999739791693004,0.0001612584566511578,1.0,0.0
vicsek,rho_1_over_2pi,0.15915494309189535,16,0.050000000000000003,1270110,10,3000,0.31500548044339055,0.125,1500,0.9985083097556466,0.002120305872077253,0.9284227181878747,0.09109024683335251
vicsek,rho_1_over_2pi,0.15915494309189535,16,0.050000000000000003,1270111,11,3000,0.048381360546661,0.125,1500,0.9984815650191028,0.0012702807379547387,0.9355013324450366,0.010996456255992049
vicsek,rho_1_over_2pi,0.15915494309189535,16,0.050000000000000003,1270112,12,3000,0.4552133668712449,0.125,1500,0.9951588051169674,0.004509537992199237,0.6441538974017322,0.08224227079628606
vicsek,rho_1_over_2pi,0.15915494309189535,16,0.050000000000000003,1270113,13,3000,0.29538813565099614,0.1875,1500,0.9997353058338267,0.00019261880920562276,1.0,0.0
vicsek,rho_1_over_2pi,0.15915494309189535,16,0.050000000000000003,1270114,14,3000,0.18392596133330189,0.125,1500,0.9995371298467637,0.0003387811409652785,0.5625,0.0
vicsek,rho_1_over_2pi,0.15915494309189535,16,0.050000000000000003,1270115,15,3000,0.20380568039187302,0.125,1500,0.9996812363615669,0.0001976876346621474,1.0,0.0
vicsek,rho_1_over_2pi,0.15915494309189535,16,0.050000000000000003,1270116,16,3000,0.1190616693436692,0.1875,1500,0.9997597752832357,0.0001338624888594209,1.0,0.0
vicsek,rho_1_over_2pi,0.15915494309189535,16,0.050000000000000003,1270117,17,3000,0.12538035627449903,0.125,1500,0.9995220937963263,0.0007942859087657567,1.0,0.0
vicsek,rho_1_over_2pi,0.15915494309189535,16,0.050000000000000003,1270118,18,3000,0.2766931478902929,0.25,1500,0.9985958972844206,0.0024705722148102302,0.9817621585609594,0.03430439523903166
vicsek,rho_1_over_2pi,0.15915494309189535,16,0.050000000000000003,1270119,19,3000,0.19584325662924704,0.125,1500,0.9944547945633407,0.009562869229621023,0.8845769487008661,0.17309293303301762
vicsek,rho_1_over_2pi,0.15915494309189535,16,0.10000000000000001,1270200,0,3000,0.10196742069090829,0.3125,1500,0.9983900699761012,0.0015819724583584199,0.9455363091272485,0.06198118856242838
vicsek,rho_1_over_2pi,0.15915494309189535,16,0.10000000000000001,1270201,1,3000,0.5081395076279625,0.25,1500,0.9958444638664639,0.0057998622177129755,0.7306795469686875,0.1608080587332579
vicsek,rho_1_over_2pi,0.15915494309189535,16,0.10000000000000001,1270202,2,3000,0.21953287233063098,0.125,1500,0.9986961736107478,0.0009477874133117349,0.9788057961359093,0.09448474576139093
vicsek,rho_1_over_2pi,0.15915494309189535,16,0.10000000000000001,1270203,3,3000,0.2713000853642939,0.125,1500,0.9793963711577452,0.02277995531429443,0.6561875416389074,0.24165390933472314
vicsek,rho_1_over_2pi,0.15915494309189535,16,0.10000000000000001,1270204,4,3000,0.18101647271196544,0.1875,1500,0.9844062939121773,0.0174445913399456,0.9650649566955363,0.031031966677028823
vicsek,rho_1_over_2pi,0.15915494309189535,16,0.10000000000000001,1270205,5,3000,0.4233616176962097,0.3125,1500,0.9986411213928458,0.001051671277106829,0.9938790806129247,0.031389329536457636
vicsek,rho_1_over_2pi,0.15915494309189535,16,0.10000000000000001,1270206,6,3000,0.22982456876860066,0.125,1500,0.9800486747345001,0.012962119150708128,0.817246835443038,0.06793379765921109
vicsek,rho_1_over_2pi,0.15915494309189535,16,0.10000000000000001,1270207,7,3000,0.03741230704119874,0.125,1500,0.9851743170061019,0.01218892839284174,0.8953614257161892,0.056891335324540465
vicsek,rho_1_over_2pi,0.15915494309189535,16,0.10000000000000001,1270208,8,3000,0.2769587760861426,0.125,1500,0.9984730746895957,0.0013035575448423378,0.9586525649566955,0.08329627959851094
vicsek,rho_1_over_2pi,0.15915494309189535,16,0.10000000000000001,1270209,9,3000,0.4131551425353201,0.125,1500,0.9979393558447772,0.0029839082773734367,0.9579447035309794,0.09879334250804946
vicsek,rho_1_over_2pi,0.15915494309189535,16,0.10000000000000001,1270210,10,3000,0.4458434663106309,0.1875,1500,0.9877979270818885,0.008876855692665692,0.5745336442371752,0.19891127897308608
vicsek,rho_1_over_2pi,0.15915494309189535,16,0.10000000000000001,1270211,11,3000,0.19718120490609614,0.1875,1500,0.9991558541836552,0.00046876786688679285,1.0,0.0
vicsek,rho_1_over_2pi,0.15915494309189535,16,0.10000000000000001,1270212,12,3000,0.18494116795202065,0.125,1500,0.9835852940517301,0.013715080476263119,0.4741005996002665,0.12585327902394725
vicsek,rho_1_over_2pi,0.15915494309189535,16,0.10000000000000001,1270213,13,3000,0.15353506934028074,0.1875,1500,0.9986858465638119,0.0023195248331559556,0.9912974683544303,0.021637332802495798
vicsek,rho_1_over_2pi,0.15915494309189535,16,0.10000000000000001,1270214,14,3000,0.21522116003819602,0.125,1500,0.9982518817484849,0.0018764696081231289,0.929213857428381,0.1283955137944286
vicsek,rho_1_over_2pi,0.15915494309189535,16,0.10000000000000001,1270215,15,3000,0.20882327467820128,0.125,1500,0.9909046555119377,0.008603735226493133,0.7842688207861426,0.14923456441811267
vicsek,rho_1_over_2pi,0.15915494309189535,16,0.10000000000000001,1270216,16,3000,0.05157593095288495,0.3125,1500,0.9954024869866592,0.006809883977418363,0.9648151232511659,0.031001278118353195
vicsek,rho_1_over_2pi,0.15915494309189535,16,0.10000000000000001,1270217,17,3000,0.03141348241845308,0.1875,1500,0.9965644792164037,0.004134158821878665,0.9470353097934711,0.06176834033016053
vicsek,rho_1_over_2pi,0.15915494309189535,16,0.10000000000000001,1270218,18,3000,0.48187775394025156,0.3125,1500,0.9769394013747457,0.02017561491684934,0.5183627581612259,0.12157440079570583
vicsek,rho_1_over_2pi,0.15915494309189535,16,0.10000000000000001,1270219,19,3000,0.25542374405795826,0.125,1500,0.9991969041996424,0.00040512777420789227,1.0,0.0
vicsek,rho_1_over_2pi,0.15915494309189535,16,0.14999999999999999,1270300,0,3000,0.2993616488456511,0.1875,1500,0.9876359110825711,0.025450646884694984,0.877998001332445,0.16985870503515127
vicsek,rho_1_over_2pi,0.15915494309189535,16,0.14999999999999999,1270301,1,3000,0.5150385555620206,0.1875,1500,0.963254015504501,0.034779555929156485,0.7423800799467022,0.18624447000610525
vicsek,rho_1_over_2pi,0.15915494309189535,16,0.14999999999999999,1270302,2,3000,0.3114224168308401,0.25,1500,0.9918073833061392,0.009659612721883785,0.9279230512991339,0.0612754120687945
vicsek,rho_1_over_2pi,0.15915494309189535,16,0.14999999999999999,1270303,3,3000,0.3190450165455337,0.25,1500,0.9931440174983912,0.015388813662997589,0.967896402398401,0.058007466613589354
vicsek,rho_1_over_2pi,0.15915494309189535,16,0.14999999999999999,1270304,4,3000,0.46685575646579497,0.3125,1500,0.9912437705250972,0.00781995703198963,0.752998001332445,0.09208769859856714
vicsek,rho_1_over_2pi,0.15915494309189535,16,0.14999999999999999,1270305,5,3000,0.1346869012438166,0.125,1500,0.9703332035938285,0.037291178277886854,0.8909060626249167,0.05884955103297068
vicsek,rho_1_over_2pi,0.15915494309189535,16,0.14999999999999999,1270306,6,3000,0.25459076440583284,0.125,1500,0.9832305115258474,0.01820746214208531,0.8350682878081279,0.19627007720195966
vicsek,rho_1_over_2pi,0.15915494309189535,16,0.14999999999999999,1270307,7,3000,0.21538625671467523,0.1875,1500,0.9984069660794838,0.0008190972693345191,1.0,0.0
vicsek,rho_1_over_2pi,0.15915494309189535,16,0.14999999999999999,1270308,8,3000,0.062051914047620046,0.125,1500,0.9691471055025744,0.04881791179241989,0.8443537641572285,0.15679750783047258
vicsek,rho_1_over_2pi,0.15915494309189535,16,0.14999999999999999,1270309,9,3000,0.12036358156860731,0.1875,1500,0.9688766008245852,0.022870640545979887,0.7918887408394404,0.04950619191362092
vicsek,rho_1_over_2pi,0.15915494309189535,16,0.14999999999999999,1270310,10,3000,0.2720882848896184,0.125,1500,0.9873962350714454,0.012448178439503384,0.9071868754163891,0.12242212668833688
vicsek,rho_1_over_2pi,0.15915494309189535,16,0.14999999999999999,1270311,11,3000,0.1133197736303885,0.125,1500,0.9850893263343837,0.02392963405869762,0.82736508994004,0.186909815421969
vicsek,rho_1_over_2pi,0.15915494309189535,16,0.14999999999999999,1270312,12,3000,0.3004159228474196,0.125,1500,0.9306824779052495,0.07360771488904659,0.5504247168554297,0.05914044245731577
vicsek,rho_1_over_2pi,0.15915494309189535,16,0.14999999999999999,1270313,13,3000,0.06600540196047476,0.125,1500,0.941310573919444,0.08068715982002399,0.8762908061292471,0.09354310058811373
vicsek,rho_1_over_2pi,0.15915494309189535,16,0.14999999999999999,1270314,14,3000,0.4325963319259772,0.25,1500,0.964507112248951,0.030790335714583426,0.7707361758827448,0.08936596201568238
vicsek,rho_1_over_2pi,0.15915494309189535,16,0.14999999999999999,1270315,15,3000,0.33176130040493224,0.0625,1500,0.9976592222755132,0.0028505521842058694,0.9695203197868087,0.05234900006964928
vicsek,rho_1_over_2pi,0.15915494309189535,16,0.14999999999999999,1270316,16,3000,0.16418406458934995,0.25,1500,0.9895595758894945,0.011931354530977913,0.7746502331778814,0.18003338459454277
vicsek,rho_1_over_2pi,0.15915494309189535,16,0.14999999999999999,1270317,17,3000,0.3387461771777016,0.125,1500,0.9885353690263947,0.010147421250682928,0.6875,0.16276595107734682
vicsek,rho_1_over_2pi,0.15915494309189535,16,0.14999999999999999,1270318,18,3000,0.26524334754476137,0.1875,1500,0.9980798819272911,0.0010110173685584662,1.0,0.0
vicsek,rho_1_over_2pi,0.15915494309189535,16,0.14999999999999999,1270319,19,3000,0.12132811487383832,0.1875,1500,0.9721171028502019,0.02840092308018753,0.7781479013990673,0.18381732300964995
vicsek,rho_1_over_2pi,0.15915494309189535,16,0.20000000000000001,1270400,0,3000,0.1970255116238597,0.1875,1500,0.9721592370102552,0.03740114688616358,0.9373750832778148,0.07950654705573985
vicsek,rho_1_over_2pi,0.15915494309189535,16,0.20000000000000001,1270401,1,3000,0.06939772282770161,0.25,1500,0.9752537405189752,0.027918867571201194,0.725016655562958,0.20408266274621392
vicsek,rho_1_over_2pi,0.15915494309189535,16,0.20000000000000001,1270402,2,3000,0.3116469218961649,0.125,1500,0.940185904898134,0.046942638113599555,0.5684127248501,0.0964228178636523
vicsek,rho_1_over_2pi,0.15915494309189535,16,0.20000000000000001,1270403,3,3000,0.4491991702708025,0.125,1500,0.9538507451006879,0.040691870799871,0.5689540306462358,0.11039552574269962
vicsek,rho_1_over_2pi,0.15915494309189535,16,0.20000000000000001,1270404,4,3000,0.4377726429808827,0.125,1500,0.9730214231207026,0.03328273496878015,0.8791222518321119,0.1390773042118231
vicsek,rho_1_over_2pi,0.15915494309189535,16,0.20000000000000001,1270405,5,3000,0.014028482507954488,0.125,1500,0.9527616403501492,0.05167903851118823,0.8794970019986675,0.0418261943919651
vicsek,rho_1_over_2pi,0.15915494309189535,16,0.20000000000000001,1270406,6,3000,0.20156101107084112,0.125,1500,0.9669243835009225,0.03496119092448752,0.6902898067954697,0.09428643063573869
vicsek,rho_1_over_2pi,0.15915494309189535,16,0.20000000000000001,1270407,7,3000,0.2112894649645101,0.125,1500,0.9965942228525708,0.002201654279187915,1.0,0.0
vicsek,rho_1_over_2pi,0.15915494309189535,16,0.20000000000000001,1270408,8,3000,0.2140332052742159,0.0625,1500,0.9802602621569425,0.022515885511153508,0.8943204530313125,0.10754848576433403
vicsek,rho_1_over_2pi,0.15915494309189535,16,0.20000000000000001,1270409,9,3000,0.2271320990058686,0.1875,1500,0.933356074549542,0.07487403974940947,0.6433211192538307,0.19883055705818056
vicsek,rho_1_over_2pi,0.15915494309189535,16,0.20000000000000001,1270410,10,3000,0.5053805899744813,0.125,1500,0.9861149111061724,0.019714523760243647,0.922010326449034,0.08636007768609325
vicsek,rho_1_over_2pi,0.15915494309189535,16,0.20000000000000001,1270411,11,3000,0.13052745703225616,0.1875,1500,0.9638343734962317,0.036653981694234145,0.7776898734177216,0.16524436991778052
vicsek,rho_1_over_2pi,0.15915494309189535,16,0.20000000000000001,1270412,12,3000,0.34360307492029507,0.125,1500,0.9734282991697495,0.027577918635527374,0.5423467688207861,0.1488870039479251
vicsek,rho_1_over_2pi,0.15915494309189535,16,0.20000000000000001,1270413,13,3000,0.37540466453093946,0.125,1500,0.9854249270341081,0.027777450753449225,0.9252581612258495,0.13330597193517227
vicsek,rho_1_over_2pi,0.15915494309189535,16,0.20000000000000001,1270414,14,3000,0.10216387345053027,0.125,1500,0.993963631251249,0.017912711894036117,0.9980013324450366,0.019255012193202227
vicsek,rho_1_over_2pi,0.15915494309189535,16,0.20000000000000001,1270415,15,3000,0.13830876736926753,0.125,1500,0.9940219941931885,0.00844018956247197,0.991089273817455,0.021852216027413975
vicsek,rho_1_over_2pi,0.15915494309189535,16,0.20000000000000001,1270416,16,3000,0.08832643281700121,0.125,1500,0.9835240776725362,0.030665310481157535,0.5951449033977348,0.1885484671714204
vicsek,rho_1_over_2pi,0.15915494309189535,16,0.20000000000000001,1270417,17,3000,0.17528431983592613,0.1875,1500,0.9964599850302862,0.002021500673336571,0.9506995336442372,0.14906272906057272
vicsek,rho_1_over_2pi,0.15915494309189535,16,0.20000000000000001,1270418,18,3000,0.11424690758365519,0.1875,1500,0.9659068949257158,0.028856875024025577,0.4503664223850766,0.1039909350315993
vicsek,rho_1_over_2pi,0.15915494309189535,16,0.20000000000000001,1270419,19,3000,0.24889014122096728,0.1875,1500,0.9813530795595322,0.026922294893123033,0.9663141239173884,0.031154919478473393
vicsek,rho_1_over_2pi,0.15915494309189535,16,0.29999999999999999,1270500,0,3000,0.5230096730211307,0.125,1500,0.8657096965803902,0.1597285927966204,0.8141239173884077,0.1745693004906494
vicsek,rho_1_over_2pi,0.15915494309189535,16,0.29999999999999999,1270501,1,3000,0.12920851521047486,0.125,1500,0.9482013733831661,0.046995888217365965,0.7655313124583611,0.18785573853325957
vicsek,rho_1_over_2pi,0.15915494309189535,16,0.29999999999999999,1270502,2,3000,0.13252324945702496,0.25,1500,0.9833988003935056,0.0225302699552637,0.9668970686209194,0.05013749813185742
vicsek,rho_1_over_2pi,0.15915494309189535,16,0.29999999999999999,1270503,3,3000,0.3103998855646516,0.125,1500,0.9770429991804017,0.027017120575326316,0.8727514990006662,0.14345793490321024
vicsek,rho_1_over_2pi,0.15915494309189535,16,0.29999999999999999,1270504,4,3000,0.21494864920403356,0.1875,1500,0.941949149569061,0.056704919310669726,0.8180379746835443,0.149995273821709
vicsek,rho_1_over_2pi,0.15915494309189535,16,0.29999999999999999,1270505,5,3000,0.15174695858352996,0.125,1500,0.9412783242655299,0.04547625322065799,0.7272651565622918,0.1883888851916419
vicsek,rho_1_over_2pi,0.15915494309189535,16,0.29999999999999999,1270506,6,3000,0.27069166157472935,0.3125,1500,0.9794180652915786,0.042077081740847094,0.9819287141905396,0.0439583820832312
vicsek,rho_1_over_2pi,0.15915494309189535,16,0.29999999999999999,1270507,7,3000,0.22843160218296926,0.125,1500,0.9561907537691293,0.06398301302504664,0.8440206528980679,0.14491238332390036
vicsek,rho_1_over_2pi,0.15915494309189535,16,0.29999999999999999,1270508,8,3000,0.1507469320880225,0.125,1500,0.9541938274080806,0.0552759181561108,0.740506329113924,0.13241426572718754
vicsek,rho_1_over_2pi,0.15915494309189535,16,0.29999999999999999,1270509,9,3000,0.21093421727493125,0.1875,1500,0.986529108756458,0.022483468647568856,0.9807211858760826,0.02886612562711318
vicsek,rho_1_over_2pi,0.15915494309189535,16,0.29999999999999999,1270510,10,3000,0.09087699435895902,0.1875,1500,0.9690756639793154,0.04432460100003924,0.9200532978014657,0.11479900384263683
vicsek,rho_1_over_2pi,0.15915494309189535,16,0.29999999999999999,1270511,11,3000,0.20111763992136716,0.25,1500,0.9402149054621367,0.04857515670068564,0.5850682878081279,0.17604120492026837
vicsek,rho_1_over_2pi,0.15915494309189535,16,0.29999999999999999,1270512,12,3000,0.04825571744498848,0.1875,1500,0.9701598968190572,0.026826315905759655,0.9360426382411725,0.011428040690586153
vicsek,rho_1_over_2pi,0.15915494309189535,16,0.29999999999999999,1270513,13,3000,0.16340790716399886,0.1875,1500,0.9141529456718044,0.0692484882007938,0.5771152564956695,0.16487023052027805
vicsek,rho_1_over_2pi,0.15915494309189535,16,0.29999999999999999,1270514,14,3000,0.05571618978307948,0.1875,1500,0.9409431168245537,0.05254402848691965,0.8036309127248501,0.13199504746541105
vicsek,rho_1_over_2pi,0.15915494309189535,16,0.29999999999999999,1270515,15,3000,0.3564755863769079,0.1875,1500,0.9526560623744245,0.065108385155607,0.7171469020652899,0.15232847489079215
vicsek,rho_1_over_2pi,0.15915494309189535,16,0.29999999999999999,1270516,16,3000,0.2819332408139992,0.1875,1500,0.9521834627119653,0.06856190701135315,0.8621335776149234,0.1468405854663442
vicsek,rho_1_over_2pi,0.15915494309189535,16,0.29999999999999999,1270517,17,3000,0.375706122906834,0.125,1500,0.9130300856543015,0.10526898860616543,0.7932211858760826,0.1980775998285105
vicsek,rho_1_over_2pi,0.15915494309189535,16,0.29999999999999999,1270518,18,3000,0.20476438365886215,0.125,1500,0.8152566885146348,0.17907745089261617,0.7864756828780812,0.1380281483193352
vicsek,rho_1_over_2pi,0.15915494309189535,16,0.29999999999999999,1270519,19,3000,0.28006556490811435,0.1875,1500,0.9293475195530424,0.07642229189339049,0.7604097268487675,0.1933045634290536
vicsek,rho_1_over_2pi,0.15915494309189535,16,0.40000000000000002,1270600,0,3000,0.20443093682465402,0.125,1500,0.8729684588345543,0.2036426460538422,0.52077781479014,0.03388153570674018
vicsek,rho_1_over_2pi,0.15915494309189535,16,0.40000000000000002,1270601,1,3000,0.548341898869315,0.125,1500,0.7972655305031818,0.08899216669921678,0.8169970019986675,0.11354753686857345
vicsek,rho_1_over_2pi,0.15915494309189535,16,0.40000000000000002,1270602,2,3000,0.3735016424833434,0.125,1500,0.9730747900446561,0.03694618839319923,0.886325782811459,0.1428275463259001
vicsek,rho_1_over_2pi,0.15915494309189535,16,0.40000000000000002,1270603,3,3000,0.07884150403039883,0.125,1500,0.9717948454602834,0.02814863983982832,0.8271152564956695,0.17054962012603275
vicsek,rho_1_over_2pi,0.15915494309189535,16,0.40000000000000002,1270604,4,3000,0.14867449570726973,0.1875,1500,0.9909076699791485,0.004162516857634555,0.9980013324450366,0.015679246549983088
vicsek,rho_1_over_2pi,0.15915494309189535,16,0.40000000000000002,1270605,5,3000,0.21078761218223838,0.1875,1500,0.9510411631546749,0.046532088163127996,0.748792471685543,0.23303108035984724
vicsek,rho_1_over_2pi,0.15915494309189535,16,0.40000000000000002,1270606,6,3000,0.04877314646822676,0.1875,1500,0.9501481446805202,0.04030640484694248,0.8505163224516988,0.15656952307637134
vicsek,rho_1_over_2pi,0.15915494309189535,16,0.40000000000000002,1270607,7,3000,0.028531439268668003,0.0625,1500,0.9740926525283498,0.032096845861915975,0.9501998667554963,0.1385387961112828
vicsek,rho_1_over_2pi,0.15915494309189535,16,0.40000000000000002,1270608,8,3000,0.12502135253228303,0.125,1500,0.925399378800569,0.053230588709443846,0.9101848767488341,0.10089049692391794
vicsek,rho_1_over_2pi,0.15915494309189535,16,0.40000000000000002,1270609,9,3000,0.29689588438578085,0.125,1500,0.8525522443153771,0.09885597642223737,0.7245169886742172,0.083831913283284
vicsek,rho_1_over_2pi,0.15915494309189535,16,0.40000000000000002,1270610,10,3000,0.18912324667590896,0.1875,1500,0.7954580801725314,0.1956669346707782,0.763699200532978,0.2041383011474415
vicsek,rho_1_over_2pi,0.15915494309189535,16,0.40000000000000002,1270611,11,3000,0.2896420080933366,0.1875,1500,0.8903654944936217,0.20082050113243613,0.855346435709527,0.18524190093239346
vicsek,rho_1_over_2pi,0.15915494309189535,16,0.40000000000000002,1270612,12,3000,0.06556731466897507,0.25,1500,0.7973855388386769,0.2576842490933981,0.8230762824783477,0.21471405308931565
vicsek,rho_1_over_2pi,0.15915494309189535,16,0.40000000000000002,1270613,13,3000,0.20106852824113017,0.1875,1500,0.9802314203681836,0.04414299922471903,0.991672218520986,0.02936526193655493
vicsek,rho_1_over_2pi,0.15915494309189535,16,0.40000000000000002,1270614,14,3000,0.5334254728850115,0.1875,1500,0.9179777803693058,0.0656682205887989,0.7598267821452365,0.1453398174413419
vicsek,rho_1_over_2pi,0.15915494309189535,16,0.40000000000000002,1270615,15,3000,0.35681706892928217,0.25,1500,0.9623404930816112,0.04079219439294801,0.8159143904063957,0.15262935612962245
vicsek,rho_1_over_2pi,0.15915494309189535,16,0.40000000000000002,1270616,16,3000,0.05405295579026593,0.25,1500,0.8801429476669398,0.13878809831314512,0.8472684876748834,0.19612553050831136
vicsek,rho_1_over_2pi,0.15915494309189535,16,0.40000000000000002,1270617,17,3000,0.4703272022915347,0.25,1500,0.9525421465083397,0.048998188320254585,0.9519487008660893,0.06788472687246687
vicsek,rho_1_over_2pi,0.15915494309189535,16,0.40000000000000002,1270618,18,3000,0.28586757390482437,0.1875,1500,0.8679342607471213,0.1027027335342813,0.5442205196535643,0.07533176900694225
vicsek,rho_1_over_2pi,0.15915494309189535,16,0.40000000000000002,1270619,19,3000,0.1890375167576927,0.125,1500,0.8467414578824285,0.102346530124102,0.7194370419720186,0.1229752384051509
vicsek,rho_1_over_2pi,0.15915494309189535,16,0.5,1270700,0,3000,0.33222075221110026,0.125,1500,0.9168231547188991,0.08512451939628157,0.6573950699533644,0.22905668549996588
vicsek,rho_1_over_2pi,0.15915494309189535,16,0.5,1270701,1,3000,0.31500768584415284,0.1875,1500,0.8700627186698822,0.11316595957462347,0.8526815456362425,0.12160826646337794
vicsek,rho_1_over_2pi,0.15915494309189535,16,0.5,1270702,2,3000,0.3432672864863232,0.125,1500,0.9532001118835173,0.07832596876860805,0.9449533644237175,0.07902489819027789
vicsek,rho_1_over_2pi,0.15915494309189535,16,0.5,1270703,3,3000,0.2729870054726339,0.125,1500,0.9068911359243429,0.08943031023017442,0.6793804130579614,0.24796004664651247
vicsek,rho_1_over_2pi,0.15915494309189535,16,0.5,1270704,4,3000,0.31577994916034713,0.125,1500,0.868051543714714,0.14865075903142613,0.6281645569620253,0.20353354342897165
vicsek,rho_1_over_2pi,0.15915494309189535,16,0.5,1270705,5,3000,0.3568116481959898,0.125,1500,0.9249549863536515,0.07496364420582467,0.9363757495003331,0.05509785720826095
vicsek,rho_1_over_2pi,0.15915494309189535,16,0.5,1270706,6,3000,0.6093206932496787,0.25,1500,0.9557581313874685,0.04636685409484918,0.8990672884743505,0.12297901681530128
vicsek,rho_1_over_2pi,0.15915494309189535,16,0.5,1270707,7,3000,0.22893724576967425,0.1875,1500,0.682464041298624,0.25957571149621744,0.6490256495669554,0.12280716499921474
vicsek,rho_1_over_2pi,0.15915494309189535,16,0.5,1270708,8,3000,0.30676731964460696,0.125,1500,0.8962264083339956,0.11930124050369141,0.731595602931379,0.15928999806954683
vicsek,rho_1_over_2pi,0.15915494309189535,16,0.5,1270709,9,3000,0.36642125234414213,0.1875,1500,0.9201126374607803,0.0803042304303123,0.9433294470353097,0.04450055833918297
vicsek,rho_1_over_2pi,0.15915494309189535,16,0.5,1270710,10,3000,0.03025974255175487,0.1875,1500,0.9136516592749445,0.13627097179479708,0.8680879413724184,0.18685098626208663
vicsek,rho_1_over_2pi,0.15915494309189535,16,0.5,1270711,11,3000,0.4360574368420647,0.1875,1500,0.9719739646639031,0.030645111735840058,0.9824283810792804,0.03166802474815433
vicsek,rho_1_over_2pi,0.15915494309189535,16,0.5,1270712,12,3000,0.1209821908609656,0.125,1500,0.9321913144062275,0.07935815803444808,0.6889573617588275,0.21509651207716782
vicsek,rho_1_over_2pi,0.15915494309189535,16,0.5,1270713,13,3000,0.21242118094157963,0.125,1500,0.7450935154457026,0.2495297430945826,0.6333694203864091,0.19621568033363515
vicsek,rho_1_over_2pi,0.15915494309189535,16,0.5,1270714,14,3000,0.05941176061561755,0.1875,1500,0.9676549105834548,0.04641999346208707,0.9291305796135909,0.13724656349602896
vicsek,rho_1_over_2pi,0.15915494309189535,16,0.5,1270715,15,3000,0.06592790845334032,0.0625,1500,0.9168892845621504,0.08791692118520855,0.8891155896069287,0.1531987811715023
vicsek,rho_1_over_2pi,0.15915494309189535,16,0.5,1270716,16,3000,0.4300538391862997,0.125,1500,0.8762521619747626,0.1528458687542897,0.7751082611592272,0.18038172688342202
vicsek,rho_1_over_2pi,0.15915494309189535,16,0.5,1270717,17,3000,0.27593979666103047,0.125,1500,0.9283152579462943,0.08311927831023107,0.8766655562958028,0.12032105372236851
vicsek,rho_1_over_2pi,0.15915494309189535,16,0.5,1270718,18,3000,0.19074174318680845,0.125,1500,0.8764342462044641,0.12864920608738895,0.6952031978680879,0.22161590183123256
vicsek,rho_1_over_2pi,0.15915494309189535,16,0.5,1270719,19,3000,0.24158530869256273,0.1875,1500,0.9034555410664344,0.11082143493598032,0.7614090606262491,0.18619761059437975
vicsek,rho_1_over_2pi,0.15915494309189535,16,1,1270800,0,3000,0.09668716052355253,0.125,1500,0.7442884745014001,0.21822997708779499,0.7533727514990006,0.2283391197932122
vicsek,rho_1_over_2pi,0.15915494309189535,16,1,1270801,1,3000,0.12032462693523252,0.1875,1500,0.7121000355925121,0.20993278643541088,0.6972435043304464,0.18429783062350408
vicsek,rho_1_over_2pi,0.15915494309189535,16,1,1270802,2,3000,0.08821354514244677,0.125,1500,0.7071477151729991,0.1801193174590881,0.6436125916055963,0.16468830606909676
vicsek,rho_1_over_2pi,0.15915494309189535,16,1,1270803,3,3000,0.14572185687953138,0.125,1500,0.9544525158556051,0.01544697384592616,1.0,0.0
vicsek,rho_1_over_2pi,0.15915494309189535,16,1,1270804,4,3000,0.33390033790288415,0.1875,1500,0.670062775680673,0.17434522058563048,0.6192954696868754,0.16193638219439893
vicsek,rho_1_over_2pi,0.15915494309189535,16,1,1270805,5,3000,0.09682280108950345,0.125,1500,0.7129754720597257,0.1769178710150363,0.643404397068621,0.20348042370728975
vicsek,rho_1_over_2pi,0.15915494309189535,16,1,1270806,6,3000,0.2298937912452999,0.125,1500,0.8033564116560488,0.21967379706625573,0.8382328447701533,0.16223388268805172
vicsek,rho_1_over_2pi,0.15915494309189535,16,1,1270807,7,3000,0.17320611644138376,0.1875,1500,0.7656802093732556,0.13339452965276688,0.807753164556962,0.06606941364982903
vicsek,rho_1_over_2pi,0.15915494309189535,16,1,1270808,8,3000,0.1516651251226159,0.25,1500,0.83525161936744,0.07593140281262051,0.8746668887408394,0.0457979147660204
vicsek,rho_1_over_2pi,0.15915494309189535,16,1,1270809,9,3000,0.18988889852787325,0.3125,1500,0.775666162681929,0.18737253246736663,0.8005912724850099,0.19105083280801285
vicsek,rho_1_over_2pi,0.15915494309189535,16,1,1270810,10,3000,0.30276185226019287,0.25,1500,0.7494942442889936,0.14033722025678352,0.7506245836109261,0.1389685418772495
vicsek,rho_1_over_2pi,0.15915494309189535,16,1,1270811,11,3000,0.4185452016449744,0.1875,1500,0.7758010051719343,0.22446615624229055,0.7695702864756829,0.23344610477358987
vicsek,rho_1_over_2pi,0.15915494309189535,16,1,1270812,12,3000,0.07820804416054247,0.1875,1500,0.8620457420259772,0.06649517273398745,0.8823284477015323,0.047455751509041605
vicsek,rho_1_over_2pi,0.15915494309189535,16,1,1270813,13,3000,0.3996559828957261,0.1875,1500,0.7241073679301037,0.1983527307792303,0.7396735509660226,0.16274216320771093
vicsek,rho_1_over_2pi,0.15915494309189535,16,1,1270814,14,3000,0.13390431838508213,0.1875,1500,0.5462364794151053,0.2290325704911109,0.43425216522318455,0.15703663330841455
vicsek,rho_1_over_2pi,0.15915494309189535,16,1,1270815,15,3000,0.2949881014520878,0.25,1500,0.6548203999846094,0.22266648705453093,0.5933544303797469,0.1345377519170662
vicsek,rho_1_over_2pi,0.15915494309189535,16,1,1270816,16,3000,0.43970068125734146,0.125,1500,0.747316137990339,0.18772843957678323,0.6621002664890073,0.12931930553764628
vicsek,rho_1_over_2pi,0.15915494309189535,16,1,1270817,17,3000,0.08527568388862328,0.25,1500,0.9478013832883821,0.021552566446023592,0.9913391072618255,0.04571883770965173
vicsek,rho_1_over_2pi,0.15915494309189535,16,1,1270818,18,3000,0.11848907028806042,0.25,1500,0.7684747247357742,0.18299038691539113,0.826199200532978,0.12972907488600968
vicsek,rho_1_over_2pi,0.15915494309189535,16,1,1270819,19,3000,0.042768447745347694,0.0625,1500,0.6583584743860517,0.23031667097047662,0.6699283810792804,0.16837225490906127
vicsek,rho_1_over_2pi,0.15915494309189535,16,2,1270900,0,3000,0.18042652344259644,0.1875,1500,0.5050641193839323,0.1694154166222548,0.6330363091272485,0.1684868055516664
vicsek,rho_1_over_2pi,0.15915494309189535,16,2,1270901,1,3000,0.2861169377854246,0.125,1500,0.42050546231708225,0.17739310871386446,0.4618171219187209,0.1768413171904896
vicsek,rho_1_over_2pi,0.15915494309189535,16,2,1270902,2,3000,0.04749065480999627,0.1875,1500,0.5520729544015573,0.22489398407209588,0.6864173884077281,0.2001385941446516
vicsek,rho_1_over_2pi,0.15915494309189535,16,2,1270903,3,3000,0.04404113066269674,0.1875,1500,0.44066838671547887,0.17869713059165285,0.471435709526982,0.10795801996422733
vicsek,rho_1_over_2pi,0.15915494309189535,16,2,1270904,4,3000,0.1581434723199238,0.25,1500,0.5660511134292622,0.1689126795783416,0.6683461025982678,0.14955925799505732
vicsek,rho_1_over_2pi,0.15915494309189535,16,2,1270905,5,3000,0.29270260460421466,0.25,1500,0.515717015605304,0.16795249785226476,0.5298134576948701,0.11568445552422511
vicsek,rho_1_over_2pi,0.15915494309189535,16,2,1270906,6,3000,0.3844576025855716,0.3125,1500,0.5383567819881738,0.15175612071348601,0.6182128580946036,0.08784639151510076
vicsek,rho_1_over_2pi,0.15915494309189535,16,2,1270907,7,3000,0.19060982750698516,0.125,1500,0.5029676709127419,0.1757898786655657,0.5818620919387075,0.06462787680545154
vicsek,rho_1_over_2pi,0.15915494309189535,16,2,1270908,8,3000,0.13920499967309055,0.125,1500,0.512246396239199,0.21171713653678859,0.6150483011325782,0.16344362214649127
vicsek,rho_1_over_2pi,0.15915494309189535,16,2,1270909,9,3000,0.18726893344060774,0.25,1500,0.4764044064857998,0.18420529582920747,0.5182794803464357,0.10251923499016076
vicsek,rho_1_over_2pi,0.15915494309189535,16,2,1270910,10,3000,0.37872239192305085,0.1875,1500,0.6177880057246582,0.14802240957652268,0.6958694203864091,0.07909781472793039
vicsek,rho_1_over_2pi,0.15915494309189535,16,2,1270911,11,3000,0.27879223448703067,0.0625,1500,0.426516479017735,0.20883416731352714,0.4479097268487675,0.193922866006097
vicsek,rho_1_over_2pi,0.15915494309189535,16,2,1270912,12,3000,0.27539775432672015,0.1875,1500,0.4038948340760221,0.18712322189366726,0.38162058627581613,0.1477132243622364
vicsek,rho_1_over_2pi,0.15915494309189535,16,2,1270913,13,3000,0.3220596107769223,0.125,1500,0.33733006435738006,0.16914829601645917,0.3450199866755496,0.0868532513807987
vicsek,rho_1_over_2pi,0.15915494309189535,16,2,1270914,14,3000,0.19374946038883922,0.1875,1500,0.47765205186153814,0.1924266820786282,0.5093271152564957,0.14831466694380657
vicsek,rho_1_over_2pi,0.15915494309189535,16,2,1270915,15,3000,0.27801015900961945,0.1875,1500,0.40216116968749194,0.19204441377876924,0.45577948034643573,0.15171512894817688
vicsek,rho_1_over_2pi,0.15915494309189535,16,2,1270916,16,3000,0.27173793109349714,0.125,1500,0.4578144002899311,0.18275250410037136,0.5262741505662891,0.16660387167766938
vicsek,rho_1_over_2pi,0.15915494309189535,16,2,1270917,17,3000,0.17042214182181198,0.3125,1500,0.41826695893725174,0.17933029693189087,0.4513657561625583,0.15009854124936628
vicsek,rho_1_over_2pi,0.15915494309189535,16,2,1270918,18,3000,0.46729057139338015,0.125,1500,0.42120740139210505,0.1830732302220883,0.4104763491005996,0.11777931324802302
vicsek,rho_1_over_2pi,0.15915494309189535,16,2,1270919,19,3000,0.36904910188518103,0.1875,1500,0.4348738328704322,0.1888338437183881,0.4347101932045303,0.1481692889813242
vicsek,rho_1_over_2pi,0.15915494309189535,16,3,1271000,0,3000,0.05228626724101659,0.125,1500,0.2827639330419968,0.14356075063657253,0.3126665556295803,0.10364752947924183
vicsek,rho_1_over_2pi,0.15915494309189535,16,3,1271001,1,3000,0.24538613896972053,0.1875,1500,0.3269820037037974,0.15289047576990641,0.3819120586275816,0.09224434354048898
vicsek,rho_1_over_2pi,0.15915494309189535,16,3,1271002,2,3000,0.16539239354612975,0.1875,1500,0.2834584449749632,0.13765911900559297,0.33102931379080613,0.07684466846447141
vicsek,rho_1_over_2pi,0.15915494309189535,16,3,1271003,3,3000,0.4342580492191393,0.1875,1500,0.3173282779927666,0.1476499675807242,0.310709526982012,0.062390980754617804
vicsek,rho_1_over_2pi,0.15915494309189535,16,3,1271004,4,3000,0.1488138490729558,0.1875,1500,0.30628804036121887,0.14372567380105208,0.32395069953364425,0.0712484900632016
vicsek,rho_1_over_2pi,0.15915494309189535,16,3,1271005,5,3000,0.022594530418883586,0.1875,1500,0.32045183567105723,0.14631928665340876,0.41626415722851434,0.08607196263943441
vicsek,rho_1_over_2pi,0.15915494309189535,16,3,1271006,6,3000,0.24185871501611889,0.25,1500,0.3354000952663356,0.1448907537658711,0.40543804130579614,0.05632366809937761
vicsek,rho_1_over_2pi,0.15915494309189535,16,3,1271007,7,3000,0.08279395979266468,0.1875,1500,0.2677436739163952,0.1306460861616156,0.2325532978014657,0.05527523788130961
vicsek,rho_1_over_2pi,0.15915494309189535,16,3,1271008,8,3000,0.1602726112694845,0.25,1500,0.34556387554644635,0.1557645272804973,0.42217688207861426,0.17831413732742804
vicsek,rho_1_over_2pi,0.15915494309189535,16,3,1271009,9,3000,0.2089674158829268,0.1875,1500,0.29112057061594576,0.1443040732144759,0.2734843437708194,0.08033823353095644
vicsek,rho_1_over_2pi,0.15915494309189535,16,3,1271010,10,3000,0.25478578610011654,0.125,1500,0.3238160325638199,0.15384500219327926,0.3725433044636909,0.1394716693780515
vicsek,rho_1_over_2pi,0.15915494309189535,16,3,1271011,11,3000,0.08083429124765566,0.25,1500,0.3000115707871556,0.14934628373944542,0.3077948034643571,0.08429662855212249
vicsek,rho_1_over_2pi,0.15915494309189535,16,3,1271012,12,3000,0.5114891891006295,0.125,1500,0.31451045786118415,0.14869278503639052,0.37891405729513655,0.10627722416715758
vicsek,rho_1_over_2pi,0.15915494309189535,16,3,1271013,13,3000,0.6856473018686432,0.1875,1500,0.34088108630714276,0.15298999889962667,0.39669387075283147,0.11929171267917704
vicsek,rho_1_over_2pi,0.15915494309189535,16,3,1271014,14,3000,0.17347749099723922,0.125,1500,0.34481637779939384,0.1669651933751336,0.41076782145236507,0.09488345821807834
vicsek,rho_1_over_2pi,0.15915494309189535,16,3,1271015,15,3000,0.22043217441810925,0.3125,1500,0.3393664063148397,0.1437687289117878,0.462483344437042,0.0664389967981425
vicsek,rho_1_over_2pi,0.15915494309189535,16,3,1271016,16,3000,0.08367839122518796,0.125,1500,0.2950083689718147,0.14607202835869137,0.2808960692871419,0.03618768426151438
vicsek,rho_1_over_2pi,0.15915494309189535,16,3,1271017,17,3000,0.26057207905067425,0.1875,1500,0.2879252934058292,0.13917965797325565,0.23963191205862758,0.04369653681229977
vicsek,rho_1_over_2pi,0.15915494309189535,16,3,1271018,18,3000,0.18039260079659092,0.125,1500,0.275324884775785,0.13871953067573478,0.2394653564290473,0.06505751157615253
vicsek,rho_1_over_2pi,0.15915494309189535,16,3,1271019,19,3000,0.30255677539103704,0.125,1500,0.28880854476392204,0.1385840963320142,0.2932628247834777,0.0652859827021877
vicsek,rho_1_over_2pi,0.15915494309189535,16,4,1271100,0,3000,0.3635387226200754,0.125,1500,0.2427275890470616,0.12345542317495274,0.26598934043970685,0.04971608820774455
vicsek,rho_1_over_2pi,0.15915494309189535,16,4,1271101,1,3000,0.31018414777189884,0.1875,1500,0.28114923830371735,0.12830759978474993,0.48238674217188543,0.0712334497353971
vicsek,rho_1_over_2pi,0.15915494309189535,16,4,1271102,2,3000,0.07374824381313726,0.1875,1500,0.23787594330379572,0.11945189365186146,0.1866672218520986,0.034134965762665365
vicsek,rho_1_over_2pi,0.15915494309189535,16,4,1271103,3,3000,0.15401320867304594,0.125,1500,0.23665789530619447,0.122555761553336,0.2221435709526982,0.037930050722453874
vicsek,rho_1_over_2pi,0.15915494309189535,16,4,1271104,4,3000,0.3783279022883949,0.125,1500,0.23357630554554262,0.11803868324537259,0.1549383744170553,0.032126245283232
vicsek,rho_1_over_2pi,0.15915494309189535,16,4,1271105,5,3000,0.23979166306011065,0.25,1500,0.2629975104183426,0.1268245684162,0.3364840106595603,0.06422428594309647
vicsek,rho_1_over_2pi,0.15915494309189535,16,4,1271106,6,3000,0.35398299999373123,0.1875,1500,0.23419894876566025,0.1179742808906846,0.18866588940706197,0.0547415932754568
vicsek,rho_1_over_2pi,0.15915494309189535,16,4,1271107,7,3000,0.20238672230715826,0.25,1500,0.24786680539860526,0.12896543778131217,0.2609093937375083,0.04195164865035158
vicsek,rho_1_over_2pi,0.15915494309189535,16,4,1271108,8,3000,0.15907295613652647,0.1875,1500,0.23874523991555113,0.11945335922305775,0.22443371085942704,0.039145976776953646
vicsek,rho_1_over_2pi,0.15915494309189535,16,4,1271109,9,3000,0.5266596839115298,0.125,1500,0.25857942906019865,0.12950422335221679,0.2562458361092605,0.03589191698020757
vicsek,rho_1_over_2pi,0.15915494309189535,16,4,1271110,10,3000,0.04297087672305304,0.125,1500,0.2409242217845853,0.11978949466890067,0.20623750832778148,0.07660755559215353
vicsek,rho_1_over_2pi,0.15915494309189535,16,4,1271111,11,3000,0.21365819303247113,0.1875,1500,0.24900930586382192,0.12495202683410273,0.2874333777481679,0.04318326098343858
vicsek,rho_1_over_2pi,0.15915494309189535,16,4,1271112,12,3000,0.13184243227164785,0.1875,1500,0.24738975927891776,0.12244568567338746,0.19557794803464357,0.04705822919989317
vicsek,rho_1_over_2pi,0.15915494309189535,16,4,1271113,13,3000,0.24959651099768243,0.1875,1500,0.24585783738168968,0.12104860496855153,0.2770236508994004,0.0801161794237494
vicsek,rho_1_over_2pi,0.15915494309189535,16,4,1271114,14,3000,0.15047277560106412,0.1875,1500,0.2262202578975576,0.11648115597830583,0.19187208527648233,0.04854796621452175
vicsek,rho_1_over_2pi,0.15915494309189535,16,4,1271115,15,3000,0.5694460557390939,0.125,1500,0.24585303706351422,0.12170968008118206,0.217854763491006,0.06578520423998162
vicsek,rho_1_over_2pi,0.15915494309189535,16,4,1271116,16,3000,0.2699696202131127,0.1875,1500,0.25815661129446754,0.13169980987727065,0.31778814123917387,0.07723623369515392
vicsek,rho_1_over_2pi,0.15915494309189535,16,4,1271117,17,3000,0.18120679046664714,0.125,1500,0.24561882515781314,0.12675877691187842,0.26349100599600267,0.05232514823959031
vicsek,rho_1_over_2pi,0.15915494309189535,16,4,1271118,18,3000,0.25932717252084,0.1875,1500,0.24231260993881387,0.12364558394912234,0.22376748834110594,0.07915524535394144
vicsek,rho_1_over_2pi,0.15915494309189535,16,4,1271119,19,3000,0.13015285952416122,0.25,1500,0.25819623029635236,0.12732535626187094,0.30925216522318455,0.05578861554020457
vicsek,rho_1_over_2pi,0.15915494309189535,16,5,1271200,0,3000,0.2434517474619693,0.3125,1500,0.221763029498713,0.11118889684098598,0.22709860093271153,0.048354946015602765
vicsek,rho_1_over_2pi,0.15915494309189535,16,5,1271201,1,3000,0.12321449459147324,0.125,1500,0.22521066593113928,0.1169970842601372,0.21294137241838773,0.06248511530030559
vicsek,rho_1_over_2pi,0.15915494309189535,16,5,1271202,2,3000,0.14478706638397615,0.1875,1500,0.22198443373931076,0.1206400270871261,0.19170552964690207,0.03422900543195366
vicsek,rho_1_over_2pi,0.15915494309189535,16,5,1271203,3,3000,0.2670852168352721,0.25,1500,0.22419000771010758,0.11526534145565162,0.1558960692871419,0.03318665326958574
vicsek,rho_1_over_2pi,0.15915494309189535,16,5,1271204,4,3000,0.17648358472417616,0.125,1500,0.23165809431479792,0.11341609316567301,0.14819287141905396,0.030536283872266406
vicsek,rho_1_over_2pi,0.15915494309189535,16,5,1271205,5,3000,0.3086806822686347,0.1875,1500,0.22328184532518489,0.1118410283611077,0.15443870752831446,0.031197463351721647
vicsek,rho_1_over_2pi,0.15915494309189535,16,5,1271206,6,3000,0.3857856138717011,0.1875,1500,0.225609043761509,0.11885650244396678,0.15543804130579614,0.0392177061148705
vicsek,rho_1_over_2pi,0.15915494309189535,16,5,1271207,7,3000,0.3038159739112176,0.25,1500,0.2287919766584748,0.11985631475528458,0.2503331112591606,0.046530766396360355
vicsek,rho_1_over_2pi,0.15915494309189535,16,5,1271208,8,3000,0.36999951244308454,0.1875,1500,0.21754118276495105,0.11232648405056037,0.1725099933377748,0.033979236420616295
vicsek,rho_1_over_2pi,0.15915494309189535,16,5,1271209,9,3000,0.22969928276690654,0.125,1500,0.22303282871565794,0.11462103504576218,0.1703031312458361,0.046793054935484815
vicsek,rho_1_over_2pi,0.15915494309189535,16,5,1271210,10,3000,0.1477631236840869,0.25,1500,0.23329210197956643,0.11808863863476099,0.42300966022651565,0.11587394972613295
vicsek,rho_1_over_2pi,0.15915494309189535,16,5,1271211,11,3000,0.19565621447512704,0.1875,1500,0.22838441379709212,0.11851044860415492,0.15073284477015322,0.03192164760959476
vicsek,rho_1_over_2pi,0.15915494309189535,16,5,1271212,12,3000,0.28622349427554106,0.3125,1500,0.22688404575678797,0.12000772802401123,0.2326782145236509,0.055525822585179005
vicsek,rho_1_over_2pi,0.15915494309189535,16,5,1271213,13,3000,0.3517564712590655,0.1875,1500,0.22683658785703842,0.11715662577190528,0.1667221852098601,0.034034808486252385
vicsek,rho_1_over_2pi,0.15915494309189535,16,5,1271214,14,3000,0.2690068815622634,0.1875,1500,0.2236977034762288,0.11843966051185703,0.2001165889407062,0.05306035366011576
vicsek,rho_1_over_2pi,0.15915494309189535,16,5,1271215,15,3000,0.01860563530040866,0.1875,1500,0.22461124041542582,0.11604097508233295,0.1875,0.0448227317531197
vicsek,rho_1_over_2pi,0.15915494309189535,16,5,1271216,16,3000,0.27718224499534194,0.125,1500,0.2325985055571552,0.11717633820462538,0.1902481678880746,0.0581447647044235
vicsek,rho_1_over_2pi,0.15915494309189535,16,5,1271217,17,3000,0.12315615901003016,0.125,1500,0.22610600731238933,0.11331779446535796,0.18012991339107262,0.02489400805082629
vicsek,rho_1_over_2pi,0.15915494309189535,16,5,1271218,18,3000,0.017419094773513666,0.1875,1500,0.223182928573433,0.11663828951667227,0.1661392405063291,0.029643977840498725
vicsek,rho_1_over_2pi,0.15915494309189535,16,5,1271219,19,3000,0.10958333313479778,0.25,1500,0.22633651298677274,0.11966231765776057,0.22493337774816788,0.07717393783350304
vicsek,rho_1_over_2pi,0.15915494309189535,16,6,1271300,0,3000,0.1785678199019841,0.1875,1500,0.22507584665602337,0.11387517648414365,0.38965689540306464,0.03280215764840465
vicsek,rho_1_over_2pi,0.15915494309189535,16,6,1271301,1,3000,0.26520117871413423,0.1875,1500,0.22524787328858822,0.11311054841042968,0.22514157228514323,0.0545528804563262
vicsek,rho_1_over_2pi,0.15915494309189535,16,6,1271302,2,3000,0.3618023657697897,0.125,1500,0.224689350676798,0.11603536249448933,0.12991339107261826,0.026641027213784817
vicsek,rho_1_over_2pi,0.15915494309189535,16,6,1271303,3,3000,0.15543360543985227,0.1875,1500,0.2255250962000334,0.11427247937521146,0.14386242504996669,0.028689902175805814
vicsek,rho_1_over_2pi,0.15915494309189535,16,6,1271304,4,3000,0.1893645718756275,0.1875,1500,0.22063705914803533,0.11277824483016516,0.15906062624916723,0.031123349435552276
vicsek,rho_1_over_2pi,0.15915494309189535,16,6,1271305,5,3000,0.36813350232111075,0.125,1500,0.2224319119802419,0.11638109925227878,0.12903897401732178,0.015366280127929828
vicsek,rho_1_over_2pi,0.15915494309189535,16,6,1271306,6,3000,0.03976626205368405,0.1875,1500,0.2221515084068072,0.11228856993940937,0.1558960692871419,0.03124799566453016
vicsek,rho_1_over_2pi,0.15915494309189535,16,6,1271307,7,3000,0.17635102839566258,0.125,1500,0.22085374166218513,0.11362982120485283,0.14877581612258495,0.030343023504037774
vicsek,rho_1_over_2pi,0.15915494309189535,16,6,1271308,8,3000,0.1258221013015461,0.125,1500,0.2247398959085991,0.11796738312051994,0.15356429047301798,0.04775955451301218
vicsek,rho_1_over_2pi,0.15915494309189535,16,6,1271309,9,3000,0.3604536092049851,0.125,1500,0.22662709708831594,0.1166693409104914,0.1297051965356429,0.016490479345326974
vicsek,rho_1_over_2pi,0.15915494309189535,16,6,1271310,10,3000,0.3409315516896853,0.125,1500,0.22199595384154217,0.11822922808775756,0.17504996668887407,0.041047726990315905
vicsek,rho_1_over_2pi,0.15915494309189535,16,6,1271311,11,3000,0.10049781375718378,0.125,1500,0.22823093872203978,0.11720930518127107,0.11550632911392406,0.03457559079653822
vicsek,rho_1_over_2pi,0.15915494309189535,16,6,1271312,12,3000,0.23476053216263693,0.25,1500,0.22099329498994236,0.11452941719307592,0.2379247168554297,0.04758192201317776
vicsek,rho_1_over_2pi,0.15915494309189535,16,6,1271313,13,3000,0.18891350193486006,0.125,1500,0.21996811860346882,0.11186077468037783,0.169636908727515,0.04523848357950653
vicsek,rho_1_over_2pi,0.15915494309189535,16,6,1271314,14,3000,0.22421837921585935,0.125,1500,0.2251372755378438,0.11742253773661943,0.16584776815456362,0.03810217132538607
vicsek,rho_1_over_2pi,0.15915494309189535,16,6,1271315,15,3000,0.18026276138674377,0.25,1500,0.2267738544538325,0.11556954204574973,0.185126582278481,0.025345066278369757
vicsek,rho_1_over_2pi,0.15915494309189535,16,6,1271316,16,3000,0.06263368251174853,0.125,1500,0.22210513566325504,0.11194839317410644,0.15926882078614257,0.031103845759988483
vicsek,rho_1_over_2pi,0.15915494309189535,16,6,1271317,17,3000,0.5613150338965008,0.25,1500,0.22207956687217562,0.11458453704813218,0.16626415722851431,0.04655196326955248
vicsek,rho_1_over_2pi,0.15915494309189535,16,6,1271318,18,3000,0.43524195915489355,0.125,1500,0.220954418332978,0.1108985330788655,0.12799800133244504,0.023072013005946558
vicsek,rho_1_over_2pi,0.15915494309189535,16,6,1271319,19,3000,0.14664687453737177,0.1875,1500,0.22503045045341977,0.11377985112784346,0.20936042638241173,0.04468818990151232
vicsek,rho_1_over_3pi,0.1061032953945969,11,0,1290000,0,3000,0.2492410284738093,0.36363636363636365,1500,0.9999560743781094,0.0002284159053151035,0.9969111501423293,0.01647008011736073
vicsek,rho_1_over_3pi,0.1061032953945969,11,0,1290001,1,3000,0.19932026748487236,0.2727272727272727,1500,1.0,0.0,1.0,0.0
vicsek,rho_1_over_3pi,0.1061032953945969,11,0,1290002,2,3000,0.3285325527400267,0.18181818181818182,1500,0.9975597148558097,0.0,0.5454545454545454,0.0
vicsek,rho_1_over_3pi,0.1061032953945969,11,0,1290003,3,3000,0.3939330884062896,0.18181818181818182,1500,1.0,0.0,1.0,0.0
vicsek,rho_1_over_3pi,0.1061032953945969,11,0,1290004,4,3000,0.3290564003413083,0.18181818181818182,1500,1.0,3.0567558837990604e-17,1.0,0.0
vicsek,rho_1_over_3pi,0.1061032953945969,11,0,1290005,5,3000,0.03210913702890365,0.2727272727272727,1500,0.9999999999999999,0.0,1.0,0.0
vicsek,rho_1_over_3pi,0.1061032953945969,11,0,1290006,6,3000,0.20551474642227116,0.2727272727272727,1500,1.0,0.0,1.0,0.0
vicsek,rho_1_over_3pi,0.1061032953945969,11,0,1290007,7,3000,0.14457815335503776,0.18181818181818182,1500,0.9996400426598693,0.0,0.5454545454545454,0.0
vicsek,rho_1_over_3pi,0.1061032953945969,11,0,1290008,8,3000,0.3117289859964498,0.18181818181818182,1500,0.9977304575805307,0.0,0.8181818181818182,0.0
vicsek,rho_1_over_3pi,0.1061032953945969,11,0,1290009,9,3000,0.07813678864356338,0.18181818181818182,1500,1.0,0.0,1.0,0.0
vicsek,rho_1_over_3pi,0.1061032953945969,11,0,1290010,10,3000,0.15213698525251018,0.18181818181818182,1500,1.0000000000000002,6.660441400780413e-17,1.0,0.0
vicsek,rho_1_over_3pi,0.1061032953945969,11,0,1290011,11,3000,0.4064666205516032,0.18181818181818182,1500,0.9992288824884554,0.0,0.5454545454545454,0.0
vicsek,rho_1_over_3pi,0.1061032953945969,11,0,1290012,12,3000,0.3722885534171219,0.18181818181818182,1500,0.9999379453126421,5.050208617113852e-05,0.8918296892980438,0.08925532533793008
vicsek,rho_1_over_3pi,0.1061032953945969,11,0,1290013,13,3000,0.06574322324389614,0.36363636363636365,1500,0.9924989696207913,0.005532999557536951,0.7681545636242505,0.17480024325241011
vicsek,rho_1_over_3pi,0.1061032953945969,11,0,1290014,14,3000,0.350557026451123,0.18181818181818182,1500,0.9999999999999999,0.0,1.0,0.0
vicsek,rho_1_over_3pi,0.1061032953945969,11,0,1290015,15,3000,0.25589304896631887,0.2727272727272727,1500,0.9998036534844265,0.0,0.45454545454545453,0.0
vicsek,rho_1_over_3pi,0.1061032953945969,11,0,1290016,16,3000,0.3819524865557274,0.18181818181818182,1500,0.9951060842352167,0.0,0.9090909090909091,0.0
vicsek,rho_1_over_3pi,0.1061032953945969,11,0,1290017,17,3000,0.32252904932359056,0.18181818181818182,1500,0.9939841366254463,0.006500079227639571,0.6814245048755375,0.0864454999677499
vicsek,rho_1_over_3pi,0.1061032953945969,11,0,1290018,18,3000,0.1874720001423208,0.18181818181818182,1500,0.9999999999999999,0.0,1.0,0.0
vicsek,rho_1_over_3pi,0.1061032953945969,11,0,1290019,19,3000,0.11508523735200708,0.2727272727272727,1500,0.9999999999999644,3.43675801702473e-13,1.0,0.0
vicsek,rho_1_over_3pi,0.1061032953945969,11,0.050000000000000003,1290100,0,3000,0.18801015387543837,0.18181818181818182,1500,0.9968039751286634,0.003338992740499734,0.8021924777421112,0.11820224464770461
vicsek,rho_1_over_3pi,0.1061032953945969,11,0.050000000000000003,1290101,1,3000,0.2984581523935915,0.18181818181818182,1500,0.9996176023280096,0.0003658191746326364,0.846223729634789,0.16632199050559515
vicsek,rho_1_over_3pi,0.1061032953945969,11,0.050000000000000003,1290102,2,3000,0.07782885594610879,0.18181818181818182,1500,0.9997624609034523,0.0001545472137581108,0.963236630125371,0.10787511648712203
vicsek,rho_1_over_3pi,0.1061032953945969,11,0.050000000000000003,1290103,3,3000,0.3632310326956379,0.18181818181818182,1500,0.9967858454207473,0.0078033531308871204,0.9704439464599359,0.06328293770986515
vicsek,rho_1_over_3pi,0.1061032953945969,11,0.050000000000000003,1290104,4,3000,0.3596758274588559,0.09090909090909091,1500,0.9969568394886995,0.004546780709589801,0.9267760886681605,0.03598580305137463
vicsek,rho_1_over_3pi,0.1061032953945969,11,0.050000000000000003,1290105,5,3000,0.3468148645378891,0.2727272727272727,1500,0.9861941151136203,0.04731904776787001,0.9877657319362849,0.045549259710406784
vicsek,rho_1_over_3pi,0.1061032953945969,11,0.050000000000000003,1290106,6,3000,0.14643475961530827,0.2727272727272727,1500,0.999200052904466,0.0011378809996404325,0.9050935739809823,0.11469221631880294
vicsek,rho_1_over_3pi,0.1061032953945969,11,0.050000000000000003,1290107,7,3000,0.05485865628758401,0.18181818181818182,1500,0.9998213946546034,0.00010711472202716319,0.994912482587366,0.04270975881977157
vicsek,rho_1_over_3pi,0.1061032953945969,11,0.050000000000000003,1290108,8,3000,0.1068229455811454,0.18181818181818182,1500,0.9998619425859817,6.488141885098171e-05,1.0,0.0
vicsek,rho_1_over_3pi,0.1061032953945969,11,0.050000000000000003,1290109,9,3000,0.7059471658291921,0.2727272727272727,1500,0.9993594802600467,0.0008026160480278042,0.8227242444430986,0.21642709503755936
vicsek,rho_1_over_3pi,0.1061032953945969,11,0.050000000000000003,1290110,10,3000,0.23885015416331504,0.18181818181818182,1500,0.9998214751074388,0.00011443512701319129,0.9943068257525286,0.022026099568752525
vicsek,rho_1_over_3pi,0.1061032953945969,11,0.050000000000000003,1290111,11,3000,0.3829292166528537,0.18181818181818182,1500,0.9954697996420493,0.006421487111027267,0.9151474774392829,0.12626023315793752
vicsek,rho_1_over_3pi,0.1061032953945969,11,0.050000000000000003,1290112,12,3000,0.17359849657727183,0.09090909090909091,1500,0.8842191437677812,0.01449235585529207,0.7272727272727273,0.0
vicsek,rho_1_over_3pi,0.1061032953945969,11,0.050000000000000003,1290113,13,3000,0.11674810619635739,0.18181818181818182,1500,0.9997619169276981,0.0001856853413718212,0.9998183029495488,0.007037096504525619
vicsek,rho_1_over_3pi,0.1061032953945969,11,0.050000000000000003,1290114,14,3000,0.7111236916403073,0.18181818181818182,1500,0.9888293561652256,0.013327386091862443,0.610320392465629,0.04110130258715024
vicsek,rho_1_over_3pi,0.1061032953945969,11,0.050000000000000003,1290115,15,3000,0.327158789204691,0.18181818181818182,1500,0.9998093104602995,0.00011137118909486324,1.0,0.0
vicsek,rho_1_over_3pi,0.1061032953945969,11,0.050000000000000003,1290116,16,3000,0.08741376650343574,0.09090909090909091,1500,0.9951710831896003,0.008442085877757613,0.934346799103628,0.08733042327610008
vicsek,rho_1_over_3pi,0.1061032953945969,11,0.050000000000000003,1290117,17,3000,0.24589894137508514,0.18181818181818182,1500,0.9998155666358866,0.00010603056464494826,0.9928532493489189,0.03533175858089636
vicsek,rho_1_over_3pi,0.1061032953945969,11,0.050000000000000003,1290118,18,3000,0.43590601330813067,0.18181818181818182,1500,0.9989612460137317,0.0009181438842669681,0.5457573738719641,0.011728494174209366
vicsek,rho_1_over_3pi,0.1061032953945969,11,0.050000000000000003,1290119,19,3000,0.2603352023275009,0.18181818181818182,1500,0.9975398505931534,0.004072513258918821,0.8283568530070863,0.12850482413416237
vicsek,rho_1_over_3pi,0.1061032953945969,11,0.10000000000000001,1290200,0,3000,0.34079780122789904,0.18181818181818182,1500,0.9867590154128948,0.011141858868936313,0.7937132820543881,0.10460308995935853
vicsek,rho_1_over_3pi,0.1061032953945969,11,0.10000000000000001,1290201,1,3000,0.3686002072489178,0.2727272727272727,1500,0.9646867414781569,0.0426987463036134,0.8981285203803524,0.053362388669003814
vicsek,rho_1_over_3pi,0.1061032953945969,11,0.10000000000000001,1290202,2,3000,0.22792374272462068,0.18181818181818182,1500,0.9993866609493584,0.00028782915338033054,1.0,0.0
vicsek,rho_1_over_3pi,0.1061032953945969,11,0.10000000000000001,1290203,3,3000,0.03182366878865814,0.2727272727272727,1500,0.9814236281309242,0.01638351352053529,0.47126158318696626,0.03521674461899734
vicsek,rho_1_over_3pi,0.1061032953945969,11,0.10000000000000001,1290204,4,3000,0.18015536770369622,0.2727272727272727,1500,0.989766193147834,0.01906828986780902,0.966022651565623,0.043981696773084805
vicsek,rho_1_over_3pi,0.1061032953945969,11,0.10000000000000001,1290205,5,3000,0.34734828680021257,0.18181818181818182,1500,0.9880498293220092,0.010857689145371816,0.7350857004421296,0.12486966663360485
vicsek,rho_1_over_3pi,0.1061032953945969,11,0.10000000000000001,1290206,6,3000,0.22416689870393078,0.09090909090909091,1500,0.9991511481782279,0.0005830111692033203,1.0,0.0
vicsek,rho_1_over_3pi,0.1061032953945969,11,0.10000000000000001,1290207,7,3000,0.23915733261295122,0.09090909090909091,1500,0.997903787104703,0.0030542391657920544,0.8201804857367815,0.1857765834073543
vicsek,rho_1_over_3pi,0.1061032953945969,11,0.10000000000000001,1290208,8,3000,0.31570708744635945,0.18181818181818182,1500,0.996412085581157,0.005532398416139984,0.8930410029677185,0.09944800391448688
vicsek,rho_1_over_3pi,0.1061032953945969,11,0.10000000000000001,1290209,9,3000,0.20807006470732728,0.18181818181818182,1500,0.9991937641079288,0.0007130160905881828,0.9848585791290655,0.05023666974338978
vicsek,rho_1_over_3pi,0.1061032953945969,11,0.10000000000000001,1290210,10,3000,0.41274957253215594,0.18181818181818182,1500,0.9931104671885351,0.006744552450362158,0.933620010901823,0.040351474704111386
vicsek,rho_1_over_3pi,0.1061032953945969,11,0.10000000000000001,1290211,11,3000,0.4535304415291827,0.18181818181818182,1500,0.9937440342424565,0.01212624713891339,0.9674156622857488,0.06973296189520689
vicsek,rho_1_over_3pi,0.1061032953945969,11,0.10000000000000001,1290212,12,3000,0.15501876433674922,0.18181818181818182,1500,0.9650611795583972,0.024830961744288026,0.6363636363636364,0.0
vicsek,rho_1_over_3pi,0.1061032953945969,11,0.10000000000000001,1290213,13,3000,0.4675103628251284,0.18181818181818182,1500,0.9977724382604718,0.002826414707144457,0.9048513112470474,0.17128883322055155
vicsek,rho_1_over_3pi,0.1061032953945969,11,0.10000000000000001,1290214,14,3000,0.2593306077547855,0.18181818181818182,1500,0.9985257410851215,0.0016473556256643678,0.913512203985222,0.1682518175478933
vicsek,rho_1_over_3pi,0.1061032953945969,11,0.10000000000000001,1290215,15,3000,0.4296041476834476,0.36363636363636365,1500,0.9647167722264653,0.03774621935499171,0.7349040033916783,0.13276649879411545
vicsek,rho_1_over_3pi,0.1061032953945969,11,0.10000000000000001,1290216,16,3000,0.07949624957919851,0.2727272727272727,1500,0.954563269885409,0.025075423740378487,0.5040881836351523,0.04527032645171239
vicsek,rho_1_over_3pi,0.1061032953945969,11,0.10000000000000001,1290217,17,3000,0.4680518724268508,0.18181818181818182,1500,0.9566553411000945,0.019299381611845967,0.7236993519471867,0.19319218894896986
vicsek,rho_1_over_3pi,0.1061032953945969,11,0.10000000000000001,1290218,18,3000,0.19622115477370228,0.18181818181818182,1500,0.968032665324739,0.02910264641466114,0.8163648476773061,0.022186392868315183
vicsek,rho_1_over_3pi,0.1061032953945969,11,0.10000000000000001,1290219,19,3000,0.10148487059901366,0.2727272727272727,1500,0.9895267211548704,0.013519069107605267,0.6831203440130821,0.0794671621640711
vicsek,rho_1_over_3pi,0.1061032953945969,11,0.14999999999999999,1290300,0,3000,0.12865321911538427,0.18181818181818182,1500,0.9986267300291913,0.0007443148750862148,1.0,0.0
vicsek,rho_1_over_3pi,0.1061032953945969,11,0.14999999999999999,1290301,1,3000,0.225438081855216,0.09090909090909091,1500,0.9823507858385394,0.016449823532387407,0.7825691962933803,0.14694398147501445
vicsek,rho_1_over_3pi,0.1061032953945969,11,0.14999999999999999,1290302,2,3000,0.26095281868140263,0.18181818181818182,1500,0.9577871970799677,0.04925364022347663,0.9222336624068802,0.07108048064380536
vicsek,rho_1_over_3pi,0.1061032953945969,11,0.14999999999999999,1290303,3,3000,0.36146851023336884,0.18181818181818182,1500,0.9979887838335826,0.001469232856052204,0.9896432681242808,0.052127740634780775
vicsek,rho_1_over_3pi,0.1061032953945969,11,0.14999999999999999,1290304,4,3000,0.08471400871613355,0.2727272727272727,1500,0.9660450235916817,0.03898358068222288,0.8391981103506753,0.08844647123198633
vicsek,rho_1_over_3pi,0.1061032953945969,11,0.14999999999999999,1290305,5,3000,0.6130914933694958,0.18181818181818182,1500,0.9872414406437012,0.015648053672324913,0.6429652958633638,0.18658703578318042
vicsek,rho_1_over_3pi,0.1061032953945969,11,0.14999999999999999,1290306,6,3000,0.11605755511021218,0.36363636363636365,1500,0.998651800533271,0.000647572410497234,1.0,0.0
vicsek,rho_1_over_3pi,0.1061032953945969,11,0.14999999999999999,1290307,7,3000,0.11351131197706434,0.18181818181818182,1500,0.9421289873259817,0.09291107672145009,0.79601477802677,0.19997130489848966
vicsek,rho_1_over_3pi,0.1061032953945969,11,0.14999999999999999,1290308,8,3000,0.22643442205113226,0.18181818181818182,1500,0.9647741102594891,0.02695362534111705,0.7855974804675672,0.06764891330196718
vicsek,rho_1_over_3pi,0.1061032953945969,11,0.14999999999999999,1290309,9,3000,0.3562227295787804,0.18181818181818182,1500,0.9971050881271105,0.00262165416132711,0.9363454666585913,0.12320900079453298
vicsek,rho_1_over_3pi,0.1061032953945969,11,0.14999999999999999,1290310,10,3000,0.26128954718999187,0.18181818181818182,1500,0.9974433714894523,0.0021947377485348526,0.9958815335231058,0.027052732220364233
vicsek,rho_1_over_3pi,0.1061032953945969,11,0.14999999999999999,1290311,11,3000,0.1034120026945728,0.18181818181818182,1500,0.9939858196300954,0.0076578201291325485,0.844164496396342,0.12619589406383455
vicsek,rho_1_over_3pi,0.1061032953945969,11,0.14999999999999999,1290312,12,3000,0.25262232477936925,0.2727272727272727,1500,0.9144545522759597,0.062289522241694914,0.5345527224274726,0.2162891887173348
vicsek,rho_1_over_3pi,0.1061032953945969,11,0.14999999999999999,1290313,13,3000,0.04147584240085497,0.18181818181818182,1500,0.9968383936708876,0.00468171280013512,0.8970383380776452,0.19026206031008625
vicsek,rho_1_over_3pi,0.1061032953945969,11,0.14999999999999999,1290314,14,3000,0.19243480124039014,0.2727272727272727,1500,0.9705627823217953,0.04545439965972776,0.906789413118527,0.1293555396676308
vicsek,rho_1_over_3pi,0.1061032953945969,11,0.14999999999999999,1290315,15,3000,0.31541384145722534,0.2727272727272727,1500,0.9119938127648245,0.06123644101250447,0.5279510629277452,0.15903109233150617
vicsek,rho_1_over_3pi,0.1061032953945969,11,0.14999999999999999,1290316,16,3000,0.5821995148573783,0.18181818181818182,1500,0.9547426758717689,0.05614285664003417,0.8907395069953364,0.08328633759747739
vicsek,rho_1_over_3pi,0.1061032953945969,11,0.14999999999999999,1290317,17,3000,0.5846734422547436,0.18181818181818182,1500,0.9982166301007803,0.0014134652577990601,0.9953364423717521,0.02706601722052656
vicsek,rho_1_over_3pi,0.1061032953945969,11,0.14999999999999999,1290318,18,3000,0.265403725151777,0.09090909090909091,1500,0.9908378054757156,0.01797790551604956,0.9847374477620979,0.03397880586609093
vicsek,rho_1_over_3pi,0.1061032953945969,11,0.14999999999999999,1290319,19,3000,0.2775926482099105,0.18181818181818182,1500,0.9693634879795401,0.03475013112097892,0.819393131851493,0.14728224383415503
vicsek,rho_1_over_3pi,0.1061032953945969,11,0.20000000000000001,1290400,0,3000,0.18039836286081704,0.18181818181818182,1500,0.9892553763630111,0.013258304003882547,0.9442190055114772,0.07803177924521383
vicsek,rho_1_over_3pi,0.1061032953945969,11,0.20000000000000001,1290401,1,3000,0.2752942437308714,0.09090909090909091,1500,0.997111081455928,0.0017036055459934412,0.9980618981285203,0.018671526975226393
vicsek,rho_1_over_3pi,0.1061032953945969,11,0.20000000000000001,1290402,2,3000,0.0520746244491239,0.09090909090909091,1500,0.9576079438902044,0.045332619813964664,0.6169220519653564,0.19880593117262974
vicsek,rho_1_over_3pi,0.1061032953945969,11,0.20000000000000001,1290403,3,3000,0.38695434872627443,0.2727272727272727,1500,0.9419848211114925,0.06274298515212602,0.8201804857367816,0.09978129722281004
vicsek,rho_1_over_3pi,0.1061032953945969,11,0.20000000000000001,1290404,4,3000,0.27191416955605235,0.18181818181818182,1500,0.9889966933441915,0.02613083334286223,0.9606323057355702,0.07488622865277077
vicsek,rho_1_over_3pi,0.1061032953945969,11,0.20000000000000001,1290405,5,3000,0.3815500133356951,0.2727272727272727,1500,0.9974000746418514,0.001530651538430225,1.0,0.0
vicsek,rho_1_over_3pi,0.1061032953945969,11,0.20000000000000001,1290406,6,3000,0.17896619286438697,0.18181818181818182,1500,0.9976503010695995,0.0011706496469007707,1.0,0.0
vicsek,rho_1_over_3pi,0.1061032953945969,11,0.20000000000000001,1290407,7,3000,0.3828609967197339,0.2727272727272727,1500,0.9634407485229421,0.03828297251060103,0.6460541457210345,0.12476007452127216
vicsek,rho_1_over_3pi,0.1061032953945969,11,0.20000000000000001,1290408,8,3000,0.3111451376388783,0.18181818181818182,1500,0.9694296246631966,0.049690606954882956,0.7739688692386893,0.2710258235929411
vicsek,rho_1_over_3pi,0.1061032953945969,11,0.20000000000000001,1290409,9,3000,0.04574800806358035,0.18181818181818182,1500,0.9979831022590814,0.0008355417847838228,1.0,0.0
vicsek,rho_1_over_3pi,0.1061032953945969,11,0.20000000000000001,1290410,10,3000,0.25468007374383156,0.18181818181818182,1500,0.957679824226637,0.062216924244915595,0.9113318393798074,0.09088146698506604
vicsek,rho_1_over_3pi,0.1061032953945969,11,0.20000000000000001,1290411,11,3000,0.2356099358126019,0.2727272727272727,1500,0.9468352151571631,0.10118447541571253,0.895705893041003,0.19570915727788682
vicsek,rho_1_over_3pi,0.1061032953945969,11,0.20000000000000001,1290412,12,3000,0.2175807980345553,0.2727272727272727,1500,0.8953836216594895,0.0928480623729834,0.6822118587608261,0.09925423937654965
vicsek,rho_1_over_3pi,0.1061032953945969,11,0.20000000000000001,1290413,13,3000,0.43033347734569105,0.18181818181818182,1500,0.9886040904276966,0.016929311437576564,0.9502150081763673,0.0452477948271935
vicsek,rho_1_over_3pi,0.1061032953945969,11,0.20000000000000001,1290414,14,3000,0.16506568950978354,0.09090909090909091,1500,0.9446285665539315,0.076718725748222,0.8995820967839622,0.07134915144543598
vicsek,rho_1_over_3pi,0.1061032953945969,11,0.20000000000000001,1290415,15,3000,0.16270667006056247,0.2727272727272727,1500,0.9171413438453505,0.06038960138817656,0.637150990248925,0.1282837794413569
vicsek,rho_1_over_3pi,0.1061032953945969,11,0.20000000000000001,1290416,16,3000,0.2641686765172451,0.18181818181818182,1500,0.9896939131765845,0.017154002636928734,0.9140572951365756,0.08677285019771613
vicsek,rho_1_over_3pi,0.1061032953945969,11,0.20000000000000001,1290417,17,3000,0.0926708385440858,0.18181818181818182,1500,0.9874345609666778,0.011338429660709116,0.7369026709466415,0.18553759133755665
vicsek,rho_1_over_3pi,0.1061032953945969,11,0.20000000000000001,1290418,18,3000,0.2915157128598275,0.18181818181818182,1500,0.9948358513527614,0.005439657373856054,0.9646902065289806,0.11352112852525789
vicsek,rho_1_over_3pi,0.1061032953945969,11,0.20000000000000001,1290419,19,3000,0.23778179637498553,0.18181818181818182,1500,0.9005666878193445,0.09908829345507174,0.7232148264793168,0.2682799046116057
vicsek,rho_1_over_3pi,0.1061032953945969,11,0.29999999999999999,1290500,0,3000,0.12121257070238456,0.18181818181818182,1500,0.8950538109064612,0.18788659645210048,0.8809278662709709,0.17080938030776033
vicsek,rho_1_over_3pi,0.1061032953945969,11,0.29999999999999999,1290501,1,3000,0.12549619578257726,0.18181818181818182,1500,0.9699133460390992,0.0548024520021146,0.9651141663133669,0.054676691784484116
vicsek,rho_1_over_3pi,0.1061032953945969,11,0.29999999999999999,1290502,2,3000,0.18967850857274493,0.18181818181818182,1500,0.9091366381658627,0.07037953360838417,0.6765792501968384,0.09244851154472514
vicsek,rho_1_over_3pi,0.1061032953945969,11,0.29999999999999999,1290503,3,3000,0.28539833739835274,0.2727272727272727,1500,0.9324204981495422,0.07158315737839022,0.8906789413118528,0.07812160889717008
vicsek,rho_1_over_3pi,0.1061032953945969,11,0.29999999999999999,1290504,4,3000,0.5024698139457313,0.18181818181818182,1500,0.9394981876249715,0.05181298618147057,0.7554357700926656,0.11966926937993681
vicsek,rho_1_over_3pi,0.1061032953945969,11,0.29999999999999999,1290505,5,3000,0.26901809236956153,0.09090909090909091,1500,0.9735912608914686,0.031324979632100215,0.8893464962752106,0.1301228021482491
vicsek,rho_1_over_3pi,0.1061032953945969,11,0.29999999999999999,1290506,6,3000,0.572222795362967,0.2727272727272727,1500,0.9794296202812334,0.03079081223969367,0.9556053540064199,0.04544218651882836
vicsek,rho_1_over_3pi,0.1061032953945969,11,0.29999999999999999,1290507,7,3000,0.10138654464823928,0.18181818181818182,1500,0.8942957524471579,0.08340674891034126,0.5066319423414694,0.13792959141718572
vicsek,rho_1_over_3pi,0.1061032953945969,11,0.29999999999999999,1290508,8,3000,0.2791170926774432,0.18181818181818182,1500,0.9612214004814466,0.08730128661188837,0.8049784991823633,0.22497277825133855
vicsek,rho_1_over_3pi,0.1061032953945969,11,0.29999999999999999,1290509,9,3000,0.28315939910449156,0.09090909090909091,1500,0.9134920957534632,0.0740901003396369,0.764338925564775,0.107438845116132
vicsek,rho_1_over_3pi,0.1061032953945969,11,0.29999999999999999,1290510,10,3000,0.09121966070123917,0.18181818181818182,1500,0.890872141247054,0.08854336479858105,0.5685906365453334,0.11250345926255816
vicsek,rho_1_over_3pi,0.1061032953945969,11,0.29999999999999999,1290511,11,3000,0.10831066889088965,0.18181818181818182,1500,0.9720404960489226,0.03177744107039428,0.7144933680576585,0.18376612485064533
vicsek,rho_1_over_3pi,0.1061032953945969,11,0.29999999999999999,1290512,12,3000,0.17680577616243945,0.18181818181818182,1500,0.9616049194240691,0.056994046607818066,0.8739628126703409,0.10623838952715574
vicsek,rho_1_over_3pi,0.1061032953945969,11,0.29999999999999999,1290513,13,3000,0.21820207012639206,0.18181818181818182,1500,0.9061074329125585,0.07861804559156176,0.7433831990794015,0.12798241184833542
vicsek,rho_1_over_3pi,0.1061032953945969,11,0.29999999999999999,1290514,14,3000,0.30019117220391095,0.2727272727272727,1500,0.945966309864871,0.06900312643777738,0.78953424989401,0.22452701193222172
vicsek,rho_1_over_3pi,0.1061032953945969,11,0.29999999999999999,1290515,15,3000,0.18598441171367563,0.09090909090909091,1500,0.9487915742002676,0.06608100140372992,0.9519108473139118,0.04537812851159514
vicsek,rho_1_over_3pi,0.1061032953945969,11,0.29999999999999999,1290516,16,3000,0.31402461390205966,0.18181818181818182,1500,0.9637078876241252,0.06306640711767164,0.8809884319544545,0.19983096347856166
vicsek,rho_1_over_3pi,0.1061032953945969,11,0.29999999999999999,1290517,17,3000,0.016290128775617273,0.18181818181818182,1500,0.9932712606287476,0.005351411125220756,1.0,0.0
vicsek,rho_1_over_3pi,0.1061032953945969,11,0.29999999999999999,1290518,18,3000,0.3035477404354636,0.18181818181818182,1500,0.9373457796909893,0.09158654225702106,0.8313851371812732,0.24094983720973945
vicsek,rho_1_over_3pi,0.1061032953945969,11,0.29999999999999999,1290519,19,3000,0.22109602848797172,0.2727272727272727,1500,0.9934926373849712,0.004505882641767781,1.0,0.0
vicsek,rho_1_over_3pi,0.1061032953945969,11,0.40000000000000002,1290600,0,3000,0.12443359126794645,0.2727272727272727,1500,0.9111664963279508,0.10315068106499578,0.8161831506268548,0.19872175756727745
vicsek,rho_1_over_3pi,0.1061032953945969,11,0.40000000000000002,1290601,1,3000,0.5884729078600319,0.18181818181818182,1500,0.9844468377992873,0.023629022129001923,0.9543334746532615,0.07885158889492082
vicsek,rho_1_over_3pi,0.1061032953945969,11,0.40000000000000002,1290602,2,3000,0.10046598615180179,0.18181818181818182,1500,0.9640407138268356,0.03986162641459833,0.873054327418085,0.154496470038781
vicsek,rho_1_over_3pi,0.1061032953945969,11,0.40000000000000002,1290603,3,3000,0.10368204416379369,0.18181818181818182,1500,0.9292441327489637,0.10902457793796201,0.8148507055902126,0.22881476354779282
vicsek,rho_1_over_3pi,0.1061032953945969,11,0.40000000000000002,1290604,4,3000,0.18398780405048812,0.09090909090909091,1500,0.8641382038926353,0.16288282526630665,0.6997759069711101,0.1799412673905881
vicsek,rho_1_over_3pi,0.1061032953945969,11,0.40000000000000002,1290605,5,3000,0.2811720459852962,0.45454545454545453,1500,0.8885049883594448,0.13547883249827383,0.7864454000363394,0.16650212496989453
vicsek,rho_1_over_3pi,0.1061032953945969,11,0.40000000000000002,1290606,6,3000,0.2850457519276271,0.18181818181818182,1500,0.8971596508879178,0.10675638308123296,0.7862031373024044,0.13581781261536177
vicsek,rho_1_over_3pi,0.1061032953945969,11,0.40000000000000002,1290607,7,3000,0.18370743487459895,0.18181818181818182,1500,0.9696454713828201,0.05205794817465982,0.9253830779480346,0.11338119184855529
vicsek,rho_1_over_3pi,0.1061032953945969,11,0.40000000000000002,1290608,8,3000,0.2269924808795392,0.09090909090909091,1500,0.8964992020064897,0.11929523103366943,0.811519592998607,0.17111521704450783
vicsek,rho_1_over_3pi,0.1061032953945969,11,0.40000000000000002,1290609,9,3000,0.3832244244177989,0.36363636363636365,1500,0.9860502642715735,0.016500186998899838,0.9369511234934287,0.10412208094286135
vicsek,rho_1_over_3pi,0.1061032953945969,11,0.40000000000000002,1290610,10,3000,0.21336220805441616,0.36363636363636365,1500,0.9791405841138142,0.023314965514423344,0.9579068499788019,0.05039188616324969
vicsek,rho_1_over_3pi,0.1061032953945969,11,0.40000000000000002,1290611,11,3000,0.45735701319626726,0.18181818181818182,1500,0.7852351804918268,0.20707279777603338,0.8066137726364242,0.11911008135565543
vicsek,rho_1_over_3pi,0.1061032953945969,11,0.40000000000000002,1290612,12,3000,0.14140711836247777,0.2727272727272727,1500,0.850898729533225,0.14567126751196785,0.7052873841681303,0.2442280828354379
vicsek,rho_1_over_3pi,0.1061032953945969,11,0.40000000000000002,1290613,13,3000,0.19236735550545114,0.18181818181818182,1500,0.8722463993997418,0.1277725961926866,0.822845375810066,0.10512259207858458
vicsek,rho_1_over_3pi,0.1061032953945969,11,0.40000000000000002,1290614,14,3000,0.10664847967534069,0.2727272727272727,1500,0.7938508552192806,0.2730339714843971,0.6316395130519048,0.21707097524585592
vicsek,rho_1_over_3pi,0.1061032953945969,11,0.40000000000000002,1290615,15,3000,0.11634634365238862,0.18181818181818182,1500,0.8249901261200311,0.22229738591475748,0.7396281267034099,0.2193460459416166
vicsek,rho_1_over_3pi,0.1061032953945969,11,0.40000000000000002,1290616,16,3000,0.04551227174621814,0.2727272727272727,1500,0.9901061460322187,0.005896347749675123,1.0,0.0
vicsek,rho_1_over_3pi,0.1061032953945969,11,0.40000000000000002,1290617,17,3000,0.18197276335814216,0.18181818181818182,1500,0.9202384973812465,0.06800910110760754,0.8419841317909272,0.12865268908129487
vicsek,rho_1_over_3pi,0.1061032953945969,11,0.40000000000000002,1290618,18,3000,0.22081977391136898,0.09090909090909091,1500,0.8696544411708909,0.12314348103845953,0.6942038640906063,0.11334711920271075
vicsek,rho_1_over_3pi,0.1061032953945969,11,0.40000000000000002,1290619,19,3000,0.24373157506177767,0.18181818181818182,1500,0.8465137200779177,0.24314410010190546,0.7777239416146811,0.23437471834114212
vicsek,rho_1_over_3pi,0.1061032953945969,11,0.5,1290700,0,3000,0.44246563954958856,0.36363636363636365,1500,0.8802589957253246,0.15061695284703328,0.6822724244443098,0.18995209816970593
vicsek,rho_1_over_3pi,0.1061032953945969,11,0.5,1290701,1,3000,0.34459591409532847,0.09090909090909091,1500,0.5764568017614098,0.3227608921458648,0.5966931136817879,0.1535318215170779
vicsek,rho_1_over_3pi,0.1061032953945969,11,0.5,1290702,2,3000,0.42432932992140115,0.18181818181818182,1500,0.9841058607386188,0.022070595508585415,0.9970322815092968,0.016155037512301327
vicsek,rho_1_over_3pi,0.1061032953945969,11,0.5,1290703,3,3000,0.21832958100450736,0.36363636363636365,1500,0.8674835065891062,0.11860301696067177,0.7862637029858882,0.22049391039862218
vicsek,rho_1_over_3pi,0.1061032953945969,11,0.5,1290704,4,3000,0.5798933354847763,0.18181818181818182,1500,0.9087348616512421,0.08090729707348876,0.685240142935013,0.14010519632522514
vicsek,rho_1_over_3pi,0.1061032953945969,11,0.5,1290705,5,3000,0.5831243226328598,0.09090909090909091,1500,0.9226099133312784,0.08195653380338466,0.8759614802253043,0.15400601695289076
vicsek,rho_1_over_3pi,0.1061032953945969,11,0.5,1290706,6,3000,0.1026313088576818,0.18181818181818182,1500,0.8871569684619612,0.16027272616830585,0.8854097268487675,0.13379358403041236
vicsek,rho_1_over_3pi,0.1061032953945969,11,0.5,1290707,7,3000,0.10695865309292324,0.18181818181818182,1500,0.883246176598108,0.08467879875776434,0.7974683544303798,0.16344843395574066
vicsek,rho_1_over_3pi,0.1061032953945969,11,0.5,1290708,8,3000,0.4529319280529121,0.2727272727272727,1500,0.9328999082048121,0.07340488179650308,0.7955908182423839,0.17700474095488333
vicsek,rho_1_over_3pi,0.1061032953945969,11,0.5,1290709,9,3000,0.38792223675694737,0.2727272727272727,1500,0.8727751154295708,0.15552651221207206,0.7448367754830113,0.15028417271063452
vicsek,rho_1_over_3pi,0.1061032953945969,11,0.5,1290710,10,3000,0.14480810652587814,0.18181818181818182,1500,0.7208235453345933,0.19988209841919558,0.5459996366058991,0.1447408836154606
vicsek,rho_1_over_3pi,0.1061032953945969,11,0.5,1290711,11,3000,0.08023274467751516,0.09090909090909091,1500,0.8333106072681855,0.15114522873795896,0.6494458239961238,0.1265994617407019
vicsek,rho_1_over_3pi,0.1061032953945969,11,0.5,1290712,12,3000,0.2431328228965843,0.18181818181818182,1500,0.7041300266482997,0.2727974111472929,0.7160680758282357,0.18163940296411626
vicsek,rho_1_over_3pi,0.1061032953945969,11,0.5,1290713,13,3000,0.41684451980862397,0.18181818181818182,1500,0.7269681788015152,0.22060704644875553,0.6015383683604869,0.17871388714651343
vicsek,rho_1_over_3pi,0.1061032953945969,11,0.5,1290714,14,3000,0.16227771090106635,0.18181818181818182,1500,0.8469013434068029,0.1893897782883056,0.7544667191569258,0.17048257697086555
vicsek,rho_1_over_3pi,0.1061032953945969,11,0.5,1290715,15,3000,0.16942466785291593,0.18181818181818182,1500,0.9431811513257774,0.07945537643590388,0.9113318393798074,0.12434328049676305
vicsek,rho_1_over_3pi,0.1061032953945969,11,0.5,1290716,16,3000,0.5944657917528459,0.18181818181818182,1500,0.9872978050825227,0.005637739491323172,1.0,0.0
vicsek,rho_1_over_3pi,0.1061032953945969,11,0.5,1290717,17,3000,0.465596578064217,0.2727272727272727,1500,0.9626987323161218,0.045258898701487624,0.9597843861667978,0.04515162564012761
vicsek,rho_1_over_3pi,0.1061032953945969,11,0.5,1290718,18,3000,0.3130314240766485,0.36363636363636365,1500,0.8515789379317457,0.10873105550443665,0.7255163224516988,0.18548242297342818
vicsek,rho_1_over_3pi,0.1061032953945969,11,0.5,1290719,19,3000,0.3201748970516704,0.18181818181818182,1500,0.9472495115841918,0.04862198095754383,0.8723881048997638,0.13531157171724953
vicsek,rho_1_over_3pi,0.1061032953945969,11,1,1290800,0,3000,0.34105002315700145,0.18181818181818182,1500,0.5962552022631156,0.23735655402352362,0.5007570710435467,0.1290595455372033
vicsek,rho_1_over_3pi,0.1061032953945969,11,1,1290801,1,3000,0.4199936205153147,0.09090909090909091,1500,0.6492289569188813,0.16313876697747273,0.6842710919992732,0.12309873479878607
vicsek,rho_1_over_3pi,0.1061032953945969,11,1,1290802,2,3000,0.3880457741174456,0.18181818181818182,1500,0.6827913706465406,0.26075833204053983,0.639210223487372,0.18105235593980123
vicsek,rho_1_over_3pi,0.1061032953945969,11,1,1290803,3,3000,0.14048508520653183,0.18181818181818182,1500,0.8391192145385596,0.17588108085738402,0.8622130700744959,0.1705502762065042
vicsek,rho_1_over_3pi,0.1061032953945969,11,1,1290804,4,3000,0.2735161056259417,0.18181818181818182,1500,0.6205356922364944,0.2566660511433324,0.5121434195384895,0.07840433001946799
vicsek,rho_1_over_3pi,0.1061032953945969,11,1,1290805,5,3000,0.40291359896004403,0.18181818181818182,1500,0.606714016475191,0.2626973170389647,0.6555629580279814,0.14612474990017202
vicsek,rho_1_over_3pi,0.1061032953945969,11,1,1290806,6,3000,0.12236224968450635,0.18181818181818182,1500,0.8263345457666355,0.19940127838074148,0.8141844830718914,0.175517657898047
vicsek,rho_1_over_3pi,0.1061032953945969,11,1,1290807,7,3000,0.043655721734939854,0.18181818181818182,1500,0.7394738287112559,0.14286401380508307,0.7706377566470838,0.07362331201979805
vicsek,rho_1_over_3pi,0.1061032953945969,11,1,1290808,8,3000,0.31791635358941717,0.09090909090909091,1500,0.5735092470483274,0.18241098245641746,0.433165768275695,0.1318209005255033
vicsek,rho_1_over_3pi,0.1061032953945969,11,1,1290809,9,3000,0.09213882036183435,0.09090909090909091,1500,0.7317187010204337,0.2596710277693615,0.7342377808733571,0.2515684301311535
vicsek,rho_1_over_3pi,0.1061032953945969,11,1,1290810,10,3000,0.17410692723504526,0.18181818181818182,1500,0.6422816974739405,0.1797961041552719,0.5847011083520077,0.1153421246790485
vicsek,rho_1_over_3pi,0.1061032953945969,11,1,1290811,11,3000,0.20484023444656446,0.2727272727272727,1500,0.5949683543283273,0.21571331428340534,0.5430924837986796,0.14269200478284436
vicsek,rho_1_over_3pi,0.1061032953945969,11,1,1290812,12,3000,0.17209159965229356,0.18181818181818182,1500,0.710385038427697,0.203326826315661,0.6439343467991036,0.2147329808664429
vicsek,rho_1_over_3pi,0.1061032953945969,11,1,1290813,13,3000,0.13665468261830413,0.18181818181818182,1500,0.7199908764546549,0.21191314376617637,0.7051056871176791,0.17288889945481706
vicsek,rho_1_over_3pi,0.1061032953945969,11,1,1290814,14,3000,0.35330957672689645,0.18181818181818182,1500,0.7000924554917444,0.18671037688763628,0.650112046514445,0.21677557208356557
vicsek,rho_1_over_3pi,0.1061032953945969,11,1,1290815,15,3000,0.23878123683029198,0.2727272727272727,1500,0.6722778312545413,0.23451364835578875,0.6591968990370056,0.18021078678002217
vicsek,rho_1_over_3pi,0.1061032953945969,11,1,1290816,16,3000,0.3622808538312032,0.18181818181818182,1500,0.7460352153666591,0.16248686047209365,0.7792986493852583,0.10591461022151205
vicsek,rho_1_over_3pi,0.1061032953945969,11,1,1290817,17,3000,0.6736336848919603,0.18181818181818182,1500,0.6179888658259141,0.1973125924711996,0.4982133123372297,0.10610322990725422
vicsek,rho_1_over_3pi,0.1061032953945969,11,1,1290818,18,3000,0.2129918604744243,0.2727272727272727,1500,0.6933587354625603,0.21483806077056622,0.6416328508267216,0.24258521326816535
vicsek,rho_1_over_3pi,0.1061032953945969,11,1,1290819,19,3000,0.34124245492063926,0.2727272727272727,1500,0.8013401940018638,0.2279728906724827,0.8278117618557325,0.18967572771711247
vicsek,rho_1_over_3pi,0.1061032953945969,11,2,1290900,0,3000,0.318046984658034,0.09090909090909091,1500,0.40263001496317335,0.1815198321555247,0.33819877657319364,0.08190791611355358
vicsek,rho_1_over_3pi,0.1061032953945969,11,2,1290901,1,3000,0.10484456556621949,0.2727272727272727,1500,0.47954483199990394,0.19245155007993722,0.4971836957180062,0.11857993677221412
vicsek,rho_1_over_3pi,0.1061032953945969,11,2,1290902,2,3000,0.27212705034323936,0.2727272727272727,1500,0.4702875931223262,0.19981842827731797,0.4811943552782993,0.15626608321787716
vicsek,rho_1_over_3pi,0.1061032953945969,11,2,1290903,3,3000,0.26428617792534886,0.18181818181818182,1500,0.444387060963858,0.1683024805873423,0.49276240082369327,0.07389499880228526
vicsek,rho_1_over_3pi,0.1061032953945969,11,2,1290904,4,3000,0.09828046393721236,0.18181818181818182,1500,0.4862389753355024,0.17983346651858675,0.5197746956574405,0.12465597723609236
vicsek,rho_1_over_3pi,0.1061032953945969,11,2,1290905,5,3000,0.4230056999208091,0.09090909090909091,1500,0.5086300562793742,0.19632240975201437,0.5235297680334322,0.16553411256432118
vicsek,rho_1_over_3pi,0.1061032953945969,11,2,1290906,6,3000,0.22928725049657206,0.18181818181818182,1500,0.4581359455523404,0.19504288931247651,0.46714311671007214,0.1537468911746493
vicsek,rho_1_over_3pi,0.1061032953945969,11,2,1290907,7,3000,0.023189418299901808,0.2727272727272727,1500,0.42525244260694106,0.19698068021829648,0.3562473502513476,0.09291837856688835
vicsek,rho_1_over_3pi,0.1061032953945969,11,2,1290908,8,3000,0.3848567268568834,0.18181818181818182,1500,0.49997471184650133,0.21060644082703428,0.5520562049542729,0.14542661840231386
vicsek,rho_1_over_3pi,0.1061032953945969,11,2,1290909,9,3000,0.12437827603404887,0.18181818181818182,1500,0.5419175034693137,0.17780275988244162,0.6313366846344861,0.10415864307515092
vicsek,rho_1_over_3pi,0.1061032953945969,11,2,1290910,10,3000,0.4899201703181752,0.18181818181818182,1500,0.5232700230985678,0.20511702889979844,0.48555508448912843,0.15854559741923374
vicsek,rho_1_over_3pi,0.1061032953945969,11,2,1290911,11,3000,0.2754990355072093,0.2727272727272727,1500,0.4920826453673275,0.1750803263973892,0.5415783417115861,0.1048661885267688
vicsek,rho_1_over_3pi,0.1061032953945969,11,2,1290912,12,3000,0.19059287464294086,0.2727272727272727,1500,0.41614928726591116,0.1796229915245461,0.40221670401550486,0.1363518771293659
vicsek,rho_1_over_3pi,0.1061032953945969,11,2,1290913,13,3000,0.17355627895129935,0.36363636363636365,1500,0.510368146334188,0.17875535820827118,0.5853067651868451,0.14535968443841674
vicsek,rho_1_over_3pi,0.1061032953945969,11,2,1290914,14,3000,0.3369990829782815,0.2727272727272727,1500,0.503859424904901,0.2073627181098435,0.529828599115741,0.18691973125874875
vicsek,rho_1_over_3pi,0.1061032953945969,11,2,1290915,15,3000,0.35882892061599275,0.18181818181818182,1500,0.5990427051975921,0.16247814263883667,0.6840288292653383,0.09928587007257657
vicsek,rho_1_over_3pi,0.1061032953945969,11,2,1290916,16,3000,0.5737844944698802,0.18181818181818182,1500,0.42920108693661235,0.19964203716567225,0.42565562352371145,0.09870333524398311
vicsek,rho_1_over_3pi,0.1061032953945969,11,2,1290917,17,3000,0.11068189530234487,0.18181818181818182,1500,0.5874348494880391,0.1508734939558851,0.6581067167342984,0.049617750043138155
vicsek,rho_1_over_3pi,0.1061032953945969,11,2,1290918,18,3000,0.35077778786208813,0.2727272727272727,1500,0.5455221941216422,0.18906669638183837,0.591363333535219,0.10862995210033191
vicsek,rho_1_over_3pi,0.1061032953945969,11,2,1290919,19,3000,0.31771313627503284,0.18181818181818182,1500,0.5471861692014579,0.1984843503757634,0.6111077463509176,0.19168249443176458
vicsek,rho_1_over_3pi,0.1061032953945969,11,3,1291000,0,3000,0.1448520518735272,0.36363636363636365,1500,0.3182174808746584,0.15785310053475,0.2543153049482163,0.04890768007682432
vicsek,rho_1_over_3pi,0.1061032953945969,11,3,1291001,1,3000,0.15828951067516095,0.18181818181818182,1500,0.32170739616046173,0.15777115898424052,0.27708800193810185,0.06094286284577061
vicsek,rho_1_over_3pi,0.1061032953945969,11,3,1291002,2,3000,0.12311095239938674,0.09090909090909091,1500,0.35080825971623175,0.16530183173722435,0.3553388649990915,0.0985101540053079
vicsek,rho_1_over_3pi,0.1061032953945969,11,3,1291003,3,3000,0.23078422689618944,0.18181818181818182,1500,0.2879390307005261,0.1404902082473367,0.18539155714372235,0.01766587929044818
vicsek,rho_1_over_3pi,0.1061032953945969,11,3,1291004,4,3000,0.26215733351867804,0.18181818181818182,1500,0.31580313094806733,0.16163107933349588,0.22245775543577007,0.04983381830396098
vicsek,rho_1_over_3pi,0.1061032953945969,11,3,1291005,5,3000,0.11428795975851017,0.18181818181818182,1500,0.3684325072088555,0.17105135072575844,0.42989522136757313,0.11883113663209666
vicsek,rho_1_over_3pi,0.1061032953945969,11,3,1291006,6,3000,0.21201459710158232,0.18181818181818182,1500,0.35278425080702674,0.1609663706523231,0.3486160741323966,0.07729239615551767
vicsek,rho_1_over_3pi,0.1061032953945969,11,3,1291007,7,3000,0.4836210594472419,0.18181818181818182,1500,0.33419099673935154,0.15938844235707583,0.3135485433953122,0.07091463087129918
vicsek,rho_1_over_3pi,0.1061032953945969,11,3,1291008,8,3000,0.128576438208978,0.18181818181818182,1500,0.3179578132348607,0.15448525509435218,0.24910665616861485,0.06281680456763664
vicsek,rho_1_over_3pi,0.1061032953945969,11,3,1291009,9,3000,0.32457906529874275,0.18181818181818182,1500,0.34596405882310527,0.15825763264615206,0.3282660044818606,0.05080446502458565
vicsek,rho_1_over_3pi,0.1061032953945969,11,3,1291010,10,3000,0.4321983245711724,0.2727272727272727,1500,0.3714740013666198,0.1768686725635071,0.37768760220459086,0.0763288622718681
vicsek,rho_1_over_3pi,0.1061032953945969,11,3,1291011,11,3000,0.18208506598762453,0.18181818181818182,1500,0.368323321398242,0.169770819456948,0.43340803100962993,0.07419679387514588
vicsek,rho_1_over_3pi,0.1061032953945969,11,3,1291012,12,3000,0.40299610054823715,0.36363636363636365,1500,0.4171360595588754,0.1810712132865716,0.5366725213494034,0.11416038516592833
vicsek,rho_1_over_3pi,0.1061032953945969,11,3,1291013,13,3000,0.5492070604688721,0.18181818181818182,1500,0.33135875065850345,0.16293767096263795,0.2702440797044395,0.05182908142949092
vicsek,rho_1_over_3pi,0.1061032953945969,11,3,1291014,14,3000,0.19717446041811212,0.09090909090909091,1500,0.3562502918599024,0.16856694724497367,0.34528496154079097,0.06710420812884887
vicsek,rho_1_over_3pi,0.1061032953945969,11,3,1291015,15,3000,0.16334241802319396,0.18181818181818182,1500,0.41481676730299755,0.1693583367689746,0.5586578644540003,0.13398257216038853
vicsek,rho_1_over_3pi,0.1061032953945969,11,3,1291016,16,3000,0.3849450718849392,0.18181818181818182,1500,0.34327954003988287,0.15466650190691972,0.41366361819393127,0.08536328625875833
vicsek,rho_1_over_3pi,0.1061032953945969,11,3,1291017,17,3000,0.3306132389188999,0.18181818181818182,1500,0.4131782591388527,0.16626682017724015,0.5163830173823512,0.12836133269757183
vicsek,rho_1_over_3pi,0.1061032953945969,11,3,1291018,18,3000,0.4023102094634803,0.2727272727272727,1500,0.3268318978502606,0.15893076702661973,0.28702077402943493,0.08172000888869295
vicsek,rho_1_over_3pi,0.1061032953945969,11,3,1291019,19,3000,0.22354322172816407,0.09090909090909091,1500,0.35155020416504756,0.15814969959706096,0.4177820846708255,0.09752812857813645
vicsek,rho_1_over_3pi,0.1061032953945969,11,4,1291100,0,3000,0.06448322188621607,0.09090909090909091,1500,0.2869391214412682,0.13831439517152405,0.2027739083035552,0.03828738136246814
vicsek,rho_1_over_3pi,0.1061032953945969,11,4,1291101,1,3000,0.39398311683678583,0.2727272727272727,1500,0.29616897624024496,0.14803374556034293,0.2957422324510932,0.061269545800331705
vicsek,rho_1_over_3pi,0.1061032953945969,11,4,1291102,2,3000,0.23388872181831016,0.09090909090909091,1500,0.28388583561090397,0.13980186733634467,0.1623765974199019,0.0372752137427078
vicsek,rho_1_over_3pi,0.1061032953945969,11,4,1291103,3,3000,0.19841523907938943,0.2727272727272727,1500,0.29349280882215906,0.1418750527908665,0.24735025134758645,0.05917772485418909
vicsek,rho_1_over_3pi,0.1061032953945969,11,4,1291104,4,3000,0.13627358030891415,0.18181818181818182,1500,0.29137830694503336,0.1477614807195321,0.2773908303555206,0.054073522504530826
vicsek,rho_1_over_3pi,0.1061032953945969,11,4,1291105,5,3000,0.21374351007668324,0.2727272727272727,1500,0.28761697634283484,0.1418791181519649,0.22500151414208708,0.0468305520233705
vicsek,rho_1_over_3pi,0.1061032953945969,11,4,1291106,6,3000,0.2604858077679581,0.18181818181818182,1500,0.29109032806459145,0.13908992481114735,0.28387135848828055,0.048512847825692235
vicsek,rho_1_over_3pi,0.1061032953945969,11,4,1291107,7,3000,0.416412247263627,0.36363636363636365,1500,0.28006368094007256,0.1431369479573187,0.2575252861728544,0.0606930403451589
vicsek,rho_1_over_3pi,0.1061032953945969,11,4,1291108,8,3000,0.41848319124231353,0.18181818181818182,1500,0.27778662447923586,0.14204545295855314,0.20986009327115257,0.04198709182125552
vicsek,rho_1_over_3pi,0.1061032953945969,11,4,1291109,9,3000,0.6740786262888926,0.18181818181818182,1500,0.2884777895302492,0.1442841677161231,0.23808370177457452,0.0617272776584084
vicsek,rho_1_over_3pi,0.1061032953945969,11,4,1291110,10,3000,0.35090235675601344,0.18181818181818182,1500,0.286118173514853,0.1442050820464681,0.29907334504269883,0.07743151498511769
vicsek,rho_1_over_3pi,0.1061032953945969,11,4,1291111,11,3000,0.3969647333791675,0.09090909090909091,1500,0.28845372415263143,0.14533345783787754,0.2194294712615832,0.046224910460076124
vicsek,rho_1_over_3pi,0.1061032953945969,11,4,1291112,12,3000,0.24396461709668882,0.36363636363636365,1500,0.3171353063603253,0.1526044907395725,0.4321967173399552,0.07618970402130518
vicsek,rho_1_over_3pi,0.1061032953945969,11,4,1291113,13,3000,0.1429436053860467,0.18181818181818182,1500,0.289174794138303,0.1427689077991922,0.21827872327539216,0.05404848474250043
vicsek,rho_1_over_3pi,0.1061032953945969,11,4,1291114,14,3000,0.2145305268211514,0.2727272727272727,1500,0.2912738102597656,0.14923878430773396,0.21676458118829872,0.047465956374443175
vicsek,rho_1_over_3pi,0.1061032953945969,11,4,1291115,15,3000,0.09233850519762621,0.18181818181818182,1500,0.2799716777789817,0.14370040102191023,0.2343891950820665,0.061906720902581494
vicsek,rho_1_over_3pi,0.1061032953945969,11,4,1291116,16,3000,0.611688660878302,0.2727272727272727,1500,0.27701881225743086,0.1440354685550907,0.18593664829507603,0.030315892569141717
vicsek,rho_1_over_3pi,0.1061032953945969,11,4,1291117,17,3000,0.22979033568824606,0.18181818181818182,1500,0.2899369877778334,0.14411621994315071,0.2541336078977651,0.056909251411348484
vicsek,rho_1_over_3pi,0.1061032953945969,11,4,1291118,18,3000,0.28220486290223873,0.2727272727272727,1500,0.2957645670403967,0.14951002142292336,0.3580643207558597,0.08874416610898177
vicsek,rho_1_over_3pi,0.1061032953945969,11,4,1291119,19,3000,0.3227267788930689,0.09090909090909091,1500,0.28224283210826395,0.1393203688514659,0.27151595905759796,0.010423633901358321
vicsek,rho_1_over_3pi,0.1061032953945969,11,5,1291200,0,3000,0.56791472225878,0.18181818181818182,1500,0.2746591779098948,0.13816167297637527,0.2492883532190661,0.03976717134358731
vicsek,rho_1_over_3pi,0.1061032953945969,11,5,1291201,1,3000,0.2764719765293221,0.09090909090909091,1500,0.26710024447704606,0.13270120925317766,0.1698867421718854,0.03441772527903653
vicsek,rho_1_over_3pi,0.1061032953945969,11,5,1291202,2,3000,0.2132485362881261,0.18181818181818182,1500,0.2721391904095867,0.13341704102430726,0.22627339349524558,0.045564558342335665
vicsek,rho_1_over_3pi,0.1061032953945969,11,5,1291203,3,3000,0.21109456798442017,0.2727272727272727,1500,0.2760254759226717,0.1374341862408286,0.21307007449579068,0.06986896727669896
vicsek,rho_1_over_3pi,0.1061032953945969,11,5,1291204,4,3000,0.16523660506107107,0.2727272727272727,1500,0.27443568125080253,0.13828079439067878,0.24844043365029372,0.05823200703992829
vicsek,rho_1_over_3pi,0.1061032953945969,11,5,1291205,5,3000,0.4059322953955498,0.2727272727272727,1500,0.27068231614439503,0.13437482041849788,0.20459087880806737,0.05471941075947062
vicsek,rho_1_over_3pi,0.1061032953945969,11,5,1291206,6,3000,0.5250894649396278,0.2727272727272727,1500,0.2718520646545118,0.13827635700633897,0.17872933196051116,0.048729298654153964
vicsek,rho_1_over_3pi,0.1061032953945969,11,5,1291207,7,3000,0.051541430764659515,0.18181818181818182,1500,0.27734970230394146,0.1378748994687797,0.25916055962691537,0.06394198907501257
vicsek,rho_1_over_3pi,0.1061032953945969,11,5,1291208,8,3000,0.17488524460491128,0.09090909090909091,1500,0.27773036212761204,0.14079215537221518,0.19181151959299864,0.04029270645901139
vicsek,rho_1_over_3pi,0.1061032953945969,11,5,1291209,9,3000,0.2815844243284378,0.18181818181818182,1500,0.27156774733979067,0.13733138502914904,0.19235661074435226,0.04921065209518632
vicsek,rho_1_over_3pi,0.1061032953945969,11,5,1291210,10,3000,0.23821830150729292,0.2727272727272727,1500,0.27384568573721374,0.13986049982648635,0.2561928411362122,0.043352593016406066
vicsek,rho_1_over_3pi,0.1061032953945969,11,5,1291211,11,3000,0.12870789295843832,0.18181818181818182,1500,0.27636462987496396,0.14178735611105941,0.20822481981709165,0.05754160687687507
vicsek,rho_1_over_3pi,0.1061032953945969,11,5,1291212,12,3000,0.293472486551259,0.09090909090909091,1500,0.27471244498934294,0.13978718385262334,0.19247774211131974,0.029621758810035984
vicsek,rho_1_over_3pi,0.1061032953945969,11,5,1291213,13,3000,0.1177608547491229,0.18181818181818182,1500,0.2708003246232273,0.13466123821099485,0.1500211979892193,0.04335420063757078
vicsek,rho_1_over_3pi,0.1061032953945969,11,5,1291214,14,3000,0.5395023829677567,0.18181818181818182,1500,0.2726410462142205,0.1373138918348378,0.2277269698988553,0.06507889081014619
vicsek,rho_1_over_3pi,0.1061032953945969,11,5,1291215,15,3000,0.4173168645842466,0.18181818181818182,1500,0.28374786670413615,0.13882678584909044,0.25813094300769185,0.033374934069353955
vicsek,rho_1_over_3pi,0.1061032953945969,11,5,1291216,16,3000,0.2495293672926473,0.18181818181818182,1500,0.2720442201500757,0.13968641918923283,0.3135485433953122,0.0531648039711882
vicsek,rho_1_over_3pi,0.1061032953945969,11,5,1291217,17,3000,0.3684242819750287,0.2727272727272727,1500,0.2768700060967273,0.1448195665615583,0.27938949791048395,0.05422039431790161
vicsek,rho_1_over_3pi,0.1061032953945969,11,5,1291218,18,3000,0.20234933606634795,0.09090909090909091,1500,0.2687001093698317,0.13623577109424753,0.2628550663194234,0.06870418009998297
vicsek,rho_1_over_3pi,0.1061032953945969,11,5,1291219,19,3000,0.1865514638214245,0.18181818181818182,1500,0.2705293542109908,0.1383967451473171,0.2160983586699776,0.07791487411370823
vicsek,rho_1_over_3pi,0.1061032953945969,11,6,1291300,0,3000,0.3557622877232736,0.18181818181818182,1500,0.2689395937403925,0.13850497651291632,0.30185936648295075,0.062385594000693316
vicsek,rho_1_over_3pi,0.1061032953945969,11,6,1291301,1,3000,0.08016722369335799,0.18181818181818182,1500,0.26324280687272816,0.1324550718134314,0.211374235358246,0.05419014474410051
vicsek,rho_1_over_3pi,0.1061032953945969,11,6,1291302,2,3000,0.19432168052979798,0.09090909090909091,1500,0.26710151448209096,0.13956969378014872,0.1767306644055478,0.020895424129289006
vicsek,rho_1_over_3pi,0.1061032953945969,11,6,1291303,3,3000,0.2425264084991901,0.2727272727272727,1500,0.2669450657256613,0.13358893787889087,0.23069468838955845,0.049394573288974154
vicsek,rho_1_over_3pi,0.1061032953945969,11,6,1291304,4,3000,0.5042053490369167,0.18181818181818182,1500,0.267635023488732,0.13560872304269148,0.2271213130640179,0.05221885984308795
vicsek,rho_1_over_3pi,0.1061032953945969,11,6,1291305,5,3000,0.42871957526736715,0.18181818181818182,1500,0.26982679284109584,0.1329027539732305,0.16546544727757254,0.035542201307955025
vicsek,rho_1_over_3pi,0.1061032953945969,11,6,1291306,6,3000,0.18999550925412043,0.18181818181818182,1500,0.2719854146178605,0.14036186807304507,0.23166373932529827,0.04524195746907415
vicsek,rho_1_over_3pi,0.1061032953945969,11,6,1291307,7,3000,0.28031227425119903,0.18181818181818182,1500,0.2687138981973809,0.1364803389480074,0.1563200290715281,0.0408394183671578
vicsek,rho_1_over_3pi,0.1061032953945969,11,6,1291308,8,3000,0.3800704429829837,0.2727272727272727,1500,0.26883203375116027,0.1346103009599035,0.31379080612924715,0.07238990279447993
vicsek,rho_1_over_3pi,0.1061032953945969,11,6,1291309,9,3000,0.3479693150050794,0.18181818181818182,1500,0.2664610623800822,0.1397001596617604,0.18496759735933618,0.05871823491512668
vicsek,rho_1_over_3pi,0.1061032953945969,11,6,1291310,10,3000,0.04772402471056086,0.09090909090909091,1500,0.264958943434031,0.13085247049471496,0.3432257283023439,0.03822227299962088
vicsek,rho_1_over_3pi,0.1061032953945969,11,6,1291311,11,3000,0.4184441645907317,0.18181818181818182,1500,0.2694508112545788,0.1389472228807025,0.20138089758342922,0.037359454731295566
vicsek,rho_1_over_3pi,0.1061032953945969,11,6,1291312,12,3000,0.08777090119530463,0.18181818181818182,1500,0.26857587263979354,0.13970713309193575,0.21167706377566473,0.0506032718983879
vicsek,rho_1_over_3pi,0.1061032953945969,11,6,1291313,13,3000,0.1748644836520447,0.09090909090909091,1500,0.27012309743039226,0.1376364402475993,0.21876324874326208,0.04944890411476322
vicsek,rho_1_over_3pi,0.1061032953945969,11,6,1291314,14,3000,0.1857107870303927,0.09090909090909091,1500,0.2702470413757939,0.1371728364203497,0.19017624613893766,0.03537761799500861
vicsek,rho_1_over_3pi,0.1061032953945969,11,6,1291315,15,3000,0.24344167168141384,0.2727272727272727,1500,0.2721832334217562,0.13489757935315544,0.29519714129973956,0.06708228417833693
vicsek,rho_1_over_3pi,0.1061032953945969,11,6,1291316,16,3000,0.27456350079431907,0.18181818181818182,1500,0.2604050032600832,0.13369698206334812,0.2501362727878384,0.05321438955577395
vicsek,rho_1_over_3pi,0.1061032953945969,11,6,1291317,17,3000,0.05075848419850648,0.18181818181818182,1500,0.27008095516078234,0.13579858633477868,0.14644782266367876,0.04432183309775642
vicsek,rho_1_over_3pi,0.1061032953945969,11,6,1291318,18,3000,0.04153178885036531,0.18181818181818182,1500,0.26892620774725573,0.13847677989237514,0.18520986009327114,0.03953737837863656
vicsek,rho_1_over_3pi,0.1061032953945969,11,6,1291319,19,3000,0.2643945455157181,0.18181818181818182,1500,0.26977100318661423,0.13144989656298467,0.2535885167464115,0.039646057697893075
vicsek,rho_1_over_pi,0.31830988618379069,32,0,1250000,0,3000,0.27197882636531073,0.125,1500,0.9999999994386862,2.484573773973498e-09,1.0,0.0
vicsek,rho_1_over_pi,0.31830988618379069,32,0,1250001,1,3000,0.2814206632473519,0.1875,1500,0.9999164490144776,0.0,0.4375,0.0
vicsek,rho_1_over_pi,0.31830988618379069,32,0,1250002,2,3000,0.08168116166134394,0.125,1500,1.0000000000000002,2.1891166218874848e-16,1.0,0.0
vicsek,rho_1_over_pi,0.31830988618379069,32,0,1250003,3,3000,0.2568038199145245,0.25,1500,0.9999999999682218,1.3096660272961655e-10,1.0,0.0
vicsek,rho_1_over_pi,0.31830988618379069,32,0,1250004,4,3000,0.051928029978400944,0.125,1500,0.9999999999999997,2.3248842122214344e-16,1.0,0.0
vicsek,rho_1_over_pi,0.31830988618379069,32,0,1250005,5,3000,0.07464042155926534,0.125,1500,0.9999999942911321,1.9055443616300236e-08,1.0,0.0
vicsek,rho_1_over_pi,0.31830988618379069,32,0,1250006,6,3000,0.13093105317773698,0.15625,1500,1.0,8.822965696775584e-17,1.0,0.0
vicsek,rho_1_over_pi,0.31830988618379069,32,0,1250007,7,3000,0.08586583327136937,0.125,1500,0.9999999999980991,6.79586456933234e-12,1.0,0.0
vicsek,rho_1_over_pi,0.31830988618379069,32,0,1250008,8,3000,0.31413567712684887,0.1875,1500,0.9999988370119655,5.179407581764669e-06,1.0,0.0
vicsek,rho_1_over_pi,0.31830988618379069,32,0,1250009,9,3000,0.0908964822304658,0.25,1500,0.999558700523616,4.240208014215233e-06,0.6272485009993338,0.028950511532720137
vicsek,rho_1_over_pi,0.31830988618379069,32,0,1250010,10,3000,0.13534313219350416,0.1875,1500,0.9999999978034894,6.485032155957014e-09,1.0,0.0
vicsek,rho_1_over_pi,0.31830988618379069,32,0,1250011,11,3000,0.09177418471314526,0.125,1500,0.9999999999999997,1.6965383781625447e-16,1.0,0.0
vicsek,rho_1_over_pi,0.31830988618379069,32,0,1250012,12,3000,0.08881208409972437,0.125,1500,0.9999999999999997,0.0,1.0,0.0
vicsek,rho_1_over_pi,0.31830988618379069,32,0,1250013,13,3000,0.2898078009385296,0.21875,1500,0.9999999999999999,0.0,1.0,0.0
vicsek,rho_1_over_pi,0.31830988618379069,32,0,1250014,14,3000,0.13775331742278846,0.125,1500,1.0,2.1782848021790178e-16,1.0,0.0
vicsek,rho_1_over_pi,0.31830988618379069,32,0,1250015,15,3000,0.09048225493768548,0.125,1500,0.9999539762785222,3.496623474829288e-17,0.78125,0.0
vicsek,rho_1_over_pi,0.31830988618379069,32,0,1250016,16,3000,0.15914759024459407,0.125,1500,0.9999998465501009,7.699700515323836e-07,1.0,0.0
vicsek,rho_1_over_pi,0.31830988618379069,32,0,1250017,17,3000,0.17562151928010633,0.125,1500,0.9999961286584927,1.789567343071802e-15,0.96875,0.0
vicsek,rho_1_over_pi,0.31830988618379069,32,0,1250018,18,3000,0.32980715913915154,0.09375,1500,0.9999999999999997,1.1095993360489655e-15,1.0,0.0
vicsek,rho_1_over_pi,0.31830988618379069,32,0,1250019,19,3000,0.07522341166111116,0.15625,1500,0.9999999988399789,8.583872058751448e-09,1.0,0.0
vicsek,rho_1_over_pi,0.31830988618379069,32,0.050000000000000003,1250100,0,3000,0.13996907969332606,0.09375,1500,0.999675212314558,0.00022270950772582243,1.0,0.0
vicsek,rho_1_over_pi,0.31830988618379069,32,0.050000000000000003,1250101,1,3000,0.1344629421778343,0.15625,1500,0.9995082929547663,0.0003494297775066477,0.9055629580279814,0.16277449383451384
vicsek,rho_1_over_pi,0.31830988618379069,32,0.050000000000000003,1250102,2,3000,0.0932975739173125,0.1875,1500,0.9996364469062033,0.00023706152066373625,1.0,0.0
vicsek,rho_1_over_pi,0.31830988618379069,32,0.050000000000000003,1250103,3,3000,0.1951805563316214,0.125,1500,0.9989823144269343,0.0007540312265004066,0.9537183544303798,0.0964985070177385
vicsek,rho_1_over_pi,0.31830988618379069,32,0.050000000000000003,1250104,4,3000,0.20517505753175153,0.09375,1500,0.9981812838444748,0.0019155938324564397,0.8219728514323784,0.050107334534455275
vicsek,rho_1_over_pi,0.31830988618379069,32,0.050000000000000003,1250105,5,3000,0.1186746812637644,0.1875,1500,0.9997251132531343,0.00014553394416371996,0.967896402398401,0.05052630491855523
vicsek,rho_1_over_pi,0.31830988618379069,32,0.050000000000000003,1250106,6,3000,0.1219143428109502,0.09375,1500,0.9997359735892759,0.00011749605622700026,1.0,0.0
vicsek,rho_1_over_pi,0.31830988618379069,32,0.050000000000000003,1250107,7,3000,0.12071075989036789,0.15625,1500,0.9996880924370755,0.0001913671591947388,1.0,0.0
vicsek,rho_1_over_pi,0.31830988618379069,32,0.050000000000000003,1250108,8,3000,0.08120715446119786,0.1875,1500,0.9993283173700611,0.000668989231797716,0.9767863091272485,0.015780074680761907
vicsek,rho_1_over_pi,0.31830988618379069,32,0.050000000000000003,1250109,9,3000,0.10535428243235923,0.125,1500,0.9989624501574565,0.0012223177835377218,0.8516405729513657,0.17996697054111813
vicsek,rho_1_over_pi,0.31830988618379069,32,0.050000000000000003,1250110,10,3000,0.060500792562454025,0.15625,1500,0.9998154564098186,6.406143001904213e-05,1.0,0.0
vicsek,rho_1_over_pi,0.31830988618379069,32,0.050000000000000003,1250111,11,3000,0.23060095333004632,0.125,1500,0.9978523026567404,0.002123675546234948,0.9302964690206529,0.03493849236431664
vicsek,rho_1_over_pi,0.31830988618379069,32,0.050000000000000003,1250112,12,3000,0.11129847040644304,0.25,1500,0.9988939695149885,0.00154431993284082,0.98952781479014,0.014750902505898255
vicsek,rho_1_over_pi,0.31830988618379069,32,0.050000000000000003,1250113,13,3000,0.11264798591246931,0.1875,1500,0.936988388100459,0.03361512186466901,0.5510076615589606,0.10871795525761963
vicsek,rho_1_over_pi,0.31830988618379069,32,0.050000000000000003,1250114,14,3000,0.18670792491934696,0.15625,1500,0.9997978080348192,8.499157578832419e-05,1.0,0.0
vicsek,rho_1_over_pi,0.31830988618379069,32,0.050000000000000003,1250115,15,3000,0.14339087698348446,0.125,1500,0.9993242671509671,0.00054233538383533,0.9058544303797469,0.15404793961694252
vicsek,rho_1_over_pi,0.31830988618379069,32,0.050000000000000003,1250116,16,3000,0.13566505996232275,0.125,1500,0.9994869175588991,0.0004717570468202381,0.9290056628914057,0.07779890276687153
vicsek,rho_1_over_pi,0.31830988618379069,32,0.050000000000000003,1250117,17,3000,0.15453781521424037,0.1875,1500,0.9992044057263504,0.0009133367791990776,0.9421010992671552,0.1137179982458396
vicsek,rho_1_over_pi,0.31830988618379069,32,0.050000000000000003,1250118,18,3000,0.0883122212440369,0.21875,1500,0.9997674815242444,0.00011062667895187617,1.0,0.0
vicsek,rho_1_over_pi,0.31830988618379069,32,0.050000000000000003,1250119,19,3000,0.09146652906783886,0.15625,1500,0.9998042031466756,6.822944326000273e-05,1.0,0.0
vicsek,rho_1_over_pi,0.31830988618379069,32,0.10000000000000001,1250200,0,3000,0.048478577658339746,0.15625,1500,0.9987385090959154,0.0010103472635295827,0.9627748167888075,0.056058156535039635
vicsek,rho_1_over_pi,0.31830988618379069,32,0.10000000000000001,1250201,1,3000,0.13398968950450688,0.1875,1500,0.9918588131126311,0.014782018384891772,0.8614257161892072,0.2008923125642321
vicsek,rho_1_over_pi,0.31830988618379069,32,0.10000000000000001,1250202,2,3000,0.10099420533696447,0.125,1500,0.9989162631983425,0.0005294218824092778,0.9998542638241172,0.0021290881765147376
vicsek,rho_1_over_pi,0.31830988618379069,32,0.10000000000000001,1250203,3,3000,0.22651158949605163,0.1875,1500,0.9948817095533345,0.005531833524410679,0.8797676548967355,0.1088347769892906
vicsek,rho_1_over_pi,0.31830988618379069,32,0.10000000000000001,1250204,4,3000,0.28557538249091874,0.125,1500,0.9968028687691075,0.0020885863861037184,0.9382495003331113,0.011830873243722426
vicsek,rho_1_over_pi,0.31830988618379069,32,0.10000000000000001,1250205,5,3000,0.25323861723901364,0.15625,1500,0.9990543568434627,0.00040575521290280747,1.0,0.0
vicsek,rho_1_over_pi,0.31830988618379069,32,0.10000000000000001,1250206,6,3000,0.05934827582720681,0.3125,1500,0.9991226931897305,0.0004103890724780388,0.9945661225849434,0.011844055279280705
vicsek,rho_1_over_pi,0.31830988618379069,32,0.10000000000000001,1250207,7,3000,0.22015068316484568,0.1875,1500,0.9991454977800891,0.00033597938992354563,1.0,0.0
vicsek,rho_1_over_pi,0.31830988618379069,32,0.10000000000000001,1250208,8,3000,0.18765424417592838,0.09375,1500,0.9943850897458403,0.00704975501655146,0.8609260493004663,0.16950857575988343
vicsek,rho_1_over_pi,0.31830988618379069,32,0.10000000000000001,1250209,9,3000,0.11578878056137373,0.125,1500,0.9986796955656496,0.0008335278162092258,0.9895902731512325,0.014728935839293798
vicsek,rho_1_over_pi,0.31830988618379069,32,0.10000000000000001,1250210,10,3000,0.1927568071871625,0.09375,1500,0.9925466387188188,0.010272768292335706,0.8297176882078614,0.23007464019721396
vicsek,rho_1_over_pi,0.31830988618379069,32,0.10000000000000001,1250211,11,3000,0.12225748792606224,0.3125,1500,0.9922626356724435,0.005683159042840061,0.8169553630912725,0.13678871294162367
vicsek,rho_1_over_pi,0.31830988618379069,32,0.10000000000000001,1250212,12,3000,0.21435486647327387,0.09375,1500,0.9768616493108727,0.010319108394721698,0.613403564290473,0.021223081919220184
vicsek,rho_1_over_pi,0.31830988618379069,32,0.10000000000000001,1250213,13,3000,0.24693974264721905,0.125,1500,0.9978667526595048,0.0015018882652724844,0.6808794137241839,0.2402547492826884
vicsek,rho_1_over_pi,0.31830988618379069,32,0.10000000000000001,1250214,14,3000,0.3047526974602099,0.15625,1500,0.9980245972483773,0.0019455965432359963,0.9017113590939374,0.10001333150251926
vicsek,rho_1_over_pi,0.31830988618379069,32,0.10000000000000001,1250215,15,3000,0.19108096499088117,0.125,1500,0.98093262883687,0.02143222843202236,0.8103139573617588,0.17106758920578066
vicsek,rho_1_over_pi,0.31830988618379069,32,0.10000000000000001,1250216,16,3000,0.09477500416717256,0.125,1500,0.9914040900265547,0.0134313958807597,0.9218021319120586,0.14328779336577663
vicsek,rho_1_over_pi,0.31830988618379069,32,0.10000000000000001,1250217,17,3000,0.3002329650958134,0.09375,1500,0.9922377390663182,0.006332703120734713,0.8464981678880746,0.13628576594167463
vicsek,rho_1_over_pi,0.31830988618379069,32,0.10000000000000001,1250218,18,3000,0.10537487681060992,0.125,1500,0.9912528681312357,0.006535925636949848,0.6393446035976016,0.19835331528798705
vicsek,rho_1_over_pi,0.31830988618379069,32,0.10000000000000001,1250219,19,3000,0.15306667384108333,0.1875,1500,0.9982716405160919,0.0014545376106351985,0.9835942704863424,0.02806134911715054
vicsek,rho_1_over_pi,0.31830988618379069,32,0.14999999999999999,1250300,0,3000,0.030871745170369464,0.15625,1500,0.9976470420217409,0.0018906721056574701,0.996148401065956,0.010272665298750146
vicsek,rho_1_over_pi,0.31830988618379069,32,0.14999999999999999,1250301,1,3000,0.10155382129911775,0.09375,1500,0.993583604277115,0.006309133331766765,0.7757120253164557,0.11303051487143029
vicsek,rho_1_over_pi,0.31830988618379069,32,0.14999999999999999,1250302,2,3000,0.11029125144838137,0.1875,1500,0.9760086980267156,0.029659596315505663,0.8736467355096602,0.11778660346872305
vicsek,rho_1_over_pi,0.31830988618379069,32,0.14999999999999999,1250303,3,3000,0.17654125778173313,0.09375,1500,0.9896767127615477,0.0076776010589642806,0.7343437708194537,0.23985989691083012
vicsek,rho_1_over_pi,0.31830988618379069,32,0.14999999999999999,1250304,4,3000,0.07739489661325878,0.125,1500,0.9981323134754309,0.0009944629172261425,1.0,0.0
vicsek,rho_1_over_pi,0.31830988618379069,32,0.14999999999999999,1250305,5,3000,0.15404597597311637,0.125,1500,0.9963124196160545,0.003535401526740902,0.9239881745502998,0.08676280959209022
vicsek,rho_1_over_pi,0.31830988618379069,32,0.14999999999999999,1250306,6,3000,0.10711529182202785,0.15625,1500,0.9931461370620912,0.0057734099632218835,0.78125,0.0
vicsek,rho_1_over_pi,0.31830988618379069,32,0.14999999999999999,1250307,7,3000,0.18084559044121146,0.1875,1500,0.99554736703132,0.004735084951441183,0.9846560626249167,0.02228222396628053
vicsek,rho_1_over_pi,0.31830988618379069,32,0.14999999999999999,1250308,8,3000,0.24649216002476726,0.09375,1500,0.9943235146763345,0.011646713246109686,0.9817621585609594,0.055560565237086385
vicsek,rho_1_over_pi,0.31830988618379069,32,0.14999999999999999,1250309,9,3000,0.07084462492832205,0.21875,1500,0.9934652363807844,0.007103471434527451,0.7739215522984677,0.13768935589835413
vicsek,rho_1_over_pi,0.31830988618379069,32,0.14999999999999999,1250310,10,3000,0.08225173097928636,0.125,1500,0.9889116846883398,0.011240675600139461,0.683648401065956,0.21215368398958998
vicsek,rho_1_over_pi,0.31830988618379069,32,0.14999999999999999,1250311,11,3000,0.17441981206256096,0.28125,1500,0.9870812397540848,0.02675057591438273,0.977973017988008,0.04127295886408854
vicsek,rho_1_over_pi,0.31830988618379069,32,0.14999999999999999,1250312,12,3000,0.15448325427284784,0.15625,1500,0.9884583711168747,0.02009307736773759,0.9596935376415723,0.08664480348082007
vicsek,rho_1_over_pi,0.31830988618379069,32,0.14999999999999999,1250313,13,3000,0.13855693150593312,0.15625,1500,0.9916976022697706,0.00826371986215263,0.5883161225849434,0.17057238016544596
vicsek,rho_1_over_pi,0.31830988618379069,32,0.14999999999999999,1250314,14,3000,0.13755756103324837,0.09375,1500,0.9913914708906257,0.007666589835371033,0.8514323784143905,0.10616646423825873
vicsek,rho_1_over_pi,0.31830988618379069,32,0.14999999999999999,1250315,15,3000,0.16839318720568527,0.125,1500,0.9792369278151669,0.017653259254779004,0.6883327781479014,0.17501779609202833
vicsek,rho_1_over_pi,0.31830988618379069,32,0.14999999999999999,1250316,16,3000,0.0438766544983277,0.15625,1500,0.987893474633211,0.010125680826489571,0.8578031312458361,0.048513330003859635
vicsek,rho_1_over_pi,0.31830988618379069,32,0.14999999999999999,1250317,17,3000,0.28963338702624225,0.21875,1500,0.9884569293448967,0.0076602125765667505,0.9463899067288475,0.04707083726233873
vicsek,rho_1_over_pi,0.31830988618379069,32,0.14999999999999999,1250318,18,3000,0.2391190776461959,0.21875,1500,0.9917238374232727,0.010832607454007976,0.965169053964024,0.02509935175256166
vicsek,rho_1_over_pi,0.31830988618379069,32,0.14999999999999999,1250319,19,3000,0.11604416280918477,0.125,1500,0.9949750992373342,0.006126880214330873,0.8869503664223851,0.17149461585140693
vicsek,rho_1_over_pi,0.31830988618379069,32,0.20000000000000001,1250400,0,3000,0.07777547790044471,0.21875,1500,0.9878637623859889,0.021471485563875858,0.9393737508327782,0.058469537020135326
vicsek,rho_1_over_pi,0.31830988618379069,32,0.20000000000000001,1250401,1,3000,0.30323163807554643,0.15625,1500,0.9762785665429305,0.029008825299468438,0.7749417055296469,0.2192533034918619
vicsek,rho_1_over_pi,0.31830988618379069,32,0.20000000000000001,1250402,2,3000,0.09050168744997987,0.21875,1500,0.9873319399159309,0.01032602782346737,0.8481012658227848,0.04334616259665194
vicsek,rho_1_over_pi,0.31830988618379069,32,0.20000000000000001,1250403,3,3000,0.17766285642222557,0.15625,1500,0.9774760894745229,0.021660935062878806,0.7897026982011992,0.2382745664110683
vicsek,rho_1_over_pi,0.31830988618379069,32,0.20000000000000001,1250404,4,3000,0.14435028014413467,0.125,1500,0.9899365733194425,0.011703945030232728,0.9596518987341772,0.029347174599174543
vicsek,rho_1_over_pi,0.31830988618379069,32,0.20000000000000001,1250405,5,3000,0.13397154847681025,0.125,1500,0.9938733534704973,0.0037146299978329735,0.9410601265822784,0.11908122206748038
vicsek,rho_1_over_pi,0.31830988618379069,32,0.20000000000000001,1250406,6,3000,0.13175374693671163,0.125,1500,0.9895375843760881,0.008178844483309708,0.7207278481012658,0.1701396200392338
vicsek,rho_1_over_pi,0.31830988618379069,32,0.20000000000000001,1250407,7,3000,0.07824842494088664,0.09375,1500,0.9825578590119883,0.014561720815785134,0.7408602598267822,0.15820233673506054
vicsek,rho_1_over_pi,0.31830988618379069,32,0.20000000000000001,1250408,8,3000,0.04465611674200823,0.1875,1500,0.9860764717160267,0.012684678379078227,0.7458777481678881,0.18053469918398762
vicsek,rho_1_over_pi,0.31830988618379069,32,0.20000000000000001,1250409,9,3000,0.19539858346098193,0.125,1500,0.9867451871775936,0.01631952630447056,0.8950699533644237,0.1290132780091364
vicsek,rho_1_over_pi,0.31830988618379069,32,0.20000000000000001,1250410,10,3000,0.08673673581275557,0.21875,1500,0.979749877598893,0.029351798347424202,0.8043387741505663,0.23099787061373006
vicsek,rho_1_over_pi,0.31830988618379069,32,0.20000000000000001,1250411,11,3000,0.18966886157009058,0.21875,1500,0.9829283880264091,0.02724776953652566,0.878539307128581,0.08188009253913187
vicsek,rho_1_over_pi,0.31830988618379069,32,0.20000000000000001,1250412,12,3000,0.06713450416961411,0.25,1500,0.977537682744137,0.021281137434931215,0.5133036309127248,0.08120277157667215
vicsek,rho_1_over_pi,0.31830988618379069,32,0.20000000000000001,1250413,13,3000,0.18241121029381094,0.21875,1500,0.9915304399099737,0.010902559338237042,0.9541763824117255,0.06221595476097577
vicsek,rho_1_over_pi,0.31830988618379069,32,0.20000000000000001,1250414,14,3000,0.29349888568227056,0.1875,1500,0.9843371403179506,0.01252041309115456,0.8616963690872752,0.1424035718312366
vicsek,rho_1_over_pi,0.31830988618379069,32,0.20000000000000001,1250415,15,3000,0.10950118625497222,0.15625,1500,0.9970884732544238,0.0013011661358472337,1.0,0.0
vicsek,rho_1_over_pi,0.31830988618379069,32,0.20000000000000001,1250416,16,3000,0.07878679183797582,0.09375,1500,0.9905630619231864,0.010570946964169043,0.8668595936042638,0.1256415375208414
vicsek,rho_1_over_pi,0.31830988618379069,32,0.20000000000000001,1250417,17,3000,0.0960757879103191,0.15625,1500,0.9880525351085119,0.010820204590654435,0.7890156562291806,0.19474454668208505
vicsek,rho_1_over_pi,0.31830988618379069,32,0.20000000000000001,1250418,18,3000,0.2898417317451337,0.09375,1500,0.9938849613996356,0.0041001250582840204,0.9797010326449034,0.01490954909323187
vicsek,rho_1_over_pi,0.31830988618379069,32,0.20000000000000001,1250419,19,3000,0.05857578451983185,0.15625,1500,0.9944582304778862,0.007548942574320402,0.9928589273817455,0.01753539421328321
vicsek,rho_1_over_pi,0.31830988618379069,32,0.29999999999999999,1250500,0,3000,0.22309774942461652,0.21875,1500,0.9582161539104024,0.04084152738602464,0.7649275483011326,0.18283835314287453
vicsek,rho_1_over_pi,0.31830988618379069,32,0.29999999999999999,1250501,1,3000,0.31145139013810125,0.28125,1500,0.9836716388429484,0.016254273504887146,0.7455862758161226,0.23074203444658173
vicsek,rho_1_over_pi,0.31830988618379069,32,0.29999999999999999,1250502,2,3000,0.16730673715549305,0.125,1500,0.9730319685737681,0.04649317379760417,0.8854513657561626,0.15826299346257053
vicsek,rho_1_over_pi,0.31830988618379069,32,0.29999999999999999,1250503,3,3000,0.11222216843461172,0.15625,1500,0.961599460004525,0.029583749273419235,0.5265448034643571,0.15394488033770362
vicsek,rho_1_over_pi,0.31830988618379069,32,0.29999999999999999,1250504,4,3000,0.09190797743410309,0.1875,1500,0.9408180678882107,0.04540254885682753,0.5938540972684877,0.07647420368321516
vicsek,rho_1_over_pi,0.31830988618379069,32,0.29999999999999999,1250505,5,3000,0.12273286419339903,0.15625,1500,0.9702974810634452,0.02232474885587689,0.9513449367088608,0.03589499636212221
vicsek,rho_1_over_pi,0.31830988618379069,32,0.29999999999999999,1250506,6,3000,0.1969540802055548,0.09375,1500,0.9807296535334925,0.014280957912405457,0.8870544636908727,0.0734923294754926
vicsek,rho_1_over_pi,0.31830988618379069,32,0.29999999999999999,1250507,7,3000,0.04154306896050039,0.21875,1500,0.9740235972415374,0.015571796426076671,0.8228680879413725,0.07513439992599995
vicsek,rho_1_over_pi,0.31830988618379069,32,0.29999999999999999,1250508,8,3000,0.08881559727693103,0.28125,1500,0.9872043227920204,0.011696733202586298,0.8590939373750833,0.2249411319167782
vicsek,rho_1_over_pi,0.31830988618379069,32,0.29999999999999999,1250509,9,3000,0.36230814396339256,0.125,1500,0.9733361940259134,0.018844294063074536,0.8104596935376416,0.1746021966917359
vicsek,rho_1_over_pi,0.31830988618379069,32,0.29999999999999999,1250510,10,3000,0.192398510910843,0.21875,1500,0.9792381287220296,0.01914023504638345,0.8271985343104596,0.17050430955882484
vicsek,rho_1_over_pi,0.31830988618379069,32,0.29999999999999999,1250511,11,3000,0.2587101902089951,0.125,1500,0.9359227037922676,0.04823146653998156,0.753227015323118,0.17738474377222244
vicsek,rho_1_over_pi,0.31830988618379069,32,0.29999999999999999,1250512,12,3000,0.07382920892641932,0.1875,1500,0.9605989013022052,0.04741101748081645,0.8691497335109927,0.16693830175307522
vicsek,rho_1_over_pi,0.31830988618379069,32,0.29999999999999999,1250513,13,3000,0.02561791441527915,0.15625,1500,0.9249424926305156,0.08914643260639141,0.8759368754163891,0.1403248816948798
vicsek,rho_1_over_pi,0.31830988618379069,32,0.29999999999999999,1250514,14,3000,0.28002950040037144,0.15625,1500,0.9436375471618591,0.05295079755776271,0.7106095936042638,0.15112804870869295
vicsek,rho_1_over_pi,0.31830988618379069,32,0.29999999999999999,1250515,15,3000,0.23378947781106316,0.15625,1500,0.9507608339031558,0.04833143654516029,0.7680712858094604,0.16405603486785
vicsek,rho_1_over_pi,0.31830988618379069,32,0.29999999999999999,1250516,16,3000,0.2117495893385222,0.09375,1500,0.9697278688021522,0.025539725989026787,0.8404605263157895,0.1604457652502292
vicsek,rho_1_over_pi,0.31830988618379069,32,0.29999999999999999,1250517,17,3000,0.313209709892846,0.1875,1500,0.9691651939862694,0.021801319462632224,0.8926340772818121,0.1196196057073629
vicsek,rho_1_over_pi,0.31830988618379069,32,0.29999999999999999,1250518,18,3000,0.19617482193453836,0.125,1500,0.9885178339733297,0.015703619495473786,0.9850516322451699,0.026661194387034452
vicsek,rho_1_over_pi,0.31830988618379069,32,0.29999999999999999,1250519,19,3000,0.1731642409029432,0.09375,1500,0.9836196554067335,0.011363926081016964,0.9048759160559627,0.0823884471902665
vicsek,rho_1_over_pi,0.31830988618379069,32,0.40000000000000002,1250600,0,3000,0.1970186920661721,0.15625,1500,0.9577697528823967,0.03005233278138442,0.8971102598267822,0.11261457856687672
vicsek,rho_1_over_pi,0.31830988618379069,32,0.40000000000000002,1250601,1,3000,0.09220496861204047,0.25,1500,0.9495231858983569,0.0577334468932802,0.785101598934044,0.1632771864887741
vicsek,rho_1_over_pi,0.31830988618379069,32,0.40000000000000002,1250602,2,3000,0.06031878007847606,0.15625,1500,0.8020555109228378,0.17549670112363178,0.7823742504996669,0.14152615641482968
vicsek,rho_1_over_pi,0.31830988618379069,32,0.40000000000000002,1250603,3,3000,0.03362586943590279,0.1875,1500,0.9528048607249656,0.04559540852872799,0.8578239506995337,0.14624566232364836
vicsek,rho_1_over_pi,0.31830988618379069,32,0.40000000000000002,1250604,4,3000,0.1543093610255711,0.1875,1500,0.9465455697977636,0.041073187068213335,0.7690914390406396,0.13896709151202755
vicsek,rho_1_over_pi,0.31830988618379069,32,0.40000000000000002,1250605,5,3000,0.05512513266337142,0.15625,1500,0.9448161862520826,0.0443647515187527,0.8415431379080613,0.0616537601350297
vicsek,rho_1_over_pi,0.31830988618379069,32,0.40000000000000002,1250606,6,3000,0.11573907760783277,0.15625,1500,0.9404771315583705,0.08888884612111835,0.8240339773484344,0.19973399389160798
vicsek,rho_1_over_pi,0.31830988618379069,32,0.40000000000000002,1250607,7,3000,0.07741294751767257,0.09375,1500,0.9424698089539676,0.054263387642037,0.8736259160559627,0.14692816400424566
vicsek,rho_1_over_pi,0.31830988618379069,32,0.40000000000000002,1250608,8,3000,0.15341346472819115,0.25,1500,0.9667067844387235,0.037682719098246026,0.8728764157228515,0.14453066591955596
vicsek,rho_1_over_pi,0.31830988618379069,32,0.40000000000000002,1250609,9,3000,0.24307780921124844,0.09375,1500,0.9371776732249031,0.03695579887137156,0.7202490006662225,0.20830434312824575
vicsek,rho_1_over_pi,0.31830988618379069,32,0.40000000000000002,1250610,10,3000,0.10315992727410307,0.15625,1500,0.9708826738785259,0.023567427087627567,0.9126415722851432,0.14703685780179332
vicsek,rho_1_over_pi,0.31830988618379069,32,0.40000000000000002,1250611,11,3000,0.09073799585417207,0.125,1500,0.9808605587454511,0.018010980804232166,0.8626748834110592,0.15481837689860783
vicsek,rho_1_over_pi,0.31830988618379069,32,0.40000000000000002,1250612,12,3000,0.0222682322610222,0.1875,1500,0.9795549607931295,0.04768650195204029,1.0,0.0
vicsek,rho_1_over_pi,0.31830988618379069,32,0.40000000000000002,1250613,13,3000,0.18037312002478523,0.09375,1500,0.9682469355363335,0.03463667257024803,0.9131620586275816,0.12039897453513942
vicsek,rho_1_over_pi,0.31830988618379069,32,0.40000000000000002,1250614,14,3000,0.30228554364187943,0.125,1500,0.977754791570035,0.021413609494760042,0.9853431045969354,0.02243761506284881
vicsek,rho_1_over_pi,0.31830988618379069,32,0.40000000000000002,1250615,15,3000,0.134744760456829,0.15625,1500,0.9342371594433941,0.06892477939049953,0.8037141905396402,0.19464938886479294
vicsek,rho_1_over_pi,0.31830988618379069,32,0.40000000000000002,1250616,16,3000,0.2338411708829165,0.15625,1500,0.9471056790669419,0.04345084526275667,0.7251832111925383,0.11868135378170291
vicsek,rho_1_over_pi,0.31830988618379069,32,0.40000000000000002,1250617,17,3000,0.14728745169692792,0.15625,1500,0.9806601233163847,0.02593467919350028,0.9853639240506329,0.024302001724131588
vicsek,rho_1_over_pi,0.31830988618379069,32,0.40000000000000002,1250618,18,3000,0.19929639028700372,0.125,1500,0.9528851158014806,0.03125759913340164,0.81993254497002,0.12481272041876683
vicsek,rho_1_over_pi,0.31830988618379069,32,0.40000000000000002,1250619,19,3000,0.21663848593626128,0.1875,1500,0.9485194718890673,0.06696662223565425,0.8008411059293804,0.09885761950007002
vicsek,rho_1_over_pi,0.31830988618379069,32,0.5,1250700,0,3000,0.16507411685513007,0.09375,1500,0.9223144150158621,0.06623255048241775,0.7617213524317122,0.16583451175366762
vicsek,rho_1_over_pi,0.31830988618379069,32,0.5,1250701,1,3000,0.1770711342995466,0.09375,1500,0.9291996163833627,0.05238476964248338,0.7664265489673551,0.19098652742338731
vicsek,rho_1_over_pi,0.31830988618379069,32,0.5,1250702,2,3000,0.13498539447957225,0.25,1500,0.9505143669229277,0.041282709076885055,0.9443287808127915,0.07552974140399853
vicsek,rho_1_over_pi,0.31830988618379069,32,0.5,1250703,3,3000,0.22450704127398433,0.1875,1500,0.9420530013634809,0.044574384787169234,0.8571785476349101,0.14632634559963856
vicsek,rho_1_over_pi,0.31830988618379069,32,0.5,1250704,4,3000,0.2833079932831467,0.21875,1500,0.9615392986742796,0.041742656225334934,0.9340439706862091,0.11678103524043872
vicsek,rho_1_over_pi,0.31830988618379069,32,0.5,1250705,5,3000,0.23274023409491848,0.125,1500,0.954033001873678,0.05977851762839497,0.9163474350433045,0.05729882071369204
vicsek,rho_1_over_pi,0.31830988618379069,32,0.5,1250706,6,3000,0.08694285988816212,0.09375,1500,0.9612186453703674,0.03709681496743281,0.8893446035976016,0.1770538512713747
vicsek,rho_1_over_pi,0.31830988618379069,32,0.5,1250707,7,3000,0.1952683906611187,0.125,1500,0.9642959342907221,0.05408342381518716,0.9755787808127915,0.06940686293658185
vicsek,rho_1_over_pi,0.31830988618379069,32,0.5,1250708,8,3000,0.14352839992254138,0.125,1500,0.8548579688647554,0.12232588842326318,0.7787933044636909,0.18092500325347993
vicsek,rho_1_over_pi,0.31830988618379069,32,0.5,1250709,9,3000,0.15040253632366277,0.125,1500,0.9517489313160545,0.050482947670306644,0.8506620586275816,0.16794500090487938
vicsek,rho_1_over_pi,0.31830988618379069,32,0.5,1250710,10,3000,0.25564689304539456,0.34375,1500,0.9321083578894935,0.05641669142427263,0.8256370752831446,0.20606723806023236
vicsek,rho_1_over_pi,0.31830988618379069,32,0.5,1250711,11,3000,0.42724908036466586,0.125,1500,0.9333343432170722,0.056108380413454825,0.8128747501665556,0.19108788270342214
vicsek,rho_1_over_pi,0.31830988618379069,32,0.5,1250712,12,3000,0.1141812021353673,0.09375,1500,0.9417821715286467,0.03769848625503539,0.6731970353097935,0.19943252130942485
vicsek,rho_1_over_pi,0.31830988618379069,32,0.5,1250713,13,3000,0.23708320947149591,0.1875,1500,0.8496245628018867,0.11639513927478964,0.5283769153897402,0.1175796374844649
vicsek,rho_1_over_pi,0.31830988618379069,32,0.5,1250714,14,3000,0.23560106449621177,0.125,1500,0.9586671861959332,0.041432048379301756,0.7900358094603598,0.22853683408910408
vicsek,rho_1_over_pi,0.31830988618379069,32,0.5,1250715,15,3000,0.3689312629573742,0.1875,1500,0.9665407434346317,0.03082337566446602,0.8943204530313125,0.09744301487175172
vicsek,rho_1_over_pi,0.31830988618379069,32,0.5,1250716,16,3000,0.12010439262662692,0.15625,1500,0.9080386582759237,0.07535512414508407,0.7313041305796136,0.22625853739125953
vicsek,rho_1_over_pi,0.31830988618379069,32,0.5,1250717,17,3000,0.08156812289427846,0.09375,1500,0.9325515358635972,0.05815426729587279,0.7176673884077281,0.12347661865257105
vicsek,rho_1_over_pi,0.31830988618379069,32,0.5,1250718,18,3000,0.034305082036259524,0.1875,1500,0.9377171422900833,0.053504433137619864,0.7560792804796802,0.21923158182487223
vicsek,rho_1_over_pi,0.31830988618379069,32,0.5,1250719,19,3000,0.08481655857335767,0.15625,1500,0.9277261468088598,0.0670013279519062,0.8275732844770153,0.1778166273360478
vicsek,rho_1_over_pi,0.31830988618379069,32,1,1250800,0,3000,0.3049272938294526,0.15625,1500,0.8034315435033482,0.1417805436565993,0.8547426715522984,0.15133695692032656
vicsek,rho_1_over_pi,0.31830988618379069,32,1,1250801,1,3000,0.1335383650134612,0.1875,1500,0.9183881844951619,0.07421826571290882,0.9477639906728847,0.1318174302366261
vicsek,rho_1_over_pi,0.31830988618379069,32,1,1250802,2,3000,0.07385534405546036,0.125,1500,0.8419187888914716,0.12957235510498694,0.7607220186542305,0.1535647449099873
vicsek,rho_1_over_pi,0.31830988618379069,32,1,1250803,3,3000,0.08649280292831125,0.21875,1500,0.7786088811562761,0.15185254658503206,0.7525607928047968,0.15191762060780492
vicsek,rho_1_over_pi,0.31830988618379069,32,1,1250804,4,3000,0.06903855912748617,0.125,1500,0.8393950916578552,0.16032583222898816,0.8915098267821452,0.11963864241343997
vicsek,rho_1_over_pi,0.31830988618379069,32,1,1250805,5,3000,0.09194973293221537,0.28125,1500,0.7703918274088781,0.1616820691483074,0.6607886409060626,0.14460102967831504
vicsek,rho_1_over_pi,0.31830988618379069,32,1,1250806,6,3000,0.09335902401171176,0.125,1500,0.7977933102002973,0.1677987099402991,0.7441497335109927,0.1681382535050678
vicsek,rho_1_over_pi,0.31830988618379069,32,1,1250807,7,3000,0.0772279650539155,0.21875,1500,0.7476289117077659,0.148648282364875,0.7861842105263158,0.14764042156922638
vicsek,rho_1_over_pi,0.31830988618379069,32,1,1250808,8,3000,0.18785874692014,0.1875,1500,0.8049565069096064,0.13916575621474733,0.8186625582944703,0.17290978821515673
vicsek,rho_1_over_pi,0.31830988618379069,32,1,1250809,9,3000,0.06316217065008782,0.25,1500,0.8422739698288346,0.1680010984049308,0.915514656895403,0.12036250708986124
vicsek,rho_1_over_pi,0.31830988618379069,32,1,1250810,10,3000,0.17133834259946418,0.125,1500,0.8541137065980482,0.09572960996053045,0.8060876082611592,0.11933577195751759
vicsek,rho_1_over_pi,0.31830988618379069,32,1,1250811,11,3000,0.04739850841102965,0.15625,1500,0.7849826353989864,0.18220076538648194,0.8555962691538974,0.1507318037938738
vicsek,rho_1_over_pi,0.31830988618379069,32,1,1250812,12,3000,0.08645357270982333,0.125,1500,0.8437447656896383,0.1920470826148642,0.9083319453697535,0.16357405295445357
vicsek,rho_1_over_pi,0.31830988618379069,32,1,1250813,13,3000,0.18439683486182584,0.125,1500,0.6880919230715575,0.1561899183393079,0.6375124916722186,0.09334439155745036
vicsek,rho_1_over_pi,0.31830988618379069,32,1,1250814,14,3000,0.17164451734048605,0.15625,1500,0.7887501552912504,0.10505722919363462,0.6909976682211859,0.19297739520779386
vicsek,rho_1_over_pi,0.31830988618379069,32,1,1250815,15,3000,0.3130388087989775,0.125,1500,0.9262112917894526,0.03359236530358054,0.9740173217854764,0.03860211933746845
vicsek,rho_1_over_pi,0.31830988618379069,32,1,1250816,16,3000,0.12743000444722716,0.125,1500,0.7543708517227232,0.15613457161145375,0.7641780479680214,0.17449863338744034
vicsek,rho_1_over_pi,0.31830988618379069,32,1,1250817,17,3000,0.165868769200987,0.15625,1500,0.7249533751850751,0.24593477060969224,0.7663640906062625,0.20673655461556117
vicsek,rho_1_over_pi,0.31830988618379069,32,1,1250818,18,3000,0.1540801239553173,0.125,1500,0.7340878230889047,0.21800904737513627,0.7546010992671552,0.20192225628213803
vicsek,rho_1_over_pi,0.31830988618379069,32,1,1250819,19,3000,0.17029940566583746,0.15625,1500,0.8477480043017409,0.07918226543779788,0.8157894736842105,0.1882227223362092
vicsek,rho_1_over_pi,0.31830988618379069,32,2,1250900,0,3000,0.2979132225983481,0.25,1500,0.5616066206345798,0.15292631212337768,0.6852514990006662,0.1122663168043987
vicsek,rho_1_over_pi,0.31830988618379069,32,2,1250901,1,3000,0.3797108272335622,0.1875,1500,0.5268414332137971,0.14367973230961437,0.6328697534976683,0.09218169493606096
vicsek,rho_1_over_pi,0.31830988618379069,32,2,1250902,2,3000,0.11597814031644037,0.15625,1500,0.6869780852152694,0.08348897287939641,0.8122709860093271,0.04714949461799122
vicsek,rho_1_over_pi,0.31830988618379069,32,2,1250903,3,3000,0.2862516079774083,0.15625,1500,0.4660243214790555,0.16825772201760955,0.521985343104597,0.1396589469173487
vicsek,rho_1_over_pi,0.31830988618379069,32,2,1250904,4,3000,0.10005513118301894,0.25,1500,0.5469179215710841,0.15708343626583804,0.7110468021319121,0.14280010627749867
vicsek,rho_1_over_pi,0.31830988618379069,32,2,1250905,5,3000,0.10297352733865407,0.09375,1500,0.548596522169368,0.1825106454944687,0.5610009993337775,0.17355748696463566
vicsek,rho_1_over_pi,0.31830988618379069,32,2,1250906,6,3000,0.16844895153929157,0.1875,1500,0.4760559206208742,0.20081149660713604,0.6120294803464357,0.18518238508247276
vicsek,rho_1_over_pi,0.31830988618379069,32,2,1250907,7,3000,0.2570856100487878,0.09375,1500,0.632897878653647,0.14405223294762867,0.8132286808794137,0.11386014757757798
vicsek,rho_1_over_pi,0.31830988618379069,32,2,1250908,8,3000,0.12474990483616996,0.125,1500,0.5194228160502253,0.21726122985298033,0.6485259826782145,0.2141303089592263
vicsek,rho_1_over_pi,0.31830988618379069,32,2,1250909,9,3000,0.0807009377947874,0.125,1500,0.7126924855262577,0.11114603195430738,0.8647776482345103,0.10020845354704687
vicsek,rho_1_over_pi,0.31830988618379069,32,2,1250910,10,3000,0.21219377161550093,0.1875,1500,0.46509147548303587,0.1556820892026491,0.5579613590939374,0.15142306559005414
vicsek,rho_1_over_pi,0.31830988618379069,32,2,1250911,11,3000,0.23128840186320007,0.125,1500,0.37549664643437086,0.16298839303277388,0.3888449367088608,0.1510704205540198
vicsek,rho_1_over_pi,0.31830988618379069,32,2,1250912,12,3000,0.13358596771740805,0.125,1500,0.6335875055274547,0.11805271129743465,0.7642196868754164,0.10836194653197107
vicsek,rho_1_over_pi,0.31830988618379069,32,2,1250913,13,3000,0.2330248192881616,0.09375,1500,0.51687008058475,0.2211627492425332,0.5345811125916056,0.2297542997766326
vicsek,rho_1_over_pi,0.31830988618379069,32,2,1250914,14,3000,0.18829402439573786,0.15625,1500,0.564031605585639,0.1585017822131805,0.6728222851432378,0.12414312913072446
vicsek,rho_1_over_pi,0.31830988618379069,32,2,1250915,15,3000,0.1853994331712283,0.1875,1500,0.5742781387633492,0.14592013768729603,0.6554796802131913,0.09981064978059498
vicsek,rho_1_over_pi,0.31830988618379069,32,2,1250916,16,3000,0.3393162044165411,0.15625,1500,0.5487830879640876,0.19095363571062776,0.631266655562958,0.18329350315875123
vicsek,rho_1_over_pi,0.31830988618379069,32,2,1250917,17,3000,0.12994130852925387,0.3125,1500,0.4519733536381152,0.1663804158216656,0.5374333777481679,0.13527916139417606
vicsek,rho_1_over_pi,0.31830988618379069,32,2,1250918,18,3000,0.15191343101935156,0.15625,1500,0.602474842711523,0.15772075781801967,0.7509576948700866,0.17221409880880972
vicsek,rho_1_over_pi,0.31830988618379069,32,2,1250919,19,3000,0.15963294761905963,0.1875,1500,0.4633648338603195,0.17154500226785535,0.5594811792138574,0.18350343256743865
vicsek,rho_1_over_pi,0.31830988618379069,32,3,1251000,0,3000,0.1092926660230448,0.1875,1500,0.26062277223357644,0.1256473579541248,0.2655521319120586,0.044011556937042944
vicsek,rho_1_over_pi,0.31830988618379069,32,3,1251001,1,3000,0.30365267137129964,0.15625,1500,0.34123263089430445,0.14617984232196723,0.47091522318454365,0.14976071970865742
vicsek,rho_1_over_pi,0.31830988618379069,32,3,1251002,2,3000,0.10419007524700408,0.09375,1500,0.2954335127572201,0.13953044655240932,0.3742296802131912,0.08015085711893376
vicsek,rho_1_over_pi,0.31830988618379069,32,3,1251003,3,3000,0.06825407086297122,0.15625,1500,0.3654831762259185,0.15527227354388393,0.6084901732178548,0.207800092699737
vicsek,rho_1_over_pi,0.31830988618379069,32,3,1251004,4,3000,0.2879972841256662,0.21875,1500,0.34448001485520535,0.14994538191232704,0.5170719520319786,0.14946770834830658
vicsek,rho_1_over_pi,0.31830988618379069,32,3,1251005,5,3000,0.1908962491380409,0.125,1500,0.29447315815590996,0.13375215579029226,0.3483927381745503,0.09546533873592075
vicsek,rho_1_over_pi,0.31830988618379069,32,3,1251006,6,3000,0.20197669659230566,0.15625,1500,0.3046610873829703,0.13132823015389106,0.39021902065289804,0.15257161888890078
vicsek,rho_1_over_pi,0.31830988618379069,32,3,1251007,7,3000,0.280646874047053,0.1875,1500,0.3725297494329046,0.12605638271919367,0.585963524317122,0.08481538300435124
vicsek,rho_1_over_pi,0.31830988618379069,32,3,1251008,8,3000,0.24820249184188709,0.21875,1500,0.24231854712473702,0.12092456277190074,0.3192663224516989,0.08109719464987616
vicsek,rho_1_over_pi,0.31830988618379069,32,3,1251009,9,3000,0.1825978471262798,0.125,1500,0.23437176790528075,0.11531050624543963,0.2900358094603598,0.07747315684678446
vicsek,rho_1_over_pi,0.31830988618379069,32,3,1251010,10,3000,0.05445477150601896,0.125,1500,0.2537406841566964,0.12499242767069983,0.25360176548967356,0.050739481818443566
vicsek,rho_1_over_pi,0.31830988618379069,32,3,1251011,11,3000,0.10242104611495507,0.15625,1500,0.25902111716161147,0.12766566860947262,0.37562458361092604,0.09698504688368452
vicsek,rho_1_over_pi,0.31830988618379069,32,3,1251012,12,3000,0.16928401360218928,0.09375,1500,0.2845324374947609,0.127487855743749,0.3884285476349101,0.06895313801895306
vicsek,rho_1_over_pi,0.31830988618379069,32,3,1251013,13,3000,0.054768227929638626,0.1875,1500,0.3301435123458434,0.14050693356142702,0.4821785476349101,0.13905380299032402
vicsek,rho_1_over_pi,0.31830988618379069,32,3,1251014,14,3000,0.19124013412036944,0.1875,1500,0.3103378418768519,0.13301353098572974,0.4437458361092605,0.13630402048478582
vicsek,rho_1_over_pi,0.31830988618379069,32,3,1251015,15,3000,0.2636786947518775,0.09375,1500,0.37355174245966993,0.13768388249438063,0.5500499666888741,0.17131861021945982
vicsek,rho_1_over_pi,0.31830988618379069,32,3,1251016,16,3000,0.12758937744838206,0.09375,1500,0.3164589006815133,0.1356750554126734,0.47616172551632246,0.10262435641731076
vicsek,rho_1_over_pi,0.31830988618379069,32,3,1251017,17,3000,0.1905909740338422,0.15625,1500,0.2916880035009819,0.14013045081077655,0.3989007328447702,0.06139715844743116
vicsek,rho_1_over_pi,0.31830988618379069,32,3,1251018,18,3000,0.02278287083226385,0.09375,1500,0.30109486502826005,0.14326002126582302,0.3957153564290473,0.11724192482383854
vicsek,rho_1_over_pi,0.31830988618379069,32,3,1251019,19,3000,0.08875102348693523,0.15625,1500,0.25048614512579415,0.11961161524922875,0.3211817121918721,0.12588986024454676
vicsek,rho_1_over_pi,0.31830988618379069,32,4,1251100,0,3000,0.10605401820092733,0.09375,1500,0.186725815706077,0.09661159446676143,0.2531020986009327,0.07069728570783536
vicsek,rho_1_over_pi,0.31830988618379069,32,4,1251101,1,3000,0.06868704007863227,0.09375,1500,0.17976380279097048,0.09463486580276854,0.20956862091938708,0.06581320753343999
vicsek,rho_1_over_pi,0.31830988618379069,32,4,1251102,2,3000,0.11009385174353947,0.125,1500,0.19786384561499726,0.10124777370504132,0.3180796135909394,0.08492783161638993
vicsek,rho_1_over_pi,0.31830988618379069,32,4,1251103,3,3000,0.06862444713363682,0.125,1500,0.17972020746561063,0.09233856676970624,0.23349017321785476,0.05543917562134433
vicsek,rho_1_over_pi,0.31830988618379069,32,4,1251104,4,3000,0.17147741339540593,0.09375,1500,0.195681238137229,0.09843619769719891,0.32336775483011326,0.062439933157561155
vicsek,rho_1_over_pi,0.31830988618379069,32,4,1251105,5,3000,0.10366269157772685,0.1875,1500,0.1897346419602502,0.09901068122345924,0.2593687541638907,0.09366699752543531
vicsek,rho_1_over_pi,0.31830988618379069,32,4,1251106,6,3000,0.1939363286635608,0.125,1500,0.187934094404434,0.09643720674812509,0.24677298467688208,0.05311951320275033
vicsek,rho_1_over_pi,0.31830988618379069,32,4,1251107,7,3000,0.14096655985198167,0.125,1500,0.19108366282303801,0.09978267082587032,0.24641905396402397,0.08139213050063746
vicsek,rho_1_over_pi,0.31830988618379069,32,4,1251108,8,3000,0.25584159543532103,0.15625,1500,0.18625048595765184,0.09629189262912465,0.21083860759493672,0.05789473444631077
vicsek,rho_1_over_pi,0.31830988618379069,32,4,1251109,9,3000,0.22297202380677156,0.125,1500,0.18445178530236697,0.09343397734661718,0.22930546302465024,0.0648186867760002
vicsek,rho_1_over_pi,0.31830988618379069,32,4,1251110,10,3000,0.19545312479983332,0.15625,1500,0.1923309183565126,0.09694201173284536,0.21883327781479014,0.055191841642820275
vicsek,rho_1_over_pi,0.31830988618379069,32,4,1251111,11,3000,0.25441079087368895,0.1875,1500,0.18480927697439878,0.09196334475436735,0.21387824783477682,0.05406958428634289
vicsek,rho_1_over_pi,0.31830988618379069,32,4,1251112,12,3000,0.07500063511914554,0.09375,1500,0.17426588998887893,0.09098158840521102,0.19959610259826782,0.04444453571921527
vicsek,rho_1_over_pi,0.31830988618379069,32,4,1251113,13,3000,0.18675106553894452,0.09375,1500,0.19388953453727706,0.09541228421907771,0.21287891405729514,0.04362385539564588
vicsek,rho_1_over_pi,0.31830988618379069,32,4,1251114,14,3000,0.18753146899674955,0.125,1500,0.1954731159446546,0.09780354456552919,0.24177631578947367,0.054030658108834485
vicsek,rho_1_over_pi,0.31830988618379069,32,4,1251115,15,3000,0.180750007327383,0.15625,1500,0.19159378718428355,0.09691373464154107,0.2819995003331113,0.02380689737257869
vicsek,rho_1_over_pi,0.31830988618379069,32,4,1251116,16,3000,0.038592671117087175,0.25,1500,0.19507904182889457,0.09558753389661459,0.25680796135909395,0.07277220183102164
vicsek,rho_1_over_pi,0.31830988618379069,32,4,1251117,17,3000,0.20073190331615784,0.15625,1500,0.19235973027864278,0.10106467459110526,0.2838524317121919,0.08724962346367537
vicsek,rho_1_over_pi,0.31830988618379069,32,4,1251118,18,3000,0.10528600230014482,0.125,1500,0.18519142667570945,0.09198415426730602,0.1892280146568954,0.060481276247045836
vicsek,rho_1_over_pi,0.31830988618379069,32,4,1251119,19,3000,0.03960330947529897,0.1875,1500,0.187445297305778,0.09662472534195446,0.24385826115922718,0.051109736205062886
vicsek,rho_1_over_pi,0.31830988618379069,32,5,1251200,0,3000,0.13946512768117955,0.125,1500,0.163496770660515,0.08468258067311007,0.22407978014656896,0.03236817814738078
vicsek,rho_1_over_pi,0.31830988618379069,32,5,1251201,1,3000,0.01162026172701064,0.25,1500,0.16168204323494437,0.08521717678845493,0.1635159893404397,0.049524706256749686
vicsek,rho_1_over_pi,0.31830988618379069,32,5,1251202,2,3000,0.060217184632293225,0.125,1500,0.1640161210190046,0.08568320302009629,0.19578614257161892,0.0348286873071223
vicsek,rho_1_over_pi,0.31830988618379069,32,5,1251203,3,3000,0.13606858409795852,0.125,1500,0.1565721580666946,0.08086267516213816,0.1546885409726849,0.034290126908497816
vicsek,rho_1_over_pi,0.31830988618379069,32,5,1251204,4,3000,0.21807734965440145,0.15625,1500,0.1654265925544425,0.08426234283142903,0.21954113924050633,0.03455271703640975
vicsek,rho_1_over_pi,0.31830988618379069,32,5,1251205,5,3000,0.261299499404493,0.21875,1500,0.1653025759786842,0.08522694515457642,0.24287974683544303,0.024914441125943796
vicsek,rho_1_over_pi,0.31830988618379069,32,5,1251206,6,3000,0.046157573309483356,0.09375,1500,0.1629249524343747,0.08490233179844112,0.20386409060626248,0.059341023850127475
vicsek,rho_1_over_pi,0.31830988618379069,32,5,1251207,7,3000,0.13057402587967418,0.125,1500,0.16872118197041147,0.08831527212502385,0.2167305129913391,0.034549831660344726
vicsek,rho_1_over_pi,0.31830988618379069,32,5,1251208,8,3000,0.24903132395002608,0.25,1500,0.16456937311730213,0.08325070550560643,0.16455696202531644,0.0444798553446041
vicsek,rho_1_over_pi,0.31830988618379069,32,5,1251209,9,3000,0.22868532950845327,0.125,1500,0.16262558749804207,0.0837278874125497,0.18260742838107927,0.03961567314514806
vicsek,rho_1_over_pi,0.31830988618379069,32,5,1251210,10,3000,0.10606220023857063,0.09375,1500,0.16193446258554361,0.08325529184509259,0.1967854763491006,0.04824453691381289
vicsek,rho_1_over_pi,0.31830988618379069,32,5,1251211,11,3000,0.22020967225880447,0.25,1500,0.16956545691911998,0.08527266805292591,0.2049467021985343,0.037506151937539714
vicsek,rho_1_over_pi,0.31830988618379069,32,5,1251212,12,3000,0.20210102691667833,0.25,1500,0.1653666486743569,0.08367353254769029,0.2180421385742838,0.055340410709099515
vicsek,rho_1_over_pi,0.31830988618379069,32,5,1251213,13,3000,0.35470614870262795,0.15625,1500,0.16148132032402965,0.08257496738732187,0.20867338441039307,0.04885065542154701
vicsek,rho_1_over_pi,0.31830988618379069,32,5,1251214,14,3000,0.1962451126215696,0.125,1500,0.16404080031101162,0.08640533129656672,0.2024900066622252,0.056936269116495665
vicsek,rho_1_over_pi,0.31830988618379069,32,5,1251215,15,3000,0.13645602278793825,0.25,1500,0.1652820378728222,0.08377851869169946,0.22199783477681545,0.02269675692968637
vicsek,rho_1_over_pi,0.31830988618379069,32,5,1251216,16,3000,0.1760208193558644,0.125,1500,0.16214097860058554,0.08333387067573715,0.17188540972684876,0.0478503066073813
vicsek,rho_1_over_pi,0.31830988618379069,32,5,1251217,17,3000,0.2093116647941336,0.21875,1500,0.15632931542028014,0.0806311207167047,0.10513824117255163,0.019916068306435535
vicsek,rho_1_over_pi,0.31830988618379069,32,5,1251218,18,3000,0.2118580025125179,0.21875,1500,0.1632132309747968,0.08301484759679544,0.16842938041305797,0.045763612409155004
vicsek,rho_1_over_pi,0.31830988618379069,32,5,1251219,19,3000,0.15348688918993392,0.09375,1500,0.16002948963738614,0.08383082084904918,0.16780479680213192,0.031527610283187825
vicsek,rho_1_over_pi,0.31830988618379069,32,6,1251300,0,3000,0.15227194447672382,0.15625,1500,0.15635414144699075,0.07971678432692735,0.1481512325116589,0.035602045021881475
vicsek,rho_1_over_pi,0.31830988618379069,32,6,1251301,1,3000,0.13643005104541098,0.15625,1500,0.16029254510792784,0.08302306673266481,0.15152398401065956,0.03679266965972911
vicsek,rho_1_over_pi,0.31830988618379069,32,6,1251302,2,3000,0.075248044985628,0.1875,1500,0.1553485182638529,0.07873664465946789,0.11508994003997335,0.02595017753799705
vicsek,rho_1_over_pi,0.31830988618379069,32,6,1251303,3,3000,0.11145649035997346,0.1875,1500,0.16160908154254477,0.08102541368662969,0.13259910059960026,0.041774253299108464
vicsek,rho_1_over_pi,0.31830988618379069,32,6,1251304,4,3000,0.0600088217891285,0.125,1500,0.1538132866063565,0.07935126967788086,0.17044886742171886,0.025787631223133784
vicsek,rho_1_over_pi,0.31830988618379069,32,6,1251305,5,3000,0.0937144231494044,0.21875,1500,0.158030314807672,0.08082948136542828,0.20134493670886075,0.05653346981101911
vicsek,rho_1_over_pi,0.31830988618379069,32,6,1251306,6,3000,0.09806280132670568,0.15625,1500,0.1558390236379008,0.07934584649191741,0.16765906062624916,0.042604589429895874
vicsek,rho_1_over_pi,0.31830988618379069,32,6,1251307,7,3000,0.0925663787792449,0.125,1500,0.16051130258759608,0.0817352022089191,0.14748500999333777,0.04141979951611624
vicsek,rho_1_over_pi,0.31830988618379069,32,6,1251308,8,3000,0.13020415991538933,0.21875,1500,0.15373272685057154,0.08319852579349545,0.15427215189873417,0.024425380948443643
vicsek,rho_1_over_pi,0.31830988618379069,32,6,1251309,9,3000,0.12384451422175526,0.1875,1500,0.15753146950672783,0.08304396511327362,0.12310542971352431,0.029121407610972268
vicsek,rho_1_over_pi,0.31830988618379069,32,6,1251310,10,3000,0.056802963714429514,0.125,1500,0.15399205661334944,0.07777868897832783,0.11914973351099267,0.023410862385023948
vicsek,rho_1_over_pi,0.31830988618379069,32,6,1251311,11,3000,0.14471661742494743,0.125,1500,0.1593015320375586,0.08000761989734624,0.24760576282478347,0.05386867790093962
vicsek,rho_1_over_pi,0.31830988618379069,32,6,1251312,12,3000,0.07074657580635578,0.125,1500,0.1571137777891228,0.07872034280362383,0.1596435709526982,0.026177944287670427
vicsek,rho_1_over_pi,0.31830988618379069,32,6,1251313,13,3000,0.03179129970840657,0.1875,1500,0.1611335677577351,0.08295733345042006,0.1795261492338441,0.020616116460747378
vicsek,rho_1_over_pi,0.31830988618379069,32,6,1251314,14,3000,0.014365635513573376,0.15625,1500,0.1556335581167024,0.08041703449678084,0.13844936708860758,0.02660535575085218
vicsek,rho_1_over_pi,0.31830988618379069,32,6,1251315,15,3000,0.3143371585748369,0.125,1500,0.15802787246946834,0.08070957618943257,0.17319703530979347,0.025051002795178808
vicsek,rho_1_over_pi,0.31830988618379069,32,6,1251316,16,3000,0.1835839653498361,0.15625,1500,0.15810368350313292,0.08338062621090356,0.15572951365756163,0.037336066795715515
vicsek,rho_1_over_pi,0.31830988618379069,32,6,1251317,17,3000,0.26973918332968677,0.15625,1500,0.1578290942828397,0.08326597625902064,0.14992088607594936,0.047283917448199875
vicsek,rho_1_over_pi,0.31830988618379069,32,6,1251318,18,3000,0.18743271794033894,0.1875,1500,0.15874328142861352,0.08149637662981464,0.1521485676215856,0.034984104550963846
vicsek,rho_1_over_pi,0.31830988618379069,32,6,1251319,19,3000,0.05670395751086336,0.125,1500,0.15649046275420017,0.083584851930516,0.19120586275816123,0.02171681596232417
