model,rho_label,rho_nominal,N,eta,base_seed,realization,steps,va_t0,S_t0,t_window_start,va_window_mean,va_window_stdev,S_window_mean,S_window_stdev
vicsek,rho_2,2,200,0,920000,0,3000,0.05548577924330845,1.0,2250,1.0000000000000038,6.191910924872687e-17,1.0,0.0
vicsek,rho_2,2,200,0,920001,1,3000,0.02904888181211723,1.0,2250,1.000000000000002,0.0,1.0,0.0
vicsek,rho_2,2,200,0,920002,2,3000,0.10692448256691295,0.995,2250,1.0000000000000024,0.0,1.0,0.0
vicsek,rho_2,2,200,0,920003,3,3000,0.09417129012066114,0.99,2250,1.0000000000000022,0.0,1.0,0.0
vicsek,rho_2,2,200,0,920004,4,3000,0.12417775344126483,1.0,2250,1.0,3.1093724564823904e-16,1.0,0.0
vicsek,rho_2,2,200,0,920005,5,3000,0.09515645827552456,0.99,2250,1.0,3.090637552836669e-16,1.0,0.0
vicsek,rho_2,2,200,0,920006,6,3000,0.049825467545021845,0.96,2250,1.0000000000000022,0.0,1.0,0.0
vicsek,rho_2,2,200,0,920007,7,3000,0.11721699066424326,1.0,2250,1.0,4.2399464244692624e-16,1.0,0.0
vicsek,rho_2,2,200,0,920008,8,3000,0.05318142936877777,1.0,2250,1.0000000000000024,0.0,1.0,0.0
vicsek,rho_2,2,200,0,920009,9,3000,0.030649727740839107,1.0,2250,0.9999999999999991,0.0,1.0,0.0
vicsek,rho_2,2,200,0,920010,10,3000,0.11003790733661009,1.0,2250,1.0,3.97290825319976e-16,1.0,0.0
vicsek,rho_2,2,200,0,920011,11,3000,0.02382550278430977,1.0,2250,0.9999999999999989,0.0,1.0,0.0
vicsek,rho_2,2,200,0,920012,12,3000,0.08670418388482609,0.975,2250,0.9999999999999972,5.776737632398255e-15,1.0,0.0
vicsek,rho_2,2,200,0,920013,13,3000,0.018945594484427213,1.0,2250,1.0000000000000002,4.791787472502346e-16,1.0,0.0
vicsek,rho_2,2,200,0,920014,14,3000,0.09781453550690966,1.0,2250,0.9999999999999997,7.546405118836209e-16,1.0,0.0
vicsek,rho_2,2,200,0,920015,15,3000,0.06735578354236636,0.97,2250,1.0,4.2007019944905753e-16,1.0,0.0
vicsek,rho_2,2,200,0,920016,16,3000,0.051086873733503235,1.0,2250,1.0000000000000016,0.0,1.0,0.0
vicsek,rho_2,2,200,0,920017,17,3000,0.0785800554006651,0.995,2250,1.0000000000000004,0.0,1.0,0.0
vicsek,rho_2,2,200,0,920018,18,3000,0.11263962089817832,0.99,2250,1.0,4.573213708577045e-16,1.0,0.0
vicsek,rho_2,2,200,0,920019,19,3000,0.05163132509314739,0.995,2250,1.0,4.079778751095861e-16,1.0,0.0
vicsek,rho_2,2,200,0.5,921000,0,3000,0.02513873896528886,1.0,2250,0.9773620686978779,0.016068169998424694,0.9885885486018641,0.01714098589620727
vicsek,rho_2,2,200,0.5,921001,1,3000,0.05339748350348094,1.0,2250,0.9796482253435184,0.004545858158770214,0.9995206391478029,0.0014720792894291582
vicsek,rho_2,2,200,0.5,921002,2,3000,0.06369073818907994,0.99,2250,0.982605231453411,0.0038523315017617416,0.997017310252996,0.0045749818953911975
vicsek,rho_2,2,200,0.5,921003,3,3000,0.04657095010379984,1.0,2250,0.9843852838667317,0.0028461628693819624,1.0,0.0
vicsek,rho_2,2,200,0.5,921004,4,3000,0.03318540364500778,0.995,2250,0.9787087959217623,0.010983026879790416,0.9979227696404794,0.005181078017777323
vicsek,rho_2,2,200,0.5,921005,5,3000,0.07961736126410739,1.0,2250,0.980462650135202,0.008194580501630626,0.9965645805592542,0.013939980620893537
vicsek,rho_2,2,200,0.5,921006,6,3000,0.035592537144065683,1.0,2250,0.9840405098269494,0.0028555077088586673,0.9987083888149134,0.00218856036516978
vicsek,rho_2,2,200,0.5,921007,7,3000,0.12780518734952867,0.98,2250,0.9835725143164519,0.003658630569101766,0.9996870838881491,0.001211059068005548
vicsek,rho_2,2,200,0.5,921008,8,3000,0.029523517179069755,0.99,2250,0.9845591671724307,0.0028395976809404673,0.9927896138482024,0.012908092559037194
vicsek,rho_2,2,200,0.5,921009,9,3000,0.04369319578040622,1.0,2250,0.9850715935467439,0.002591486930924479,0.9993675099866844,0.0016620488710125101
vicsek,rho_2,2,200,0.5,921010,10,3000,0.07787176994750165,1.0,2250,0.9820420631658315,0.007004583588675309,1.0,0.0
vicsek,rho_2,2,200,0.5,921011,11,3000,0.055046489731425806,0.995,2250,0.9849743895599175,0.002995548845508573,0.9988149134487351,0.0032320945807108887
vicsek,rho_2,2,200,0.5,921012,12,3000,0.016656313903365857,0.95,2250,0.9773559149533434,0.009355624730550611,0.9834354194407458,0.027659153736330287
vicsek,rho_2,2,200,0.5,921013,13,3000,0.02810118095487428,1.0,2250,0.985624762926575,0.002710880085108949,0.9962383488681757,0.005479453882489416
vicsek,rho_2,2,200,0.5,921014,14,3000,0.03954179687955467,1.0,2250,0.982230396935262,0.008723255794922394,0.997503328894807,0.006557513826664914
vicsek,rho_2,2,200,0.5,921015,15,3000,0.11892485116873512,1.0,2250,0.9744571836573445,0.012918803281761017,1.0,0.0
vicsek,rho_2,2,200,0.5,921016,16,3000,0.014496436905936765,0.96,2250,0.98694731858463,0.0017575506038746212,1.0,0.0
vicsek,rho_2,2,200,0.5,921017,17,3000,0.028129214651840182,1.0,2250,0.9763943386995904,0.008266477948733012,0.9999667110519308,0.00040661601823175725
vicsek,rho_2,2,200,0.5,921018,18,3000,0.06877819604469546,0.985,2250,0.9824228548573932,0.00411778267835086,0.9949001331557922,0.005097910852055503
vicsek,rho_2,2,200,0.5,921019,19,3000,0.07458538178114904,1.0,2250,0.9863271689486046,0.0019125227977369545,0.9968042609853529,0.006141932706401892
vicsek,rho_2,2,200,1,922000,0,3000,0.027145714428160262,1.0,2250,0.9225362661633093,0.03005350578077884,0.9793608521970706,0.04266728195553935
vicsek,rho_2,2,200,1,922001,1,3000,0.03844567025740771,0.99,2250,0.9223472791298207,0.02971939452092566,0.96465379494008,0.05534193415495353
vicsek,rho_2,2,200,1,922002,2,3000,0.03961779736079603,0.94,2250,0.9363126773290661,0.013112905614426025,0.9986617842876165,0.0029146978677944374
vicsek,rho_2,2,200,1,922003,3,3000,0.0837324977187936,1.0,2250,0.932267888107292,0.015571812914322792,0.9875299600532623,0.027838058323276096
vicsek,rho_2,2,200,1,922004,4,3000,0.11918798537373837,1.0,2250,0.918041866957398,0.021026488680329997,0.9913448735019973,0.02319206203342343
vicsek,rho_2,2,200,1,922005,5,3000,0.05414794846086909,1.0,2250,0.9242998416260728,0.02458567581332591,0.9889480692410121,0.017985012798254978
vicsek,rho_2,2,200,1,922006,6,3000,0.02154442301470284,0.97,2250,0.9323798298266449,0.02414267728581983,0.9910252996005326,0.02729384705315172
vicsek,rho_2,2,200,1,922007,7,3000,0.10264525449102699,0.99,2250,0.9313303840915799,0.015495508058983162,0.9923035952063916,0.01254630731679806
vicsek,rho_2,2,200,1,922008,8,3000,0.04680953580863747,0.995,2250,0.9148129091812099,0.023357206419354966,0.9820639147802929,0.033681181888944256
vicsek,rho_2,2,200,1,922009,9,3000,0.0457141275767499,0.99,2250,0.9153234801046409,0.029030730196564266,0.9992077230359521,0.0032440861294723267
vicsek,rho_2,2,200,1,922010,10,3000,0.05730265418466478,1.0,2250,0.9256034519633805,0.03206488994106218,0.9692676431424766,0.04415574668169243
vicsek,rho_2,2,200,1,922011,11,3000,0.08758933647323562,1.0,2250,0.9393448659315853,0.009981242331301087,0.9886884154460719,0.009807269866254076
vicsek,rho_2,2,200,1,922012,12,3000,0.10623772085414236,1.0,2250,0.9454499728769202,0.007848769273660128,0.9925499334221038,0.01491618293368471
vicsek,rho_2,2,200,1,922013,13,3000,0.08293781249173303,0.985,2250,0.9386237678747246,0.015921345139936302,0.9873768308921438,0.02813161848404724
vicsek,rho_2,2,200,1,922014,14,3000,0.06593935017172997,1.0,2250,0.9395416555540053,0.00910277781835202,0.9927163781624501,0.007095373537075296
vicsek,rho_2,2,200,1,922015,15,3000,0.10502396917855367,1.0,2250,0.9316307898033619,0.016085256269786748,0.9765246338215713,0.026538650914767706
vicsek,rho_2,2,200,1,922016,16,3000,0.11163815691940053,1.0,2250,0.9300628711440733,0.018454050563835332,0.9829893475366178,0.023793494472259757
vicsek,rho_2,2,200,1,922017,17,3000,0.06837976625548949,0.99,2250,0.9176500452110049,0.03278516992179797,0.9404527296937416,0.07373113130088464
vicsek,rho_2,2,200,1,922018,18,3000,0.07495821114682699,1.0,2250,0.9373910977727758,0.014660168187377644,0.9923102529960054,0.00973118800776749
vicsek,rho_2,2,200,1,922019,19,3000,0.030536497269101005,0.995,2250,0.9375170984454011,0.012345474612041885,0.9798868175765646,0.01418516410964595
vicsek,rho_2,2,200,1.5,923000,0,3000,0.015579645178740442,0.985,2250,0.8533964880157805,0.032421197405209,0.9873501997336884,0.04674814090837055
vicsek,rho_2,2,200,1.5,923001,1,3000,0.07221785543354141,1.0,2250,0.8235999693341295,0.059255986079548864,0.9597603195739014,0.07567544810199114
vicsek,rho_2,2,200,1.5,923002,2,3000,0.04323701238367168,0.995,2250,0.8684865264286956,0.02795396204097103,0.9762649800266311,0.018292572291276007
vicsek,rho_2,2,200,1.5,923003,3,3000,0.0122545574497157,1.0,2250,0.8157385311191391,0.07950182124507336,0.9828628495339548,0.029119224903672743
vicsek,rho_2,2,200,1.5,923004,4,3000,0.018622632530712172,1.0,2250,0.864021994116102,0.03629445103733963,0.9596271637816244,0.07447549043976467
vicsek,rho_2,2,200,1.5,923005,5,3000,0.12106933336698136,1.0,2250,0.8716662685900344,0.025602417088189486,0.9838814913448735,0.015343837823722953
vicsek,rho_2,2,200,1.5,923006,6,3000,0.02759032065139725,1.0,2250,0.8225268540212405,0.10566008612379398,0.9793342210386152,0.051051749293090476
vicsek,rho_2,2,200,1.5,923007,7,3000,0.03447817993069132,0.965,2250,0.8478915528618608,0.049810702082276795,0.9790812250332889,0.034225617158362504
vicsek,rho_2,2,200,1.5,923008,8,3000,0.017109619943618384,0.96,2250,0.8353937572813468,0.06851804535397064,0.9702996005326232,0.0776237261582434
vicsek,rho_2,2,200,1.5,923009,9,3000,0.09436032742865073,1.0,2250,0.874477571226292,0.01913318872883867,0.9910319573901465,0.008489457158914504
vicsek,rho_2,2,200,1.5,923010,10,3000,0.1437998318837818,0.99,2250,0.8844308410620413,0.01937109391339358,0.9841411451398137,0.016568907022302
vicsek,rho_2,2,200,1.5,923011,11,3000,0.0953904137066273,0.995,2250,0.811098167071576,0.0503604459949097,0.9405992010652463,0.12693131371530114
vicsek,rho_2,2,200,1.5,923012,12,3000,0.02177917765865912,1.0,2250,0.8358753142908129,0.041355033868208387,0.91991344873502,0.0753736310205327
vicsek,rho_2,2,200,1.5,923013,13,3000,0.041009350070078325,1.0,2250,0.8438014054227262,0.06718513026075028,0.9873169107856192,0.03302076527063869
vicsek,rho_2,2,200,1.5,923014,14,3000,0.08913732784880678,1.0,2250,0.8545821653542389,0.030915482120958137,0.947849533954727,0.0428907508417858
vicsek,rho_2,2,200,1.5,923015,15,3000,0.06790562063932916,1.0,2250,0.8305031489061163,0.05609711642981184,0.988468708388815,0.012587325576783518
vicsek,rho_2,2,200,1.5,923016,16,3000,0.10294877259539652,1.0,2250,0.8236394966139754,0.05683369697955087,0.938768308921438,0.11288278972182872
vicsek,rho_2,2,200,1.5,923017,17,3000,0.08528303054569537,0.995,2250,0.8460076945596933,0.036651355010355886,0.9848934753661784,0.03088015315528514
vicsek,rho_2,2,200,1.5,923018,18,3000,0.10064647678801161,0.985,2250,0.8687444328876927,0.024201197666112857,0.9765645805592543,0.03337808704620466
vicsek,rho_2,2,200,1.5,923019,19,3000,0.1018761365936377,1.0,2250,0.8344999332064617,0.04566561269513471,0.9516378162450065,0.08750602403473925
vicsek,rho_2,2,200,2,924000,0,3000,0.11605526078897474,1.0,2250,0.7416997829251264,0.06693059011644736,0.9275898801597869,0.10650036216494257
vicsek,rho_2,2,200,2,924001,1,3000,0.05233934631441528,1.0,2250,0.7419069536493669,0.06494865372751166,0.9766977363515313,0.032960057054779564
vicsek,rho_2,2,200,2,924002,2,3000,0.02637868974848517,0.995,2250,0.7692396711964308,0.04293330712752222,0.9526031957390146,0.05712119188494896
vicsek,rho_2,2,200,2,924003,3,3000,0.017518782994188048,0.99,2250,0.7276353017272158,0.09359047431471776,0.9681557922769641,0.03678437498106765
vicsek,rho_2,2,200,2,924004,4,3000,0.010602575491336488,1.0,2250,0.7096530229615865,0.08776907136093309,0.9345406125166446,0.11328244112160113
vicsek,rho_2,2,200,2,924005,5,3000,0.025858540644908348,1.0,2250,0.7671616783863541,0.06543077705260467,0.9781291611185086,0.016880423481046732
vicsek,rho_2,2,200,2,924006,6,3000,0.11744682090924062,0.97,2250,0.7011513837285422,0.11005942347586134,0.9306058588548601,0.10340764763872391
vicsek,rho_2,2,200,2,924007,7,3000,0.08416003497863857,0.995,2250,0.6693250559594915,0.179447632089467,0.9480426098535286,0.1175208434723205
vicsek,rho_2,2,200,2,924008,8,3000,0.07698220530927145,1.0,2250,0.7393285218709467,0.04815676389660602,0.977583222370173,0.023050877225852175
vicsek,rho_2,2,200,2,924009,9,3000,0.149879815249111,1.0,2250,0.7804704268554333,0.032612985563539934,0.9632556591211717,0.0354937573222838
vicsek,rho_2,2,200,2,924010,10,3000,0.022566554462511528,0.985,2250,0.7656333775794626,0.04380153856120055,0.980439414114514,0.03716850809217238
vicsek,rho_2,2,200,2,924011,11,3000,0.04144333532441972,0.91,2250,0.7713425655101824,0.04292029679066878,0.9889747003994674,0.024154422181639563
vicsek,rho_2,2,200,2,924012,12,3000,0.07867393365049118,1.0,2250,0.7383927980685767,0.07377337539211157,0.9855925432756324,0.045475902198293915
vicsek,rho_2,2,200,2,924013,13,3000,0.09663200682987412,1.0,2250,0.7535266339606693,0.04618101015676121,0.9222769640479361,0.09409465155205742
vicsek,rho_2,2,200,2,924014,14,3000,0.046997254576367636,1.0,2250,0.7382351904492225,0.07308564581281474,0.973109187749667,0.04822432941516809
vicsek,rho_2,2,200,2,924015,15,3000,0.026871059065827665,0.995,2250,0.6863257927548118,0.10679170164604052,0.9279893475366178,0.11815894593456688
vicsek,rho_2,2,200,2,924016,16,3000,0.16948343864182497,1.0,2250,0.7845243371353604,0.044939285386276354,0.9865512649800267,0.01469475373553074
vicsek,rho_2,2,200,2,924017,17,3000,0.10072376290966543,0.995,2250,0.5805664284289502,0.18256699093465134,0.8914181091877498,0.1301267676181668
vicsek,rho_2,2,200,2,924018,18,3000,0.006269528476155897,0.98,2250,0.7914015121591367,0.03201210440285966,0.965126498002663,0.03773484797792494
vicsek,rho_2,2,200,2,924019,19,3000,0.044725029790343956,1.0,2250,0.7978675605267266,0.036332235736310635,0.9698801597869507,0.035597229323741805
vicsek,rho_2,2,200,2.5,925000,0,3000,0.04166011526223329,1.0,2250,0.5818571218595912,0.11218762153544073,0.9343675099866845,0.09990691118130507
vicsek,rho_2,2,200,2.5,925001,1,3000,0.07543221395656846,0.995,2250,0.5979307295856371,0.09249552005134368,0.9316977363515313,0.09546131867786782
vicsek,rho_2,2,200,2.5,925002,2,3000,0.11702084556415146,1.0,2250,0.5898773289911473,0.11555997207808988,0.8909187749667111,0.15187889406502167
vicsek,rho_2,2,200,2.5,925003,3,3000,0.07921707569308926,1.0,2250,0.6424891731203687,0.0824037452327198,0.9422503328894807,0.05113943938105655
vicsek,rho_2,2,200,2.5,925004,4,3000,0.01758870909062515,0.96,2250,0.6702516394690817,0.04560702486952999,0.9566378162450065,0.05869855155582506
vicsek,rho_2,2,200,2.5,925005,5,3000,0.09088959079844777,1.0,2250,0.5735755679254297,0.15031727787895885,0.9704194407456724,0.05641878879045563
vicsek,rho_2,2,200,2.5,925006,6,3000,0.018917855506623248,1.0,2250,0.6432106754284032,0.05702564802713256,0.9859387483355525,0.026397382713930558
vicsek,rho_2,2,200,2.5,925007,7,3000,0.06702097489452963,0.99,2250,0.6525411896714353,0.07203230164715566,0.9581824234354195,0.036089547010843256
vicsek,rho_2,2,200,2.5,925008,8,3000,0.05277200346303045,1.0,2250,0.5842380543932779,0.1368653918766146,0.9222636484687083,0.09694845911705198
vicsek,rho_2,2,200,2.5,925009,9,3000,0.058569638247669316,1.0,2250,0.5818075242330127,0.10622233857913907,0.9327163781624501,0.08727917608815194
vicsek,rho_2,2,200,2.5,925010,10,3000,0.028036665919630027,1.0,2250,0.5982915274834416,0.09739201126042049,0.9667243675099867,0.04927830614807756
vicsek,rho_2,2,200,2.5,925011,11,3000,0.09808504964798706,1.0,2250,0.4980431378292473,0.2066927818650009,0.940352862849534,0.143008764228857
vicsek,rho_2,2,200,2.5,925012,12,3000,0.12246501231993401,0.995,2250,0.6741770692615199,0.06207361168513577,0.9636484687083888,0.04447209504848349
vicsek,rho_2,2,200,2.5,925013,13,3000,0.061259372071479364,0.955,2250,0.6830144112813554,0.05242139983076673,0.9819107856191743,0.042953277540214746
vicsek,rho_2,2,200,2.5,925014,14,3000,0.07725488689061218,0.995,2250,0.7089647070464254,0.0332888046551258,0.9762849533954726,0.01823376172221285
vicsek,rho_2,2,200,2.5,925015,15,3000,0.05079292724762673,1.0,2250,0.6163155990270551,0.0998447121327188,0.9642276964047936,0.043129910344577166
vicsek,rho_2,2,200,2.5,925016,16,3000,0.06572618889646692,0.985,2250,0.649566431741124,0.0812713360439898,0.9718708388814914,0.044914424792295585
vicsek,rho_2,2,200,2.5,925017,17,3000,0.0674782518933144,0.995,2250,0.5832395422895358,0.07649272632409121,0.973242343541944,0.04580657378257212
vicsek,rho_2,2,200,2.5,925018,18,3000,0.07840648102570762,1.0,2250,0.6407679391365615,0.08178234234335889,0.9375432756324901,0.05656727542661338
vicsek,rho_2,2,200,2.5,925019,19,3000,0.10040914504971674,1.0,2250,0.6567618615199358,0.06223583059705111,0.9754460719041278,0.030068177433247915
vicsek,rho_2,2,200,3,926000,0,3000,0.045931234812826564,0.995,2250,0.47892108139227474,0.0792202132619787,0.8864047936085221,0.09347338778867004
vicsek,rho_2,2,200,3,926001,1,3000,0.03684869255051484,1.0,2250,0.3421283623295799,0.1592610966816424,0.9217776298268975,0.11383493003985441
vicsek,rho_2,2,200,3,926002,2,3000,0.055299070785798675,1.0,2250,0.5144053653342697,0.10242698294493288,0.9392876165113182,0.05366642388906387
vicsek,rho_2,2,200,3,926003,3,3000,0.13237099637345212,0.99,2250,0.48608591759326714,0.10100535880064002,0.8204327563249001,0.13271709524059214
vicsek,rho_2,2,200,3,926004,4,3000,0.019541945724426114,1.0,2250,0.4485209924357957,0.16728362810110897,0.9697536617842876,0.02141714992303341
vicsek,rho_2,2,200,3,926005,5,3000,0.059458813707850104,1.0,2250,0.544182949242469,0.07506245086942433,0.9094806924101199,0.0687616105198113
vicsek,rho_2,2,200,3,926006,6,3000,0.05817534298011961,1.0,2250,0.4913404885512422,0.1353664571782406,0.9793941411451398,0.010503270318249172
vicsek,rho_2,2,200,3,926007,7,3000,0.05622827351549767,0.995,2250,0.5280805453968389,0.06049329767369993,0.9538814913448735,0.03892121258714737
vicsek,rho_2,2,200,3,926008,8,3000,0.09260261941390593,0.99,2250,0.37360879074183867,0.15248789557393078,0.9205459387483356,0.10953403404421344
vicsek,rho_2,2,200,3,926009,9,3000,0.1354029462944203,0.98,2250,0.4658161367844467,0.11282477485995761,0.8801264980026632,0.10147161503941902
vicsek,rho_2,2,200,3,926010,10,3000,0.0709122632609633,0.985,2250,0.49998549125245406,0.061000208980210524,0.9178162450066577,0.05542378365546967
vicsek,rho_2,2,200,3,926011,11,3000,0.08789176165929198,1.0,2250,0.4057298977969614,0.15337649681070353,0.888075898801598,0.14355295062164866
vicsek,rho_2,2,200,3,926012,12,3000,0.14119318050322877,1.0,2250,0.46580456189377767,0.134467184126296,0.9522569906790945,0.07811953864414851
vicsek,rho_2,2,200,3,926013,13,3000,0.10387175416789565,1.0,2250,0.5097569834181379,0.07665312851856823,0.9585086551264981,0.031187754385721186
vicsek,rho_2,2,200,3,926014,14,3000,0.13704085912240946,1.0,2250,0.42211716501416535,0.11983822111779792,0.9197869507323568,0.1629832399384115
vicsek,rho_2,2,200,3,926015,15,3000,0.0793112043596561,1.0,2250,0.5322665396104774,0.07111913431577671,0.9563049267643142,0.035169764655170715
vicsek,rho_2,2,200,3,926016,16,3000,0.06089173929539048,0.995,2250,0.4100653810555878,0.15756077836144725,0.9666577896138483,0.03744611844849255
vicsek,rho_2,2,200,3,926017,17,3000,0.08332915989055327,0.985,2250,0.4353472441116058,0.10049068918335968,0.90728362183755,0.1298409279181566
vicsek,rho_2,2,200,3,926018,18,3000,0.021409372695323645,0.975,2250,0.5048308109511193,0.0709451818781096,0.92237017310253,0.05314955273467
vicsek,rho_2,2,200,3,926019,19,3000,0.045126032551128556,1.0,2250,0.34767743738615975,0.16449604665391396,0.8619374167776297,0.18461337604112094
vicsek,rho_2,2,200,3.5,927000,0,3000,0.10492479762045616,0.995,2250,0.44025029985752245,0.06152091203290146,0.9475765645805593,0.036017441912027943
vicsek,rho_2,2,200,3.5,927001,1,3000,0.0437179112932225,1.0,2250,0.3780414256626753,0.1305262759404979,0.9457123834886818,0.07520184888469944
vicsek,rho_2,2,200,3.5,927002,2,3000,0.04515746361410778,1.0,2250,0.33421814428006147,0.09762479492376586,0.9566511318242342,0.036535239114054034
vicsek,rho_2,2,200,3.5,927003,3,3000,0.06797850851043755,0.99,2250,0.3801976952492855,0.08794830526413391,0.9267709720372836,0.07894354543026565
vicsek,rho_2,2,200,3.5,927004,4,3000,0.0942052313492184,0.995,2250,0.263977653660271,0.11971805654642184,0.9495539280958721,0.032185703790836594
vicsek,rho_2,2,200,3.5,927005,5,3000,0.07158406261145936,0.99,2250,0.31067487835939145,0.10771007278832269,0.9148668442077231,0.09103039895834253
vicsek,rho_2,2,200,3.5,927006,6,3000,0.04752688500404289,1.0,2250,0.34199311632019525,0.10888118837632704,0.9393808255659122,0.03541060430607056
vicsek,rho_2,2,200,3.5,927007,7,3000,0.08650555065716237,1.0,2250,0.3926552783149272,0.10606557684552062,0.9197137150466046,0.10542642753511224
vicsek,rho_2,2,200,3.5,927008,8,3000,0.061972780692541536,0.96,2250,0.2671016562054163,0.10365333291144452,0.9282290279627164,0.09627547724919952
vicsek,rho_2,2,200,3.5,927009,9,3000,0.06482004009931776,0.99,2250,0.3042781120006312,0.11202637951794249,0.8940745672436752,0.09260278288716746
vicsek,rho_2,2,200,3.5,927010,10,3000,0.02584044122210695,1.0,2250,0.33239364835593493,0.10767375776042128,0.9465046604527297,0.03297599768044215
vicsek,rho_2,2,200,3.5,927011,11,3000,0.08226612529336944,1.0,2250,0.29565174192470295,0.09660716076638587,0.8543275632490014,0.12138122873410997
vicsek,rho_2,2,200,3.5,927012,12,3000,0.07388786927937856,1.0,2250,0.33598465910788494,0.12013111907818837,0.9291278295605858,0.06529920614157024
vicsek,rho_2,2,200,3.5,927013,13,3000,0.06847433830477266,0.99,2250,0.3280822533407622,0.11341603772912771,0.7989214380825566,0.20332956320081422
vicsek,rho_2,2,200,3.5,927014,14,3000,0.07800218409379933,1.0,2250,0.3196378288638668,0.09772227454688805,0.8574034620505991,0.12866432938124198
vicsek,rho_2,2,200,3.5,927015,15,3000,0.03037687568029814,1.0,2250,0.31172378128724826,0.1269624214466141,0.9586551264980028,0.048322618614106
vicsek,rho_2,2,200,3.5,927016,16,3000,0.08009185481670723,0.995,2250,0.2958576873069659,0.1038513030208464,0.8701398135818909,0.13996913450690612
vicsek,rho_2,2,200,3.5,927017,17,3000,0.11630628555630212,1.0,2250,0.4193941739429378,0.058643832484824326,0.9111451398135819,0.04157782204452038
vicsek,rho_2,2,200,3.5,927018,18,3000,0.07810236525457974,1.0,2250,0.3127053589065103,0.09421324832525928,0.8032157123834888,0.1112665197692598
vicsek,rho_2,2,200,3.5,927019,19,3000,0.03677254356935723,1.0,2250,0.35835597326330254,0.08737432544359379,0.9510719041278296,0.05642550581041799
vicsek,rho_2,2,200,4,928000,0,3000,0.032429863830564475,1.0,2250,0.1916964960993792,0.08348863234900201,0.9489347536617843,0.08883772218336607
vicsek,rho_2,2,200,4,928001,1,3000,0.0507092117415989,1.0,2250,0.2027408084663293,0.08436416896915688,0.8578362183754994,0.1352615400899688
vicsek,rho_2,2,200,4,928002,2,3000,0.005524612397430617,1.0,2250,0.17787596071147144,0.08255596361731744,0.9185685752330227,0.0663975660357118
vicsek,rho_2,2,200,4,928003,3,3000,0.07629139082648285,1.0,2250,0.2807958116621231,0.059553638307093405,0.889081225033289,0.07452482446193694
vicsek,rho_2,2,200,4,928004,4,3000,0.05373551946337152,1.0,2250,0.1815502611383475,0.07457382294374329,0.9058588548601864,0.07658638316331992
vicsek,rho_2,2,200,4,928005,5,3000,0.05726040587074031,1.0,2250,0.19680488450858122,0.08914291391152505,0.9008388814913448,0.12884084001901283
vicsek,rho_2,2,200,4,928006,6,3000,0.034178725035575494,0.995,2250,0.15824383852370943,0.07485502789814857,0.9111251664447403,0.10448353889141213
vicsek,rho_2,2,200,4,928007,7,3000,0.16246701722276832,1.0,2250,0.21219567449864346,0.07657883352790056,0.8357256990679095,0.12857810681685733
vicsek,rho_2,2,200,4,928008,8,3000,0.03230299214462228,0.97,2250,0.1892896069251487,0.08363326501237756,0.9705858854860187,0.022090848928301463
vicsek,rho_2,2,200,4,928009,9,3000,0.10558388210984948,0.995,2250,0.21694935671564958,0.0722066673062146,0.9026897470039946,0.10064152882865642
vicsek,rho_2,2,200,4,928010,10,3000,0.07269504820249378,1.0,2250,0.22763069721943524,0.06922830149838129,0.889866844207723,0.09442084084378212
vicsek,rho_2,2,200,4,928011,11,3000,0.011131408082848772,1.0,2250,0.18524741880391535,0.07729916885418457,0.8665179760319573,0.14071635022793003
vicsek,rho_2,2,200,4,928012,12,3000,0.021364968367441096,1.0,2250,0.14701431518338742,0.07505922200017902,0.9487949400798934,0.08083316497751832
vicsek,rho_2,2,200,4,928013,13,3000,0.04660355803386323,0.99,2250,0.16544344978549186,0.07695580493732976,0.9755059920106525,0.021867161080860207
vicsek,rho_2,2,200,4,928014,14,3000,0.03888297249513302,1.0,2250,0.184623201300686,0.0819711370950896,0.9025166444740346,0.08099656863360452
vicsek,rho_2,2,200,4,928015,15,3000,0.045565355566263774,1.0,2250,0.18314670798491253,0.08286033490826733,0.8873035952063915,0.11253740186252138
vicsek,rho_2,2,200,4,928016,16,3000,0.06061529407226961,1.0,2250,0.1926400773747282,0.07297316170154382,0.907809587217044,0.1157860979018621
vicsek,rho_2,2,200,4,928017,17,3000,0.03883519027938906,0.995,2250,0.20456209147029542,0.08841715606572603,0.9233488681757656,0.07277779870769392
vicsek,rho_2,2,200,4,928018,18,3000,0.09521834278514502,1.0,2250,0.18581891445383347,0.0764072511944417,0.9062250332889481,0.08785900647708256
vicsek,rho_2,2,200,4,928019,19,3000,0.030034043000588335,1.0,2250,0.18460379928910992,0.08163086348530126,0.8677363515312916,0.16319607364211103
vicsek,rho_2,2,200,4.5,929000,0,3000,0.03496693563136474,1.0,2250,0.11088612369046198,0.05526460933154601,0.9862716378162449,0.014154398086827323
vicsek,rho_2,2,200,4.5,929001,1,3000,0.11447350532296706,0.975,2250,0.15054495865841433,0.05761720065709877,0.8991011984021305,0.08568023658526418
vicsek,rho_2,2,200,4.5,929002,2,3000,0.03971893578407576,1.0,2250,0.10881253101970557,0.05424467604285413,0.9618109187749666,0.03222728765908756
vicsek,rho_2,2,200,4.5,929003,3,3000,0.07335009412361072,0.98,2250,0.10220867812996264,0.050184262672287094,0.9540679094540613,0.06757791317946174
vicsek,rho_2,2,200,4.5,929004,4,3000,0.057274749807954356,1.0,2250,0.10439734538766224,0.05244927645913953,0.916890812250333,0.06698535172467533
vicsek,rho_2,2,200,4.5,929005,5,3000,0.006803699128593403,0.995,2250,0.10246206120119705,0.05102624037633559,0.9751597869507324,0.03544055666434963
vicsek,rho_2,2,200,4.5,929006,6,3000,0.04394396233542366,1.0,2250,0.09346168816681136,0.050768967071459274,0.9525366178428762,0.04232652766394827
vicsek,rho_2,2,200,4.5,929007,7,3000,0.11319820239945107,1.0,2250,0.10433984254966801,0.05223913049431156,0.983595206391478,0.0463399834365976
vicsek,rho_2,2,200,4.5,929008,8,3000,0.036390874805631794,0.955,2250,0.10477079616213435,0.051311409630683,0.901444740346205,0.10832342616484687
vicsek,rho_2,2,200,4.5,929009,9,3000,0.06859168888236022,0.995,2250,0.10511957150670144,0.052494939811787864,0.9451464713715046,0.10660624744766299
vicsek,rho_2,2,200,4.5,929010,10,3000,0.052868506691172844,0.975,2250,0.1138224084885077,0.05335168450045126,0.9657123834886817,0.03823492235371846
vicsek,rho_2,2,200,4.5,929011,11,3000,0.09391650283047928,0.985,2250,0.10687063115440386,0.05451708120704619,0.9469374167776298,0.048972886579801686
vicsek,rho_2,2,200,4.5,929012,12,3000,0.02077503805769825,0.995,2250,0.12684090860310548,0.061982277160845624,0.9491411451398135,0.08399615613720549
vicsek,rho_2,2,200,4.5,929013,13,3000,0.13064784989076475,1.0,2250,0.09634094067949302,0.04987751763504973,0.9471171770972037,0.05084418756693309
vicsek,rho_2,2,200,4.5,929014,14,3000,0.045993404061873314,1.0,2250,0.10803486158676644,0.05372430783608861,0.984034620505992,0.014084352115844561
vicsek,rho_2,2,200,4.5,929015,15,3000,0.036078886665602876,0.995,2250,0.10935938206415584,0.052423120908024486,0.9709920106524634,0.027839083736852333
vicsek,rho_2,2,200,4.5,929016,16,3000,0.06454246852624883,1.0,2250,0.1398387477666806,0.05864629343155923,0.9510918774966711,0.05404237944030172
vicsek,rho_2,2,200,4.5,929017,17,3000,0.040642521553864296,1.0,2250,0.1255345335368201,0.05777377249405308,0.9608455392809587,0.028927525089409042
vicsek,rho_2,2,200,4.5,929018,18,3000,0.09036878707410091,0.975,2250,0.11526878819279532,0.05203687436879636,0.916930758988016,0.07908641466550145
vicsek,rho_2,2,200,4.5,929019,19,3000,0.13071703813134095,0.965,2250,0.10710808617624347,0.0530376572460269,0.9513249001331558,0.06909156321153831
vicsek,rho_2,2,200,5,930000,0,3000,0.039463554583359324,1.0,2250,0.07219011214060052,0.03802063629178786,0.991051930758988,0.01096046488733351
vicsek,rho_2,2,200,5,930001,1,3000,0.035057262590382485,0.99,2250,0.07578579700150143,0.040672527176055906,0.9910585885486018,0.010888211909845005
vicsek,rho_2,2,200,5,930002,2,3000,0.12063580365467784,0.995,2250,0.07762824471378404,0.039928758971074035,0.9930559254327563,0.012061849659959835
vicsek,rho_2,2,200,5,930003,3,3000,0.07831639996911671,1.0,2250,0.07525031756091201,0.0392101225466898,0.9877762982689747,0.0207735369567949
vicsek,rho_2,2,200,5,930004,4,3000,0.03445337930934877,1.0,2250,0.07532589827481925,0.039726675120679976,0.9936551264980027,0.01209107019165265
vicsek,rho_2,2,200,5,930005,5,3000,0.03269257386269552,1.0,2250,0.07771220593589698,0.039282494586020206,0.9900665778961384,0.014249847388871088
vicsek,rho_2,2,200,5,930006,6,3000,0.024519390335029815,1.0,2250,0.07459514416691719,0.0387590475900475,0.9821770972037284,0.019685119325657773
vicsek,rho_2,2,200,5,930007,7,3000,0.06243469015291838,1.0,2250,0.07837460533826142,0.03971695278776376,0.9865512649800267,0.01995893841784517
vicsek,rho_2,2,200,5,930008,8,3000,0.050929917945722804,1.0,2250,0.07606106899970481,0.03952275960300495,0.9873235685752331,0.012557212495908536
vicsek,rho_2,2,200,5,930009,9,3000,0.02239703074682156,0.995,2250,0.07503818756308475,0.03834952797943534,0.9594474034620506,0.04289142879058011
vicsek,rho_2,2,200,5,930010,10,3000,0.04067904356261127,0.99,2250,0.0776179797179165,0.03723053695510623,0.981664447403462,0.02397344960464183
vicsek,rho_2,2,200,5,930011,11,3000,0.09320464800635031,1.0,2250,0.07715131489867298,0.03958752187706499,0.97271637816245,0.02473854194278358
vicsek,rho_2,2,200,5,930012,12,3000,0.03957955282134127,0.995,2250,0.07644930848513867,0.04025247061194473,0.9313914780292943,0.07728086070972856
vicsek,rho_2,2,200,5,930013,13,3000,0.0743784848960461,0.99,2250,0.07785835478893308,0.04028493699354577,0.9345805592543276,0.06353273662757622
vicsek,rho_2,2,200,5,930014,14,3000,0.011916239913537408,1.0,2250,0.07175030492591065,0.03695151145373014,0.991358189081225,0.025986902548094142
vicsek,rho_2,2,200,5,930015,15,3000,0.09487686250941815,1.0,2250,0.07666742986612636,0.04051500645121581,0.9880426098535287,0.016409483653502026
vicsek,rho_2,2,200,5,930016,16,3000,0.08696488241032686,1.0,2250,0.07598891157401005,0.03842174724243414,0.9672503328894807,0.06506881471967714
vicsek,rho_2,2,200,5,930017,17,3000,0.039371443398302335,1.0,2250,0.07829350336961069,0.039640775773873226,0.988861517976032,0.026881938403747706
vicsek,rho_2,2,200,5,930018,18,3000,0.012365834080547335,0.995,2250,0.07692086284570525,0.04002350906205442,0.9681890812250333,0.06300230535449808
vicsek,rho_2,2,200,5,930019,19,3000,0.04141423327805617,0.95,2250,0.07385415824867542,0.03854633719310192,0.9913448735019973,0.018046827598467784
vicsek,rho_2,2,200,5.5,931000,0,3000,0.025999314927010533,1.0,2250,0.06682738967779625,0.03428904448775958,0.9796804260985353,0.032271387942137145
vicsek,rho_2,2,200,5.5,931001,1,3000,0.019304270723256804,1.0,2250,0.06496104517095012,0.03436479296171303,0.9936684420772304,0.013045982493626476
vicsek,rho_2,2,200,5.5,931002,2,3000,0.05237347567776843,1.0,2250,0.06560568227743183,0.033399194963754666,0.9897603195739014,0.01995523810917185
vicsek,rho_2,2,200,5.5,931003,3,3000,0.029518231345785743,1.0,2250,0.06575487264840124,0.034044407324376635,0.9880426098535287,0.015617457390554607
vicsek,rho_2,2,200,5.5,931004,4,3000,0.07196044657764597,0.985,2250,0.0653044206387519,0.03473752480555959,0.9917842876165114,0.014979304613462406
vicsek,rho_2,2,200,5.5,931005,5,3000,0.027105567885098575,0.99,2250,0.06751739609865715,0.034879064270674345,0.9815712383488682,0.024661380201302673
vicsek,rho_2,2,200,5.5,931006,6,3000,0.05986808952203618,1.0,2250,0.06723780634345446,0.03534752104547267,0.994474034620506,0.010513908338105157
vicsek,rho_2,2,200,5.5,931007,7,3000,0.1109231281160667,0.99,2250,0.06520539713788338,0.03416398724482544,0.993601864181092,0.009732231061013816
vicsek,rho_2,2,200,5.5,931008,8,3000,0.0889155653553542,0.98,2250,0.06533009623045712,0.03449717857779674,0.9963448735019973,0.005888633317461159
vicsek,rho_2,2,200,5.5,931009,9,3000,0.044722718929521524,1.0,2250,0.06641211929298903,0.03510936091631918,0.9697936085219706,0.05895836858998179
vicsek,rho_2,2,200,5.5,931010,10,3000,0.0377290817409382,1.0,2250,0.06662146917543693,0.033859903976200784,0.9913781624500666,0.009392222883037966
vicsek,rho_2,2,200,5.5,931011,11,3000,0.12845767089179377,1.0,2250,0.06763266955553808,0.0355688798727267,0.9858988015978695,0.020574903232770433
vicsek,rho_2,2,200,5.5,931012,12,3000,0.05706683249882213,1.0,2250,0.06551485985166561,0.03365145172225519,0.9868175765645806,0.01790803582165868
vicsek,rho_2,2,200,5.5,931013,13,3000,0.05665301846540939,1.0,2250,0.06689942134328364,0.03722270530195118,0.9907856191744342,0.014117939814881752
vicsek,rho_2,2,200,5.5,931014,14,3000,0.07409289595192399,0.995,2250,0.0681435186625004,0.0355712599166894,0.9973235685752331,0.0052589879738354555
vicsek,rho_2,2,200,5.5,931015,15,3000,0.015278259567066849,1.0,2250,0.06605698283723313,0.03517586023392406,0.9959587217043941,0.008357820067980044
vicsek,rho_2,2,200,5.5,931016,16,3000,0.11357345914091653,0.995,2250,0.06597459227807313,0.03328230634490246,0.988548601864181,0.028655350795334402
vicsek,rho_2,2,200,5.5,931017,17,3000,0.12818046307308556,1.0,2250,0.06463291718065714,0.03334756361729946,0.9956790945406125,0.007788282176451806
vicsek,rho_2,2,200,5.5,931018,18,3000,0.10667357088870398,1.0,2250,0.06972192571817871,0.03755539980113209,0.9933355525965379,0.010602328761205367
vicsek,rho_2,2,200,5.5,931019,19,3000,0.13272774080806055,1.0,2250,0.06961747725456499,0.03516596791555366,0.98228362183755,0.02361076365807438
vicsek,rho_2,2,200,6,932000,0,3000,0.013890890747697907,0.995,2250,0.06114662760741873,0.03323832104104369,0.9886351531291612,0.008567584525624207
vicsek,rho_2,2,200,6,932001,1,3000,0.07901808186094607,1.0,2250,0.06438451807733164,0.03361929786397813,0.9956790945406125,0.008949753344784069
vicsek,rho_2,2,200,6,932002,2,3000,0.10401731006347147,0.98,2250,0.06337849858255916,0.03381774885661524,0.9964047936085219,0.006673171312815638
vicsek,rho_2,2,200,6,932003,3,3000,0.07293576395192487,1.0,2250,0.06508169392259343,0.03382969930231569,0.9768375499334221,0.03247992683580878
vicsek,rho_2,2,200,6,932004,4,3000,0.004558397730426692,0.985,2250,0.06165420109503223,0.03226184821060075,0.9951664447403462,0.008341431925106993
vicsek,rho_2,2,200,6,932005,5,3000,0.02773814009033748,1.0,2250,0.0638794002030478,0.03208986215694617,0.9959054593874833,0.005819555583183948
vicsek,rho_2,2,200,6,932006,6,3000,0.0268608971073546,0.975,2250,0.0636863543049104,0.033898837250116894,0.9951131824234355,0.007114750856659768
vicsek,rho_2,2,200,6,932007,7,3000,0.05722066698447161,1.0,2250,0.06398448516114026,0.030747622374203847,0.9950266311584554,0.008799396796965918
vicsek,rho_2,2,200,6,932008,8,3000,0.03393466032683513,1.0,2250,0.0627668236767233,0.032319795444338106,0.9932223701731024,0.013772541826534337
vicsek,rho_2,2,200,6,932009,9,3000,0.025813701140775466,1.0,2250,0.06258794445958996,0.03259767774217201,0.9921171770972038,0.021414173548895563
vicsek,rho_2,2,200,6,932010,10,3000,0.11193855051024025,1.0,2250,0.06365762948849957,0.032946272044598865,0.9925099866844208,0.022531046049507824
vicsek,rho_2,2,200,6,932011,11,3000,0.028291849888951535,0.99,2250,0.06257145394838275,0.03196595249109466,0.9908988015978695,0.011638033344816938
vicsek,rho_2,2,200,6,932012,12,3000,0.08176103629057584,0.985,2250,0.06339387120644152,0.032229745976454095,0.987276964047936,0.01741084925389101
vicsek,rho_2,2,200,6,932013,13,3000,0.006705138829004077,0.995,2250,0.06285709184824649,0.0333608980491649,0.9878428761651132,0.01252190939500771
vicsek,rho_2,2,200,6,932014,14,3000,0.04995826399903319,1.0,2250,0.06405960490518085,0.0344042539009269,0.9952130492676431,0.008338375829516834
vicsek,rho_2,2,200,6,932015,15,3000,0.08029211809578982,0.995,2250,0.06279921096810127,0.034042852441472184,0.9970838881491344,0.006972813389160747
vicsek,rho_2,2,200,6,932016,16,3000,0.028803699952440177,1.0,2250,0.06256420721984472,0.03336197745664783,0.9975233022636485,0.004791712526359223
vicsek,rho_2,2,200,6,932017,17,3000,0.01800400069367239,0.995,2250,0.06271822310951602,0.03290182879172895,0.993468708388815,0.011590494673387233
vicsek,rho_2,2,200,6,932018,18,3000,0.031112220334761763,1.0,2250,0.06060296264414124,0.03272454744140191,0.9979560585885486,0.005916366738468027
vicsek,rho_2,2,200,6,932019,19,3000,0.10262128458740176,0.985,2250,0.062044391645428035,0.03350594841959101,0.9947270306258321,0.007572907178898161
vicsek,rho_4,4,400,0,1020000,0,3000,0.03044887161625283,1.0,2250,0.9999999999999972,0.0,1.0,0.0
vicsek,rho_4,4,400,0,1020001,1,3000,0.042481456083909484,1.0,2250,1.0000000000000058,0.0,1.0,0.0
vicsek,rho_4,4,400,0,1020002,2,3000,0.020235388205022818,1.0,2250,0.9999999999999938,0.0,1.0,0.0
vicsek,rho_4,4,400,0,1020003,3,3000,0.08610250275982823,1.0,2250,1.0000000000000049,0.0,1.0,0.0
vicsek,rho_4,4,400,0,1020004,4,3000,0.006569653185789496,1.0,2250,0.9999999999999971,0.0,1.0,0.0
vicsek,rho_4,4,400,0,1020005,5,3000,0.032852568756284437,1.0,2250,1.0000000000000058,0.0,1.0,0.0
vicsek,rho_4,4,400,0,1020006,6,3000,0.011962226639381736,1.0,2250,0.9999999999999971,0.0,1.0,0.0
vicsek,rho_4,4,400,0,1020007,7,3000,0.07481446843017438,1.0,2250,0.9999999999999999,0.0,1.0,0.0
vicsek,rho_4,4,400,0,1020008,8,3000,0.05973498301213758,1.0,2250,0.9999999999999983,0.0,1.0,0.0
vicsek,rho_4,4,400,0,1020009,9,3000,0.06350079491703302,1.0,2250,1.0000000000000036,0.0,1.0,0.0
vicsek,rho_4,4,400,0,1020010,10,3000,0.01891606698944714,1.0,2250,0.9999999999999994,0.0,1.0,0.0
vicsek,rho_4,4,400,0,1020011,11,3000,0.05850156323975494,1.0,2250,0.9999999999999963,0.0,1.0,0.0
vicsek,rho_4,4,400,0,1020012,12,3000,0.0024474145220146977,1.0,2250,1.0000000000000002,0.0,1.0,0.0
vicsek,rho_4,4,400,0,1020013,13,3000,0.009838057875820528,1.0,2250,1.0000000000000004,0.0,1.0,0.0
vicsek,rho_4,4,400,0,1020014,14,3000,0.04494553159297581,1.0,2250,1.0000000000000024,0.0,1.0,0.0
vicsek,rho_4,4,400,0,1020015,15,3000,0.049241765425157055,1.0,2250,1.000000000000004,0.0,1.0,0.0
vicsek,rho_4,4,400,0,1020016,16,3000,0.025723826719053995,1.0,2250,0.9999999999999932,0.0,1.0,0.0
vicsek,rho_4,4,400,0,1020017,17,3000,0.020689179446769724,1.0,2250,0.9999999999999934,0.0,1.0,0.0
vicsek,rho_4,4,400,0,1020018,18,3000,0.0341319051888827,1.0,2250,1.000000000000006,0.0,1.0,0.0
vicsek,rho_4,4,400,0,1020019,19,3000,0.02192917413972137,1.0,2250,0.9999999999999966,0.0,1.0,0.0
vicsek,rho_4,4,400,0.5,1021000,0,3000,0.0418283495404616,1.0,2250,0.9857718222285294,0.0018451411207026944,0.9999933422103862,0.00012884156112092686
vicsek,rho_4,4,400,0.5,1021001,1,3000,0.044100249928951035,1.0,2250,0.9858078428491733,0.001773859971111035,0.9992077230359521,0.0011631808210071071
vicsek,rho_4,4,400,0.5,1021002,2,3000,0.018946154451841453,1.0,2250,0.9863901139581676,0.001704103469284619,0.9992276964047936,0.0018069491229315909
vicsek,rho_4,4,400,0.5,1021003,3,3000,0.026590882184225683,1.0,2250,0.9862877596884139,0.0016438706336830632,1.0,0.0
vicsek,rho_4,4,400,0.5,1021004,4,3000,0.031554490993365755,1.0,2250,0.9868705273971181,0.0015261722856062434,1.0,0.0
vicsek,rho_4,4,400,0.5,1021005,5,3000,0.030509550805509475,1.0,2250,0.9880653748398444,0.0010880282886616224,0.9999866844207723,0.00018196605018263857
vicsek,rho_4,4,400,0.5,1021006,6,3000,0.027761802904169932,1.0,2250,0.98767883500142,0.0010406096943107875,0.9993774966711052,0.0010810864571124048
vicsek,rho_4,4,400,0.5,1021007,7,3000,0.026415618593025315,1.0,2250,0.9867499216698641,0.001700723911115599,0.999996671105193,9.11655388657048e-05
vicsek,rho_4,4,400,0.5,1021008,8,3000,0.055400011986343624,1.0,2250,0.987471623545298,0.0012382459371869726,1.0,0.0
vicsek,rho_4,4,400,0.5,1021009,9,3000,0.024421815735572894,1.0,2250,0.9857527979898517,0.0022789363801386437,0.9994274300932091,0.0017467088855517194
vicsek,rho_4,4,400,0.5,1021010,10,3000,0.09037768875570207,1.0,2250,0.9865322283843326,0.0017886514772185687,1.0,0.0
vicsek,rho_4,4,400,0.5,1021011,11,3000,0.08203338872838291,1.0,2250,0.9863792729817443,0.001752546503984389,0.9999400798934754,0.0005440681147220872
vicsek,rho_4,4,400,0.5,1021012,12,3000,0.026126736280334427,1.0,2250,0.9875955848092828,0.0011385894731559447,1.0,0.0
vicsek,rho_4,4,400,0.5,1021013,13,3000,0.015191237385354186,1.0,2250,0.9859251253171134,0.001789149122065703,0.9990679094540612,0.0027904002781275338
vicsek,rho_4,4,400,0.5,1021014,14,3000,0.024681859247783385,1.0,2250,0.9852478336372247,0.003663016183732198,0.9953828229027963,0.01308370513656055
vicsek,rho_4,4,400,0.5,1021015,15,3000,0.06340252615261534,1.0,2250,0.986542847887148,0.002213198990489886,0.998861517976032,0.0020967281180310072
vicsek,rho_4,4,400,0.5,1021016,16,3000,0.08095063639097175,1.0,2250,0.9865670665744346,0.0015738920585834145,0.9996704394141146,0.0009120321283742409
vicsek,rho_4,4,400,0.5,1021017,17,3000,0.06388165356730571,1.0,2250,0.9858966667639666,0.001958086558255629,1.0,0.0
vicsek,rho_4,4,400,0.5,1021018,18,3000,0.032885254699338805,1.0,2250,0.9849355198508531,0.003854415782985525,0.9993508655126498,0.0010961115981997643
vicsek,rho_4,4,400,0.5,1021019,19,3000,0.10224563389383279,1.0,2250,0.9858636555635679,0.0017196174295774616,0.9998934753661783,0.0007219942323156309
vicsek,rho_4,4,400,1,1022000,0,3000,0.07031533649290811,1.0,2250,0.9439098214086894,0.007491929766628911,0.9999001331557922,0.0004895852570771385
vicsek,rho_4,4,400,1,1022001,1,3000,0.03808182778096426,1.0,2250,0.9474113637405093,0.005909047801744485,0.997892809587217,0.003441855082241516
vicsek,rho_4,4,400,1,1022002,2,3000,0.0304166508306085,1.0,2250,0.948064019608103,0.0072951049737083485,0.9994707057256991,0.0013815194196046734
vicsek,rho_4,4,400,1,1022003,3,3000,0.027521293612692038,1.0,2250,0.9460157621770888,0.010517564454822555,0.9992043941411451,0.0011644852787789602
vicsek,rho_4,4,400,1,1022004,4,3000,0.0686378336351727,1.0,2250,0.9434555811976971,0.007648204252543609,0.9989181091877497,0.0015544762541862748
vicsek,rho_4,4,400,1,1022005,5,3000,0.07748057478613528,1.0,2250,0.9453134226367564,0.008220337827301633,0.999647137150466,0.0008704280172729001
vicsek,rho_4,4,400,1,1022006,6,3000,0.07824575513110885,1.0,2250,0.9462744350150329,0.007804539911441657,0.9946804260985352,0.010726648515125402
vicsek,rho_4,4,400,1,1022007,7,3000,0.023035901934616184,1.0,2250,0.9467450122386607,0.005918492116389884,0.9992443408788282,0.0020365872633905957
vicsek,rho_4,4,400,1,1022008,8,3000,0.06493313910959565,1.0,2250,0.9452077740224728,0.011102508414995408,0.999034620505992,0.002289790885516195
vicsek,rho_4,4,400,1,1022009,9,3000,0.019952802631962408,1.0,2250,0.9429192209395135,0.008240050707555109,0.9996271637816245,0.0010766903589091142
vicsek,rho_4,4,400,1,1022010,10,3000,0.035562368988720706,1.0,2250,0.9414426565754603,0.007917214953157888,0.9992643142476698,0.004599438919906005
vicsek,rho_4,4,400,1,1022011,11,3000,0.022446928359034852,1.0,2250,0.947799457476058,0.006017590191295838,0.9983921438082557,0.0030779408546545883
vicsek,rho_4,4,400,1,1022012,12,3000,0.014854020919403424,1.0,2250,0.9459756842227007,0.006831946517857721,0.9982556591211719,0.001986945895838473
vicsek,rho_4,4,400,1,1022013,13,3000,0.06418654888060903,1.0,2250,0.9440118777677334,0.008073883061624756,0.9994307589880159,0.0015102399996998863
vicsek,rho_4,4,400,1,1022014,14,3000,0.03488637408013639,1.0,2250,0.9421859616769537,0.011611616201199217,0.9985818908122505,0.003464623135172186
vicsek,rho_4,4,400,1,1022015,15,3000,0.05505423309168444,1.0,2250,0.9475107489787942,0.007899473113975129,0.9928561917443409,0.016355161362912617
vicsek,rho_4,4,400,1,1022016,16,3000,0.04053881598196801,1.0,2250,0.9470023936995289,0.006621310430498548,0.9977330226364847,0.004141990657000959
vicsek,rho_4,4,400,1,1022017,17,3000,0.018452194352267564,1.0,2250,0.9480698360516172,0.005742598820397418,0.9998069241011984,0.0006673915225007962
vicsek,rho_4,4,400,1,1022018,18,3000,0.01967466075359585,1.0,2250,0.9472140977728964,0.007172723768852765,0.9991744340878829,0.0014992892832416669
vicsek,rho_4,4,400,1,1022019,19,3000,0.02030612675630563,1.0,2250,0.9476342991858566,0.005799543548153155,0.9955858854860187,0.007167364859056527
vicsek,rho_4,4,400,1.5,1023000,0,3000,0.0400712038092967,1.0,2250,0.8782834011150545,0.020159261899229213,0.9999900133155791,0.00015769266687518986
vicsek,rho_4,4,400,1.5,1023001,1,3000,0.009947023936045725,1.0,2250,0.8814522356535653,0.01572124557822669,0.9974101198402131,0.004564989078326344
vicsek,rho_4,4,400,1.5,1023002,2,3000,0.06126028471459935,1.0,2250,0.8788429045121566,0.016630452286830605,0.9994906790945406,0.0020517391387692625
vicsek,rho_4,4,400,1.5,1023003,3,3000,0.05215173645103307,1.0,2250,0.8801459009938587,0.013985884042575473,0.9996138482023968,0.0009828868447218965
vicsek,rho_4,4,400,1.5,1023004,4,3000,0.06153587456413561,1.0,2250,0.8776882709549687,0.016624190554515084,0.9937549933422103,0.010549857457652526
vicsek,rho_4,4,400,1.5,1023005,5,3000,0.08184285187757431,1.0,2250,0.8869134276592963,0.011887583868768812,0.9978229027962716,0.004839700179979745
vicsek,rho_4,4,400,1.5,1023006,6,3000,0.05847476104375835,1.0,2250,0.8785398402468128,0.01593449383856832,0.9996005326231692,0.0009160208823629735
vicsek,rho_4,4,400,1.5,1023007,7,3000,0.02018556990724449,1.0,2250,0.8834509843682433,0.0120838904704181,0.9986717709720374,0.0020132191446479626
vicsek,rho_4,4,400,1.5,1023008,8,3000,0.043914110560541314,1.0,2250,0.8889487990205125,0.01287124919258319,0.9950366178428762,0.0072585633351355565
vicsek,rho_4,4,400,1.5,1023009,9,3000,0.009952919627947367,1.0,2250,0.8791563253146693,0.015118828004959842,0.9972969374167777,0.007624927840662568
vicsek,rho_4,4,400,1.5,1023010,10,3000,0.04163042269363044,1.0,2250,0.8699409298670505,0.022263049680555123,0.9931691078561917,0.011079096048145174
vicsek,rho_4,4,400,1.5,1023011,11,3000,0.03153889414582553,1.0,2250,0.8879160907073311,0.01166997830447598,0.9972037283621837,0.004012352690790543
vicsek,rho_4,4,400,1.5,1023012,12,3000,0.06197396044773067,1.0,2250,0.8795047918282014,0.015902050484115453,0.9992376830892143,0.003092519984031056
vicsek,rho_4,4,400,1.5,1023013,13,3000,0.02014445906569386,1.0,2250,0.8858378030046551,0.011863793811894736,0.9956557922769641,0.006402320682738981
vicsek,rho_4,4,400,1.5,1023014,14,3000,0.020607444441142056,1.0,2250,0.8637245509035232,0.02802937496494516,0.9997536617842877,0.0007450926269669928
vicsek,rho_4,4,400,1.5,1023015,15,3000,0.02321172456053021,1.0,2250,0.8863714525016895,0.0119528697367269,0.9981890812250332,0.0018152521681981634
vicsek,rho_4,4,400,1.5,1023016,16,3000,0.06255441169791406,1.0,2250,0.8729443976031401,0.0157990139336883,0.9994274300932091,0.0011775162535622528
vicsek,rho_4,4,400,1.5,1023017,17,3000,0.03769854294031498,1.0,2250,0.8817115688359369,0.0157907419795555,0.9977396804260985,0.0024632741906019276
vicsek,rho_4,4,400,1.5,1023018,18,3000,0.031136816764388068,1.0,2250,0.8751160965728259,0.01677254002559694,0.9996804260985352,0.0014300383463280405
vicsek,rho_4,4,400,1.5,1023019,19,3000,0.05951140325473928,1.0,2250,0.8574865466113333,0.03535771596782818,0.9997303595206392,0.0010804199773556899
vicsek,rho_4,4,400,2,1024000,0,3000,0.06740560935038396,1.0,2250,0.7948980699759527,0.026311897178583968,0.9992576564580559,0.0012197844625075728
vicsek,rho_4,4,400,2,1024001,1,3000,0.03269842808573544,1.0,2250,0.7815101254384661,0.043971422386905656,0.9959553928095872,0.010243100737985724
vicsek,rho_4,4,400,2,1024002,2,3000,0.07910828641907264,1.0,2250,0.7925930227771862,0.02608072232475741,0.9980326231691079,0.004887135035785129
vicsek,rho_4,4,400,2,1024003,3,3000,0.03993620148239231,1.0,2250,0.7857871202009002,0.0323352447772229,0.9979161118508656,0.004588777349003505
vicsek,rho_4,4,400,2,1024004,4,3000,0.037084275269165946,1.0,2250,0.7804342818156702,0.03514407478371221,0.9972603195739015,0.0048693800647293135
vicsek,rho_4,4,400,2,1024005,5,3000,0.05846659247204593,1.0,2250,0.7891686989552038,0.029123619470845772,0.996794274300932,0.007313000788455414
vicsek,rho_4,4,400,2,1024006,6,3000,0.030880512744301206,1.0,2250,0.8031266436491795,0.021457718514906875,0.9951764314247671,0.009984700202348755
vicsek,rho_4,4,400,2,1024007,7,3000,0.023634093299844325,1.0,2250,0.7902043731429528,0.028308786571392984,0.9926364846870839,0.01643662972440424
vicsek,rho_4,4,400,2,1024008,8,3000,0.004640708316343539,1.0,2250,0.8033772652982173,0.025787694126144445,0.9986318242343541,0.0018246898942336392
vicsek,rho_4,4,400,2,1024009,9,3000,0.04761137141123226,1.0,2250,0.8061756850062601,0.02589112156871865,0.9989280958721705,0.001667068508763919
vicsek,rho_4,4,400,2,1024010,10,3000,0.06734987169672144,1.0,2250,0.7890312557617051,0.036820925136317656,0.9963781624500665,0.006360884740296407
vicsek,rho_4,4,400,2,1024011,11,3000,0.03067726162668563,1.0,2250,0.7937518536807276,0.026305069896646837,0.9955625832223702,0.004527407083331527
vicsek,rho_4,4,400,2,1024012,12,3000,0.029850056032681004,1.0,2250,0.786473055673114,0.04354907403011554,0.9959886817576565,0.0064193401392061405
vicsek,rho_4,4,400,2,1024013,13,3000,0.048121338043122346,1.0,2250,0.7957420375037753,0.03132957792834328,0.9809454061251666,0.033882261907555895
vicsek,rho_4,4,400,2,1024014,14,3000,0.026390514749089426,1.0,2250,0.7908464629876043,0.0279057355725262,0.9970306258322237,0.01107508543764834
vicsek,rho_4,4,400,2,1024015,15,3000,0.051820395833042314,1.0,2250,0.8083460734660097,0.01809296878585609,0.9952363515312916,0.005514693796941857
vicsek,rho_4,4,400,2,1024016,16,3000,0.038986213528863264,1.0,2250,0.7995936745144172,0.025153113799157373,0.9969407456724367,0.0025484945511539837
vicsek,rho_4,4,400,2,1024017,17,3000,0.040343057389011935,1.0,2250,0.802830588653122,0.02354079067561657,0.9943275632490013,0.009209640019852415
vicsek,rho_4,4,400,2,1024018,18,3000,0.015518376077267904,1.0,2250,0.7768129216129364,0.056940509140750724,0.9930858854860186,0.005958937427750454
vicsek,rho_4,4,400,2,1024019,19,3000,0.05211846472971205,1.0,2250,0.8060700347692586,0.02321540931379166,0.9974600532623169,0.006358288424430091
vicsek,rho_4,4,400,2.5,1025000,0,3000,0.016083584815182468,1.0,2250,0.6555046942911537,0.11310233500846072,0.9834553928095873,0.01851766190628633
vicsek,rho_4,4,400,2.5,1025001,1,3000,0.022759283283630128,1.0,2250,0.6824632088466714,0.07959602404962786,0.9912450066577896,0.014017936900985439
vicsek,rho_4,4,400,2.5,1025002,2,3000,0.03469981308589294,1.0,2250,0.7175480047255566,0.023680376956313306,0.9937849533954727,0.004346052890863719
vicsek,rho_4,4,400,2.5,1025003,3,3000,0.017878891241396938,1.0,2250,0.7042353527597492,0.030190560600586336,0.9930026631158455,0.006399275370279953
vicsek,rho_4,4,400,2.5,1025004,4,3000,0.07313572473589668,1.0,2250,0.6854728727577364,0.04013008659905282,0.9891910785619175,0.016013365349255664
vicsek,rho_4,4,400,2.5,1025005,5,3000,0.013013008034059031,1.0,2250,0.6826418345947902,0.05905068426925986,0.9948002663115846,0.007393949729712098
vicsek,rho_4,4,400,2.5,1025006,6,3000,0.052728544235736995,1.0,2250,0.6551017197517889,0.09797982297713088,0.9930659121171771,0.009355708280529017
vicsek,rho_4,4,400,2.5,1025007,7,3000,0.03983803936692378,1.0,2250,0.6803395683212246,0.04976181604349576,0.9985685752330228,0.0016262732901473668
vicsek,rho_4,4,400,2.5,1025008,8,3000,0.012523404831412207,1.0,2250,0.6949542028046456,0.03833162153388386,0.9970672436750999,0.003778461313728661
vicsek,rho_4,4,400,2.5,1025009,9,3000,0.03367271546623134,1.0,2250,0.6663167003283562,0.07004894197182798,0.9948069241011984,0.005951088252668044
vicsek,rho_4,4,400,2.5,1025010,10,3000,0.05261461093387187,1.0,2250,0.7017157170271908,0.028103774829749108,0.9846537949400799,0.030618567134579125
vicsek,rho_4,4,400,2.5,1025011,11,3000,0.05242548192437137,1.0,2250,0.70755066893154,0.022474270044084754,0.9967476697736352,0.003917411952755931
vicsek,rho_4,4,400,2.5,1025012,12,3000,0.08582207358482785,1.0,2250,0.6992108847617554,0.03885813173139937,0.9949667110519308,0.003932125153666768
vicsek,rho_4,4,400,2.5,1025013,13,3000,0.023772742434095457,1.0,2250,0.6743625671213874,0.04567964892924171,0.991494673768309,0.005793089999109347
vicsek,rho_4,4,400,2.5,1025014,14,3000,0.03374364267208085,1.0,2250,0.6794367702137732,0.05275914361941758,0.997849533954727,0.003072470723600525
vicsek,rho_4,4,400,2.5,1025015,15,3000,0.03887017519318157,1.0,2250,0.6948739037092332,0.032266299457797465,0.9955426098535287,0.008507859332348185
vicsek,rho_4,4,400,2.5,1025016,16,3000,0.05578334248527222,1.0,2250,0.6971004753061055,0.030254682885599946,0.9827430093209054,0.01475270634852372
vicsek,rho_4,4,400,2.5,1025017,17,3000,0.06088318673004347,1.0,2250,0.6769818581154143,0.03932502431161224,0.9974300932090546,0.0046484365731431
vicsek,rho_4,4,400,2.5,1025018,18,3000,0.01125162999772997,1.0,2250,0.5800391479069786,0.19754588039832247,0.9949667110519308,0.004017963620979954
vicsek,rho_4,4,400,2.5,1025019,19,3000,0.04357492126319871,1.0,2250,0.659580854101028,0.07920740225822744,0.9881691078561917,0.026389672436793476
vicsek,rho_4,4,400,3,1026000,0,3000,0.03334324356384921,1.0,2250,0.5663847799785289,0.047679950799479245,0.9952762982689747,0.004186309897531807
vicsek,rho_4,4,400,3,1026001,1,3000,0.053111720944702415,1.0,2250,0.5470758120157682,0.10037382764143767,0.9954893475366179,0.00379464806034167
vicsek,rho_4,4,400,3,1026002,2,3000,0.03392396303960167,1.0,2250,0.5872048960600894,0.043672259996024455,0.9915179760319573,0.009485394710518869
vicsek,rho_4,4,400,3,1026003,3,3000,0.019543540581093158,1.0,2250,0.5134319510873386,0.12853332870990314,0.9935452729693742,0.00715688384077231
vicsek,rho_4,4,400,3,1026004,4,3000,0.0924242281345346,1.0,2250,0.5930238541757323,0.04653407432401593,0.9929960053262317,0.0071421730940914325
vicsek,rho_4,4,400,3,1026005,5,3000,0.018149229830346957,1.0,2250,0.5864959221861545,0.04141059853970363,0.9899733688415446,0.008799396796965923
vicsek,rho_4,4,400,3,1026006,6,3000,0.09730301643739818,1.0,2250,0.5572610151694838,0.06284845522694346,0.9948535286284953,0.004748521130654789
vicsek,rho_4,4,400,3,1026007,7,3000,0.04794805956748901,1.0,2250,0.5636726842919105,0.05424491089611535,0.9947902796271637,0.007203825274827996
vicsek,rho_4,4,400,3,1026008,8,3000,0.048228998111760506,1.0,2250,0.5682835842727381,0.04466878318521711,0.995039946737683,0.007401038326213723
vicsek,rho_4,4,400,3,1026009,9,3000,0.026661008797469212,1.0,2250,0.5646960173702885,0.046737830773173686,0.9862882822902796,0.012870208215081069
vicsek,rho_4,4,400,3,1026010,10,3000,0.07686073523698099,1.0,2250,0.5668938366413295,0.10867688612623079,0.9902862849533955,0.00950337726324087
vicsek,rho_4,4,400,3,1026011,11,3000,0.05258313075221497,1.0,2250,0.5502451568027243,0.07134827198384149,0.9788082556591212,0.019334238233312123
vicsek,rho_4,4,400,3,1026012,12,3000,0.04482587440728592,1.0,2250,0.48710827960497943,0.1319199317322428,0.9948568575233023,0.010246844350960106
vicsek,rho_4,4,400,3,1026013,13,3000,0.08642796287378493,1.0,2250,0.5785190868827235,0.05295586818938533,0.9910486018641811,0.010522658073511366
vicsek,rho_4,4,400,3,1026014,14,3000,0.059215445549413,1.0,2250,0.5774565604423895,0.049251164793936104,0.993598535286285,0.007880913617879804
vicsek,rho_4,4,400,3,1026015,15,3000,0.030070699069801723,1.0,2250,0.6015207030943964,0.03806015585346338,0.9939081225033289,0.005595932569454094
vicsek,rho_4,4,400,3,1026016,16,3000,0.03230426851929773,1.0,2250,0.5831532433961212,0.037661407174062876,0.9813948069241012,0.013484601354795109
vicsek,rho_4,4,400,3,1026017,17,3000,0.03726959275025398,1.0,2250,0.5919496253949137,0.03333769362534774,0.9925332889480692,0.01007208821878305
vicsek,rho_4,4,400,3,1026018,18,3000,0.01735271748709963,1.0,2250,0.5388858392306844,0.056647148786003514,0.9970006657789615,0.002838354783844918
vicsek,rho_4,4,400,3,1026019,19,3000,0.04804422872254385,1.0,2250,0.5553641011110045,0.10283504892921738,0.9815512649800266,0.028660573333053194
vicsek,rho_4,4,400,3.5,1027000,0,3000,0.057487339157005116,1.0,2250,0.2987997574584053,0.15616515432838743,0.9931491344873502,0.011881981622055586
vicsek,rho_4,4,400,3.5,1027001,1,3000,0.03853941092187851,1.0,2250,0.4600343504195556,0.04222660491362747,0.9977896138482024,0.003808543725661326
vicsek,rho_4,4,400,3.5,1027002,2,3000,0.029499766473206165,1.0,2250,0.4543458802496399,0.06673867440862556,0.9945272969374167,0.008104854655804862
vicsek,rho_4,4,400,3.5,1027003,3,3000,0.04461845686940055,1.0,2250,0.3376185153686585,0.07456714803527828,0.9953095872170439,0.005032751716797257
vicsek,rho_4,4,400,3.5,1027004,4,3000,0.07121184328494025,1.0,2250,0.46469338677181415,0.04794613794649519,0.9875798934753662,0.006931537605073163
vicsek,rho_4,4,400,3.5,1027005,5,3000,0.03491026761633589,1.0,2250,0.48480602162452496,0.039443651702068934,0.9863814913448735,0.007010592397596517
vicsek,rho_4,4,400,3.5,1027006,6,3000,0.08442497210679091,1.0,2250,0.4283827077334621,0.0578732695822183,0.9949966711051932,0.00811708934190728
vicsek,rho_4,4,400,3.5,1027007,7,3000,0.04362852287014828,1.0,2250,0.41168991751634276,0.07215459442434405,0.9897969374167775,0.009886188765326773
vicsek,rho_4,4,400,3.5,1027008,8,3000,0.013858266601515764,1.0,2250,0.46131836783234054,0.057121178436465796,0.9899700399467376,0.004096956731419471
vicsek,rho_4,4,400,3.5,1027009,9,3000,0.05999665421628178,1.0,2250,0.41345165849132987,0.09765112387596521,0.9854527296937418,0.017159123380442752
vicsek,rho_4,4,400,3.5,1027010,10,3000,0.019461573721154337,1.0,2250,0.43830151721466526,0.07753750329389471,0.9833055925432757,0.02002703287943123
vicsek,rho_4,4,400,3.5,1027011,11,3000,0.0756332306854123,1.0,2250,0.43674970390463985,0.062218123531843035,0.9884021304926763,0.009534439403654501
vicsek,rho_4,4,400,3.5,1027012,12,3000,0.042531304113724105,1.0,2250,0.4449812767151076,0.04386697077937327,0.9969507323568576,0.0054360067363174395
vicsek,rho_4,4,400,3.5,1027013,13,3000,0.05234070715890253,1.0,2250,0.35267160712489,0.12154537264000204,0.9926830892143809,0.010295635006017233
vicsek,rho_4,4,400,3.5,1027014,14,3000,0.058603529989999306,1.0,2250,0.408417546160861,0.07991121863713167,0.9872237017310252,0.008702351191329886
vicsek,rho_4,4,400,3.5,1027015,15,3000,0.01847347195860025,1.0,2250,0.3811325346899246,0.10769648240119228,0.9905392809587217,0.007932520937952136
vicsek,rho_4,4,400,3.5,1027016,16,3000,0.06378611839631847,1.0,2250,0.37907062385432444,0.10355889648618863,0.9898468708388815,0.015376754991540606
vicsek,rho_4,4,400,3.5,1027017,17,3000,0.024717174638586026,1.0,2250,0.4215660848699086,0.06695094787375089,0.9913282290279628,0.012471343532813872
vicsek,rho_4,4,400,3.5,1027018,18,3000,0.02859364073423977,1.0,2250,0.4337179062302698,0.06342196748293238,0.9638082556591212,0.04304482983184951
vicsek,rho_4,4,400,3.5,1027019,19,3000,0.03924048784921281,1.0,2250,0.48178150782203366,0.039207063590895874,0.9843209054593876,0.012825841600535792
vicsek,rho_4,4,400,4,1028000,0,3000,0.02641789971340818,1.0,2250,0.23864764954211604,0.08323532732495632,0.9989680426098536,0.001773729369346131
vicsek,rho_4,4,400,4,1028001,1,3000,0.025666616874955903,1.0,2250,0.26160967304885707,0.0768729441294706,0.9876498002663117,0.02394135081655777
vicsek,rho_4,4,400,4,1028002,2,3000,0.05823185987518559,1.0,2250,0.18787697048917115,0.07547721495872393,0.9983055925432756,0.002158844105363471
vicsek,rho_4,4,400,4,1028003,3,3000,0.037079462466044905,1.0,2250,0.2872685784408414,0.05809382334041384,0.9935585885486019,0.00737825484869778
vicsek,rho_4,4,400,4,1028004,4,3000,0.029663731048653257,1.0,2250,0.23608641231227706,0.08648210325880477,0.9948568575233023,0.005354088272529059
vicsek,rho_4,4,400,4,1028005,5,3000,0.07895350224137744,1.0,2250,0.18547626215835944,0.09192963931618041,0.9776897470039947,0.06238842729429527
vicsek,rho_4,4,400,4,1028006,6,3000,0.023580300716725948,1.0,2250,0.31391640134134496,0.06114088293715341,0.9873069241011984,0.009660309340672715
vicsek,rho_4,4,400,4,1028007,7,3000,0.00833533056355382,1.0,2250,0.28535105356519214,0.07722300443898192,0.9833388814913449,0.020480545302784415
vicsek,rho_4,4,400,4,1028008,8,3000,0.01970962458377847,1.0,2250,0.20287730865129247,0.09288017325771343,0.9962017310252996,0.00489526630089524
vicsek,rho_4,4,400,4,1028009,9,3000,0.03525242167670005,1.0,2250,0.28165772716323856,0.09642878149097561,0.9875932090545939,0.011706490134673463
vicsek,rho_4,4,400,4,1028010,10,3000,0.028731997434864365,1.0,2250,0.3149990434694349,0.059942825546815307,0.9858488681757657,0.015640565601265703
vicsek,rho_4,4,400,4,1028011,11,3000,0.04504323834812203,1.0,2250,0.26871516084713515,0.07988615993636373,0.9941644474034621,0.006124478917009189
vicsek,rho_4,4,400,4,1028012,12,3000,0.09396418857240649,1.0,2250,0.3186671726994629,0.06368349414580583,0.9924267643142477,0.005042558166172461
vicsek,rho_4,4,400,4,1028013,13,3000,0.05277724905040013,1.0,2250,0.27086262112628595,0.08644612575577132,0.9961817576564581,0.004153743130863417
vicsek,rho_4,4,400,4,1028014,14,3000,0.02174775466442215,1.0,2250,0.23228813248779637,0.07879488395571804,0.9904693741677763,0.021502045101565236
vicsek,rho_4,4,400,4,1028015,15,3000,0.04589801568309605,1.0,2250,0.2398610756954131,0.11016849587629196,0.9914147802929427,0.006106363703663798
vicsek,rho_4,4,400,4,1028016,16,3000,0.013152814231188087,1.0,2250,0.2449537793086162,0.08701049043881062,0.9984254327563249,0.0021609117503995526
vicsek,rho_4,4,400,4,1028017,17,3000,0.06350987806150755,1.0,2250,0.289071235069408,0.06205781625689711,0.9889214380825567,0.015841418888238448
vicsek,rho_4,4,400,4,1028018,18,3000,0.061615120669292915,1.0,2250,0.24050904858299443,0.07795596186103355,0.9987649800266312,0.0017493651025208955
vicsek,rho_4,4,400,4,1028019,19,3000,0.01698286704940835,1.0,2250,0.20724024990410148,0.08578242729637318,0.9971770972037284,0.003739689967693339
vicsek,rho_4,4,400,4.5,1029000,0,3000,0.033504277268043434,1.0,2250,0.12696569757115467,0.05949243563597011,0.9960186418109188,0.004248950526748659
vicsek,rho_4,4,400,4.5,1029001,1,3000,0.07625925132012856,1.0,2250,0.11644108758778828,0.05663717004427062,0.9970739014647138,0.006742224250286871
vicsek,rho_4,4,400,4.5,1029002,2,3000,0.04668649396127888,1.0,2250,0.10900521452964372,0.050610820215409316,0.9987383488681758,0.0016055146113439786
vicsek,rho_4,4,400,4.5,1029003,3,3000,0.029577783948328995,1.0,2250,0.11907387008053304,0.05612828890732877,0.9974600532623169,0.004007533119209032
vicsek,rho_4,4,400,4.5,1029004,4,3000,0.0044556591708184365,1.0,2250,0.13312563757327767,0.057655494593975086,0.9924267643142477,0.003791498661511634
vicsek,rho_4,4,400,4.5,1029005,5,3000,0.04550870512626485,1.0,2250,0.14313223679642453,0.05956295456507662,0.9983521970705727,0.003744431084635062
vicsek,rho_4,4,400,4.5,1029006,6,3000,0.0604136695735819,1.0,2250,0.15053365981111547,0.060132570233156706,0.9980359520639147,0.00311038150311273
vicsek,rho_4,4,400,4.5,1029007,7,3000,0.07801614128016242,1.0,2250,0.13125174854418048,0.055342787535775165,0.9989447403462051,0.0018987194242139805
vicsek,rho_4,4,400,4.5,1029008,8,3000,0.005086022205548277,1.0,2250,0.14727073192769202,0.06123592203639735,0.9980792276964048,0.003478206057665227
vicsek,rho_4,4,400,4.5,1029009,9,3000,0.03893094371817704,1.0,2250,0.1567500369002574,0.0679008645668395,0.9985918774966711,0.0021331073752175007
vicsek,rho_4,4,400,4.5,1029010,10,3000,0.01722830407077043,1.0,2250,0.16079310947202272,0.06518637435570847,0.998904793608522,0.0027228731650559383
vicsek,rho_4,4,400,4.5,1029011,11,3000,0.06184443225400714,1.0,2250,0.14002914636103966,0.05969919268174528,0.9979294274300933,0.005170882790518672
vicsek,rho_4,4,400,4.5,1029012,12,3000,0.07781154566541316,1.0,2250,0.13923060371958904,0.062463932784875734,0.9973402130492677,0.003501155518957356
vicsek,rho_4,4,400,4.5,1029013,13,3000,0.015388559648011058,1.0,2250,0.11230615811277558,0.053633722229459904,0.9974201065246339,0.002932372777886988
vicsek,rho_4,4,400,4.5,1029014,14,3000,0.009250228630805477,1.0,2250,0.11947513513950313,0.05604949321626175,0.9983155792276964,0.003749248965722599
vicsek,rho_4,4,400,4.5,1029015,15,3000,0.012095139250615011,1.0,2250,0.1254841537912782,0.056825018838478285,0.9992743009320906,0.0015767088073267083
vicsek,rho_4,4,400,4.5,1029016,16,3000,0.010370088523866568,1.0,2250,0.16049049084412295,0.05803044973165301,0.9930326231691079,0.009523392653511941
vicsek,rho_4,4,400,4.5,1029017,17,3000,0.04081953500654567,1.0,2250,0.14882406919136396,0.05715186364079378,0.9988015978695074,0.0025403371874695505
vicsek,rho_4,4,400,4.5,1029018,18,3000,0.05253000477198067,1.0,2250,0.1564328057995938,0.06224522238995898,0.9981724367509988,0.003003087501489988
vicsek,rho_4,4,400,4.5,1029019,19,3000,0.029076654865506864,1.0,2250,0.12397938901293122,0.05702400532558095,0.9997836218375499,0.000714682006891526
vicsek,rho_4,4,400,5,1030000,0,3000,0.04207802501931756,1.0,2250,0.07003206627767948,0.03587137991598715,0.9997436750998668,0.0008010541130554648
vicsek,rho_4,4,400,5,1030001,1,3000,0.0380325371930593,1.0,2250,0.06409338057544654,0.03288218611758594,0.999960053262317,0.0003134822201596086
vicsek,rho_4,4,400,5,1030002,2,3000,0.06978697215677482,1.0,2250,0.061756642682054,0.033556869451952694,0.9997969374167776,0.0006829509831246775
vicsek,rho_4,4,400,5,1030003,3,3000,0.010462974837532175,1.0,2250,0.06684283392179116,0.03382503669691853,0.9987183754993343,0.002416429125353163
vicsek,rho_4,4,400,5,1030004,4,3000,0.05553369543906756,1.0,2250,0.06862432576103521,0.0334016584500459,0.9997936085219707,0.0006880270727741015
vicsek,rho_4,4,400,5,1030005,5,3000,0.030131222299982868,1.0,2250,0.06782585434242848,0.03315898787724306,0.9996770972037284,0.0017029566487168604
vicsek,rho_4,4,400,5,1030006,6,3000,0.03571343746564647,1.0,2250,0.06842773097471944,0.03561961994807665,0.9995805592543275,0.001803560675996674
vicsek,rho_4,4,400,5,1030007,7,3000,0.09598726607097502,1.0,2250,0.06227432323816394,0.03292432117027543,0.9999500665778961,0.0006989410829092097
vicsek,rho_4,4,400,5,1030008,8,3000,0.061021431115191635,1.0,2250,0.06104221545846514,0.03185031504224795,1.0,0.0
vicsek,rho_4,4,400,5,1030009,9,3000,0.01461496436239677,1.0,2250,0.06314620397813077,0.03392201065367151,0.9999800266311585,0.00022256344408051162
vicsek,rho_4,4,400,5,1030010,10,3000,0.034130609721683774,1.0,2250,0.06959397556776664,0.03494599164816171,0.9988548601864181,0.0026759469521968173
vicsek,rho_4,4,400,5,1030011,11,3000,0.030933264920323552,1.0,2250,0.06552442034213594,0.033459083441276766,0.9998768308921439,0.0005562343162238356
vicsek,rho_4,4,400,5,1030012,12,3000,0.061861507069055396,1.0,2250,0.06321385211677259,0.03255009682098661,1.0,0.0
vicsek,rho_4,4,400,5,1030013,13,3000,0.04663734635331327,1.0,2250,0.065982554067858,0.03291158623373315,0.999906790945406,0.0004736398511806134
vicsek,rho_4,4,400,5,1030014,14,3000,0.059265869702250014,1.0,2250,0.07272498972455649,0.034862958847774295,0.9993308921438083,0.0011438036052727322
vicsek,rho_4,4,400,5,1030015,15,3000,0.06418620121683478,1.0,2250,0.0668226271493867,0.03400893875087656,0.9998435419440747,0.0009216049932338732
vicsek,rho_4,4,400,5,1030016,16,3000,0.03161305526941844,1.0,2250,0.06453764391241493,0.03371104801083816,0.9995938748335553,0.0010328375611596053
vicsek,rho_4,4,400,5,1030017,17,3000,0.04035776967548876,1.0,2250,0.06720200259943815,0.03464264583550834,0.9980792276964048,0.0018644247986029517
vicsek,rho_4,4,400,5,1030018,18,3000,0.0418251573980834,1.0,2250,0.06413871470427279,0.03293732354865613,0.999996671105193,9.11655388657048e-05
vicsek,rho_4,4,400,5,1030019,19,3000,0.01100199773276548,1.0,2250,0.06692517933714862,0.03498433381681919,0.9993741677762983,0.0014792658662805254
vicsek,rho_4,4,400,5.5,1031000,0,3000,0.010991416358163798,1.0,2250,0.05010545860057329,0.025281184929817485,1.0,0.0
vicsek,rho_4,4,400,5.5,1031001,1,3000,0.028205386695917017,1.0,2250,0.049146255745240015,0.026398974869456394,1.0,0.0
vicsek,rho_4,4,400,5.5,1031002,2,3000,0.02391982810547253,1.0,2250,0.050225945322016,0.02651770256206059,1.0,0.0
vicsek,rho_4,4,400,5.5,1031003,3,3000,0.02120232611179327,1.0,2250,0.050381797387305326,0.02663227411177952,1.0,0.0
vicsek,rho_4,4,400,5.5,1031004,4,3000,0.013331198051642887,1.0,2250,0.04881893261587137,0.02548227405054666,1.0,0.0
vicsek,rho_4,4,400,5.5,1031005,5,3000,0.043584945829221636,1.0,2250,0.05036476961850205,0.025347895163492087,0.999996671105193,9.11655388657048e-05
vicsek,rho_4,4,400,5.5,1031006,6,3000,0.045749442751365894,1.0,2250,0.05089564445926618,0.026774611325905945,0.9997470039946739,0.0007539781393412705
vicsek,rho_4,4,400,5.5,1031007,7,3000,0.025322977505728053,1.0,2250,0.0483905810473701,0.025466576541734544,1.0,0.0
vicsek,rho_4,4,400,5.5,1031008,8,3000,0.0422925072500287,1.0,2250,0.05035665265733397,0.02510110314664893,1.0,0.0
vicsek,rho_4,4,400,5.5,1031009,9,3000,0.03214098546619895,1.0,2250,0.05006978935775543,0.026045905621127637,1.0,0.0
vicsek,rho_4,4,400,5.5,1031010,10,3000,0.034691699046169346,1.0,2250,0.0480897978804522,0.024715366614167154,1.0,0.0
vicsek,rho_4,4,400,5.5,1031011,11,3000,0.06168706911620925,1.0,2250,0.05116556931826893,0.027777217014915114,1.0,0.0
vicsek,rho_4,4,400,5.5,1031012,12,3000,0.020349823842862075,1.0,2250,0.05084186521061821,0.026158725500446477,1.0,0.0
vicsek,rho_4,4,400,5.5,1031013,13,3000,0.0687724716900666,1.0,2250,0.048710269720952534,0.02467784571399597,0.9999267643142478,0.0004215753179601528
vicsek,rho_4,4,400,5.5,1031014,14,3000,0.056921350580047825,1.0,2250,0.05288640178254734,0.026513620806996336,0.9999533954727031,0.00048046920246787566
vicsek,rho_4,4,400,5.5,1031015,15,3000,0.007601976959819471,1.0,2250,0.05154060886799452,0.026630599672612276,1.0,0.0
vicsek,rho_4,4,400,5.5,1031016,16,3000,0.03607394270809556,1.0,2250,0.05076584625672895,0.025994104583972766,0.9998202396804261,0.0006711005695949506
vicsek,rho_4,4,400,5.5,1031017,17,3000,0.05922760264140222,1.0,2250,0.050051286282886194,0.025604680294735786,0.9998002663115846,0.0013990866084222326
vicsek,rho_4,4,400,5.5,1031018,18,3000,0.06253578552621639,1.0,2250,0.04910880582491168,0.0247726793955062,0.9999933422103862,0.00018233107773141366
vicsek,rho_4,4,400,5.5,1031019,19,3000,0.009793925324123294,1.0,2250,0.050338796607720504,0.02628065555682398,1.0,0.0
vicsek,rho_4,4,400,6,1032000,0,3000,0.021259488619871692,1.0,2250,0.04626036812379022,0.02400575199320569,0.999996671105193,9.11655388657048e-05
vicsek,rho_4,4,400,6,1032001,1,3000,0.0726843644287111,1.0,2250,0.044080691311009675,0.023534493720884432,1.0,0.0
vicsek,rho_4,4,400,6,1032002,2,3000,0.08180844418086433,1.0,2250,0.044257219337045656,0.023631572023464244,1.0,0.0
vicsek,rho_4,4,400,6,1032003,3,3000,0.008143892461352477,1.0,2250,0.045304272013787984,0.024095213208944942,1.0,0.0
vicsek,rho_4,4,400,6,1032004,4,3000,0.030291982865464216,1.0,2250,0.0449183264421599,0.02266875024525495,1.0,0.0
vicsek,rho_4,4,400,6,1032005,5,3000,0.04897367626876286,1.0,2250,0.04554992121470867,0.022477673822758542,1.0,0.0
vicsek,rho_4,4,400,6,1032006,6,3000,0.05809029327373862,1.0,2250,0.044368623834477636,0.022125941205896157,1.0,0.0
vicsek,rho_4,4,400,6,1032007,7,3000,0.012956119652243416,1.0,2250,0.0444141855386948,0.022597737021995537,0.9999733688415446,0.00025664893831419403
vicsek,rho_4,4,400,6,1032008,8,3000,0.04932734011676351,1.0,2250,0.04455638192357119,0.024181204419743318,1.0,0.0
vicsek,rho_4,4,400,6,1032009,9,3000,0.07404742644403162,1.0,2250,0.046223308494583996,0.023054307830486055,1.0,0.0
vicsek,rho_4,4,400,6,1032010,10,3000,0.03322113297462658,1.0,2250,0.04556640255532361,0.023155444594054178,1.0,0.0
vicsek,rho_4,4,400,6,1032011,11,3000,0.013199085927130767,1.0,2250,0.045230271564824204,0.023827816395504648,1.0,0.0
vicsek,rho_4,4,400,6,1032012,12,3000,0.040960192997785964,1.0,2250,0.04342258652961412,0.02201373520322425,1.0,0.0
vicsek,rho_4,4,400,6,1032013,13,3000,0.031092812048226847,1.0,2250,0.04453671852818484,0.0231869429085005,1.0,0.0
vicsek,rho_4,4,400,6,1032014,14,3000,0.05543517887663556,1.0,2250,0.04545620141814705,0.0221133834610386,1.0,0.0
vicsek,rho_4,4,400,6,1032015,15,3000,0.09327969792869224,1.0,2250,0.045574198740390065,0.023376580380745856,1.0,0.0
vicsek,rho_4,4,400,6,1032016,16,3000,0.10255663339446702,1.0,2250,0.0445243485547285,0.022550641620421676,1.0,0.0
vicsek,rho_4,4,400,6,1032017,17,3000,0.011623394398922566,1.0,2250,0.044770841108673215,0.024547054112372988,1.0,0.0
vicsek,rho_4,4,400,6,1032018,18,3000,0.02242398224829892,1.0,2250,0.044367159431832885,0.023031383391564617,1.0,0.0
vicsek,rho_4,4,400,6,1032019,19,3000,0.08616009393810495,1.0,2250,0.04640195165076008,0.024318754774989883,1.0,0.0
vicsek,rho_8,8,800,0,1120000,0,3000,0.010644371483812264,1.0,2250,0.9999999999999976,0.0,1.0,0.0
vicsek,rho_8,8,800,0,1120001,1,3000,0.025125546166004174,1.0,2250,1.0000000000000153,0.0,1.0,0.0
vicsek,rho_8,8,800,0,1120002,2,3000,0.04866347059860659,1.0,2250,1.0000000000000022,0.0,1.0,0.0
vicsek,rho_8,8,800,0,1120003,3,3000,0.0047349268180261125,1.0,2250,1.0000000000000049,0.0,1.0,0.0
vicsek,rho_8,8,800,0,1120004,4,3000,0.03750251588261229,1.0,2250,0.9999999999999939,0.0,1.0,0.0
vicsek,rho_8,8,800,0,1120005,5,3000,0.02772185124758511,1.0,2250,0.9999999999999966,0.0,1.0,0.0
vicsek,rho_8,8,800,0,1120006,6,3000,0.03977630360443952,1.0,2250,1.0000000000000002,0.0,1.0,0.0
vicsek,rho_8,8,800,0,1120007,7,3000,0.060672908213402627,1.0,2250,0.9999999999999938,0.0,1.0,0.0
vicsek,rho_8,8,800,0,1120008,8,3000,0.01839287074298922,1.0,2250,1.0000000000000098,0.0,1.0,0.0
vicsek,rho_8,8,800,0,1120009,9,3000,0.026404966055627394,1.0,2250,1.000000000000018,0.0,1.0,0.0
vicsek,rho_8,8,800,0,1120010,10,3000,0.032339506505182074,1.0,2250,0.9999999999999996,0.0,1.0,0.0
vicsek,rho_8,8,800,0,1120011,11,3000,0.03291579556300519,1.0,2250,0.9999999999999918,0.0,1.0,0.0
vicsek,rho_8,8,800,0,1120012,12,3000,0.0398789370120817,1.0,2250,0.9999999999999979,0.0,1.0,0.0
vicsek,rho_8,8,800,0,1120013,13,3000,0.002354049902322743,1.0,2250,1.0000000000000058,0.0,1.0,0.0
vicsek,rho_8,8,800,0,1120014,14,3000,0.02919211113314438,1.0,2250,0.9999999999999921,5.503563480727537e-16,1.0,0.0
vicsek,rho_8,8,800,0,1120015,15,3000,0.034136327043269264,1.0,2250,0.9999999999999908,0.0,1.0,0.0
vicsek,rho_8,8,800,0,1120016,16,3000,0.024157081379182772,1.0,2250,0.9999999999999899,0.0,1.0,0.0
vicsek,rho_8,8,800,0,1120017,17,3000,0.046390373720119706,1.0,2250,1.0000000000000002,0.0,1.0,0.0
vicsek,rho_8,8,800,0,1120018,18,3000,0.029023017657539382,1.0,2250,1.0000000000000073,0.0,1.0,0.0
vicsek,rho_8,8,800,0,1120019,19,3000,0.031577813834916174,1.0,2250,0.9999999999999984,0.0,1.0,0.0
vicsek,rho_8,8,800,0.5,1121000,0,3000,0.02124098088001538,1.0,2250,0.9879534427241533,0.0007601342562368519,1.0,0.0
vicsek,rho_8,8,800,0.5,1121001,1,3000,0.02542763233589607,1.0,2250,0.9879144836882806,0.0008827041020260787,1.0,0.0
vicsek,rho_8,8,800,0.5,1121002,2,3000,0.004084067250568784,1.0,2250,0.9882941551568191,0.0006051417785692337,0.9999833555259653,0.00014327789092314836
vicsek,rho_8,8,800,0.5,1121003,3,3000,0.04338746801888973,1.0,2250,0.9883680865340243,0.0005940673248764091,1.0,0.0
vicsek,rho_8,8,800,0.5,1121004,4,3000,0.06531396706692996,1.0,2250,0.988124288607055,0.0007085065884509738,1.0,0.0
vicsek,rho_8,8,800,0.5,1121005,5,3000,0.01846678250257495,1.0,2250,0.9882692661402411,0.0007109147747667133,1.0,0.0
vicsek,rho_8,8,800,0.5,1121006,6,3000,0.02529288733687253,1.0,2250,0.9884392439916524,0.0006652856114996834,1.0,0.0
vicsek,rho_8,8,800,0.5,1121007,7,3000,0.030767022761280606,1.0,2250,0.9882245307144614,0.0011674129266415337,0.9991611185086551,0.001868337576618148
vicsek,rho_8,8,800,0.5,1121008,8,3000,0.05008917489525397,1.0,2250,0.9886744006825167,0.0005881218670718924,1.0,0.0
vicsek,rho_8,8,800,0.5,1121009,9,3000,0.08359301167858782,1.0,2250,0.9882180131399125,0.000646884541925277,0.9998601864181091,0.0003939786030768293
vicsek,rho_8,8,800,0.5,1121010,10,3000,0.027442191686595528,1.0,2250,0.9883475767254004,0.0006882395023879454,1.0,0.0
vicsek,rho_8,8,800,0.5,1121011,11,3000,0.03941883255325683,1.0,2250,0.988764218915704,0.0005914572387898218,1.0,0.0
vicsek,rho_8,8,800,0.5,1121012,12,3000,0.026491486738884563,1.0,2250,0.9883339721097113,0.00089219236209253,1.0,0.0
vicsek,rho_8,8,800,0.5,1121013,13,3000,0.032524431117939075,1.0,2250,0.9885595261479201,0.0006423420822609139,1.0,0.0
vicsek,rho_8,8,800,0.5,1121014,14,3000,0.014912418796913154,1.0,2250,0.9883267341625493,0.0005782952011053956,0.9998768308921439,0.0003725463134834964
vicsek,rho_8,8,800,0.5,1121015,15,3000,0.057512375906327066,1.0,2250,0.9883659621710894,0.0006006311346886546,0.9998901464713715,0.0006323629769402479
vicsek,rho_8,8,800,0.5,1121016,16,3000,0.10645726503558815,1.0,2250,0.9878355982687601,0.0011319732581396911,1.0,0.0
vicsek,rho_8,8,800,0.5,1121017,17,3000,0.026919525527281506,1.0,2250,0.988658290487172,0.0005200894405325095,1.0,0.0
vicsek,rho_8,8,800,0.5,1121018,18,3000,0.03006678806495265,1.0,2250,0.9884161196272366,0.0005814325736709121,0.9997669773635154,0.0004868046286669573
vicsek,rho_8,8,800,0.5,1121019,19,3000,0.03536037936829763,1.0,2250,0.9882552480703816,0.0007043401503914359,1.0,0.0
vicsek,rho_8,8,800,1,1122000,0,3000,0.0019571856483160733,1.0,2250,0.9531154899005074,0.003029253327204888,0.9997436750998668,0.0008611356085140257
vicsek,rho_8,8,800,1,1122001,1,3000,0.02544742747143301,1.0,2250,0.9535082611893542,0.002454882400286982,0.9999633821571238,0.00030033937599573156
vicsek,rho_8,8,800,1,1122002,2,3000,0.01854971464419542,1.0,2250,0.954534390052578,0.002343169173118498,0.9999417443408788,0.00026348785945811543
vicsek,rho_8,8,800,1,1122003,3,3000,0.021272870927464316,1.0,2250,0.953638429913991,0.0027759752477350776,1.0,0.0
vicsek,rho_8,8,800,1,1122004,4,3000,0.032890783386321586,1.0,2250,0.9529277039194916,0.002590463094583751,1.0,0.0
vicsek,rho_8,8,800,1,1122005,5,3000,0.024542221618540423,1.0,2250,0.9515421243057306,0.003245906572638208,1.0,0.0
vicsek,rho_8,8,800,1,1122006,6,3000,0.031015765791871163,1.0,2250,0.9537809177418876,0.0027195355978734603,0.9992926098535286,0.001629664864163831
vicsek,rho_8,8,800,1,1122007,7,3000,0.029043511090686484,1.0,2250,0.9527494774148793,0.0027736286387454265,0.9999983355525965,4.55827694328524e-05
vicsek,rho_8,8,800,1,1122008,8,3000,0.050891997985936265,1.0,2250,0.9534715183687713,0.0027608963373015375,0.9999267643142478,0.00029356624724718446
vicsek,rho_8,8,800,1,1122009,9,3000,0.016715216874277457,1.0,2250,0.9521292456778109,0.003665956919323205,1.0,0.0
vicsek,rho_8,8,800,1,1122010,10,3000,0.03445527209221049,1.0,2250,0.9495358499282501,0.006513697392856946,0.9997786284953396,0.0004771886814981296
vicsek,rho_8,8,800,1,1122011,11,3000,0.06889610144461171,1.0,2250,0.9526519085338214,0.0028562970114779625,0.9999933422103862,9.098302509131929e-05
vicsek,rho_8,8,800,1,1122012,12,3000,0.04734585859862687,1.0,2250,0.9528772003034157,0.0026575723247314995,0.9997619840213049,0.0008912334873117194
vicsek,rho_8,8,800,1,1122013,13,3000,0.015038167782684561,1.0,2250,0.9534224931913705,0.002690907657102933,1.0,0.0
vicsek,rho_8,8,800,1,1122014,14,3000,0.02280453910359162,1.0,2250,0.9523264357317269,0.0036650716146413224,0.999978362183755,0.0001630309026362932
vicsek,rho_8,8,800,1,1122015,15,3000,0.025003160307492014,1.0,2250,0.9524585225278028,0.0029252087009834725,0.9999633821571238,0.0002107876589800764
vicsek,rho_8,8,800,1,1122016,16,3000,0.009948573096055215,1.0,2250,0.9519257395850975,0.004770189490057185,0.9990978695073236,0.001812418909967753
vicsek,rho_8,8,800,1,1122017,17,3000,0.025583253979658358,1.0,2250,0.951617465781821,0.0032433061808997813,0.9999550599201065,0.00023271331952857778
vicsek,rho_8,8,800,1,1122018,18,3000,0.02649952275693872,1.0,2250,0.952970086599438,0.0028931576771861873,0.999978362183755,0.0001630309026362932
vicsek,rho_8,8,800,1,1122019,19,3000,0.034976261963297,1.0,2250,0.9530542211829146,0.003036489276030023,0.999931757656458,0.00028398223883780116
vicsek,rho_8,8,800,1.5,1123000,0,3000,0.012986540918326052,1.0,2250,0.8940713580618065,0.008081984178215585,0.9999933422103862,9.098302509131929e-05
vicsek,rho_8,8,800,1.5,1123001,1,3000,0.019715780662019143,1.0,2250,0.8952698701436196,0.006981464722657014,0.9999866844207723,0.00012832446915709701
vicsek,rho_8,8,800,1.5,1123002,2,3000,0.037206537398994925,1.0,2250,0.8953339169055801,0.009091673050084475,0.9997087217043942,0.0007215259506894022
vicsek,rho_8,8,800,1.5,1123003,3,3000,0.020420665691483028,1.0,2250,0.8920807503563226,0.007948641054623623,1.0,0.0
vicsek,rho_8,8,800,1.5,1123004,4,3000,0.05468515331618282,1.0,2250,0.8962362344988946,0.0067809233738374925,0.9999850199733689,0.0002365390003127918
vicsek,rho_8,8,800,1.5,1123005,5,3000,0.017034515832448496,1.0,2250,0.8969997473613107,0.00549056150207094,0.9999184420772304,0.0004125479873315794
vicsek,rho_8,8,800,1.5,1123006,6,3000,0.03122085352704096,1.0,2250,0.8979279309446199,0.005732130912795362,0.999845206391478,0.0004217264355367267
vicsek,rho_8,8,800,1.5,1123007,7,3000,0.022176058080416946,1.0,2250,0.8957960711091966,0.006424181367572694,0.9998568575233023,0.00039804312233350004
vicsek,rho_8,8,800,1.5,1123008,8,3000,0.04206399907814791,1.0,2250,0.8977058006150571,0.00593955901880564,0.9997536617842877,0.0005564683555692383
vicsek,rho_8,8,800,1.5,1123009,9,3000,0.024527276955314828,1.0,2250,0.8990835273366965,0.006556476572696928,0.9995189747003994,0.0014116417760963171
vicsek,rho_8,8,800,1.5,1123010,10,3000,0.033441633434110565,1.0,2250,0.8957382619908977,0.00793681179850855,0.9999916777629827,0.00010165400455793705
vicsek,rho_8,8,800,1.5,1123011,11,3000,0.020363816557735396,1.0,2250,0.8980526142452234,0.006050547736489847,0.9999733688415446,0.0003639321003652852
vicsek,rho_8,8,800,1.5,1123012,12,3000,0.05201445039898042,1.0,2250,0.8997466685322646,0.005826510642912839,0.9988298934753662,0.0011457275417120578
vicsek,rho_8,8,800,1.5,1123013,13,3000,0.01313194936532745,1.0,2250,0.8910926499728018,0.010671319128531967,1.0,0.0
vicsek,rho_8,8,800,1.5,1123014,14,3000,0.02824555804572202,1.0,2250,0.8954452641114401,0.00715481545918708,0.9998352197070572,0.0004228744745620442
vicsek,rho_8,8,800,1.5,1123015,15,3000,0.049283651999418206,1.0,2250,0.8904724295395653,0.012726718471230303,1.0,0.0
vicsek,rho_8,8,800,1.5,1123016,16,3000,0.03528303766664523,1.0,2250,0.8975616879006544,0.005493863743703709,0.9996554593874835,0.0010420823262018728
vicsek,rho_8,8,800,1.5,1123017,17,3000,0.00420051201493719,1.0,2250,0.8955229458802931,0.008895499443897564,0.9992709720372837,0.0014413672448423396
vicsek,rho_8,8,800,1.5,1123018,18,3000,0.024556045262897386,1.0,2250,0.8955770182354674,0.0063638015628263616,1.0,0.0
vicsek,rho_8,8,800,1.5,1123019,19,3000,0.03441636216387773,1.0,2250,0.8891692902888554,0.01201620674872503,0.9997902796271637,0.0005055866867715149
vicsek,rho_8,8,800,2,1124000,0,3000,0.010602200084657771,1.0,2250,0.8231296445950336,0.01448375225647117,0.9996687749667111,0.0005986783857351305
vicsek,rho_8,8,800,2,1124001,1,3000,0.0159095894847653,1.0,2250,0.8237079805827495,0.007931857190483355,0.9997703062583222,0.0006264826138530517
vicsek,rho_8,8,800,2,1124002,2,3000,0.03394694997596073,1.0,2250,0.8264997533648712,0.009418952877746686,0.9999334221038616,0.0004025072969425171
vicsek,rho_8,8,800,2,1124003,3,3000,0.020428815966736732,1.0,2250,0.8222008000997892,0.008703566952396321,0.9998685086551266,0.0006745346373283731
vicsek,rho_8,8,800,2,1124004,4,3000,0.019887603310189933,1.0,2250,0.81969566301445,0.012513052608106416,0.9994773635153129,0.0007909821127834738
vicsek,rho_8,8,800,2,1124005,5,3000,0.014934918398019753,1.0,2250,0.8227315966576665,0.009413760092127351,0.999733688415446,0.0005356625165873609
vicsek,rho_8,8,800,2,1124006,6,3000,0.03914759877152234,1.0,2250,0.8264474073443732,0.007938842731500582,0.9983588548601865,0.002040628808071162
vicsek,rho_8,8,800,2,1124007,7,3000,0.011552520169339067,1.0,2250,0.8126815049389543,0.015239554197250064,0.9998834886817577,0.00036340646736726515
vicsek,rho_8,8,800,2,1124008,8,3000,0.016382471443911254,1.0,2250,0.8103646390904712,0.021639165341403397,0.9998518641810918,0.0004040118225888521
vicsek,rho_8,8,800,2,1124009,9,3000,0.00892636088636765,1.0,2250,0.8076844278304489,0.025849903088207282,0.9999117842876165,0.00032013689035790627
vicsek,rho_8,8,800,2,1124010,10,3000,0.014569582536725457,1.0,2250,0.824890896188195,0.008674025423932476,0.9999750332889481,0.0001748858260527752
vicsek,rho_8,8,800,2,1124011,11,3000,0.015796662606133192,1.0,2250,0.8224154209055802,0.009353311568753433,0.9992143808255659,0.0011369942428324693
vicsek,rho_8,8,800,2,1124012,12,3000,0.05101686089700792,1.0,2250,0.8197385652990244,0.01193009281510635,1.0,0.0
vicsek,rho_8,8,800,2,1124013,13,3000,0.037027685418125865,1.0,2250,0.8195579855038005,0.01142973164040493,0.999412450066578,0.0011238582558894474
vicsek,rho_8,8,800,2,1124014,14,3000,0.04325597753018137,1.0,2250,0.8198064169615307,0.010633799501328324,0.9995073235685752,0.0006755278257574582
vicsek,rho_8,8,800,2,1124015,15,3000,0.014587164269393112,1.0,2250,0.8203979260304894,0.011902137546083552,0.9996488015978695,0.001182179553728799
vicsek,rho_8,8,800,2,1124016,16,3000,0.03141185131482895,1.0,2250,0.82323143754925,0.00991602851371873,0.9998501997336885,0.00040596824149488836
vicsek,rho_8,8,800,2,1124017,17,3000,0.019568740645017246,1.0,2250,0.8202756534772231,0.010808180644045295,0.9999750332889481,0.00030496201367382014
vicsek,rho_8,8,800,2,1124018,18,3000,0.033803112597350624,1.0,2250,0.8241119083297128,0.010434928631523028,0.9991527962716378,0.0017559691342121106
vicsek,rho_8,8,800,2,1124019,19,3000,0.02831177275810999,1.0,2250,0.8137284333689466,0.017540294958026673,0.9998984687083888,0.00034147549156233873
vicsek,rho_8,8,800,2.5,1125000,0,3000,0.03452535211674037,1.0,2250,0.7269111291265672,0.016291808809841664,0.9999267643142478,0.0003516122979941015
vicsek,rho_8,8,800,2.5,1125001,1,3000,0.027040368643366137,1.0,2250,0.7248174443685098,0.01738927944698687,0.9997703062583222,0.0010124082569673818
vicsek,rho_8,8,800,2.5,1125002,2,3000,0.014377937262943537,1.0,2250,0.7190068423444383,0.019895712953443792,0.9999117842876165,0.00032013689035790627
vicsek,rho_8,8,800,2.5,1125003,3,3000,0.023777458688407364,1.0,2250,0.7188210219734443,0.03263810730866511,0.9986667776298268,0.002964037355684143
vicsek,rho_8,8,800,2.5,1125004,4,3000,0.033776647589678604,1.0,2250,0.7198445874242391,0.02095551609223099,0.9999650466045273,0.00020608251863223585
vicsek,rho_8,8,800,2.5,1125005,5,3000,0.02289438183856044,1.0,2250,0.7222254458091589,0.026754289927771707,0.9997586551264981,0.0007110444500571433
vicsek,rho_8,8,800,2.5,1125006,6,3000,0.020584084863395483,1.0,2250,0.7302759984214566,0.012745882861128153,0.999387483355526,0.001971245472564268
vicsek,rho_8,8,800,2.5,1125007,7,3000,0.019673823916841873,1.0,2250,0.7092293858593611,0.03351768411335222,0.9981990679094541,0.0031360865864872075
vicsek,rho_8,8,800,2.5,1125008,8,3000,0.012821684858621864,1.0,2250,0.7203023042356117,0.020733404286001084,0.9995589214380827,0.0011074618155595978
vicsek,rho_8,8,800,2.5,1125009,9,3000,0.008998267389870248,1.0,2250,0.719574680334283,0.01891626218748556,0.9998235685752329,0.0005261128415037614
vicsek,rho_8,8,800,2.5,1125010,10,3000,0.014551861609039122,1.0,2250,0.7212756568932097,0.018873754376725466,0.9998368841544608,0.00042105584885867464
vicsek,rho_8,8,800,2.5,1125011,11,3000,0.031553004816671,1.0,2250,0.7157518553431159,0.01999743738416635,0.9999950066577896,7.884633343759493e-05
vicsek,rho_8,8,800,2.5,1125012,12,3000,0.02938000053185079,1.0,2250,0.7354206869550776,0.016149736359786764,0.9991195073235686,0.0011950083251105364
vicsek,rho_8,8,800,2.5,1125013,13,3000,0.03546013649698951,1.0,2250,0.7195586569003766,0.022574953440825062,0.9999034620505992,0.0003857498252162669
vicsek,rho_8,8,800,2.5,1125014,14,3000,0.0379484271851955,1.0,2250,0.7290015747309608,0.016157386112701632,0.999340878828229,0.0007648747057811114
vicsek,rho_8,8,800,2.5,1125015,15,3000,0.05696523564889543,1.0,2250,0.712374462099802,0.030961345117387823,0.9999800266311585,0.00020300800384139814
vicsek,rho_8,8,800,2.5,1125016,16,3000,0.016081524157324358,1.0,2250,0.7326446992189894,0.01204869883883895,0.9986734354194408,0.0013524759248580735
vicsek,rho_8,8,800,2.5,1125017,17,3000,0.032296851015688376,1.0,2250,0.7371641105722956,0.011756968896951341,0.9984986684420774,0.0019387675977774782
vicsek,rho_8,8,800,2.5,1125018,18,3000,0.05628331803933288,1.0,2250,0.7158552815309057,0.030375872077780346,0.9989713715046604,0.0026867058142436345
vicsek,rho_8,8,800,2.5,1125019,19,3000,0.03572133412719134,1.0,2250,0.7224399459877372,0.023928005135799478,0.9993358854860187,0.001501091651656714
vicsek,rho_8,8,800,3,1126000,0,3000,0.009590644445154018,1.0,2250,0.6189966026315108,0.02311190008847089,0.9997436750998668,0.0006679184996212414
vicsek,rho_8,8,800,3,1126001,1,3000,0.0016437521479502983,1.0,2250,0.6010771583630129,0.03423693650567576,0.9996571238348867,0.0007652875037265205
vicsek,rho_8,8,800,3,1126002,2,3000,0.03666882731821022,1.0,2250,0.6190752634392057,0.027682604047110187,0.9995023302263649,0.0010579471756676476
vicsek,rho_8,8,800,3,1126003,3,3000,0.039058606286287455,1.0,2250,0.6256849405226329,0.020606507844502884,0.999582223701731,0.0006994007197130587
vicsek,rho_8,8,800,3,1126004,4,3000,0.019256855420500832,1.0,2250,0.5795723205070424,0.05485876248388795,0.9996354860186418,0.0008787336530638123
vicsek,rho_8,8,800,3,1126005,5,3000,0.04469377056506353,1.0,2250,0.6219464753644834,0.02230724236304131,0.999449067909454,0.0012715463119175093
vicsek,rho_8,8,800,3,1126006,6,3000,0.039750554521973666,1.0,2250,0.6131163940959391,0.025250234369515356,0.9998934753661783,0.0003490104506546172
vicsek,rho_8,8,800,3,1126007,7,3000,0.04177086320574979,1.0,2250,0.6242718026016619,0.020250259955035432,0.9997786284953396,0.0007087614967823545
vicsek,rho_8,8,800,3,1126008,8,3000,0.02080288051886834,1.0,2250,0.6031697457925078,0.032540417953837074,0.9999250998668442,0.00045682335015734846
vicsek,rho_8,8,800,3,1126009,9,3000,0.02628823189909751,1.0,2250,0.6136502458902848,0.030740538561129904,0.9995572569906791,0.0011609279023300754
vicsek,rho_8,8,800,3,1126010,10,3000,0.07116282720183,1.0,2250,0.6169948763092677,0.026651935694184704,0.999016311584554,0.0017041942006768907
vicsek,rho_8,8,800,3,1126011,11,3000,0.07729125424216783,1.0,2250,0.6119774089671132,0.034429814296169696,0.9997187083888149,0.0010106883174431998
vicsek,rho_8,8,800,3,1126012,12,3000,0.039898934588268875,1.0,2250,0.5994205703307632,0.03091029657395305,0.998703395472703,0.0010725939795341464
vicsek,rho_8,8,800,3,1126013,13,3000,0.018252139795641227,1.0,2250,0.6296482589633078,0.019376763680813643,0.9973385486018642,0.003750408147868792
vicsek,rho_8,8,800,3,1126014,14,3000,0.05363207726340947,1.0,2250,0.6377084662937302,0.015364987261344812,0.9962616511318242,0.0051558869114508915
vicsek,rho_8,8,800,3,1126015,15,3000,0.04217739241800398,1.0,2250,0.5931250351625674,0.06656941782164284,0.9993974700399467,0.0007734184008268301
vicsek,rho_8,8,800,3,1126016,16,3000,0.034998551434700535,1.0,2250,0.6237630181661016,0.020332960653017484,0.9996404793608522,0.0007576106770561296
vicsek,rho_8,8,800,3,1126017,17,3000,0.04405916915885675,1.0,2250,0.6115733951559479,0.03521996290422767,0.9998868175765645,0.0003587028970046858
vicsek,rho_8,8,800,3,1126018,18,3000,0.024257930739362114,1.0,2250,0.6092488877579931,0.02933848312893804,0.9995755659121172,0.0008465085608889287
vicsek,rho_8,8,800,3,1126019,19,3000,0.014292304029935279,1.0,2250,0.6089454343940591,0.024700267996822504,0.9998002663115846,0.0010588005088904798
vicsek,rho_8,8,800,3.5,1127000,0,3000,0.033033340573870265,1.0,2250,0.49381582856803485,0.031805890786469115,0.9997070572569906,0.0005411527821288356
vicsek,rho_8,8,800,3.5,1127001,1,3000,0.013859704268762742,1.0,2250,0.484033912579894,0.03992329428079542,0.9994474034620506,0.0009383793695585126
vicsek,rho_8,8,800,3.5,1127002,2,3000,0.014780772467217531,1.0,2250,0.4962459964102515,0.03477340205842808,0.9980426098535286,0.0025893195782698475
vicsek,rho_8,8,800,3.5,1127003,3,3000,0.027842284683057453,1.0,2250,0.5006428823116241,0.030878566135764417,0.9995938748335553,0.000626619684769001
vicsek,rho_8,8,800,3.5,1127004,4,3000,0.037518638944638395,1.0,2250,0.5027067704302162,0.026500689167334678,0.9996937416777629,0.0006269423462912698
vicsek,rho_8,8,800,3.5,1127005,5,3000,0.02435277828185033,1.0,2250,0.4948254752646559,0.04602922908292102,0.9993075898801598,0.0009365323591656659
vicsek,rho_8,8,800,3.5,1127006,6,3000,0.04896099354176771,1.0,2250,0.47753534256623514,0.046613288436923486,0.9999567243675099,0.00022852080921680575
vicsek,rho_8,8,800,3.5,1127007,7,3000,0.008144280620886074,1.0,2250,0.4944854432214972,0.04068776092170737,0.9994024633821571,0.0007402656725590966
vicsek,rho_8,8,800,3.5,1127008,8,3000,0.01360160800215065,1.0,2250,0.4763277633649357,0.04489462614755691,0.9998435419440747,0.0005165260616289189
vicsek,rho_8,8,800,3.5,1127009,9,3000,0.023333140108150283,1.0,2250,0.500094317419612,0.026589998298465693,0.9998851531291612,0.000525364571140881
vicsek,rho_8,8,800,3.5,1127010,10,3000,0.049354001849051435,1.0,2250,0.5178300605751193,0.0259464203141432,0.99594707057257,0.0043473645620650345
vicsek,rho_8,8,800,3.5,1127011,11,3000,0.054829395647191,1.0,2250,0.5117018261743514,0.023120318840185495,0.9976248335552598,0.0039684775485721415
vicsek,rho_8,8,800,3.5,1127012,12,3000,0.06105121273280118,1.0,2250,0.4882614303987957,0.053747658446896385,0.999167776298269,0.0008148179821890607
vicsek,rho_8,8,800,3.5,1127013,13,3000,0.018206998971435955,1.0,2250,0.4853629778512111,0.039589632082004236,0.9992476697736351,0.001432250946043298
vicsek,rho_8,8,800,3.5,1127014,14,3000,0.05543824210520002,1.0,2250,0.4788063886169476,0.05948948760592693,0.9996704394141146,0.0006762410349926229
vicsek,rho_8,8,800,3.5,1127015,15,3000,0.02136083825999997,1.0,2250,0.47141654042373093,0.050399401713647554,0.9993858189081226,0.0013467035609914726
vicsek,rho_8,8,800,3.5,1127016,16,3000,0.06452208396675249,1.0,2250,0.49435891935632714,0.032470446631740285,0.9999667110519308,0.00020125364847125855
vicsek,rho_8,8,800,3.5,1127017,17,3000,0.005508350409075797,1.0,2250,0.48712126901792036,0.034216616263253695,0.9996138482023968,0.0011378905534853375
vicsek,rho_8,8,800,3.5,1127018,18,3000,0.021072486829925588,1.0,2250,0.4929621399562978,0.0306408326962929,0.9998219041278296,0.0011786873338683033
vicsek,rho_8,8,800,3.5,1127019,19,3000,0.0398351810183905,1.0,2250,0.49805923810548197,0.030658684448031968,0.9989114513981359,0.0027963766545494578
vicsek,rho_8,8,800,4,1128000,0,3000,0.05989602893255331,1.0,2250,0.3528402702543896,0.042299321819269535,0.9997752996005326,0.00066840361478935
vicsek,rho_8,8,800,4,1128001,1,3000,0.040484685137327815,1.0,2250,0.35854656356558856,0.047012910999615846,0.9999417443408788,0.0003514546808542106
vicsek,rho_8,8,800,4,1128002,2,3000,0.04536953317667002,1.0,2250,0.3662468807002751,0.03879591902170816,0.9994024633821571,0.002065921879623495
vicsek,rho_8,8,800,4,1128003,3,3000,0.028297028066542076,1.0,2250,0.3901289181375804,0.026080070977010747,0.9987799600532623,0.0022015461516379166
vicsek,rho_8,8,800,4,1128004,4,3000,0.01575366479028681,1.0,2250,0.3587596668158859,0.05709549741608666,0.9999217709720373,0.00031620996371827057
vicsek,rho_8,8,800,4,1128005,5,3000,0.013901803888925746,1.0,2250,0.3715139756714497,0.03970978507022755,0.9994257656458057,0.001022499180231171
vicsek,rho_8,8,800,4,1128006,6,3000,0.03259681295316706,1.0,2250,0.3337433565517629,0.06680093382244587,0.9993125832223702,0.0006416352989995344
vicsek,rho_8,8,800,4,1128007,7,3000,0.02793668112814199,1.0,2250,0.37234699857155945,0.037592433357576095,0.9994607190412783,0.0009953896464329783
vicsek,rho_8,8,800,4,1128008,8,3000,0.03266123184505435,1.0,2250,0.3734385259086575,0.046832712140684615,0.9986701065246338,0.0014517111403411864
vicsek,rho_8,8,800,4,1128009,9,3000,0.04447713485640981,1.0,2250,0.3472852108908363,0.048415795651747105,0.9979643808255659,0.0021323110894056986
vicsek,rho_8,8,800,4,1128010,10,3000,0.02116741077678368,1.0,2250,0.3434551299960665,0.04988697254903944,0.9996837549933423,0.0011320249293357
vicsek,rho_8,8,800,4,1128011,11,3000,0.027979398565369205,1.0,2250,0.3549653176953631,0.05416892963645027,0.9994690412782957,0.0006757820441032014
vicsek,rho_8,8,800,4,1128012,12,3000,0.04501216829104283,1.0,2250,0.36823451636325466,0.04508683500979905,0.9997020639147803,0.0006022586216178405
vicsek,rho_8,8,800,4,1128013,13,3000,0.03143636143607145,1.0,2250,0.36872163237900657,0.041637822316182384,0.9995306258322237,0.0007271101857230496
vicsek,rho_8,8,800,4,1128014,14,3000,0.027642009042805237,1.0,2250,0.37693730003207615,0.048089979077711,0.999124500665779,0.001192580920244453
vicsek,rho_8,8,800,4,1128015,15,3000,0.013260454450404835,1.0,2250,0.3554517955045296,0.051432706244517755,0.9997003994673768,0.0005927209147392615
vicsek,rho_8,8,800,4,1128016,16,3000,0.04407289817227695,1.0,2250,0.37100291275325264,0.042406690388973954,0.9998801597869507,0.0005340775748516987
vicsek,rho_8,8,800,4,1128017,17,3000,0.012878629034668845,1.0,2250,0.3701074516929294,0.03370133604137675,0.9996954061251665,0.0008215527592679255
vicsek,rho_8,8,800,4,1128018,18,3000,0.03570687540257358,1.0,2250,0.34694058103834297,0.051684867207983765,0.9985952063914781,0.0015718236175536677
vicsek,rho_8,8,800,4,1128019,19,3000,0.06184447004520146,1.0,2250,0.34878340309471173,0.05010795637703575,0.9992926098535286,0.0011525670328571484
vicsek,rho_8,8,800,4.5,1129000,0,3000,0.005602968536234039,1.0,2250,0.2025166967111348,0.05940533973965863,0.9997420106524634,0.000613677943003808
vicsek,rho_8,8,800,4.5,1129001,1,3000,0.045061557105153416,1.0,2250,0.19306720688571902,0.05606317820765027,0.9999816910785619,0.00015016968799786578
vicsek,rho_8,8,800,4.5,1129002,2,3000,0.017190142190927845,1.0,2250,0.1514516282298096,0.07390247595468148,0.999359187749667,0.0015015179201784128
vicsek,rho_8,8,800,4.5,1129003,3,3000,0.05579941118588411,1.0,2250,0.18452219598352906,0.064253324327861,1.0,0.0
vicsek,rho_8,8,800,4.5,1129004,4,3000,0.017843619876795377,1.0,2250,0.17337084139549408,0.07383645919781741,0.9999001331557922,0.00047228090149048794
vicsek,rho_8,8,800,4.5,1129005,5,3000,0.009562766862546802,1.0,2250,0.22884982337453683,0.05522285357062514,0.9993658455392809,0.0009651355355462256
vicsek,rho_8,8,800,4.5,1129006,6,3000,0.018507095490593387,1.0,2250,0.21782355455651994,0.048198795991209124,0.99987017310253,0.0014466623865233552
vicsek,rho_8,8,800,4.5,1129007,7,3000,0.026934120277009126,1.0,2250,0.18556377730591242,0.07129382029413825,0.9999400798934754,0.00026703878742584527
vicsek,rho_8,8,800,4.5,1129008,8,3000,0.0238399079105385,1.0,2250,0.21135408839530206,0.06003282889107093,0.9997736351531292,0.00048136785797317256
vicsek,rho_8,8,800,4.5,1129009,9,3000,0.016623714408126693,1.0,2250,0.24804245141640255,0.036734654130288466,0.999866844207723,0.0003856348990033095
vicsek,rho_8,8,800,4.5,1129010,10,3000,0.06468917595039454,1.0,2250,0.22636054212928308,0.044727996897650356,0.9999134487350199,0.0003173294183579364
vicsek,rho_8,8,800,4.5,1129011,11,3000,0.02670351421617352,1.0,2250,0.24530916097300484,0.04445312195646193,0.9993059254327563,0.000992499254108741
vicsek,rho_8,8,800,4.5,1129012,12,3000,0.024479272872944425,1.0,2250,0.21714462702434503,0.05025390078449452,0.9995672436750999,0.000982523175378774
vicsek,rho_8,8,800,4.5,1129013,13,3000,0.012641111552903442,1.0,2250,0.2097117093897834,0.0564165951681583,0.9999134487350199,0.0003173294183579364
vicsek,rho_8,8,800,4.5,1129014,14,3000,0.038406813918714235,1.0,2250,0.24537960533592382,0.03302172212514114,0.9997619840213049,0.00054310487741059
vicsek,rho_8,8,800,4.5,1129015,15,3000,0.030151456139854527,1.0,2250,0.22061977208536512,0.059267161310700374,0.9997386817576565,0.0007929061271160662
vicsek,rho_8,8,800,4.5,1129016,16,3000,0.04076380693887189,1.0,2250,0.2393444003206774,0.04642608945346226,0.9991777629826898,0.0012958083821551416
vicsek,rho_8,8,800,4.5,1129017,17,3000,0.07770561554462811,1.0,2250,0.18988557515850477,0.06034104638150453,0.9999633821571238,0.0002107876589800764
vicsek,rho_8,8,800,4.5,1129018,18,3000,0.017060526611935314,1.0,2250,0.243793211031905,0.04467829449624986,0.9987866178428761,0.0009362986376735251
vicsek,rho_8,8,800,4.5,1129019,19,3000,0.026727112938302752,1.0,2250,0.21570996091940128,0.05643180768473982,0.9998718375499334,0.000506090553863468
vicsek,rho_8,8,800,5,1130000,0,3000,0.017521328472935235,1.0,2250,0.07034238635493713,0.03644084301432327,1.0,0.0
vicsek,rho_8,8,800,5,1130001,1,3000,0.03829838817435691,1.0,2250,0.07689471567540256,0.03733509838055837,1.0,0.0
vicsek,rho_8,8,800,5,1130002,2,3000,0.03604782504744311,1.0,2250,0.07320543451051068,0.035938377136378416,1.0,0.0
vicsek,rho_8,8,800,5,1130003,3,3000,0.034552381261283044,1.0,2250,0.07912040094079607,0.03834686132707915,1.0,0.0
vicsek,rho_8,8,800,5,1130004,4,3000,0.03591570243903985,1.0,2250,0.0809413992692162,0.03920968915226499,1.0,0.0
vicsek,rho_8,8,800,5,1130005,5,3000,0.029707378224535688,1.0,2250,0.0796860707208289,0.03478161595802763,1.0,0.0
vicsek,rho_8,8,800,5,1130006,6,3000,0.06397431912269605,1.0,2250,0.07439559164895106,0.03701797828220126,1.0,0.0
vicsek,rho_8,8,800,5,1130007,7,3000,0.02708099961265225,1.0,2250,0.067053260399731,0.03473704509007952,1.0,0.0
vicsek,rho_8,8,800,5,1130008,8,3000,0.013552997549260148,1.0,2250,0.06749495549469635,0.03353454478277643,1.0,0.0
vicsek,rho_8,8,800,5,1130009,9,3000,0.0302259615090796,1.0,2250,0.07105305960882959,0.03184501198716743,1.0,0.0
vicsek,rho_8,8,800,5,1130010,10,3000,0.009811943017053747,1.0,2250,0.07686022762871779,0.03976674387024509,1.0,0.0
vicsek,rho_8,8,800,5,1130011,11,3000,0.0509185666454636,1.0,2250,0.07559082967921782,0.03762085726961305,1.0,0.0
vicsek,rho_8,8,800,5,1130012,12,3000,0.018976556884566745,1.0,2250,0.07523336432135451,0.03653719113458585,1.0,0.0
vicsek,rho_8,8,800,5,1130013,13,3000,0.004593953389158941,1.0,2250,0.06989928635551648,0.03481176208339606,1.0,0.0
vicsek,rho_8,8,800,5,1130014,14,3000,0.04467410745744353,1.0,2250,0.06516356351795798,0.03320606028436605,1.0,0.0
vicsek,rho_8,8,800,5,1130015,15,3000,0.05809817811260189,1.0,2250,0.0767043012321028,0.03476343548750408,0.9999700399467376,0.000191186981215808
vicsek,rho_8,8,800,5,1130016,16,3000,0.020691590307392493,1.0,2250,0.07290394612953875,0.036437880485504955,1.0,0.0
vicsek,rho_8,8,800,5,1130017,17,3000,0.026824764435207694,1.0,2250,0.07424130656451787,0.03770897804680735,1.0,0.0
vicsek,rho_8,8,800,5,1130018,18,3000,0.0053636358029813805,1.0,2250,0.0751358834760024,0.037975129864023696,1.0,0.0
vicsek,rho_8,8,800,5,1130019,19,3000,0.05498483667365833,1.0,2250,0.0690031493177175,0.034672515084479535,1.0,0.0
vicsek,rho_8,8,800,5.5,1131000,0,3000,0.015114623271541063,1.0,2250,0.04019449637921839,0.01991723025313806,1.0,0.0
vicsek,rho_8,8,800,5.5,1131001,1,3000,0.034153712468167514,1.0,2250,0.039227705697889914,0.020550061201151573,1.0,0.0
vicsek,rho_8,8,800,5.5,1131002,2,3000,0.05737769501479585,1.0,2250,0.038539561258860607,0.02111171362025231,1.0,0.0
vicsek,rho_8,8,800,5.5,1131003,3,3000,0.06997660734793026,1.0,2250,0.04003301329496433,0.02069459931947566,1.0,0.0
vicsek,rho_8,8,800,5.5,1131004,4,3000,0.011560314916107574,1.0,2250,0.04110031159770199,0.021626011012259087,1.0,0.0
vicsek,rho_8,8,800,5.5,1131005,5,3000,0.05587489252205094,1.0,2250,0.03927443169802438,0.01978696435709896,1.0,0.0
vicsek,rho_8,8,800,5.5,1131006,6,3000,0.01508833211306733,1.0,2250,0.03893872931166682,0.019945401656558403,1.0,0.0
vicsek,rho_8,8,800,5.5,1131007,7,3000,0.023304254280765803,1.0,2250,0.038692941061324905,0.02091421982773645,1.0,0.0
vicsek,rho_8,8,800,5.5,1131008,8,3000,0.024420012846465805,1.0,2250,0.038141779848928165,0.02134781701352727,1.0,0.0
vicsek,rho_8,8,800,5.5,1131009,9,3000,0.04610370605736814,1.0,2250,0.039471930453220574,0.0216586044269985,1.0,0.0
vicsek,rho_8,8,800,5.5,1131010,10,3000,0.02976829546967111,1.0,2250,0.03910043913426241,0.021264878935588892,1.0,0.0
vicsek,rho_8,8,800,5.5,1131011,11,3000,0.05661264154768461,1.0,2250,0.039976619986320565,0.019978191087116015,1.0,0.0
vicsek,rho_8,8,800,5.5,1131012,12,3000,0.03768051587748077,1.0,2250,0.039880786556155144,0.021016106287189428,1.0,0.0
vicsek,rho_8,8,800,5.5,1131013,13,3000,0.056312240562557035,1.0,2250,0.03845517369225031,0.01936178694685329,1.0,0.0
vicsek,rho_8,8,800,5.5,1131014,14,3000,0.035457853196990026,1.0,2250,0.041879015355642625,0.021865121685005075,1.0,0.0
vicsek,rho_8,8,800,5.5,1131015,15,3000,0.04101116250573629,1.0,2250,0.04042617693199815,0.020838098935919314,1.0,0.0
vicsek,rho_8,8,800,5.5,1131016,16,3000,0.027663604367593783,1.0,2250,0.039154170085192036,0.020414848887132842,1.0,0.0
vicsek,rho_8,8,800,5.5,1131017,17,3000,0.05251184717117442,1.0,2250,0.038080442939680006,0.02144905862358971,1.0,0.0
vicsek,rho_8,8,800,5.5,1131018,18,3000,0.027011463421861247,1.0,2250,0.037317437720249536,0.019683020938013884,1.0,0.0
vicsek,rho_8,8,800,5.5,1131019,19,3000,0.029545717699102275,1.0,2250,0.04001266460160452,0.020457804630200527,1.0,0.0
vicsek,rho_8,8,800,6,1132000,0,3000,0.018352689488572417,1.0,2250,0.0327698087358219,0.017182357876917746,1.0,0.0
vicsek,rho_8,8,800,6,1132001,1,3000,0.04901051258097103,1.0,2250,0.03262032498781421,0.01657887594571475,1.0,0.0
vicsek,rho_8,8,800,6,1132002,2,3000,0.04521300806415874,1.0,2250,0.0319145189863768,0.017509715542635203,1.0,0.0
vicsek,rho_8,8,800,6,1132003,3,3000,0.03650832352699714,1.0,2250,0.0322867615862019,0.01704915078675485,1.0,0.0
vicsek,rho_8,8,800,6,1132004,4,3000,0.024159781469691936,1.0,2250,0.03197258418126586,0.016717679386426935,1.0,0.0
vicsek,rho_8,8,800,6,1132005,5,3000,0.02269127998057592,1.0,2250,0.032403986796368245,0.016812684746885655,1.0,0.0
vicsek,rho_8,8,800,6,1132006,6,3000,0.03555577623373771,1.0,2250,0.03194724437190133,0.017235205483393648,1.0,0.0
vicsek,rho_8,8,800,6,1132007,7,3000,0.04820818223849714,1.0,2250,0.032247387385406494,0.01689302250289344,1.0,0.0
vicsek,rho_8,8,800,6,1132008,8,3000,0.03659897197856904,1.0,2250,0.03194054362555247,0.01652411012027175,1.0,0.0
vicsek,rho_8,8,800,6,1132009,9,3000,0.012643911180533407,1.0,2250,0.03166604885292924,0.01759366576773043,1.0,0.0
vicsek,rho_8,8,800,6,1132010,10,3000,0.02334475192869638,1.0,2250,0.03291714526230458,0.017368688143197506,1.0,0.0
vicsek,rho_8,8,800,6,1132011,11,3000,0.02038126310213425,1.0,2250,0.03302059038475844,0.017457834387259258,1.0,0.0
vicsek,rho_8,8,800,6,1132012,12,3000,0.026610405254137673,1.0,2250,0.032990426012517074,0.016750435932200495,1.0,0.0
vicsek,rho_8,8,800,6,1132013,13,3000,0.008841949161322776,1.0,2250,0.03203507020556502,0.016401227317887866,1.0,0.0
vicsek,rho_8,8,800,6,1132014,14,3000,0.011846932475313791,1.0,2250,0.03191795408168827,0.016741674365508323,1.0,0.0
vicsek,rho_8,8,800,6,1132015,15,3000,0.03505995747986862,1.0,2250,0.03295212783579838,0.016752921672204425,1.0,0.0
vicsek,rho_8,8,800,6,1132016,16,3000,0.01131228165846278,1.0,2250,0.03250271015131388,0.016165428935389504,1.0,0.0
vicsek,rho_8,8,800,6,1132017,17,3000,0.0332471079391791,1.0,2250,0.030722514543214983,0.016596523029312214,1.0,0.0
vicsek,rho_8,8,800,6,1132018,18,3000,0.04086917212075389,1.0,2250,0.03251771677505871,0.017658204451730483,1.0,0.0
vicsek,rho_8,8,800,6,1132019,19,3000,0.052213341854413245,1.0,2250,0.03192269261542795,0.016723999744696648,1.0,0.0
