model,rho_label,eta,t,realizations,va_mean,va_stdev,va_stderr,S_mean,S_stdev,S_stderr
vicsek,rho_1_over_2pi,0.59999999999999998,0,20,0.21687189469449403,0.13504232844636013,0.03019638262459148,0.175,0.05077524002897475,0.011353688827865593
vicsek,rho_1_over_2pi,0.59999999999999998,50,20,0.40079265233039135,0.14823961892220167,0.033147386486870704,0.2625,0.06434768838116875,0.014388580541526672
vicsek,rho_1_over_2pi,0.59999999999999998,100,20,0.426681184102678,0.21548387369608216,0.048183658963941854,0.34375,0.10551214385083833,0.023593232610221095
vicsek,rho_1_over_2pi,0.59999999999999998,150,20,0.4532494497290407,0.24656398800544937,0.05513338379836276,0.34375,0.09164298936634488,0.020491995388443752
vicsek,rho_1_over_2pi,0.59999999999999998,200,20,0.4862086282016633,0.2872583040239057,0.06423290948987544,0.390625,0.1263597913697233,0.028254908312539257
vicsek,rho_1_over_2pi,0.59999999999999998,250,20,0.5957469169598045,0.16769569512028856,0.037497897382304496,0.440625,0.14983715118421065,0.03350460556028081
vicsek,rho_1_over_2pi,0.59999999999999998,300,20,0.6076868696282912,0.22916052887424215,0.05124185203226088,0.45625,0.16189792308735773,0.03620147614393645
vicsek,rho_1_over_2pi,0.59999999999999998,350,20,0.659741493210855,0.22174793644348323,0.04958434597579314,0.503125,0.18272567382554647,0.040858702790837594
vicsek,rho_1_over_2pi,0.59999999999999998,400,20,0.635200005957014,0.22285828569378052,0.04983262761603621,0.540625,0.1825117718806105,0.04081087286189797
vicsek,rho_1_over_2pi,0.59999999999999998,450,20,0.7188214699754129,0.2003687018869304,0.04480380379825667,0.553125,0.18985500223855045,0.04245286908737735
vicsek,rho_1_over_2pi,0.59999999999999998,500,20,0.7415526786223519,0.1980008021506632,0.044274325320836944,0.58125,0.20549102778466996,0.045949190689282
vicsek,rho_1_over_2pi,0.59999999999999998,550,20,0.7660378459426478,0.1340937317295485,0.029984269950389088,0.61875,0.22351943427809584,0.04998046493381189
vicsek,rho_1_over_2pi,0.59999999999999998,600,20,0.7451336805673305,0.21414847088977032,0.047885053818716126,0.6125,0.22061703243403488,0.049331468151677785
vicsek,rho_1_over_2pi,0.59999999999999998,650,20,0.7105979968843303,0.20844410179573009,0.046609518112413845,0.634375,0.22644932518115393,0.050635608456401505
vicsek,rho_1_over_2pi,0.59999999999999998,700,20,0.7896872974081615,0.12109148792032692,0.027076879848644562,0.64375,0.2092583630347901,0.04679159246061198
vicsek,rho_1_over_2pi,0.59999999999999998,750,20,0.746941411600715,0.19631098410193282,0.04389647051818023,0.640625,0.20622632439870522,0.04611360801054283
vicsek,rho_1_over_2pi,0.59999999999999998,800,20,0.8227985356691214,0.16336048138630138,0.036528514121685896,0.69375,0.1985297521783574,0.044392602142699404
vicsek,rho_1_over_2pi,0.59999999999999998,850,20,0.7548269828305806,0.19435560431887253,0.043459234306505064,0.66875,0.18232440182268528,0.04076897564325108
vicsek,rho_1_over_2pi,0.59999999999999998,900,20,0.7365751616497768,0.2123509104921765,0.047483107094447995,0.659375,0.2010470638308354,0.04495549014024872
vicsek,rho_1_over_2pi,0.59999999999999998,950,20,0.7390394746036061,0.25104151563949967,0.05613458941444978,0.66875,0.20165332256127097,0.04509105371356939
vicsek,rho_1_over_2pi,0.59999999999999998,1000,20,0.76778010245936,0.26681568001769507,0.059661799798239844,0.734375,0.1788362990978062,0.0399890121627179
vicsek,rho_1_over_2pi,0.59999999999999998,1050,20,0.7202781356547513,0.2599936889115733,0.05813635621272112,0.7,0.205965713166051,0.04605533356735134
vicsek,rho_1_over_2pi,0.59999999999999998,1100,20,0.7641542579404492,0.18900703471987296,0.04226325778592988,0.709375,0.18985500223855045,0.04245286908737735
vicsek,rho_1_over_2pi,0.59999999999999998,1150,20,0.7851416654785744,0.18437893999424515,0.041228384344648684,0.734375,0.18208321414946518,0.04071504443998557
vicsek,rho_1_over_2pi,0.59999999999999998,1200,20,0.7873180249326284,0.15736492142827474,0.03518786615875356,0.728125,0.15344354621488648,0.03431102000451167
vicsek,rho_1_over_2pi,0.59999999999999998,1250,20,0.8177150429869814,0.1582360736772727,0.03538266172350468,0.746875,0.1879941405336879,0.04203676776049747
vicsek,rho_1_over_2pi,0.59999999999999998,1300,20,0.8258543555175034,0.1466627145840701,0.03279477995746305,0.78125,0.19008632907181935,0.04250459533979826
vicsek,rho_1_over_2pi,0.59999999999999998,1350,20,0.8488885289594599,0.11177580771746093,0.024993830429618825,0.740625,0.212201076517062,0.04744960319907849
vicsek,rho_1_over_2pi,0.59999999999999998,1400,20,0.88613990434293,0.07565338686442845,0.016916611575695167,0.778125,0.2058471444421807,0.046028820794693406
vicsek,rho_1_over_2pi,0.59999999999999998,1450,20,0.8820414804986875,0.11659820710853723,0.026072151714928844,0.753125,0.2114634646339646,0.04728466816791675
vicsek,rho_1_over_2pi,0.59999999999999998,1500,20,0.8755350519646766,0.09878750457387829,0.022089557555476324,0.728125,0.2176535018670731,0.048668802571565285
vicsek,rho_1_over_2pi,0.59999999999999998,1550,20,0.8821763047518733,0.104084998027265,0.023274113102689602,0.728125,0.203749041408788,0.04555967069404695
vicsek,rho_1_over_2pi,0.59999999999999998,1600,20,0.8414545113144009,0.1274170255090626,0.02849131305290887,0.71875,0.203964610901009,0.04560787349789507
vicsek,rho_1_over_2pi,0.59999999999999998,1650,20,0.8062420363463666,0.18289956644671249,0.04089758636300888,0.7375,0.20501524333570906,0.04584280205223062
vicsek,rho_1_over_2pi,0.59999999999999998,1700,20,0.7732518902492655,0.21282203955394838,0.04758845475527776,0.74375,0.1995111212439046,0.044612042936857305
vicsek,rho_1_over_2pi,0.59999999999999998,1750,20,0.7540411425421183,0.2632854721233164,0.05887242131558613,0.71875,0.203964610901009,0.04560787349789507
vicsek,rho_1_over_2pi,0.59999999999999998,1800,20,0.7196412819655922,0.28643829975212787,0.06404955096052191,0.728125,0.19791392541961264,0.04425489909320774
vicsek,rho_1_over_2pi,0.59999999999999998,1850,20,0.7512586537056575,0.22259758881236458,0.049774334021199386,0.728125,0.22032912171340402,0.04926708935739963
vicsek,rho_1_over_2pi,0.59999999999999998,1900,20,0.7621423234172738,0.20923686878771391,0.046786786200853234,0.734375,0.1985051557894656,0.0443871022229431
vicsek,rho_1_over_2pi,0.59999999999999998,1950,20,0.7339126579766562,0.24149371769793818,0.053999636891173375,0.684375,0.2114634646339646,0.04728466816791675
vicsek,rho_1_over_2pi,0.59999999999999998,2000,20,0.7738285483556872,0.21161266040367774,0.04731802935622015,0.6875,0.20822914061197104,0.04656145133047294
vicsek,rho_1_over_2pi,0.59999999999999998,2050,20,0.8211713998870953,0.22937486128284099,0.051289778215801704,0.721875,0.20394066998762164,0.04560252014691732
vicsek,rho_1_over_2pi,0.59999999999999998,2100,20,0.8322072034514949,0.2006426354371813,0.04486505720222456,0.759375,0.2056572922971612,0.045986368564499634
vicsek,rho_1_over_2pi,0.59999999999999998,2150,20,0.8439443587662658,0.20202696795297612,0.04517460336310261,0.775,0.22308210371968434,0.04988267484808728
vicsek,rho_1_over_2pi,0.59999999999999998,2200,20,0.8467280328701914,0.14058339930271332,0.031435403734886354,0.790625,0.21944087330075954,0.0490684709742417
vicsek,rho_1_over_2pi,0.59999999999999998,2250,20,0.8341106874861003,0.20009216091914778,0.04474196735800412,0.76875,0.19273929931386594,0.043097817520148275
vicsek,rho_1_over_2pi,0.59999999999999998,2300,20,0.8902961858524421,0.11436236749496272,0.025572202778654896,0.79375,0.14803399102908765,0.0331014066921634
vicsek,rho_1_over_2pi,0.59999999999999998,2350,20,0.9054820378668852,0.09758416245733478,0.02182048207819835,0.853125,0.11738524981870593,0.02624813981504213
vicsek,rho_1_over_2pi,0.59999999999999998,2400,20,0.924226504534613,0.08408672927269885,0.018802364265937607,0.828125,0.14905300022139775,0.033329264074533654
vicsek,rho_1_over_2pi,0.59999999999999998,2450,20,0.8960800266452029,0.09798021302410002,0.02190904167717979,0.840625,0.1599255197740498,0.035760433355176216
vicsek,rho_1_over_2pi,0.59999999999999998,2500,20,0.9024083373285225,0.12136242051935932,0.027137462219520275,0.840625,0.16591954940572856,0.03710073912673439
vicsek,rho_1_over_2pi,0.59999999999999998,2550,20,0.8960838108440348,0.10061889026786715,0.022499067845954294,0.8125,0.19364916731037085,0.04330127018922193
vicsek,rho_1_over_2pi,0.59999999999999998,2600,20,0.835020981036903,0.18448180098937153,0.04125138476238227,0.80625,0.19754350786598884,0.04417207121021154
vicsek,rho_1_over_2pi,0.59999999999999998,2650,20,0.827721633282063,0.1748096937478501,0.03908863583461128,0.83125,0.17908185977368005,0.04004392119910337
vicsek,rho_1_over_2pi,0.59999999999999998,2700,20,0.8744495987506241,0.14176803173961633,0.031700295600612986,0.846875,0.16473819191371503,0.0368365795609473
vicsek,rho_1_over_2pi,0.59999999999999998,2750,20,0.9000529136072297,0.09317752392137331,0.020835127746330347,0.83125,0.1426589026314166,0.03189950038793711
vicsek,rho_1_over_2pi,0.59999999999999998,2800,20,0.892260364860598,0.10163265592739452,0.022725752738750108,0.8625,0.15,0.03354101966249684
vicsek,rho_1_over_2pi,0.59999999999999998,2850,20,0.9049973932267241,0.08033243432480994,0.017962878394831242,0.825,0.17410485346480148,0.03893102875599359
vicsek,rho_1_over_2pi,0.59999999999999998,2900,20,0.9115560207144389,0.07468340281638043,0.01669971654884259,0.825,0.14604151806934904,0.032655876194032825
vicsek,rho_1_over_2pi,0.59999999999999998,2950,20,0.900734974767839,0.09572993356659328,0.021405863893644145,0.8125,0.15934435979977452,0.03563048203434806
vicsek,rho_1_over_2pi,0.59999999999999998,3000,20,0.8792954299814502,0.09441861817311764,0.021112644857668804,0.790625,0.17373988279897049,0.03884941883413444
vicsek,rho_1_over_2pi,0.80000000000000004,0,20,0.2441776157924081,0.09492562012685396,0.021226013940996765,0.159375,0.04624577683421482,0.010340870067358935
vicsek,rho_1_over_2pi,0.80000000000000004,50,20,0.3003855516725443,0.13218996870774335,0.029558575597408415,0.246875,0.08022186033120897,0.017938153298207703
vicsek,rho_1_over_2pi,0.80000000000000004,100,20,0.4241123473483497,0.18406084688707525,0.04115725656356808,0.30625,0.10250762166785453,0.02292140102611531
vicsek,rho_1_over_2pi,0.80000000000000004,150,20,0.43518192687726576,0.14441356564510183,0.032291854965557594,0.38125,0.14375,0.03214347717655947
vicsek,rho_1_over_2pi,0.80000000000000004,200,20,0.4962480352388835,0.20140061781156468,0.045034547213711355,0.434375,0.16825738282464756,0.03762349457121175
vicsek,rho_1_over_2pi,0.80000000000000004,250,20,0.5552936137868281,0.20312571389828768,0.045420290425474505,0.478125,0.21035219721933024,0.047036181219886466
vicsek,rho_1_over_2pi,0.80000000000000004,300,20,0.6814661784036947,0.17023492233437515,0.038065685848406,0.540625,0.19889833301211954,0.044475019322648975
vicsek,rho_1_over_2pi,0.80000000000000004,350,20,0.6203914224213489,0.219953377491462,0.04918307039515812,0.546875,0.23458324082295393,0.052454407286232865
vicsek,rho_1_over_2pi,0.80000000000000004,400,20,0.6652821848895147,0.19355111568050126,0.043279345178252625,0.58125,0.21569292408421747,0.04823040405180118
vicsek,rho_1_over_2pi,0.80000000000000004,450,20,0.6877961521616471,0.19069428486495757,0.04264053838787544,0.571875,0.15968107863801523,0.035705774655509157
vicsek,rho_1_over_2pi,0.80000000000000004,500,20,0.6849549802934923,0.15933489617733684,0.03562836590403966,0.590625,0.17839891220240106,0.039891209479658546
vicsek,rho_1_over_2pi,0.80000000000000004,550,20,0.7088915259781877,0.2187013256749203,0.04890310309784418,0.6125,0.16723860200324564,0.03739568825412897
vicsek,rho_1_over_2pi,0.80000000000000004,600,20,0.7126430934884986,0.23100052460420042,0.05165328758531048,0.6125,0.1828592354790974,0.04088856808449031
vicsek,rho_1_over_2pi,0.80000000000000004,650,20,0.7404992046735657,0.22738969555733782,0.05084588166491893,0.628125,0.20960807922167504,0.04686979137728266
vicsek,rho_1_over_2pi,0.80000000000000004,700,20,0.6718882893667699,0.2504999871524374,0.056013499963567394,0.640625,0.20432338797846908,0.04568809849129202
vicsek,rho_1_over_2pi,0.80000000000000004,750,20,0.7139786356516042,0.24197471244390642,0.0541071905860539,0.578125,0.19452968121857395,0.04349815908460954
vicsek,rho_1_over_2pi,0.80000000000000004,800,20,0.7306765020897673,0.20536401899655346,0.04592079066088517,0.596875,0.16709255481618562,0.03736303111031009
vicsek,rho_1_over_2pi,0.80000000000000004,850,20,0.7339709649383639,0.20205391876244858,0.045180629747305516,0.5875,0.1704772712123232,0.03811987670494226
vicsek,rho_1_over_2pi,0.80000000000000004,900,20,0.7282457542742418,0.18140664980441168,0.04056376005331634,0.6,0.1375,0.03074593469062211
vicsek,rho_1_over_2pi,0.80000000000000004,950,20,0.6761249497031263,0.22003430013607572,0.04920116524858565,0.60625,0.16429299285118645,0.03673703002421399
vicsek,rho_1_over_2pi,0.80000000000000004,1000,20,0.719650565329762,0.21871410004884798,0.048905959534691415,0.60625,0.1689813229324472,0.0377853725004796
vicsek,rho_1_over_2pi,0.80000000000000004,1050,20,0.6807271194605992,0.24709853590216085,0.055252912341790396,0.6125,0.17633419974582357,0.03942952573896876
vicsek,rho_1_over_2pi,0.80000000000000004,1100,20,0.6931067652748002,0.250160948539179,0.05593768862494309,0.621875,0.1941276561312169,0.04340826354221048
vicsek,rho_1_over_2pi,0.80000000000000004,1150,20,0.6538190162651849,0.25031492684093526,0.05597211921992179,0.646875,0.20754799896650414,0.04640914342831593
vicsek,rho_1_over_2pi,0.80000000000000004,1200,20,0.7886539852850218,0.22936355201451006,0.05128724938652533,0.628125,0.23089076827582344,0.05162874532418931
vicsek,rho_1_over_2pi,0.80000000000000004,1250,20,0.7953955945198187,0.17841331296965263,0.03989442958910881,0.675,0.2301494079940246,0.05146297212559725
vicsek,rho_1_over_2pi,0.80000000000000004,1300,20,0.7481282602476573,0.2355923500798181,0.05268005097574013,0.68125,0.22698774746668596,0.05075600333950655
vicsek,rho_1_over_2pi,0.80000000000000004,1350,20,0.6988672080547074,0.28541110520443824,0.06381986327704679,0.69375,0.23791082888342852,0.053198478596666654
vicsek,rho_1_over_2pi,0.80000000000000004,1400,20,0.7184572739318275,0.23514212743908924,0.052579378132772206,0.671875,0.2004633304996203,0.044824963399315784
vicsek,rho_1_over_2pi,0.80000000000000004,1450,20,0.7495790074749515,0.22172708545968964,0.049579683554077124,0.696875,0.21854901481132327,0.04886904535337272
vicsek,rho_1_over_2pi,0.80000000000000004,1500,20,0.8125705384497817,0.1495997593373366,0.03345152312958935,0.70625,0.19872641369480806,0.044436576994633596
vicsek,rho_1_over_2pi,0.80000000000000004,1550,20,0.8104819904932464,0.17261510362650873,0.038597910565204396,0.70625,0.1855102759956979,0.041481358765112795
vicsek,rho_1_over_2pi,0.80000000000000004,1600,20,0.7609525868384753,0.21430895554578727,0.047920939278736085,0.715625,0.16709255481618562,0.03736303111031009
vicsek,rho_1_over_2pi,0.80000000000000004,1650,20,0.7775488343087147,0.18108516619710638,0.04049187413335769,0.71875,0.17732826198888885,0.03965180481390475
vicsek,rho_1_over_2pi,0.80000000000000004,1700,20,0.7995523545919068,0.13893824085248146,0.03106753512203869,0.709375,0.19291655417563314,0.043137452912173656
vicsek,rho_1_over_2pi,0.80000000000000004,1750,20,0.7662553238954903,0.1917406051408575,0.0428745027141903,0.71875,0.21240806834958034,0.04749588797990832
vicsek,rho_1_over_2pi,0.80000000000000004,1800,20,0.7635772166694066,0.2141503342580146,0.04788547048052226,0.7125,0.20953818267800262,0.046854162034978275
vicsek,rho_1_over_2pi,0.80000000000000004,1850,20,0.7369094832795191,0.21462211077852747,0.047990962917527774,0.68125,0.21731673313392139,0.04859349879356291
vicsek,rho_1_over_2pi,0.80000000000000004,1900,20,0.7982944403060764,0.19776790548476758,0.044222248043169377,0.7,0.19324531042175383,0.04321096504360901
vicsek,rho_1_over_2pi,0.80000000000000004,1950,20,0.7735652107521073,0.21704115170313554,0.04853187691230553,0.68125,0.20145951826607747,0.04504771775573098
vicsek,rho_1_over_2pi,0.80000000000000004,2000,20,0.8017432525532134,0.18244145624682817,0.040795149808196145,0.740625,0.17486043541922228,0.03909998201725929
vicsek,rho_1_over_2pi,0.80000000000000004,2050,20,0.8039540026710672,0.19083238216591172,0.04267141788311971,0.734375,0.17441307827969782,0.03899994991983964
vicsek,rho_1_over_2pi,0.80000000000000004,2100,20,0.772831323507563,0.21780032324978152,0.048701632830793935,0.7125,0.14973935688388673,0.03348273808994718
vicsek,rho_1_over_2pi,0.80000000000000004,2150,20,0.7915522749596593,0.17984111498242117,0.04021369582500496,0.675,0.17410485346480148,0.03893102875599359
vicsek,rho_1_over_2pi,0.80000000000000004,2200,20,0.753076892225926,0.22937963541775652,0.05129084574482219,0.715625,0.2010470638308354,0.04495549014024872
vicsek,rho_1_over_2pi,0.80000000000000004,2250,20,0.7382666528582165,0.25969568905405827,0.05806972141885223,0.7,0.19223195624037123,0.0429843721601235
vicsek,rho_1_over_2pi,0.80000000000000004,2300,20,0.7445183064723698,0.2222029573473859,0.04968609174302412,0.74375,0.18635064394844467,0.041669270751958205
vicsek,rho_1_over_2pi,0.80000000000000004,2350,20,0.7505086906432871,0.19091377731138645,0.042689618390951714,0.759375,0.1825117718806105,0.04081087286189797
vicsek,rho_1_over_2pi,0.80000000000000004,2400,20,0.7345764364636054,0.21280056272812414,0.047583652391029366,0.7625,0.18498310733685927,0.04136348026943574
vicsek,rho_1_over_2pi,0.80000000000000004,2450,20,0.7447699838572592,0.20643251524660666,0.04615971368576743,0.709375,0.1846396405840306,0.04128667876870214
vicsek,rho_1_over_2pi,0.80000000000000004,2500,20,0.7745226108000356,0.19289388134986046,0.04313238311420669,0.690625,0.21421641364517333,0.0479002462806821
vicsek,rho_1_over_2pi,0.80000000000000004,2550,20,0.7211426539226407,0.21586499059482706,0.0482688792932386,0.6875,0.2044428404224516,0.04571480886977435
vicsek,rho_1_over_2pi,0.80000000000000004,2600,20,0.7504385838137976,0.20444343050586244,0.04571494081643626,0.66875,0.20358121843627913,0.04552214433657536
vicsek,rho_1_over_2pi,0.80000000000000004,2650,20,0.731377287652167,0.20368663967070932,0.04554571724122114,0.68125,0.2043472840533977,0.045693441816085596
vicsek,rho_1_over_2pi,0.80000000000000004,2700,20,0.8284779492962693,0.1806800781178196,0.04040129368514169,0.715625,0.20201620448617483,0.04517219657875848
vicsek,rho_1_over_2pi,0.80000000000000004,2750,20,0.7682652911195269,0.17689986833858798,0.039556013081584546,0.7,0.20785361435394864,0.04647748110644552
vicsek,rho_1_over_2pi,0.80000000000000004,2800,20,0.8203758964427932,0.17559139393093062,0.039263429309350485,0.734375,0.21908456557913886,0.04898879814559651
vicsek,rho_1_over_2pi,0.80000000000000004,2850,20,0.7733258480183008,0.2426057200945134,0.05424828818616186,0.740625,0.22384687148807775,0.05005368211980013
vicsek,rho_1_over_2pi,0.80000000000000004,2900,20,0.7592443951469627,0.21085529590354943,0.047148677505616944,0.75625,0.21460355891736743,0.047986814595261475
vicsek,rho_1_over_2pi,0.80000000000000004,2950,20,0.8144766014163455,0.17210089543683924,0.03848293011853559,0.740625,0.20085267455276765,0.04491202337626306
vicsek,rho_1_over_2pi,0.80000000000000004,3000,20,0.878368734804635,0.12335392787829512,0.027582776802747427,0.76875,0.18125,0.04052873209218368
vicsek,rho_1_over_2pi,1.2,0,20,0.29392948746327735,0.12059101400835226,0.026964970479830503,0.146875,0.03576725981956124,0.007997802432543579
vicsek,rho_1_over_2pi,1.2,50,20,0.3440964534256304,0.17033193598517704,0.038087378760199846,0.234375,0.08586644790021304,0.019200321449132043
vicsek,rho_1_over_2pi,1.2,100,20,0.4167631162512567,0.16618199784779103,0.037159424382438445,0.26875,0.09078649403958719,0.020300477211139645
vicsek,rho_1_over_2pi,1.2,150,20,0.45201804463472284,0.18461090851991374,0.04128025408385222,0.290625,0.09116220091134264,0.02038448782162554
vicsek,rho_1_over_2pi,1.2,200,20,0.4526256483133376,0.1784698299895203,0.03990706717893979,0.3375,0.1159202311936963,0.02592055169165965
vicsek,rho_1_over_2pi,1.2,250,20,0.47366017188738097,0.16513168923643762,0.03692456823720448,0.353125,0.09936320684740403,0.022218288497316798
vicsek,rho_1_over_2pi,1.2,300,20,0.44896630979198876,0.13991566742639971,0.03128609434826828,0.365625,0.11400897716846686,0.025493182299391338
vicsek,rho_1_over_2pi,1.2,350,20,0.3616228906567927,0.21612131751144473,0.04832619573424061,0.371875,0.11263013306837562,0.025184863385573485
vicsek,rho_1_over_2pi,1.2,400,20,0.44502831699881745,0.21726941102167283,0.048582917247580244,0.403125,0.17283821011281042,0.03864779869216357
vicsek,rho_1_over_2pi,1.2,450,20,0.5089522798870705,0.20801746358411755,0.04651411890811739,0.4375,0.16770509831248423,0.0375
vicsek,rho_1_over_2pi,1.2,500,20,0.5054553427152855,0.19303674275091054,0.04316432789461757,0.4875,0.13919410907075055,0.03112474899497183
vicsek,rho_1_over_2pi,1.2,550,20,0.5975286525697198,0.19282194405224135,0.04311629744544729,0.55625,0.1628601777599423,0.03641664282989304
vicsek,rho_1_over_2pi,1.2,600,20,0.5778773748981186,0.2011949268680067,0.04498855332049618,0.55,0.18392423711952702,0.04112670969090525
vicsek,rho_1_over_2pi,1.2,650,20,0.5675107436994943,0.21783466092200823,0.04870931096772274,0.5875,0.158607219255619,0.03546565239777776
vicsek,rho_1_over_2pi,1.2,700,20,0.6251054134241955,0.187422606523824,0.0419089688707466,0.609375,0.18315272827615756,0.040954195069003614
vicsek,rho_1_over_2pi,1.2,750,20,0.6665125344758096,0.1683747103592397,0.0376497298055098,0.609375,0.19751878866325603,0.04416654382844553
vicsek,rho_1_over_2pi,1.2,800,20,0.616193175251131,0.19597896390884728,0.04382222854601604,0.55625,0.20242668425877058,0.04526398264624976
vicsek,rho_1_over_2pi,1.2,850,20,0.59613039686105,0.2415240724243361,0.054006424414339796,0.590625,0.1879941405336879,0.04203676776049747
vicsek,rho_1_over_2pi,1.2,900,20,0.6911477973273835,0.1796779772312054,0.040177217114863474,0.628125,0.21512623474369647,0.04810368846304823
vicsek,rho_1_over_2pi,1.2,950,20,0.6678043857597797,0.2133571382107384,0.047708106452402886,0.6375,0.22758926820041406,0.0508905074645557
vicsek,rho_1_over_2pi,1.2,1000,20,0.6115268495260048,0.2741157167193747,0.06129413762855974,0.653125,0.22050634202897657,0.04930671702466105
vicsek,rho_1_over_2pi,1.2,1050,20,0.6957591125023179,0.1749104346866047,0.03911116219332852,0.7125,0.17388034679054445,0.038880827537489476
vicsek,rho_1_over_2pi,1.2,1100,20,0.6873168362137114,0.2016361084892179,0.045087204530041364,0.71875,0.17286645857424163,0.038654115240165564
vicsek,rho_1_over_2pi,1.2,1150,20,0.6276882658816813,0.19115100261065576,0.042742663580466606,0.69375,0.15549819130780912,0.03477045261425281
vicsek,rho_1_over_2pi,1.2,1200,20,0.6885710621956964,0.21457584766882942,0.047980618171714236,0.709375,0.17486043541922228,0.03909998201725929
vicsek,rho_1_over_2pi,1.2,1250,20,0.6937633683431661,0.19391322770744834,0.04336031588902502,0.68125,0.13820840242184987,0.030904338287690285
vicsek,rho_1_over_2pi,1.2,1300,20,0.668073373912877,0.1940796160851259,0.04339752146134031,0.65625,0.17286645857424163,0.038654115240165564
vicsek,rho_1_over_2pi,1.2,1350,20,0.6948266249871596,0.18885084713870895,0.04222833318105748,0.6625,0.17611253504506713,0.03937996000505841
vicsek,rho_1_over_2pi,1.2,1400,20,0.6435676319468889,0.18136928166051652,0.040555404282322086,0.640625,0.1687210623336636,0.03772717646140511
vicsek,rho_1_over_2pi,1.2,1450,20,0.6622490095662219,0.22374138153099002,0.05003009384830096,0.621875,0.19006063999418712,0.04249885108741176
vicsek,rho_1_over_2pi,1.2,1500,20,0.6153059469592085,0.2242984365670807,0.0501546551410917,0.603125,0.19493087717188368,0.043587869226999386
vicsek,rho_1_over_2pi,1.2,1550,20,0.7174896070175638,0.18454813005533538,0.04126621639242019,0.59375,0.19515618744994995,0.04363825013677794
vicsek,rho_1_over_2pi,1.2,1600,20,0.6039227795144216,0.23498470120857803,0.05254417655748574,0.6,0.1783167827210888,0.03987284476934145
vicsek,rho_1_over_2pi,1.2,1650,20,0.6355122245388896,0.22964457937965013,0.051350089015724416,0.609375,0.19149392124816914,0.042819342518889754
vicsek,rho_1_over_2pi,1.2,1700,20,0.6323928062614587,0.2233394723498162,0.04994022422331237,0.64375,0.19675095298371492,0.04399485055094516
vicsek,rho_1_over_2pi,1.2,1750,20,0.6385843902633667,0.18994751613982644,0.04247355582458903,0.69375,0.1955560980895252,0.04372767287427951
vicsek,rho_1_over_2pi,1.2,1800,20,0.6854447327543298,0.20015778357077707,0.044756641028994806,0.665625,0.19593027299271545,0.04381134092618029
vicsek,rho_1_over_2pi,1.2,1850,20,0.6679670263760584,0.2245473460860283,0.05021031300155306,0.709375,0.22209496139039264,0.04966194311291091
vicsek,rho_1_over_2pi,1.2,1900,20,0.7086717807125085,0.2287761357956928,0.051155899126889205,0.6875,0.21378289220608837,0.04780330793993236
vicsek,rho_1_over_2pi,1.2,1950,20,0.6673216683556656,0.20513546397498825,0.045869684204403294,0.703125,0.21908456557913886,0.04898879814559651
vicsek,rho_1_over_2pi,1.2,2000,20,0.6704366207521277,0.23153162300041757,0.05177204479697875,0.71875,0.19515618744994995,0.04363825013677794
vicsek,rho_1_over_2pi,1.2,2050,20,0.7186012899686798,0.19506861865821915,0.04361866915967618,0.703125,0.18315272827615756,0.040954195069003614
vicsek,rho_1_over_2pi,1.2,2100,20,0.7475987536740435,0.18085112358456712,0.04043954061423075,0.728125,0.18035880038135096,0.04032945379930157
vicsek,rho_1_over_2pi,1.2,2150,20,0.6957831138988124,0.20201703110103542,0.045172381415460434,0.68125,0.19455478020341727,0.043503771388237134
vicsek,rho_1_over_2pi,1.2,2200,20,0.7139699860022587,0.2413626802144694,0.05397033601910971,0.66875,0.19475545563603602,0.043548643779112106
vicsek,rho_1_over_2pi,1.2,2250,20,0.7632876615042338,0.17209717425120666,0.03848209803613245,0.703125,0.20240256143389096,0.04525858861862575
vicsek,rho_1_over_2pi,1.2,2300,20,0.6877508068998199,0.22037934496989084,0.04927831961895522,0.6625,0.24796043031096715,0.055445637790542186
vicsek,rho_1_over_2pi,1.2,2350,20,0.6423853840772418,0.25733602629737873,0.05754208478606123,0.64375,0.21749640801631645,0.04863367531865138
vicsek,rho_1_over_2pi,1.2,2400,20,0.6671295111253778,0.1802785119428347,0.04031150075866861,0.66875,0.21203994317109218,0.04741357268757544
vicsek,rho_1_over_2pi,1.2,2450,20,0.6326680438839414,0.21237135008514982,0.04748767752638007,0.665625,0.19593027299271545,0.04381134092618029
vicsek,rho_1_over_2pi,1.2,2500,20,0.7154564795006852,0.16761798335760003,0.03748052050390221,0.684375,0.14041651211663106,0.03139808662562099
vicsek,rho_1_over_2pi,1.2,2550,20,0.6705188544004455,0.1551509305680978,0.03469280275226168,0.671875,0.16402529340013386,0.03667717060720469
vicsek,rho_1_over_2pi,1.2,2600,20,0.6796548577276125,0.1469970918174796,0.03286954897986625,0.734375,0.14235052467412967,0.031830544980411504
vicsek,rho_1_over_2pi,1.2,2650,20,0.7485524664742615,0.14599763312730255,0.03264606322267237,0.70625,0.15699820858850588,0.035105866674959046
vicsek,rho_1_over_2pi,1.2,2700,20,0.6586942212910327,0.19674462429961903,0.04399343541416051,0.64375,0.1678215197762194,0.037526032630695184
vicsek,rho_1_over_2pi,1.2,2750,20,0.69149048096436,0.21336539347376765,0.047709952385333446,0.68125,0.16524130083002858,0.03694907813464363
vicsek,rho_1_over_2pi,1.2,2800,20,0.7520945157095976,0.18318457687460038,0.04096131663211424,0.703125,0.17992511463105978,0.040232478717449165
vicsek,rho_1_over_2pi,1.2,2850,20,0.6558016139071394,0.20235746344395966,0.04524850440151225,0.69375,0.22088246308840365,0.049390820250325866
vicsek,rho_1_over_2pi,1.2,2900,20,0.6584244936206044,0.21839118956988268,0.04883375455653007,0.665625,0.21127865929856712,0.04724334443866141
vicsek,rho_1_over_2pi,1.2,2950,20,0.6115241049292985,0.22794045738048452,0.0509690357525157,0.65,0.18791620472966136,0.04201934078492903
vicsek,rho_1_over_2pi,1.2,3000,20,0.5677478774263676,0.2042378203964668,0.04566896499828928,0.65,0.15983389815680527,0.03573994613873949
vicsek,rho_1_over_2pi,1.3999999999999999,0,20,0.18706026277289134,0.09504481766392425,0.021252667320560737,0.153125,0.04180965050081141,0.009348922063532243
vicsek,rho_1_over_2pi,1.3999999999999999,50,20,0.3135288150717212,0.16592532159464551,0.03710202982741412,0.225,0.1015504800579495,0.022707377655731185
vicsek,rho_1_over_2pi,1.3999999999999999,100,20,0.3517948629362421,0.16634046669072772,0.037194859092950665,0.25625,0.12945196985754986,0.028946340442273524
vicsek,rho_1_over_2pi,1.3999999999999999,150,20,0.3776373384433567,0.1634021566392401,0.03653783299154094,0.290625,0.11903748096713068,0.02661758993128416
vicsek,rho_1_over_2pi,1.3999999999999999,200,20,0.40375906796257155,0.13899023681246495,0.031079161772146528,0.328125,0.11158481919598204,0.024951124097923924
vicsek,rho_1_over_2pi,1.3999999999999999,250,20,0.41199922483455237,0.16103480685752408,0.03600847748769731,0.3875,0.12279301690242812,0.027457353295610994
vicsek,rho_1_over_2pi,1.3999999999999999,300,20,0.444272278112824,0.19079204909844671,0.04266239913506043,0.41875,0.11541365820387117,0.02580727852757822
vicsek,rho_1_over_2pi,1.3999999999999999,350,20,0.5215622178619269,0.16102767543852675,0.03600688285393191,0.490625,0.15216536029924813,0.03402520894498665
vicsek,rho_1_over_2pi,1.3999999999999999,400,20,0.4916948010370013,0.16113102383395486,0.03602999225768618,0.459375,0.15721576535131584,0.03515451384601983
vicsek,rho_1_over_2pi,1.3999999999999999,450,20,0.4043476205335451,0.1673929376615619,0.03743019875646371,0.440625,0.14317138986194133,0.032014096016442506
vicsek,rho_1_over_2pi,1.3999999999999999,500,20,0.48737643899190586,0.21439075084332815,0.04793922926329021,0.48125,0.18864235340983213,0.04218171256599239
vicsek,rho_1_over_2pi,1.3999999999999999,550,20,0.4924333333824844,0.24426208424715792,0.054618662470242565,0.475,0.23167191241063298,0.05180341446275525
vicsek,rho_1_over_2pi,1.3999999999999999,600,20,0.4739158664746374,0.20103080710410628,0.044951855025642924,0.46875,0.21423920626253262,0.04790534286486216
vicsek,rho_1_over_2pi,1.3999999999999999,650,20,0.44463513676007327,0.21510774498052085,0.04809955402631338,0.51875,0.18967488631866897,0.04241259394330886
vicsek,rho_1_over_2pi,1.3999999999999999,700,20,0.4783053910745144,0.22468143507752472,0.0502402962115551,0.5125,0.18708286933869708,0.04183300132670378
vicsek,rho_1_over_2pi,1.3999999999999999,750,20,0.5206849398870288,0.22738859817098658,0.05084563628187103,0.496875,0.19909463045245596,0.04451891276468912
vicsek,rho_1_over_2pi,1.3999999999999999,800,20,0.4470028465701964,0.1756967806973036,0.03928699450670437,0.5375,0.16583123951776998,0.03708099243547831
vicsek,rho_1_over_2pi,1.3999999999999999,850,20,0.49614653190573144,0.25789284761427567,0.05766659381765148,0.540625,0.1645009023531482,0.03678352000216945
vicsek,rho_1_over_2pi,1.3999999999999999,900,20,0.5220883035975202,0.19246680932255164,0.04303688690577157,0.540625,0.16089957077320002,0.035978237779941365
vicsek,rho_1_over_2pi,1.3999999999999999,950,20,0.5065986204030479,0.1428507058363986,0.03194238888840132,0.546875,0.17441307827969782,0.03899994991983964
vicsek,rho_1_over_2pi,1.3999999999999999,1000,20,0.5620516452307234,0.23774014243993657,0.05316031194761809,0.54375,0.17241392780167153,0.03855292628322784
vicsek,rho_1_over_2pi,1.3999999999999999,1050,20,0.587459849979316,0.18375162971194373,0.041088113501227624,0.546875,0.1985051557894656,0.0443871022229431
vicsek,rho_1_over_2pi,1.3999999999999999,1100,20,0.6200292250360055,0.17871880490327352,0.03996273966212423,0.5875,0.21776564237730434,0.048693877951956135
vicsek,rho_1_over_2pi,1.3999999999999999,1150,20,0.5912752909195225,0.2174505400140139,0.04862341892153731,0.546875,0.2163935578408008,0.04838707052250632
vicsek,rho_1_over_2pi,1.3999999999999999,1200,20,0.5771989664684891,0.22320365886980312,0.04990985540595536,0.59375,0.18060229095999863,0.040383899947875265
vicsek,rho_1_over_2pi,1.3999999999999999,1250,20,0.5466943845438645,0.2582099397418332,0.05773749777288635,0.603125,0.19392633105125257,0.043363245885772894
vicsek,rho_1_over_2pi,1.3999999999999999,1300,20,0.5865855937238779,0.2345039372436616,0.05243667446681719,0.59375,0.20775962673243326,0.046456464835370324
vicsek,rho_1_over_2pi,1.3999999999999999,1350,20,0.5887836633469152,0.21122042269739777,0.047230322338762086,0.584375,0.18674326460410828,0.041757063399501644
vicsek,rho_1_over_2pi,1.3999999999999999,1400,20,0.5778411743960138,0.25367109254088155,0.056722580684805096,0.603125,0.1781798161268554,0.03984221810780619
vicsek,rho_1_over_2pi,1.3999999999999999,1450,20,0.6376839817288799,0.1895211365027818,0.042378214439323686,0.59375,0.17732826198888885,0.03965180481390475
vicsek,rho_1_over_2pi,1.3999999999999999,1500,20,0.5271566949849773,0.2198720933696912,0.049164894712981036,0.596875,0.15746403359180153,0.035210028312257856
vicsek,rho_1_over_2pi,1.3999999999999999,1550,20,0.6244245372594154,0.2056447818870462,0.045983571151755276,0.603125,0.17486043541922228,0.03909998201725929
vicsek,rho_1_over_2pi,1.3999999999999999,1600,20,0.5766663221753837,0.24561136987952406,0.05492037190974601,0.590625,0.17839891220240106,0.039891209479658546
vicsek,rho_1_over_2pi,1.3999999999999999,1650,20,0.6498166998923594,0.1889518485164648,0.042250917775705804,0.5875,0.18477181873868104,0.04131623470259602
vicsek,rho_1_over_2pi,1.3999999999999999,1700,20,0.5922662964927609,0.1674443281999081,0.03744169003017795,0.571875,0.18882345425025993,0.04222220794499028
vicsek,rho_1_over_2pi,1.3999999999999999,1750,20,0.6261655275648005,0.1597028299900209,0.035710638405677876,0.60625,0.18016919131749468,0.0402870559237083
vicsek,rho_1_over_2pi,1.3999999999999999,1800,20,0.6077653592214924,0.17170210891138774,0.03839375874059354,0.59375,0.18802011195614154,0.04204257514710534
vicsek,rho_1_over_2pi,1.3999999999999999,1850,20,0.7074625567055037,0.17994000822870798,0.04023580902712626,0.5875,0.17161912772182475,0.038375203582521875
vicsek,rho_1_over_2pi,1.3999999999999999,1900,20,0.5657762377326926,0.23816528768781178,0.053255377315074084,0.565625,0.1611421635544217,0.036032483174907606
vicsek,rho_1_over_2pi,1.3999999999999999,1950,20,0.5632129665354207,0.2400566815235226,0.05367830583396143,0.5375,0.16583123951776998,0.03708099243547831
vicsek,rho_1_over_2pi,1.3999999999999999,2000,20,0.675503681041833,0.16431586129149867,0.03674214356292174,0.59375,0.16828640022295324,0.03762998305872592
vicsek,rho_1_over_2pi,1.3999999999999999,2050,20,0.6828356048449364,0.1721624901519818,0.03849670311554693,0.64375,0.17798788582372677,0.039799301187332416
vicsek,rho_1_over_2pi,1.3999999999999999,2100,20,0.698653412405051,0.1297221199631932,0.029006747842308247,0.603125,0.1759738528162636,0.03934894971597082
vicsek,rho_1_over_2pi,1.3999999999999999,2150,20,0.6332976781574376,0.18849200453052498,0.04214809353454522,0.603125,0.1621089043667867,0.036248652992214754
vicsek,rho_1_over_2pi,1.3999999999999999,2200,20,0.7051909082845464,0.1499099168060631,0.03352087644796953,0.678125,0.1759738528162636,0.03934894971597082
vicsek,rho_1_over_2pi,1.3999999999999999,2250,20,0.6404355223904774,0.18970077333041493,0.04241838245510869,0.609375,0.19751878866325603,0.04416654382844553
vicsek,rho_1_over_2pi,1.3999999999999999,2300,20,0.6205194115319943,0.19433132220986296,0.043453804661866824,0.63125,0.19049688317660213,0.042596398028471844
vicsek,rho_1_over_2pi,1.3999999999999999,2350,20,0.6639838216620408,0.16323268308588998,0.03649993755297301,0.60625,0.18656014445749125,0.0417161164899131
vicsek,rho_1_over_2pi,1.3999999999999999,2400,20,0.6033957530216079,0.21388893850813648,0.04782702061394656,0.634375,0.17486043541922228,0.03909998201725929
vicsek,rho_1_over_2pi,1.3999999999999999,2450,20,0.5928527102730161,0.23636129894394703,0.05285199316888148,0.64375,0.17688714622606133,0.03955316833074185
vicsek,rho_1_over_2pi,1.3999999999999999,2500,20,0.6577039173380277,0.1454117266184953,0.03251505054445711,0.665625,0.1814384795874348,0.04057087740917122
vicsek,rho_1_over_2pi,1.3999999999999999,2550,20,0.5910233967090617,0.21793529452322788,0.04873181332503752,0.653125,0.17949038100967973,0.04013526932449812
vicsek,rho_1_over_2pi,1.3999999999999999,2600,20,0.6334504112802621,0.20727491785507468,0.04634808063546319,0.646875,0.19791392541961264,0.04425489909320774
vicsek,rho_1_over_2pi,1.3999999999999999,2650,20,0.5815860431590678,0.19683003499769886,0.044012533826851725,0.6375,0.20972452169453146,0.04689582870576017
vicsek,rho_1_over_2pi,1.3999999999999999,2700,20,0.6842440270783368,0.16956213624870717,0.03791524630621904,0.60625,0.1701332198602025,0.038042944483833004
vicsek,rho_1_over_2pi,1.3999999999999999,2750,20,0.6074464955215821,0.16090705394110946,0.03597991106715462,0.6125,0.15,0.03354101966249684
vicsek,rho_1_over_2pi,1.3999999999999999,2800,20,0.5965979833778614,0.19685494767102502,0.04401810446995758,0.61875,0.17444107171191078,0.03900620944157481
vicsek,rho_1_over_2pi,1.3999999999999999,2850,20,0.6679184025611118,0.2036919747951181,0.04554691021130579,0.65625,0.19008632907181935,0.04250459533979826
vicsek,rho_1_over_2pi,1.3999999999999999,2900,20,0.6999819097565432,0.1608270837013846,0.035962029177934444,0.665625,0.1919014639730505,0.042910471842546774
vicsek,rho_1_over_2pi,1.3999999999999999,2950,20,0.6687036368713581,0.17107715843009097,0.03825401556471846,0.6625,0.1899835519196333,0.04248161366991607
vicsek,rho_1_over_2pi,1.3999999999999999,3000,20,0.662599518937564,0.1762811358851727,0.03941766029901237,0.6875,0.19465514377996795,0.04352621336620037
vicsek,rho_1_over_2pi,1.6000000000000001,0,20,0.1746763307499094,0.08216777792830673,0.01837327370078007,0.18125,0.07098635432250341,0.015873031374000365
vicsek,rho_1_over_2pi,1.6000000000000001,50,20,0.28869901524972336,0.18524633774493346,0.04142234037805563,0.2375,0.0701560760020114,0.015687375497513915
vicsek,rho_1_over_2pi,1.6000000000000001,100,20,0.34757945699661547,0.16446219433203407,0.036774864625520876,0.265625,0.05887951150442741,0.01316585902058806
vicsek,rho_1_over_2pi,1.6000000000000001,150,20,0.3952856111433972,0.16170709133036415,0.03615880486584611,0.2625,0.07806247497997998,0.017455300054711177
vicsek,rho_1_over_2pi,1.6000000000000001,200,20,0.31255862248800914,0.14131946751636879,0.031599993591067396,0.296875,0.07874751980221345,0.017608480733726006
vicsek,rho_1_over_2pi,1.6000000000000001,250,20,0.3692862615608662,0.19072520750720373,0.042647452900886076,0.34375,0.10734727523323542,0.024003580462089398
vicsek,rho_1_over_2pi,1.6000000000000001,300,20,0.3521065884452711,0.21055247413856099,0.04708096450045888,0.35,0.0914296177395487,0.020444284042245155
vicsek,rho_1_over_2pi,1.6000000000000001,350,20,0.3501661410912639,0.13796123814340358,0.030849070674868726,0.325,0.10569709078304852,0.023634588001486295
vicsek,rho_1_over_2pi,1.6000000000000001,400,20,0.4275433266924765,0.16723578897867772,0.03739505924271335,0.325,0.10383279828647593,0.023217719526258385
vicsek,rho_1_over_2pi,1.6000000000000001,450,20,0.4274216629054184,0.1828047959072832,0.04087639502616606,0.346875,0.12099037926628711,0.02705427126628991
vicsek,rho_1_over_2pi,1.6000000000000001,500,20,0.40378566701460167,0.17461843545183753,0.03904586917949679,0.41875,0.14934753931685651,0.03339512501848137
vicsek,rho_1_over_2pi,1.6000000000000001,550,20,0.4218584154526724,0.22678186940356682,0.050709967605085504,0.4,0.14973935688388673,0.03348273808994718
vicsek,rho_1_over_2pi,1.6000000000000001,600,20,0.39195770354385834,0.15253427396224678,0.034107700547816,0.409375,0.13328042570085077,0.029802409193721235
vicsek,rho_1_over_2pi,1.6000000000000001,650,20,0.3906016397060722,0.1871075041870975,0.041838509846267656,0.453125,0.1395794464632956,0.031210913055372155
vicsek,rho_1_over_2pi,1.6000000000000001,700,20,0.44871827458621566,0.19674029617113203,0.04399246761520928,0.4125,0.08244316223920574,0.01843485150469078
vicsek,rho_1_over_2pi,1.6000000000000001,750,20,0.5250578069136045,0.19167295955890543,0.042859376702228065,0.428125,0.1358925931572431,0.030386507593831835
vicsek,rho_1_over_2pi,1.6000000000000001,800,20,0.44763110777856874,0.20549965027798933,0.04595111873740177,0.4,0.13607213160673276,0.030426653611595213
vicsek,rho_1_over_2pi,1.6000000000000001,850,20,0.5025367465394941,0.2131764810510475,0.0476677102834338,0.446875,0.1358925931572431,0.030386507593831835
vicsek,rho_1_over_2pi,1.6000000000000001,900,20,0.44895039887629107,0.23988617355405462,0.05364017909291784,0.4375,0.1505199322349037,0.03365728004459065
vicsek,rho_1_over_2pi,1.6000000000000001,950,20,0.4868724584264042,0.18056366471640423,0.04037526285723601,0.4,0.12086924753633572,0.027027185388049563
vicsek,rho_1_over_2pi,1.6000000000000001,1000,20,0.4279184612240482,0.16941938103287585,0.03788332526954489,0.428125,0.130016525391967,0.02907257889747657
vicsek,rho_1_over_2pi,1.6000000000000001,1050,20,0.43942289321893807,0.21908565702383437,0.048989042200049786,0.421875,0.13091475041033382,0.02927342811749249
vicsek,rho_1_over_2pi,1.6000000000000001,1100,20,0.41428274265410564,0.1935486804680785,0.04327880064820093,0.403125,0.11263013306837562,0.025184863385573485
vicsek,rho_1_over_2pi,1.6000000000000001,1150,20,0.4713065052924759,0.164450125667689,0.036772165990133554,0.45,0.1684024198163435,0.037655925828480166
vicsek,rho_1_over_2pi,1.6000000000000001,1200,20,0.46060023458084853,0.1937405229082755,0.043321697921925924,0.45,0.18498310733685927,0.04136348026943574
vicsek,rho_1_over_2pi,1.6000000000000001,1250,20,0.42992824712605077,0.19373417227886738,0.04332027787802028,0.503125,0.18485108026462815,0.04133395811859784
vicsek,rho_1_over_2pi,1.6000000000000001,1300,20,0.4281764149085582,0.2212546437540876,0.049474042377163914,0.45625,0.1606870016522805,0.03593070587951202
vicsek,rho_1_over_2pi,1.6000000000000001,1350,20,0.4938325708169765,0.22640858380916432,0.05062649840867497,0.46875,0.1303540850913388,0.029148059540902545
vicsek,rho_1_over_2pi,1.6000000000000001,1400,20,0.6006974962236653,0.16747227031539613,0.03744793807714459,0.49375,0.1477698802192111,0.03304234971971576
vicsek,rho_1_over_2pi,1.6000000000000001,1450,20,0.4878348991088382,0.18187511323990765,0.04066851166199055,0.51875,0.15449008867885344,0.034545034013588695
vicsek,rho_1_over_2pi,1.6000000000000001,1500,20,0.5374514729556239,0.1694213334037157,0.03788376183293641,0.5125,0.14869221566712898,0.03324859019567596
vicsek,rho_1_over_2pi,1.6000000000000001,1550,20,0.5190066531838935,0.22726277558207691,0.05081750149568033,0.49375,0.13961442439805422,0.031218734359355436
vicsek,rho_1_over_2pi,1.6000000000000001,1600,20,0.4311158604671886,0.263151896153252,0.05884255282066369,0.496875,0.15242185497821498,0.03408256289879034
vicsek,rho_1_over_2pi,1.6000000000000001,1650,20,0.5204195920935061,0.179011722142509,0.04002823794799544,0.49375,0.15674920254980565,0.035050187232024875
vicsek,rho_1_over_2pi,1.6000000000000001,1700,20,0.5480188253485185,0.1996525114265326,0.04464365874282804,0.51875,0.1453712918701626,0.03250600905986461
vicsek,rho_1_over_2pi,1.6000000000000001,1750,20,0.48901281785820777,0.23892156727143515,0.05342448657097179,0.528125,0.15746403359180153,0.035210028312257856
vicsek,rho_1_over_2pi,1.6000000000000001,1800,20,0.5177222606518272,0.18173572038063243,0.040637342471098806,0.578125,0.18208321414946518,0.04071504443998557
vicsek,rho_1_over_2pi,1.6000000000000001,1850,20,0.49850991037148457,0.21264347554316074,0.04754852662863214,0.5625,0.16653640743092785,0.037238672774415574
vicsek,rho_1_over_2pi,1.6000000000000001,1900,20,0.5650515441894693,0.20697178967173868,0.046280299113079654,0.55625,0.17776828316659865,0.03975019654039461
vicsek,rho_1_over_2pi,1.6000000000000001,1950,20,0.5229220081402759,0.1768971331783877,0.03955540148117083,0.565625,0.18379144940665765,0.04109701745564999
vicsek,rho_1_over_2pi,1.6000000000000001,2000,20,0.6385639796368512,0.15555191529087936,0.03478246566206952,0.584375,0.19291655417563314,0.043137452912173656
vicsek,rho_1_over_2pi,1.6000000000000001,2050,20,0.4683123779158171,0.19673199825151766,0.04399061214397632,0.565625,0.20489612459731882,0.04581616629258716
vicsek,rho_1_over_2pi,1.6000000000000001,2100,20,0.5976232284860385,0.19315408179914798,0.043190565703444976,0.54375,0.23393709090266127,0.05230992377168982
vicsek,rho_1_over_2pi,1.6000000000000001,2150,20,0.6015548191861041,0.15783146396754447,0.035292188241973804,0.496875,0.19006063999418712,0.04249885108741176
vicsek,rho_1_over_2pi,1.6000000000000001,2200,20,0.555570649232212,0.2283252253776541,0.051055072492239464,0.534375,0.1941276561312169,0.04340826354221048
vicsek,rho_1_over_2pi,1.6000000000000001,2250,20,0.5112467874376707,0.16741914851690987,0.037436059681894354,0.55,0.1707062535468458,0.03817107871150618
vicsek,rho_1_over_2pi,1.6000000000000001,2300,20,0.5171191236942675,0.2103417406386645,0.04703384305736839,0.525,0.16583123951776998,0.03708099243547831
vicsek,rho_1_over_2pi,1.6000000000000001,2350,20,0.5430573766659136,0.1532036138243535,0.03425736949098809,0.5125,0.1684024198163435,0.037655925828480166
vicsek,rho_1_over_2pi,1.6000000000000001,2400,20,0.5324409744605567,0.19691587426419033,0.04403172807035309,0.540625,0.1645009023531482,0.03678352000216945
vicsek,rho_1_over_2pi,1.6000000000000001,2450,20,0.5719473848217321,0.2041264320843216,0.045644057814503716,0.55625,0.1788636002656773,0.03999511688944039
vicsek,rho_1_over_2pi,1.6000000000000001,2500,20,0.5007522497722442,0.18854835990400173,0.042160694979144354,0.521875,0.17486043541922228,0.03909998201725929
vicsek,rho_1_over_2pi,1.6000000000000001,2550,20,0.5875442368103376,0.17964388301783493,0.0401695934169899,0.53125,0.17173289580042608,0.03840064289826409
vicsek,rho_1_over_2pi,1.6000000000000001,2600,20,0.558723781905822,0.14437936176397506,0.032284206745228215,0.534375,0.1599255197740498,0.035760433355176216
vicsek,rho_1_over_2pi,1.6000000000000001,2650,20,0.5508016329851251,0.19004388292883606,0.042495104093688923,0.5875,0.19605483926697653,0.04383919479187545
vicsek,rho_1_over_2pi,1.6000000000000001,2700,20,0.5938006037129615,0.19364798887868495,0.043301006683886284,0.58125,0.1757795138803154,0.03930549420882531
vicsek,rho_1_over_2pi,1.6000000000000001,2750,20,0.6171297089050565,0.1683820688652455,0.037651375217473984,0.565625,0.1611421635544217,0.036032483174907606
vicsek,rho_1_over_2pi,1.6000000000000001,2800,20,0.5881089335117092,0.1668966048400859,0.03731921536363524,0.63125,0.19049688317660213,0.042596398028471844
vicsek,rho_1_over_2pi,1.6000000000000001,2850,20,0.5806311552683805,0.23140059275613115,0.05174274554364546,0.64375,0.2064393070614218,0.046161232381729145
vicsek,rho_1_over_2pi,1.6000000000000001,2900,20,0.5620760883378119,0.23958625843286438,0.053573116033071695,0.628125,0.18057525266492083,0.0403778540012963
vicsek,rho_1_over_2pi,1.6000000000000001,2950,20,0.6522951878208709,0.20103357842702518,0.044952474712286354,0.65625,0.19008632907181935,0.04250459533979826
vicsek,rho_1_over_2pi,1.6000000000000001,3000,20,0.6528346915507888,0.18298715293093093,0.04091717129627114,0.69375,0.21093171288357757,0.04716576486181476
vicsek,rho_1_over_2pi,1.8,0,20,0.22602974055769284,0.09645724894909694,0.02156849655728009,0.178125,0.04950931099298394,0.01107061848994897
vicsek,rho_1_over_2pi,1.8,50,20,0.29621061307079743,0.15440386996362424,0.03452575492277018,0.2125,0.053764532919016415,0.01202211503854459
vicsek,rho_1_over_2pi,1.8,100,20,0.3705762945560191,0.13665042503227237,0.03055596395263999,0.25,0.06846531968814576,0.01530931089239486
vicsek,rho_1_over_2pi,1.8,150,20,0.28685534331958157,0.1776871538926737,0.03973205548324847,0.265625,0.08586644790021304,0.019200321449132043
vicsek,rho_1_over_2pi,1.8,200,20,0.3327822128514848,0.13094002578039163,0.02927907986205306,0.3,0.08291561975888499,0.018540496217739157
vicsek,rho_1_over_2pi,1.8,250,20,0.32935355756074786,0.17071812757295277,0.038173733824460356,0.340625,0.10546585644178878,0.02358288243090738
vicsek,rho_1_over_2pi,1.8,300,20,0.3337309590477123,0.15748447212572028,0.03521459850737813,0.340625,0.10910681406310056,0.024397025305352288
vicsek,rho_1_over_2pi,1.8,350,20,0.37856427652533353,0.15411465183425813,0.03446108378301138,0.359375,0.06810779599282303,0.015229366163764007
vicsek,rho_1_over_2pi,1.8,400,20,0.43964322856784116,0.22894260703254574,0.05119312322707936,0.371875,0.10169462559545613,0.022739609577782992
vicsek,rho_1_over_2pi,1.8,450,20,0.46530637972531164,0.21500084451635101,0.048075650355842374,0.403125,0.1272838240901019,0.02846152831015931
vicsek,rho_1_over_2pi,1.8,500,20,0.4610100291229945,0.24851135770955532,0.05556882890193321,0.434375,0.13328042570085077,0.029802409193721235
vicsek,rho_1_over_2pi,1.8,550,20,0.38009704325444993,0.2014642648175781,0.04504877911691239,0.396875,0.11570942863483512,0.0258734148065152
vicsek,rho_1_over_2pi,1.8,600,20,0.39314166424052244,0.18483883881564464,0.04133122084739081,0.38125,0.14375,0.03214347717655947
vicsek,rho_1_over_2pi,1.8,650,20,0.43889295357416724,0.1985327038774074,0.0443932621626719,0.421875,0.14905300022139775,0.033329264074533654
vicsek,rho_1_over_2pi,1.8,700,20,0.3654951814254096,0.18525946917736313,0.0414252766556111,0.44375,0.13390178303517844,0.029941348917508707
vicsek,rho_1_over_2pi,1.8,750,20,0.4751708404116825,0.21447868933542807,0.047958892907907634,0.490625,0.17033400093639556,0.03808784049732933
vicsek,rho_1_over_2pi,1.8,800,20,0.5111136310940652,0.17258758791410905,0.0385917578648669,0.434375,0.11088246874506358,0.024794073762695795
vicsek,rho_1_over_2pi,1.8,850,20,0.42587265715391853,0.22046788019605812,0.049298116697366556,0.45,0.14469796128487783,0.03235544776386196
vicsek,rho_1_over_2pi,1.8,900,20,0.4367873491686557,0.19723134757462557,0.0441022700470751,0.453125,0.1710206036564016,0.0382413695328763
vicsek,rho_1_over_2pi,1.8,950,20,0.4464278838274452,0.20351442093363126,0.04550720796091057,0.4625,0.10716517624676404,0.023962861890851016
vicsek,rho_1_over_2pi,1.8,1000,20,0.455826773253276,0.23149021864893432,0.05176278650253066,0.471875,0.12880914903453092,0.028802601336511253
vicsek,rho_1_over_2pi,1.8,1050,20,0.442052019561168,0.20415652572361426,0.04565078695681859,0.4375,0.10643366478704001,0.023799290955824715
vicsek,rho_1_over_2pi,1.8,1100,20,0.5058580385268739,0.1562996418763987,0.03494966240945002,0.475,0.15612494995995996,0.03491060010942235
vicsek,rho_1_over_2pi,1.8,1150,20,0.45499610318583866,0.2251988298856125,0.05035598920776407,0.496875,0.1599255197740498,0.035760433355176216
vicsek,rho_1_over_2pi,1.8,1200,20,0.46527827844812225,0.16547010584851055,0.03700024049213551,0.471875,0.17056317561243986,0.038139085512764986
vicsek,rho_1_over_2pi,1.8,1250,20,0.41313316003609596,0.2203808047417052,0.04927864603385608,0.45,0.13635890143294643,0.030490777294126168
vicsek,rho_1_over_2pi,1.8,1300,20,0.465617805322777,0.20499119058799023,0.04583742369433612,0.446875,0.14152489842780316,0.0316459293393321
vicsek,rho_1_over_2pi,1.8,1350,20,0.4943694490369035,0.16845116259964538,0.03766682504616772,0.471875,0.1611421635544217,0.036032483174907606
vicsek,rho_1_over_2pi,1.8,1400,20,0.44481928323531317,0.19612053853728217,0.04385388559532301,0.490625,0.17033400093639556,0.03808784049732933
vicsek,rho_1_over_2pi,1.8,1450,20,0.5471277339486866,0.20383672038500333,0.04557927630914845,0.496875,0.1910855093276306,0.04272801883717522
vicsek,rho_1_over_2pi,1.8,1500,20,0.44788154140826697,0.23617988991144823,0.0528114288760415,0.475,0.15737097890017715,0.03518922065064812
vicsek,rho_1_over_2pi,1.8,1550,20,0.5711051364836481,0.13813096701105532,0.030887023203450062,0.51875,0.17908185977368005,0.04004392119910337
vicsek,rho_1_over_2pi,1.8,1600,20,0.5141237078363549,0.20120313339862736,0.0449903883565289,0.53125,0.15372967345311053,0.034374999999999996
vicsek,rho_1_over_2pi,1.8,1650,20,0.5551632100431585,0.1752807673325443,0.03919397109038935,0.490625,0.1442586110947974,0.03225720607476723
vicsek,rho_1_over_2pi,1.8,1700,20,0.42631251907751055,0.17374083244202446,0.03884963118077674,0.509375,0.14826470205345574,0.03315299524552797
vicsek,rho_1_over_2pi,1.8,1750,20,0.46929956756994107,0.1971985736476173,0.0440949415742071,0.5,0.16770509831248423,0.0375
vicsek,rho_1_over_2pi,1.8,1800,20,0.49703429163946755,0.18942030248982303,0.04235566726858169,0.540625,0.1781798161268554,0.03984221810780619
vicsek,rho_1_over_2pi,1.8,1850,20,0.5033562439819566,0.198303270880761,0.044341959384993614,0.5125,0.114564392373896,0.025617376914898994
vicsek,rho_1_over_2pi,1.8,1900,20,0.5098306744624154,0.22296161352032676,0.04985573242044868,0.54375,0.17354304221143527,0.03880540394068847
vicsek,rho_1_over_2pi,1.8,1950,20,0.454578540033405,0.1866815852071609,0.041743271467063095,0.528125,0.17730072440630354,0.039645647223245074
vicsek,rho_1_over_2pi,1.8,2000,20,0.5512849342617658,0.19226644312557561,0.04299208366208842,0.5625,0.17787811838447135,0.039774756441743296
vicsek,rho_1_over_2pi,1.8,2050,20,0.48125858638498487,0.19635116095692437,0.04390545433606855,0.515625,0.1616262567623219,0.036140729706938685
vicsek,rho_1_over_2pi,1.8,2100,20,0.5064016940256688,0.22697336976310933,0.05075278838725078,0.5375,0.16583123951776998,0.03708099243547831
vicsek,rho_1_over_2pi,1.8,2150,20,0.5096128918097751,0.15396503668211245,0.03442762881794521,0.540625,0.1680250632346258,0.03757154633163239
vicsek,rho_1_over_2pi,1.8,2200,20,0.4333230631210879,0.17373905046866706,0.038849232719420625,0.503125,0.17508368534789298,0.03914990221890726
vicsek,rho_1_over_2pi,1.8,2250,20,0.4777660563568381,0.1878911245856046,0.04201373269422939,0.540625,0.14152489842780316,0.0316459293393321
vicsek,rho_1_over_2pi,1.8,2300,20,0.4616423709296395,0.21260071310778994,0.047538964657394885,0.50625,0.17995225061109962,0.04023854650704968
vicsek,rho_1_over_2pi,1.8,2350,20,0.46243843962051906,0.1707111265275232,0.03817216834311095,0.484375,0.14097179460799952,0.03152225156536252
vicsek,rho_1_over_2pi,1.8,2400,20,0.5026018273370697,0.21330164564018153,0.04769569793640175,0.5,0.14388580541526672,0.032173844190584375
vicsek,rho_1_over_2pi,1.8,2450,20,0.4593587083169174,0.1960874938285537,0.043846496573821656,0.515625,0.13675222804400666,0.030578727798095198
vicsek,rho_1_over_2pi,1.8,2500,20,0.4880870103111807,0.18214239659670195,0.04072827803749519,0.509375,0.10509482325500148,0.023499916888150903
vicsek,rho_1_over_2pi,1.8,2550,20,0.4851601773342343,0.21755988510564706,0.048647869227327084,0.5375,0.1286953767623375,0.028777161083053344
vicsek,rho_1_over_2pi,1.8,2600,20,0.5048847388985868,0.2130973188420092,0.04765000907536793,0.584375,0.16568395177264453,0.037048057894442994
vicsek,rho_1_over_2pi,1.8,2650,20,0.5000594056648108,0.20849406915294452,0.046620691153152594,0.578125,0.16755945773068137,0.03746743377588062
vicsek,rho_1_over_2pi,1.8,2700,20,0.5167569503288447,0.18445151938750606,0.041244613590358394,0.4875,0.11110243021644486,0.024843258642939736
vicsek,rho_1_over_2pi,1.8,2750,20,0.4739366296592813,0.18291104959254686,0.040900154072477,0.525,0.13607213160673276,0.030426653611595213
vicsek,rho_1_over_2pi,1.8,2800,20,0.5366004242072067,0.2131255896826425,0.047656330627511644,0.565625,0.17283821011281042,0.03864779869216357
vicsek,rho_1_over_2pi,1.8,2850,20,0.5322514613248167,0.21552982760241032,0.048193934569779995,0.571875,0.18882345425025993,0.04222220794499028
vicsek,rho_1_over_2pi,1.8,2900,20,0.5034854266506039,0.21611061186894115,0.04832380187980253,0.553125,0.17708026958133985,0.03959635202578641
vicsek,rho_1_over_2pi,1.8,2950,20,0.5135327229551053,0.24557098639826988,0.05491134188882077,0.575,0.18915932438026944,0.042297310789221575
vicsek,rho_1_over_2pi,1.8,3000,20,0.5440620950157121,0.19690846856528302,0.04403007210573533,0.584375,0.19987789241184228,0.04469405546322687
vicsek,rho_1_over_2pi,2.2000000000000002,0,20,0.23973158623122265,0.1408813403114597,0.03150202536977053,0.184375,0.07255116728902437,0.016222934190521763
vicsek,rho_1_over_2pi,2.2000000000000002,50,20,0.28542876234890546,0.17403980345814304,0.03891648313231108,0.196875,0.0720107413862682,0.016102091284985312
vicsek,rho_1_over_2pi,2.2000000000000002,100,20,0.2791872337842386,0.08113050872018326,0.018141333254746924,0.2125,0.0667317390751957,0.014921670482891652
vicsek,rho_1_over_2pi,2.2000000000000002,150,20,0.3404585900255575,0.14018498464482856,0.031346315509060085,0.23125,0.059621200088559104,0.013331705629813463
vicsek,rho_1_over_2pi,2.2000000000000002,200,20,0.3024428739621619,0.1608225614024833,0.03596101796115866,0.2625,0.07288689868556626,0.016298006013006624
vicsek,rho_1_over_2pi,2.2000000000000002,250,20,0.37027914792308103,0.15975243467507516,0.035721730350456254,0.26875,0.059621200088559104,0.013331705629813463
vicsek,rho_1_over_2pi,2.2000000000000002,300,20,0.32534609032414397,0.14540490307959172,0.03251352475477356,0.284375,0.08943180013283865,0.019997558444720193
vicsek,rho_1_over_2pi,2.2000000000000002,350,20,0.3571380607016256,0.1880595305483728,0.042051389412285985,0.303125,0.08899394291186338,0.019899650593666208
vicsek,rho_1_over_2pi,2.2000000000000002,400,20,0.36221756539746325,0.1707150923799589,0.03817305513467445,0.3,0.0673145600891813,0.015051993223490368
vicsek,rho_1_over_2pi,2.2000000000000002,450,20,0.32294173004440246,0.1639383275709357,0.03665772445662402,0.315625,0.07774909565390456,0.017385226307126404
vicsek,rho_1_over_2pi,2.2000000000000002,500,20,0.3361794070667047,0.16722436933190182,0.03739250573206636,0.315625,0.10546585644178878,0.02358288243090738
vicsek,rho_1_over_2pi,2.2000000000000002,550,20,0.3553334386448187,0.12220179753191472,0.02732515262540273,0.328125,0.10053567463840883,0.02248046026552837
vicsek,rho_1_over_2pi,2.2000000000000002,600,20,0.38777042105045145,0.13899306831376684,0.03107979491508547,0.3625,0.10383279828647593,0.023217719526258385
vicsek,rho_1_over_2pi,2.2000000000000002,650,20,0.3188564282435117,0.1646441674786317,0.03681555505810806,0.36875,0.12484365222148862,0.02791588929265912
vicsek,rho_1_over_2pi,2.2000000000000002,700,20,0.38230395141716295,0.20582048526486185,0.04602285962142249,0.39375,0.12038350177661389,0.026918569334197534
vicsek,rho_1_over_2pi,2.2000000000000002,750,20,0.4097083771198767,0.16473136264448413,0.0368350524899236,0.3875,0.114564392373896,0.025617376914898994
vicsek,rho_1_over_2pi,2.2000000000000002,800,20,0.385942378616336,0.15314126093521055,0.03424342696111638,0.4,0.11075028216668344,0.024764515945198684
vicsek,rho_1_over_2pi,2.2000000000000002,850,20,0.349780342773156,0.169795829338566,0.03796750166969867,0.390625,0.10802741260902253,0.02415566380271923
vicsek,rho_1_over_2pi,2.2000000000000002,900,20,0.40573728990141233,0.15582675073253857,0.03484392073508714,0.43125,0.1477698802192111,0.03304234971971576
vicsek,rho_1_over_2pi,2.2000000000000002,950,20,0.48325151257961707,0.20121298260504716,0.04499259070603682,0.3875,0.16007810593582122,0.035794552658190884
vicsek,rho_1_over_2pi,2.2000000000000002,1000,20,0.37455170094536516,0.17943041900625806,0.04012186141292633,0.38125,0.14100642715848097,0.03152999563907359
vicsek,rho_1_over_2pi,2.2000000000000002,1050,20,0.35680259230432476,0.15808507936282296,0.03534889836837213,0.36875,0.15039011769394955,0.03362825263078651
vicsek,rho_1_over_2pi,2.2000000000000002,1100,20,0.3702000110525264,0.1117947712143204,0.02499807079642571,0.375,0.13975424859373686,0.03125
vicsek,rho_1_over_2pi,2.2000000000000002,1150,20,0.3398977224556929,0.13221225083762148,0.029563558033117512,0.390625,0.13531646934131855,0.030257682392245445
vicsek,rho_1_over_2pi,2.2000000000000002,1200,20,0.36031775872736105,0.1451275475755615,0.032451506178679035,0.384375,0.10509482325500148,0.023499916888150903
vicsek,rho_1_over_2pi,2.2000000000000002,1250,20,0.38834203808262957,0.15140392958494894,0.03385494786125373,0.375,0.10269797953221865,0.022963966338592295
vicsek,rho_1_over_2pi,2.2000000000000002,1300,20,0.3720351934048614,0.1851334898408691,0.041397106819595006,0.39375,0.11021995055342748,0.02464593019141294
vicsek,rho_1_over_2pi,2.2000000000000002,1350,20,0.35350149610582715,0.19135335597396463,0.04278791116805004,0.3875,0.114564392373896,0.025617376914898994
vicsek,rho_1_over_2pi,2.2000000000000002,1400,20,0.3865700964321134,0.18808859604143646,0.04205788865411498,0.409375,0.10546585644178878,0.02358288243090738
vicsek,rho_1_over_2pi,2.2000000000000002,1450,20,0.3878338858313784,0.21694242972985198,0.048509802007992035,0.4125,0.1125,0.025155764746872634
vicsek,rho_1_over_2pi,2.2000000000000002,1500,20,0.47313330869852666,0.1078997206319562,0.024127111008629062,0.403125,0.10169462559545613,0.022739609577782992
vicsek,rho_1_over_2pi,2.2000000000000002,1550,20,0.4184685017125254,0.1426308980250501,0.03189323836758525,0.396875,0.12850553246845056,0.028734710608426178
vicsek,rho_1_over_2pi,2.2000000000000002,1600,20,0.33917905026538464,0.12177988319103356,0.027230809710713504,0.40625,0.1445629188277547,0.03232525135246437
vicsek,rho_1_over_2pi,2.2000000000000002,1650,20,0.36985073338259483,0.12368228439305294,0.027656199551532767,0.39375,0.12199513309964459,0.02727894105349399
vicsek,rho_1_over_2pi,2.2000000000000002,1700,20,0.3525310720795988,0.17830927021651694,0.03987116492225105,0.421875,0.14905300022139775,0.033329264074533654
vicsek,rho_1_over_2pi,2.2000000000000002,1750,20,0.4014156204101981,0.16196398525537933,0.03621624809378018,0.3875,0.14469796128487783,0.03235544776386196
vicsek,rho_1_over_2pi,2.2000000000000002,1800,20,0.4036570636973661,0.20946233832743696,0.04683720272262086,0.396875,0.09535091438995223,0.02132111262926961
vicsek,rho_1_over_2pi,2.2000000000000002,1850,20,0.41482014169342907,0.16510960689380164,0.03691963047528084,0.425,0.11284668803292368,0.025233286547732936
vicsek,rho_1_over_2pi,2.2000000000000002,1900,20,0.42353940870570145,0.16101549170496748,0.03600415848828608,0.428125,0.11738524981870593,0.02624813981504213
vicsek,rho_1_over_2pi,2.2000000000000002,1950,20,0.3624160643681763,0.1212167019743006,0.027104878562286907,0.421875,0.14905300022139775,0.033329264074533654
vicsek,rho_1_over_2pi,2.2000000000000002,2000,20,0.42273620016406355,0.16297059891287002,0.03644133375030307,0.39375,0.1267070933294581,0.028332567391607843
vicsek,rho_1_over_2pi,2.2000000000000002,2050,20,0.4613143945603687,0.1615541491129867,0.036124605946377564,0.3875,0.12747548783981963,0.02850438562747845
vicsek,rho_1_over_2pi,2.2000000000000002,2100,20,0.41797611616631986,0.16143151190700078,0.03609718343346204,0.4,0.11759304826391737,0.026294604959953286
vicsek,rho_1_over_2pi,2.2000000000000002,2150,20,0.45326984133434733,0.18052032068666857,0.04036557083754524,0.428125,0.12386200739129008,0.0276963868356506
vicsek,rho_1_over_2pi,2.2000000000000002,2200,20,0.4128788149156556,0.1774611163968244,0.039681511962630193,0.434375,0.14180064130673034,0.031707587321491364
vicsek,rho_1_over_2pi,2.2000000000000002,2250,20,0.4121641776446495,0.15840536802663024,0.035420517090841694,0.428125,0.10509482325500148,0.023499916888150903
vicsek,rho_1_over_2pi,2.2000000000000002,2300,20,0.3862017300255858,0.15483783864145742,0.03462279326914425,0.44375,0.10439558180306291,0.023343561746228873
vicsek,rho_1_over_2pi,2.2000000000000002,2350,20,0.36865292370530384,0.16573689055614543,0.03705989536629841,0.446875,0.10874820400815823,0.02431683765932569
vicsek,rho_1_over_2pi,2.2000000000000002,2400,20,0.36742040734305303,0.16681856463528694,0.0373017650433444,0.478125,0.11400897716846686,0.025493182299391338
vicsek,rho_1_over_2pi,2.2000000000000002,2450,20,0.3744841296298672,0.19108409961218667,0.042727703615219055,0.446875,0.13444765477686846,0.030063409549650217
vicsek,rho_1_over_2pi,2.2000000000000002,2500,20,0.45634773631695963,0.16871281504423377,0.03772533231142559,0.45,0.17853571071357124,0.039921798556678274
vicsek,rho_1_over_2pi,2.2000000000000002,2550,20,0.4140657504837151,0.14937062184308567,0.033400286428255446,0.425,0.16488632447841148,0.03686970300938156
vicsek,rho_1_over_2pi,2.2000000000000002,2600,20,0.4104374511741374,0.17361868115829338,0.03882231732338059,0.434375,0.15621874687437484,0.03493157373709349
vicsek,rho_1_over_2pi,2.2000000000000002,2650,20,0.3906298950973889,0.137437371810296,0.030731930601673518,0.440625,0.1717044608477019,0.03839428464954126
vicsek,rho_1_over_2pi,2.2000000000000002,2700,20,0.4145141324842981,0.16277671243837802,0.03639797941661488,0.446875,0.17708026958133985,0.03959635202578641
vicsek,rho_1_over_2pi,2.2000000000000002,2750,20,0.4105794530744286,0.16756229135320522,0.03746806739313921,0.446875,0.15596849641834726,0.034875616033985694
vicsek,rho_1_over_2pi,2.2000000000000002,2800,20,0.4363500892864697,0.20361070348392535,0.045528737393661034,0.421875,0.15293355379052695,0.03419698223162389
vicsek,rho_1_over_2pi,2.2000000000000002,2850,20,0.4389530603635016,0.17482885775241422,0.03909292103630393,0.453125,0.17328963291264715,0.03874873989886639
vicsek,rho_1_over_2pi,2.2000000000000002,2900,20,0.40984104495457235,0.1826767701927508,0.040847767606109815,0.453125,0.16755945773068137,0.03746743377588062
vicsek,rho_1_over_2pi,2.2000000000000002,2950,20,0.4521043603985161,0.14907084783699054,0.03333325492270383,0.434375,0.17056317561243986,0.038139085512764986
vicsek,rho_1_over_2pi,2.2000000000000002,3000,20,0.42429901251675817,0.1417108966937136,0.031687519815959374,0.46875,0.17173289580042608,0.03840064289826409
vicsek,rho_1_over_2pi,2.3999999999999999,0,20,0.20615584181708252,0.13192363950575683,0.0294990225774049,0.175,0.04677071733467427,0.010458250331675944
vicsek,rho_1_over_2pi,2.3999999999999999,50,20,0.2379832066754048,0.1276974126299257,0.028554009519135407,0.209375,0.060191750888306944,0.013459284667098767
vicsek,rho_1_over_2pi,2.3999999999999999,100,20,0.20756177298394984,0.09277648246221103,0.02074545214988209,0.203125,0.04363825013677794,0.009757809372497496
vicsek,rho_1_over_2pi,2.3999999999999999,150,20,0.32103557632360896,0.17820540751240213,0.03984794051557829,0.240625,0.08899394291186338,0.019899650593666208
vicsek,rho_1_over_2pi,2.3999999999999999,200,20,0.3071750889646345,0.1368715899633964,0.03060541793466323,0.259375,0.06335354666472905,0.014166283695803921
vicsek,rho_1_over_2pi,2.3999999999999999,250,20,0.2788693992136996,0.1377430316791423,0.03080027822614692,0.259375,0.08677152110571763,0.019402701970344233
vicsek,rho_1_over_2pi,2.3999999999999999,300,20,0.30817576774841327,0.14503484718418366,0.03243077774101286,0.284375,0.12573999711706693,0.028116318104438924
vicsek,rho_1_over_2pi,2.3999999999999999,350,20,0.28420133328291936,0.1283369856387913,0.028697022391575164,0.278125,0.0997555606219523,0.022306021468428652
vicsek,rho_1_over_2pi,2.3999999999999999,400,20,0.33103238213152636,0.18593473007004258,0.04157626958146894,0.321875,0.11228277639513551,0.025107192072193175
vicsek,rho_1_over_2pi,2.3999999999999999,450,20,0.3413750031760612,0.1628206252394152,0.03640779861743504,0.315625,0.08943180013283865,0.019997558444720193
vicsek,rho_1_over_2pi,2.3999999999999999,500,20,0.3535480608862585,0.1318213893924715,0.029476158757003598,0.30625,0.09662265521087691,0.021605482521804505
vicsek,rho_1_over_2pi,2.3999999999999999,550,20,0.3028246724339207,0.15607634727678618,0.03489973221907581,0.3375,0.09560661587986471,0.021378289220608835
vicsek,rho_1_over_2pi,2.3999999999999999,600,20,0.3034831421853979,0.17464784992653265,0.03905244645599086,0.334375,0.12386200739129008,0.0276963868356506
vicsek,rho_1_over_2pi,2.3999999999999999,650,20,0.2977196438801069,0.14260478454748113,0.031887399216487936,0.290625,0.08677152110571763,0.019402701970344233
vicsek,rho_1_over_2pi,2.3999999999999999,700,20,0.3484787124780736,0.1708299350921808,0.03819873474579931,0.315625,0.11604652892266963,0.025948792722398473
vicsek,rho_1_over_2pi,2.3999999999999999,750,20,0.36512965580129236,0.15173711870350515,0.033929451213099225,0.3,0.11625672023586421,0.025995792928856776
vicsek,rho_1_over_2pi,2.3999999999999999,800,20,0.32436387394949284,0.1959827125792003,0.0438230667741895,0.3375,0.1224744871391589,0.027386127875258303
vicsek,rho_1_over_2pi,2.3999999999999999,850,20,0.3556188511071474,0.14396274601300058,0.032191048631260606,0.371875,0.12417697803940954,0.027766816413661827
vicsek,rho_1_over_2pi,2.3999999999999999,900,20,0.36328846599691383,0.11993529132437683,0.026818346430254734,0.3625,0.0960143218483576,0.021469455046647084
vicsek,rho_1_over_2pi,2.3999999999999999,950,20,0.3498928293577567,0.15986459614609255,0.035746810417821386,0.384375,0.14013804577986666,0.031335819659775936
vicsek,rho_1_over_2pi,2.3999999999999999,1000,20,0.34261859755744845,0.16838416677119436,0.037651844323505185,0.3625,0.10933034802834939,0.02444700901950993
vicsek,rho_1_over_2pi,2.3999999999999999,1050,20,0.3818198657902556,0.16530136857115915,0.03696250968988591,0.36875,0.09662265521087691,0.021605482521804505
vicsek,rho_1_over_2pi,2.3999999999999999,1100,20,0.35603674074289293,0.15843067716321982,0.035426176385828304,0.3875,0.10383279828647593,0.023217719526258385
vicsek,rho_1_over_2pi,2.3999999999999999,1150,20,0.384282050020774,0.15618643482008826,0.03492434854210575,0.365625,0.10874820400815823,0.02431683765932569
vicsek,rho_1_over_2pi,2.3999999999999999,1200,20,0.3651707700466825,0.14126584065970263,0.03158800226137488,0.3875,0.1243734296383275,0.027810744326608735
vicsek,rho_1_over_2pi,2.3999999999999999,1250,20,0.38434773080468515,0.14732302030343383,0.03294242880490597,0.38125,0.13535254892317322,0.030265750032008126
vicsek,rho_1_over_2pi,2.3999999999999999,1300,20,0.443016059836882,0.14634935652071693,0.032724710964367514,0.40625,0.13621559198564606,0.030458732327528014
vicsek,rho_1_over_2pi,2.3999999999999999,1350,20,0.34371137338633384,0.15978267944558708,0.03572849328673911,0.3875,0.12279301690242812,0.027457353295610994
vicsek,rho_1_over_2pi,2.3999999999999999,1400,20,0.3604911314104793,0.19747135357026105,0.044155937019199946,0.371875,0.1272838240901019,0.02846152831015931
vicsek,rho_1_over_2pi,2.3999999999999999,1450,20,0.3493322493406331,0.1470086559990104,0.03287213480946695,0.365625,0.1032196535307109,0.023080616190864572
vicsek,rho_1_over_2pi,2.3999999999999999,1500,20,0.3763901853524302,0.15245920212526065,0.03409091397474632,0.4,0.14442775010364178,0.03229502670690953
vicsek,rho_1_over_2pi,2.3999999999999999,1550,20,0.39004263578766996,0.18084616082244245,0.04043843090688406,0.396875,0.14152489842780316,0.0316459293393321
vicsek,rho_1_over_2pi,2.3999999999999999,1600,20,0.41220755063111403,0.1555949966435271,0.03479209894537782,0.4125,0.13607213160673276,0.030426653611595213
vicsek,rho_1_over_2pi,2.3999999999999999,1650,20,0.37214891823289414,0.19869368828294273,0.04442925937008134,0.41875,0.1440214827725364,0.032204182569970624
vicsek,rho_1_over_2pi,2.3999999999999999,1700,20,0.366958729080913,0.18079964367151866,0.04042802935572554,0.446875,0.14694147431885934,0.03285711252910091
vicsek,rho_1_over_2pi,2.3999999999999999,1750,20,0.3412149910683879,0.17828066852423988,0.039864769389430746,0.43125,0.1640550593550836,0.036683826477072974
vicsek,rho_1_over_2pi,2.3999999999999999,1800,20,0.33155083001470026,0.16410000236691424,0.03669387604002966,0.390625,0.12480453467322411,0.02790714234295586
vicsek,rho_1_over_2pi,2.3999999999999999,1850,20,0.4274231015550319,0.18753181215398101,0.04193338799200228,0.43125,0.13820840242184987,0.030904338287690285
vicsek,rho_1_over_2pi,2.3999999999999999,1900,20,0.4190098086841469,0.1632991746876764,0.03651480552712574,0.434375,0.14587425021229758,0.03261847396415105
vicsek,rho_1_over_2pi,2.3999999999999999,1950,20,0.44162705900171284,0.16124066113937913,0.03605450790446604,0.43125,0.15168326374389496,0.03391740887803783
vicsek,rho_1_over_2pi,2.3999999999999999,2000,20,0.3929827186035157,0.16014898402322564,0.035810401480346025,0.384375,0.09737772781801801,0.021774321889556053
vicsek,rho_1_over_2pi,2.3999999999999999,2050,20,0.41228560475484777,0.13121772811896995,0.02934117599271024,0.4125,0.10716517624676404,0.023962861890851016
vicsek,rho_1_over_2pi,2.3999999999999999,2100,20,0.35343237191859134,0.12514928856116686,0.027984231655850594,0.4125,0.08477912478906585,0.018957188610128874
vicsek,rho_1_over_2pi,2.3999999999999999,2150,20,0.37507245248165005,0.11011242664878909,0.024621887115415176,0.40625,0.07525996611745185,0.016828640022295324
vicsek,rho_1_over_2pi,2.3999999999999999,2200,20,0.37936016046319654,0.14850923934092308,0.033207675445309004,0.415625,0.10874820400815823,0.02431683765932569
vicsek,rho_1_over_2pi,2.3999999999999999,2250,20,0.40586815625922845,0.16470650674985168,0.03682949454291963,0.440625,0.12417697803940954,0.027766816413661827
vicsek,rho_1_over_2pi,2.3999999999999999,2300,20,0.37940210699636623,0.13782932682239157,0.030819574406790264,0.440625,0.12880914903453092,0.028802601336511253
vicsek,rho_1_over_2pi,2.3999999999999999,2350,20,0.4068754043552623,0.1463533152985538,0.03272559617400262,0.4375,0.12342761036332187,0.027599252707274518
vicsek,rho_1_over_2pi,2.3999999999999999,2400,20,0.4388435901435714,0.20684061208887433,0.04625096691383877,0.4375,0.12183492931011206,0.027243118397129208
vicsek,rho_1_over_2pi,2.3999999999999999,2450,20,0.3959766484742448,0.20253656954094493,0.04528855374231662,0.43125,0.1529654781315052,0.03420412073128032
vicsek,rho_1_over_2pi,2.3999999999999999,2500,20,0.39197690148121367,0.17810035530296453,0.039824450127429384,0.45625,0.13849074878850212,0.03096747285459374
vicsek,rho_1_over_2pi,2.3999999999999999,2550,20,0.37077595491068793,0.1392224688519006,0.03113109043481968,0.4625,0.18477181873868104,0.04131623470259602
vicsek,rho_1_over_2pi,2.3999999999999999,2600,20,0.3800291700619173,0.15920860283123472,0.03560012585334063,0.4625,0.16932771480180084,0.0378628280771524
vicsek,rho_1_over_2pi,2.3999999999999999,2650,20,0.44034705593023815,0.1714891917881489,0.03834614902447996,0.453125,0.1663897438996767,0.037205877811845804
vicsek,rho_1_over_2pi,2.3999999999999999,2700,20,0.4079552995911137,0.1748048501449368,0.03908755277207426,0.453125,0.1904712494708847,0.0425906661576219
vicsek,rho_1_over_2pi,2.3999999999999999,2750,20,0.44013238328668247,0.1715580325780977,0.03836154229307499,0.4625,0.20386883037875114,0.045586456322026174
vicsek,rho_1_over_2pi,2.3999999999999999,2800,20,0.4275595302350851,0.1840161483276926,0.04114726166184049,0.48125,0.19774115024445468,0.04421626538955998
vicsek,rho_1_over_2pi,2.3999999999999999,2850,20,0.4046398709733209,0.1732547089543842,0.038740930664394456,0.45625,0.17798788582372677,0.039799301187332416
vicsek,rho_1_over_2pi,2.3999999999999999,2900,20,0.464462515846508,0.19188152877965484,0.04290601419778905,0.453125,0.19948664585630788,0.044606570073813114
vicsek,rho_1_over_2pi,2.3999999999999999,2950,20,0.3853832193494181,0.19530825499439733,0.04367225347343352,0.45625,0.1855102759956979,0.041481358765112795
vicsek,rho_1_over_2pi,2.3999999999999999,3000,20,0.4465863943573695,0.16857113083869066,0.03769365075993234,0.440625,0.1599255197740498,0.035760433355176216
vicsek,rho_1_over_2pi,2.6000000000000001,0,20,0.2141905450234522,0.09349801149215053,0.020906790945750514,0.159375,0.04624577683421482,0.010340870067358935
vicsek,rho_1_over_2pi,2.6000000000000001,50,20,0.27210867837582653,0.1438928224551998,0.03217541324841349,0.196875,0.060191750888306944,0.013459284667098767
vicsek,rho_1_over_2pi,2.6000000000000001,100,20,0.19920291976158314,0.12801149252638164,0.02862423991901956,0.2125,0.0914296177395487,0.020444284042245155
vicsek,rho_1_over_2pi,2.6000000000000001,150,20,0.25095871764023936,0.14551884031463194,0.03253900189504539,0.209375,0.05685439187081329,0.012713028504254995
vicsek,rho_1_over_2pi,2.6000000000000001,200,20,0.306464091710272,0.15293032303447454,0.034196259812608695,0.23125,0.06584783595532961,0.014724023736737181
vicsek,rho_1_over_2pi,2.6000000000000001,250,20,0.30145022480639827,0.15013152942057867,0.03357043053504235,0.240625,0.09535091438995223,0.02132111262926961
vicsek,rho_1_over_2pi,2.6000000000000001,300,20,0.27528074889041376,0.16339259784711702,0.03653569558064394,0.29375,0.09078649403958719,0.020300477211139645
vicsek,rho_1_over_2pi,2.6000000000000001,350,20,0.26397974757216286,0.12501479692093803,0.02795415841085488,0.284375,0.08943180013283865,0.019997558444720193
vicsek,rho_1_over_2pi,2.6000000000000001,400,20,0.2850017242113064,0.13033391501031208,0.0291435493736738,0.25,0.07126096406869613,0.015934435979977454
vicsek,rho_1_over_2pi,2.6000000000000001,450,20,0.35092977187867475,0.13395073752622133,0.02995229547448629,0.265625,0.07091753573693886,0.015857643070456593
vicsek,rho_1_over_2pi,2.6000000000000001,500,20,0.3147560500520311,0.1603206548397016,0.03584878824188534,0.26875,0.07153451963912248,0.015995604865087158
vicsek,rho_1_over_2pi,2.6000000000000001,550,20,0.3274100217054571,0.11640344012955842,0.026028600494451954,0.303125,0.1442586110947974,0.03225720607476723
vicsek,rho_1_over_2pi,2.6000000000000001,600,20,0.2676039989598975,0.19059459422484365,0.042618246883073925,0.328125,0.1263597913697233,0.028254908312539257
vicsek,rho_1_over_2pi,2.6000000000000001,650,20,0.25296086308305366,0.12022489526338974,0.026883103839673194,0.3375,0.15103807466993216,0.03377314021526574
vicsek,rho_1_over_2pi,2.6000000000000001,700,20,0.3508756044594303,0.19500989672514496,0.043605538536263776,0.365625,0.17708026958133985,0.03959635202578641
vicsek,rho_1_over_2pi,2.6000000000000001,750,20,0.31796051580931706,0.1566604487739602,0.03503034128441986,0.36875,0.13390178303517844,0.029941348917508707
vicsek,rho_1_over_2pi,2.6000000000000001,800,20,0.34305558563881644,0.14556925349618183,0.03255027462513615,0.378125,0.16709255481618562,0.03736303111031009
vicsek,rho_1_over_2pi,2.6000000000000001,850,20,0.29274741937263377,0.1409716698076743,0.03152222365916144,0.384375,0.17033400093639556,0.03808784049732933
vicsek,rho_1_over_2pi,2.6000000000000001,900,20,0.40391813288483125,0.16258267395703102,0.03635459109316061,0.378125,0.15869954906993278,0.03548629797189332
vicsek,rho_1_over_2pi,2.6000000000000001,950,20,0.3415550489609159,0.1927903861268475,0.04310924087880634,0.39375,0.15823736126465204,0.035382949636795405
vicsek,rho_1_over_2pi,2.6000000000000001,1000,20,0.38672489969746887,0.14356368031278618,0.03210181482794382,0.39375,0.15194057226429022,0.03397494481231721
vicsek,rho_1_over_2pi,2.6000000000000001,1050,20,0.3721201201321664,0.16662863128845884,0.03725929465587423,0.359375,0.1263597913697233,0.028254908312539257
vicsek,rho_1_over_2pi,2.6000000000000001,1100,20,0.31953630239018094,0.19638711256622685,0.043913493360298636,0.340625,0.10730177945868372,0.023993407297630737
vicsek,rho_1_over_2pi,2.6000000000000001,1150,20,0.3068965350926054,0.16986857696921592,0.0379837685344322,0.33125,0.10097184013377195,0.02257798983523555
vicsek,rho_1_over_2pi,2.6000000000000001,1200,20,0.3294290362293006,0.14850830887802277,0.03320746738747944,0.34375,0.11608859763129194,0.025958199571618983
vicsek,rho_1_over_2pi,2.6000000000000001,1250,20,0.3599550888158148,0.17473495797406163,0.03907192440755707,0.3625,0.14334181176474645,0.03205220351239521
vicsek,rho_1_over_2pi,2.6000000000000001,1300,20,0.352304671493161,0.13830871238941192,0.03092676827831924,0.38125,0.14100642715848097,0.03152999563907359
vicsek,rho_1_over_2pi,2.6000000000000001,1350,20,0.331289466440689,0.1366421655055957,0.030554117066328886,0.340625,0.10169462559545613,0.022739609577782992
vicsek,rho_1_over_2pi,2.6000000000000001,1400,20,0.34315812506186016,0.16360533859284435,0.036583265857546975,0.34375,0.11608859763129194,0.025958199571618983
vicsek,rho_1_over_2pi,2.6000000000000001,1450,20,0.3338738689899848,0.1399919500204251,0.03130315165484236,0.334375,0.10874820400815823,0.02431683765932569
vicsek,rho_1_over_2pi,2.6000000000000001,1500,20,0.3104925238876792,0.14358129459185473,0.03210575350048101,0.35,0.1015504800579495,0.022707377655731185
vicsek,rho_1_over_2pi,2.6000000000000001,1550,20,0.3748018848473024,0.1489248304094594,0.0333006044333179,0.375,0.14523687548277814,0.032475952641916446
vicsek,rho_1_over_2pi,2.6000000000000001,1600,20,0.3421533352404878,0.21382848088088713,0.04781350187751777,0.384375,0.13732232839199895,0.030706206111305905
vicsek,rho_1_over_2pi,2.6000000000000001,1650,20,0.3801324210247793,0.10297300653584335,0.023025464246167585,0.396875,0.14013804577986666,0.031335819659775936
vicsek,rho_1_over_2pi,2.6000000000000001,1700,20,0.4118564313549734,0.16122818508620892,0.03605171817416809,0.39375,0.1467086824288188,0.032805058680026776
vicsek,rho_1_over_2pi,2.6000000000000001,1750,20,0.4211469465948536,0.15928246362473947,0.0356166416288555,0.40625,0.1459077191241094,0.03262595784034547
vicsek,rho_1_over_2pi,2.6000000000000001,1800,20,0.38064699861208756,0.15377066797150366,0.03438416665298318,0.375,0.15811388300841897,0.035355339059327376
vicsek,rho_1_over_2pi,2.6000000000000001,1850,20,0.35123026516215977,0.15907486388595413,0.03557022091605198,0.396875,0.15216536029924813,0.03402520894498665
vicsek,rho_1_over_2pi,2.6000000000000001,1900,20,0.3614856232613023,0.11788938344316204,0.02636086752044485,0.396875,0.12697656033693777,0.028392822046249645
vicsek,rho_1_over_2pi,2.6000000000000001,1950,20,0.3499906122029975,0.15970032662164682,0.03571007863549216,0.3875,0.13199195051214296,0.029514297382793982
vicsek,rho_1_over_2pi,2.6000000000000001,2000,20,0.3277416039140493,0.13541832493537087,0.030280457995464406,0.390625,0.13386531244127434,0.029933193844793773
vicsek,rho_1_over_2pi,2.6000000000000001,2050,20,0.39401368851382,0.16496329378399702,0.03688691386932858,0.440625,0.12880914903453092,0.028802601336511253
vicsek,rho_1_over_2pi,2.6000000000000001,2100,20,0.35491278132829107,0.17183788588486879,0.03842411939484182,0.4375,0.15687375497513917,0.0350780380010057
vicsek,rho_1_over_2pi,2.6000000000000001,2150,20,0.3972824313292321,0.15261849530390836,0.034126533012327154,0.45,0.16606662819483028,0.03713362694378237
vicsek,rho_1_over_2pi,2.6000000000000001,2200,20,0.3321025338695017,0.13945804697337758,0.031183767304183103,0.446875,0.1846396405840306,0.04128667876870214
vicsek,rho_1_over_2pi,2.6000000000000001,2250,20,0.41318431665213967,0.15476672551324827,0.034606891890267416,0.4,0.14306903927824496,0.031991209730174316
vicsek,rho_1_over_2pi,2.6000000000000001,2300,20,0.3781817640088587,0.18127930027546074,0.04053528383295266,0.415625,0.15344354621488648,0.03431102000451167
vicsek,rho_1_over_2pi,2.6000000000000001,2350,20,0.31685311230044594,0.17428014368716696,0.038970224841293616,0.428125,0.14152489842780316,0.0316459293393321
vicsek,rho_1_over_2pi,2.6000000000000001,2400,20,0.31289056309779634,0.14424169922491523,0.03225342446569891,0.4375,0.1152443057161611,0.02576941016011038
vicsek,rho_1_over_2pi,2.6000000000000001,2450,20,0.3855789423030594,0.17193942957284306,0.03844682525374147,0.415625,0.11903748096713068,0.02661758993128416
vicsek,rho_1_over_2pi,2.6000000000000001,2500,20,0.3848212747690212,0.1394479257260662,0.031181504124482576,0.41875,0.12038350177661389,0.026918569334197534
vicsek,rho_1_over_2pi,2.6000000000000001,2550,20,0.3868282568631021,0.16924743393826394,0.03784487673033631,0.440625,0.14983715118421065,0.03350460556028081
vicsek,rho_1_over_2pi,2.6000000000000001,2600,20,0.4391782227205076,0.17432927154025693,0.0389812101632034,0.44375,0.1529654781315052,0.03420412073128032
vicsek,rho_1_over_2pi,2.6000000000000001,2650,20,0.3815407422563071,0.1397242765713501,0.031243298052052,0.425,0.15,0.03354101966249684
vicsek,rho_1_over_2pi,2.6000000000000001,2700,20,0.41069445407003935,0.1477917567963345,0.03304724147107205,0.384375,0.12697656033693777,0.028392822046249645
vicsek,rho_1_over_2pi,2.6000000000000001,2750,20,0.3674791754974012,0.12291435708367922,0.027484485784978953,0.38125,0.12326926827072512,0.027563846338999932
vicsek,rho_1_over_2pi,2.6000000000000001,2800,20,0.30903142372180437,0.16616687438130004,0.037156042672525515,0.359375,0.11332165227792966,0.02533949178160446
vicsek,rho_1_over_2pi,2.6000000000000001,2850,20,0.39560906682463665,0.162155951945675,0.036259173150671856,0.390625,0.120017902310447,0.026836818808308856
vicsek,rho_1_over_2pi,2.6000000000000001,2900,20,0.3980930768594023,0.17537425312191574,0.03921487514838583,0.409375,0.11936518284240175,0.026690866298230184
vicsek,rho_1_over_2pi,2.6000000000000001,2950,20,0.3620904037345538,0.19389829151531524,0.04335697605493156,0.3875,0.11625672023586421,0.025995792928856776
vicsek,rho_1_over_2pi,2.6000000000000001,3000,20,0.3308178773921782,0.14903907315612133,0.03332614988806514,0.39375,0.11875,0.02655330723281
vicsek,rho_1_over_2pi,2.7999999999999998,0,20,0.22690199139346362,0.08404920682897407,0.018793973992452556,0.18125,0.06525191568069094,0.01459077191241094
vicsek,rho_1_over_2pi,2.7999999999999998,50,20,0.25587776377828475,0.11705007454766309,0.02617319234599926,0.190625,0.06695089151758922,0.014970674458754354
vicsek,rho_1_over_2pi,2.7999999999999998,100,20,0.2139861331232784,0.12482219492730773,0.027911091295818948,0.196875,0.06636487681748532,0.014839637588229707
vicsek,rho_1_over_2pi,2.7999999999999998,150,20,0.24465149534815173,0.10526963909396815,0.023539006898098215,0.203125,0.08356088723200586,0.018684782411095932
vicsek,rho_1_over_2pi,2.7999999999999998,200,20,0.29011665337387244,0.11134474125249533,0.024897441037770463,0.234375,0.07622694323531543,0.017044862679118304
vicsek,rho_1_over_2pi,2.7999999999999998,250,20,0.28539653405348625,0.14601173980762538,0.03264921757228624,0.2375,0.0701560760020114,0.015687375497513915
vicsek,rho_1_over_2pi,2.7999999999999998,300,20,0.2733541625654957,0.13925735547714552,0.031138891321375,0.2375,0.05796011559684815,0.012960275845829825
vicsek,rho_1_over_2pi,2.7999999999999998,350,20,0.286654406412406,0.114706416632223,0.025649134504506312,0.259375,0.06335354666472905,0.014166283695803921
vicsek,rho_1_over_2pi,2.7999999999999998,400,20,0.2897006333331392,0.1481281492838558,0.03312246111799383,0.2375,0.06434768838116875,0.014388580541526672
vicsek,rho_1_over_2pi,2.7999999999999998,450,20,0.300843560092501,0.14398088616914761,0.032195104893487335,0.2375,0.07551903733496608,0.01688657010763287
vicsek,rho_1_over_2pi,2.7999999999999998,500,20,0.24278926639082318,0.12236538912913973,0.027361732818597023,0.25,0.0739509972887452,0.01653594569415369
vicsek,rho_1_over_2pi,2.7999999999999998,550,20,0.2916438935958865,0.10689327244807512,0.02390206235313013,0.265625,0.0985738143474219,0.022041774968227946
vicsek,rho_1_over_2pi,2.7999999999999998,600,20,0.282574928198028,0.13246398968232007,0.029619848550049843,0.265625,0.08118988160479113,0.018154609435347267
vicsek,rho_1_over_2pi,2.7999999999999998,650,20,0.27730406774751276,0.1441768186941815,0.03223891673798523,0.2625,0.07551903733496608,0.01688657010763287
vicsek,rho_1_over_2pi,2.7999999999999998,700,20,0.2558940195516509,0.16687751184332558,0.03731494603977022,0.2875,0.06959705453537528,0.015562374497485916
vicsek,rho_1_over_2pi,2.7999999999999998,750,20,0.36572658202099406,0.13021421352559856,0.02911678330799109,0.290625,0.06335354666472905,0.014166283695803921
vicsek,rho_1_over_2pi,2.7999999999999998,800,20,0.3769967588235691,0.13658473744172261,0.030541275760865245,0.30625,0.085923294280422,0.019213032686174247
vicsek,rho_1_over_2pi,2.7999999999999998,850,20,0.34331725160841675,0.1781206858681394,0.03982899618000458,0.315625,0.12259403278708145,0.02741285909477521
vicsek,rho_1_over_2pi,2.7999999999999998,900,20,0.33052506458433073,0.14948732797272038,0.03342638271218086,0.3125,0.08838834764831845,0.01976423537605237
vicsek,rho_1_over_2pi,2.7999999999999998,950,20,0.30729578638300276,0.14329670996798546,0.03204211844404872,0.315625,0.09158969306095528,0.02048007797226368
vicsek,rho_1_over_2pi,2.7999999999999998,1000,20,0.3044164025757917,0.1490899389949194,0.033337523835393644,0.321875,0.10509482325500148,0.023499916888150903
vicsek,rho_1_over_2pi,2.7999999999999998,1050,20,0.32020390303710117,0.15687058450451247,0.0350773290622215,0.3375,0.10532687216470449,0.023551804601770965
vicsek,rho_1_over_2pi,2.7999999999999998,1100,20,0.35156484914538266,0.13839363113171907,0.030945756686355498,0.309375,0.08495173261917617,0.018995784894286417
vicsek,rho_1_over_2pi,2.7999999999999998,1150,20,0.33355169095497283,0.14131279129848892,0.0315985007433662,0.30625,0.07368641326594748,0.016476782908080086
vicsek,rho_1_over_2pi,2.7999999999999998,1200,20,0.2914525348515796,0.14225875370355875,0.031810024367555735,0.3375,0.10897247358851683,0.024366985862022406
vicsek,rho_1_over_2pi,2.7999999999999998,1250,20,0.2980552057907456,0.14545936052073577,0.03252570180880144,0.334375,0.13873733050264445,0.031022610202076802
vicsek,rho_1_over_2pi,2.7999999999999998,1300,20,0.2977060292907424,0.1332636817113792,0.02979866512385394,0.303125,0.11903748096713068,0.02661758993128416
vicsek,rho_1_over_2pi,2.7999999999999998,1350,20,0.29766985306182514,0.13507168423303592,0.030202946778045484,0.31875,0.09249155366842964,0.02068174013471787
vicsek,rho_1_over_2pi,2.7999999999999998,1400,20,0.32607725680870325,0.1669243491245856,0.03732541917424809,0.4,0.15232572008692424,0.034061066483596775
vicsek,rho_1_over_2pi,2.7999999999999998,1450,20,0.3273627552820652,0.17899724590935542,0.040025000963856486,0.365625,0.13873733050264445,0.031022610202076802
vicsek,rho_1_over_2pi,2.7999999999999998,1500,20,0.3324615573802455,0.1425788162498657,0.03188159252861514,0.3625,0.12899854650343934,0.028844951898035816
vicsek,rho_1_over_2pi,2.7999999999999998,1550,20,0.3196597319032203,0.1231173680017005,0.027529880406265975,0.390625,0.12480453467322411,0.02790714234295586
vicsek,rho_1_over_2pi,2.7999999999999998,1600,20,0.34777952924346744,0.1494666888741539,0.033421767669441965,0.396875,0.15216536029924813,0.03402520894498665
vicsek,rho_1_over_2pi,2.7999999999999998,1650,20,0.3297358272338657,0.17416448933924658,0.03894436374290928,0.384375,0.13873733050264445,0.031022610202076802
vicsek,rho_1_over_2pi,2.7999999999999998,1700,20,0.3390998196332673,0.13691806166330156,0.03061580932266502,0.384375,0.15344354621488648,0.03431102000451167
vicsek,rho_1_over_2pi,2.7999999999999998,1750,20,0.3698491915005853,0.1772692969253882,0.039638619824876244,0.371875,0.13031662163745653,0.029139682457947274
vicsek,rho_1_over_2pi,2.7999999999999998,1800,20,0.3396397549683027,0.13755663561911663,0.030758598800051364,0.3625,0.12593401049756178,0.028159700815172023
vicsek,rho_1_over_2pi,2.7999999999999998,1850,20,0.4347885295175007,0.16313568642640322,0.03647824844055273,0.375,0.11004260538536881,0.024606274606286907
vicsek,rho_1_over_2pi,2.7999999999999998,1900,20,0.33171695960688474,0.12783829242540343,0.028585511199069852,0.409375,0.11771755126148352,0.026322444676549327
vicsek,rho_1_over_2pi,2.7999999999999998,1950,20,0.34231180737756167,0.13226501302187998,0.02957535601618185,0.38125,0.12945196985754986,0.028946340442273524
vicsek,rho_1_over_2pi,2.7999999999999998,2000,20,0.2982918303413606,0.13311305774983073,0.029764984582147668,0.36875,0.10439558180306291,0.023343561746228873
vicsek,rho_1_over_2pi,2.7999999999999998,2050,20,0.4233721413434536,0.1752078593407822,0.03917766836782105,0.378125,0.11435109039707492,0.025569681142908293
vicsek,rho_1_over_2pi,2.7999999999999998,2100,20,0.28528351866491036,0.1465555008147829,0.03277080622983804,0.36875,0.13390178303517844,0.029941348917508707
vicsek,rho_1_over_2pi,2.7999999999999998,2150,20,0.3309689498627536,0.15916214474405888,0.03558973750923765,0.35625,0.12823927830426995,0.028675174367386157
vicsek,rho_1_over_2pi,2.7999999999999998,2200,20,0.3229274045150583,0.14827883163573863,0.03315615471617579,0.35625,0.13125,0.02934839220468474
vicsek,rho_1_over_2pi,2.7999999999999998,2250,20,0.3251922313057295,0.15278978835737433,0.034164835303489495,0.36875,0.14510233457804875,0.032445868381043526
vicsek,rho_1_over_2pi,2.7999999999999998,2300,20,0.36039608158096115,0.13084396431006975,0.029257599864287234,0.3375,0.12562344526401112,0.028090256317805287
vicsek,rho_1_over_2pi,2.7999999999999998,2350,20,0.33300197614590304,0.17132603374793148,0.038309665777579785,0.371875,0.12880914903453092,0.028802601336511253
vicsek,rho_1_over_2pi,2.7999999999999998,2400,20,0.3208202587925547,0.1852221219337198,0.04141692555805523,0.359375,0.11837935578047382,0.026470428665777212
vicsek,rho_1_over_2pi,2.7999999999999998,2450,20,0.3323917097568795,0.1399443454367507,0.0312925069463287,0.346875,0.11936518284240175,0.026690866298230184
vicsek,rho_1_over_2pi,2.7999999999999998,2500,20,0.32877604948458455,0.12770261587626583,0.028555173000387426,0.3375,0.1224744871391589,0.027386127875258303
vicsek,rho_1_over_2pi,2.7999999999999998,2550,20,0.2990327798763115,0.16058659281404514,0.035908253780728414,0.325,0.13778379803155377,0.030809393859665593
vicsek,rho_1_over_2pi,2.7999999999999998,2600,20,0.322213756597551,0.16369899593401532,0.03660420827569199,0.346875,0.12259403278708145,0.02741285909477521
vicsek,rho_1_over_2pi,2.7999999999999998,2650,20,0.33906626294599296,0.14738450443185602,0.032956177073974906,0.353125,0.130016525391967,0.02907257889747657
vicsek,rho_1_over_2pi,2.7999999999999998,2700,20,0.2727849450229493,0.12529552643486955,0.028016931438499017,0.3375,0.10897247358851683,0.024366985862022406
vicsek,rho_1_over_2pi,2.7999999999999998,2750,20,0.3244908666897491,0.16185272979954732,0.03619137061756937,0.340625,0.11088246874506358,0.024794073762695795
vicsek,rho_1_over_2pi,2.7999999999999998,2800,20,0.2552093757889507,0.1246161313182044,0.02786501407205455,0.34375,0.11439378261076955,0.025579227412101405
vicsek,rho_1_over_2pi,2.7999999999999998,2850,20,0.2919367102143674,0.15257585461130957,0.034116998263601296,0.340625,0.11604652892266963,0.025948792722398473
vicsek,rho_1_over_2pi,2.7999999999999998,2900,20,0.33034706354101795,0.13023259555177047,0.029120893653999547,0.353125,0.1069371164516792,0.02391186617037658
vicsek,rho_1_over_2pi,2.7999999999999998,2950,20,0.3402668317506949,0.135503706365041,0.03029954986354026,0.353125,0.09936320684740403,0.022218288497316798
vicsek,rho_1_over_2pi,2.7999999999999998,3000,20,0.38779497102990723,0.16730699484474934,0.03741098135840664,0.340625,0.12417697803940954,0.027766816413661827
vicsek,rho_1_over_2pi,3.2000000000000002,0,20,0.21756418082725332,0.07728293054331405,0.017280988619524495,0.178125,0.05330850659134994,0.011920144451725406
vicsek,rho_1_over_2pi,3.2000000000000002,50,20,0.26351776599050797,0.13083105644884369,0.02925471357877267,0.184375,0.05403630145559557,0.012082884330738253
vicsek,rho_1_over_2pi,3.2000000000000002,100,20,0.23762679745006401,0.09755488689717194,0.021813935863937997,0.18125,0.05555121510822243,0.012421629321469868
vicsek,rho_1_over_2pi,3.2000000000000002,150,20,0.2786771668408713,0.13985354924504523,0.03127220430065355,0.196875,0.07724504433942672,0.017272517006794347
vicsek,rho_1_over_2pi,3.2000000000000002,200,20,0.2621504146097356,0.11521368640689071,0.02576256347441511,0.203125,0.0651770425456694,0.014574029770451273
vicsek,rho_1_over_2pi,3.2000000000000002,250,20,0.23284403735673626,0.109464585653783,0.024477025465070704,0.209375,0.07467376965842826,0.016697562509240683
vicsek,rho_1_over_2pi,3.2000000000000002,300,20,0.2695482438707044,0.17841410698734458,0.03989460713686227,0.203125,0.0554632479665589,0.012401959270615269
vicsek,rho_1_over_2pi,3.2000000000000002,350,20,0.21596039721740076,0.09206563648546942,0.020586502157329444,0.209375,0.05330850659134994,0.011920144451725406
vicsek,rho_1_over_2pi,3.2000000000000002,400,20,0.2837621464209588,0.10978228825257114,0.024548065925822565,0.20625,0.06584783595532961,0.014724023736737181
vicsek,rho_1_over_2pi,3.2000000000000002,450,20,0.2307115151790345,0.12337860856235036,0.0275882955714753,0.2125,0.053764532919016415,0.01202211503854459
vicsek,rho_1_over_2pi,3.2000000000000002,500,20,0.24850514510101504,0.10760343359527151,0.02406085921314117,0.215625,0.0639671546576835,0.01430349061418226
vicsek,rho_1_over_2pi,3.2000000000000002,550,20,0.2524167105835516,0.1297189836324324,0.029006046537430143,0.2375,0.11792476415070755,0.026368778887161232
vicsek,rho_1_over_2pi,3.2000000000000002,600,20,0.2427729477515445,0.10365159367537767,0.023177200943433174,0.225,0.075,0.01677050983124842
vicsek,rho_1_over_2pi,3.2000000000000002,650,20,0.27172698687719665,0.13904258102678396,0.031090866294291142,0.240625,0.09936320684740403,0.022218288497316798
vicsek,rho_1_over_2pi,3.2000000000000002,700,20,0.24869086103453614,0.11301911919204406,0.025271843327056162,0.25,0.07905694150420949,0.017677669529663688
vicsek,rho_1_over_2pi,3.2000000000000002,750,20,0.2840194213488774,0.15631670450590981,0.0349534777293962,0.26875,0.10288798520721455,0.023006452899132453
vicsek,rho_1_over_2pi,3.2000000000000002,800,20,0.32365743940814573,0.1884676100002383,0.0421426387517452,0.275,0.10897247358851683,0.024366985862022406
vicsek,rho_1_over_2pi,3.2000000000000002,850,20,0.2608451706950284,0.17657154654745918,0.039482598097238704,0.284375,0.12417697803940954,0.027766816413661827
vicsek,rho_1_over_2pi,3.2000000000000002,900,20,0.23632266587663406,0.1047334026641468,0.02341910078718898,0.28125,0.11775902300885482,0.02633171804117612
vicsek,rho_1_over_2pi,3.2000000000000002,950,20,0.2691229407080321,0.12522993011900557,0.028002263656364476,0.284375,0.10910681406310056,0.024397025305352288
vicsek,rho_1_over_2pi,3.2000000000000002,1000,20,0.3046111942878831,0.13287977373338172,0.029712820690263254,0.284375,0.0977780490447626,0.021863836437139756
vicsek,rho_1_over_2pi,3.2000000000000002,1050,20,0.2452714170328471,0.10972388763052505,0.024535007149740235,0.296875,0.0924387466109315,0.020669932117692115
vicsek,rho_1_over_2pi,3.2000000000000002,1100,20,0.3002831346534412,0.15989651364708332,0.03575394738801011,0.303125,0.08677152110571763,0.019402701970344233
vicsek,rho_1_over_2pi,3.2000000000000002,1150,20,0.28982288119506733,0.18045577480003652,0.040351137938527515,0.303125,0.09328007222874563,0.02085805824495655
vicsek,rho_1_over_2pi,3.2000000000000002,1200,20,0.3372505262063435,0.1392553433582637,0.031138441397915148,0.303125,0.12542895150243424,0.028046766190596734
vicsek,rho_1_over_2pi,3.2000000000000002,1250,20,0.22181088819051015,0.1541684854733694,0.03447312135066428,0.309375,0.11088246874506358,0.024794073762695795
vicsek,rho_1_over_2pi,3.2000000000000002,1300,20,0.3204219167438856,0.12482075509353693,0.02791076933920017,0.321875,0.10874820400815823,0.02431683765932569
vicsek,rho_1_over_2pi,3.2000000000000002,1350,20,0.3314258270936722,0.1227139266756724,0.027439668183272824,0.278125,0.06695089151758922,0.014970674458754354
vicsek,rho_1_over_2pi,3.2000000000000002,1400,20,0.3170583222357545,0.13944090749676225,0.03117993480070204,0.284375,0.09158969306095528,0.02048007797226368
vicsek,rho_1_over_2pi,3.2000000000000002,1450,20,0.20026049599898404,0.11794028783720868,0.026372250088989024,0.284375,0.09158969306095528,0.02048007797226368
vicsek,rho_1_over_2pi,3.2000000000000002,1500,20,0.26913383609735114,0.11147291249371424,0.024926100998583063,0.296875,0.11158481919598204,0.024951124097923924
vicsek,rho_1_over_2pi,3.2000000000000002,1550,20,0.32705878092171775,0.15186394755769986,0.033957811007048005,0.278125,0.09575970903777851,0.021412521891407372
vicsek,rho_1_over_2pi,3.2000000000000002,1600,20,0.2891092602591627,0.12665046231545593,0.028319904311913485,0.30625,0.12005857945186592,0.026845914493643163
vicsek,rho_1_over_2pi,3.2000000000000002,1650,20,0.2991686337169807,0.12571246185824275,0.02811016103338803,0.290625,0.09936320684740403,0.022218288497316798
vicsek,rho_1_over_2pi,3.2000000000000002,1700,20,0.24957057458012583,0.13904550529742052,0.031091520181083937,0.303125,0.09535091438995223,0.02132111262926961
vicsek,rho_1_over_2pi,3.2000000000000002,1750,20,0.32760422910675824,0.1183679201338519,0.026467871577455886,0.31875,0.09662265521087691,0.021605482521804505
vicsek,rho_1_over_2pi,3.2000000000000002,1800,20,0.24063690462217102,0.10725947617698578,0.023983947996275946,0.3125,0.11180339887498948,0.024999999999999998
vicsek,rho_1_over_2pi,3.2000000000000002,1850,20,0.2574414009811639,0.13680267216855294,0.03059000744725029,0.3375,0.13317047345414074,0.02977782312392899
vicsek,rho_1_over_2pi,3.2000000000000002,1900,20,0.3011719141881385,0.13403767770735533,0.029971735889985467,0.34375,0.1445629188277547,0.03232525135246437
vicsek,rho_1_over_2pi,3.2000000000000002,1950,20,0.24578900551162955,0.12625282494333587,0.028230989892468,0.34375,0.1347741165802989,0.03013640862810298
vicsek,rho_1_over_2pi,3.2000000000000002,2000,20,0.27410683492723653,0.1157797724548203,0.025889144162843585,0.3375,0.15232572008692424,0.034061066483596775
vicsek,rho_1_over_2pi,3.2000000000000002,2050,20,0.28319100917716955,0.13826475089544965,0.030916938189430032,0.35625,0.1426589026314166,0.03189950038793711
vicsek,rho_1_over_2pi,3.2000000000000002,2100,20,0.2904690266887412,0.1743779572418016,0.038992096617022014,0.31875,0.1542370334906633,0.034488449153303485
vicsek,rho_1_over_2pi,3.2000000000000002,2150,20,0.2330390553432487,0.11864031918250728,0.026528781856435854,0.31875,0.11675963557668377,0.026108248217756775
vicsek,rho_1_over_2pi,3.2000000000000002,2200,20,0.31383319797242243,0.10688153157537938,0.023899437014183848,0.321875,0.1358925931572431,0.030386507593831835
vicsek,rho_1_over_2pi,3.2000000000000002,2250,20,0.2863514864099569,0.15146241941995825,0.03386802658596109,0.325,0.13491895715576815,0.030168795965367926
vicsek,rho_1_over_2pi,3.2000000000000002,2300,20,0.2873259958314637,0.1211342251150976,0.02708643617591205,0.31875,0.13961442439805422,0.031218734359355436
vicsek,rho_1_over_2pi,3.2000000000000002,2350,20,0.3294162761423987,0.18306449203471145,0.04093446484560836,0.315625,0.13180685443101964,0.029472908640817926
vicsek,rho_1_over_2pi,3.2000000000000002,2400,20,0.2903559388231349,0.13038023127451973,0.029153906005197013,0.3125,0.13110110602126895,0.029315098498896436
vicsek,rho_1_over_2pi,3.2000000000000002,2450,20,0.3325270274960438,0.13824592942176825,0.0309127295799712,0.328125,0.12322965095706472,0.02755498763835687
vicsek,rho_1_over_2pi,3.2000000000000002,2500,20,0.27793336528732415,0.1243982765834685,0.027816300272445586,0.315625,0.1272838240901019,0.02846152831015931
vicsek,rho_1_over_2pi,3.2000000000000002,2550,20,0.30340281943834446,0.13792904306974313,0.030841871637544187,0.3125,0.10643366478704001,0.023799290955824715
vicsek,rho_1_over_2pi,3.2000000000000002,2600,20,0.2754263534705311,0.12211194048453759,0.027305059978783464,0.29375,0.13419319095989932,0.03000650971039451
vicsek,rho_1_over_2pi,3.2000000000000002,2650,20,0.27355191400633244,0.09256639194074445,0.020698474481139328,0.31875,0.12167451458707365,0.027207248574598643
vicsek,rho_1_over_2pi,3.2000000000000002,2700,20,0.2725613886787632,0.11327878723723793,0.02532990686711996,0.315625,0.10546585644178878,0.02358288243090738
vicsek,rho_1_over_2pi,3.2000000000000002,2750,20,0.2774815487085628,0.16963638354624616,0.037931848506663327,0.31875,0.127934309315367,0.02860698122836452
vicsek,rho_1_over_2pi,3.2000000000000002,2800,20,0.31683576008541015,0.13410921789265157,0.029987732761729998,0.321875,0.09737772781801801,0.021774321889556053
vicsek,rho_1_over_2pi,3.2000000000000002,2850,20,0.29855376193928124,0.13337238354147207,0.029822971591990568,0.3125,0.10269797953221865,0.022963966338592295
vicsek,rho_1_over_2pi,3.2000000000000002,2900,20,0.3379706744268137,0.15436103251880523,0.0345161761789104,0.321875,0.10509482325500148,0.023499916888150903
vicsek,rho_1_over_2pi,3.2000000000000002,2950,20,0.28208112278691333,0.1470993282164973,0.032892409733664085,0.325,0.0875,0.019565594803123157
vicsek,rho_1_over_2pi,3.2000000000000002,3000,20,0.2985875522476003,0.13248267502415084,0.029624026719501487,0.3375,0.1125,0.025155764746872634
vicsek,rho_1_over_2pi,3.3999999999999999,0,20,0.23650998425345934,0.115803457699341,0.02589444034452479,0.1625,0.06059599821770411,0.013549677117924248
vicsek,rho_1_over_2pi,3.3999999999999999,50,20,0.24660432828503467,0.15292891710845063,0.03419594543799262,0.178125,0.05330850659134994,0.011920144451725406
vicsek,rho_1_over_2pi,3.3999999999999999,100,20,0.2245622840519545,0.11095437055863465,0.024810151496980837,0.190625,0.07255116728902437,0.016222934190521763
vicsek,rho_1_over_2pi,3.3999999999999999,150,20,0.27399980473039787,0.13072105599302863,0.02923011672909683,0.2125,0.08705242673240074,0.019465514377996793
vicsek,rho_1_over_2pi,3.3999999999999999,200,20,0.25755020812641494,0.11795244229960201,0.02637496790940317,0.203125,0.07091753573693886,0.015857643070456593
vicsek,rho_1_over_2pi,3.3999999999999999,250,20,0.2205924695392692,0.1331601521771443,0.029775515216231126,0.21875,0.06702378309227255,0.014986973510352249
vicsek,rho_1_over_2pi,3.3999999999999999,300,20,0.3154734105182687,0.12494609452730648,0.027938796088617174,0.215625,0.07519505884697478,0.016814126315393255
vicsek,rho_1_over_2pi,3.3999999999999999,350,20,0.2630444349586648,0.12645347726390882,0.028275857115332422,0.21875,0.08267972847076846,0.0184877493221863
vicsek,rho_1_over_2pi,3.3999999999999999,400,20,0.28293849216730516,0.1594281275624718,0.03564921307551948,0.23125,0.0840851502942107,0.018802011195614154
vicsek,rho_1_over_2pi,3.3999999999999999,450,20,0.29240730680158605,0.1309642627072337,0.029284499403651514,0.225,0.08003905296791061,0.017897276329095442
vicsek,rho_1_over_2pi,3.3999999999999999,500,20,0.21888903584959504,0.120497726610352,0.02694411078349324,0.21875,0.06987712429686843,0.015625
vicsek,rho_1_over_2pi,3.3999999999999999,550,20,0.3000212260428222,0.13956440163587525,0.03120754892968999,0.24375,0.07629097259833564,0.017059180079945224
vicsek,rho_1_over_2pi,3.3999999999999999,600,20,0.3184257802867275,0.141000484109828,0.03152866673299543,0.253125,0.08495173261917617,0.018995784894286417
vicsek,rho_1_over_2pi,3.3999999999999999,650,20,0.2655565789725204,0.14351889083782177,0.03209179959687412,0.240625,0.08899394291186338,0.019899650593666208
vicsek,rho_1_over_2pi,3.3999999999999999,700,20,0.24320815876296145,0.13764527807180757,0.03077841985504229,0.228125,0.06636487681748532,0.014839637588229707
vicsek,rho_1_over_2pi,3.3999999999999999,750,20,0.2593718429690638,0.1658729396736422,0.03709031687379857,0.240625,0.07724504433942672,0.017272517006794347
vicsek,rho_1_over_2pi,3.3999999999999999,800,20,0.22305967967287166,0.1413483393637171,0.03160644953239808,0.25,0.07126096406869613,0.015934435979977454
vicsek,rho_1_over_2pi,3.3999999999999999,850,20,0.23342224017950305,0.10623607473364602,0.023755108476718034,0.234375,0.0554632479665589,0.012401959270615269
vicsek,rho_1_over_2pi,3.3999999999999999,900,20,0.27274468410730573,0.11879595468480612,0.026563583012721107,0.234375,0.06810779599282303,0.015229366163764007
vicsek,rho_1_over_2pi,3.3999999999999999,950,20,0.20893575191610464,0.11066678754948409,0.024745845981217377,0.253125,0.07255116728902437,0.016222934190521763
vicsek,rho_1_over_2pi,3.3999999999999999,1000,20,0.29588809981946457,0.1066182374657275,0.023840562661458158,0.240625,0.05685439187081329,0.012713028504254995
vicsek,rho_1_over_2pi,3.3999999999999999,1050,20,0.24141437903420945,0.12894257735091216,0.028832436815066434,0.24375,0.0480071609241788,0.010734727523323542
vicsek,rho_1_over_2pi,3.3999999999999999,1100,20,0.2751488656521054,0.13572958237413146,0.030350057274621523,0.26875,0.07153451963912248,0.015995604865087158
vicsek,rho_1_over_2pi,3.3999999999999999,1150,20,0.2768067502161901,0.15352418699068268,0.034329051830155534,0.278125,0.08262065041501429,0.018474539067321816
vicsek,rho_1_over_2pi,3.3999999999999999,1200,20,0.23496816262032305,0.124988791597928,0.027948343443852157,0.253125,0.08022186033120897,0.017938153298207703
vicsek,rho_1_over_2pi,3.3999999999999999,1250,20,0.26024531395956574,0.15457825245254322,0.03456474803270102,0.253125,0.08262065041501429,0.018474539067321816
vicsek,rho_1_over_2pi,3.3999999999999999,1300,20,0.2470454330562463,0.12507183353027548,0.027966912184423348,0.25625,0.08125,0.018168052317185792
vicsek,rho_1_over_2pi,3.3999999999999999,1350,20,0.30316609038934833,0.13622744635308565,0.03046138304467053,0.259375,0.0844906614662236,0.0188926862502398
vicsek,rho_1_over_2pi,3.3999999999999999,1400,20,0.228258460705724,0.1237378989380407,0.027668635341845802,0.24375,0.05896238207535377,0.013184389443580616
vicsek,rho_1_over_2pi,3.3999999999999999,1450,20,0.30749646818718257,0.11008714575094601,0.02461623413480424,0.228125,0.05685439187081329,0.012713028504254995
vicsek,rho_1_over_2pi,3.3999999999999999,1500,20,0.2764950490740681,0.13573103702433356,0.03035038254429506,0.240625,0.06636487681748532,0.014839637588229707
vicsek,rho_1_over_2pi,3.3999999999999999,1550,20,0.2691139638959941,0.12325190688320278,0.027559964214731565,0.24375,0.06525191568069094,0.01459077191241094
vicsek,rho_1_over_2pi,3.3999999999999999,1600,20,0.2622336441007081,0.1385970430812095,0.03099124098100513,0.253125,0.06695089151758922,0.014970674458754354
vicsek,rho_1_over_2pi,3.3999999999999999,1650,20,0.2505905159707577,0.15242222327417587,0.03408264525227078,0.259375,0.08214649642559323,0.018368515012106994
vicsek,rho_1_over_2pi,3.3999999999999999,1700,20,0.2817066048012018,0.1633454181216539,0.03652514587331441,0.271875,0.1013097817340458,0.02265355587429929
vicsek,rho_1_over_2pi,3.3999999999999999,1750,20,0.309083605104652,0.1429648779124847,0.0319679185407274,0.2625,0.0701560760020114,0.015687375497513915
vicsek,rho_1_over_2pi,3.3999999999999999,1800,20,0.25859952609607284,0.09947442564091623,0.022243157775583677,0.253125,0.07255116728902437,0.016222934190521763
vicsek,rho_1_over_2pi,3.3999999999999999,1850,20,0.2498688385744059,0.11759451673005311,0.026294933318963504,0.240625,0.07724504433942672,0.017272517006794347
vicsek,rho_1_over_2pi,3.3999999999999999,1900,20,0.2332620664385226,0.10426086134919058,0.023313437336947056,0.24375,0.05896238207535377,0.013184389443580616
vicsek,rho_1_over_2pi,3.3999999999999999,1950,20,0.26005266270542643,0.12585063680433106,0.028141057890612112,0.271875,0.11738524981870593,0.02624813981504213
vicsek,rho_1_over_2pi,3.3999999999999999,2000,20,0.23660578240567082,0.10582856145160804,0.02366398573668094,0.24375,0.10439558180306291,0.023343561746228873
vicsek,rho_1_over_2pi,3.3999999999999999,2050,20,0.22904148650058662,0.08466689730636098,0.0189320937821017,0.253125,0.09369790219103094,0.020951487864827166
vicsek,rho_1_over_2pi,3.3999999999999999,2100,20,0.22725014639629765,0.1216507249918089,0.027201929059381725,0.25625,0.09457966219013472,0.021148655394610787
vicsek,rho_1_over_2pi,3.3999999999999999,2150,20,0.31099890221599596,0.1335342534702247,0.029859166808410963,0.26875,0.0886090429922364,0.019813584355184197
vicsek,rho_1_over_2pi,3.3999999999999999,2200,20,0.3017582664025789,0.1351527776000775,0.030221079806168415,0.2625,0.0875,0.019565594803123157
vicsek,rho_1_over_2pi,3.3999999999999999,2250,20,0.3115067301085065,0.14295206071606198,0.031965052528479185,0.265625,0.07622694323531543,0.017044862679118304
vicsek,rho_1_over_2pi,3.3999999999999999,2300,20,0.24325465997638687,0.10711633896768176,0.023951941543264604,0.275,0.08477912478906585,0.018957188610128874
vicsek,rho_1_over_2pi,3.3999999999999999,2350,20,0.26263068799589706,0.1274635513404144,0.028501716545070103,0.275,0.0914296177395487,0.020444284042245155
vicsek,rho_1_over_2pi,3.3999999999999999,2400,20,0.3262453228001544,0.16036161197229543,0.03585794653514967,0.275,0.08705242673240074,0.019465514377996793
vicsek,rho_1_over_2pi,3.3999999999999999,2450,20,0.2911207155873231,0.14026761807133362,0.03136479290494799,0.259375,0.07724504433942672,0.017272517006794347
vicsek,rho_1_over_2pi,3.3999999999999999,2500,20,0.3204160407132697,0.11939051071831422,0.026696529783456782,0.271875,0.08677152110571763,0.019402701970344233
vicsek,rho_1_over_2pi,3.3999999999999999,2550,20,0.22635280212592718,0.1102629804322048,0.024655551964813907,0.275,0.0914296177395487,0.020444284042245155
vicsek,rho_1_over_2pi,3.3999999999999999,2600,20,0.28873453551110967,0.18072988646970942,0.04041243117120897,0.25625,0.085923294280422,0.019213032686174247
vicsek,rho_1_over_2pi,3.3999999999999999,2650,20,0.32553635640646716,0.1121526845136777,0.025078102643167125,0.275,0.08477912478906585,0.018957188610128874
vicsek,rho_1_over_2pi,3.3999999999999999,2700,20,0.29696580581396487,0.0811457133462881,0.018144733112501213,0.2625,0.0701560760020114,0.015687375497513915
vicsek,rho_1_over_2pi,3.3999999999999999,2750,20,0.28640436750887527,0.1264563118854003,0.028276490955966963,0.265625,0.0924387466109315,0.020669932117692115
vicsek,rho_1_over_2pi,3.3999999999999999,2800,20,0.29607700421809874,0.15703503615059972,0.03511410156818778,0.26875,0.10097184013377195,0.02257798983523555
vicsek,rho_1_over_2pi,3.3999999999999999,2850,20,0.2762415954923409,0.13305306306216488,0.0297515693621567,0.284375,0.10169462559545613,0.022739609577782992
vicsek,rho_1_over_2pi,3.3999999999999999,2900,20,0.2780807155221458,0.09389153095838165,0.020994784573446734,0.3,0.10193441518937557,0.022793228161013087
vicsek,rho_1_over_2pi,3.3999999999999999,2950,20,0.2813078221982442,0.11376099468526137,0.02543773173042367,0.296875,0.10982052119253487,0.02455661507109642
vicsek,rho_1_over_2pi,3.3999999999999999,3000,20,0.30663336742204345,0.14598302023132892,0.03264279567979785,0.29375,0.08637671850678283,0.019314421425453053
vicsek,rho_1_over_2pi,3.6000000000000001,0,20,0.22269549998304689,0.10606957308657808,0.023717877576597077,0.175,0.05796011559684815,0.012960275845829825
vicsek,rho_1_over_2pi,3.6000000000000001,50,20,0.24998280693368388,0.10156839578920804,0.022711383735027256,0.18125,0.06218671481916375,0.013905372163304367
vicsek,rho_1_over_2pi,3.6000000000000001,100,20,0.25993635630880885,0.133412369667322,0.0298319127615463,0.19375,0.08816709987291178,0.01971476286948438
vicsek,rho_1_over_2pi,3.6000000000000001,150,20,0.26756300458032584,0.15736213421898765,0.035187242919810215,0.2,0.07288689868556626,0.016298006013006624
vicsek,rho_1_over_2pi,3.6000000000000001,200,20,0.2249920843556672,0.089195977919228,0.019944826994696404,0.2125,0.09560661587986471,0.021378289220608835
vicsek,rho_1_over_2pi,3.6000000000000001,250,20,0.2422800439395799,0.14698097025108764,0.032865944088030626,0.234375,0.08586644790021304,0.019200321449132043
vicsek,rho_1_over_2pi,3.6000000000000001,300,20,0.2345813602981705,0.11077698439069895,0.024770486744003596,0.234375,0.0554632479665589,0.012401959270615269
vicsek,rho_1_over_2pi,3.6000000000000001,350,20,0.24413985635720933,0.1451966372738292,0.032466955104866184,0.24375,0.06817945071647322,0.015245388647063084
vicsek,rho_1_over_2pi,3.6000000000000001,400,20,0.29572174315956296,0.1551298033922606,0.03468807857212722,0.228125,0.07467376965842826,0.016697562509240683
vicsek,rho_1_over_2pi,3.6000000000000001,450,20,0.2900774189936149,0.15161253221461807,0.03390159282727627,0.259375,0.07724504433942672,0.017272517006794347
vicsek,rho_1_over_2pi,3.6000000000000001,500,20,0.2538564890653857,0.11060448729139358,0.024731915220006763,0.246875,0.08022186033120897,0.017938153298207703
vicsek,rho_1_over_2pi,3.6000000000000001,550,20,0.2640243253999341,0.1048909112159533,0.02345432077007667,0.246875,0.09158969306095528,0.02048007797226368
vicsek,rho_1_over_2pi,3.6000000000000001,600,20,0.31974293200864423,0.10957241241582445,0.02450113626204254,0.24375,0.09249155366842964,0.02068174013471787
vicsek,rho_1_over_2pi,3.6000000000000001,650,20,0.2255445143075097,0.13521047207056738,0.03023398068196254,0.23125,0.0793036096278095,0.01773282619888888
vicsek,rho_1_over_2pi,3.6000000000000001,700,20,0.2355121071558826,0.1179899196012441,0.026383348088811667,0.234375,0.08586644790021304,0.019200321449132043
vicsek,rho_1_over_2pi,3.6000000000000001,750,20,0.20469896042797373,0.1263070647056146,0.028243118272021868,0.24375,0.085923294280422,0.019213032686174247
vicsek,rho_1_over_2pi,3.6000000000000001,800,20,0.2710894395810612,0.11734453279609491,0.026239035212002167,0.24375,0.07098635432250341,0.015873031374000365
vicsek,rho_1_over_2pi,3.6000000000000001,850,20,0.2676722195017825,0.13621387458125714,0.030458348304232163,0.25,0.07126096406869613,0.015934435979977454
vicsek,rho_1_over_2pi,3.6000000000000001,900,20,0.21479400116905256,0.10565271806907751,0.023624665961007763,0.23125,0.06584783595532961,0.014724023736737181
vicsek,rho_1_over_2pi,3.6000000000000001,950,20,0.29526024245259286,0.15659661834974878,0.03501606836766292,0.24375,0.07098635432250341,0.015873031374000365
vicsek,rho_1_over_2pi,3.6000000000000001,1000,20,0.28066591154734355,0.11907020575195938,0.026624907415626762,0.246875,0.08022186033120897,0.017938153298207703
vicsek,rho_1_over_2pi,3.6000000000000001,1050,20,0.2983351242946683,0.08193136304864446,0.01832040972659834,0.253125,0.08262065041501429,0.018474539067321816
vicsek,rho_1_over_2pi,3.6000000000000001,1100,20,0.2533341493373241,0.13929118121427547,0.031146454986136163,0.240625,0.08677152110571763,0.019402701970344233
vicsek,rho_1_over_2pi,3.6000000000000001,1150,20,0.2603928980587891,0.08078468947577289,0.018064005720904,0.24375,0.08125,0.018168052317185792
vicsek,rho_1_over_2pi,3.6000000000000001,1200,20,0.2636862479427371,0.11359607202215713,0.025400853901850533,0.234375,0.07874751980221345,0.017608480733726006
vicsek,rho_1_over_2pi,3.6000000000000001,1250,20,0.23387721653777044,0.12320639029181758,0.027549786395487424,0.25,0.08615030470056388,0.019263793759278048
vicsek,rho_1_over_2pi,3.6000000000000001,1300,20,0.21586027797213977,0.0916663910457514,0.020497228163037815,0.246875,0.08022186033120897,0.017938153298207703
vicsek,rho_1_over_2pi,3.6000000000000001,1350,20,0.2683891641425592,0.12867046839108823,0.028771591401921127,0.2375,0.0701560760020114,0.015687375497513915
vicsek,rho_1_over_2pi,3.6000000000000001,1400,20,0.2726968732537769,0.10994140399241843,0.024583645286881436,0.265625,0.08356088723200586,0.018684782411095932
vicsek,rho_1_over_2pi,3.6000000000000001,1450,20,0.22235068327410815,0.11461738015096383,0.025629225342049023,0.246875,0.08262065041501429,0.018474539067321816
vicsek,rho_1_over_2pi,3.6000000000000001,1500,20,0.26042122075601865,0.09967443161367842,0.0222878804706839,0.23125,0.08637671850678283,0.019314421425453053
vicsek,rho_1_over_2pi,3.6000000000000001,1550,20,0.22044191485242687,0.1033536868267317,0.02311058694697966,0.25,0.08615030470056388,0.019263793759278048
vicsek,rho_1_over_2pi,3.6000000000000001,1600,20,0.2518909481853369,0.0971569496025445,0.02172495437978107,0.259375,0.09535091438995223,0.02132111262926961
vicsek,rho_1_over_2pi,3.6000000000000001,1650,20,0.25702057325591193,0.17043140131265794,0.038109619883565,0.26875,0.09901862198596788,0.02214123697989794
vicsek,rho_1_over_2pi,3.6000000000000001,1700,20,0.2519692011255609,0.11119359131607415,0.02486364288450721,0.253125,0.09158969306095528,0.02048007797226368
vicsek,rho_1_over_2pi,3.6000000000000001,1750,20,0.24051139108614486,0.12684423101535594,0.028363232310402303,0.253125,0.06980721219902711,0.015609367179677718
vicsek,rho_1_over_2pi,3.6000000000000001,1800,20,0.23837378414841118,0.08553373479306225,0.01912592453667261,0.275,0.09354143466934854,0.02091650066335189
vicsek,rho_1_over_2pi,3.6000000000000001,1850,20,0.27268269586181665,0.12616914186350786,0.028212277786961806,0.2875,0.09960860906568267,0.022273162101506826
vicsek,rho_1_over_2pi,3.6000000000000001,1900,20,0.27910410337943364,0.1415570154897637,0.031653110932710234,0.278125,0.08722053585595539,0.019503104720787406
vicsek,rho_1_over_2pi,3.6000000000000001,1950,20,0.24308415981107157,0.13177174002786501,0.029465056821573618,0.29375,0.10476909133900131,0.023427081017489138
vicsek,rho_1_over_2pi,3.6000000000000001,2000,20,0.2733932276014671,0.13212413304823278,0.0295438542964075,0.275,0.09762812094883318,0.021830311495716223
vicsek,rho_1_over_2pi,3.6000000000000001,2050,20,0.31037659613563184,0.16887991763446722,0.03776269758652342,0.278125,0.10730177945868372,0.023993407297630737
vicsek,rho_1_over_2pi,3.6000000000000001,2100,20,0.30047706066001917,0.1417312566822092,0.031692072447789106,0.275,0.1159202311936963,0.02592055169165965
vicsek,rho_1_over_2pi,3.6000000000000001,2150,20,0.2158597654979891,0.10113129933652128,0.022613645996934096,0.275,0.1034559084827928,0.023133444404152183
vicsek,rho_1_over_2pi,3.6000000000000001,2200,20,0.2904907326533854,0.1492844688775245,0.03338102203950965,0.265625,0.11503226449566226,0.025721996301803635
vicsek,rho_1_over_2pi,3.6000000000000001,2250,20,0.24030770129460746,0.11333652891259678,0.025342818298243672,0.240625,0.09116220091134264,0.02038448782162554
vicsek,rho_1_over_2pi,3.6000000000000001,2300,20,0.28907520859253244,0.1263773593333996,0.028258836628639903,0.25625,0.10625,0.023758222260935265
vicsek,rho_1_over_2pi,3.6000000000000001,2350,20,0.24854547217914008,0.1415169856754002,0.03164415999410588,0.2625,0.0875,0.019565594803123157
vicsek,rho_1_over_2pi,3.6000000000000001,2400,20,0.2853662347805927,0.1436656602655247,0.03212461823861037,0.28125,0.08028270361665706,0.01795175827043134
vicsek,rho_1_over_2pi,3.6000000000000001,2450,20,0.2797587527315857,0.11148977123601032,0.024929870727961982,0.259375,0.06924537439425106,0.01548373642729687
vicsek,rho_1_over_2pi,3.6000000000000001,2500,20,0.2640353488874883,0.1447280186655229,0.03236216879849676,0.246875,0.07774909565390456,0.017385226307126404
vicsek,rho_1_over_2pi,3.6000000000000001,2550,20,0.3141348035041555,0.1263337102731636,0.02824907640205573,0.259375,0.09116220091134264,0.02038448782162554
vicsek,rho_1_over_2pi,3.6000000000000001,2600,20,0.27740343829880115,0.11221884483225858,0.025092896540143114,0.265625,0.0924387466109315,0.020669932117692115
vicsek,rho_1_over_2pi,3.6000000000000001,2650,20,0.2946200506115527,0.12126399890678052,0.027115454477902142,0.259375,0.08899394291186338,0.019899650593666208
vicsek,rho_1_over_2pi,3.6000000000000001,2700,20,0.26428927215630893,0.14076013296828999,0.03147492258390056,0.253125,0.08262065041501429,0.018474539067321816
vicsek,rho_1_over_2pi,3.6000000000000001,2750,20,0.2824308876808988,0.09794984550899799,0.021902251294372198,0.2625,0.09185586535436918,0.02053959590644373
vicsek,rho_1_over_2pi,3.6000000000000001,2800,20,0.2618634327429735,0.11838404083901702,0.02647147627671533,0.271875,0.09535091438995223,0.02132111262926961
vicsek,rho_1_over_2pi,3.6000000000000001,2850,20,0.2622253113275776,0.12245006025689616,0.027380665858336515,0.246875,0.08722053585595539,0.019503104720787406
vicsek,rho_1_over_2pi,3.6000000000000001,2900,20,0.28278600190523134,0.12814491986348914,0.028654075178602478,0.275,0.09762812094883318,0.021830311495716223
vicsek,rho_1_over_2pi,3.6000000000000001,2950,20,0.3326256805890297,0.11556687440088333,0.02584153871075554,0.271875,0.07973344263858172,0.01782893978199489
vicsek,rho_1_over_2pi,3.6000000000000001,3000,20,0.2792340918082398,0.1245584130222646,0.027852107868727865,0.2625,0.0875,0.019565594803123157
vicsek,rho_1_over_2pi,3.7999999999999998,0,20,0.23105509768352137,0.08869721189120676,0.0198332995203441,0.190625,0.06980721219902711,0.015609367179677718
vicsek,rho_1_over_2pi,3.7999999999999998,50,20,0.242979704385862,0.08484210665493372,0.018971271783471907,0.196875,0.06636487681748532,0.014839637588229707
vicsek,rho_1_over_2pi,3.7999999999999998,100,20,0.26692654403329097,0.11830002761621665,0.02645269034899628,0.19375,0.05555121510822243,0.012421629321469868
vicsek,rho_1_over_2pi,3.7999999999999998,150,20,0.2972469300815883,0.11971493848728774,0.026769074037978124,0.190625,0.05029211543572213,0.011245658884654113
vicsek,rho_1_over_2pi,3.7999999999999998,200,20,0.2347208381906555,0.11547839267297576,0.025821753594918742,0.2125,0.06959705453537528,0.015562374497485916
vicsek,rho_1_over_2pi,3.7999999999999998,250,20,0.2196973932375025,0.11592399467471297,0.02592139323159818,0.225,0.06373774391990981,0.014252192813739226
vicsek,rho_1_over_2pi,3.7999999999999998,300,20,0.25131341568263743,0.09364510340788407,0.0209396816980026,0.225,0.0667317390751957,0.014921670482891652
vicsek,rho_1_over_2pi,3.7999999999999998,350,20,0.2747864205781377,0.12639313892791695,0.02826236505323972,0.221875,0.05403630145559557,0.012082884330738253
vicsek,rho_1_over_2pi,3.7999999999999998,400,20,0.2336822272416354,0.08320075265021372,0.018604253870502366,0.24375,0.07368641326594748,0.016476782908080086
vicsek,rho_1_over_2pi,3.7999999999999998,450,20,0.20404625335202367,0.10853381754494977,0.024268899388806702,0.221875,0.05753735199850615,0.012865743031399313
vicsek,rho_1_over_2pi,3.7999999999999998,500,20,0.2656404015939625,0.10897276108992889,0.024367050149292503,0.228125,0.04950931099298394,0.01107061848994897
vicsek,rho_1_over_2pi,3.7999999999999998,550,20,0.2697406927641528,0.12578402972048805,0.028126164093886515,0.23125,0.04463392767839281,0.009980449639169569
vicsek,rho_1_over_2pi,3.7999999999999998,600,20,0.2507036898667033,0.12910719110301738,0.028869245569040292,0.228125,0.05330850659134994,0.011920144451725406
vicsek,rho_1_over_2pi,3.7999999999999998,650,20,0.2578208187703484,0.10575773244796052,0.023648147889987495,0.240625,0.0844906614662236,0.0188926862502398
vicsek,rho_1_over_2pi,3.7999999999999998,700,20,0.2074380307907401,0.12774822186619517,0.028565370809753743,0.25,0.09270248108869579,0.020728904939721248
vicsek,rho_1_over_2pi,3.7999999999999998,750,20,0.2540129993149259,0.12778293127916507,0.028573132070439725,0.25625,0.090355201842506,0.020204037344055768
vicsek,rho_1_over_2pi,3.7999999999999998,800,20,0.2376771803539107,0.10626225608218064,0.02376096280422464,0.26875,0.09078649403958719,0.020300477211139645
vicsek,rho_1_over_2pi,3.7999999999999998,850,20,0.23088324446601777,0.1253508747738789,0.02802930770334568,0.240625,0.060191750888306944,0.013459284667098767
vicsek,rho_1_over_2pi,3.7999999999999998,900,20,0.27480111279243624,0.12821435377996998,0.028669601074322,0.25,0.07905694150420949,0.017677669529663688
vicsek,rho_1_over_2pi,3.7999999999999998,950,20,0.23197606762773643,0.10172732959347232,0.022746922414053013,0.24375,0.07880950133074058,0.017622340224839605
vicsek,rho_1_over_2pi,3.7999999999999998,1000,20,0.2333300903074133,0.12870646750150733,0.02877964104772379,0.253125,0.08022186033120897,0.017938153298207703
vicsek,rho_1_over_2pi,3.7999999999999998,1050,20,0.288693663490308,0.1326691513367939,0.029665724090627826,0.259375,0.06924537439425106,0.01548373642729687
vicsek,rho_1_over_2pi,3.7999999999999998,1100,20,0.31110272356200636,0.11710521173963832,0.026185521396933767,0.259375,0.07973344263858172,0.01782893978199489
vicsek,rho_1_over_2pi,3.7999999999999998,1150,20,0.22187158759773187,0.0953612195522852,0.021323416933619176,0.25,0.07654655446197431,0.01711632992203644
vicsek,rho_1_over_2pi,3.7999999999999998,1200,20,0.2647118262291368,0.12339657915283955,0.027592313917668265,0.246875,0.06980721219902711,0.015609367179677718
vicsek,rho_1_over_2pi,3.7999999999999998,1250,20,0.2667587181198831,0.1199354794954899,0.026818388506594758,0.240625,0.06335354666472905,0.014166283695803921
vicsek,rho_1_over_2pi,3.7999999999999998,1300,20,0.22963849421944166,0.12018855490854882,0.02687497788929812,0.25,0.07126096406869613,0.015934435979977454
vicsek,rho_1_over_2pi,3.7999999999999998,1350,20,0.23147944886913735,0.06883406024601821,0.01539176378774126,0.234375,0.07091753573693886,0.015857643070456593
vicsek,rho_1_over_2pi,3.7999999999999998,1400,20,0.2450324409599846,0.11300254590917369,0.025268137428345314,0.221875,0.0639671546576835,0.01430349061418226
vicsek,rho_1_over_2pi,3.7999999999999998,1450,20,0.31160358316892145,0.14629066603602078,0.032711587373026214,0.228125,0.06335354666472905,0.014166283695803921
vicsek,rho_1_over_2pi,3.7999999999999998,1500,20,0.2863394728284467,0.10405696192937554,0.023267844040619136,0.225,0.057282196186948,0.012808688457449497
vicsek,rho_1_over_2pi,3.7999999999999998,1550,20,0.21837905768431964,0.13242795646792796,0.029611791278366984,0.246875,0.06980721219902711,0.015609367179677718
vicsek,rho_1_over_2pi,3.7999999999999998,1600,20,0.2697383648035011,0.1399375691933006,0.03129099173223006,0.228125,0.060191750888306944,0.013459284667098767
vicsek,rho_1_over_2pi,3.7999999999999998,1650,20,0.2661612678160876,0.13267571658873187,0.029667192125590096,0.225,0.0667317390751957,0.014921670482891652
vicsek,rho_1_over_2pi,3.7999999999999998,1700,20,0.25076630251657445,0.08236169042531023,0.018416633853278724,0.2375,0.0701560760020114,0.015687375497513915
vicsek,rho_1_over_2pi,3.7999999999999998,1750,20,0.24034716195306513,0.1195898910451407,0.026741112579872797,0.25625,0.07629097259833564,0.017059180079945224
vicsek,rho_1_over_2pi,3.7999999999999998,1800,20,0.26116105519965965,0.13467970778384808,0.030115298179449183,0.2625,0.0852386356061616,0.01905993835247113
vicsek,rho_1_over_2pi,3.7999999999999998,1850,20,0.2899569458403034,0.10761202699569446,0.024062780755891525,0.25,0.0739509972887452,0.01653594569415369
vicsek,rho_1_over_2pi,3.7999999999999998,1900,20,0.23469045325659915,0.07514863814208272,0.016803746330223045,0.234375,0.06210814660734935,0.013887803777055608
vicsek,rho_1_over_2pi,3.7999999999999998,1950,20,0.21770602549452459,0.1454508106735565,0.03252379000485243,0.234375,0.07874751980221345,0.017608480733726006
vicsek,rho_1_over_2pi,3.7999999999999998,2000,20,0.29157442228686387,0.15091243127370577,0.033745045497777126,0.2375,0.07288689868556626,0.016298006013006624
vicsek,rho_1_over_2pi,3.7999999999999998,2050,20,0.32206142825861517,0.1531970269435829,0.034255896619671815,0.2375,0.08052561704203204,0.018006075363609916
vicsek,rho_1_over_2pi,3.7999999999999998,2100,20,0.3584448809546469,0.14503443199194427,0.03243068490120576,0.228125,0.06335354666472905,0.014166283695803921
vicsek,rho_1_over_2pi,3.7999999999999998,2150,20,0.2602312973890807,0.10587381726178378,0.02367410524347392,0.225,0.06059599821770411,0.013549677117924248
vicsek,rho_1_over_2pi,3.7999999999999998,2200,20,0.23273584853795368,0.10100660437468399,0.022585763355822103,0.2375,0.06123724356957945,0.013693063937629152
vicsek,rho_1_over_2pi,3.7999999999999998,2250,20,0.20510524859767285,0.08593130413189765,0.019214823743413167,0.246875,0.06980721219902711,0.015609367179677718
vicsek,rho_1_over_2pi,3.7999999999999998,2300,20,0.2806903457288251,0.1322157034121015,0.029564330052240986,0.2625,0.06123724356957945,0.013693063937629152
vicsek,rho_1_over_2pi,3.7999999999999998,2350,20,0.269867569661164,0.1272881129735968,0.028462487333663532,0.259375,0.06636487681748532,0.014839637588229707
vicsek,rho_1_over_2pi,3.7999999999999998,2400,20,0.2659946227619806,0.12931969733525592,0.02891676340713306,0.25,0.06555055301063448,0.014657549249448218
vicsek,rho_1_over_2pi,3.7999999999999998,2450,20,0.23214375946374602,0.11762337571087911,0.026301386383252332,0.24375,0.06525191568069094,0.01459077191241094
vicsek,rho_1_over_2pi,3.7999999999999998,2500,20,0.2366951766770824,0.12481521420177684,0.027909530358137015,0.240625,0.05685439187081329,0.012713028504254995
vicsek,rho_1_over_2pi,3.7999999999999998,2550,20,0.27154838758025934,0.11635955634834186,0.02601878778266096,0.24375,0.07880950133074058,0.017622340224839605
vicsek,rho_1_over_2pi,3.7999999999999998,2600,20,0.27054202654931625,0.1170323845095066,0.026169236733215015,0.246875,0.08262065041501429,0.018474539067321816
vicsek,rho_1_over_2pi,3.7999999999999998,2650,20,0.23231210759904827,0.12077209813536195,0.027005462121594492,0.2375,0.08291561975888499,0.018540496217739157
vicsek,rho_1_over_2pi,3.7999999999999998,2700,20,0.28932513480267447,0.15753086448406797,0.03522497215406833,0.259375,0.09535091438995223,0.02132111262926961
vicsek,rho_1_over_2pi,3.7999999999999998,2750,20,0.2362023348872604,0.12272118302589327,0.02744129075250907,0.271875,0.08899394291186338,0.019899650593666208
vicsek,rho_1_over_2pi,3.7999999999999998,2800,20,0.216775365242238,0.10140713030540817,0.022675323676607167,0.259375,0.06924537439425106,0.01548373642729687
vicsek,rho_1_over_2pi,3.7999999999999998,2850,20,0.32451015442510467,0.17235103199432666,0.038538862353155554,0.28125,0.0894863816454772,0.02000976324197765
vicsek,rho_1_over_2pi,3.7999999999999998,2900,20,0.2521743647642056,0.13376833379918188,0.029911508761185337,0.265625,0.08811170112419803,0.01970237533268514
vicsek,rho_1_over_2pi,3.7999999999999998,2950,20,0.2563875572603864,0.1160377324268403,0.025946825766134655,0.275,0.07756046028744286,0.01734304615688951
vicsek,rho_1_over_2pi,3.7999999999999998,3000,20,0.28031168497866465,0.13774339153675216,0.030800358692754704,0.290625,0.06924537439425106,0.01548373642729687
vicsek,rho_1_over_2pi,4.2000000000000002,0,20,0.22931475908736246,0.10857106720864691,0.024277228666823282,0.153125,0.04180965050081141,0.009348922063532243
vicsek,rho_1_over_2pi,4.2000000000000002,50,20,0.23278140704344769,0.1099356922639701,0.024582368105573488,0.165625,0.045393247019793595,0.010150238605569822
vicsek,rho_1_over_2pi,4.2000000000000002,100,20,0.26218160606200425,0.13227573114492927,0.029577752661354793,0.16875,0.04881406047441659,0.010915155747858112
vicsek,rho_1_over_2pi,4.2000000000000002,150,20,0.2676944541411355,0.13445580830781095,0.030065232734594625,0.16875,0.04881406047441659,0.010915155747858112
vicsek,rho_1_over_2pi,4.2000000000000002,200,20,0.2761167060533867,0.10597982619789797,0.023697809562211295,0.18125,0.04375,0.009782797401561578
vicsek,rho_1_over_2pi,4.2000000000000002,250,20,0.26365581975219654,0.11079145899522971,0.024773723363971416,0.190625,0.05029211543572213,0.011245658884654113
vicsek,rho_1_over_2pi,4.2000000000000002,300,20,0.2648473363016353,0.09589912619774422,0.0214436965160987,0.1875,0.03952847075210474,0.008838834764831844
vicsek,rho_1_over_2pi,4.2000000000000002,350,20,0.2248031299069991,0.10601039496664687,0.023704644946702394,0.18125,0.04375,0.009782797401561578
vicsek,rho_1_over_2pi,4.2000000000000002,400,20,0.2590945849110856,0.13397839104280615,0.029958478988776346,0.203125,0.047905342864862165,0.010711960313126632
vicsek,rho_1_over_2pi,4.2000000000000002,450,20,0.2903241913198012,0.11884367794628162,0.02657425425839783,0.2,0.054486236794258416,0.012183492931011203
vicsek,rho_1_over_2pi,4.2000000000000002,500,20,0.2605394724106215,0.16800682734192715,0.03756746866206194,0.2,0.054486236794258416,0.012183492931011203
vicsek,rho_1_over_2pi,4.2000000000000002,550,20,0.2395343956250114,0.09762335684730558,0.021829246210229483,0.1875,0.05229125165837972,0.011692679333668566
vicsek,rho_1_over_2pi,4.2000000000000002,600,20,0.18178401356672497,0.1201079390204145,0.02685695162870463,0.190625,0.05403630145559557,0.012082884330738253
vicsek,rho_1_over_2pi,4.2000000000000002,650,20,0.21294826396473182,0.13952209461272083,0.031198088791720095,0.19375,0.0480071609241788,0.010734727523323542
vicsek,rho_1_over_2pi,4.2000000000000002,700,20,0.24510864922435802,0.11330643913191749,0.025336090018740976,0.190625,0.05029211543572213,0.011245658884654113
vicsek,rho_1_over_2pi,4.2000000000000002,750,20,0.23618216914340828,0.10682317252540151,0.023886387533898563,0.184375,0.04624577683421482,0.010340870067358935
vicsek,rho_1_over_2pi,4.2000000000000002,800,20,0.25737304595929594,0.13219802301067415,0.02956037659429488,0.18125,0.03903123748998999,0.008727650027355588
vicsek,rho_1_over_2pi,4.2000000000000002,850,20,0.2656026476397069,0.13837365398172694,0.030941289659817586,0.196875,0.040864677595693816,0.009137619698258404
vicsek,rho_1_over_2pi,4.2000000000000002,900,20,0.2308215218206094,0.12534724164594105,0.02802849531124168,0.196875,0.040864677595693816,0.009137619698258404
vicsek,rho_1_over_2pi,4.2000000000000002,950,20,0.27561118357909675,0.11919026862316778,0.02665175428978634,0.196875,0.04950931099298394,0.01107061848994897
vicsek,rho_1_over_2pi,4.2000000000000002,1000,20,0.2891912497935856,0.1786252801654575,0.03994182689499078,0.203125,0.05887951150442741,0.01316585902058806
vicsek,rho_1_over_2pi,4.2000000000000002,1050,20,0.24738504597702904,0.15058290731411264,0.03367136170039061,0.196875,0.05330850659134994,0.011920144451725406
vicsek,rho_1_over_2pi,4.2000000000000002,1100,20,0.20764927209714118,0.11871876650046874,0.02654632320999729,0.203125,0.07622694323531543,0.017044862679118304
vicsek,rho_1_over_2pi,4.2000000000000002,1150,20,0.22155162330243178,0.12768522700757018,0.028551284731141897,0.215625,0.08722053585595539,0.019503104720787406
vicsek,rho_1_over_2pi,4.2000000000000002,1200,20,0.20499530705134875,0.1182149296645887,0.026433661868537673,0.215625,0.08722053585595539,0.019503104720787406
vicsek,rho_1_over_2pi,4.2000000000000002,1250,20,0.20165681810139108,0.10198999846140977,0.022805656958481118,0.234375,0.09030114547999932,0.020191949973937633
vicsek,rho_1_over_2pi,4.2000000000000002,1300,20,0.23161893390903784,0.10822061403955135,0.024198864955920493,0.240625,0.08899394291186338,0.019899650593666208
vicsek,rho_1_over_2pi,4.2000000000000002,1350,20,0.25021467892664145,0.10588576594985936,0.02367677705135181,0.228125,0.08899394291186338,0.019899650593666208
vicsek,rho_1_over_2pi,4.2000000000000002,1400,20,0.2681077778045492,0.1435947354094526,0.03210875895866321,0.228125,0.08214649642559323,0.018368515012106994
vicsek,rho_1_over_2pi,4.2000000000000002,1450,20,0.2346974841903157,0.13684818077172933,0.03060018348027664,0.2375,0.09185586535436918,0.02053959590644373
vicsek,rho_1_over_2pi,4.2000000000000002,1500,20,0.2568880588386793,0.11368837842621486,0.0254214942412737,0.23125,0.10097184013377195,0.02257798983523555
vicsek,rho_1_over_2pi,4.2000000000000002,1550,20,0.21554295051592987,0.15024095892610492,0.03359489971635244,0.234375,0.10053567463840883,0.02248046026552837
vicsek,rho_1_over_2pi,4.2000000000000002,1600,20,0.2565096931686336,0.14148427915242062,0.03163684659323688,0.221875,0.10169462559545613,0.022739609577782992
vicsek,rho_1_over_2pi,4.2000000000000002,1650,20,0.2080021135419631,0.10348113245625985,0.02313908465608568,0.209375,0.07467376965842826,0.016697562509240683
vicsek,rho_1_over_2pi,4.2000000000000002,1700,20,0.22867158243287675,0.11038479026798302,0.024682789472126727,0.209375,0.07724504433942672,0.017272517006794347
vicsek,rho_1_over_2pi,4.2000000000000002,1750,20,0.23742061719884822,0.11067782565146031,0.02474831417585352,0.215625,0.07255116728902437,0.016222934190521763
vicsek,rho_1_over_2pi,4.2000000000000002,1800,20,0.24842629602350685,0.1405038974317215,0.03141762657609874,0.234375,0.06810779599282303,0.015229366163764007
vicsek,rho_1_over_2pi,4.2000000000000002,1850,20,0.21358501086020082,0.1018431533525703,0.022772821393928278,0.221875,0.05753735199850615,0.012865743031399313
vicsek,rho_1_over_2pi,4.2000000000000002,1900,20,0.23786918666088028,0.11889206229844233,0.026585073328445695,0.209375,0.0720107413862682,0.016102091284985312
vicsek,rho_1_over_2pi,4.2000000000000002,1950,20,0.20961590373319355,0.11090044615178812,0.024798093633045318,0.209375,0.060191750888306944,0.013459284667098767
vicsek,rho_1_over_2pi,4.2000000000000002,2000,20,0.23991170139667445,0.08648307947802183,0.019338204461637386,0.215625,0.05403630145559557,0.012082884330738253
vicsek,rho_1_over_2pi,4.2000000000000002,2050,20,0.18520758875037413,0.10323925049731052,0.023084998205811526,0.221875,0.08022186033120897,0.017938153298207703
vicsek,rho_1_over_2pi,4.2000000000000002,2100,20,0.20556574229339525,0.10383089722817325,0.023217294436698985,0.2375,0.0701560760020114,0.015687375497513915
vicsek,rho_1_over_2pi,4.2000000000000002,2150,20,0.23961944545045616,0.10643672610537723,0.02379997548741499,0.234375,0.05887951150442741,0.01316585902058806
vicsek,rho_1_over_2pi,4.2000000000000002,2200,20,0.25799177598408407,0.1263161887782439,0.028245158476684948,0.25,0.0625,0.013975424859373685
vicsek,rho_1_over_2pi,4.2000000000000002,2250,20,0.2560344655440633,0.12696783893105482,0.02839087188060828,0.24375,0.07629097259833564,0.017059180079945224
vicsek,rho_1_over_2pi,4.2000000000000002,2300,20,0.1811038818886226,0.1017782884480647,0.022758317160345425,0.221875,0.0639671546576835,0.01430349061418226
vicsek,rho_1_over_2pi,4.2000000000000002,2350,20,0.2326449412575629,0.1381710142207151,0.030895978031760907,0.2375,0.0852386356061616,0.01905993835247113
vicsek,rho_1_over_2pi,4.2000000000000002,2400,20,0.2497801947139778,0.14028704977340478,0.031369137965622955,0.221875,0.0639671546576835,0.01430349061418226
vicsek,rho_1_over_2pi,4.2000000000000002,2450,20,0.23452550133346078,0.13492146659013185,0.030169357091950157,0.2375,0.07551903733496608,0.01688657010763287
vicsek,rho_1_over_2pi,4.2000000000000002,2500,20,0.296376225547214,0.1293180809602783,0.028916401974700356,0.23125,0.0793036096278095,0.01773282619888888
vicsek,rho_1_over_2pi,4.2000000000000002,2550,20,0.1827816511155232,0.07369012680554522,0.016477613280777854,0.23125,0.0793036096278095,0.01773282619888888
vicsek,rho_1_over_2pi,4.2000000000000002,2600,20,0.2140137122333062,0.11381756210482324,0.02545038058996888,0.2375,0.08970437559004578,0.020058508169851517
vicsek,rho_1_over_2pi,4.2000000000000002,2650,20,0.24065892297068933,0.10046398553267823,0.022464430094162394,0.253125,0.07774909565390456,0.017385226307126404
vicsek,rho_1_over_2pi,4.2000000000000002,2700,20,0.26671455932497545,0.12265535809337351,0.027426571850136215,0.246875,0.07774909565390456,0.017385226307126404
vicsek,rho_1_over_2pi,4.2000000000000002,2750,20,0.26168013276828256,0.13814463025328355,0.0308900783972916,0.246875,0.08943180013283865,0.019997558444720193
vicsek,rho_1_over_2pi,4.2000000000000002,2800,20,0.2459553565485797,0.14240859209508747,0.03184352925046548,0.25625,0.10986497394529342,0.024566555008791933
vicsek,rho_1_over_2pi,4.2000000000000002,2850,20,0.21228659335555106,0.14094785760193934,0.03151689908808968,0.25,0.10458250331675945,0.023385358667337132
vicsek,rho_1_over_2pi,4.2000000000000002,2900,20,0.3373286200789891,0.11808176439766506,0.026403885209629357,0.2375,0.08970437559004578,0.020058508169851517
vicsek,rho_1_over_2pi,4.2000000000000002,2950,20,0.20284025658354113,0.07915281980668729,0.017699108569854453,0.221875,0.07519505884697478,0.016814126315393255
vicsek,rho_1_over_2pi,4.2000000000000002,3000,20,0.2140371529420364,0.09190283398883209,0.02055009841239067,0.24375,0.06525191568069094,0.01459077191241094
vicsek,rho_1_over_2pi,4.4000000000000004,0,20,0.19954228554641248,0.10718761319547318,0.023967878945103147,0.171875,0.03890593624371479,0.008699631816921908
vicsek,rho_1_over_2pi,4.4000000000000004,50,20,0.2291947404083797,0.117268676558305,0.026222073241580605,0.19375,0.05555121510822243,0.012421629321469868
vicsek,rho_1_over_2pi,4.4000000000000004,100,20,0.2142856305577694,0.1351393881105188,0.030218085825284687,0.2,0.07288689868556626,0.016298006013006624
vicsek,rho_1_over_2pi,4.4000000000000004,150,20,0.2502127775315416,0.1125613313439643,0.025169478852298192,0.2125,0.075,0.01677050983124842
vicsek,rho_1_over_2pi,4.4000000000000004,200,20,0.2254513281872355,0.09889494397236458,0.022113581735324028,0.21875,0.05762215285808055,0.01288470508005519
vicsek,rho_1_over_2pi,4.4000000000000004,250,20,0.21420344480163017,0.1142859452546928,0.025555114246231258,0.209375,0.040864677595693816,0.009137619698258404
vicsek,rho_1_over_2pi,4.4000000000000004,300,20,0.2680295879784691,0.15755476029058263,0.03523031541884273,0.203125,0.047905342864862165,0.010711960313126632
vicsek,rho_1_over_2pi,4.4000000000000004,350,20,0.18003323782715666,0.10026193220211771,0.02241924959594104,0.21875,0.05412658773652741,0.012103072956898176
vicsek,rho_1_over_2pi,4.4000000000000004,400,20,0.23998963711922885,0.15140743263912576,0.03385573116798056,0.196875,0.045393247019793595,0.010150238605569822
vicsek,rho_1_over_2pi,4.4000000000000004,450,20,0.23643202619826648,0.11359962983390273,0.025401649452741964,0.19375,0.051916399143237965,0.011608859763129193
vicsek,rho_1_over_2pi,4.4000000000000004,500,20,0.2424701868165237,0.10395978386683181,0.023246114365242185,0.2,0.05077524002897475,0.011353688827865593
vicsek,rho_1_over_2pi,4.4000000000000004,550,20,0.21986327445568538,0.14590656092458137,0.03262569885905785,0.203125,0.05887951150442741,0.01316585902058806
vicsek,rho_1_over_2pi,4.4000000000000004,600,20,0.15749873956346935,0.09705924100863698,0.021703106073984756,0.21875,0.07525996611745185,0.016828640022295324
vicsek,rho_1_over_2pi,4.4000000000000004,650,20,0.2801260734083483,0.12281025711507909,0.027461208324354405,0.203125,0.06210814660734935,0.013887803777055608
vicsek,rho_1_over_2pi,4.4000000000000004,700,20,0.22747683600552443,0.12234729655039338,0.02735768719500051,0.215625,0.07519505884697478,0.016814126315393255
vicsek,rho_1_over_2pi,4.4000000000000004,750,20,0.23090523055551718,0.14121416750362997,0.03157644779241584,0.209375,0.07467376965842826,0.016697562509240683
vicsek,rho_1_over_2pi,4.4000000000000004,800,20,0.273140872886193,0.12422395133237644,0.027777319961281927,0.2,0.07551903733496608,0.01688657010763287
vicsek,rho_1_over_2pi,4.4000000000000004,850,20,0.25243670251363,0.0996909309377342,0.022291569831701052,0.209375,0.060191750888306944,0.013459284667098767
vicsek,rho_1_over_2pi,4.4000000000000004,900,20,0.1920040859268704,0.10405870602490908,0.02326823403223636,0.20625,0.0793036096278095,0.01773282619888888
vicsek,rho_1_over_2pi,4.4000000000000004,950,20,0.263465788481242,0.1103167613732805,0.024667577748827826,0.2,0.04677071733467427,0.010458250331675944
vicsek,rho_1_over_2pi,4.4000000000000004,1000,20,0.2208961837882093,0.11008178389808296,0.024615035188055526,0.196875,0.06636487681748532,0.014839637588229707
vicsek,rho_1_over_2pi,4.4000000000000004,1050,20,0.24798094270710108,0.11255831525894544,0.025168804435185384,0.196875,0.04950931099298394,0.01107061848994897
vicsek,rho_1_over_2pi,4.4000000000000004,1100,20,0.22012040774158392,0.13547040705202235,0.030292103910788883,0.19375,0.0480071609241788,0.010734727523323542
vicsek,rho_1_over_2pi,4.4000000000000004,1150,20,0.22264603254863152,0.11212482943504617,0.025071874058233256,0.196875,0.045393247019793595,0.010150238605569822
vicsek,rho_1_over_2pi,4.4000000000000004,1200,20,0.22247586729826035,0.12207461493784068,0.0272967137328123,0.20625,0.04881406047441659,0.010915155747858112
vicsek,rho_1_over_2pi,4.4000000000000004,1250,20,0.23383612715043434,0.1316207317773898,0.029431290350251032,0.2125,0.05,0.011180339887498949
vicsek,rho_1_over_2pi,4.4000000000000004,1300,20,0.25650741980349684,0.13763014896905637,0.030775036884823262,0.2125,0.075,0.01677050983124842
vicsek,rho_1_over_2pi,4.4000000000000004,1350,20,0.1788304137190712,0.10631332202150652,0.023772381495391393,0.196875,0.06924537439425106,0.01548373642729687
vicsek,rho_1_over_2pi,4.4000000000000004,1400,20,0.24847297719193975,0.11158052733140605,0.02495016440782971,0.2,0.07288689868556626,0.016298006013006624
vicsek,rho_1_over_2pi,4.4000000000000004,1450,20,0.24377123628972425,0.17057028727644827,0.038140675729180576,0.2,0.06434768838116875,0.014388580541526672
vicsek,rho_1_over_2pi,4.4000000000000004,1500,20,0.21837271113471252,0.10093159151627504,0.022568989970763204,0.203125,0.07091753573693886,0.015857643070456593
vicsek,rho_1_over_2pi,4.4000000000000004,1550,20,0.22489044427585578,0.12989954772830525,0.029046421896696893,0.209375,0.06924537439425106,0.01548373642729687
vicsek,rho_1_over_2pi,4.4000000000000004,1600,20,0.23135159774734748,0.11590068367957257,0.02591618073462247,0.203125,0.06810779599282303,0.015229366163764007
vicsek,rho_1_over_2pi,4.4000000000000004,1650,20,0.20878967845252022,0.14713926401848634,0.03290133965046243,0.203125,0.06810779599282303,0.015229366163764007
vicsek,rho_1_over_2pi,4.4000000000000004,1700,20,0.24205661179309348,0.12208183571654077,0.02729832834801469,0.196875,0.0720107413862682,0.016102091284985312
vicsek,rho_1_over_2pi,4.4000000000000004,1750,20,0.2504846176976301,0.13950421915527952,0.03119409171792333,0.196875,0.06636487681748532,0.014839637588229707
vicsek,rho_1_over_2pi,4.4000000000000004,1800,20,0.24606974605736726,0.1038798487974611,0.02322824034035228,0.190625,0.0639671546576835,0.01430349061418226
vicsek,rho_1_over_2pi,4.4000000000000004,1850,20,0.27665387997841906,0.1325940738126592,0.029648936245873066,0.196875,0.06335354666472905,0.014166283695803921
vicsek,rho_1_over_2pi,4.4000000000000004,1900,20,0.22731264715609653,0.11166117393158552,0.024968197535845265,0.196875,0.060191750888306944,0.013459284667098767
vicsek,rho_1_over_2pi,4.4000000000000004,1950,20,0.24482405469475088,0.14577481082637464,0.0325962386414946,0.19375,0.05896238207535377,0.013184389443580616
vicsek,rho_1_over_2pi,4.4000000000000004,2000,20,0.24117041572286585,0.10727737857376188,0.0239879510938911,0.196875,0.045393247019793595,0.010150238605569822
vicsek,rho_1_over_2pi,4.4000000000000004,2050,20,0.255049532545189,0.08972505437453682,0.02006313208663292,0.203125,0.03890593624371479,0.008699631816921908
vicsek,rho_1_over_2pi,4.4000000000000004,2100,20,0.2722421689094692,0.13377536360984282,0.02991308067463602,0.203125,0.0554632479665589,0.012401959270615269
vicsek,rho_1_over_2pi,4.4000000000000004,2150,20,0.2520185912106884,0.1368021640828007,0.030589893835822248,0.215625,0.05403630145559557,0.012082884330738253
vicsek,rho_1_over_2pi,4.4000000000000004,2200,20,0.2567358036110351,0.11831952466922846,0.026457050022585814,0.221875,0.060837257293536826,0.013603624287299321
vicsek,rho_1_over_2pi,4.4000000000000004,2250,20,0.1985462697793707,0.10706012918606189,0.023939372653994363,0.2125,0.057282196186948,0.012808688457449497
vicsek,rho_1_over_2pi,4.4000000000000004,2300,20,0.20884480581333106,0.09018572064834675,0.020166140196950972,0.2125,0.053764532919016415,0.01202211503854459
vicsek,rho_1_over_2pi,4.4000000000000004,2350,20,0.24714649318034385,0.10356013602802353,0.023156750391778565,0.225,0.04592793267718459,0.010269797953221865
vicsek,rho_1_over_2pi,4.4000000000000004,2400,20,0.254828982518418,0.13327620405130644,0.029801465204185404,0.2125,0.053764532919016415,0.01202211503854459
vicsek,rho_1_over_2pi,4.4000000000000004,2450,20,0.1980292964094859,0.0973501754823553,0.021768161000007984,0.2125,0.053764532919016415,0.01202211503854459
vicsek,rho_1_over_2pi,4.4000000000000004,2500,20,0.23398185470952293,0.09836899031279449,0.021995974921742677,0.215625,0.05029211543572213,0.011245658884654113
vicsek,rho_1_over_2pi,4.4000000000000004,2550,20,0.2347624403265653,0.12266994646815392,0.02742983390990524,0.2125,0.06373774391990981,0.014252192813739226
vicsek,rho_1_over_2pi,4.4000000000000004,2600,20,0.21557064782566707,0.09797088558562911,0.021906955998532096,0.215625,0.0639671546576835,0.01430349061418226
vicsek,rho_1_over_2pi,4.4000000000000004,2650,20,0.19331181020875352,0.08441221568861527,0.018875145241111797,0.225,0.0667317390751957,0.014921670482891652
vicsek,rho_1_over_2pi,4.4000000000000004,2700,20,0.24629072022788265,0.12441872201580842,0.027820872010099727,0.2375,0.08052561704203204,0.018006075363609916
vicsek,rho_1_over_2pi,4.4000000000000004,2750,20,0.2545167872724362,0.13031354748296708,0.0291389950561061,0.228125,0.06924537439425106,0.01548373642729687
vicsek,rho_1_over_2pi,4.4000000000000004,2800,20,0.2745379594740992,0.11629303601446624,0.02600391338381777,0.221875,0.06980721219902711,0.015609367179677718
vicsek,rho_1_over_2pi,4.4000000000000004,2850,20,0.205268771169303,0.08805294823315145,0.019689237786859663,0.209375,0.060191750888306944,0.013459284667098767
vicsek,rho_1_over_2pi,4.4000000000000004,2900,20,0.23947875635200805,0.12939841429469273,0.028934365054361345,0.2125,0.04592793267718459,0.010269797953221865
vicsek,rho_1_over_2pi,4.4000000000000004,2950,20,0.26961308710746384,0.15279076970491628,0.034165054739470825,0.2125,0.0667317390751957,0.014921670482891652
vicsek,rho_1_over_2pi,4.4000000000000004,3000,20,0.20545777923463562,0.14265812568539935,0.03189932665752617,0.215625,0.06980721219902711,0.015609367179677718
vicsek,rho_1_over_2pi,4.5999999999999996,0,20,0.20552040551567682,0.11287228765798714,0.025239010797916975,0.165625,0.040864677595693816,0.009137619698258404
vicsek,rho_1_over_2pi,4.5999999999999996,50,20,0.19180712848636738,0.0824865288032858,0.018444548563214144,0.184375,0.05029211543572213,0.011245658884654113
vicsek,rho_1_over_2pi,4.5999999999999996,100,20,0.2518298171809562,0.11824827255459855,0.026441117565400504,0.175,0.06123724356957945,0.013693063937629152
vicsek,rho_1_over_2pi,4.5999999999999996,150,20,0.21694791377234002,0.09761940451154318,0.02182836244108602,0.18125,0.06817945071647322,0.015245388647063084
vicsek,rho_1_over_2pi,4.5999999999999996,200,20,0.29181704846013484,0.14282323544966846,0.03193624632319164,0.184375,0.060837257293536826,0.013603624287299321
vicsek,rho_1_over_2pi,4.5999999999999996,250,20,0.28621253821123294,0.15050126430524075,0.033653105768618095,0.190625,0.07774909565390456,0.017385226307126404
vicsek,rho_1_over_2pi,4.5999999999999996,300,20,0.24055953543438818,0.15137933065524056,0.03384944737335357,0.20625,0.07421463804398698,0.016594897559189692
vicsek,rho_1_over_2pi,4.5999999999999996,350,20,0.22920296322985956,0.1051898426930343,0.023521163880413424,0.184375,0.05403630145559557,0.012082884330738253
vicsek,rho_1_over_2pi,4.5999999999999996,400,20,0.16897700682204606,0.09954244303129418,0.0222583669264374,0.2,0.054486236794258416,0.012183492931011203
vicsek,rho_1_over_2pi,4.5999999999999996,450,20,0.2163556261290273,0.09756212899304077,0.021815555245804228,0.196875,0.0720107413862682,0.016102091284985312
vicsek,rho_1_over_2pi,4.5999999999999996,500,20,0.2503466635938332,0.14670107242913102,0.03280335703236571,0.196875,0.06335354666472905,0.014166283695803921
vicsek,rho_1_over_2pi,4.5999999999999996,550,20,0.2730181512132977,0.13114000815844704,0.02932379728121646,0.20625,0.07421463804398698,0.016594897559189692
vicsek,rho_1_over_2pi,4.5999999999999996,600,20,0.21015161653809278,0.11982683921573048,0.026794095801531092,0.228125,0.09116220091134264,0.02038448782162554
vicsek,rho_1_over_2pi,4.5999999999999996,650,20,0.196951522888351,0.10337565112649673,0.023115498313714938,0.215625,0.10169462559545613,0.022739609577782992
vicsek,rho_1_over_2pi,4.5999999999999996,700,20,0.2062848639444931,0.11265962249947974,0.025191457422830143,0.196875,0.06924537439425106,0.01548373642729687
vicsek,rho_1_over_2pi,4.5999999999999996,750,20,0.24038000558248318,0.09897611992945048,0.022131733231142293,0.184375,0.07255116728902437,0.016222934190521763
vicsek,rho_1_over_2pi,4.5999999999999996,800,20,0.23036617787052216,0.10104294741455813,0.02259388990658886,0.2,0.0701560760020114,0.015687375497513915
vicsek,rho_1_over_2pi,4.5999999999999996,850,20,0.2153127333208896,0.11591952213065648,0.025920393140343913,0.19375,0.07368641326594748,0.016476782908080086
vicsek,rho_1_over_2pi,4.5999999999999996,900,20,0.21178227652148038,0.13123512327674883,0.02934506566823753,0.2125,0.075,0.01677050983124842
vicsek,rho_1_over_2pi,4.5999999999999996,950,20,0.25450392469611094,0.11842655689514855,0.02648098315587986,0.2125,0.08244316223920574,0.01843485150469078
vicsek,rho_1_over_2pi,4.5999999999999996,1000,20,0.23230937877356433,0.13190827386021217,0.0294955867146093,0.221875,0.08495173261917617,0.018995784894286417
vicsek,rho_1_over_2pi,4.5999999999999996,1050,20,0.26020076338081816,0.09784255708100134,0.02187826087255224,0.23125,0.0793036096278095,0.01773282619888888
vicsek,rho_1_over_2pi,4.5999999999999996,1100,20,0.20661053520004585,0.12304318804656596,0.027513293264041103,0.2125,0.08477912478906585,0.018957188610128874
vicsek,rho_1_over_2pi,4.5999999999999996,1150,20,0.1923352129418333,0.14142117829920597,0.03162273681351426,0.21875,0.08028270361665706,0.01795175827043134
vicsek,rho_1_over_2pi,4.5999999999999996,1200,20,0.22736088091887421,0.11064886287010697,0.024741837901061166,0.21875,0.0894863816454772,0.02000976324197765
vicsek,rho_1_over_2pi,4.5999999999999996,1250,20,0.24647942657673744,0.1021541300458635,0.02284235789649045,0.2125,0.0667317390751957,0.014921670482891652
vicsek,rho_1_over_2pi,4.5999999999999996,1300,20,0.2434404739684551,0.12271626057671413,0.02744019005941103,0.203125,0.07622694323531543,0.017044862679118304
vicsek,rho_1_over_2pi,4.5999999999999996,1350,20,0.2517515571763152,0.13331934798732695,0.02981111248156128,0.2,0.07288689868556626,0.016298006013006624
vicsek,rho_1_over_2pi,4.5999999999999996,1400,20,0.26465478355460736,0.09942144333509467,0.02223131057184151,0.203125,0.07362011868368591,0.016461958988832404
vicsek,rho_1_over_2pi,4.5999999999999996,1450,20,0.23289009620498108,0.09733693400973524,0.021765200116717915,0.203125,0.07362011868368591,0.016461958988832404
vicsek,rho_1_over_2pi,4.5999999999999996,1500,20,0.2869794349449496,0.13066959320485236,0.029218609299829446,0.2125,0.08003905296791061,0.017897276329095442
vicsek,rho_1_over_2pi,4.5999999999999996,1550,20,0.24820958925166262,0.11930631531214812,0.026677703118298722,0.221875,0.06980721219902711,0.015609367179677718
vicsek,rho_1_over_2pi,4.5999999999999996,1600,20,0.2252966667007652,0.12507951253503366,0.02796862926208723,0.2125,0.0667317390751957,0.014921670482891652
vicsek,rho_1_over_2pi,4.5999999999999996,1650,20,0.21448277271184288,0.10634086478824628,0.023778540245263245,0.209375,0.05685439187081329,0.012713028504254995
vicsek,rho_1_over_2pi,4.5999999999999996,1700,20,0.23129939221659002,0.11572548100251419,0.02587700422504822,0.2,0.0673145600891813,0.015051993223490368
vicsek,rho_1_over_2pi,4.5999999999999996,1750,20,0.20456173454115695,0.12884750156554997,0.02881117722315803,0.2125,0.057282196186948,0.012808688457449497
vicsek,rho_1_over_2pi,4.5999999999999996,1800,20,0.23974863044427144,0.1294831330319499,0.02895330873990884,0.20625,0.04463392767839281,0.009980449639169569
vicsek,rho_1_over_2pi,4.5999999999999996,1850,20,0.21746171112009383,0.10020789447092367,0.022407166391911062,0.2125,0.057282196186948,0.012808688457449497
vicsek,rho_1_over_2pi,4.5999999999999996,1900,20,0.15888142670187058,0.08773359097777941,0.0196178273336477,0.2125,0.05,0.011180339887498949
vicsek,rho_1_over_2pi,4.5999999999999996,1950,20,0.1982508201908544,0.12056159057498629,0.02695839120011673,0.20625,0.052663436082352244,0.011775902300885483
vicsek,rho_1_over_2pi,4.5999999999999996,2000,20,0.22454464821784453,0.11593486614676941,0.025923824166651552,0.2,0.05077524002897475,0.011353688827865593
vicsek,rho_1_over_2pi,4.5999999999999996,2050,20,0.24146655526267202,0.13173294452983872,0.029456381884492844,0.2125,0.075,0.01677050983124842
vicsek,rho_1_over_2pi,4.5999999999999996,2100,20,0.23282526598667266,0.12814169996191851,0.0286533551867232,0.1875,0.05229125165837972,0.011692679333668566
vicsek,rho_1_over_2pi,4.5999999999999996,2150,20,0.20518734245279308,0.1150920346193303,0.025735361307758168,0.209375,0.08214649642559323,0.018368515012106994
vicsek,rho_1_over_2pi,4.5999999999999996,2200,20,0.21474477027957023,0.12066574355122382,0.026981680513609333,0.2125,0.08477912478906585,0.018957188610128874
vicsek,rho_1_over_2pi,4.5999999999999996,2250,20,0.2736328810190555,0.14146571549601747,0.03163269563347404,0.209375,0.0844906614662236,0.0188926862502398
vicsek,rho_1_over_2pi,4.5999999999999996,2300,20,0.2619795395342602,0.06990730558792196,0.01563174874184444,0.203125,0.08811170112419803,0.01970237533268514
vicsek,rho_1_over_2pi,4.5999999999999996,2350,20,0.22477328971741145,0.10309711311345499,0.023053215320567033,0.209375,0.0844906614662236,0.0188926862502398
vicsek,rho_1_over_2pi,4.5999999999999996,2400,20,0.2806256239827172,0.16179275992949813,0.03617796094696619,0.221875,0.08262065041501429,0.018474539067321816
vicsek,rho_1_over_2pi,4.5999999999999996,2450,20,0.2042451290799437,0.10666162210954407,0.023850263762733505,0.209375,0.0844906614662236,0.0188926862502398
vicsek,rho_1_over_2pi,4.5999999999999996,2500,20,0.252240455721133,0.13843477593069167,0.030954956943097828,0.225,0.09354143466934854,0.02091650066335189
vicsek,rho_1_over_2pi,4.5999999999999996,2550,20,0.21221745601198597,0.10380849232145696,0.02321228454725427,0.20625,0.09291292967074066,0.020775962673243328
vicsek,rho_1_over_2pi,4.5999999999999996,2600,20,0.29259427995217246,0.12260528737725011,0.027415375697642814,0.209375,0.09116220091134264,0.02038448782162554
vicsek,rho_1_over_2pi,4.5999999999999996,2650,20,0.3064613682194211,0.11677206904995421,0.02611102842689969,0.225,0.10532687216470449,0.023551804601770965
vicsek,rho_1_over_2pi,4.5999999999999996,2700,20,0.2504452474381963,0.13073987000540316,0.029234323670156725,0.234375,0.10245997694221876,0.022910747341586216
vicsek,rho_1_over_2pi,4.5999999999999996,2750,20,0.20247818715233476,0.10449433755295114,0.023365644203220775,0.240625,0.1069371164516792,0.02391186617037658
vicsek,rho_1_over_2pi,4.5999999999999996,2800,20,0.3071050419030213,0.09667772879299001,0.021617797349141436,0.240625,0.11228277639513551,0.025107192072193175
vicsek,rho_1_over_2pi,4.5999999999999996,2850,20,0.23905468826831755,0.10130714317511663,0.022652965874586466,0.23125,0.09901862198596788,0.02214123697989794
vicsek,rho_1_over_2pi,4.5999999999999996,2900,20,0.27517371443293065,0.09372044462080223,0.020956528505361827,0.228125,0.09737772781801801,0.021774321889556053
vicsek,rho_1_over_2pi,4.5999999999999996,2950,20,0.3093349563281723,0.13977258435523895,0.03125410000091379,0.25,0.09882117688026186,0.02209708691207961
vicsek,rho_1_over_2pi,4.5999999999999996,3000,20,0.25238601996290316,0.11712474513194482,0.026189889196236618,0.209375,0.0720107413862682,0.016102091284985312
vicsek,rho_1_over_2pi,4.7999999999999998,0,20,0.2145231577490024,0.10753411792727223,0.024045359758585946,0.175,0.05077524002897475,0.011353688827865593
vicsek,rho_1_over_2pi,4.7999999999999998,50,20,0.24823098020577622,0.11777683626149887,0.026335701205557366,0.175,0.054486236794258416,0.012183492931011203
vicsek,rho_1_over_2pi,4.7999999999999998,100,20,0.22566018332263474,0.1308718119342229,0.029263826782349064,0.184375,0.03684320663297374,0.008238391454040043
vicsek,rho_1_over_2pi,4.7999999999999998,150,20,0.25386831327812887,0.12249379872810338,0.027390446077821644,0.184375,0.04180965050081141,0.009348922063532243
vicsek,rho_1_over_2pi,4.7999999999999998,200,20,0.1861908854503629,0.08173230319669726,0.018275898590543842,0.1875,0.04419417382415922,0.009882117688026186
vicsek,rho_1_over_2pi,4.7999999999999998,250,20,0.239136767006464,0.11659215623427606,0.026070798698311717,0.175,0.04677071733467427,0.010458250331675944
vicsek,rho_1_over_2pi,4.7999999999999998,300,20,0.2119424648549439,0.12438985327273291,0.027814416762905546,0.175,0.054486236794258416,0.012183492931011203
vicsek,rho_1_over_2pi,4.7999999999999998,350,20,0.2804743184656808,0.11501262776654,0.025717605395686325,0.184375,0.05029211543572213,0.011245658884654113
vicsek,rho_1_over_2pi,4.7999999999999998,400,20,0.24085250121051396,0.09044010367959719,0.020223021971970817,0.175,0.042389562394532926,0.009478594305064437
vicsek,rho_1_over_2pi,4.7999999999999998,450,20,0.24305850510684693,0.11515763472629337,0.025750029937608235,0.178125,0.04950931099298394,0.01107061848994897
vicsek,rho_1_over_2pi,4.7999999999999998,500,20,0.2569489007262989,0.14463278867050036,0.032340874724260026,0.184375,0.06695089151758922,0.014970674458754354
vicsek,rho_1_over_2pi,4.7999999999999998,550,20,0.25370021013040106,0.14806111795031468,0.033107472456151796,0.16875,0.052663436082352244,0.011775902300885483
vicsek,rho_1_over_2pi,4.7999999999999998,600,20,0.2358565974374116,0.10926917392533869,0.024433330074230483,0.1625,0.053764532919016415,0.01202211503854459
vicsek,rho_1_over_2pi,4.7999999999999998,650,20,0.21635921109338474,0.07460118041807677,0.016681331061654585,0.175,0.054486236794258416,0.012183492931011203
vicsek,rho_1_over_2pi,4.7999999999999998,700,20,0.2111216189825058,0.1004830700232277,0.02246869751598085,0.171875,0.05182226234930312,0.011587810136086972
vicsek,rho_1_over_2pi,4.7999999999999998,750,20,0.28165556453059065,0.11647033802451591,0.026043559318519614,0.159375,0.03684320663297374,0.008238391454040043
vicsek,rho_1_over_2pi,4.7999999999999998,800,20,0.21835767969713277,0.13608109655950681,0.030428658235977,0.1625,0.03644344934278313,0.008149003006503312
vicsek,rho_1_over_2pi,4.7999999999999998,850,20,0.22340234682760923,0.10466529608224737,0.02340387169250475,0.18125,0.051916399143237965,0.011608859763129193
vicsek,rho_1_over_2pi,4.7999999999999998,900,20,0.24164821315389226,0.11350386858732234,0.025380236587045576,0.159375,0.03684320663297374,0.008238391454040043
vicsek,rho_1_over_2pi,4.7999999999999998,950,20,0.23747593401943917,0.1361136808630853,0.0304359443077571,0.209375,0.08899394291186338,0.019899650593666208
vicsek,rho_1_over_2pi,4.7999999999999998,1000,20,0.2617179016716352,0.10401386935222802,0.023258208247436386,0.203125,0.08356088723200586,0.018684782411095932
vicsek,rho_1_over_2pi,4.7999999999999998,1050,20,0.2893951027155655,0.1275149944215818,0.028513219567716335,0.209375,0.07973344263858172,0.01782893978199489
vicsek,rho_1_over_2pi,4.7999999999999998,1100,20,0.25300303628853527,0.08127345163217525,0.01817329626155851,0.2125,0.08244316223920574,0.01843485150469078
vicsek,rho_1_over_2pi,4.7999999999999998,1150,20,0.24334639688022092,0.09614709186656718,0.021499143325256136,0.203125,0.08118988160479113,0.018154609435347267
vicsek,rho_1_over_2pi,4.7999999999999998,1200,20,0.23501257715442464,0.10693320023027315,0.023910990476648693,0.184375,0.07519505884697478,0.016814126315393255
vicsek,rho_1_over_2pi,4.7999999999999998,1250,20,0.2504123796156133,0.12018431713725276,0.02687403029482901,0.1875,0.07654655446197431,0.01711632992203644
vicsek,rho_1_over_2pi,4.7999999999999998,1300,20,0.24226568517635916,0.15727055575931517,0.035166765353699975,0.190625,0.08022186033120897,0.017938153298207703
vicsek,rho_1_over_2pi,4.7999999999999998,1350,20,0.21731911649591082,0.1194761283587634,0.02671567446986853,0.190625,0.07255116728902437,0.016222934190521763
vicsek,rho_1_over_2pi,4.7999999999999998,1400,20,0.21756190635436826,0.09256463949985538,0.020698082623443876,0.2,0.08052561704203204,0.018006075363609916
vicsek,rho_1_over_2pi,4.7999999999999998,1450,20,0.1981034177810161,0.1123901676511406,0.025131205487054824,0.2125,0.09354143466934854,0.02091650066335189
vicsek,rho_1_over_2pi,4.7999999999999998,1500,20,0.21374343411963595,0.099525412346101,0.022254558749457864,0.1875,0.07905694150420949,0.017677669529663688
vicsek,rho_1_over_2pi,4.7999999999999998,1550,20,0.20838029069249578,0.08866891200278625,0.019826971472917707,0.184375,0.0639671546576835,0.01430349061418226
vicsek,rho_1_over_2pi,4.7999999999999998,1600,20,0.19853522347856228,0.10932047011662628,0.024444800251301073,0.190625,0.07255116728902437,0.016222934190521763
vicsek,rho_1_over_2pi,4.7999999999999998,1650,20,0.24224424779014453,0.1402967537290573,0.03137130783607192,0.1875,0.0739509972887452,0.01653594569415369
vicsek,rho_1_over_2pi,4.7999999999999998,1700,20,0.23649588180950953,0.0951107875239228,0.021267418629703026,0.1875,0.08149003006503311,0.018221724671391562
vicsek,rho_1_over_2pi,4.7999999999999998,1750,20,0.18536990777013063,0.11205786389780385,0.025056900108890896,0.18125,0.04375,0.009782797401561578
vicsek,rho_1_over_2pi,4.7999999999999998,1800,20,0.26646233783296647,0.1523737925430074,0.034071815811561504,0.171875,0.03890593624371479,0.008699631816921908
vicsek,rho_1_over_2pi,4.7999999999999998,1850,20,0.24402108682393794,0.09124660439717407,0.02040336101481124,0.178125,0.04950931099298394,0.01107061848994897
vicsek,rho_1_over_2pi,4.7999999999999998,1900,20,0.27240823921024326,0.11005875541215376,0.02460988586205987,0.1875,0.05229125165837972,0.011692679333668566
vicsek,rho_1_over_2pi,4.7999999999999998,1950,20,0.2083791050849471,0.12519318593778386,0.027994047407665545,0.1875,0.05229125165837972,0.011692679333668566
vicsek,rho_1_over_2pi,4.7999999999999998,2000,20,0.19343330322705812,0.10160989805428683,0.022720663923620897,0.184375,0.05403630145559557,0.012082884330738253
vicsek,rho_1_over_2pi,4.7999999999999998,2050,20,0.2693492374731331,0.15038218674366244,0.03362647921638969,0.18125,0.051916399143237965,0.011608859763129193
vicsek,rho_1_over_2pi,4.7999999999999998,2100,20,0.19784537729243165,0.09630595985262691,0.02153466728688394,0.19375,0.06817945071647322,0.015245388647063084
vicsek,rho_1_over_2pi,4.7999999999999998,2150,20,0.2432301947247005,0.10726455974708969,0.02398508471710802,0.1875,0.05590169943749474,0.012499999999999999
vicsek,rho_1_over_2pi,4.7999999999999998,2200,20,0.21276854996023445,0.12422154862643947,0.02777678269990143,0.184375,0.05403630145559557,0.012082884330738253
vicsek,rho_1_over_2pi,4.7999999999999998,2250,20,0.21061755363320453,0.10994045847690824,0.02458343386318598,0.190625,0.060837257293536826,0.013603624287299321
vicsek,rho_1_over_2pi,4.7999999999999998,2300,20,0.27538792877906015,0.12492027526981941,0.02793302272713021,0.175,0.05077524002897475,0.011353688827865593
vicsek,rho_1_over_2pi,4.7999999999999998,2350,20,0.22014690758569597,0.09895248497337421,0.02212644829429912,0.2,0.08970437559004578,0.020058508169851517
vicsek,rho_1_over_2pi,4.7999999999999998,2400,20,0.22695862981765885,0.11907550811098143,0.026626093059148204,0.196875,0.0720107413862682,0.016102091284985312
vicsek,rho_1_over_2pi,4.7999999999999998,2450,20,0.19267715514579914,0.09545875034924849,0.021345225482810138,0.18125,0.07629097259833564,0.017059180079945224
vicsek,rho_1_over_2pi,4.7999999999999998,2500,20,0.20060115186254363,0.08975101288311942,0.02006893658561144,0.18125,0.07880950133074058,0.017622340224839605
vicsek,rho_1_over_2pi,4.7999999999999998,2550,20,0.18308675868253582,0.11466057816570156,0.025638884711793684,0.190625,0.07519505884697478,0.016814126315393255
vicsek,rho_1_over_2pi,4.7999999999999998,2600,20,0.28705700328957584,0.1332101805351617,0.02978670189716409,0.196875,0.07724504433942672,0.017272517006794347
vicsek,rho_1_over_2pi,4.7999999999999998,2650,20,0.3023383179882412,0.12162154508100725,0.027195404232968737,0.2,0.07551903733496608,0.01688657010763287
vicsek,rho_1_over_2pi,4.7999999999999998,2700,20,0.21274339230917513,0.11684551270239878,0.02612745092683788,0.20625,0.0793036096278095,0.01773282619888888
vicsek,rho_1_over_2pi,4.7999999999999998,2750,20,0.19749088219359198,0.10724452117980242,0.023980603957245415,0.20625,0.07153451963912248,0.015995604865087158
vicsek,rho_1_over_2pi,4.7999999999999998,2800,20,0.21061267083669785,0.14655647311848813,0.032771023643556,0.20625,0.06584783595532961,0.014724023736737181
vicsek,rho_1_over_2pi,4.7999999999999998,2850,20,0.23440295289816593,0.10801454061718169,0.024152785537843034,0.2,0.08052561704203204,0.018006075363609916
vicsek,rho_1_over_2pi,4.7999999999999998,2900,20,0.21397381690087713,0.13568993574793461,0.030341192019496054,0.19375,0.06525191568069094,0.01459077191241094
vicsek,rho_1_over_2pi,4.7999999999999998,2950,20,0.18596034477188916,0.11810922458219279,0.026410025493557227,0.2125,0.07756046028744286,0.01734304615688951
vicsek,rho_1_over_2pi,4.7999999999999998,3000,20,0.250199623229039,0.110530022142837,0.02471526430659405,0.203125,0.05887951150442741,0.01316585902058806
vicsek,rho_1_over_2pi,5.2000000000000002,0,20,0.1854958793294365,0.08717400680870026,0.019492700509528327,0.159375,0.04624577683421482,0.010340870067358935
vicsek,rho_1_over_2pi,5.2000000000000002,50,20,0.2356674935262185,0.10842634291215827,0.02424486733032884,0.171875,0.06210814660734935,0.013887803777055608
vicsek,rho_1_over_2pi,5.2000000000000002,100,20,0.1768512485345355,0.08692475449283577,0.019436965997346102,0.171875,0.06210814660734935,0.013887803777055608
vicsek,rho_1_over_2pi,5.2000000000000002,150,20,0.23253539445120358,0.11124467946606081,0.024875066542128697,0.175,0.06123724356957945,0.013693063937629152
vicsek,rho_1_over_2pi,5.2000000000000002,200,20,0.22284843378724406,0.08542360700035376,0.019101299213601788,0.171875,0.0651770425456694,0.014574029770451273
vicsek,rho_1_over_2pi,5.2000000000000002,250,20,0.21161006975364288,0.11544146629016087,0.025813496604705017,0.18125,0.07098635432250341,0.015873031374000365
vicsek,rho_1_over_2pi,5.2000000000000002,300,20,0.19784461192186806,0.08323959225066284,0.018612938669184682,0.175,0.06434768838116875,0.014388580541526672
vicsek,rho_1_over_2pi,5.2000000000000002,350,20,0.23503867503897813,0.1136520911152588,0.025413380151871855,0.190625,0.05753735199850615,0.012865743031399313
vicsek,rho_1_over_2pi,5.2000000000000002,400,20,0.18259051257001033,0.1023234246206458,0.02288021331423396,0.178125,0.05685439187081329,0.012713028504254995
vicsek,rho_1_over_2pi,5.2000000000000002,450,20,0.18041718618237795,0.0682015862170011,0.015250338295452718,0.1875,0.05590169943749474,0.012499999999999999
vicsek,rho_1_over_2pi,5.2000000000000002,500,20,0.21935835663594355,0.11193396096067082,0.02502919456988676,0.18125,0.06525191568069094,0.01459077191241094
vicsek,rho_1_over_2pi,5.2000000000000002,550,20,0.20088498027576387,0.11335552865415692,0.02534706676961201,0.18125,0.05555121510822243,0.012421629321469868
vicsek,rho_1_over_2pi,5.2000000000000002,600,20,0.18246697402916995,0.07820215252618767,0.017486532903536252,0.184375,0.05403630145559557,0.012082884330738253
vicsek,rho_1_over_2pi,5.2000000000000002,650,20,0.20140866033390675,0.10591855854627061,0.023684109698825236,0.184375,0.03684320663297374,0.008238391454040043
vicsek,rho_1_over_2pi,5.2000000000000002,700,20,0.21100160490266756,0.10464539192830041,0.02339942098837875,0.178125,0.040864677595693816,0.009137619698258404
vicsek,rho_1_over_2pi,5.2000000000000002,750,20,0.17826710201775847,0.11075149902600968,0.02476478804321594,0.20625,0.08172935519138763,0.018275239396516808
vicsek,rho_1_over_2pi,5.2000000000000002,800,20,0.23766843347583375,0.10985755229522895,0.024564895477386998,0.203125,0.06810779599282303,0.015229366163764007
vicsek,rho_1_over_2pi,5.2000000000000002,850,20,0.2173017704840711,0.09453063291700331,0.021137692115849864,0.18125,0.051916399143237965,0.011608859763129193
vicsek,rho_1_over_2pi,5.2000000000000002,900,20,0.23718696478303491,0.10887390139733318,0.02434494445000463,0.196875,0.07724504433942672,0.017272517006794347
vicsek,rho_1_over_2pi,5.2000000000000002,950,20,0.1791057443666964,0.06849232077680925,0.015315348519366667,0.196875,0.05685439187081329,0.012713028504254995
vicsek,rho_1_over_2pi,5.2000000000000002,1000,20,0.20234998539469182,0.11401860799617003,0.025495335817933725,0.184375,0.05403630145559557,0.012082884330738253
vicsek,rho_1_over_2pi,5.2000000000000002,1050,20,0.19274802885782635,0.08554873993840877,0.019129279789173316,0.18125,0.0480071609241788,0.010734727523323542
vicsek,rho_1_over_2pi,5.2000000000000002,1100,20,0.22464297173834943,0.10949957151743148,0.024484848542007658,0.19375,0.03903123748998999,0.008727650027355588
vicsek,rho_1_over_2pi,5.2000000000000002,1150,20,0.23261688987872078,0.07742516027056795,0.017312792153380593,0.1875,0.04841229182759271,0.010825317547305483
vicsek,rho_1_over_2pi,5.2000000000000002,1200,20,0.23300394281601294,0.089092215361177,0.019921624981364273,0.171875,0.047905342864862165,0.010711960313126632
vicsek,rho_1_over_2pi,5.2000000000000002,1250,20,0.26219482224081414,0.14349231017256853,0.03208585597943478,0.175,0.0375,0.00838525491562421
vicsek,rho_1_over_2pi,5.2000000000000002,1300,20,0.24402899584392773,0.10695169310224653,0.02391512560853186,0.175,0.042389562394532926,0.009478594305064437
vicsek,rho_1_over_2pi,5.2000000000000002,1350,20,0.22241449670064153,0.09421096435755509,0.021066212052930296,0.178125,0.07467376965842826,0.016697562509240683
vicsek,rho_1_over_2pi,5.2000000000000002,1400,20,0.25060178408462636,0.11184526486027371,0.025009361518904052,0.184375,0.05403630145559557,0.012082884330738253
vicsek,rho_1_over_2pi,5.2000000000000002,1450,20,0.23358474770663723,0.12116811559093076,0.027094014316687325,0.190625,0.05403630145559557,0.012082884330738253
vicsek,rho_1_over_2pi,5.2000000000000002,1500,20,0.22286375284132248,0.12640998020492197,0.02826613087726083,0.2,0.05796011559684815,0.012960275845829825
vicsek,rho_1_over_2pi,5.2000000000000002,1550,20,0.21854113346710696,0.11958227583911443,0.026739409768039055,0.203125,0.06810779599282303,0.015229366163764007
vicsek,rho_1_over_2pi,5.2000000000000002,1600,20,0.2601295565818667,0.16075940240921446,0.0359468951809247,0.2,0.0673145600891813,0.015051993223490368
vicsek,rho_1_over_2pi,5.2000000000000002,1650,20,0.22903656625378277,0.12090455930011709,0.02703508133847162,0.209375,0.06924537439425106,0.01548373642729687
vicsek,rho_1_over_2pi,5.2000000000000002,1700,20,0.23590232916245774,0.13231471378942136,0.029586469445657494,0.215625,0.0639671546576835,0.01430349061418226
vicsek,rho_1_over_2pi,5.2000000000000002,1750,20,0.20359401145690703,0.12884935912526913,0.028811592586138458,0.20625,0.04463392767839281,0.009980449639169569
vicsek,rho_1_over_2pi,5.2000000000000002,1800,20,0.19656338665608944,0.10077401279154845,0.022533754296733568,0.2,0.06434768838116875,0.014388580541526672
vicsek,rho_1_over_2pi,5.2000000000000002,1850,20,0.22620948849899128,0.09696633957717911,0.02168233268239007,0.203125,0.07874751980221345,0.017608480733726006
vicsek,rho_1_over_2pi,5.2000000000000002,1900,20,0.2297190251745816,0.12766499045420637,0.02854675970024672,0.2,0.0701560760020114,0.015687375497513915
vicsek,rho_1_over_2pi,5.2000000000000002,1950,20,0.16258067474482313,0.059323344848543624,0.013265103173400551,0.228125,0.08214649642559323,0.018368515012106994
vicsek,rho_1_over_2pi,5.2000000000000002,2000,20,0.22211225245854865,0.16621429629672324,0.03716664653517647,0.23125,0.08637671850678283,0.019314421425453053
vicsek,rho_1_over_2pi,5.2000000000000002,2050,20,0.1976440598579551,0.09273129673321177,0.02073534831371657,0.221875,0.07774909565390456,0.017385226307126404
vicsek,rho_1_over_2pi,5.2000000000000002,2100,20,0.2230310020179287,0.11921115416548668,0.02665642443902354,0.2375,0.12899854650343934,0.028844951898035816
vicsek,rho_1_over_2pi,5.2000000000000002,2150,20,0.18523199784407215,0.11483089095163218,0.025676967808471507,0.221875,0.11604652892266963,0.025948792722398473
vicsek,rho_1_over_2pi,5.2000000000000002,2200,20,0.24348498520827316,0.0782276353632878,0.017492231039137798,0.234375,0.09452802163908859,0.021137108216357316
vicsek,rho_1_over_2pi,5.2000000000000002,2250,20,0.2453609887107026,0.14922994887329752,0.033368830995951136,0.246875,0.0977780490447626,0.021863836437139756
vicsek,rho_1_over_2pi,5.2000000000000002,2300,20,0.23063016034835931,0.09426936049803702,0.02107926982690442,0.225,0.09960860906568267,0.022273162101506826
vicsek,rho_1_over_2pi,5.2000000000000002,2350,20,0.24658180226056312,0.12126142114154866,0.027114878072073294,0.225,0.09560661587986471,0.021378289220608835
vicsek,rho_1_over_2pi,5.2000000000000002,2400,20,0.21695963139391122,0.12067479222791364,0.02698370385922782,0.23125,0.0840851502942107,0.018802011195614154
vicsek,rho_1_over_2pi,5.2000000000000002,2450,20,0.24455716202357874,0.11553246761821716,0.025833845120262676,0.225,0.08705242673240074,0.019465514377996793
vicsek,rho_1_over_2pi,5.2000000000000002,2500,20,0.22222959382452528,0.10913860993021558,0.02440413507737956,0.203125,0.06810779599282303,0.015229366163764007
vicsek,rho_1_over_2pi,5.2000000000000002,2550,20,0.20049000565281147,0.12752413118051448,0.028515262609123085,0.215625,0.0639671546576835,0.01430349061418226
vicsek,rho_1_over_2pi,5.2000000000000002,2600,20,0.2293606949213538,0.08935192593884113,0.019979698031977546,0.203125,0.07091753573693886,0.015857643070456593
vicsek,rho_1_over_2pi,5.2000000000000002,2650,20,0.22170826331360877,0.09456485617691102,0.02114534466940639,0.215625,0.0639671546576835,0.01430349061418226
vicsek,rho_1_over_2pi,5.2000000000000002,2700,20,0.25901417237642294,0.1421110433701527,0.031776995332908224,0.21875,0.07261843774138907,0.016237976320958223
vicsek,rho_1_over_2pi,5.2000000000000002,2750,20,0.22155202279783404,0.12605321727438945,0.028186356260808555,0.21875,0.06987712429686843,0.015625
vicsek,rho_1_over_2pi,5.2000000000000002,2800,20,0.2459888381623218,0.11815591889677726,0.02642046665971459,0.215625,0.06980721219902711,0.015609367179677718
vicsek,rho_1_over_2pi,5.2000000000000002,2850,20,0.20691536160728327,0.1212245994216965,0.027106644485209504,0.2125,0.07756046028744286,0.01734304615688951
vicsek,rho_1_over_2pi,5.2000000000000002,2900,20,0.22713248185180168,0.1125806171692826,0.025173791293939582,0.209375,0.06636487681748532,0.014839637588229707
vicsek,rho_1_over_2pi,5.2000000000000002,2950,20,0.20162860518407943,0.1113506343861563,0.024898758782517107,0.19375,0.05555121510822243,0.012421629321469868
vicsek,rho_1_over_2pi,5.2000000000000002,3000,20,0.17405922542011454,0.10496686144375844,0.023471303757304558,0.215625,0.05753735199850615,0.012865743031399313
vicsek,rho_1_over_2pi,5.4000000000000004,0,20,0.1892851084980233,0.10264436569562234,0.022951977920275903,0.178125,0.06636487681748532,0.014839637588229707
vicsek,rho_1_over_2pi,5.4000000000000004,50,20,0.19649956205468144,0.09597535370507247,0.021460741504912832,0.18125,0.06525191568069094,0.01459077191241094
vicsek,rho_1_over_2pi,5.4000000000000004,100,20,0.21145884297465548,0.08849535154882131,0.019788162175590575,0.175,0.0673145600891813,0.015051993223490368
vicsek,rho_1_over_2pi,5.4000000000000004,150,20,0.20594382906074862,0.10552431103154511,0.02359595327453658,0.175,0.0375,0.00838525491562421
vicsek,rho_1_over_2pi,5.4000000000000004,200,20,0.24742605083770125,0.1294946310416604,0.028955879773040705,0.175,0.05077524002897475,0.011353688827865593
vicsek,rho_1_over_2pi,5.4000000000000004,250,20,0.21181616585246923,0.12306603467855959,0.02751840192626057,0.184375,0.060837257293536826,0.013603624287299321
vicsek,rho_1_over_2pi,5.4000000000000004,300,20,0.24252124407301956,0.13157315901775707,0.029420652757809425,0.20625,0.07680128579652817,0.017173289580042606
vicsek,rho_1_over_2pi,5.4000000000000004,350,20,0.23306135358090083,0.09735040887855045,0.02176821318898379,0.19375,0.05896238207535377,0.013184389443580616
vicsek,rho_1_over_2pi,5.4000000000000004,400,20,0.22179075565856152,0.11308539051596737,0.025286662045581304,0.184375,0.060837257293536826,0.013603624287299321
vicsek,rho_1_over_2pi,5.4000000000000004,450,20,0.23822965347642402,0.09913887635782369,0.022168126674904053,0.1875,0.06555055301063448,0.014657549249448218
vicsek,rho_1_over_2pi,5.4000000000000004,500,20,0.28502830173103333,0.12728370438875947,0.028461501544125446,0.203125,0.08118988160479113,0.018154609435347267
vicsek,rho_1_over_2pi,5.4000000000000004,550,20,0.21927270707676644,0.07366210312019626,0.01647134699423582,0.19375,0.05555121510822243,0.012421629321469868
vicsek,rho_1_over_2pi,5.4000000000000004,600,20,0.26677820040950795,0.15740273261427534,0.035196320996974284,0.178125,0.045393247019793595,0.010150238605569822
vicsek,rho_1_over_2pi,5.4000000000000004,650,20,0.245815272110619,0.11102909972766287,0.024826861447165754,0.178125,0.040864677595693816,0.009137619698258404
vicsek,rho_1_over_2pi,5.4000000000000004,700,20,0.2405981422550419,0.12784241099771054,0.028586432139834746,0.18125,0.03903123748998999,0.008727650027355588
vicsek,rho_1_over_2pi,5.4000000000000004,750,20,0.21117032348991635,0.08250032329127528,0.01844763310450007,0.178125,0.040864677595693816,0.009137619698258404
vicsek,rho_1_over_2pi,5.4000000000000004,800,20,0.2222105517934852,0.08747365670192028,0.01955970426259738,0.190625,0.04624577683421482,0.010340870067358935
vicsek,rho_1_over_2pi,5.4000000000000004,850,20,0.22676091780331892,0.136625222577593,0.030550328512453696,0.209375,0.07973344263858172,0.01782893978199489
vicsek,rho_1_over_2pi,5.4000000000000004,900,20,0.23414831879587505,0.11617500522067249,0.025977520895981664,0.1875,0.07126096406869613,0.015934435979977454
vicsek,rho_1_over_2pi,5.4000000000000004,950,20,0.2410976941400365,0.0910976577402113,0.02037005552981223,0.196875,0.07467376965842826,0.016697562509240683
vicsek,rho_1_over_2pi,5.4000000000000004,1000,20,0.22465190441752791,0.11721594485997837,0.02621028207537787,0.190625,0.04624577683421482,0.010340870067358935
vicsek,rho_1_over_2pi,5.4000000000000004,1050,20,0.18901701875768975,0.08827234931333147,0.019738297359821605,0.184375,0.05403630145559557,0.012082884330738253
vicsek,rho_1_over_2pi,5.4000000000000004,1100,20,0.25430772200862173,0.10686083120782272,0.023894808271282254,0.2125,0.08705242673240074,0.019465514377996793
vicsek,rho_1_over_2pi,5.4000000000000004,1150,20,0.21984958608861924,0.12359037259156246,0.02763564744792605,0.19375,0.05896238207535377,0.013184389443580616
vicsek,rho_1_over_2pi,5.4000000000000004,1200,20,0.2432481615407487,0.13671569916173512,0.030570559691705072,0.20625,0.06281172263200556,0.014045128158902643
vicsek,rho_1_over_2pi,5.4000000000000004,1250,20,0.19715988659402545,0.13799747010268468,0.030857172387259782,0.19375,0.05555121510822243,0.012421629321469868
vicsek,rho_1_over_2pi,5.4000000000000004,1300,20,0.24803627308280918,0.0923004167125821,0.020639000612089124,0.178125,0.045393247019793595,0.010150238605569822
vicsek,rho_1_over_2pi,5.4000000000000004,1350,20,0.19501616654854945,0.08941595675233782,0.019994015757140868,0.184375,0.05403630145559557,0.012082884330738253
vicsek,rho_1_over_2pi,5.4000000000000004,1400,20,0.24408347247592888,0.1151894109500329,0.025757135317243218,0.19375,0.05555121510822243,0.012421629321469868
vicsek,rho_1_over_2pi,5.4000000000000004,1450,20,0.2166030761536859,0.08884191871027837,0.019865656948769288,0.1875,0.05229125165837972,0.011692679333668566
vicsek,rho_1_over_2pi,5.4000000000000004,1500,20,0.2465395812903875,0.11358777785791514,0.02539899927034437,0.178125,0.05685439187081329,0.012713028504254995
vicsek,rho_1_over_2pi,5.4000000000000004,1550,20,0.20249258467589054,0.10445260626986898,0.023356312804644775,0.2,0.054486236794258416,0.012183492931011203
vicsek,rho_1_over_2pi,5.4000000000000004,1600,20,0.23067835697651135,0.11301250035190494,0.025270363309407833,0.2,0.04677071733467427,0.010458250331675944
vicsek,rho_1_over_2pi,5.4000000000000004,1650,20,0.21216503453362004,0.0876572331891718,0.019600753213053882,0.1875,0.04419417382415922,0.009882117688026186
vicsek,rho_1_over_2pi,5.4000000000000004,1700,20,0.18556775262161276,0.12883866055838858,0.028809200313857787,0.196875,0.05330850659134994,0.011920144451725406
vicsek,rho_1_over_2pi,5.4000000000000004,1750,20,0.19621709502273557,0.10788862922039079,0.024124630893606395,0.196875,0.060191750888306944,0.013459284667098767
vicsek,rho_1_over_2pi,5.4000000000000004,1800,20,0.21020418265032736,0.09216471691322148,0.02060865721449878,0.190625,0.05403630145559557,0.012082884330738253
vicsek,rho_1_over_2pi,5.4000000000000004,1850,20,0.20671686109412707,0.11191361074311955,0.025024644122906604,0.178125,0.045393247019793595,0.010150238605569822
vicsek,rho_1_over_2pi,5.4000000000000004,1900,20,0.20694132614313765,0.09353749342421583,0.020915619374148615,0.18125,0.0480071609241788,0.010734727523323542
vicsek,rho_1_over_2pi,5.4000000000000004,1950,20,0.17584947405133824,0.10173672061388668,0.022749022310055475,0.1875,0.05590169943749474,0.012499999999999999
vicsek,rho_1_over_2pi,5.4000000000000004,2000,20,0.23839377615698173,0.11974612469383444,0.026776047485758,0.209375,0.060191750888306944,0.013459284667098767
vicsek,rho_1_over_2pi,5.4000000000000004,2050,20,0.2386005485040686,0.10345791010010259,0.023133891979389146,0.184375,0.060837257293536826,0.013603624287299321
vicsek,rho_1_over_2pi,5.4000000000000004,2100,20,0.20400803227117037,0.08392423767490886,0.01876603004009451,0.18125,0.06218671481916375,0.013905372163304367
vicsek,rho_1_over_2pi,5.4000000000000004,2150,20,0.22495354027659037,0.0966620984616533,0.02161430230080346,0.18125,0.05896238207535377,0.013184389443580616
vicsek,rho_1_over_2pi,5.4000000000000004,2200,20,0.23391165808436126,0.0883929165077717,0.01976525700408408,0.190625,0.05029211543572213,0.011245658884654113
vicsek,rho_1_over_2pi,5.4000000000000004,2250,20,0.19718530268333972,0.11642925093581587,0.026034371966186527,0.190625,0.060837257293536826,0.013603624287299321
vicsek,rho_1_over_2pi,5.4000000000000004,2300,20,0.2602306443307894,0.1511742775820294,0.03380359611228403,0.19375,0.06525191568069094,0.01459077191241094
vicsek,rho_1_over_2pi,5.4000000000000004,2350,20,0.20515618763437882,0.09604934822043687,0.021477287181544527,0.178125,0.060191750888306944,0.013459284667098767
vicsek,rho_1_over_2pi,5.4000000000000004,2400,20,0.20643275677970854,0.10443837712455144,0.0233531310710256,0.19375,0.05896238207535377,0.013184389443580616
vicsek,rho_1_over_2pi,5.4000000000000004,2450,20,0.20343397612570074,0.1045931831416836,0.023387746748788955,0.19375,0.06525191568069094,0.01459077191241094
vicsek,rho_1_over_2pi,5.4000000000000004,2500,20,0.26108380276303567,0.10912292566967241,0.024400627970104425,0.1875,0.05929270612815711,0.013258252147247764
vicsek,rho_1_over_2pi,5.4000000000000004,2550,20,0.21026796390211439,0.11114439392083596,0.024852642012500356,0.2,0.07288689868556626,0.016298006013006624
vicsek,rho_1_over_2pi,5.4000000000000004,2600,20,0.2512911736152391,0.1332720496165234,0.029800536244327106,0.190625,0.0639671546576835,0.01430349061418226
vicsek,rho_1_over_2pi,5.4000000000000004,2650,20,0.20651492463416288,0.12601553125457937,0.028177929410598882,0.2,0.06434768838116875,0.014388580541526672
vicsek,rho_1_over_2pi,5.4000000000000004,2700,20,0.20263529019585352,0.09775627574743113,0.021858967779847006,0.1875,0.04419417382415922,0.009882117688026186
vicsek,rho_1_over_2pi,5.4000000000000004,2750,20,0.16881223611664276,0.09344202135454555,0.02089427117037508,0.175,0.05796011559684815,0.012960275845829825
vicsek,rho_1_over_2pi,5.4000000000000004,2800,20,0.274488831253231,0.09356846375571376,0.020922544550800122,0.18125,0.04375,0.009782797401561578
vicsek,rho_1_over_2pi,5.4000000000000004,2850,20,0.21268718977360943,0.08615938767020143,0.01926582477303276,0.19375,0.0480071609241788,0.010734727523323542
vicsek,rho_1_over_2pi,5.4000000000000004,2900,20,0.22080573951966104,0.12107327997293803,0.02707280842783533,0.190625,0.04180965050081141,0.009348922063532243
vicsek,rho_1_over_2pi,5.4000000000000004,2950,20,0.2496434081851746,0.10403961390937366,0.023263964905419213,0.2,0.0375,0.00838525491562421
vicsek,rho_1_over_2pi,5.4000000000000004,3000,20,0.2656617280702927,0.12143365158478692,0.02715338996996086,0.2,0.0375,0.00838525491562421
vicsek,rho_1_over_2pi,5.5999999999999996,0,20,0.2619195692270615,0.13093411529686405,0.029277758237758307,0.16875,0.059621200088559104,0.013331705629813463
vicsek,rho_1_over_2pi,5.5999999999999996,50,20,0.20418398019015757,0.10259888331510855,0.02294180775081517,0.16875,0.059621200088559104,0.013331705629813463
vicsek,rho_1_over_2pi,5.5999999999999996,100,20,0.2481048636344237,0.09962599264317425,0.022277049187603155,0.16875,0.059621200088559104,0.013331705629813463
vicsek,rho_1_over_2pi,5.5999999999999996,150,20,0.21386670986694253,0.1075285237804447,0.0240441088693277,0.184375,0.060837257293536826,0.013603624287299321
vicsek,rho_1_over_2pi,5.5999999999999996,200,20,0.22707989430157866,0.1138045936502129,0.0254474807553617,0.16875,0.03479852726768764,0.007781187248742958
vicsek,rho_1_over_2pi,5.5999999999999996,250,20,0.18654680363645737,0.06966647018127803,0.015577896307779976,0.165625,0.029810600044279552,0.006665852814906731
vicsek,rho_1_over_2pi,5.5999999999999996,300,20,0.2228646445659684,0.1344239337331047,0.03005810536301492,0.165625,0.040864677595693816,0.009137619698258404
vicsek,rho_1_over_2pi,5.5999999999999996,350,20,0.20551691018786192,0.0866876373358238,0.019383944989175075,0.171875,0.03351189154613628,0.0074934867551761245
vicsek,rho_1_over_2pi,5.5999999999999996,400,20,0.2148527609526542,0.11705712816940471,0.026174769583769443,0.175,0.0375,0.00838525491562421
vicsek,rho_1_over_2pi,5.5999999999999996,450,20,0.22385473205874012,0.09896611356986255,0.022129495741117704,0.178125,0.040864677595693816,0.009137619698258404
vicsek,rho_1_over_2pi,5.5999999999999996,500,20,0.20011549531706968,0.08778166481608092,0.01962857697068585,0.165625,0.040864677595693816,0.009137619698258404
vicsek,rho_1_over_2pi,5.5999999999999996,550,20,0.20802577152503154,0.10547856684582713,0.023585724563652502,0.190625,0.04624577683421482,0.010340870067358935
vicsek,rho_1_over_2pi,5.5999999999999996,600,20,0.23553349464776602,0.11599863511499797,0.02593808334143296,0.1875,0.04419417382415922,0.009882117688026186
vicsek,rho_1_over_2pi,5.5999999999999996,650,20,0.2278734169124353,0.11328633930834123,0.025331595561555748,0.175,0.03186887195995491,0.007126096406869613
vicsek,rho_1_over_2pi,5.5999999999999996,700,20,0.25533730990625,0.10051773452409916,0.02247644873401632,0.178125,0.040864677595693816,0.009137619698258404
vicsek,rho_1_over_2pi,5.5999999999999996,750,20,0.20802258156317768,0.09889008137681857,0.02211249442590523,0.190625,0.060837257293536826,0.013603624287299321
vicsek,rho_1_over_2pi,5.5999999999999996,800,20,0.22485735770337678,0.12408319484871,0.027745845854706727,0.178125,0.045393247019793595,0.010150238605569822
vicsek,rho_1_over_2pi,5.5999999999999996,850,20,0.23342630521528202,0.10237861133279196,0.022892553438215314,0.184375,0.05029211543572213,0.011245658884654113
vicsek,rho_1_over_2pi,5.5999999999999996,900,20,0.25678546039328454,0.12832877234415674,0.028695185843062947,0.184375,0.04624577683421482,0.010340870067358935
vicsek,rho_1_over_2pi,5.5999999999999996,950,20,0.23713805043059205,0.11265890084564208,0.02519129605612642,0.184375,0.06695089151758922,0.014970674458754354
vicsek,rho_1_over_2pi,5.5999999999999996,1000,20,0.20361278217422435,0.09121206150825019,0.020395636990033942,0.18125,0.0480071609241788,0.010734727523323542
vicsek,rho_1_over_2pi,5.5999999999999996,1050,20,0.2056984330338429,0.08142237816428821,0.018206597246504298,0.184375,0.04624577683421482,0.010340870067358935
vicsek,rho_1_over_2pi,5.5999999999999996,1100,20,0.21780408889242167,0.10786387731354988,0.024119096198979492,0.184375,0.05029211543572213,0.011245658884654113
vicsek,rho_1_over_2pi,5.5999999999999996,1150,20,0.1799804457090988,0.10285920788068234,0.02300001809329878,0.203125,0.047905342864862165,0.010711960313126632
vicsek,rho_1_over_2pi,5.5999999999999996,1200,20,0.22486760350534613,0.11472027673142755,0.025652233716905937,0.190625,0.05029211543572213,0.011245658884654113
vicsek,rho_1_over_2pi,5.5999999999999996,1250,20,0.21163988712906018,0.08808318879588929,0.01969599978225563,0.196875,0.045393247019793595,0.010150238605569822
vicsek,rho_1_over_2pi,5.5999999999999996,1300,20,0.22845630138650952,0.13813623358034496,0.030888200844144047,0.184375,0.060837257293536826,0.013603624287299321
vicsek,rho_1_over_2pi,5.5999999999999996,1350,20,0.2784143479302947,0.12691874001433265,0.028379893029067044,0.1875,0.05929270612815711,0.013258252147247764
vicsek,rho_1_over_2pi,5.5999999999999996,1400,20,0.2162670599927387,0.10633938676605272,0.02377820974945354,0.19375,0.05896238207535377,0.013184389443580616
vicsek,rho_1_over_2pi,5.5999999999999996,1450,20,0.21224541639493139,0.09866065392792728,0.0220611928887427,0.190625,0.05753735199850615,0.012865743031399313
vicsek,rho_1_over_2pi,5.5999999999999996,1500,20,0.22593848216086201,0.1015077566507025,0.022697824411447715,0.178125,0.04950931099298394,0.01107061848994897
vicsek,rho_1_over_2pi,5.5999999999999996,1550,20,0.2620641759460003,0.11950106833334516,0.026721251217720725,0.184375,0.06980721219902711,0.015609367179677718
vicsek,rho_1_over_2pi,5.5999999999999996,1600,20,0.21956975509938098,0.1435522684671989,0.032099263061695624,0.18125,0.05896238207535377,0.013184389443580616
vicsek,rho_1_over_2pi,5.5999999999999996,1650,20,0.227086150045464,0.10720332562171264,0.023971392350419438,0.175,0.05077524002897475,0.011353688827865593
vicsek,rho_1_over_2pi,5.5999999999999996,1700,20,0.24398579790002387,0.12790256826080343,0.02859988371279635,0.2,0.07288689868556626,0.016298006013006624
vicsek,rho_1_over_2pi,5.5999999999999996,1750,20,0.20189209978140804,0.12641949671255023,0.02826825883305735,0.190625,0.060837257293536826,0.013603624287299321
vicsek,rho_1_over_2pi,5.5999999999999996,1800,20,0.2824058911980493,0.1274562080620742,0.028500074538115462,0.203125,0.05887951150442741,0.01316585902058806
vicsek,rho_1_over_2pi,5.5999999999999996,1850,20,0.25227878267073534,0.11995635257572848,0.026823055869226085,0.196875,0.05685439187081329,0.012713028504254995
vicsek,rho_1_over_2pi,5.5999999999999996,1900,20,0.2777061731250549,0.1211770380158808,0.027096009431558567,0.184375,0.06695089151758922,0.014970674458754354
vicsek,rho_1_over_2pi,5.5999999999999996,1950,20,0.23554838484828902,0.11987268299290982,0.026804346781742927,0.2,0.0673145600891813,0.015051993223490368
vicsek,rho_1_over_2pi,5.5999999999999996,2000,20,0.18472919273515181,0.0751516597822077,0.016804421989495343,0.190625,0.060837257293536826,0.013603624287299321
vicsek,rho_1_over_2pi,5.5999999999999996,2050,20,0.20492485872865024,0.10826310746885516,0.024208366775572532,0.196875,0.06335354666472905,0.014166283695803921
vicsek,rho_1_over_2pi,5.5999999999999996,2100,20,0.20538399117037548,0.11464069013401558,0.02563443761271483,0.196875,0.06924537439425106,0.01548373642729687
vicsek,rho_1_over_2pi,5.5999999999999996,2150,20,0.21257684800270077,0.07893764224993986,0.017650993405442496,0.18125,0.06525191568069094,0.01459077191241094
vicsek,rho_1_over_2pi,5.5999999999999996,2200,20,0.2709726540085105,0.16065951719617244,0.0359245601682938,0.19375,0.05896238207535377,0.013184389443580616
vicsek,rho_1_over_2pi,5.5999999999999996,2250,20,0.21707798398522254,0.13591220243945115,0.03039089236263255,0.171875,0.05887951150442741,0.01316585902058806
vicsek,rho_1_over_2pi,5.5999999999999996,2300,20,0.2179245323467917,0.10243948093469228,0.022906164294976564,0.184375,0.05403630145559557,0.012082884330738253
vicsek,rho_1_over_2pi,5.5999999999999996,2350,20,0.16729950033877716,0.07937095732159466,0.017747885601032028,0.190625,0.05753735199850615,0.012865743031399313
vicsek,rho_1_over_2pi,5.5999999999999996,2400,20,0.262366040897541,0.10330420600311105,0.023099522698459815,0.1875,0.05590169943749474,0.012499999999999999
vicsek,rho_1_over_2pi,5.5999999999999996,2450,20,0.2812435735284047,0.12924922967016586,0.028901006358197357,0.1875,0.06555055301063448,0.014657549249448218
vicsek,rho_1_over_2pi,5.5999999999999996,2500,20,0.22158453031182654,0.12158929444692805,0.02718819277195688,0.18125,0.051916399143237965,0.011608859763129193
vicsek,rho_1_over_2pi,5.5999999999999996,2550,20,0.19393385890705597,0.10347063563294533,0.023136737495037772,0.184375,0.05753735199850615,0.012865743031399313
vicsek,rho_1_over_2pi,5.5999999999999996,2600,20,0.24601993690438012,0.11846200813151404,0.026488910293319824,0.184375,0.060837257293536826,0.013603624287299321
vicsek,rho_1_over_2pi,5.5999999999999996,2650,20,0.20473988483737515,0.11276981050280023,0.025216096209403103,0.16875,0.05625,0.012577882373436317
vicsek,rho_1_over_2pi,5.5999999999999996,2700,20,0.23882488537726632,0.09968849322558182,0.02229102474269282,0.16875,0.06875,0.015372967345311055
vicsek,rho_1_over_2pi,5.5999999999999996,2750,20,0.2335578177996581,0.12813064001644303,0.028650882107732138,0.178125,0.060191750888306944,0.013459284667098767
vicsek,rho_1_over_2pi,5.5999999999999996,2800,20,0.23422469607196122,0.10654160641433447,0.023823427437447947,0.16875,0.05625,0.012577882373436317
vicsek,rho_1_over_2pi,5.5999999999999996,2850,20,0.22982064697430743,0.08553468475040486,0.01912613695359199,0.18125,0.05555121510822243,0.012421629321469868
vicsek,rho_1_over_2pi,5.5999999999999996,2900,20,0.25115205514056826,0.09447770382053372,0.021125856810080498,0.1875,0.0625,0.013975424859373685
vicsek,rho_1_over_2pi,5.5999999999999996,2950,20,0.21208617905702992,0.11307884552668687,0.025285198541486986,0.1875,0.07126096406869613,0.015934435979977454
vicsek,rho_1_over_2pi,5.5999999999999996,3000,20,0.23918981177705878,0.10265271578176763,0.022953845056299788,0.190625,0.07255116728902437,0.016222934190521763
vicsek,rho_1_over_2pi,5.7999999999999998,0,20,0.26425504806162997,0.096933003953307,0.02167487861028503,0.165625,0.03576725981956124,0.007997802432543579
vicsek,rho_1_over_2pi,5.7999999999999998,50,20,0.22764685055322276,0.13655736203627789,0.030535154434116644,0.1625,0.03644344934278313,0.008149003006503312
vicsek,rho_1_over_2pi,5.7999999999999998,100,20,0.24586642796512231,0.0884341401325905,0.01977447488682146,0.159375,0.04180965050081141,0.009348922063532243
vicsek,rho_1_over_2pi,5.7999999999999998,150,20,0.21081152222196317,0.12472242895845294,0.027888782946998904,0.18125,0.0480071609241788,0.010734727523323542
vicsek,rho_1_over_2pi,5.7999999999999998,200,20,0.24466099735999305,0.1304642986056961,0.02917270403191675,0.16875,0.04463392767839281,0.009980449639169569
vicsek,rho_1_over_2pi,5.7999999999999998,250,20,0.2178987032253154,0.11190017474659089,0.025021639742748254,0.175,0.05077524002897475,0.011353688827865593
vicsek,rho_1_over_2pi,5.7999999999999998,300,20,0.1910697503282071,0.08544317614985666,0.019105675008456825,0.175,0.04677071733467427,0.010458250331675944
vicsek,rho_1_over_2pi,5.7999999999999998,350,20,0.22793359434920898,0.09413706713332827,0.021049688131258328,0.165625,0.045393247019793595,0.010150238605569822
vicsek,rho_1_over_2pi,5.7999999999999998,400,20,0.1982064984419862,0.10737927692879297,0.02401073625875559,0.159375,0.04180965050081141,0.009348922063532243
vicsek,rho_1_over_2pi,5.7999999999999998,450,20,0.20276913101182714,0.10611106205797897,0.02372715479263397,0.15625,0.04192627457812106,0.009375
vicsek,rho_1_over_2pi,5.7999999999999998,500,20,0.20560429621795198,0.09300378352724537,0.020796278213159578,0.15625,0.04192627457812106,0.009375
vicsek,rho_1_over_2pi,5.7999999999999998,550,20,0.21065494477105884,0.09468236234953295,0.02117161984838224,0.153125,0.04180965050081141,0.009348922063532243
vicsek,rho_1_over_2pi,5.7999999999999998,600,20,0.24628140186288117,0.10081183732794967,0.02254221212019462,0.140625,0.03890593624371479,0.008699631816921908
vicsek,rho_1_over_2pi,5.7999999999999998,650,20,0.2312613602537224,0.09910913648130817,0.022161476636350937,0.1625,0.041457809879442496,0.009270248108869578
vicsek,rho_1_over_2pi,5.7999999999999998,700,20,0.25608348743743176,0.1304397654424214,0.029167218249838214,0.15625,0.04192627457812106,0.009375
vicsek,rho_1_over_2pi,5.7999999999999998,750,20,0.2633990346411331,0.0865063106378123,0.01934339910688615,0.18125,0.05555121510822243,0.012421629321469868
vicsek,rho_1_over_2pi,5.7999999999999998,800,20,0.23211131841645588,0.12534497422328492,0.028027988300122396,0.171875,0.0554632479665589,0.012401959270615269
vicsek,rho_1_over_2pi,5.7999999999999998,850,20,0.2266722318631041,0.07833168446453642,0.017515497125476766,0.178125,0.06335354666472905,0.014166283695803921
vicsek,rho_1_over_2pi,5.7999999999999998,900,20,0.21263011155601105,0.11848832108760372,0.02649479404917037,0.18125,0.06525191568069094,0.01459077191241094
vicsek,rho_1_over_2pi,5.7999999999999998,950,20,0.24959699620353568,0.11218233263075227,0.025084732163685487,0.18125,0.051916399143237965,0.011608859763129193
vicsek,rho_1_over_2pi,5.7999999999999998,1000,20,0.1983999200739554,0.11068318836419178,0.024749513314874655,0.153125,0.04180965050081141,0.009348922063532243
vicsek,rho_1_over_2pi,5.7999999999999998,1050,20,0.23470617106560776,0.11444895348334864,0.02559156399424789,0.153125,0.04180965050081141,0.009348922063532243
vicsek,rho_1_over_2pi,5.7999999999999998,1100,20,0.2214075513470104,0.09836648555693045,0.021995414841304774,0.1625,0.04592793267718459,0.010269797953221865
vicsek,rho_1_over_2pi,5.7999999999999998,1150,20,0.24515481833292768,0.1254269003428057,0.028046307537360524,0.171875,0.03890593624371479,0.008699631816921908
vicsek,rho_1_over_2pi,5.7999999999999998,1200,20,0.19577805225329462,0.08225977724277245,0.01839384537288294,0.178125,0.05685439187081329,0.012713028504254995
vicsek,rho_1_over_2pi,5.7999999999999998,1250,20,0.20793245738789054,0.09437987077217756,0.021103980675423458,0.1625,0.041457809879442496,0.009270248108869578
vicsek,rho_1_over_2pi,5.7999999999999998,1300,20,0.1988564837580993,0.10128897210202077,0.02264890269911982,0.1625,0.041457809879442496,0.009270248108869578
vicsek,rho_1_over_2pi,5.7999999999999998,1350,20,0.27273758973920836,0.12698678735492677,0.028395108876992696,0.1625,0.04592793267718459,0.010269797953221865
vicsek,rho_1_over_2pi,5.7999999999999998,1400,20,0.20141785814942628,0.11969565828030676,0.026764762852635147,0.16875,0.052663436082352244,0.011775902300885483
vicsek,rho_1_over_2pi,5.7999999999999998,1450,20,0.20630842507408714,0.08908725436351889,0.019920515668564297,0.15625,0.0369754986443726,0.008267972847076845
vicsek,rho_1_over_2pi,5.7999999999999998,1500,20,0.2320087324403049,0.10420629142217787,0.023301235130314294,0.146875,0.03576725981956124,0.007997802432543579
vicsek,rho_1_over_2pi,5.7999999999999998,1550,20,0.21730646295507236,0.11526631407541786,0.025774331378847513,0.15,0.030618621784789725,0.006846531968814576
vicsek,rho_1_over_2pi,5.7999999999999998,1600,20,0.21531170935731736,0.1298960039891948,0.02904562949254234,0.153125,0.03684320663297374,0.008238391454040043
vicsek,rho_1_over_2pi,5.7999999999999998,1650,20,0.21146880290002187,0.12499719705496262,0.027950222961183293,0.171875,0.04363825013677794,0.009757809372497496
vicsek,rho_1_over_2pi,5.7999999999999998,1700,20,0.22202644269823021,0.13695555892945818,0.03062419396627468,0.153125,0.03684320663297374,0.008238391454040043
vicsek,rho_1_over_2pi,5.7999999999999998,1750,20,0.2672621789357718,0.1211389179763196,0.027087485531582186,0.153125,0.03684320663297374,0.008238391454040043
vicsek,rho_1_over_2pi,5.7999999999999998,1800,20,0.24881287897003185,0.11855544546075106,0.02650980351530082,0.1625,0.041457809879442496,0.009270248108869578
vicsek,rho_1_over_2pi,5.7999999999999998,1850,20,0.18754763302984762,0.09532637190295191,0.021315624762342646,0.1625,0.041457809879442496,0.009270248108869578
vicsek,rho_1_over_2pi,5.7999999999999998,1900,20,0.18733018249287497,0.09623403064219745,0.021518583426475123,0.165625,0.040864677595693816,0.009137619698258404
vicsek,rho_1_over_2pi,5.7999999999999998,1950,20,0.20482330394745865,0.11309367246964266,0.02528851394672175,0.159375,0.04180965050081141,0.009348922063532243
vicsek,rho_1_over_2pi,5.7999999999999998,2000,20,0.2328081143086933,0.13040435920508547,0.029159301174487156,0.175,0.04677071733467427,0.010458250331675944
vicsek,rho_1_over_2pi,5.7999999999999998,2050,20,0.30948532164594145,0.13915474640744566,0.03111594723587931,0.1625,0.04592793267718459,0.010269797953221865
vicsek,rho_1_over_2pi,5.7999999999999998,2100,20,0.21708471241537378,0.08798069591968266,0.01967308167841488,0.1625,0.041457809879442496,0.009270248108869578
vicsek,rho_1_over_2pi,5.7999999999999998,2150,20,0.20238099638544185,0.08592407120466757,0.01921320641171689,0.153125,0.04180965050081141,0.009348922063532243
vicsek,rho_1_over_2pi,5.7999999999999998,2200,20,0.20663088670949742,0.09065095165835685,0.02027016901331332,0.15625,0.04192627457812106,0.009375
vicsek,rho_1_over_2pi,5.7999999999999998,2250,20,0.20145794665303818,0.11172083566331116,0.024981538304624656,0.16875,0.04881406047441659,0.010915155747858112
vicsek,rho_1_over_2pi,5.7999999999999998,2300,20,0.1883087379923854,0.11619752491993361,0.025982556453819736,0.1625,0.04592793267718459,0.010269797953221865
vicsek,rho_1_over_2pi,5.7999999999999998,2350,20,0.2589881599381504,0.13091616145390392,0.029273743636426684,0.171875,0.05182226234930312,0.011587810136086972
vicsek,rho_1_over_2pi,5.7999999999999998,2400,20,0.1982021196797863,0.10961133918561747,0.024509840552382707,0.171875,0.04363825013677794,0.009757809372497496
vicsek,rho_1_over_2pi,5.7999999999999998,2450,20,0.18579530198583194,0.10628936064091672,0.02376702356780804,0.165625,0.045393247019793595,0.010150238605569822
vicsek,rho_1_over_2pi,5.7999999999999998,2500,20,0.2302941309993592,0.1189054296278257,0.026588062354163576,0.15625,0.0369754986443726,0.008267972847076845
vicsek,rho_1_over_2pi,5.7999999999999998,2550,20,0.19467964660382434,0.09140725497307296,0.020439283575644684,0.159375,0.04180965050081141,0.009348922063532243
vicsek,rho_1_over_2pi,5.7999999999999998,2600,20,0.25125717547394444,0.11424142033669807,0.02554515817189838,0.15,0.03644344934278313,0.008149003006503312
vicsek,rho_1_over_2pi,5.7999999999999998,2650,20,0.2376419256871661,0.13513814805788305,0.030217808541085765,0.1625,0.04592793267718459,0.010269797953221865
vicsek,rho_1_over_2pi,5.7999999999999998,2700,20,0.19930487846050723,0.09459867623808622,0.021152907064985488,0.175,0.05077524002897475,0.011353688827865593
vicsek,rho_1_over_2pi,5.7999999999999998,2750,20,0.23510147225844097,0.104757756845877,0.02342454654777749,0.159375,0.04180965050081141,0.009348922063532243
vicsek,rho_1_over_2pi,5.7999999999999998,2800,20,0.17548835202623186,0.08423130476496324,0.018834692328795973,0.16875,0.04463392767839281,0.009980449639169569
vicsek,rho_1_over_2pi,5.7999999999999998,2850,20,0.17414976088988118,0.10748770651486372,0.02403498185127823,0.178125,0.045393247019793595,0.010150238605569822
vicsek,rho_1_over_2pi,5.7999999999999998,2900,20,0.22072289943780615,0.09091682691966849,0.020329620529096155,0.171875,0.03890593624371479,0.008699631816921908
vicsek,rho_1_over_2pi,5.7999999999999998,2950,20,0.23186324775434447,0.0902848895262715,0.020188315032180187,0.178125,0.040864677595693816,0.009137619698258404
vicsek,rho_1_over_2pi,5.7999999999999998,3000,20,0.22720334472574305,0.08005937633373479,0.017901820771846887,0.18125,0.04375,0.009782797401561578
vicsek,rho_1_over_2pi,6.2000000000000002,0,20,0.21302004588996448,0.10804437950453931,0.024159457715893493,0.16875,0.05625,0.012577882373436317
vicsek,rho_1_over_2pi,6.2000000000000002,50,20,0.2472868326588425,0.11358360616476208,0.02539806645139722,0.159375,0.05029211543572213,0.011245658884654113
vicsek,rho_1_over_2pi,6.2000000000000002,100,20,0.23418878683781114,0.08882216941482345,0.01986124087205479,0.165625,0.045393247019793595,0.010150238605569822
vicsek,rho_1_over_2pi,6.2000000000000002,150,20,0.20776458398833203,0.12146149838091899,0.02715961670287155,0.15625,0.0369754986443726,0.008267972847076845
vicsek,rho_1_over_2pi,6.2000000000000002,200,20,0.24805815690789662,0.12243390025917458,0.027377052372994346,0.165625,0.045393247019793595,0.010150238605569822
vicsek,rho_1_over_2pi,6.2000000000000002,250,20,0.22641687402457297,0.11602003283459461,0.025942868016991114,0.171875,0.047905342864862165,0.010711960313126632
vicsek,rho_1_over_2pi,6.2000000000000002,300,20,0.19890633361621238,0.11813959989754544,0.026416817620553878,0.175,0.05077524002897475,0.011353688827865593
vicsek,rho_1_over_2pi,6.2000000000000002,350,20,0.2605898252958752,0.10644910429156425,0.023802743333990226,0.175,0.05077524002897475,0.011353688827865593
vicsek,rho_1_over_2pi,6.2000000000000002,400,20,0.23366804219419585,0.10621339577595545,0.02375003730761254,0.1625,0.03644344934278313,0.008149003006503312
vicsek,rho_1_over_2pi,6.2000000000000002,450,20,0.24677870174924169,0.10632345222680166,0.023774646678157988,0.171875,0.03351189154613628,0.0074934867551761245
vicsek,rho_1_over_2pi,6.2000000000000002,500,20,0.22646219096397968,0.12885187307119855,0.028812154721537454,0.159375,0.04180965050081141,0.009348922063532243
vicsek,rho_1_over_2pi,6.2000000000000002,550,20,0.228162477446524,0.08477351141873982,0.018955933422365685,0.159375,0.03684320663297374,0.008238391454040043
vicsek,rho_1_over_2pi,6.2000000000000002,600,20,0.254149304283651,0.14171186216530604,0.03168773570197048,0.15625,0.0369754986443726,0.008267972847076845
vicsek,rho_1_over_2pi,6.2000000000000002,650,20,0.2109782639193667,0.10968867031914334,0.024527132319516805,0.16875,0.040019526483955306,0.008948638164547721
vicsek,rho_1_over_2pi,6.2000000000000002,700,20,0.2400369201604236,0.09666563323822684,0.021615092700873834,0.171875,0.047905342864862165,0.010711960313126632
vicsek,rho_1_over_2pi,6.2000000000000002,750,20,0.21447228044322486,0.11239610262484527,0.025132532587519657,0.18125,0.05555121510822243,0.012421629321469868
vicsek,rho_1_over_2pi,6.2000000000000002,800,20,0.22267714513812603,0.13223481507364582,0.02956860354967859,0.16875,0.04881406047441659,0.010915155747858112
vicsek,rho_1_over_2pi,6.2000000000000002,850,20,0.2805359440442482,0.1282651817047866,0.028680966543826517,0.178125,0.04950931099298394,0.01107061848994897
vicsek,rho_1_over_2pi,6.2000000000000002,900,20,0.21804232072900304,0.106169850004424,0.02374030017708484,0.171875,0.047905342864862165,0.010711960313126632
vicsek,rho_1_over_2pi,6.2000000000000002,950,20,0.19965137751038475,0.09776215604876969,0.021860282655199126,0.178125,0.05330850659134994,0.011920144451725406
vicsek,rho_1_over_2pi,6.2000000000000002,1000,20,0.1727039852967775,0.07710516168377644,0.017241238294103626,0.165625,0.060191750888306944,0.013459284667098767
vicsek,rho_1_over_2pi,6.2000000000000002,1050,20,0.21774462491097873,0.10881202232591254,0.02433110786899652,0.175,0.06434768838116875,0.014388580541526672
vicsek,rho_1_over_2pi,6.2000000000000002,1100,20,0.2259905467289852,0.09252229258395024,0.020688613565183738,0.171875,0.05182226234930312,0.011587810136086972
vicsek,rho_1_over_2pi,6.2000000000000002,1150,20,0.25251983764327235,0.11785775962979798,0.026353796220805872,0.1625,0.053764532919016415,0.01202211503854459
vicsek,rho_1_over_2pi,6.2000000000000002,1200,20,0.23691435578328673,0.13325338540251483,0.029796362799200133,0.171875,0.05887951150442741,0.01316585902058806
vicsek,rho_1_over_2pi,6.2000000000000002,1250,20,0.23266443798782835,0.13686758069885827,0.030604521435858525,0.184375,0.05403630145559557,0.012082884330738253
vicsek,rho_1_over_2pi,6.2000000000000002,1300,20,0.1616715722876529,0.09336945567061086,0.020878044990163908,0.165625,0.04950931099298394,0.01107061848994897
vicsek,rho_1_over_2pi,6.2000000000000002,1350,20,0.20507971870119138,0.09381218079663671,0.020977041337878005,0.165625,0.045393247019793595,0.010150238605569822
vicsek,rho_1_over_2pi,6.2000000000000002,1400,20,0.2384984459792682,0.12732542952431894,0.028470831568073583,0.171875,0.047905342864862165,0.010711960313126632
vicsek,rho_1_over_2pi,6.2000000000000002,1450,20,0.24947523372667663,0.1580969583724836,0.03535155459568279,0.16875,0.05625,0.012577882373436317
vicsek,rho_1_over_2pi,6.2000000000000002,1500,20,0.21824588411459517,0.08559282988478019,0.0191391386008944,0.171875,0.047905342864862165,0.010711960313126632
vicsek,rho_1_over_2pi,6.2000000000000002,1550,20,0.20823353588039445,0.10524015874113238,0.023532414890804067,0.16875,0.052663436082352244,0.011775902300885483
vicsek,rho_1_over_2pi,6.2000000000000002,1600,20,0.20184615676050294,0.11346972393604134,0.025372601610912343,0.165625,0.04950931099298394,0.01107061848994897
vicsek,rho_1_over_2pi,6.2000000000000002,1650,20,0.21066927498542332,0.12569637186437194,0.028106563201382762,0.1625,0.04592793267718459,0.010269797953221865
vicsek,rho_1_over_2pi,6.2000000000000002,1700,20,0.22812071216409008,0.13650723535251294,0.030523945766878138,0.15625,0.04192627457812106,0.009375
vicsek,rho_1_over_2pi,6.2000000000000002,1750,20,0.2549679384459235,0.1325745548481118,0.029644571672715225,0.16875,0.04463392767839281,0.009980449639169569
vicsek,rho_1_over_2pi,6.2000000000000002,1800,20,0.23638869638265322,0.13175217228067537,0.02946068134028536,0.1625,0.05,0.011180339887498949
vicsek,rho_1_over_2pi,6.2000000000000002,1850,20,0.22384432199512577,0.11761608901909708,0.026299757029436762,0.178125,0.06335354666472905,0.014166283695803921
vicsek,rho_1_over_2pi,6.2000000000000002,1900,20,0.22534421159071777,0.1651910443991247,0.03693784045506287,0.159375,0.06695089151758922,0.014970674458754354
vicsek,rho_1_over_2pi,6.2000000000000002,1950,20,0.221456723240636,0.12023049172512196,0.026884355246559865,0.15625,0.0369754986443726,0.008267972847076845
vicsek,rho_1_over_2pi,6.2000000000000002,2000,20,0.22267640112705248,0.11563123377615246,0.02585592990456466,0.146875,0.029810600044279552,0.006665852814906731
vicsek,rho_1_over_2pi,6.2000000000000002,2050,20,0.217435339277038,0.10640685521145572,0.023793296152479274,0.159375,0.05029211543572213,0.011245658884654113
vicsek,rho_1_over_2pi,6.2000000000000002,2100,20,0.25186668526383105,0.11212504205113782,0.025071921600636662,0.15,0.03644344934278313,0.008149003006503312
vicsek,rho_1_over_2pi,6.2000000000000002,2150,20,0.25085031100535055,0.09433596406060979,0.02109416283625006,0.15625,0.05038911092686593,0.011267347735824966
vicsek,rho_1_over_2pi,6.2000000000000002,2200,20,0.18804550347641252,0.1399820817369035,0.0313009450395648,0.159375,0.05029211543572213,0.011245658884654113
vicsek,rho_1_over_2pi,6.2000000000000002,2250,20,0.24412781435924574,0.11353075244201911,0.0253862479997055,0.153125,0.05029211543572213,0.011245658884654113
vicsek,rho_1_over_2pi,6.2000000000000002,2300,20,0.18483172403789877,0.11569921601498968,0.025871131195294925,0.15625,0.05038911092686593,0.011267347735824966
vicsek,rho_1_over_2pi,6.2000000000000002,2350,20,0.2364738361487416,0.1291409525229186,0.028876794852031894,0.159375,0.04624577683421482,0.010340870067358935
vicsek,rho_1_over_2pi,6.2000000000000002,2400,20,0.1716098031701569,0.10304661435130552,0.023041923454072452,0.165625,0.05685439187081329,0.012713028504254995
vicsek,rho_1_over_2pi,6.2000000000000002,2450,20,0.1864304615010107,0.11828407994357545,0.026449124340985418,0.165625,0.0720107413862682,0.016102091284985312
vicsek,rho_1_over_2pi,6.2000000000000002,2500,20,0.20202485611379695,0.09393257949379984,0.021003963305003922,0.16875,0.07153451963912248,0.015995604865087158
vicsek,rho_1_over_2pi,6.2000000000000002,2550,20,0.20892808386639614,0.11813259352358269,0.02641525094770823,0.16875,0.06875,0.015372967345311055
vicsek,rho_1_over_2pi,6.2000000000000002,2600,20,0.19791427578521884,0.11356360885606792,0.0253935949172365,0.1625,0.06373774391990981,0.014252192813739226
vicsek,rho_1_over_2pi,6.2000000000000002,2650,20,0.21031396128254434,0.12556829036007788,0.028077923306356566,0.171875,0.06810779599282303,0.015229366163764007
vicsek,rho_1_over_2pi,6.2000000000000002,2700,20,0.23059148266959623,0.08369379768115481,0.018714502091017642,0.171875,0.06810779599282303,0.015229366163764007
vicsek,rho_1_over_2pi,6.2000000000000002,2750,20,0.21510040169926148,0.07883273458181655,0.017627535337714027,0.16875,0.06281172263200556,0.014045128158902643
vicsek,rho_1_over_2pi,6.2000000000000002,2800,20,0.1783267609298151,0.09891829411297286,0.022118802985492455,0.171875,0.0554632479665589,0.012401959270615269
vicsek,rho_1_over_2pi,6.2000000000000002,2850,20,0.24276270699432656,0.11710734311707051,0.026185997987416176,0.18125,0.06218671481916375,0.013905372163304367
vicsek,rho_1_over_2pi,6.2000000000000002,2900,20,0.22721246846125678,0.13785055253730105,0.030824320620931125,0.175,0.05796011559684815,0.012960275845829825
vicsek,rho_1_over_2pi,6.2000000000000002,2950,20,0.16316830208177652,0.08869497664421531,0.019832799703922162,0.171875,0.05887951150442741,0.01316585902058806
vicsek,rho_1_over_2pi,6.2000000000000002,3000,20,0.2247584323660715,0.12432686812126524,0.027800332854880063,0.16875,0.059621200088559104,0.013331705629813463
vicsek,rho_1_over_3pi,0.59999999999999998,0,20,0.26153488203486674,0.1728760148652156,0.03865625209178862,0.2,0.054545454545454536,0.012196734422726122
vicsek,rho_1_over_3pi,0.59999999999999998,50,20,0.4435082452027933,0.2036330295615118,0.045533729656376455,0.2909090909090909,0.09359663764533636,0.020928844424038796
vicsek,rho_1_over_3pi,0.59999999999999998,100,20,0.41021500756519125,0.2549700578127555,0.05701303814963726,0.3090909090909091,0.10909090909090909,0.024393468845452248
vicsek,rho_1_over_3pi,0.59999999999999998,150,20,0.44375549534773107,0.16546314270982573,0.03699868348699191,0.40909090909090906,0.12694763676153584,0.02838635453817454
vicsek,rho_1_over_3pi,0.59999999999999998,200,20,0.5585467290848379,0.2813696240207676,0.0629161606113994,0.47727272727272724,0.12489665149121897,0.02792774028964661
vicsek,rho_1_over_3pi,0.59999999999999998,250,20,0.6135788226319051,0.21955059958047546,0.049093006516277994,0.5181818181818182,0.16787441193290353,0.037537859676477416
vicsek,rho_1_over_3pi,0.59999999999999998,300,20,0.6691935314706057,0.2248789438616565,0.05028446051830229,0.5409090909090909,0.16128359090191066,0.036064107291193886
vicsek,rho_1_over_3pi,0.59999999999999998,350,20,0.6449182557617232,0.2495776524431579,0.05580725965277175,0.5409090909090909,0.1506871314022798,0.03369466691499408
vicsek,rho_1_over_3pi,0.59999999999999998,400,20,0.7264626819635793,0.18699161067723133,0.04181259526964647,0.5363636363636364,0.18608626809507928,0.041610154513984754
vicsek,rho_1_over_3pi,0.59999999999999998,450,20,0.7058341314085724,0.19691161868272514,0.0440307764934091,0.5954545454545455,0.20220887654122932,0.04521527936000513
vicsek,rho_1_over_3pi,0.59999999999999998,500,20,0.75193825504498,0.20992710475501314,0.04694112765519287,0.6090909090909091,0.20348208441453994,0.04549997729542618
vicsek,rho_1_over_3pi,0.59999999999999998,550,20,0.7826483458712236,0.19529381287179962,0.043669024116646735,0.6227272727272728,0.209830707046978,0.0469195724723887
vicsek,rho_1_over_3pi,0.59999999999999998,600,20,0.7914076099275099,0.18138759231462198,0.040559498669051314,0.6318181818181818,0.24473801138130552,0.054725083012671635
vicsek,rho_1_over_3pi,0.59999999999999998,650,20,0.7554741262586615,0.16206085458969738,0.03623790873542721,0.6227272727272728,0.2231906126761985,0.04990693818838061
vicsek,rho_1_over_3pi,0.59999999999999998,700,20,0.6877987141692135,0.21725304759994216,0.04857925827524682,0.6090909090909091,0.18652985935166538,0.04170934453437986
vicsek,rho_1_over_3pi,0.59999999999999998,750,20,0.6116710839262909,0.21297208614413837,0.047622006192823446,0.6136363636363636,0.19682395540555425,0.044011174388720646
vicsek,rho_1_over_3pi,0.59999999999999998,800,20,0.6546829894271285,0.2612950437848048,0.05842734800866074,0.6227272727272728,0.16583123951776998,0.03708099243547831
vicsek,rho_1_over_3pi,0.59999999999999998,850,20,0.7020183299111395,0.2134862099681807,0.04773696777476453,0.6454545454545454,0.16236882817719775,0.036306773723119745
vicsek,rho_1_over_3pi,0.59999999999999998,900,20,0.6694159873638983,0.19753810387558493,0.04417086284122226,0.6227272727272728,0.17074218155448137,0.038179112458243104
vicsek,rho_1_over_3pi,0.59999999999999998,950,20,0.7099435298857519,0.19565672948402585,0.04375017473815691,0.6545454545454545,0.17391933154280903,0.038889544793104434
vicsek,rho_1_over_3pi,0.59999999999999998,1000,20,0.7384096801668524,0.19176401471455554,0.042879737254001606,0.6909090909090909,0.18044939310253827,0.04034971094758572
vicsek,rho_1_over_3pi,0.59999999999999998,1050,20,0.6909690025323325,0.19786894258440688,0.044244840625473666,0.7,0.17031812722904724,0.03808429102846075
vicsek,rho_1_over_3pi,0.59999999999999998,1100,20,0.6987782629509776,0.21618596895076342,0.048340652235556586,0.6954545454545454,0.182442111276268,0.040795296277231614
vicsek,rho_1_over_3pi,0.59999999999999998,1150,20,0.7947790236161645,0.15902830512547916,0.03555981006071496,0.6681818181818182,0.19343566209957466,0.04325352897273286
vicsek,rho_1_over_3pi,0.59999999999999998,1200,20,0.7956409414552972,0.21087625238948196,0.04715336351832841,0.6590909090909091,0.2070553086169159,0.04629897451696219
vicsek,rho_1_over_3pi,0.59999999999999998,1250,20,0.7851309583274815,0.19966757055818643,0.044647026067034044,0.6863636363636363,0.20625547826433505,0.04612012701307835
vicsek,rho_1_over_3pi,0.59999999999999998,1300,20,0.7780900257292861,0.1834891683384798,0.041029425353974296,0.6681818181818182,0.1934356620995747,0.043253528972732866
vicsek,rho_1_over_3pi,0.59999999999999998,1350,20,0.7801694687051908,0.23323040706228787,0.05215190446112227,0.7227272727272728,0.17362208413440255,0.038823078251971184
vicsek,rho_1_over_3pi,0.59999999999999998,1400,20,0.739332419927821,0.26862586010795,0.06006656837157251,0.6954545454545454,0.1997415685701803,0.04466357252553586
vicsek,rho_1_over_3pi,0.59999999999999998,1450,20,0.7200344713301663,0.2885834703721686,0.06452922569349655,0.6545454545454545,0.20246415864836445,0.045272362174504484
vicsek,rho_1_over_3pi,0.59999999999999998,1500,20,0.7665090944070122,0.19836597912179105,0.04435598137396288,0.6727272727272727,0.2081004207683563,0.04653266869843537
vicsek,rho_1_over_3pi,0.59999999999999998,1550,20,0.7541825096588418,0.1910838783763046,0.04272765414537192,0.7,0.19306145983268455,0.04316985480212278
vicsek,rho_1_over_3pi,0.59999999999999998,1600,20,0.7764248704812526,0.23582893826887041,0.05273295370307958,0.7181818181818181,0.20103040352269075,0.04495176478209497
vicsek,rho_1_over_3pi,0.59999999999999998,1650,20,0.7551153174151971,0.23340605641688708,0.05219118085083105,0.740909090909091,0.19343566209957466,0.04325352897273286
vicsek,rho_1_over_3pi,0.59999999999999998,1700,20,0.7605987342856773,0.23762752609165574,0.05313513016660471,0.7227272727272728,0.1828945412611883,0.04089646269736571
vicsek,rho_1_over_3pi,0.59999999999999998,1750,20,0.7963428672966971,0.2355753096350445,0.05267624061645206,0.7318181818181818,0.21022420145176687,0.04700756049617607
vicsek,rho_1_over_3pi,0.59999999999999998,1800,20,0.7546837360644909,0.22150442513051857,0.04952989519088522,0.7045454545454545,0.20097900881303768,0.04494027257564816
vicsek,rho_1_over_3pi,0.59999999999999998,1850,20,0.8483697303365106,0.16728974339232291,0.03740712381637303,0.7636363636363637,0.18044939310253827,0.04034971094758572
vicsek,rho_1_over_3pi,0.59999999999999998,1900,20,0.79163739339645,0.20386854254803843,0.045586391961122213,0.7954545454545454,0.18153386861559873,0.04059220704429944
vicsek,rho_1_over_3pi,0.59999999999999998,1950,20,0.7716213647644307,0.2253431397099126,0.05038825786545968,0.75,0.18153386861559873,0.04059220704429944
vicsek,rho_1_over_3pi,0.59999999999999998,2000,20,0.7908118779356142,0.21146751722303542,0.04728557435438147,0.75,0.18603074481528295,0.04159773913118892
vicsek,rho_1_over_3pi,0.59999999999999998,2050,20,0.8551143524771477,0.07676850798488609,0.017165960238544067,0.7227272727272728,0.18289454126118826,0.0408964626973657
vicsek,rho_1_over_3pi,0.59999999999999998,2100,20,0.8347872963747655,0.12743466571097992,0.028495257521971264,0.7318181818181818,0.17831859314484574,0.03987324959240031
vicsek,rho_1_over_3pi,0.59999999999999998,2150,20,0.8081528644048068,0.1830679218370369,0.04093523177272327,0.7227272727272728,0.17598600620550856,0.03935166729642169
vicsek,rho_1_over_3pi,0.59999999999999998,2200,20,0.8287130792706405,0.17115920806506293,0.038272362420851094,0.7227272727272728,0.17598600620550856,0.03935166729642169
vicsek,rho_1_over_3pi,0.59999999999999998,2250,20,0.8419776406605264,0.1450689396494096,0.03243840104798943,0.740909090909091,0.16583123951777,0.03708099243547832
vicsek,rho_1_over_3pi,0.59999999999999998,2300,20,0.8639774449647881,0.15010025339547242,0.033563437003221994,0.7181818181818181,0.19476622986935047,0.04355105297092176
vicsek,rho_1_over_3pi,0.59999999999999998,2350,20,0.858699843023838,0.1769092321638205,0.03955810689655949,0.759090909090909,0.17785452315012593,0.039769480386949156
vicsek,rho_1_over_3pi,0.59999999999999998,2400,20,0.842618396411017,0.12630719025029485,0.028243146344665796,0.740909090909091,0.1801629198418765,0.040285653579128146
vicsek,rho_1_over_3pi,0.59999999999999998,2450,20,0.8460694863183026,0.16492593561314847,0.036878560328375345,0.7818181818181819,0.18719327529067276,0.0418576888480776
vicsek,rho_1_over_3pi,0.59999999999999998,2500,20,0.8503570323171461,0.13327004777654464,0.02980008861929985,0.7863636363636364,0.18691713813592808,0.04179594270316535
vicsek,rho_1_over_3pi,0.59999999999999998,2550,20,0.8888033046978293,0.10482525558238932,0.023439639724101183,0.8545454545454545,0.15320272314866107,0.03425717032984867
vicsek,rho_1_over_3pi,0.59999999999999998,2600,20,0.8828836566268979,0.12052834946777033,0.026950958262578505,0.8454545454545455,0.165394594533275,0.0369833556487418
vicsek,rho_1_over_3pi,0.59999999999999998,2650,20,0.8854790623548284,0.1430770379279602,0.03199299828262347,0.8318181818181818,0.2137330535547045,0.04779216367869223
vicsek,rho_1_over_3pi,0.59999999999999998,2700,20,0.8644129326935065,0.16813668222582737,0.03759650509682306,0.8181818181818181,0.22081741457256582,0.04937627496000098
vicsek,rho_1_over_3pi,0.59999999999999998,2750,20,0.8915439056880718,0.1460953482482495,0.03266791298795907,0.8272727272727274,0.18829377433825437,0.04210376791603422
vicsek,rho_1_over_3pi,0.59999999999999998,2800,20,0.9125497831926666,0.08755462948788027,0.019577810327970787,0.8681818181818182,0.1712255291076124,0.038287192256799024
vicsek,rho_1_over_3pi,0.59999999999999998,2850,20,0.9037251393987924,0.103935947049671,0.023240784290888307,0.8590909090909091,0.16879495116024673,0.037743698505306865
vicsek,rho_1_over_3pi,0.59999999999999998,2900,20,0.9146954848742428,0.10260097285937683,0.022942274987117754,0.8681818181818182,0.1663288587593817,0.03719226348059388
vicsek,rho_1_over_3pi,0.59999999999999998,2950,20,0.9076926372380859,0.09536210765649951,0.021323615519758605,0.8727272727272727,0.13906416855253048,0.03109569341179467
vicsek,rho_1_over_3pi,0.59999999999999998,3000,20,0.8818632911453017,0.12336263896495492,0.02758472466094035,0.8136363636363637,0.18735876223204498,0.04189469285310728
vicsek,rho_1_over_3pi,0.80000000000000004,0,20,0.24370196134861147,0.13550097595098454,0.030298939324396562,0.21363636363636362,0.07753964595105445,0.017338391929782405
vicsek,rho_1_over_3pi,0.80000000000000004,50,20,0.4634203675363132,0.22183842955538602,0.049604580850764156,0.2590909090909091,0.08755163765571919,0.019577141333961844
vicsek,rho_1_over_3pi,0.80000000000000004,100,20,0.4976478341350137,0.2031895984817342,0.04543457545260457,0.3136363636363636,0.07859825666268447,0.01757510448107382
vicsek,rho_1_over_3pi,0.80000000000000004,150,20,0.44747164877350654,0.1606588969935926,0.03592442148678096,0.34545454545454546,0.1425853376487102,0.031883050757727606
vicsek,rho_1_over_3pi,0.80000000000000004,200,20,0.511846986168193,0.2182600216625036,0.04880442452079347,0.38636363636363635,0.12816247436246986,0.02865800048390566
vicsek,rho_1_over_3pi,0.80000000000000004,250,20,0.4502763872718874,0.19055326456729554,0.042609005290697485,0.40909090909090906,0.13329889362377437,0.029806538746827274
vicsek,rho_1_over_3pi,0.80000000000000004,300,20,0.5372335759026565,0.1849326240379834,0.041352191860634255,0.4818181818181818,0.16031992807771273,0.03584862573296428
vicsek,rho_1_over_3pi,0.80000000000000004,350,20,0.5749629886207925,0.2750388349243995,0.061500553134330053,0.48636363636363633,0.16830462346885108,0.037634057900385744
vicsek,rho_1_over_3pi,0.80000000000000004,400,20,0.5635633697639613,0.22054762604898243,0.0493159484121728,0.5,0.1712858516492434,0.03830068078716527
vicsek,rho_1_over_3pi,0.80000000000000004,450,20,0.5738405101420574,0.2335128115942691,0.05221505203418867,0.509090909090909,0.16363636363636364,0.03659020326817838
vicsek,rho_1_over_3pi,0.80000000000000004,500,20,0.5887897493916079,0.21255500178991618,0.0475287432959842,0.5363636363636364,0.15980359846588132,0.03573317092187917
vicsek,rho_1_over_3pi,0.80000000000000004,550,20,0.5577898597802087,0.20568994142559158,0.04599366913155727,0.5636363636363637,0.1641406371387981,0.03670296225124791
vicsek,rho_1_over_3pi,0.80000000000000004,600,20,0.6105982123897311,0.2209455703674453,0.04940493146690709,0.5454545454545454,0.17721444263289027,0.03962635403218794
vicsek,rho_1_over_3pi,0.80000000000000004,650,20,0.5900428585971964,0.25579351960554164,0.05719716980419163,0.5409090909090909,0.20625547826433505,0.04612012701307835
vicsek,rho_1_over_3pi,0.80000000000000004,700,20,0.5079565666757311,0.25002723549846145,0.05590778948009083,0.5363636363636364,0.22063020180930176,0.04933441291350958
vicsek,rho_1_over_3pi,0.80000000000000004,750,20,0.5513729648089082,0.26672095538590146,0.05964061872665643,0.55,0.1828945412611883,0.04089646269736571
vicsek,rho_1_over_3pi,0.80000000000000004,800,20,0.5910350177811765,0.2294372755121504,0.05130373446175161,0.6,0.2178027009220171,0.04870216449446863
vicsek,rho_1_over_3pi,0.80000000000000004,850,20,0.625009760381656,0.2272279691756707,0.05080971854660265,0.6181818181818182,0.21436047495548358,0.04793245936896025
vicsek,rho_1_over_3pi,0.80000000000000004,900,20,0.650151645748573,0.24368333959784094,0.05448925123249386,0.6,0.2,0.044721359549995794
vicsek,rho_1_over_3pi,0.80000000000000004,950,20,0.6098728936591965,0.2806341467837799,0.06275170290161858,0.5772727272727273,0.226863267517596,0.05072816877670646
vicsek,rho_1_over_3pi,0.80000000000000004,1000,20,0.61242016348031,0.22268899437826117,0.04979477292708605,0.5863636363636363,0.2254013866948625,0.05040128228724292
vicsek,rho_1_over_3pi,0.80000000000000004,1050,20,0.6861320342294948,0.21449388663550065,0.04796229112751131,0.5954545454545455,0.18955144965448223,0.042384992666105126
vicsek,rho_1_over_3pi,0.80000000000000004,1100,20,0.7107433011626292,0.1877700882197373,0.04198666814004651,0.6227272727272728,0.19766195368326273,0.044198556500119036
vicsek,rho_1_over_3pi,0.80000000000000004,1150,20,0.7162764530384418,0.1505976685786661,0.033674662419488154,0.65,0.16830462346885108,0.037634057900385744
vicsek,rho_1_over_3pi,0.80000000000000004,1200,20,0.614827618980449,0.20695626812461154,0.04627682838963043,0.6636363636363637,0.14112886087509113,0.03155737265038142
vicsek,rho_1_over_3pi,0.80000000000000004,1250,20,0.7023794105175636,0.2064212546488444,0.04615719573956105,0.6909090909090909,0.17104443383842527,0.038246698123568415
vicsek,rho_1_over_3pi,0.80000000000000004,1300,20,0.7618635485474049,0.19564197713533232,0.043746876012706264,0.6727272727272727,0.12331509060227762,0.027574092523823823
vicsek,rho_1_over_3pi,0.80000000000000004,1350,20,0.8240615223465945,0.17954479276080074,0.04014743616192626,0.6954545454545454,0.1891149460246793,0.04228738748723865
vicsek,rho_1_over_3pi,0.80000000000000004,1400,20,0.7555898476790042,0.23794043595890113,0.053205098940003824,0.6727272727272727,0.18497263590341642,0.04136113878573573
vicsek,rho_1_over_3pi,0.80000000000000004,1450,20,0.7344052301441151,0.20199114992817815,0.04516659420927581,0.6681818181818182,0.1891149460246793,0.04228738748723865
vicsek,rho_1_over_3pi,0.80000000000000004,1500,20,0.7219058202130707,0.21459727509514978,0.047985409489897754,0.6727272727272727,0.20810042076835633,0.04653266869843538
vicsek,rho_1_over_3pi,0.80000000000000004,1550,20,0.7624205344605686,0.20993007495287186,0.04694179181162474,0.6863636363636363,0.21983276889715905,0.04915610149360491
vicsek,rho_1_over_3pi,0.80000000000000004,1600,20,0.7686601958959363,0.20980370570229412,0.04691353478816899,0.7181818181818181,0.20103040352269075,0.04495176478209497
vicsek,rho_1_over_3pi,0.80000000000000004,1650,20,0.7773648756294618,0.19110244252818984,0.04273180521592792,0.6863636363636363,0.23961918823813094,0.05358047936137788
vicsek,rho_1_over_3pi,0.80000000000000004,1700,20,0.8057792647150107,0.21257784507089672,0.04753385120889436,0.7045454545454545,0.22058337379183507,0.04932394185047887
vicsek,rho_1_over_3pi,0.80000000000000004,1750,20,0.7826846654170723,0.24722376296936685,0.055280913965279954,0.7363636363636363,0.23688753128718879,0.052969662298026236
vicsek,rho_1_over_3pi,0.80000000000000004,1800,20,0.756038235814714,0.23409898038656846,0.0523461233607757,0.6954545454545454,0.23403573930647276,0.05233198222536926
vicsek,rho_1_over_3pi,0.80000000000000004,1850,20,0.7738664830812529,0.2229659109520991,0.049856693355405844,0.6681818181818182,0.23047740607431308,0.0515363147259987
vicsek,rho_1_over_3pi,0.80000000000000004,1900,20,0.7870545052684532,0.2333925643815331,0.05218816394001042,0.7,0.21339444716919095,0.04771644898912985
vicsek,rho_1_over_3pi,0.80000000000000004,1950,20,0.7337163045024339,0.2571384641375639,0.05749790854414847,0.7363636363636363,0.2149380075915798,0.048061599592313826
vicsek,rho_1_over_3pi,0.80000000000000004,2000,20,0.7284920113085268,0.23436725762779226,0.05240611197559496,0.759090909090909,0.20383715749798784,0.045579374050583175
vicsek,rho_1_over_3pi,0.80000000000000004,2050,20,0.7887711992778407,0.24783604946811344,0.05541782538857022,0.7909090909090909,0.2094857931236893,0.04684244737450273
vicsek,rho_1_over_3pi,0.80000000000000004,2100,20,0.7671928569685588,0.21456065913989913,0.0479772219133976,0.75,0.20302464940115722,0.04539769171690495
vicsek,rho_1_over_3pi,0.80000000000000004,2150,20,0.817058777326064,0.20213391953479767,0.045198518463828025,0.7272727272727273,0.19284730395996752,0.043121968093205176
vicsek,rho_1_over_3pi,0.80000000000000004,2200,20,0.8540619360608599,0.10953551192018103,0.024492885060376328,0.7545454545454545,0.19519009594167172,0.04364583230602838
vicsek,rho_1_over_3pi,0.80000000000000004,2250,20,0.7954628383715382,0.1972505896709851,0.044106572710624056,0.7772727272727272,0.18514010776742093,0.041398586632959
vicsek,rho_1_over_3pi,0.80000000000000004,2300,20,0.801098275414801,0.18778296634453187,0.041989547776292845,0.7818181818181819,0.18272501129310711,0.040858554644080426
vicsek,rho_1_over_3pi,0.80000000000000004,2350,20,0.8076697127205408,0.16724365675707484,0.037396818531446135,0.75,0.18153386861559873,0.04059220704429944
vicsek,rho_1_over_3pi,0.80000000000000004,2400,20,0.7816532903310187,0.17346528579618956,0.03878801707767086,0.7636363636363637,0.18719327529067276,0.0418576888480776
vicsek,rho_1_over_3pi,0.80000000000000004,2450,20,0.7602267815079631,0.2277359991343434,0.05092331749882251,0.7863636363636364,0.1801629198418765,0.040285653579128146
vicsek,rho_1_over_3pi,0.80000000000000004,2500,20,0.7355965174754531,0.2560704906311815,0.05725910240830448,0.7227272727272728,0.17598600620550856,0.03935166729642169
vicsek,rho_1_over_3pi,0.80000000000000004,2550,20,0.6545274967100363,0.26866436317782016,0.06007517791972973,0.6636363636363637,0.2014410891469122,0.04504359687940908
vicsek,rho_1_over_3pi,0.80000000000000004,2600,20,0.6814870359043843,0.25920678253109475,0.057960398596853285,0.6681818181818182,0.19766195368326273,0.044198556500119036
vicsek,rho_1_over_3pi,0.80000000000000004,2650,20,0.7406733513538281,0.17016141065733648,0.03804924813770615,0.6818181818181819,0.18960594195103828,0.04239717751404007
vicsek,rho_1_over_3pi,0.80000000000000004,2700,20,0.7424849790240018,0.18092325629421596,0.04045566997844836,0.6590909090909091,0.16977135815439182,0.03796202974656833
vicsek,rho_1_over_3pi,0.80000000000000004,2750,20,0.7473877415451456,0.1684681774601345,0.03767062968463586,0.7,0.15507929190210892,0.03467678385956482
vicsek,rho_1_over_3pi,0.80000000000000004,2800,20,0.72936506579169,0.20439055216287666,0.04570311685949088,0.6772727272727272,0.16879495116024676,0.03774369850530687
vicsek,rho_1_over_3pi,0.80000000000000004,2850,20,0.719572274163819,0.24101845279916412,0.05389336442907554,0.7136363636363636,0.16583123951777,0.03708099243547832
vicsek,rho_1_over_3pi,0.80000000000000004,2900,20,0.7413363605732777,0.21776297471821746,0.04869328144525023,0.7454545454545454,0.1590259607685082,0.0355592858465599
vicsek,rho_1_over_3pi,0.80000000000000004,2950,20,0.7403364508165542,0.2158792361089672,0.048272064687037784,0.740909090909091,0.17551576887552567,0.03924651903288172
vicsek,rho_1_over_3pi,0.80000000000000004,3000,20,0.8063940214348161,0.18318406856524558,0.040961202970687144,0.7363636363636363,0.19047569854324511,0.04259166100044537
vicsek,rho_1_over_3pi,1.2,0,20,0.30314901983883935,0.09255009646393936,0.020694830701753132,0.2,0.04635472285084349,0.010365231137264888
vicsek,rho_1_over_3pi,1.2,50,20,0.42950937176800635,0.15043249271028428,0.033637727972493724,0.2590909090909091,0.09653072991634228,0.02158492740106139
vicsek,rho_1_over_3pi,1.2,100,20,0.48713492457133595,0.22305601031561706,0.049876840185561405,0.30454545454545456,0.08755163765571919,0.019577141333961844
vicsek,rho_1_over_3pi,1.2,150,20,0.34849495792575313,0.15899930928484104,0.0355533263936418,0.3090909090909091,0.09706434774573919,0.021704247975115127
vicsek,rho_1_over_3pi,1.2,200,20,0.4541955433617053,0.16313913884691908,0.03647902042524877,0.3727272727272727,0.14910199515324296,0.03334021967434954
vicsek,rho_1_over_3pi,1.2,250,20,0.43323386600977,0.1666106390258319,0.03725527146364394,0.38636363636363635,0.16230519155779205,0.036292544142434796
vicsek,rho_1_over_3pi,1.2,300,20,0.5642461501841269,0.19747893211468134,0.04415763163324938,0.4045454545454545,0.1534048820971473,0.03430237444495619
vicsek,rho_1_over_3pi,1.2,350,20,0.5070284362168015,0.19763761686886588,0.04419311462298432,0.40909090909090906,0.16134763044817135,0.0360784269690626
vicsek,rho_1_over_3pi,1.2,400,20,0.4570212003428483,0.2039557062417891,0.04560588235556186,0.44545454545454544,0.1673813876320179,0.03742761609134346
vicsek,rho_1_over_3pi,1.2,450,20,0.5104616479314845,0.21721532471709418,0.04857082318221128,0.4590909090909091,0.1895514496544822,0.04238499266610512
vicsek,rho_1_over_3pi,1.2,500,20,0.5155478603405407,0.2063773639691436,0.046147381485222086,0.4545454545454546,0.17486712783337588,0.039101478486557394
vicsek,rho_1_over_3pi,1.2,550,20,0.46623652568261065,0.23046352775914758,0.051533211440386376,0.43636363636363634,0.1425853376487102,0.031883050757727606
vicsek,rho_1_over_3pi,1.2,600,20,0.516085913550831,0.2446019441514032,0.05469465745511447,0.509090909090909,0.15320272314866107,0.03425717032984867
vicsek,rho_1_over_3pi,1.2,650,20,0.5560846933738921,0.1965073733543192,0.04394038449001886,0.5318181818181819,0.15286519746182034,0.034181697291855856
vicsek,rho_1_over_3pi,1.2,700,20,0.5605238721639515,0.16309281116805074,0.03646866124132983,0.5181818181818182,0.17031812722904724,0.03808429102846075
vicsek,rho_1_over_3pi,1.2,750,20,0.5802135926076362,0.19859974891107673,0.04440825388795574,0.5181818181818182,0.1751032753114384,0.039154282667923694
vicsek,rho_1_over_3pi,1.2,800,20,0.5523092232749084,0.20217459369055843,0.04520761348154887,0.5045454545454545,0.1506871314022798,0.03369466691499408
vicsek,rho_1_over_3pi,1.2,850,20,0.541448296904206,0.23492853392787422,0.05253161717170924,0.5181818181818182,0.12230567315521555,0.027348379920893316
vicsek,rho_1_over_3pi,1.2,900,20,0.556531339777949,0.23899539781959767,0.05344099558342254,0.55,0.16632885875938172,0.03719226348059389
vicsek,rho_1_over_3pi,1.2,950,20,0.6165140787242456,0.22433038917064468,0.05016179996045442,0.5545454545454546,0.19263291000379174,0.04307402814720776
vicsek,rho_1_over_3pi,1.2,1000,20,0.5517430582745395,0.20514983489255378,0.04587289763926085,0.5363636363636364,0.1673813876320179,0.03742761609134346
vicsek,rho_1_over_3pi,1.2,1050,20,0.575252491099568,0.2142069637101586,0.04789813321097452,0.5590909090909091,0.17074218155448137,0.038179112458243104
vicsek,rho_1_over_3pi,1.2,1100,20,0.520544273308234,0.2077321809198076,0.04645032776509746,0.5590909090909091,0.16830462346885108,0.037634057900385744
vicsek,rho_1_over_3pi,1.2,1150,20,0.6596805165057914,0.19531019293910845,0.043672686811044595,0.5954545454545455,0.19598237397554635,0.043822991060110734
vicsek,rho_1_over_3pi,1.2,1200,20,0.6299872761346894,0.2551458794018255,0.05705235305214451,0.6409090909090909,0.21604062978756627,0.048308153410686415
vicsek,rho_1_over_3pi,1.2,1250,20,0.6417025488072631,0.22119882244172515,0.04946156035226034,0.6181818181818182,0.2162795864249149,0.04836158573916504
vicsek,rho_1_over_3pi,1.2,1300,20,0.6497589741741275,0.19817120752133688,0.044312429120092686,0.6090909090909091,0.2094857931236893,0.04684244737450273
vicsek,rho_1_over_3pi,1.2,1350,20,0.6794938768484646,0.20103482083889487,0.04495275252402602,0.6363636363636364,0.21704247975115132,0.048532173872869594
vicsek,rho_1_over_3pi,1.2,1400,20,0.6420384488487482,0.17412865762901875,0.03893635152892733,0.6090909090909091,0.2301634345667666,0.051466108562611496
vicsek,rho_1_over_3pi,1.2,1450,20,0.6203036205540913,0.2275575482069193,0.050883414658385695,0.6136363636363636,0.21488993915586935,0.04805085116333176
vicsek,rho_1_over_3pi,1.2,1500,20,0.6302188697222275,0.23887925779415062,0.05341502588424172,0.6272727272727272,0.2243447759864194,0.050165016950259614
vicsek,rho_1_over_3pi,1.2,1550,20,0.7052044936395161,0.22881753618643444,0.05116515653568854,0.6681818181818182,0.1934356620995747,0.043253528972732866
vicsek,rho_1_over_3pi,1.2,1600,20,0.6988634521100817,0.21581770328808997,0.0482583055300049,0.6636363636363637,0.17272727272727276,0.038622992338632735
vicsek,rho_1_over_3pi,1.2,1650,20,0.6708553438365977,0.24098361513704947,0.05388557449100899,0.6909090909090909,0.20205555246266246,0.04518099505377883
vicsek,rho_1_over_3pi,1.2,1700,20,0.6136575332062566,0.2839710782407758,0.0634978634590286,0.6545454545454545,0.2104697618689132,0.04706246947470831
vicsek,rho_1_over_3pi,1.2,1750,20,0.7306239040188542,0.16293536102125647,0.0364334543181999,0.6681818181818182,0.19343566209957466,0.04325352897273286
vicsek,rho_1_over_3pi,1.2,1800,20,0.6259378125877741,0.27499877803718975,0.06149159614205325,0.6636363636363637,0.21339444716919095,0.04771644898912985
vicsek,rho_1_over_3pi,1.2,1850,20,0.7121758393588636,0.20479651851527242,0.04579389369554434,0.6727272727272727,0.21397458719890583,0.04784617224342097
vicsek,rho_1_over_3pi,1.2,1900,20,0.7146577212041951,0.18095159678949055,0.040462007105843356,0.6727272727272727,0.2178027009220171,0.04870216449446863
vicsek,rho_1_over_3pi,1.2,1950,20,0.7608777918977135,0.15027350848746135,0.033602178019535515,0.7090909090909091,0.18982375470746457,0.042445881927013644
vicsek,rho_1_over_3pi,1.2,2000,20,0.7095091055188161,0.19826839298877122,0.04433416045125351,0.7227272727272728,0.18955144965448223,0.042384992666105126
vicsek,rho_1_over_3pi,1.2,2050,20,0.7891530089520036,0.13853508400246,0.03097738650981442,0.7181818181818181,0.19263291000379174,0.04307402814720776
vicsek,rho_1_over_3pi,1.2,2100,20,0.7429223381722363,0.16269088282871577,0.03637878733244617,0.7,0.17976109030259263,0.040195801762607536
vicsek,rho_1_over_3pi,1.2,2150,20,0.6823701742989989,0.21818909455532398,0.048788564737483366,0.6636363636363637,0.2094857931236893,0.04684244737450273
vicsek,rho_1_over_3pi,1.2,2200,20,0.7270774834225706,0.21551272369935182,0.04819011002078806,0.65,0.20785206118497593,0.046477133807305164
vicsek,rho_1_over_3pi,1.2,2250,20,0.6708612647526827,0.2392248806332363,0.05349230950051893,0.65,0.2286774768746412,0.05113383832148339
vicsek,rho_1_over_3pi,1.2,2300,20,0.6684040585024136,0.2547087965376141,0.05695461835252681,0.6454545454545454,0.2149380075915798,0.048061599592313826
vicsek,rho_1_over_3pi,1.2,2350,20,0.7029928979397337,0.17781882477015826,0.03976149798651973,0.6,0.23070140982635493,0.051586403487676756
vicsek,rho_1_over_3pi,1.2,2400,20,0.6331478796484356,0.26277376309570766,0.058757999698542784,0.5909090909090909,0.20020650495950218,0.04476753546270956
vicsek,rho_1_over_3pi,1.2,2450,20,0.5666815570842568,0.22076709463844085,0.049365023080668306,0.5818181818181818,0.17104443383842527,0.038246698123568415
vicsek,rho_1_over_3pi,1.2,2500,20,0.5849052161707962,0.26164317177264296,0.05850519179322838,0.5954545454545455,0.17598600620550856,0.03935166729642169
vicsek,rho_1_over_3pi,1.2,2550,20,0.6916205599610972,0.17237310046363966,0.03854379701290988,0.6454545454545454,0.18829377433825437,0.04210376791603422
vicsek,rho_1_over_3pi,1.2,2600,20,0.6983231066239155,0.1779783336563561,0.03979716525777509,0.65,0.1934356620995747,0.043253528972732866
vicsek,rho_1_over_3pi,1.2,2650,20,0.7322118427497711,0.18797927531058548,0.0420334437955617,0.65,0.1934356620995747,0.043253528972732866
vicsek,rho_1_over_3pi,1.2,2700,20,0.6612903314209401,0.17550142261899693,0.03924331111239963,0.6818181818181819,0.2002065049595022,0.04476753546270957
vicsek,rho_1_over_3pi,1.2,2750,20,0.7608543663330971,0.19417713247038795,0.043419326787976914,0.6954545454545455,0.19343566209957466,0.04325352897273286
vicsek,rho_1_over_3pi,1.2,2800,20,0.7191501126448684,0.1868872511274847,0.041789259764912996,0.6954545454545455,0.20585439771316824,0.04603044267539214
vicsek,rho_1_over_3pi,1.2,2850,20,0.7232770701482398,0.1953983379085814,0.04369239662540621,0.6681818181818182,0.20383715749798786,0.04557937405058318
vicsek,rho_1_over_3pi,1.2,2900,20,0.6966577968393453,0.18566298004338325,0.04151550442821918,0.6863636363636363,0.19386243738305567,0.04334895882723089
vicsek,rho_1_over_3pi,1.2,2950,20,0.6335167217502881,0.21468010320458492,0.04800393041821223,0.6409090909090909,0.1828945412611883,0.04089646269736571
vicsek,rho_1_over_3pi,1.2,3000,20,0.6810757867087891,0.20244119614216854,0.0452672276020257,0.6636363636363637,0.18873217720024268,0.042201797776127856
vicsek,rho_1_over_3pi,1.3999999999999999,0,20,0.262436541053506,0.14257909474303154,0.031881654801580145,0.19090909090909092,0.05677270907634907,0.01269476367615358
vicsek,rho_1_over_3pi,1.3999999999999999,50,20,0.3654403077955378,0.18516340499222322,0.0414037960507935,0.24545454545454545,0.07660136157433053,0.017128585164924336
vicsek,rho_1_over_3pi,1.3999999999999999,100,20,0.3548627383942399,0.18170664287473068,0.04063084054311756,0.2590909090909091,0.0826972972666375,0.0184916778243709
vicsek,rho_1_over_3pi,1.3999999999999999,150,20,0.44252900146353247,0.16916569589123112,0.037826599547384966,0.30454545454545456,0.11235642813007522,0.025123661100791776
vicsek,rho_1_over_3pi,1.3999999999999999,200,20,0.3484652593542062,0.1978995403015799,0.04425168248302919,0.3,0.09577867048047944,0.021416761798890446
vicsek,rho_1_over_3pi,1.3999999999999999,250,20,0.3946432443625517,0.16815175907165916,0.03759987638203968,0.32727272727272727,0.12662171161076471,0.02831347545890443
vicsek,rho_1_over_3pi,1.3999999999999999,300,20,0.43549824219105604,0.20637909973122334,0.046147769613422394,0.3727272727272727,0.13453316897226128,0.030082531105044174
vicsek,rho_1_over_3pi,1.3999999999999999,350,20,0.4357909081029191,0.23694370944117205,0.05298222411514194,0.36363636363636365,0.14937887931959076,0.03340213285613425
vicsek,rho_1_over_3pi,1.3999999999999999,400,20,0.43870855287892274,0.23315488333250903,0.052135016841752285,0.36818181818181817,0.14222261679238196,0.031801943908566915
vicsek,rho_1_over_3pi,1.3999999999999999,450,20,0.43179740065623545,0.2197488931722345,0.04913734631134557,0.3818181818181818,0.15102952478032863,0.03377122840183038
vicsek,rho_1_over_3pi,1.3999999999999999,500,20,0.5232907569138084,0.18067538756074575,0.04040024484469474,0.42727272727272725,0.14686813110366828,0.032840712487615345
vicsek,rho_1_over_3pi,1.3999999999999999,550,20,0.5559698823351396,0.17119738487290595,0.03828089901460119,0.43636363636363634,0.16663911618021238,0.037261639148943995
vicsek,rho_1_over_3pi,1.3999999999999999,600,20,0.5189990575560991,0.2102948482074364,0.04702335759098276,0.4318181818181818,0.15447859516333118,0.03454246398538787
vicsek,rho_1_over_3pi,1.3999999999999999,650,20,0.510153992143995,0.20955054015944302,0.04685692525183142,0.4818181818181818,0.18652985935166538,0.04170934453437986
vicsek,rho_1_over_3pi,1.3999999999999999,700,20,0.48768547870735846,0.2341454453231811,0.05235651323645931,0.4636363636363637,0.15454545454545454,0.03455741419772402
vicsek,rho_1_over_3pi,1.3999999999999999,750,20,0.5102845167535419,0.19438230231871534,0.04346520416075625,0.4590909090909091,0.17598600620550853,0.039351667296421686
vicsek,rho_1_over_3pi,1.3999999999999999,800,20,0.5147879284753427,0.21859861722157678,0.048880136789490186,0.4545454545454545,0.20327890704543541,0.04545454545454545
vicsek,rho_1_over_3pi,1.3999999999999999,850,20,0.46600737451547875,0.2786244373305194,0.062302318206367134,0.44545454545454544,0.21874926210029028,0.04891382200841674
vicsek,rho_1_over_3pi,1.3999999999999999,900,20,0.4434352962335816,0.2392038191535504,0.05348760001049049,0.4954545454545454,0.22722726818090888,0.05080956179940872
vicsek,rho_1_over_3pi,1.3999999999999999,950,20,0.42197748984166533,0.22040272417929577,0.04928354736910419,0.48636363636363633,0.22503443262702844,0.05031922886321322
vicsek,rho_1_over_3pi,1.3999999999999999,1000,20,0.4449902939158707,0.19098385380984617,0.04270528797236982,0.4818181818181818,0.18204531267727989,0.040706569413160205
vicsek,rho_1_over_3pi,1.3999999999999999,1050,20,0.5247341424411374,0.18548585032474557,0.041475897019048254,0.5136363636363637,0.182442111276268,0.040795296277231614
vicsek,rho_1_over_3pi,1.3999999999999999,1100,20,0.5471887218513373,0.23999165131127775,0.05366376463644436,0.5136363636363637,0.15554489665698795,0.034780896247820485
vicsek,rho_1_over_3pi,1.3999999999999999,1150,20,0.5954754637417228,0.1988001160759596,0.04445305734806944,0.48636363636363633,0.16077035621661268,0.03594934452672018
vicsek,rho_1_over_3pi,1.3999999999999999,1200,20,0.5362997934527506,0.18468046218381787,0.041295806755909596,0.5045454545454545,0.15870082045541903,0.035486582262330604
vicsek,rho_1_over_3pi,1.3999999999999999,1250,20,0.4627873385167547,0.21585675583683928,0.04826703794537471,0.5,0.13936099742505356,0.03116206636545929
vicsek,rho_1_over_3pi,1.3999999999999999,1300,20,0.5793954901410261,0.19234184238057464,0.043008943448051486,0.5590909090909091,0.16332040202928802,0.03651955210500826
vicsek,rho_1_over_3pi,1.3999999999999999,1350,20,0.5349585456964906,0.23276732612681333,0.05204835641604174,0.5227272727272727,0.16731965744823601,0.03741381280262347
vicsek,rho_1_over_3pi,1.3999999999999999,1400,20,0.6054875587051285,0.20516526706221216,0.045876348377300494,0.5136363636363637,0.12289550758723432,0.02748027090943971
vicsek,rho_1_over_3pi,1.3999999999999999,1450,20,0.4815812942609911,0.22880997608722908,0.051163466046114554,0.5136363636363637,0.14164033137166257,0.03167174093026335
vicsek,rho_1_over_3pi,1.3999999999999999,1500,20,0.5273761581020566,0.20761766956690245,0.046424722248168314,0.4954545454545454,0.13628785773240865,0.030474891439748606
vicsek,rho_1_over_3pi,1.3999999999999999,1550,20,0.5918427405991875,0.19353763761113799,0.04327633139032245,0.5318181818181819,0.16830462346885108,0.037634057900385744
vicsek,rho_1_over_3pi,1.3999999999999999,1600,20,0.5532637422907242,0.2244892684693624,0.050197326451669445,0.5545454545454545,0.16489415588379142,0.03687145416486045
vicsek,rho_1_over_3pi,1.3999999999999999,1650,20,0.560143398028713,0.25459288645157474,0.056928700069360634,0.55,0.19386243738305567,0.04334895882723089
vicsek,rho_1_over_3pi,1.3999999999999999,1700,20,0.5474300637688649,0.21453441106561066,0.04797135266555885,0.5772727272727273,0.16830462346885108,0.037634057900385744
vicsek,rho_1_over_3pi,1.3999999999999999,1750,20,0.583820582181233,0.23463846412037556,0.05246675559093051,0.5636363636363637,0.20449494325821804,0.045726459418033785
vicsek,rho_1_over_3pi,1.3999999999999999,1800,20,0.6060393704949678,0.22710201858024703,0.050781555137285266,0.5863636363636363,0.19386243738305567,0.04334895882723089
vicsek,rho_1_over_3pi,1.3999999999999999,1850,20,0.5387739270081794,0.2367368068212598,0.05293595928285728,0.5772727272727273,0.19766195368326273,0.044198556500119036
vicsek,rho_1_over_3pi,1.3999999999999999,1900,20,0.582414936991732,0.23351541168267706,0.05221563343163144,0.5409090909090909,0.17362208413440253,0.03882307825197118
vicsek,rho_1_over_3pi,1.3999999999999999,1950,20,0.533021456867439,0.19793018320476777,0.04425853444448479,0.5045454545454545,0.13928684950949602,0.03114548638750163
vicsek,rho_1_over_3pi,1.3999999999999999,2000,20,0.5395561937619151,0.21376640806310535,0.04779962197350627,0.4818181818181818,0.12563886328259322,0.028093703891568077
vicsek,rho_1_over_3pi,1.3999999999999999,2050,20,0.5929461833833528,0.21981755938910158,0.04915270054421283,0.5272727272727272,0.16663911618021238,0.037261639148943995
vicsek,rho_1_over_3pi,1.3999999999999999,2100,20,0.5869706900552761,0.2174889787494244,0.048632014084072014,0.5136363636363637,0.13259956496195294,0.029650164104182607
vicsek,rho_1_over_3pi,1.3999999999999999,2150,20,0.5521677398618403,0.20233794396204333,0.0452441397126672,0.5454545454545454,0.17721444263289027,0.03962635403218794
vicsek,rho_1_over_3pi,1.3999999999999999,2200,20,0.6431236617590335,0.2234417407677727,0.04996309213676258,0.5363636363636364,0.14054204394309372,0.03142615639535201
vicsek,rho_1_over_3pi,1.3999999999999999,2250,20,0.6284285303875315,0.16234261136153033,0.03630091146492115,0.509090909090909,0.1390641685525305,0.031095693411794675
vicsek,rho_1_over_3pi,1.3999999999999999,2300,20,0.5848263585470076,0.22927924427260588,0.0512683976023326,0.5454545454545454,0.18630819574472,0.041659779045053094
vicsek,rho_1_over_3pi,1.3999999999999999,2350,20,0.5207236285224613,0.252258126459161,0.056406631863942236,0.55,0.18289454126118826,0.0408964626973657
vicsek,rho_1_over_3pi,1.3999999999999999,2400,20,0.5392205455150634,0.20770442817751564,0.04644412206326477,0.4909090909090909,0.16363636363636364,0.03659020326817838
vicsek,rho_1_over_3pi,1.3999999999999999,2450,20,0.6203011726500716,0.26122138413327045,0.05841087720985777,0.5045454545454545,0.13628785773240865,0.030474891439748606
vicsek,rho_1_over_3pi,1.3999999999999999,2500,20,0.5970267012608063,0.21966385142164796,0.04911833039782186,0.5681818181818181,0.19257927422104418,0.04306203482158276
vicsek,rho_1_over_3pi,1.3999999999999999,2550,20,0.6313752658111277,0.17898879489225658,0.040023111258985285,0.5590909090909091,0.1912875037500074,0.042773186163126246
vicsek,rho_1_over_3pi,1.3999999999999999,2600,20,0.6247815932852119,0.21038170734612105,0.047042779884839354,0.5227272727272727,0.15178007142785455,0.03393905573424563
vicsek,rho_1_over_3pi,1.3999999999999999,2650,20,0.5568382694827495,0.1645449796771932,0.036793375991452534,0.5363636363636364,0.15184811898627332,0.03395427163087836
vicsek,rho_1_over_3pi,1.3999999999999999,2700,20,0.5386162320793489,0.18962150653695428,0.04240065786125505,0.55,0.1712255291076124,0.038287192256799024
vicsek,rho_1_over_3pi,1.3999999999999999,2750,20,0.5917766902172963,0.24190725389102882,0.05409210639506409,0.5954545454545455,0.22722726818090888,0.05080956179940872
vicsek,rho_1_over_3pi,1.3999999999999999,2800,20,0.6359104691751207,0.23744160562907182,0.05309355708733013,0.6227272727272728,0.24099483894202842,0.0538880842100989
vicsek,rho_1_over_3pi,1.3999999999999999,2850,20,0.5873114277540383,0.21856420471988286,0.04887244192018384,0.6272727272727272,0.2279988400724446,0.050982090519308916
vicsek,rho_1_over_3pi,1.3999999999999999,2900,20,0.6073404939690279,0.2168408590099786,0.04848709010457599,0.65,0.21179086831312263,0.04735787785618484
vicsek,rho_1_over_3pi,1.3999999999999999,2950,20,0.5706302785698996,0.27573114560302053,0.061655358508224616,0.6363636363636364,0.21125363706585912,0.047237749297333015
vicsek,rho_1_over_3pi,1.3999999999999999,3000,20,0.6017727265775222,0.20052126296216108,0.0448379174917503,0.6363636363636364,0.22081741457256582,0.04937627496000098
vicsek,rho_1_over_3pi,1.6000000000000001,0,20,0.2360191510064872,0.1214347072332403,0.02715362602013107,0.2,0.07385489458759963,0.016514456476895405
vicsek,rho_1_over_3pi,1.6000000000000001,50,20,0.39077789188348494,0.16644279929573735,0.037217741359062285,0.23181818181818184,0.07315216790650492,0.016357322014042348
vicsek,rho_1_over_3pi,1.6000000000000001,100,20,0.2967399984032904,0.18580456185027472,0.041547163082677835,0.2772727272727272,0.06726658448613065,0.015041265552522089
vicsek,rho_1_over_3pi,1.6000000000000001,150,20,0.4051493705985978,0.14830277603079078,0.033161508845677465,0.30454545454545456,0.09653072991634228,0.02158492740106139
vicsek,rho_1_over_3pi,1.6000000000000001,200,20,0.3695386552007275,0.20658065404235654,0.04619283852750759,0.3181818181818182,0.11318090543626119,0.02530801983104555
vicsek,rho_1_over_3pi,1.6000000000000001,250,20,0.38334718976842763,0.20539668511574413,0.04592809502719231,0.3363636363636363,0.12563886328259322,0.028093703891568077
vicsek,rho_1_over_3pi,1.6000000000000001,300,20,0.41372753429312475,0.19514898983278947,0.043636640700653255,0.35454545454545455,0.13142574813455418,0.02938769068226293
vicsek,rho_1_over_3pi,1.6000000000000001,350,20,0.40032664500602416,0.18587074012247334,0.0415619609942048,0.35454545454545455,0.11818181818181818,0.026426257915906602
vicsek,rho_1_over_3pi,1.6000000000000001,400,20,0.41724288127651177,0.13703365282916882,0.030641656293112784,0.36818181818181817,0.12356615653698351,0.027630232573507513
vicsek,rho_1_over_3pi,1.6000000000000001,450,20,0.3885996894462845,0.13109936884318274,0.029314710054067456,0.34545454545454546,0.13666633071248097,0.03055952057085747
vicsek,rho_1_over_3pi,1.6000000000000001,500,20,0.4950637765142484,0.2065603439198682,0.046188297046056065,0.37727272727272726,0.15013767786285223,0.03357180536853029
vicsek,rho_1_over_3pi,1.6000000000000001,550,20,0.46489786343716866,0.14454814941108948,0.032321948810499226,0.4318181818181818,0.14338009359625004,0.032060763590149734
vicsek,rho_1_over_3pi,1.6000000000000001,600,20,0.5069219996226539,0.18424187415268062,0.04119773549073553,0.45,0.14509899726829426,0.032445122135896225
vicsek,rho_1_over_3pi,1.6000000000000001,650,20,0.41332529327738954,0.23451391213787087,0.052438904920969226,0.4409090909090909,0.11235642813007522,0.025123661100791776
vicsek,rho_1_over_3pi,1.6000000000000001,700,20,0.4612726468757088,0.191050301272898,0.04272014607680145,0.44545454545454544,0.1405420439430937,0.031426156395352005
vicsek,rho_1_over_3pi,1.6000000000000001,750,20,0.5783701687431593,0.21865693850057397,0.04889317782392743,0.4909090909090909,0.16861124537264915,0.03770262064241404
vicsek,rho_1_over_3pi,1.6000000000000001,800,20,0.5077779067898857,0.24044086112620194,0.05376421100467742,0.4590909090909091,0.16879495116024676,0.03774369850530687
vicsek,rho_1_over_3pi,1.6000000000000001,850,20,0.5229719577491838,0.2147288248860023,0.048014824917374965,0.47727272727272724,0.1745714942697411,0.03903537281208561
vicsek,rho_1_over_3pi,1.6000000000000001,900,20,0.4930173965786156,0.2048942184965099,0.04581574007548909,0.4545454545454545,0.18181818181818182,0.040655781409087086
vicsek,rho_1_over_3pi,1.6000000000000001,950,20,0.4592511672807297,0.21903730874177968,0.048978231195522824,0.4590909090909091,0.16879495116024676,0.03774369850530687
vicsek,rho_1_over_3pi,1.6000000000000001,1000,20,0.46876658992319753,0.21011930163563958,0.04698410418420728,0.4727272727272728,0.16663911618021238,0.037261639148943995
vicsek,rho_1_over_3pi,1.6000000000000001,1050,20,0.4881706806464584,0.23306785827600313,0.05211555744754299,0.4545454545454545,0.16762808104168886,0.037482778414706
vicsek,rho_1_over_3pi,1.6000000000000001,1100,20,0.5349017651688125,0.14900317572080965,0.03331812297750766,0.45,0.15607531557626722,0.03489950152382652
vicsek,rho_1_over_3pi,1.6000000000000001,1150,20,0.42346464079268553,0.20818440791305787,0.04655144879491425,0.43636363636363634,0.12727272727272726,0.028459046986360956
vicsek,rho_1_over_3pi,1.6000000000000001,1200,20,0.5015025957809724,0.209195437651786,0.046777521917221246,0.4590909090909091,0.10937463105014512,0.02445691100420837
vicsek,rho_1_over_3pi,1.6000000000000001,1250,20,0.5014519560166578,0.21586650149183872,0.04826921714008111,0.5045454545454546,0.15607531557626725,0.03489950152382653
vicsek,rho_1_over_3pi,1.6000000000000001,1300,20,0.5016614414394424,0.23341876482173196,0.05219402253654292,0.5,0.15075567228888181,0.033709993123162106
vicsek,rho_1_over_3pi,1.6000000000000001,1350,20,0.5564345772101991,0.19300291038832634,0.0431567627483598,0.509090909090909,0.1610913195151759,0.03602111410210718
vicsek,rho_1_over_3pi,1.6000000000000001,1400,20,0.5010994137929559,0.1807084168922962,0.040407630427754554,0.5181818181818182,0.17272727272727273,0.03862299233863273
vicsek,rho_1_over_3pi,1.6000000000000001,1450,20,0.514136895850101,0.23383181510243417,0.05228638338712047,0.48636363636363633,0.13259956496195294,0.029650164104182607
vicsek,rho_1_over_3pi,1.6000000000000001,1500,20,0.5449678037409911,0.17087713636923968,0.03820928927221215,0.46818181818181814,0.12944573514452856,0.028944946318059942
vicsek,rho_1_over_3pi,1.6000000000000001,1550,20,0.526479206120922,0.23296993963295903,0.052093662173331876,0.4545454545454545,0.13483997249264842,0.03015113445777636
vicsek,rho_1_over_3pi,1.6000000000000001,1600,20,0.48426040660428893,0.25973432925784395,0.05807836163108516,0.46818181818181814,0.10861639223044109,0.024287363649804626
vicsek,rho_1_over_3pi,1.6000000000000001,1650,20,0.6050600702052211,0.17612016381933984,0.03938166585084429,0.47727272727272724,0.11454184698503775,0.025612335612692372
vicsek,rho_1_over_3pi,1.6000000000000001,1700,20,0.4728326273148715,0.21340375272525214,0.04771852977472198,0.5045454545454545,0.12017549151274805,0.026872056825195365
vicsek,rho_1_over_3pi,1.6000000000000001,1750,20,0.5248996902331303,0.21873204918530942,0.048909973083617934,0.5045454545454545,0.14509899726829426,0.032445122135896225
vicsek,rho_1_over_3pi,1.6000000000000001,1800,20,0.5644216262651075,0.1958855416841165,0.043801338701505314,0.5318181818181819,0.15013767786285223,0.03357180536853029
vicsek,rho_1_over_3pi,1.6000000000000001,1850,20,0.49755019338367806,0.20395055700202042,0.04560473095054633,0.5545454545454545,0.1405420439430937,0.031426156395352005
vicsek,rho_1_over_3pi,1.6000000000000001,1900,20,0.650499548009223,0.14344362940702654,0.032074970629339915,0.5954545454545455,0.1712255291076124,0.038287192256799024
vicsek,rho_1_over_3pi,1.6000000000000001,1950,20,0.576078018190184,0.19557614448627827,0.043732155384863886,0.6,0.1734434911667174,0.03878314365036644
vicsek,rho_1_over_3pi,1.6000000000000001,2000,20,0.6367481275935473,0.17801047744884177,0.039804352828280355,0.5954545454545455,0.18735876223204498,0.04189469285310728
vicsek,rho_1_over_3pi,1.6000000000000001,2050,20,0.576605222106476,0.24530349786719038,0.054851529634951234,0.5818181818181818,0.197923100518884,0.04425695070777485
vicsek,rho_1_over_3pi,1.6000000000000001,2100,20,0.519488663773686,0.20481367271052536,0.04579772949021283,0.5454545454545454,0.19284730395996752,0.043121968093205176
vicsek,rho_1_over_3pi,1.6000000000000001,2150,20,0.5826678764108636,0.16996356198033155,0.038005007828602014,0.5454545454545454,0.20530163255702208,0.04590684062891853
vicsek,rho_1_over_3pi,1.6000000000000001,2200,20,0.547292003796889,0.2128758854922217,0.047600495073106895,0.5363636363636364,0.17224813928633106,0.03851585484420884
vicsek,rho_1_over_3pi,1.6000000000000001,2250,20,0.5705933341049323,0.16336610027709658,0.03652977054386352,0.5409090909090909,0.16879495116024676,0.03774369850530687
vicsek,rho_1_over_3pi,1.6000000000000001,2300,20,0.4673431933132717,0.20550580488781536,0.04595249494999637,0.5181818181818182,0.17031812722904724,0.03808429102846075
vicsek,rho_1_over_3pi,1.6000000000000001,2350,20,0.5827202386768908,0.20165737809518694,0.0450919605585215,0.55,0.14791945541157256,0.033075795749502535
vicsek,rho_1_over_3pi,1.6000000000000001,2400,20,0.43045072179204136,0.17273279601558458,0.038624227383445196,0.5545454545454545,0.17224813928633106,0.03851585484420884
vicsek,rho_1_over_3pi,1.6000000000000001,2450,20,0.5575090764071318,0.233893876379424,0.05230026071053244,0.5318181818181819,0.17785452315012593,0.039769480386949156
vicsek,rho_1_over_3pi,1.6000000000000001,2500,20,0.49059021494227045,0.21675425120544092,0.04846772401074316,0.5363636363636364,0.15980359846588132,0.03573317092187917
vicsek,rho_1_over_3pi,1.6000000000000001,2550,20,0.5936094585079489,0.17943314793330792,0.04012247161956524,0.5636363636363637,0.16160353486028345,0.036135648935185075
vicsek,rho_1_over_3pi,1.6000000000000001,2600,20,0.5823563550402684,0.22673716290885576,0.05069997092896454,0.5636363636363636,0.15102952478032863,0.03377122840183038
vicsek,rho_1_over_3pi,1.6000000000000001,2650,20,0.540221665814152,0.22887321350502798,0.05117760636260654,0.5590909090909091,0.15554489665698795,0.034780896247820485
vicsek,rho_1_over_3pi,1.6000000000000001,2700,20,0.5192382214237389,0.24989334979055938,0.05587785172568236,0.5545454545454545,0.14630433581300983,0.032714644028084695
vicsek,rho_1_over_3pi,1.6000000000000001,2750,20,0.5215117912128994,0.20315738819774828,0.045427373014147863,0.5318181818181819,0.16332040202928802,0.03651955210500826
vicsek,rho_1_over_3pi,1.6000000000000001,2800,20,0.5744546803826641,0.20664251397570016,0.04620667082911158,0.5590909090909091,0.182442111276268,0.040795296277231614
vicsek,rho_1_over_3pi,1.6000000000000001,2850,20,0.5511969733378725,0.2241289849717692,0.05011676461249047,0.5454545454545454,0.21513017393089512,0.04810456929208346
vicsek,rho_1_over_3pi,1.6000000000000001,2900,20,0.5897162619721376,0.22448083537908375,0.050195440755357104,0.5681818181818181,0.18603074481528295,0.04159773913118892
vicsek,rho_1_over_3pi,1.6000000000000001,2950,20,0.5306328365097257,0.24668920527961702,0.055161383232062364,0.5818181818181818,0.17580981459830652,0.039312269655344824
vicsek,rho_1_over_3pi,1.6000000000000001,3000,20,0.5613952043995258,0.20185405669185338,0.045135939229708044,0.5590909090909091,0.17551576887552567,0.03924651903288172
vicsek,rho_1_over_3pi,1.8,0,20,0.23519295602572302,0.1576078233144041,0.03524218067167838,0.17727272727272728,0.06726658448613064,0.015041265552522087
vicsek,rho_1_over_3pi,1.8,50,20,0.303459277951048,0.12869827933785727,0.028777810118670547,0.23181818181818184,0.05359011873887088,0.011983114842240059
vicsek,rho_1_over_3pi,1.8,100,20,0.2691634029007562,0.1287851604434309,0.028797237324472848,0.22272727272727272,0.060814037092089324,0.013598432092410536
vicsek,rho_1_over_3pi,1.8,150,20,0.2985307226371071,0.14277012108057913,0.03192436958920506,0.2681818181818182,0.08369069381600895,0.01871380804567173
vicsek,rho_1_over_3pi,1.8,200,20,0.31735512386065523,0.13714960130783665,0.03066758316113168,0.2590909090909091,0.07201354326252209,0.016102717803562136
vicsek,rho_1_over_3pi,1.8,250,20,0.3505558255582842,0.20633089450978506,0.04613699059822175,0.3136363636363636,0.08369069381600895,0.01871380804567173
vicsek,rho_1_over_3pi,1.8,300,20,0.41385374823504983,0.14286732360247437,0.03194610473385928,0.3,0.0867217455833587,0.01939157182518322
vicsek,rho_1_over_3pi,1.8,350,20,0.38054065442135754,0.16939547392920482,0.037877979478649536,0.3,0.07660136157433053,0.017128585164924336
vicsek,rho_1_over_3pi,1.8,400,20,0.4142572737095125,0.18209432210063708,0.040717528253376684,0.29545454545454547,0.09480297097551914,0.021198588757020034
vicsek,rho_1_over_3pi,1.8,450,20,0.5059360970503579,0.19328607903969633,0.04322008118371583,0.3090909090909091,0.09270944570168699,0.02073046227452978
vicsek,rho_1_over_3pi,1.8,500,20,0.36080479590854997,0.22038947657093858,0.049280585113821586,0.34090909090909094,0.09480297097551914,0.021198588757020034
vicsek,rho_1_over_3pi,1.8,550,20,0.4020610843411327,0.18208565196811247,0.04071558955280678,0.34090909090909094,0.11087555379682243,0.024792527533262984
vicsek,rho_1_over_3pi,1.8,600,20,0.4250330388718333,0.1781043767172596,0.039825349343002324,0.3227272727272727,0.08369069381600895,0.01871380804567173
vicsek,rho_1_over_3pi,1.8,650,20,0.4490492166549018,0.19719070944177522,0.0440931830843219,0.3318181818181818,0.11597591656520975,0.02593300331926529
vicsek,rho_1_over_3pi,1.8,700,20,0.37456385833562467,0.14952448961760034,0.03343469230859159,0.36818181818181817,0.14509899726829426,0.032445122135896225
vicsek,rho_1_over_3pi,1.8,750,20,0.33379883040110225,0.17360325823020745,0.03881886865181937,0.3727272727272727,0.12824305436059896,0.028676018719250008
vicsek,rho_1_over_3pi,1.8,800,20,0.45615473228289216,0.16235430781816934,0.03630352687213522,0.39090909090909093,0.11887906209656382,0.026582166394933535
vicsek,rho_1_over_3pi,1.8,850,20,0.34382519172631226,0.21700510847232343,0.048523817400883074,0.37727272727272726,0.12944573514452856,0.028944946318059942
vicsek,rho_1_over_3pi,1.8,900,20,0.4178300972105194,0.17693448332927594,0.03956375322880643,0.39090909090909093,0.14112886087509113,0.03155737265038142
vicsek,rho_1_over_3pi,1.8,950,20,0.4794737580270275,0.20700690676023692,0.04628815153278505,0.42272727272727273,0.15286519746182034,0.034181697291855856
vicsek,rho_1_over_3pi,1.8,1000,20,0.3914738645351398,0.17844249196595502,0.03990095421103355,0.42727272727272725,0.15772137793543156,0.03526757225685604
vicsek,rho_1_over_3pi,1.8,1050,20,0.5445744456969592,0.19930586549178583,0.04456614635540627,0.4590909090909091,0.158700820455419,0.0354865822623306
vicsek,rho_1_over_3pi,1.8,1100,20,0.5401118672030712,0.16019226937243047,0.03582008037867121,0.4727272727272728,0.14826824027545538,0.033153786416019036
vicsek,rho_1_over_3pi,1.8,1150,20,0.5587441052718675,0.1720583048336113,0.038473406570133546,0.46818181818181814,0.16077035621661268,0.03594934452672018
vicsek,rho_1_over_3pi,1.8,1200,20,0.4149940712157645,0.20380646715216943,0.045572511480632884,0.42727272727272725,0.14402708652504417,0.03220543560712427
vicsek,rho_1_over_3pi,1.8,1250,20,0.4691572622771452,0.15390346337276245,0.03441386060741459,0.43636363636363634,0.14545454545454545,0.03252462512726967
vicsek,rho_1_over_3pi,1.8,1300,20,0.3603607914161575,0.19236079268701464,0.04301318086539092,0.4318181818181818,0.15178007142785455,0.03393905573424563
vicsek,rho_1_over_3pi,1.8,1350,20,0.45805804162994246,0.24524403961175667,0.054838234364853904,0.4318181818181818,0.15178007142785455,0.03393905573424563
vicsek,rho_1_over_3pi,1.8,1400,20,0.333828752183058,0.20642510764634464,0.04615805729599382,0.46818181818181814,0.14735968252224843,0.03295062672625351
vicsek,rho_1_over_3pi,1.8,1450,20,0.4256637170756107,0.13477774719152594,0.030137220457453335,0.46818181818181814,0.15817920583004833,0.035369945686291905
vicsek,rho_1_over_3pi,1.8,1500,20,0.45562121958140295,0.14418310040795168,0.03224032137188576,0.47727272727272724,0.15178007142785455,0.03393905573424563
vicsek,rho_1_over_3pi,1.8,1550,20,0.4786576750208641,0.19495668288212417,0.04359363955922992,0.5045454545454545,0.1506871314022798,0.03369466691499408
vicsek,rho_1_over_3pi,1.8,1600,20,0.5221433910036133,0.1660369415367923,0.037126988805242594,0.5045454545454546,0.1712255291076124,0.038287192256799024
vicsek,rho_1_over_3pi,1.8,1650,20,0.42332254626238947,0.17358569965333157,0.0388149424346711,0.4954545454545454,0.16382564809945546,0.03663252856083416
vicsek,rho_1_over_3pi,1.8,1700,20,0.4335251100456447,0.23573075711603247,0.052710999729894084,0.47727272727272724,0.15713078197676003,0.035135510985773416
vicsek,rho_1_over_3pi,1.8,1750,20,0.5554659047397059,0.20646961029881145,0.0461680083916033,0.4727272727272728,0.1425853376487102,0.031883050757727606
vicsek,rho_1_over_3pi,1.8,1800,20,0.5290354921978828,0.2414608844875195,0.05399229516213181,0.48636363636363633,0.13568010505999364,0.030338993810845895
vicsek,rho_1_over_3pi,1.8,1850,20,0.45252165335557015,0.2065686027246409,0.046190143770944526,0.47727272727272724,0.16483149422244314,0.03685744259142467
vicsek,rho_1_over_3pi,1.8,1900,20,0.456461550574251,0.20025881508101656,0.044779232361471306,0.5,0.20020650495950218,0.04476753546270956
vicsek,rho_1_over_3pi,1.8,1950,20,0.48075360916032617,0.21343788468703884,0.04772616191339803,0.48636363636363633,0.20179975345839193,0.04512379665756626
vicsek,rho_1_over_3pi,1.8,2000,20,0.5184696694451876,0.211737546540134,0.047345954745276496,0.4954545454545454,0.18735876223204498,0.04189469285310728
vicsek,rho_1_over_3pi,1.8,2050,20,0.48889519681365945,0.18665058493067913,0.04173633959450964,0.5181818181818182,0.17976109030259263,0.040195801762607536
vicsek,rho_1_over_3pi,1.8,2100,20,0.48387972029091425,0.17109406733215393,0.03825779651016223,0.5181818181818182,0.162877026065172,0.03642041022547297
vicsek,rho_1_over_3pi,1.8,2150,20,0.5388136843949263,0.15957579185475482,0.0356822318150589,0.4727272727272728,0.14826824027545538,0.033153786416019036
vicsek,rho_1_over_3pi,1.8,2200,20,0.5403000697765751,0.18050298442717863,0.04036169433207573,0.5136363636363637,0.12944573514452856,0.028944946318059942
vicsek,rho_1_over_3pi,1.8,2250,20,0.4876086074032024,0.18143981377396282,0.04057117574234835,0.4818181818181818,0.162877026065172,0.03642041022547297
vicsek,rho_1_over_3pi,1.8,2300,20,0.5760011827201917,0.18274135220492582,0.04086220858304452,0.46818181818181814,0.16583123951776998,0.03708099243547831
vicsek,rho_1_over_3pi,1.8,2350,20,0.45478704636080824,0.21339748141990172,0.04771712746821486,0.4954545454545454,0.14222261679238196,0.031801943908566915
vicsek,rho_1_over_3pi,1.8,2400,20,0.4556274987905143,0.20325137730645143,0.04544838961776835,0.48636363636363633,0.12944573514452856,0.028944946318059942
vicsek,rho_1_over_3pi,1.8,2450,20,0.5515321555538755,0.1623119393054618,0.03629405298468326,0.5181818181818182,0.14112886087509113,0.03155737265038142
vicsek,rho_1_over_3pi,1.8,2500,20,0.5118432592042111,0.19875749012897612,0.044443525896563404,0.5045454545454545,0.14791945541157256,0.033075795749502535
vicsek,rho_1_over_3pi,1.8,2550,20,0.5288721148420754,0.19692532319910644,0.04403384091643183,0.5272727272727272,0.1641406371387981,0.03670296225124791
vicsek,rho_1_over_3pi,1.8,2600,20,0.5994470134744426,0.19058724670758082,0.04261660392826737,0.55,0.17362208413440255,0.038823078251971184
vicsek,rho_1_over_3pi,1.8,2650,20,0.5726966731456576,0.22023266907559466,0.04924552189192454,0.5727272727272728,0.17031812722904724,0.03808429102846075
vicsek,rho_1_over_3pi,1.8,2700,20,0.5603530533806688,0.19098164042737953,0.04270479304500426,0.5454545454545454,0.1724878723728207,0.038569460791993505
vicsek,rho_1_over_3pi,1.8,2750,20,0.5852126510368187,0.18175110851743329,0.04064078336309218,0.5636363636363637,0.1641406371387981,0.03670296225124791
vicsek,rho_1_over_3pi,1.8,2800,20,0.5482948329466957,0.1937866470024689,0.043332011582927626,0.5636363636363637,0.15102952478032863,0.03377122840183038
vicsek,rho_1_over_3pi,1.8,2850,20,0.5496596821504577,0.2124625340396733,0.047508066878457246,0.55,0.15607531557626725,0.03489950152382653
vicsek,rho_1_over_3pi,1.8,2900,20,0.5034033384111825,0.23145165088652292,0.05175416248868147,0.5727272727272728,0.17031812722904724,0.03808429102846075
vicsek,rho_1_over_3pi,1.8,2950,20,0.46804184757838857,0.23536483293398752,0.05262917659532773,0.5727272727272728,0.1972957674019155,0.04411667475836702
vicsek,rho_1_over_3pi,1.8,3000,20,0.5396353321278047,0.21814115222072614,0.04877784450556728,0.5636363636363637,0.19198829165402614,0.042929887102245795
vicsek,rho_1_over_3pi,2.2000000000000002,0,20,0.27003355113143235,0.153756083562851,0.03438090548006729,0.19090909090909092,0.08080176743014171,0.018067824467592534
vicsek,rho_1_over_3pi,2.2000000000000002,50,20,0.3314450945764617,0.10829573592031848,0.024215662719119787,0.21363636363636362,0.09215061333051495,0.020605503557532972
vicsek,rho_1_over_3pi,2.2000000000000002,100,20,0.34736895933229,0.171493380568175,0.03834708566416808,0.24545454545454545,0.09577867048047944,0.021416761798890446
vicsek,rho_1_over_3pi,2.2000000000000002,150,20,0.35957979350112135,0.1811836387089829,0.0405138932564048,0.2363636363636364,0.08813963377120598,0.01970862126243527
vicsek,rho_1_over_3pi,2.2000000000000002,200,20,0.3436013066702831,0.16746235912716498,0.03744572186808232,0.2409090909090909,0.0826972972666375,0.0184916778243709
vicsek,rho_1_over_3pi,2.2000000000000002,250,20,0.3562172582525774,0.15413762983502294,0.034466221820181095,0.22727272727272724,0.07872958216222169,0.017604469755488256
vicsek,rho_1_over_3pi,2.2000000000000002,300,20,0.3066967080818696,0.14249742416498232,0.03186339270515216,0.2363636363636364,0.07272727272727272,0.016262312563634834
vicsek,rho_1_over_3pi,2.2000000000000002,350,20,0.3063646559641508,0.17145021993734919,0.03833743465372025,0.25,0.06968049871252678,0.015581033182729645
vicsek,rho_1_over_3pi,2.2000000000000002,400,20,0.3288895576069091,0.09838670109210428,0.021999935172389795,0.2363636363636364,0.06680426571226848,0.014937887931959073
vicsek,rho_1_over_3pi,2.2000000000000002,450,20,0.30721969909807406,0.1753468482386707,0.039208747230200694,0.2636363636363636,0.09045340337332908,0.02022599587389726
vicsek,rho_1_over_3pi,2.2000000000000002,500,20,0.3672819566583762,0.1840193628234688,0.041147980444947385,0.2636363636363636,0.08080176743014171,0.018067824467592534
vicsek,rho_1_over_3pi,2.2000000000000002,550,20,0.348418898767629,0.16707222537079158,0.037358485308125494,0.2727272727272727,0.10756508696544756,0.02405228464604173
vicsek,rho_1_over_3pi,2.2000000000000002,600,20,0.3230317611885858,0.16206277398828564,0.03623833792599914,0.2863636363636364,0.09215061333051497,0.020605503557532975
vicsek,rho_1_over_3pi,2.2000000000000002,650,20,0.32493453388854515,0.13346621014898413,0.029843951859240082,0.29545454545454547,0.11087555379682243,0.024792527533262984
vicsek,rho_1_over_3pi,2.2000000000000002,700,20,0.34617925410393,0.17440310143730087,0.0389977190300596,0.2863636363636363,0.07753964595105446,0.01733839192978241
vicsek,rho_1_over_3pi,2.2000000000000002,750,20,0.3978225275677811,0.14263220437108723,0.031893530475439365,0.2863636363636364,0.0826972972666375,0.0184916778243709
vicsek,rho_1_over_3pi,2.2000000000000002,800,20,0.3999190665271591,0.1769188092240636,0.039560248392332305,0.2772727272727272,0.09304313404753964,0.020805077256992377
vicsek,rho_1_over_3pi,2.2000000000000002,850,20,0.3699582800278021,0.16668057619595977,0.037270909890299936,0.30454545454545456,0.10861639223044109,0.024287363649804626
vicsek,rho_1_over_3pi,2.2000000000000002,900,20,0.3866576257153151,0.20571160608905864,0.045998513497579475,0.3136363636363636,0.11668634229994032,0.02609185934284757
vicsek,rho_1_over_3pi,2.2000000000000002,950,20,0.41971627863966193,0.17070453343145697,0.03817069408201232,0.30454545454545456,0.10861639223044109,0.024287363649804626
vicsek,rho_1_over_3pi,2.2000000000000002,1000,20,0.33301514376308133,0.165536620533382,0.03701511362782296,0.3136363636363636,0.10552897060221726,0.02359699518621347
vicsek,rho_1_over_3pi,2.2000000000000002,1050,20,0.3697777661670214,0.1460557801824213,0.032659065299466064,0.30454545454545456,0.11948581298268104,0.02671784001761017
vicsek,rho_1_over_3pi,2.2000000000000002,1100,20,0.40654898487860136,0.20088023262782842,0.044918185549179555,0.3363636363636363,0.09999999999999999,0.022360679774997894
vicsek,rho_1_over_3pi,2.2000000000000002,1150,20,0.3466648576894283,0.15436140772330625,0.03451626007718738,0.3318181818181818,0.11235642813007522,0.025123661100791776
vicsek,rho_1_over_3pi,2.2000000000000002,1200,20,0.45693766675500963,0.1799519944707237,0.04023848923232044,0.36818181818181817,0.13008261837503804,0.02908735773777483
vicsek,rho_1_over_3pi,2.2000000000000002,1250,20,0.34340951051044616,0.21525383163585426,0.04813221999550649,0.3818181818181818,0.12727272727272726,0.028459046986360956
vicsek,rho_1_over_3pi,2.2000000000000002,1300,20,0.38849961668343297,0.16716318878951117,0.03737882534689777,0.40909090909090906,0.14517017656973918,0.0324610383115584
vicsek,rho_1_over_3pi,2.2000000000000002,1350,20,0.411580617591652,0.1351014659794061,0.03020960617898272,0.43636363636363634,0.136666330712481,0.030559520570857476
vicsek,rho_1_over_3pi,2.2000000000000002,1400,20,0.3771355931676305,0.18512911179068817,0.04139612785781365,0.4045454545454546,0.17362208413440255,0.038823078251971184
vicsek,rho_1_over_3pi,2.2000000000000002,1450,20,0.3804733290662026,0.15011158602292538,0.033565971055756844,0.36818181818181817,0.12356615653698351,0.027630232573507513
vicsek,rho_1_over_3pi,2.2000000000000002,1500,20,0.37259140035306115,0.22980225865341447,0.0513853471732024,0.37727272727272726,0.12621312160831655,0.02822211195686434
vicsek,rho_1_over_3pi,2.2000000000000002,1550,20,0.40816702720765524,0.17278968202950304,0.03863694748285426,0.4,0.13906416855253048,0.03109569341179467
vicsek,rho_1_over_3pi,2.2000000000000002,1600,20,0.3687816387888686,0.10482932411429804,0.023440549475492834,0.42727272727272725,0.12230567315521554,0.027348379920893312
vicsek,rho_1_over_3pi,2.2000000000000002,1650,20,0.4618305877636488,0.118094371931766,0.02640670433995719,0.42727272727272725,0.12888588071598023,0.028819759062086104
vicsek,rho_1_over_3pi,2.2000000000000002,1700,20,0.5076966607155154,0.16886416628085923,0.03775917547678291,0.4409090909090909,0.1325995649619529,0.0296501641041826
vicsek,rho_1_over_3pi,2.2000000000000002,1750,20,0.42710384803377294,0.18423359754699278,0.041195884785441436,0.42727272727272725,0.11535070491317745,0.025793201743838375
vicsek,rho_1_over_3pi,2.2000000000000002,1800,20,0.4256214603084838,0.2036908424002358,0.045546657000112366,0.4545454545454545,0.14373989364401724,0.032141217326661246
vicsek,rho_1_over_3pi,2.2000000000000002,1850,20,0.4523680939573496,0.18311621555605684,0.040946030576584753,0.41818181818181815,0.12662171161076471,0.02831347545890443
vicsek,rho_1_over_3pi,2.2000000000000002,1900,20,0.37135376597839026,0.23271663129018186,0.05203702070596012,0.4045454545454545,0.13628785773240865,0.030474891439748606
vicsek,rho_1_over_3pi,2.2000000000000002,1950,20,0.4923978460994272,0.1991823833687108,0.04453853491328609,0.44545454545454544,0.12497933713515927,0.027946229361707993
vicsek,rho_1_over_3pi,2.2000000000000002,2000,20,0.4582043689803207,0.1855581316999416,0.0414920596258928,0.42272727272727273,0.12944573514452856,0.028944946318059942
vicsek,rho_1_over_3pi,2.2000000000000002,2050,20,0.44255981334718,0.17824060428196567,0.03985581075251153,0.45,0.16879495116024673,0.037743698505306865
vicsek,rho_1_over_3pi,2.2000000000000002,2100,20,0.453239321048233,0.17260311703135692,0.038595230281046576,0.42727272727272725,0.14402708652504417,0.03220543560712427
vicsek,rho_1_over_3pi,2.2000000000000002,2150,20,0.4273035161897941,0.13991755369261247,0.03128651613021582,0.40909090909090906,0.1422952349318048,0.031818181818181815
vicsek,rho_1_over_3pi,2.2000000000000002,2200,20,0.4363171915414882,0.22177379197623123,0.049590127448675046,0.4136363636363637,0.14791945541157256,0.033075795749502535
vicsek,rho_1_over_3pi,2.2000000000000002,2250,20,0.44638307737477045,0.17308584035932206,0.03870317049861208,0.42727272727272725,0.15772137793543156,0.03526757225685604
vicsek,rho_1_over_3pi,2.2000000000000002,2300,20,0.45189684632154253,0.15299588828515673,0.034210920648357415,0.4545454545454545,0.18630819574471996,0.04165977904505309
vicsek,rho_1_over_3pi,2.2000000000000002,2350,20,0.46463081448962573,0.21366659207850594,0.04777730244082573,0.4545454545454546,0.1700753357624519,0.038030001206094344
vicsek,rho_1_over_3pi,2.2000000000000002,2400,20,0.4247620526491396,0.15433236904477265,0.03450976683126959,0.4545454545454545,0.15481260332660365,0.034617150481199586
vicsek,rho_1_over_3pi,2.2000000000000002,2450,20,0.43863317326132367,0.2071890596147188,0.046328882149276766,0.4636363636363637,0.14910199515324296,0.03334021967434954
vicsek,rho_1_over_3pi,2.2000000000000002,2500,20,0.4200504199876824,0.20401143443147382,0.04561834355760166,0.45,0.15607531557626725,0.03489950152382653
vicsek,rho_1_over_3pi,2.2000000000000002,2550,20,0.35835488910945196,0.1730939677717207,0.038704987843272524,0.47727272727272724,0.16230519155779205,0.036292544142434796
vicsek,rho_1_over_3pi,2.2000000000000002,2600,20,0.422320995641591,0.17443184975209666,0.039004147348671796,0.4590909090909091,0.16382564809945546,0.03663252856083416
vicsek,rho_1_over_3pi,2.2000000000000002,2650,20,0.4468728413255195,0.1824439116842416,0.04079569886069323,0.4545454545454546,0.1700753357624519,0.038030001206094344
vicsek,rho_1_over_3pi,2.2000000000000002,2700,20,0.4758529973642213,0.19458210725352632,0.04350988190240397,0.45,0.16128359090191066,0.036064107291193886
vicsek,rho_1_over_3pi,2.2000000000000002,2750,20,0.4333016587371592,0.20622965197469073,0.046114352079153216,0.4636363636363637,0.15980359846588132,0.03573317092187917
vicsek,rho_1_over_3pi,2.2000000000000002,2800,20,0.48343686849579537,0.19404259009898103,0.043389242199144924,0.4545454545454545,0.15212000482437738,0.03401506715249038
vicsek,rho_1_over_3pi,2.2000000000000002,2850,20,0.41764506311041705,0.2166227257660339,0.0484383140284147,0.4636363636363637,0.1769811121266526,0.039574179744870756
vicsek,rho_1_over_3pi,2.2000000000000002,2900,20,0.4959751923818886,0.18550571975897723,0.041480339959609897,0.4318181818181818,0.15973893991641436,0.03571871283068571
vicsek,rho_1_over_3pi,2.2000000000000002,2950,20,0.3487820307059187,0.18701670326616396,0.041818206143104955,0.45,0.14791945541157253,0.03307579574950253
vicsek,rho_1_over_3pi,2.2000000000000002,3000,20,0.48536656747274104,0.21604379826933304,0.04830886190474801,0.42727272727272725,0.10405021038417814,0.023266334349217682
vicsek,rho_1_over_3pi,2.3999999999999999,0,20,0.2871077771230354,0.10503864279353174,0.023487354555065537,0.15454545454545454,0.050616039662091106,0.01131809054362612
vicsek,rho_1_over_3pi,2.3999999999999999,50,20,0.2682505813940867,0.11918084634477163,0.02664964740428667,0.17727272727272728,0.07859825666268447,0.01757510448107382
vicsek,rho_1_over_3pi,2.3999999999999999,100,20,0.2720491141291924,0.1455581528031265,0.03254779243470924,0.22727272727272724,0.07329325225725954,0.01638886943392722
vicsek,rho_1_over_3pi,2.3999999999999999,150,20,0.24788487271956905,0.13075508453539564,0.029237725742487616,0.2545454545454545,0.08430562268632458,0.01885131032120702
vicsek,rho_1_over_3pi,2.3999999999999999,200,20,0.3182076722246009,0.17214424198384531,0.038492622701105136,0.2727272727272727,0.1036523113726489,0.023177361425421747
vicsek,rho_1_over_3pi,2.3999999999999999,250,20,0.2915228476414887,0.15840385798949602,0.035420179436273624,0.2681818181818182,0.10552897060221726,0.02359699518621347
vicsek,rho_1_over_3pi,2.3999999999999999,300,20,0.3252311892839165,0.12543617456594686,0.028048381316698734,0.2727272727272727,0.1036523113726489,0.023177361425421747
vicsek,rho_1_over_3pi,2.3999999999999999,350,20,0.3082850668023741,0.16098930984505846,0.035998304046432686,0.2727272727272727,0.09958591954639383,0.02226808857075616
vicsek,rho_1_over_3pi,2.3999999999999999,400,20,0.3910862833584071,0.17100010900639218,0.03823678678981669,0.2772727272727272,0.10552897060221726,0.02359699518621347
vicsek,rho_1_over_3pi,2.3999999999999999,450,20,0.36598843663842495,0.11738875421295261,0.026248923421417686,0.2681818181818182,0.08849055606332629,0.019787089872435375
vicsek,rho_1_over_3pi,2.3999999999999999,500,20,0.3155322230416486,0.1650662317340988,0.03690993149471779,0.2863636363636364,0.10072054457345608,0.022521798439704536
vicsek,rho_1_over_3pi,2.3999999999999999,550,20,0.263064826917224,0.10840001705010704,0.024238980688617556,0.2772727272727273,0.0884905560633263,0.019787089872435378
vicsek,rho_1_over_3pi,2.3999999999999999,600,20,0.3593555784255065,0.1550519096790069,0.0346706610083417,0.3090909090909091,0.1052348809344566,0.023531234737354155
vicsek,rho_1_over_3pi,2.3999999999999999,650,20,0.378990218385974,0.23684634920893716,0.0529604537053837,0.3136363636363636,0.10552897060221726,0.02359699518621347
vicsek,rho_1_over_3pi,2.3999999999999999,700,20,0.2916002651636983,0.11304482792276503,0.025277591974006895,0.29545454545454547,0.09480297097551914,0.021198588757020034
vicsek,rho_1_over_3pi,2.3999999999999999,750,20,0.32434989896520244,0.16769865220033767,0.03749855860550497,0.30454545454545456,0.09653072991634228,0.02158492740106139
vicsek,rho_1_over_3pi,2.3999999999999999,800,20,0.3340458536852068,0.130623029722112,0.029208197388561792,0.29545454545454547,0.09906588508046985,0.02215180532911128
vicsek,rho_1_over_3pi,2.3999999999999999,850,20,0.4285019946267184,0.15039864294006886,0.033630158933771276,0.2772727272727272,0.08849055606332629,0.019787089872435375
vicsek,rho_1_over_3pi,2.3999999999999999,900,20,0.3410284984414281,0.1875614174206656,0.04194000793088215,0.3090909090909091,0.11642044068059725,0.02603240193322973
vicsek,rho_1_over_3pi,2.3999999999999999,950,20,0.32608739967714534,0.16002604378574123,0.03578291120752752,0.3,0.0867217455833587,0.01939157182518322
vicsek,rho_1_over_3pi,2.3999999999999999,1000,20,0.39670176829933324,0.11890724825282818,0.02658846901107669,0.3136363636363636,0.11308959367840661,0.025287601901274766
vicsek,rho_1_over_3pi,2.3999999999999999,1050,20,0.31226332254170397,0.11613751695033107,0.025969138263897434,0.3318181818181818,0.11948581298268104,0.02671784001761017
vicsek,rho_1_over_3pi,2.3999999999999999,1100,20,0.38146005879811345,0.15622661834545534,0.03493333385153539,0.3318181818181818,0.11235642813007522,0.025123661100791776
vicsek,rho_1_over_3pi,2.3999999999999999,1150,20,0.38432688277870886,0.19984807019722992,0.04468738701331559,0.35454545454545455,0.15454545454545454,0.03455741419772402
vicsek,rho_1_over_3pi,2.3999999999999999,1200,20,0.4022807787462285,0.18229454491769856,0.040762299436336275,0.35454545454545455,0.1405420439430937,0.031426156395352005
vicsek,rho_1_over_3pi,2.3999999999999999,1250,20,0.38431044948197707,0.22496355326862555,0.05030337975685417,0.3363636363636363,0.09999999999999999,0.022360679774997894
vicsek,rho_1_over_3pi,2.3999999999999999,1300,20,0.397974227007838,0.17209045387254904,0.03848059531378115,0.34545454545454546,0.11712817024295569,0.026190655074341696
vicsek,rho_1_over_3pi,2.3999999999999999,1350,20,0.32911000283114267,0.1329269697790653,0.02972337404690502,0.35,0.11235642813007522,0.025123661100791776
vicsek,rho_1_over_3pi,2.3999999999999999,1400,20,0.3071177549514773,0.15545273297821197,0.03476028782274053,0.35,0.09653072991634228,0.02158492740106139
vicsek,rho_1_over_3pi,2.3999999999999999,1450,20,0.45008204614774144,0.18256241251044117,0.04082219645097045,0.37727272727272726,0.14164033137166257,0.03167174093026335
vicsek,rho_1_over_3pi,2.3999999999999999,1500,20,0.381296038542457,0.18755402027242715,0.04193835387825207,0.37727272727272726,0.11235642813007522,0.025123661100791776
vicsek,rho_1_over_3pi,2.3999999999999999,1550,20,0.32758600919093933,0.15964764382607816,0.03569829840427854,0.36363636363636365,0.09958591954639384,0.022268088570756163
vicsek,rho_1_over_3pi,2.3999999999999999,1600,20,0.4281639118135182,0.16410937586229163,0.036695972017314726,0.37727272727272726,0.09653072991634228,0.02158492740106139
vicsek,rho_1_over_3pi,2.3999999999999999,1650,20,0.3766445077055429,0.16664348078034144,0.037262615103202314,0.4045454545454545,0.16382564809945546,0.03663252856083416
vicsek,rho_1_over_3pi,2.3999999999999999,1700,20,0.4025218304437665,0.20556370415046815,0.045965441618710245,0.38636363636363635,0.1313471206981808,0.02937010905300019
vicsek,rho_1_over_3pi,2.3999999999999999,1750,20,0.3978526671534457,0.18762552288683107,0.04195434234888969,0.41818181818181815,0.14200453956193917,0.03175318035740542
vicsek,rho_1_over_3pi,2.3999999999999999,1800,20,0.4565868428016372,0.21736446262579875,0.04860417143239984,0.42727272727272725,0.13514607952107732,0.03021958207017211
vicsek,rho_1_over_3pi,2.3999999999999999,1850,20,0.45571877979922093,0.1857894382569693,0.04154378134440834,0.4545454545454545,0.16514456476895412,0.03692744729379983
vicsek,rho_1_over_3pi,2.3999999999999999,1900,20,0.41530460279012144,0.16961467992793916,0.037926995430074106,0.45,0.16382564809945546,0.03663252856083416
vicsek,rho_1_over_3pi,2.3999999999999999,1950,20,0.4248155841476201,0.1943796566241376,0.04346461256546389,0.4545454545454545,0.1724878723728207,0.038569460791993505
vicsek,rho_1_over_3pi,2.3999999999999999,2000,20,0.363096903367513,0.14376586872499197,0.03214702553133931,0.4318181818181818,0.17218815386250738,0.038502441695675946
vicsek,rho_1_over_3pi,2.3999999999999999,2050,20,0.3969558432396564,0.19473867773172812,0.04354489212565686,0.43636363636363634,0.17627926754241197,0.03941724252487054
vicsek,rho_1_over_3pi,2.3999999999999999,2100,20,0.37169677686436653,0.17124657065777882,0.03829189729045143,0.44545454545454544,0.16983219720244913,0.03797563377128259
vicsek,rho_1_over_3pi,2.3999999999999999,2150,20,0.36422202399242143,0.20319215931355664,0.045435148072007964,0.47727272727272724,0.1404685194578404,0.0314097158206483
vicsek,rho_1_over_3pi,2.3999999999999999,2200,20,0.4485524323672947,0.14715825112861391,0.032905585297356585,0.48636363636363633,0.16077035621661268,0.03594934452672018
vicsek,rho_1_over_3pi,2.3999999999999999,2250,20,0.4381104256650682,0.1654043978731064,0.03698554774216875,0.48636363636363633,0.16332040202928802,0.03651955210500826
vicsek,rho_1_over_3pi,2.3999999999999999,2300,20,0.39736252510465675,0.20014136248386633,0.04475296916233512,0.46818181818181814,0.13568010505999364,0.030338993810845895
vicsek,rho_1_over_3pi,2.3999999999999999,2350,20,0.4796983143397366,0.18140532770736156,0.040563464423428654,0.4318181818181818,0.1462337085649583,0.032698851295313996
vicsek,rho_1_over_3pi,2.3999999999999999,2400,20,0.35626643786037465,0.1423713307553651,0.03183519736161028,0.41818181818181815,0.14770978917519928,0.03302891295379082
vicsek,rho_1_over_3pi,2.3999999999999999,2450,20,0.45916455576332,0.1722811409970789,0.038523234251069426,0.42727272727272725,0.1603199280777127,0.035848625732964275
vicsek,rho_1_over_3pi,2.3999999999999999,2500,20,0.4363292044070864,0.17673985168514056,0.039520232270120505,0.4318181818181818,0.15973893991641436,0.03571871283068571
vicsek,rho_1_over_3pi,2.3999999999999999,2550,20,0.35065910535668315,0.14382881539508818,0.03216110083466854,0.4409090909090909,0.15286519746182034,0.034181697291855856
vicsek,rho_1_over_3pi,2.3999999999999999,2600,20,0.4738567322865661,0.17358010851261918,0.038813692217600636,0.43636363636363634,0.14826824027545538,0.033153786416019036
vicsek,rho_1_over_3pi,2.3999999999999999,2650,20,0.43155547417895257,0.18753164716132853,0.04193335109852361,0.43636363636363634,0.1304790917673393,0.029176011883420384
vicsek,rho_1_over_3pi,2.3999999999999999,2700,20,0.3746260198025131,0.1825632599694923,0.040822385948575096,0.45,0.13008261837503804,0.02908735773777483
vicsek,rho_1_over_3pi,2.3999999999999999,2750,20,0.3799908252222953,0.16139057118119457,0.036088028808866954,0.4,0.11281521496355323,0.025226248955475646
vicsek,rho_1_over_3pi,2.3999999999999999,2800,20,0.3873570160189945,0.1425122242422546,0.03186670210303747,0.39090909090909093,0.12230567315521554,0.027348379920893312
vicsek,rho_1_over_3pi,2.3999999999999999,2850,20,0.438083579483627,0.1264796007479084,0.02828169850393564,0.4136363636363637,0.12686623397229874,0.028368152321145312
vicsek,rho_1_over_3pi,2.3999999999999999,2900,20,0.40164786824789694,0.22241708229223386,0.04973397153625996,0.4318181818181818,0.16230519155779205,0.036292544142434796
vicsek,rho_1_over_3pi,2.3999999999999999,2950,20,0.3824347081824578,0.17369752543020375,0.038839947438543396,0.41818181818181815,0.17104443383842527,0.038246698123568415
vicsek,rho_1_over_3pi,2.3999999999999999,3000,20,0.4242953756087181,0.170188183286039,0.03805523467947767,0.42727272727272725,0.19090909090909092,0.042688570479541436
vicsek,rho_1_over_3pi,2.6000000000000001,0,20,0.2581348501185136,0.12060122057938008,0.02696725273849404,0.18181818181818182,0.07041787902195303,0.015745916432444336
vicsek,rho_1_over_3pi,2.6000000000000001,50,20,0.26138032337492445,0.12353440053090997,0.027623131714680078,0.20454545454545453,0.0634738183807679,0.014193177269087266
vicsek,rho_1_over_3pi,2.6000000000000001,100,20,0.33578399778652374,0.1610439991117594,0.03601053293823098,0.21363636363636362,0.0594395310482819,0.013291083197466766
vicsek,rho_1_over_3pi,2.6000000000000001,150,20,0.31735719925464173,0.18393497894686398,0.04112911163651805,0.25,0.06347381838076792,0.01419317726908727
vicsek,rho_1_over_3pi,2.6000000000000001,200,20,0.2675399239352993,0.12146095951326742,0.027159496208401572,0.25,0.06968049871252678,0.015581033182729645
vicsek,rho_1_over_3pi,2.6000000000000001,250,20,0.3289911230738776,0.12352642933566728,0.02762134930123762,0.2590909090909091,0.0826972972666375,0.0184916778243709
vicsek,rho_1_over_3pi,2.6000000000000001,300,20,0.38994629760827165,0.1531484776338268,0.03424504066398429,0.2727272727272727,0.08624393618641034,0.01928473039599675
vicsek,rho_1_over_3pi,2.6000000000000001,350,20,0.3423324264912721,0.1419531942246823,0.031741699190962015,0.2863636363636363,0.07753964595105446,0.01733839192978241
vicsek,rho_1_over_3pi,2.6000000000000001,400,20,0.3445010043673099,0.15150972177065916,0.03387860371312737,0.2772727272727272,0.08369069381600895,0.01871380804567173
vicsek,rho_1_over_3pi,2.6000000000000001,450,20,0.26400346775713135,0.1506194279822103,0.03367952797003562,0.2727272727272727,0.09534625892455922,0.02132007163556104
vicsek,rho_1_over_3pi,2.6000000000000001,500,20,0.37566392058951015,0.14263668753564257,0.031894532941509374,0.2909090909090909,0.09791208740244552,0.021893808325076897
vicsek,rho_1_over_3pi,2.6000000000000001,550,20,0.3027265532331592,0.13393037306817948,0.029947741843235638,0.3,0.10405021038417815,0.023266334349217686
vicsek,rho_1_over_3pi,2.6000000000000001,600,20,0.33148310307566975,0.14199004594084297,0.03174993948520429,0.3136363636363636,0.10153776319858489,0.022704534079531227
vicsek,rho_1_over_3pi,2.6000000000000001,650,20,0.38111558822716407,0.16100827529000433,0.036002544848844936,0.3181818181818182,0.10163945352271771,0.022727272727272724
vicsek,rho_1_over_3pi,2.6000000000000001,700,20,0.3426362945237281,0.15761695960625152,0.03524422360864169,0.30454545454545456,0.07753964595105446,0.01733839192978241
vicsek,rho_1_over_3pi,2.6000000000000001,750,20,0.28783455850547507,0.14082613982236963,0.03148968216517086,0.3090909090909091,0.09706434774573919,0.021704247975115127
vicsek,rho_1_over_3pi,2.6000000000000001,800,20,0.32817885201520447,0.1347761012823019,0.030136852420962364,0.3136363636363636,0.10153776319858489,0.022704534079531227
vicsek,rho_1_over_3pi,2.6000000000000001,850,20,0.3410574397818069,0.1794758521671894,0.040132020576553844,0.3136363636363636,0.10937463105014512,0.02445691100420837
vicsek,rho_1_over_3pi,2.6000000000000001,900,20,0.3788031796972355,0.22110266272701962,0.049440058386382484,0.30454545454545456,0.10072054457345608,0.022521798439704536
vicsek,rho_1_over_3pi,2.6000000000000001,950,20,0.3428108316364834,0.15718857772809314,0.03514843450865257,0.3181818181818182,0.10562681853292955,0.023618874648666507
vicsek,rho_1_over_3pi,2.6000000000000001,1000,20,0.3121041402361934,0.1340326596953403,0.029970613828387716,0.3363636363636363,0.11171096115858642,0.02497933029824379
vicsek,rho_1_over_3pi,2.6000000000000001,1050,20,0.3503343861957108,0.17386124709715328,0.03887655671621227,0.3363636363636363,0.10405021038417815,0.023266334349217686
vicsek,rho_1_over_3pi,2.6000000000000001,1100,20,0.3018104054294336,0.11600305332062566,0.025939071282245166,0.32727272727272727,0.09706434774573919,0.021704247975115127
vicsek,rho_1_over_3pi,2.6000000000000001,1150,20,0.40095311597217853,0.14000254334753545,0.03130552039479502,0.3181818181818182,0.12026142323020865,0.026891271741361886
vicsek,rho_1_over_3pi,2.6000000000000001,1200,20,0.34683852743692517,0.11456422903018455,0.025617340390134746,0.3136363636363636,0.10552897060221726,0.02359699518621347
vicsek,rho_1_over_3pi,2.6000000000000001,1250,20,0.3830222346813909,0.14427623315212668,0.0322611464865764,0.3318181818181818,0.1228955075872343,0.027480270909439705
vicsek,rho_1_over_3pi,2.6000000000000001,1300,20,0.3776573767276743,0.1467200143273147,0.03280759256956187,0.3227272727272727,0.12356615653698351,0.027630232573507513
vicsek,rho_1_over_3pi,2.6000000000000001,1350,20,0.3581503368318811,0.12508974460372876,0.0279709172222025,0.3136363636363636,0.10937463105014512,0.02445691100420837
vicsek,rho_1_over_3pi,2.6000000000000001,1400,20,0.3437592686266966,0.18804689579947761,0.04204856419654516,0.3090909090909091,0.11281521496355323,0.025226248955475646
vicsek,rho_1_over_3pi,2.6000000000000001,1450,20,0.3527780712753793,0.15833651576642474,0.03540512125741929,0.32727272727272727,0.11642044068059725,0.02603240193322973
vicsek,rho_1_over_3pi,2.6000000000000001,1500,20,0.3823856052633303,0.1886468907095032,0.04218272713704226,0.35,0.11235642813007522,0.025123661100791776
vicsek,rho_1_over_3pi,2.6000000000000001,1550,20,0.3871481033275407,0.18931151427746679,0.04233134148478377,0.34090909090909094,0.11809437324333254,0.026406704633232386
vicsek,rho_1_over_3pi,2.6000000000000001,1600,20,0.4251400581218491,0.1776013540898158,0.03971287006408384,0.33636363636363636,0.11887906209656382,0.026582166394933535
vicsek,rho_1_over_3pi,2.6000000000000001,1650,20,0.3324186778606108,0.17365683608476135,0.03883084902430648,0.3363636363636363,0.11535070491317745,0.025793201743838375
vicsek,rho_1_over_3pi,2.6000000000000001,1700,20,0.3339062202933993,0.16396600036128917,0.036663912280659766,0.34545454545454546,0.09359663764533636,0.020928844424038796
vicsek,rho_1_over_3pi,2.6000000000000001,1750,20,0.3740964825722095,0.13288719322647657,0.02971447973935512,0.35454545454545455,0.11096868741576092,0.024813352843556687
vicsek,rho_1_over_3pi,2.6000000000000001,1800,20,0.3812012157936894,0.1959763558344229,0.04382164536284571,0.35,0.09653072991634228,0.02158492740106139
vicsek,rho_1_over_3pi,2.6000000000000001,1850,20,0.43767394878157395,0.14674170344043289,0.032812442402692266,0.35454545454545455,0.10718023747774177,0.02396622968448012
vicsek,rho_1_over_3pi,2.6000000000000001,1900,20,0.4339007174895283,0.16686582191743912,0.037312332092876814,0.36818181818181817,0.10552897060221726,0.02359699518621347
vicsek,rho_1_over_3pi,2.6000000000000001,1950,20,0.39744221789894085,0.19780936487789127,0.04423151864530243,0.36363636363636365,0.09534625892455922,0.02132007163556104
vicsek,rho_1_over_3pi,2.6000000000000001,2000,20,0.3716083892204841,0.14872606527467125,0.033256159198023584,0.37727272727272726,0.10474289656184464,0.02342122368725136
vicsek,rho_1_over_3pi,2.6000000000000001,2050,20,0.35402903555982457,0.11775362304314511,0.026330510572135812,0.36818181818181817,0.10153776319858489,0.022704534079531227
vicsek,rho_1_over_3pi,2.6000000000000001,2100,20,0.2895752856325553,0.16731029810118955,0.037411719989001384,0.34545454545454546,0.08430562268632458,0.01885131032120702
vicsek,rho_1_over_3pi,2.6000000000000001,2150,20,0.32130329748927394,0.19459088582423426,0.0435118448504888,0.3227272727272727,0.08369069381600895,0.01871380804567173
vicsek,rho_1_over_3pi,2.6000000000000001,2200,20,0.28358856711013114,0.16065340454950952,0.03592319333894772,0.34545454545454546,0.10204520145747112,0.0228180007236566
vicsek,rho_1_over_3pi,2.6000000000000001,2250,20,0.3982033431286283,0.21111909571912907,0.047207664937625744,0.35454545454545455,0.10325287901455042,0.023088045634909623
vicsek,rho_1_over_3pi,2.6000000000000001,2300,20,0.36963371649804766,0.16131780431170425,0.03607175764219794,0.3727272727272727,0.09917011013305194,0.022175110759364482
vicsek,rho_1_over_3pi,2.6000000000000001,2350,20,0.3251885718536892,0.13437245318249325,0.030046593961946283,0.35454545454545455,0.09917011013305195,0.022175110759364486
vicsek,rho_1_over_3pi,2.6000000000000001,2400,20,0.3099971972563329,0.15516732493703334,0.03469646864460048,0.34545454545454546,0.09359663764533636,0.020928844424038796
vicsek,rho_1_over_3pi,2.6000000000000001,2450,20,0.3509559759633288,0.15251008787584316,0.03410229237448518,0.34090909090909094,0.10708380899445223,0.023944667620119858
vicsek,rho_1_over_3pi,2.6000000000000001,2500,20,0.37228187882005376,0.1580582973549195,0.03534290972934752,0.36818181818181817,0.10552897060221726,0.02359699518621347
vicsek,rho_1_over_3pi,2.6000000000000001,2550,20,0.388282994897476,0.1921750427175631,0.0429716459095397,0.3727272727272727,0.10325287901455042,0.023088045634909623
vicsek,rho_1_over_3pi,2.6000000000000001,2600,20,0.3286481048773925,0.1824353475742832,0.04079378386748986,0.35,0.10072054457345607,0.022521798439704532
vicsek,rho_1_over_3pi,2.6000000000000001,2650,20,0.3320614943855105,0.18990753292754375,0.042464615306526746,0.35,0.10072054457345608,0.022521798439704536
vicsek,rho_1_over_3pi,2.6000000000000001,2700,20,0.3354611481404528,0.18889561832073998,0.042238344321702925,0.35,0.1228955075872343,0.027480270909439705
vicsek,rho_1_over_3pi,2.6000000000000001,2750,20,0.411785633146207,0.174624538155731,0.039047233785572025,0.3727272727272727,0.09045340337332908,0.02022599587389726
vicsek,rho_1_over_3pi,2.6000000000000001,2800,20,0.38618673741617476,0.17398903458021728,0.03890513086609274,0.3818181818181818,0.11712817024295569,0.026190655074341696
vicsek,rho_1_over_3pi,2.6000000000000001,2850,20,0.3595515295407849,0.20429727689925256,0.04568225987648262,0.34545454545454546,0.10601730717900545,0.023706190564373265
vicsek,rho_1_over_3pi,2.6000000000000001,2900,20,0.3982857506890351,0.20291414919614936,0.045372983119912426,0.39090909090909093,0.165394594533275,0.0369833556487418
vicsek,rho_1_over_3pi,2.6000000000000001,2950,20,0.39466257669058324,0.16928926659893076,0.03785423079762938,0.38181818181818183,0.133608531424537,0.029875775863918153
vicsek,rho_1_over_3pi,2.6000000000000001,3000,20,0.3955756507358321,0.1830572400778743,0.040932843258762584,0.3727272727272727,0.15719651332536894,0.03515020896214764
vicsek,rho_1_over_3pi,2.7999999999999998,0,20,0.258152644181198,0.09810507256237486,0.021936961118701966,0.20909090909090908,0.06492207662311682,0.01451701765697392
vicsek,rho_1_over_3pi,2.7999999999999998,50,20,0.2867734748706231,0.1546697123045064,0.034585199077321195,0.21818181818181817,0.07820295697311479,0.017486712783337584
vicsek,rho_1_over_3pi,2.7999999999999998,100,20,0.3480237458890731,0.20903718101718685,0.04674213465793584,0.21818181818181817,0.06680426571226848,0.014937887931959073
vicsek,rho_1_over_3pi,2.7999999999999998,150,20,0.26985704251176,0.1327052786650544,0.02967380240681142,0.23181818181818184,0.08369069381600895,0.01871380804567173
vicsek,rho_1_over_3pi,2.7999999999999998,200,20,0.31353951221375365,0.13751568138520848,0.03074944115495286,0.24545454545454545,0.11535070491317745,0.025793201743838375
vicsek,rho_1_over_3pi,2.7999999999999998,250,20,0.3015398692259776,0.1475048118605113,0.03298307863284204,0.2409090909090909,0.09653072991634228,0.02158492740106139
vicsek,rho_1_over_3pi,2.7999999999999998,300,20,0.27733046461478045,0.1663457673296219,0.03719604435183982,0.24545454545454545,0.09577867048047943,0.021416761798890443
vicsek,rho_1_over_3pi,2.7999999999999998,350,20,0.30381158504117306,0.13474052615289417,0.030128897580195955,0.25,0.08564292582462169,0.01915034039358263
vicsek,rho_1_over_3pi,2.7999999999999998,400,20,0.3378044832137227,0.14996725536980984,0.033533697740596516,0.2636363636363636,0.09491187735373227,0.02122294096350682
vicsek,rho_1_over_3pi,2.7999999999999998,450,20,0.31903230690544765,0.18994009739719747,0.04247189694330644,0.2681818181818182,0.09738311493467522,0.021775526485460876
vicsek,rho_1_over_3pi,2.7999999999999998,500,20,0.300761888027889,0.12016891679615756,0.026870586673872453,0.2636363636363636,0.09045340337332908,0.02022599587389726
vicsek,rho_1_over_3pi,2.7999999999999998,550,20,0.3408750755009387,0.14730450391886032,0.032938288415445584,0.24545454545454545,0.09136250564655354,0.02042927732204021
vicsek,rho_1_over_3pi,2.7999999999999998,600,20,0.3542695752635391,0.18957526648850917,0.042390318272094434,0.2636363636363636,0.10325287901455042,0.023088045634909623
vicsek,rho_1_over_3pi,2.7999999999999998,650,20,0.34582184056278115,0.13765274739070435,0.030780090045522172,0.28181818181818186,0.12497933713515927,0.027946229361707993
vicsek,rho_1_over_3pi,2.7999999999999998,700,20,0.28241290256534485,0.1374713274590656,0.03073952331556041,0.28181818181818186,0.11463200193562265,0.025632494872493968
vicsek,rho_1_over_3pi,2.7999999999999998,750,20,0.36909894122899667,0.1264842467310789,0.028282737377354795,0.28181818181818186,0.09917011013305194,0.022175110759364482
vicsek,rho_1_over_3pi,2.7999999999999998,800,20,0.38121581841654095,0.1865232762456302,0.04170787250712009,0.2909090909090909,0.133608531424537,0.029875775863918153
vicsek,rho_1_over_3pi,2.7999999999999998,850,20,0.36197101640697593,0.18623283293042384,0.0416429274074789,0.3090909090909091,0.12662171161076471,0.02831347545890443
vicsek,rho_1_over_3pi,2.7999999999999998,900,20,0.2964067296449729,0.14910580967181197,0.03334107262663172,0.3181818181818182,0.13936099742505356,0.03116206636545929
vicsek,rho_1_over_3pi,2.7999999999999998,950,20,0.334897615499889,0.16528574802683288,0.036959016829990005,0.2863636363636364,0.10861639223044109,0.024287363649804626
vicsek,rho_1_over_3pi,2.7999999999999998,1000,20,0.4203701538336727,0.15691863020675265,0.035088072407845075,0.2863636363636364,0.10474289656184466,0.023421223687251365
vicsek,rho_1_over_3pi,2.7999999999999998,1050,20,0.33292870949692277,0.1435385213082312,0.0320961891035007,0.32727272727272727,0.10523488093445658,0.02353123473735415
vicsek,rho_1_over_3pi,2.7999999999999998,1100,20,0.34398094609934105,0.13681245001015185,0.03059219383909913,0.3136363636363636,0.09304313404753964,0.020805077256992377
vicsek,rho_1_over_3pi,2.7999999999999998,1150,20,0.36210109425011755,0.147890354920572,0.03306928868189695,0.34545454545454546,0.10204520145747113,0.022818000723656605
vicsek,rho_1_over_3pi,2.7999999999999998,1200,20,0.25731021599750914,0.13659453394465218,0.030543466325514475,0.34090909090909094,0.09480297097551914,0.021198588757020034
vicsek,rho_1_over_3pi,2.7999999999999998,1250,20,0.3529693274870086,0.14965576427043614,0.03346404621333794,0.34090909090909094,0.07537783614444091,0.016854996561581053
vicsek,rho_1_over_3pi,2.7999999999999998,1300,20,0.39772039751804433,0.17310627465146522,0.03870773974524249,0.33636363636363636,0.09136250564655354,0.02042927732204021
vicsek,rho_1_over_3pi,2.7999999999999998,1350,20,0.420351936559189,0.17379554896361094,0.03886186616695272,0.35909090909090907,0.09738311493467522,0.021775526485460876
vicsek,rho_1_over_3pi,2.7999999999999998,1400,20,0.3187979104012265,0.18543842732243615,0.04146529291336215,0.3318181818181818,0.12621312160831655,0.02822211195686434
vicsek,rho_1_over_3pi,2.7999999999999998,1450,20,0.3324139955188818,0.15131771715612358,0.03383567017611785,0.3318181818181818,0.10474289656184466,0.023421223687251365
vicsek,rho_1_over_3pi,2.7999999999999998,1500,20,0.34326330535268484,0.1672881047455288,0.037406757403810754,0.34090909090909094,0.11087555379682243,0.024792527533262984
vicsek,rho_1_over_3pi,2.7999999999999998,1550,20,0.39800279373379455,0.17759960327955635,0.03971247857100826,0.35454545454545455,0.11818181818181817,0.026426257915906602
vicsek,rho_1_over_3pi,2.7999999999999998,1600,20,0.3730967099403456,0.1697371935132564,0.03795439030056776,0.36363636363636365,0.13173978860172217,0.02945791226549027
vicsek,rho_1_over_3pi,2.7999999999999998,1650,20,0.4059791381156373,0.16090855731036838,0.03598024723074044,0.37727272727272726,0.14735968252224843,0.03295062672625351
vicsek,rho_1_over_3pi,2.7999999999999998,1700,20,0.3551346934544942,0.17017360860655759,0.0380519756820706,0.36818181818181817,0.13008261837503804,0.02908735773777483
vicsek,rho_1_over_3pi,2.7999999999999998,1750,20,0.4313626853529118,0.17045022487203376,0.038113828959399285,0.36363636363636365,0.1348399724926484,0.030151134457776355
vicsek,rho_1_over_3pi,2.7999999999999998,1800,20,0.35010766240762176,0.1602188100870864,0.03582601506288542,0.35909090909090907,0.14791945541157253,0.03307579574950253
vicsek,rho_1_over_3pi,2.7999999999999998,1850,20,0.3664353365010103,0.17211087370909992,0.038485161328042874,0.36363636363636365,0.15212000482437738,0.03401506715249038
vicsek,rho_1_over_3pi,2.7999999999999998,1900,20,0.3379957643818253,0.17526333836067903,0.039190073853802486,0.3727272727272727,0.11096868741576094,0.02481335284355669
vicsek,rho_1_over_3pi,2.7999999999999998,1950,20,0.35972335649880105,0.2027263820280412,0.045330997104729175,0.3727272727272727,0.13757041773110507,0.03076168057397933
vicsek,rho_1_over_3pi,2.7999999999999998,2000,20,0.4612434287471962,0.09690815446747325,0.02166932209633201,0.3818181818181818,0.13666633071248097,0.03055952057085747
vicsek,rho_1_over_3pi,2.7999999999999998,2050,20,0.37179308547255707,0.18077220903427985,0.04042189478434513,0.3727272727272727,0.11463200193562265,0.025632494872493968
vicsek,rho_1_over_3pi,2.7999999999999998,2100,20,0.3468955619301462,0.13884599995423386,0.031046909430159957,0.37727272727272726,0.11597591656520975,0.02593300331926529
vicsek,rho_1_over_3pi,2.7999999999999998,2150,20,0.35554262093259126,0.1689159496762771,0.03777075459600892,0.36363636363636365,0.11853095282186633,0.026504326794751364
vicsek,rho_1_over_3pi,2.7999999999999998,2200,20,0.33405792148498575,0.15866194755278573,0.03547789001705353,0.36818181818181817,0.14509899726829426,0.032445122135896225
vicsek,rho_1_over_3pi,2.7999999999999998,2250,20,0.42382296900982136,0.14903878751666963,0.033326086017142036,0.36818181818181817,0.13322137172502585,0.02978920432329262
vicsek,rho_1_over_3pi,2.7999999999999998,2300,20,0.31046469704129825,0.16424549246809667,0.03672640861565939,0.34545454545454546,0.15374122295716147,0.03437758254761643
vicsek,rho_1_over_3pi,2.7999999999999998,2350,20,0.3860461185090103,0.17697087373202075,0.03957189037023303,0.34090909090909094,0.12489665149121897,0.02792774028964661
vicsek,rho_1_over_3pi,2.7999999999999998,2400,20,0.3520621323438877,0.16511493574628072,0.03692082204291936,0.36818181818181817,0.10552897060221726,0.02359699518621347
vicsek,rho_1_over_3pi,2.7999999999999998,2450,20,0.41307902545063746,0.15434153675437776,0.03451181679345709,0.36363636363636365,0.10756508696544756,0.02405228464604173
vicsek,rho_1_over_3pi,2.7999999999999998,2500,20,0.38087693825336244,0.14714038701638374,0.03290159076042615,0.35454545454545455,0.12162807418417865,0.027196864184821073
vicsek,rho_1_over_3pi,2.7999999999999998,2550,20,0.3606387640480507,0.12684165438884357,0.028362656159198873,0.36818181818181817,0.15068713140227977,0.03369466691499407
vicsek,rho_1_over_3pi,2.7999999999999998,2600,20,0.30677762103246786,0.171082986823755,0.0382553188331617,0.3818181818181818,0.13965719541579286,0.031228298249668482
vicsek,rho_1_over_3pi,2.7999999999999998,2650,20,0.417888958820792,0.1943188061089373,0.043451005976618516,0.39545454545454545,0.1325995649619529,0.0296501641041826
vicsek,rho_1_over_3pi,2.7999999999999998,2700,20,0.36591960725979666,0.15023765115672905,0.033594160076634606,0.3727272727272727,0.11818181818181818,0.026426257915906602
vicsek,rho_1_over_3pi,2.7999999999999998,2750,20,0.3858444221548093,0.15946068325161689,0.03565649274891775,0.3727272727272727,0.13453316897226128,0.030082531105044174
vicsek,rho_1_over_3pi,2.7999999999999998,2800,20,0.33723423016939347,0.17686377678517617,0.03954794276490031,0.3818181818181818,0.12398346997259868,0.027723546694503463
vicsek,rho_1_over_3pi,2.7999999999999998,2850,20,0.37596002065362594,0.18534527310536567,0.04144446299718611,0.39545454545454545,0.14164033137166257,0.03167174093026335
vicsek,rho_1_over_3pi,2.7999999999999998,2900,20,0.38640503261253467,0.17009227310933378,0.03803378851199298,0.39090909090909093,0.15507929190210892,0.03467678385956482
vicsek,rho_1_over_3pi,2.7999999999999998,2950,20,0.35543194552136487,0.15145382633348403,0.0338661051134118,0.34090909090909094,0.12154310870109943,0.027177865325230446
vicsek,rho_1_over_3pi,2.7999999999999998,3000,20,0.4318346411525498,0.14621974887688255,0.03269572981416579,0.35454545454545455,0.11818181818181818,0.026426257915906602
vicsek,rho_1_over_3pi,3.2000000000000002,0,20,0.26117487134733486,0.09933923603482071,0.022212928460675577,0.20454545454545453,0.04874456952165276,0.010899617098437996
vicsek,rho_1_over_3pi,3.2000000000000002,50,20,0.29194598590496795,0.1374579927365346,0.030736541580956372,0.21363636363636362,0.06602654111969977,0.014763983426283376
vicsek,rho_1_over_3pi,3.2000000000000002,100,20,0.3555237479700818,0.17491287915692932,0.03911170879351,0.2363636363636364,0.07820295697311479,0.017486712783337584
vicsek,rho_1_over_3pi,3.2000000000000002,150,20,0.3169164370779386,0.15739306884077817,0.0351941601115284,0.2545454545454545,0.08430562268632458,0.01885131032120702
vicsek,rho_1_over_3pi,3.2000000000000002,200,20,0.26743547674894586,0.14009663732472077,0.03132656044772099,0.2636363636363636,0.09917011013305195,0.022175110759364486
vicsek,rho_1_over_3pi,3.2000000000000002,250,20,0.34887625662793975,0.15877686832455135,0.035503587082822995,0.2636363636363636,0.09045340337332908,0.02022599587389726
vicsek,rho_1_over_3pi,3.2000000000000002,300,20,0.2922139184954755,0.16016168319375013,0.03581324110120109,0.2727272727272727,0.08624393618641034,0.01928473039599675
vicsek,rho_1_over_3pi,3.2000000000000002,350,20,0.313866915911068,0.1556521676876986,0.03480488277948903,0.24545454545454545,0.06492207662311682,0.01451701765697392
vicsek,rho_1_over_3pi,3.2000000000000002,400,20,0.27850665837833166,0.1503531720799443,0.03361999134034789,0.2545454545454545,0.07925270806437588,0.017721444263289025
vicsek,rho_1_over_3pi,3.2000000000000002,450,20,0.3629611793353583,0.16412177012674675,0.0366987434591,0.22727272727272724,0.06098367211363062,0.013636363636363634
vicsek,rho_1_over_3pi,3.2000000000000002,500,20,0.3045908913480536,0.14637913955864928,0.032731370654106834,0.23181818181818178,0.06726658448613064,0.015041265552522087
vicsek,rho_1_over_3pi,3.2000000000000002,550,20,0.29450724021218017,0.18429345770961894,0.041209269924719065,0.25,0.056590452718130596,0.012654009915522775
vicsek,rho_1_over_3pi,3.2000000000000002,600,20,0.2963343992734144,0.15312081620783505,0.03423885538109707,0.2681818181818182,0.06726658448613064,0.015041265552522087
vicsek,rho_1_over_3pi,3.2000000000000002,650,20,0.26405682482375475,0.1459204056814481,0.032628794640806445,0.2409090909090909,0.05202510519208907,0.011633167174608841
vicsek,rho_1_over_3pi,3.2000000000000002,700,20,0.3329182337060507,0.11472659190817958,0.02565364583335668,0.2636363636363636,0.06982859770789644,0.015614149124834244
vicsek,rho_1_over_3pi,3.2000000000000002,750,20,0.2893090371715606,0.13065374129461654,0.029215064704943394,0.2590909090909091,0.07201354326252209,0.016102717803562136
vicsek,rho_1_over_3pi,3.2000000000000002,800,20,0.2684768828291416,0.14237992269229702,0.0318371185771141,0.2636363636363636,0.06982859770789644,0.015614149124834244
vicsek,rho_1_over_3pi,3.2000000000000002,850,20,0.30208578788697693,0.16768855104686942,0.03749629991892435,0.2636363636363636,0.06982859770789644,0.015614149124834244
vicsek,rho_1_over_3pi,3.2000000000000002,900,20,0.2917076410090413,0.17087684052000585,0.03820922311831235,0.25,0.07537783614444091,0.016854996561581053
vicsek,rho_1_over_3pi,3.2000000000000002,950,20,0.3410721381104683,0.1669092125531419,0.03732203453397865,0.25,0.07537783614444091,0.016854996561581053
vicsek,rho_1_over_3pi,3.2000000000000002,1000,20,0.2912029670617731,0.14905329387902103,0.03332932973837443,0.25,0.09033912233796268,0.020200441857535428
vicsek,rho_1_over_3pi,3.2000000000000002,1050,20,0.32479915906475176,0.16684898927712655,0.03730856820007884,0.2363636363636364,0.07820295697311479,0.017486712783337584
vicsek,rho_1_over_3pi,3.2000000000000002,1100,20,0.28905624103158783,0.1364477860260523,0.03051065249335988,0.2363636363636364,0.08331955809010617,0.018630819574471994
vicsek,rho_1_over_3pi,3.2000000000000002,1150,20,0.2482689790055196,0.12094290984188663,0.027043656780308685,0.2272727272727273,0.06741998624632421,0.01507556722888818
vicsek,rho_1_over_3pi,3.2000000000000002,1200,20,0.2823066212815091,0.1606243953321592,0.03591670668075078,0.23181818181818184,0.07859825666268447,0.01757510448107382
vicsek,rho_1_over_3pi,3.2000000000000002,1250,20,0.3951485680293239,0.13512097937063927,0.030213969505909613,0.2409090909090909,0.07201354326252209,0.016102717803562136
vicsek,rho_1_over_3pi,3.2000000000000002,1300,20,0.3319190019766428,0.1607807821749641,0.03595167584188062,0.2727272727272727,0.07606000241218869,0.01700753357624519
vicsek,rho_1_over_3pi,3.2000000000000002,1350,20,0.31606759084280445,0.1474579468934213,0.03297259930762439,0.2545454545454545,0.061657545301138796,0.013787046261911908
vicsek,rho_1_over_3pi,3.2000000000000002,1400,20,0.3201609081469484,0.11878212880693664,0.026560491452444632,0.2409090909090909,0.06602654111969977,0.014763983426283376
vicsek,rho_1_over_3pi,3.2000000000000002,1450,20,0.27923704193479654,0.1362301026268088,0.03046197700553171,0.2409090909090909,0.06602654111969977,0.014763983426283376
vicsek,rho_1_over_3pi,3.2000000000000002,1500,20,0.30234641171061083,0.16300210623327901,0.03644837900132541,0.2590909090909091,0.0826972972666375,0.0184916778243709
vicsek,rho_1_over_3pi,3.2000000000000002,1550,20,0.3584628266601464,0.1955295563957224,0.0437217379711214,0.25,0.06968049871252678,0.015581033182729645
vicsek,rho_1_over_3pi,3.2000000000000002,1600,20,0.30287763780781485,0.13867472035761397,0.031008610148039878,0.2909090909090909,0.08907235428302465,0.019917183909278765
vicsek,rho_1_over_3pi,3.2000000000000002,1650,20,0.31060473620537177,0.14289253488050552,0.03195174214700701,0.2727272727272727,0.08624393618641034,0.01928473039599675
vicsek,rho_1_over_3pi,3.2000000000000002,1700,20,0.290164070366454,0.17268728998038307,0.03861405192463548,0.2545454545454545,0.061657545301138796,0.013787046261911908
vicsek,rho_1_over_3pi,3.2000000000000002,1750,20,0.37887563721608947,0.1537766954569326,0.034385514439698436,0.2636363636363636,0.06363636363636363,0.014229523493180478
vicsek,rho_1_over_3pi,3.2000000000000002,1800,20,0.31524723572048907,0.15949220200809186,0.03566354055712218,0.2863636363636364,0.08755163765571919,0.019577141333961844
vicsek,rho_1_over_3pi,3.2000000000000002,1850,20,0.2845213770522552,0.12112314589075501,0.027083958786035253,0.29545454545454547,0.09480297097551914,0.021198588757020034
vicsek,rho_1_over_3pi,3.2000000000000002,1900,20,0.35576135406434545,0.1557209231301373,0.03482025696380063,0.2863636363636364,0.11597591656520977,0.025933003319265294
vicsek,rho_1_over_3pi,3.2000000000000002,1950,20,0.2841570672941166,0.1385389580679539,0.030978252777193786,0.3,0.10794856442761742,0.024138032813366822
vicsek,rho_1_over_3pi,3.2000000000000002,2000,20,0.3104933782835589,0.13761298266179006,0.03077119838182625,0.2909090909090909,0.10984587248722337,0.024562283792920536
vicsek,rho_1_over_3pi,3.2000000000000002,2050,20,0.26595848946238637,0.12317253631923834,0.027542216417087866,0.3,0.09577867048047944,0.021416761798890446
vicsek,rho_1_over_3pi,3.2000000000000002,2100,20,0.35335954980278517,0.15093725170898825,0.0337505955158294,0.3,0.10405021038417815,0.023266334349217686
vicsek,rho_1_over_3pi,3.2000000000000002,2150,20,0.313639832361823,0.16850150899959399,0.037678082843438473,0.30454545454545456,0.09215061333051497,0.020605503557532975
vicsek,rho_1_over_3pi,3.2000000000000002,2200,20,0.3032195594210046,0.14967670450317297,0.03346872859172436,0.3090909090909091,0.10123207932418221,0.02263618108725224
vicsek,rho_1_over_3pi,3.2000000000000002,2250,20,0.2937869334431087,0.10407216916489082,0.023271244481855337,0.3181818181818182,0.09748913904330553,0.021799234196875995
vicsek,rho_1_over_3pi,3.2000000000000002,2300,20,0.3837094014390703,0.12546321994374157,0.028054428847021348,0.3136363636363636,0.09304313404753964,0.020805077256992377
vicsek,rho_1_over_3pi,3.2000000000000002,2350,20,0.30031408898670164,0.14916852794106475,0.03335509685797975,0.3090909090909091,0.12331509060227759,0.027574092523823816
vicsek,rho_1_over_3pi,3.2000000000000002,2400,20,0.4075440045442386,0.19920411192517798,0.04454339356621744,0.3181818181818182,0.1269476367615358,0.028386354538174532
vicsek,rho_1_over_3pi,3.2000000000000002,2450,20,0.3555077462079019,0.11278736123718833,0.025220020672917787,0.30454545454545456,0.11235642813007522,0.025123661100791776
vicsek,rho_1_over_3pi,3.2000000000000002,2500,20,0.32993275542590356,0.16947003951633033,0.037894652850809014,0.3,0.11535070491317745,0.025793201743838375
vicsek,rho_1_over_3pi,3.2000000000000002,2550,20,0.3515879978574931,0.19996898146177386,0.04471442359399216,0.3,0.10405021038417815,0.023266334349217686
vicsek,rho_1_over_3pi,3.2000000000000002,2600,20,0.3006729136715341,0.16290982036029825,0.03642774325279061,0.3090909090909091,0.09270944570168699,0.02073046227452978
vicsek,rho_1_over_3pi,3.2000000000000002,2650,20,0.24257739811021697,0.12349299016923856,0.027613872076313068,0.34090909090909094,0.10708380899445223,0.023944667620119858
vicsek,rho_1_over_3pi,3.2000000000000002,2700,20,0.3250151124406871,0.1531233069606065,0.03423941233034828,0.34090909090909094,0.08564292582462169,0.01915034039358263
vicsek,rho_1_over_3pi,3.2000000000000002,2750,20,0.33667063501981653,0.17129162002803833,0.03830197063587581,0.3136363636363636,0.10937463105014512,0.02445691100420837
vicsek,rho_1_over_3pi,3.2000000000000002,2800,20,0.37234741845749436,0.14332445280970654,0.03204832193204645,0.3,0.10405021038417815,0.023266334349217686
vicsek,rho_1_over_3pi,3.2000000000000002,2850,20,0.32951414833312376,0.12465798481754677,0.027874372799017128,0.2909090909090909,0.09791208740244553,0.0218938083250769
vicsek,rho_1_over_3pi,3.2000000000000002,2900,20,0.3008876317129977,0.12350819161959445,0.027617271223948303,0.3,0.10405021038417815,0.023266334349217686
vicsek,rho_1_over_3pi,3.2000000000000002,2950,20,0.338254616021091,0.11619908935605211,0.025982906272370477,0.2909090909090909,0.09791208740244553,0.0218938083250769
vicsek,rho_1_over_3pi,3.2000000000000002,3000,20,0.303701817754044,0.16289582347327702,0.03642461345370533,0.3227272727272727,0.10937463105014512,0.02445691100420837
vicsek,rho_1_over_3pi,3.3999999999999999,0,20,0.2718276137511647,0.13130107229679094,0.0293598123174239,0.20909090909090908,0.07100226978096959,0.01587659017870271
vicsek,rho_1_over_3pi,3.3999999999999999,50,20,0.34696731681362947,0.16928886162104376,0.037854140241820905,0.21818181818181817,0.07820295697311479,0.017486712783337584
vicsek,rho_1_over_3pi,3.3999999999999999,100,20,0.2740755051201872,0.1611428378596163,0.03603263395413288,0.2363636363636364,0.09706434774573919,0.021704247975115127
vicsek,rho_1_over_3pi,3.3999999999999999,150,20,0.27788638434621166,0.1399674435777567,0.031297671847673035,0.21818181818181817,0.07820295697311479,0.017486712783337584
vicsek,rho_1_over_3pi,3.3999999999999999,200,20,0.3156812855102416,0.1438533742332322,0.032166592357822384,0.2409090909090909,0.05202510519208907,0.011633167174608841
vicsek,rho_1_over_3pi,3.3999999999999999,250,20,0.340923973675738,0.16882521404717316,0.037750465492543156,0.24545454545454545,0.06492207662311682,0.01451701765697392
vicsek,rho_1_over_3pi,3.3999999999999999,300,20,0.24044646570225478,0.12088837020765587,0.02703146134734789,0.24545454545454545,0.07100226978096959,0.01587659017870271
vicsek,rho_1_over_3pi,3.3999999999999999,350,20,0.34343921679620254,0.13686895701403878,0.030604829189288734,0.2681818181818182,0.09304313404753964,0.020805077256992377
vicsek,rho_1_over_3pi,3.3999999999999999,400,20,0.28029336699204976,0.16442183205645736,0.036765839346329265,0.2590909090909091,0.0826972972666375,0.0184916778243709
vicsek,rho_1_over_3pi,3.3999999999999999,450,20,0.3158463957195029,0.13291276379509342,0.02972019749232018,0.2590909090909091,0.07753964595105446,0.01733839192978241
vicsek,rho_1_over_3pi,3.3999999999999999,500,20,0.27229396404386147,0.09040824305295903,0.02021589771927395,0.28181818181818186,0.06982859770789644,0.015614149124834244
vicsek,rho_1_over_3pi,3.3999999999999999,550,20,0.3461666999222811,0.12191493514368948,0.027261008245376774,0.2863636363636364,0.0826972972666375,0.0184916778243709
vicsek,rho_1_over_3pi,3.3999999999999999,600,20,0.373399540391005,0.17351863372064505,0.038799946036224955,0.28181818181818186,0.09917011013305194,0.022175110759364482
vicsek,rho_1_over_3pi,3.3999999999999999,650,20,0.354524477772779,0.15033603084855296,0.03361615844448698,0.2863636363636364,0.11235642813007522,0.025123661100791776
vicsek,rho_1_over_3pi,3.3999999999999999,700,20,0.29005925514818065,0.11053510371528692,0.02471640058073711,0.2727272727272727,0.08131156281817417,0.01818181818181818
vicsek,rho_1_over_3pi,3.3999999999999999,750,20,0.28739253550460836,0.1520428376793833,0.03399781205430674,0.29545454545454547,0.09033912233796268,0.020200441857535428
vicsek,rho_1_over_3pi,3.3999999999999999,800,20,0.28841175684359327,0.14804061668548962,0.03310288823397444,0.2772727272727272,0.07315216790650492,0.016357322014042348
vicsek,rho_1_over_3pi,3.3999999999999999,850,20,0.3056988553935446,0.12586849476720918,0.02814505105250563,0.3,0.08181818181818182,0.01829510163408919
vicsek,rho_1_over_3pi,3.3999999999999999,900,20,0.267583529344961,0.10778448499347457,0.02410134353652151,0.2727272727272727,0.07041787902195304,0.01574591643244434
vicsek,rho_1_over_3pi,3.3999999999999999,950,20,0.2812802668026577,0.13800980928545292,0.03085993151240544,0.2909090909090909,0.09791208740244552,0.021893808325076897
vicsek,rho_1_over_3pi,3.3999999999999999,1000,20,0.28195332075933754,0.15482490279906072,0.03461990072684972,0.2772727272727272,0.0884905560633263,0.019787089872435378
vicsek,rho_1_over_3pi,3.3999999999999999,1050,20,0.3102198393493655,0.19955158667874057,0.04462109128316054,0.2772727272727272,0.10153776319858489,0.022704534079531227
vicsek,rho_1_over_3pi,3.3999999999999999,1100,20,0.3050726066226117,0.12530037755781973,0.0280180161825674,0.2863636363636364,0.09215061333051497,0.020605503557532975
vicsek,rho_1_over_3pi,3.3999999999999999,1150,20,0.320986192298926,0.15522710829237996,0.034709836609248285,0.2909090909090909,0.10984587248722338,0.02456228379292054
vicsek,rho_1_over_3pi,3.3999999999999999,1200,20,0.311145923544649,0.16071392462511985,0.03593672603925454,0.2681818181818182,0.09738311493467522,0.021775526485460876
vicsek,rho_1_over_3pi,3.3999999999999999,1250,20,0.2675692131248378,0.1440052581578962,0.0322005546358462,0.2863636363636363,0.11597591656520975,0.02593300331926529
vicsek,rho_1_over_3pi,3.3999999999999999,1300,20,0.2681360043181342,0.14637266710144617,0.032729923368678075,0.2863636363636363,0.09215061333051495,0.020605503557532972
vicsek,rho_1_over_3pi,3.3999999999999999,1350,20,0.4075886883877079,0.13540136197563027,0.03027666496235645,0.2681818181818182,0.09304313404753962,0.020805077256992374
vicsek,rho_1_over_3pi,3.3999999999999999,1400,20,0.25116910249501406,0.10373138763430365,0.023195043415068405,0.2681818181818182,0.09738311493467522,0.021775526485460876
vicsek,rho_1_over_3pi,3.3999999999999999,1450,20,0.3060422069416309,0.15090776267630582,0.03374400156766254,0.2636363636363636,0.08080176743014171,0.018067824467592534
vicsek,rho_1_over_3pi,3.3999999999999999,1500,20,0.2739106063223916,0.13547407301123784,0.030292923644189743,0.2636363636363636,0.08080176743014171,0.018067824467592534
vicsek,rho_1_over_3pi,3.3999999999999999,1550,20,0.2992990986692202,0.15952197994813772,0.03567019910693943,0.29545454545454547,0.11087555379682243,0.024792527533262984
vicsek,rho_1_over_3pi,3.3999999999999999,1600,20,0.351723483172089,0.18629081555543858,0.04165589271658359,0.3,0.10405021038417815,0.023266334349217686
vicsek,rho_1_over_3pi,3.3999999999999999,1650,20,0.3082567858849238,0.15418704358632895,0.03447727107087545,0.3227272727272727,0.12017549151274805,0.026872056825195365
vicsek,rho_1_over_3pi,3.3999999999999999,1700,20,0.3925614156966969,0.13601357774864492,0.030413560570892284,0.32727272727272727,0.1052348809344566,0.023531234737354155
vicsek,rho_1_over_3pi,3.3999999999999999,1750,20,0.32179086175796423,0.13238807802017263,0.029602874186365178,0.34090909090909094,0.12489665149121895,0.027927740289646605
vicsek,rho_1_over_3pi,3.3999999999999999,1800,20,0.28598310192226584,0.1624474485302137,0.03632435376849561,0.35909090909090907,0.13628785773240862,0.0304748914397486
vicsek,rho_1_over_3pi,3.3999999999999999,1850,20,0.30710397742956713,0.18753297875449404,0.04193364885180725,0.36363636363636365,0.14937887931959076,0.03340213285613425
vicsek,rho_1_over_3pi,3.3999999999999999,1900,20,0.3187380271835996,0.174791360439588,0.03908453638225863,0.35454545454545455,0.15719651332536894,0.03515020896214764
vicsek,rho_1_over_3pi,3.3999999999999999,1950,20,0.3077774433651526,0.1671155570834132,0.03736817457362584,0.34090909090909094,0.13749530420231068,0.030744884678337917
vicsek,rho_1_over_3pi,3.3999999999999999,2000,20,0.292587035249496,0.13028651471894376,0.029132950346308514,0.34090909090909094,0.12154310870109943,0.027177865325230446
vicsek,rho_1_over_3pi,3.3999999999999999,2050,20,0.31062969693907583,0.15133357494855018,0.03383921608630174,0.3227272727272727,0.13628785773240862,0.0304748914397486
vicsek,rho_1_over_3pi,3.3999999999999999,2100,20,0.30803760460172663,0.1226983344943,0.027436181665526208,0.32727272727272727,0.14200453956193917,0.03175318035740542
vicsek,rho_1_over_3pi,3.3999999999999999,2150,20,0.34077207871757736,0.14752718245164245,0.032988080849088657,0.3318181818181818,0.13568010505999362,0.03033899381084589
vicsek,rho_1_over_3pi,3.3999999999999999,2200,20,0.30988041736219496,0.2004630563749308,0.04482490210317178,0.34090909090909094,0.15447859516333118,0.03454246398538787
vicsek,rho_1_over_3pi,3.3999999999999999,2250,20,0.2914184539733494,0.14647374080342124,0.03275252413551345,0.3227272727272727,0.1506871314022798,0.03369466691499408
vicsek,rho_1_over_3pi,3.3999999999999999,2300,20,0.3932439212623407,0.1334572987557894,0.02984195921114432,0.33181818181818185,0.15817920583004833,0.035369945686291905
vicsek,rho_1_over_3pi,3.3999999999999999,2350,20,0.30056199552719004,0.13359717416078767,0.029873236302539963,0.3227272727272727,0.16128359090191063,0.03606410729119388
vicsek,rho_1_over_3pi,3.3999999999999999,2400,20,0.29817357815893464,0.16685425488165975,0.037309745625046735,0.3363636363636363,0.15507929190210892,0.03467678385956482
vicsek,rho_1_over_3pi,3.3999999999999999,2450,20,0.1941666401842723,0.08719856958024129,0.01949819291221648,0.3363636363636363,0.13205308223939954,0.029527966852566753
vicsek,rho_1_over_3pi,3.3999999999999999,2500,20,0.2828338161927771,0.19517086074227002,0.04364153118468608,0.3363636363636363,0.13205308223939954,0.029527966852566753
vicsek,rho_1_over_3pi,3.3999999999999999,2550,20,0.3473976169218662,0.20532618147317058,0.04591232993344673,0.35454545454545455,0.13757041773110504,0.030761680573979322
vicsek,rho_1_over_3pi,3.3999999999999999,2600,20,0.3161834100278495,0.13801353180674628,0.030860763893471404,0.3227272727272727,0.15068713140227977,0.03369466691499407
vicsek,rho_1_over_3pi,3.3999999999999999,2650,20,0.30743356803979294,0.15672257906386938,0.03504423403958973,0.3227272727272727,0.1534048820971473,0.03430237444495619
vicsek,rho_1_over_3pi,3.3999999999999999,2700,20,0.27703759358149077,0.16389697434647194,0.03664847759452504,0.30454545454545456,0.1228955075872343,0.027480270909439705
vicsek,rho_1_over_3pi,3.3999999999999999,2750,20,0.2950645136220761,0.13198602702770557,0.029512972851407415,0.2863636363636364,0.11597591656520975,0.02593300331926529
vicsek,rho_1_over_3pi,3.3999999999999999,2800,20,0.2575064565417986,0.1312082111026955,0.02933904792317698,0.3,0.1411288608750911,0.031557372650381416
vicsek,rho_1_over_3pi,3.3999999999999999,2850,20,0.2911146381811641,0.11779152242966975,0.026338985132593275,0.2909090909090909,0.11712817024295569,0.026190655074341696
vicsek,rho_1_over_3pi,3.3999999999999999,2900,20,0.31916030756416786,0.11182119532825285,0.02500397940792553,0.2909090909090909,0.12398346997259868,0.027723546694503463
vicsek,rho_1_over_3pi,3.3999999999999999,2950,20,0.35615900662291533,0.16472089771901507,0.03683271246145078,0.25,0.10708380899445223,0.023944667620119858
vicsek,rho_1_over_3pi,3.3999999999999999,3000,20,0.3293406575755331,0.14938616744519226,0.0334037625305616,0.2681818181818182,0.10552897060221726,0.02359699518621347
vicsek,rho_1_over_3pi,3.6000000000000001,0,20,0.22570281659555086,0.15805387253415712,0.03534192030934623,0.19090909090909092,0.04895604370122276,0.010946904162538448
vicsek,rho_1_over_3pi,3.6000000000000001,50,20,0.3015380894057361,0.11513975931683543,0.025746032874540876,0.20909090909090908,0.050616039662091106,0.01131809054362612
vicsek,rho_1_over_3pi,3.6000000000000001,100,20,0.24499632793763476,0.13144763064526277,0.029392583760409208,0.23181818181818184,0.07859825666268447,0.01757510448107382
vicsek,rho_1_over_3pi,3.6000000000000001,150,20,0.2850795201508239,0.1581241017934864,0.0353576240491332,0.22727272727272724,0.09315409787235998,0.020829889522526544
vicsek,rho_1_over_3pi,3.6000000000000001,200,20,0.30040657290376116,0.13202886395807553,0.029522551480232882,0.2409090909090909,0.10072054457345607,0.022521798439704532
vicsek,rho_1_over_3pi,3.6000000000000001,250,20,0.3199787585063932,0.17740203344526945,0.039668300613031365,0.20909090909090908,0.058210220340298616,0.013016200966614863
vicsek,rho_1_over_3pi,3.6000000000000001,300,20,0.21525139742859914,0.10430961584511739,0.023324339173657165,0.21363636363636362,0.05202510519208907,0.011633167174608841
vicsek,rho_1_over_3pi,3.6000000000000001,350,20,0.2980448268015319,0.1777066877113065,0.03973642337788078,0.22727272727272724,0.07872958216222169,0.017604469755488256
vicsek,rho_1_over_3pi,3.6000000000000001,400,20,0.39598399115168414,0.17264362029223856,0.03860428708551075,0.24545454545454545,0.06492207662311682,0.01451701765697392
vicsek,rho_1_over_3pi,3.6000000000000001,450,20,0.30169339856685506,0.13685099008265134,0.030600811661295794,0.2363636363636364,0.06680426571226848,0.014937887931959073
vicsek,rho_1_over_3pi,3.6000000000000001,500,20,0.18971871983374103,0.09877422787339457,0.022086588794996476,0.23181818181818184,0.07315216790650492,0.016357322014042348
vicsek,rho_1_over_3pi,3.6000000000000001,550,20,0.23851513192380205,0.16976142273515307,0.037959808119288056,0.2409090909090909,0.07201354326252209,0.016102717803562136
vicsek,rho_1_over_3pi,3.6000000000000001,600,20,0.2924662772716199,0.10371645471672035,0.02319170431318654,0.23181818181818184,0.07859825666268447,0.01757510448107382
vicsek,rho_1_over_3pi,3.6000000000000001,650,20,0.2833957297368873,0.16955587717379753,0.03791384673452162,0.2272727272727273,0.08381404052084443,0.018741389207353
vicsek,rho_1_over_3pi,3.6000000000000001,700,20,0.290486652130438,0.14874162046402256,0.033259637444102826,0.24545454545454545,0.09577867048047944,0.021416761798890446
vicsek,rho_1_over_3pi,3.6000000000000001,750,20,0.286486550632446,0.13265971088888534,0.029663613142301665,0.24545454545454545,0.10405021038417815,0.023266334349217686
vicsek,rho_1_over_3pi,3.6000000000000001,800,20,0.2921237811214825,0.1286740573390142,0.028772393915074142,0.24545454545454545,0.1,0.022360679774997897
vicsek,rho_1_over_3pi,3.6000000000000001,850,20,0.293939862044036,0.1549896707739222,0.03465674396608025,0.25,0.10708380899445223,0.023944667620119858
vicsek,rho_1_over_3pi,3.6000000000000001,900,20,0.2813421599962883,0.14570928511841477,0.03258158664776739,0.2636363636363636,0.09491187735373227,0.02122294096350682
vicsek,rho_1_over_3pi,3.6000000000000001,950,20,0.24344752891333005,0.13315751546940713,0.029774925630457413,0.2590909090909091,0.10861639223044109,0.024287363649804626
vicsek,rho_1_over_3pi,3.6000000000000001,1000,20,0.23880981448726687,0.11992714805960476,0.026816525540895825,0.2409090909090909,0.07201354326252209,0.016102717803562136
vicsek,rho_1_over_3pi,3.6000000000000001,1050,20,0.2936753914433804,0.15168282263216581,0.03391731024245663,0.2636363636363636,0.10718023747774177,0.02396622968448012
vicsek,rho_1_over_3pi,3.6000000000000001,1100,20,0.32497612341171456,0.14634472292871,0.032723674861696764,0.2545454545454545,0.10984587248722338,0.02456228379292054
vicsek,rho_1_over_3pi,3.6000000000000001,1150,20,0.2574827994513639,0.16059704559831398,0.03591059109434634,0.2590909090909091,0.10861639223044109,0.024287363649804626
vicsek,rho_1_over_3pi,3.6000000000000001,1200,20,0.24793186171887743,0.11874817951678246,0.02655290016038737,0.2590909090909091,0.10861639223044109,0.024287363649804626
vicsek,rho_1_over_3pi,3.6000000000000001,1250,20,0.310560189392815,0.14503194456119867,0.03243012869478211,0.2590909090909091,0.11597591656520975,0.02593300331926529
vicsek,rho_1_over_3pi,3.6000000000000001,1300,20,0.333974148476651,0.16693024196316264,0.03732673685301196,0.25,0.09033912233796268,0.020200441857535428
vicsek,rho_1_over_3pi,3.6000000000000001,1350,20,0.25476614429416294,0.11210621452995526,0.025067711638915458,0.2727272727272727,0.11134044285378082,0.024896479886598457
vicsek,rho_1_over_3pi,3.6000000000000001,1400,20,0.2736354428283247,0.1331925947197426,0.029782769589292397,0.2590909090909091,0.09215061333051495,0.020605503557532972
vicsek,rho_1_over_3pi,3.6000000000000001,1450,20,0.23416353162150041,0.10499495052281847,0.023477584666324918,0.24545454545454545,0.08181818181818182,0.01829510163408919
vicsek,rho_1_over_3pi,3.6000000000000001,1500,20,0.32667561154148955,0.14070815707149936,0.03146330042005903,0.2545454545454545,0.07925270806437588,0.017721444263289025
vicsek,rho_1_over_3pi,3.6000000000000001,1550,20,0.34200562293606235,0.17366329935549474,0.038832294255578166,0.2681818181818182,0.08849055606332629,0.019787089872435375
vicsek,rho_1_over_3pi,3.6000000000000001,1600,20,0.3091602230829144,0.12414065767449872,0.02775869493317101,0.2727272727272727,0.09534625892455922,0.02132007163556104
vicsek,rho_1_over_3pi,3.6000000000000001,1650,20,0.32860379383059024,0.18371154171604984,0.04107914955283758,0.2772727272727272,0.09304313404753964,0.020805077256992377
vicsek,rho_1_over_3pi,3.6000000000000001,1700,20,0.23894907285812836,0.10551802147561191,0.023594546887075088,0.28181818181818186,0.11096868741576092,0.024813352843556687
vicsek,rho_1_over_3pi,3.6000000000000001,1750,20,0.31612198531257507,0.14251028730759935,0.03186626899128176,0.28181818181818186,0.11096868741576092,0.024813352843556687
vicsek,rho_1_over_3pi,3.6000000000000001,1800,20,0.23276223802727736,0.15653043203716724,0.035001268658251684,0.2636363636363636,0.09491187735373227,0.02122294096350682
vicsek,rho_1_over_3pi,3.6000000000000001,1850,20,0.2891137240046068,0.13655970293626657,0.030535677875266967,0.2863636363636364,0.09215061333051497,0.020605503557532975
vicsek,rho_1_over_3pi,3.6000000000000001,1900,20,0.29650322878772356,0.1425790339750345,0.03188164121344292,0.2909090909090909,0.09791208740244553,0.0218938083250769
vicsek,rho_1_over_3pi,3.6000000000000001,1950,20,0.2389498424846011,0.08285183907981121,0.018526234424333148,0.2863636363636364,0.1228955075872343,0.027480270909439705
vicsek,rho_1_over_3pi,3.6000000000000001,2000,20,0.3193856760727858,0.13556635701220948,0.03031355897413057,0.3090909090909091,0.09706434774573919,0.021704247975115127
vicsek,rho_1_over_3pi,3.6000000000000001,2050,20,0.30512980879706764,0.11985768625703344,0.026800993409656908,0.30454545454545456,0.10861639223044109,0.024287363649804626
vicsek,rho_1_over_3pi,3.6000000000000001,2100,20,0.271766377881664,0.1312439389425257,0.02934703691103193,0.28181818181818186,0.10325287901455042,0.023088045634909623
vicsek,rho_1_over_3pi,3.6000000000000001,2150,20,0.3773156561593761,0.17282436419777403,0.03864470265144036,0.3136363636363636,0.14509899726829426,0.032445122135896225
vicsek,rho_1_over_3pi,3.6000000000000001,2200,20,0.3034213759346231,0.09993713087797822,0.02234662181194525,0.3,0.11887906209656382,0.026582166394933535
vicsek,rho_1_over_3pi,3.6000000000000001,2250,20,0.3484181220329401,0.17859868508217827,0.03993588005358282,0.30454545454545456,0.11597591656520975,0.02593300331926529
vicsek,rho_1_over_3pi,3.6000000000000001,2300,20,0.2529245605300986,0.1076633052296902,0.024074246917589588,0.3181818181818182,0.11318090543626119,0.02530801983104555
vicsek,rho_1_over_3pi,3.6000000000000001,2350,20,0.279840024016141,0.14683209493089422,0.032832654554418174,0.3090909090909091,0.10123207932418221,0.02263618108725224
vicsek,rho_1_over_3pi,3.6000000000000001,2400,20,0.35842624138619056,0.18307446586210188,0.04093669506121244,0.3181818181818182,0.09748913904330553,0.021799234196875995
vicsek,rho_1_over_3pi,3.6000000000000001,2450,20,0.31494826922200514,0.11431610915056722,0.025561859098395406,0.3181818181818182,0.10163945352271771,0.022727272727272724
vicsek,rho_1_over_3pi,3.6000000000000001,2500,20,0.26206220646565825,0.1407796722333968,0.031479291696401485,0.32727272727272727,0.09270944570168699,0.02073046227452978
vicsek,rho_1_over_3pi,3.6000000000000001,2550,20,0.2595094619306683,0.1215698115182972,0.027183836256674945,0.32727272727272727,0.10909090909090909,0.024393468845452248
vicsek,rho_1_over_3pi,3.6000000000000001,2600,20,0.3659590605479934,0.17308134710853226,0.03870216577719148,0.33636363636363636,0.10794856442761742,0.024138032813366822
vicsek,rho_1_over_3pi,3.6000000000000001,2650,20,0.27992512761416877,0.13643090814990144,0.03050687848552097,0.33636363636363636,0.11171096115858643,0.024979330298243792
vicsek,rho_1_over_3pi,3.6000000000000001,2700,20,0.3062192300574816,0.17535758407490967,0.03921114783616326,0.3318181818181818,0.11235642813007522,0.025123661100791776
vicsek,rho_1_over_3pi,3.6000000000000001,2750,20,0.39607315168467677,0.13628603229180714,0.030474483258821218,0.33636363636363636,0.10794856442761742,0.024138032813366822
vicsek,rho_1_over_3pi,3.6000000000000001,2800,20,0.3919714924673866,0.185159747087545,0.04140297811844193,0.32727272727272727,0.11281521496355323,0.025226248955475646
vicsek,rho_1_over_3pi,3.6000000000000001,2850,20,0.3572909502388012,0.19464627305038312,0.043524229810764196,0.35,0.10474289656184466,0.023421223687251365
vicsek,rho_1_over_3pi,3.6000000000000001,2900,20,0.31894107598667104,0.13235328999886092,0.029595095348319608,0.34090909090909094,0.10708380899445223,0.023944667620119858
vicsek,rho_1_over_3pi,3.6000000000000001,2950,20,0.3500043889117598,0.1529657873555031,0.03420418987586827,0.3227272727272727,0.09304313404753964,0.020805077256992377
vicsek,rho_1_over_3pi,3.6000000000000001,3000,20,0.26158625640756616,0.15555569808996583,0.034783311521659775,0.3227272727272727,0.10937463105014514,0.02445691100420837
vicsek,rho_1_over_3pi,3.7999999999999998,0,20,0.23992942268064898,0.13563903965582239,0.03032981130732085,0.2,0.04635472285084349,0.010365231137264888
vicsek,rho_1_over_3pi,3.7999999999999998,50,20,0.26737524812404945,0.10185610822039258,0.02277571819043729,0.18636363636363637,0.034914298853948214,0.0078070745624171205
vicsek,rho_1_over_3pi,3.7999999999999998,100,20,0.3294502062740824,0.1415312608955388,0.03164735203036825,0.21363636363636362,0.043360872791679335,0.009695785912591607
vicsek,rho_1_over_3pi,3.7999999999999998,150,20,0.26096329200816226,0.14894818432670343,0.033305826527967757,0.2,0.04635472285084349,0.010365231137264888
vicsek,rho_1_over_3pi,3.7999999999999998,200,20,0.2870860822804301,0.15807213060066305,0.03534600293713072,0.20909090909090908,0.058210220340298616,0.013016200966614863
vicsek,rho_1_over_3pi,3.7999999999999998,250,20,0.30669675059342516,0.14467832703558994,0.03235105741225247,0.20909090909090908,0.06492207662311682,0.01451701765697392
vicsek,rho_1_over_3pi,3.7999999999999998,300,20,0.2826682923067626,0.1492583439498932,0.033375180328100565,0.19545454545454546,0.052025105192089076,0.011633167174608843
vicsek,rho_1_over_3pi,3.7999999999999998,350,20,0.29933980435380075,0.16868220701403053,0.03771848814780641,0.2,0.06803013430498074,0.015212000482437734
vicsek,rho_1_over_3pi,3.7999999999999998,400,20,0.24212983378288766,0.10175526355047111,0.022753168636726,0.20909090909090908,0.04165977904505308,0.009315409787235995
vicsek,rho_1_over_3pi,3.7999999999999998,450,20,0.2852681549276963,0.11163924422683916,0.02496329390479133,0.20909090909090908,0.06492207662311682,0.01451701765697392
vicsek,rho_1_over_3pi,3.7999999999999998,500,20,0.30485402243945636,0.12914509819820283,0.028877721853206712,0.20454545454545453,0.05659045271813059,0.012654009915522773
vicsek,rho_1_over_3pi,3.7999999999999998,550,20,0.29173194797397545,0.10700067293077715,0.023926077831143935,0.21818181818181817,0.05300865358950273,0.011853095282186633
vicsek,rho_1_over_3pi,3.7999999999999998,600,20,0.24120451951070607,0.1404388810631855,0.03140308847412907,0.22272727272727272,0.06081403709208932,0.013598432092410535
vicsek,rho_1_over_3pi,3.7999999999999998,650,20,0.3259472636688149,0.16891572022355658,0.037770703288820845,0.23181818181818178,0.04522670168666453,0.010112997936948628
vicsek,rho_1_over_3pi,3.7999999999999998,700,20,0.33529895962532863,0.1339375750755221,0.02994935226103489,0.24545454545454545,0.05821022034029862,0.013016200966614865
vicsek,rho_1_over_3pi,3.7999999999999998,750,20,0.31664210407911303,0.10529990453943082,0.023545774457440598,0.24545454545454545,0.05821022034029862,0.013016200966614865
vicsek,rho_1_over_3pi,3.7999999999999998,800,20,0.28212323223039143,0.16074959649326148,0.035944702511459446,0.24545454545454545,0.0506160396620911,0.011318090543626117
vicsek,rho_1_over_3pi,3.7999999999999998,850,20,0.2877040804427825,0.15562769498432194,0.034799410516654694,0.2545454545454545,0.06803013430498074,0.015212000482437734
vicsek,rho_1_over_3pi,3.7999999999999998,900,20,0.31109368399488935,0.1291099989665286,0.028869873426408555,0.2590909090909091,0.08269729726663749,0.018491677824370896
vicsek,rho_1_over_3pi,3.7999999999999998,950,20,0.29009174173159147,0.12587878574298708,0.028147352184645046,0.2409090909090909,0.07201354326252209,0.016102717803562136
vicsek,rho_1_over_3pi,3.7999999999999998,1000,20,0.32431249227515335,0.1621236811459712,0.03625195718048926,0.2590909090909091,0.0826972972666375,0.0184916778243709
vicsek,rho_1_over_3pi,3.7999999999999998,1050,20,0.310090936983511,0.14422663996762308,0.03225005711339932,0.2681818181818182,0.07859825666268447,0.01757510448107382
vicsek,rho_1_over_3pi,3.7999999999999998,1100,20,0.3069740498496202,0.15827397254909414,0.03539113616887102,0.2727272727272727,0.07041787902195303,0.015745916432444336
vicsek,rho_1_over_3pi,3.7999999999999998,1150,20,0.28993657449524773,0.13883695439695418,0.031044886782062783,0.2636363636363636,0.039626354032187935,0.008860722131644511
vicsek,rho_1_over_3pi,3.7999999999999998,1200,20,0.3195349119673835,0.13454804174123314,0.030085856757287643,0.2681818181818182,0.045226701686664546,0.010112997936948632
vicsek,rho_1_over_3pi,3.7999999999999998,1250,20,0.26419410035012036,0.15263145324036292,0.0341294304950032,0.2545454545454545,0.05454545454545454,0.012196734422726124
vicsek,rho_1_over_3pi,3.7999999999999998,1300,20,0.3270775441021513,0.14376916696970687,0.0321477630412782,0.2590909090909091,0.08269729726663749,0.018491677824370896
vicsek,rho_1_over_3pi,3.7999999999999998,1350,20,0.30698061615471384,0.16421180461545068,0.036718875782806144,0.2727272727272727,0.04979295977319692,0.011134044285378081
vicsek,rho_1_over_3pi,3.7999999999999998,1400,20,0.25008050517580777,0.11638839977440073,0.02602523736879812,0.2727272727272727,0.08624393618641034,0.01928473039599675
vicsek,rho_1_over_3pi,3.7999999999999998,1450,20,0.26886770783408104,0.12588701424606555,0.028149192133868697,0.2863636363636363,0.09215061333051495,0.020605503557532972
vicsek,rho_1_over_3pi,3.7999999999999998,1500,20,0.25705396237817985,0.14385066078825146,0.03216598561307937,0.2590909090909091,0.07753964595105445,0.017338391929782405
vicsek,rho_1_over_3pi,3.7999999999999998,1550,20,0.283457903731433,0.14233496945750576,0.031827066728233926,0.2590909090909091,0.07753964595105445,0.017338391929782405
vicsek,rho_1_over_3pi,3.7999999999999998,1600,20,0.3309098944316812,0.1592799724970731,0.035616084595775234,0.2772727272727272,0.08849055606332629,0.019787089872435375
vicsek,rho_1_over_3pi,3.7999999999999998,1650,20,0.23083922731857776,0.14784687957899864,0.033059567299986645,0.2818181818181818,0.09045340337332908,0.02022599587389726
vicsek,rho_1_over_3pi,3.7999999999999998,1700,20,0.2676193354531475,0.13552964551187743,0.030305350033100722,0.2636363636363636,0.09045340337332908,0.02022599587389726
vicsek,rho_1_over_3pi,3.7999999999999998,1750,20,0.35674451889262115,0.12387613675327834,0.027699546257039045,0.2727272727272727,0.0909090909090909,0.02032789070454354
vicsek,rho_1_over_3pi,3.7999999999999998,1800,20,0.389907689017598,0.17255458401204843,0.03858437796801387,0.2772727272727272,0.08849055606332629,0.019787089872435375
vicsek,rho_1_over_3pi,3.7999999999999998,1850,20,0.2898659209882812,0.122760784484037,0.027450145907750818,0.29545454545454547,0.09480297097551914,0.021198588757020034
vicsek,rho_1_over_3pi,3.7999999999999998,1900,20,0.3574646588017798,0.1399931139388297,0.03130341191490966,0.2772727272727272,0.08369069381600895,0.01871380804567173
vicsek,rho_1_over_3pi,3.7999999999999998,1950,20,0.29990875182860754,0.1705374402422733,0.038133330909053124,0.2863636363636364,0.09653072991634228,0.02158492740106139
vicsek,rho_1_over_3pi,3.7999999999999998,2000,20,0.329715062935566,0.11645665324434021,0.026040499308646613,0.3136363636363636,0.13322137172502585,0.02978920432329262
vicsek,rho_1_over_3pi,3.7999999999999998,2050,20,0.262964677320923,0.1391824598235403,0.03112214414410695,0.2818181818181818,0.10718023747774177,0.02396622968448012
vicsek,rho_1_over_3pi,3.7999999999999998,2100,20,0.254791813891449,0.13132488860372474,0.029365137805551594,0.2818181818181818,0.09045340337332908,0.02022599587389726
vicsek,rho_1_over_3pi,3.7999999999999998,2150,20,0.24251276490500367,0.14859815171075294,0.03322755685560702,0.2818181818181818,0.09491187735373227,0.02122294096350682
vicsek,rho_1_over_3pi,3.7999999999999998,2200,20,0.2838321458184782,0.14223672226166617,0.03180509798738432,0.2727272727272727,0.09090909090909091,0.020327890704543543
vicsek,rho_1_over_3pi,3.7999999999999998,2250,20,0.2861451323333355,0.14991028069172715,0.033520957815277606,0.2727272727272727,0.09534625892455922,0.02132007163556104
vicsek,rho_1_over_3pi,3.7999999999999998,2300,20,0.28695492859524185,0.16314137765463765,0.0364795210378735,0.2681818181818182,0.10153776319858489,0.022704534079531227
vicsek,rho_1_over_3pi,3.7999999999999998,2350,20,0.3230892867451017,0.22196665626114725,0.04963325321382545,0.2545454545454545,0.10984587248722337,0.024562283792920536
vicsek,rho_1_over_3pi,3.7999999999999998,2400,20,0.2680286650916226,0.16301755383970284,0.03645183319113074,0.2590909090909091,0.09653072991634228,0.02158492740106139
vicsek,rho_1_over_3pi,3.7999999999999998,2450,20,0.32480689227152476,0.13848176783699967,0.030965464652787527,0.2681818181818182,0.10153776319858489,0.022704534079531227
vicsek,rho_1_over_3pi,3.7999999999999998,2500,20,0.27028805310283655,0.12011963133859499,0.026859566110531245,0.2545454545454545,0.08430562268632458,0.01885131032120702
vicsek,rho_1_over_3pi,3.7999999999999998,2550,20,0.25211221307122694,0.12219117087247076,0.02732277643211369,0.2727272727272727,0.07606000241218869,0.01700753357624519
vicsek,rho_1_over_3pi,3.7999999999999998,2600,20,0.2369548190091551,0.1376225150183254,0.03077332988154613,0.2590909090909091,0.07753964595105446,0.01733839192978241
vicsek,rho_1_over_3pi,3.7999999999999998,2650,20,0.24425329212100116,0.13413700656537522,0.02999394649785146,0.2545454545454545,0.07385489458759964,0.01651445647689541
vicsek,rho_1_over_3pi,3.7999999999999998,2700,20,0.2690674615833213,0.14925788912867108,0.03337507862698354,0.2909090909090909,0.08430562268632458,0.01885131032120702
vicsek,rho_1_over_3pi,3.7999999999999998,2750,20,0.3432326780761834,0.14239786605565535,0.03184113083513552,0.28181818181818186,0.09045340337332909,0.020225995873897264
vicsek,rho_1_over_3pi,3.7999999999999998,2800,20,0.2819599980798273,0.16543238856358003,0.03699180665083237,0.2590909090909091,0.09653072991634228,0.02158492740106139
vicsek,rho_1_over_3pi,3.7999999999999998,2850,20,0.2688956430535467,0.11083342579565233,0.02478310742582573,0.2636363636363636,0.10325287901455042,0.023088045634909623
vicsek,rho_1_over_3pi,3.7999999999999998,2900,20,0.27400703437371826,0.18794916657622723,0.04202671127788755,0.24545454545454545,0.07100226978096959,0.01587659017870271
vicsek,rho_1_over_3pi,3.7999999999999998,2950,20,0.30810994902469646,0.12432170487440782,0.027799178317784282,0.2727272727272727,0.10365231137264891,0.023177361425421747
vicsek,rho_1_over_3pi,3.7999999999999998,3000,20,0.302547378070713,0.12389914934146724,0.027704692028191903,0.2727272727272727,0.07041787902195304,0.01574591643244434
vicsek,rho_1_over_3pi,4.2000000000000002,0,20,0.26277175544913495,0.14070417156432327,0.03146240923356197,0.18636363636363634,0.07859825666268445,0.017575104481073817
vicsek,rho_1_over_3pi,4.2000000000000002,50,20,0.32653897980191704,0.13936862979276998,0.03116377301476361,0.18181818181818182,0.07041787902195303,0.015745916432444336
vicsek,rho_1_over_3pi,4.2000000000000002,100,20,0.221395962717606,0.11650515345675676,0.02605134428583527,0.18181818181818182,0.06428243465332249,0.01437398936440172
vicsek,rho_1_over_3pi,4.2000000000000002,150,20,0.3037003123806657,0.11902183799426373,0.02661409205621409,0.18636363636363634,0.06081403709208932,0.013598432092410535
vicsek,rho_1_over_3pi,4.2000000000000002,200,20,0.32405056874668153,0.16830456357661783,0.03763404450807526,0.18636363636363634,0.06081403709208932,0.013598432092410535
vicsek,rho_1_over_3pi,4.2000000000000002,250,20,0.3195543117224577,0.1413487141681236,0.031606533341211204,0.21818181818181817,0.04453617714151232,0.00995859195463938
vicsek,rho_1_over_3pi,4.2000000000000002,300,20,0.2720947118354414,0.12553746558920395,0.02807103067805007,0.22272727272727272,0.04522670168666453,0.010112997936948628
vicsek,rho_1_over_3pi,4.2000000000000002,350,20,0.26086266956442206,0.09676270275116132,0.02163679810382026,0.21818181818181817,0.060302268915552716,0.013483997249264839
vicsek,rho_1_over_3pi,4.2000000000000002,400,20,0.35138343305517417,0.15804498466329006,0.03533993292100283,0.19545454545454546,0.07201354326252209,0.016102717803562136
vicsek,rho_1_over_3pi,4.2000000000000002,450,20,0.2917803240445128,0.12419214281531013,0.027770207360639555,0.20909090909090908,0.06492207662311682,0.01451701765697392
vicsek,rho_1_over_3pi,4.2000000000000002,500,20,0.2502290205867538,0.10683181993020947,0.02388832115239652,0.18636363636363637,0.060814037092089324,0.013598432092410536
vicsek,rho_1_over_3pi,4.2000000000000002,550,20,0.24246844098923895,0.1608596283485771,0.03596930638227706,0.19090909090909092,0.06982859770789643,0.015614149124834241
vicsek,rho_1_over_3pi,4.2000000000000002,600,20,0.30656532700657013,0.18175100937698446,0.04064076119461389,0.2,0.05454545454545454,0.012196734422726124
vicsek,rho_1_over_3pi,4.2000000000000002,650,20,0.2975983227428437,0.14886417345800254,0.03328704112664136,0.2,0.061657545301138796,0.013787046261911908
vicsek,rho_1_over_3pi,4.2000000000000002,700,20,0.26076482583119226,0.1274096184770934,0.028489656790209403,0.20909090909090908,0.058210220340298616,0.013016200966614863
vicsek,rho_1_over_3pi,4.2000000000000002,750,20,0.31498335051488996,0.1857453634609594,0.04153392592041108,0.20909090909090908,0.06492207662311682,0.01451701765697392
vicsek,rho_1_over_3pi,4.2000000000000002,800,20,0.29022852939211935,0.12474019341247052,0.027892755199675552,0.21363636363636362,0.043360872791679335,0.009695785912591607
vicsek,rho_1_over_3pi,4.2000000000000002,850,20,0.2759024832964484,0.1849290125972988,0.04135138431794751,0.22272727272727272,0.05359011873887088,0.011983114842240059
vicsek,rho_1_over_3pi,4.2000000000000002,900,20,0.22888332091133132,0.14382576447748519,0.032160418628753136,0.23181818181818184,0.05359011873887088,0.011983114842240059
vicsek,rho_1_over_3pi,4.2000000000000002,950,20,0.1997664048189261,0.0926623077109465,0.02071992189936793,0.23181818181818184,0.06726658448613064,0.015041265552522087
vicsek,rho_1_over_3pi,4.2000000000000002,1000,20,0.36679381948443035,0.1460492281216542,0.03265760021413927,0.23181818181818178,0.04522670168666453,0.010112997936948628
vicsek,rho_1_over_3pi,4.2000000000000002,1050,20,0.3015238401258231,0.12971201719245884,0.029004488794095937,0.2363636363636364,0.060302268915552716,0.013483997249264839
vicsek,rho_1_over_3pi,4.2000000000000002,1100,20,0.2679011509737111,0.11438291987811809,0.0255767984312384,0.22727272727272724,0.04545454545454544,0.010163945352271768
vicsek,rho_1_over_3pi,4.2000000000000002,1150,20,0.292320138262644,0.1809254464480896,0.04045615971174262,0.23181818181818178,0.05359011873887088,0.011983114842240059
vicsek,rho_1_over_3pi,4.2000000000000002,1200,20,0.3186568115904465,0.14496939709913081,0.03241614265708173,0.23181818181818178,0.04522670168666453,0.010112997936948628
vicsek,rho_1_over_3pi,4.2000000000000002,1250,20,0.3814232443514014,0.15171427634203563,0.033924343505797976,0.2409090909090909,0.05202510519208907,0.011633167174608841
vicsek,rho_1_over_3pi,4.2000000000000002,1300,20,0.29525044245589804,0.1673941154257637,0.03743046211254538,0.2409090909090909,0.06602654111969977,0.014763983426283376
vicsek,rho_1_over_3pi,4.2000000000000002,1350,20,0.321583475923121,0.15850128262163196,0.03544196424628751,0.25,0.056590452718130596,0.012654009915522775
vicsek,rho_1_over_3pi,4.2000000000000002,1400,20,0.2908860320350644,0.11193940265448682,0.025030411369615292,0.25,0.056590452718130596,0.012654009915522775
vicsek,rho_1_over_3pi,4.2000000000000002,1450,20,0.26502344793964216,0.1491733427814539,0.03335617348902084,0.2409090909090909,0.06602654111969977,0.014763983426283376
vicsek,rho_1_over_3pi,4.2000000000000002,1500,20,0.31922935373394756,0.13734033023135025,0.030710231444956857,0.2409090909090909,0.05202510519208907,0.011633167174608841
vicsek,rho_1_over_3pi,4.2000000000000002,1550,20,0.3138015589001381,0.15550450769558843,0.03477186500149749,0.2409090909090909,0.05202510519208907,0.011633167174608841
vicsek,rho_1_over_3pi,4.2000000000000002,1600,20,0.30400349939877974,0.15234646025414053,0.03406570412597281,0.24545454545454545,0.05821022034029862,0.013016200966614865
vicsek,rho_1_over_3pi,4.2000000000000002,1650,20,0.2586588092786555,0.1403640615028597,0.03138635831183556,0.2363636363636364,0.05300865358950272,0.011853095282186631
vicsek,rho_1_over_3pi,4.2000000000000002,1700,20,0.2990340203239299,0.1362709479008737,0.030471110286468588,0.23636363636363633,0.04453617714151232,0.00995859195463938
vicsek,rho_1_over_3pi,4.2000000000000002,1750,20,0.2673518603692936,0.1521316864219717,0.03401767923712105,0.2545454545454545,0.05454545454545454,0.012196734422726124
vicsek,rho_1_over_3pi,4.2000000000000002,1800,20,0.32067679529607174,0.1111527937290887,0.024854520266725466,0.25,0.04874456952165276,0.010899617098437996
vicsek,rho_1_over_3pi,4.2000000000000002,1850,20,0.31565748321329623,0.17667413259328754,0.039505537034440215,0.2636363636363636,0.07551476239016432,0.01688561420091519
vicsek,rho_1_over_3pi,4.2000000000000002,1900,20,0.2661256161190605,0.17768644906361428,0.039731897878679534,0.2590909090909091,0.05943953104828191,0.013291083197466767
vicsek,rho_1_over_3pi,4.2000000000000002,1950,20,0.31057983227866337,0.15044495518750797,0.033640514667117746,0.25,0.056590452718130596,0.012654009915522775
vicsek,rho_1_over_3pi,4.2000000000000002,2000,20,0.2982806597158804,0.13832257352006244,0.030929867721357196,0.24545454545454545,0.05821022034029862,0.013016200966614865
vicsek,rho_1_over_3pi,4.2000000000000002,2050,20,0.3329001679992018,0.1306835193860511,0.029221723288612184,0.24545454545454545,0.0506160396620911,0.011318090543626117
vicsek,rho_1_over_3pi,4.2000000000000002,2100,20,0.32099396463062096,0.18829404940438915,0.042103829422691794,0.25,0.06968049871252678,0.015581033182729645
vicsek,rho_1_over_3pi,4.2000000000000002,2150,20,0.32417908897802394,0.14250301863385775,0.03186464366642251,0.2545454545454545,0.07385489458759964,0.01651445647689541
vicsek,rho_1_over_3pi,4.2000000000000002,2200,20,0.33498762824776246,0.14445094239262213,0.03230021266038092,0.24545454545454545,0.05821022034029862,0.013016200966614865
vicsek,rho_1_over_3pi,4.2000000000000002,2250,20,0.2851500487715671,0.1615172258226522,0.03611634964766347,0.2409090909090909,0.06602654111969977,0.014763983426283376
vicsek,rho_1_over_3pi,4.2000000000000002,2300,20,0.3124663935615812,0.10529657217670928,0.02354502931848349,0.2409090909090909,0.0594395310482819,0.013291083197466766
vicsek,rho_1_over_3pi,4.2000000000000002,2350,20,0.296929679904572,0.14913208465060876,0.03334694789050142,0.25,0.056590452718130596,0.012654009915522775
vicsek,rho_1_over_3pi,4.2000000000000002,2400,20,0.2774477955740712,0.13594332426221906,0.030397851413761823,0.24545454545454545,0.05821022034029862,0.013016200966614865
vicsek,rho_1_over_3pi,4.2000000000000002,2450,20,0.29153404461888827,0.1524601925282455,0.03409113543558624,0.24545454545454545,0.05821022034029862,0.013016200966614865
vicsek,rho_1_over_3pi,4.2000000000000002,2500,20,0.27512182490370185,0.15474884245833215,0.034602893117623636,0.2636363636363636,0.06363636363636363,0.014229523493180478
vicsek,rho_1_over_3pi,4.2000000000000002,2550,20,0.2641642844425683,0.14635699955215975,0.032726419998153546,0.2590909090909091,0.052025105192089076,0.011633167174608843
vicsek,rho_1_over_3pi,4.2000000000000002,2600,20,0.29247738458100303,0.11904313051720365,0.026618853209084706,0.2545454545454545,0.05454545454545454,0.012196734422726124
vicsek,rho_1_over_3pi,4.2000000000000002,2650,20,0.3862372802898796,0.19318632179449616,0.043197774785564254,0.2545454545454545,0.07925270806437588,0.017721444263289025
vicsek,rho_1_over_3pi,4.2000000000000002,2700,20,0.285220663288866,0.11395449283044955,0.025480999231039757,0.24545454545454545,0.07660136157433052,0.017128585164924333
vicsek,rho_1_over_3pi,4.2000000000000002,2750,20,0.31654912797227824,0.14646078100526047,0.03274962623654724,0.2363636363636364,0.07272727272727272,0.016262312563634834
vicsek,rho_1_over_3pi,4.2000000000000002,2800,20,0.2350970888370016,0.08149526500395461,0.018222895239320216,0.2363636363636364,0.05300865358950272,0.011853095282186631
vicsek,rho_1_over_3pi,4.2000000000000002,2850,20,0.22238582262011963,0.13717431890027426,0.03067311018282474,0.23636363636363633,0.04453617714151232,0.00995859195463938
vicsek,rho_1_over_3pi,4.2000000000000002,2900,20,0.24705692470762114,0.16792460535281953,0.03754908326637295,0.2409090909090909,0.05202510519208907,0.011633167174608841
vicsek,rho_1_over_3pi,4.2000000000000002,2950,20,0.2718773313829038,0.15564397731051202,0.03480305135547398,0.2409090909090909,0.05943953104828191,0.013291083197466767
vicsek,rho_1_over_3pi,4.2000000000000002,3000,20,0.28718801908799296,0.12453155921849993,0.02784610317566064,0.2545454545454545,0.061657545301138796,0.013787046261911908
vicsek,rho_1_over_3pi,4.4000000000000004,0,20,0.25771448710530603,0.13126926446339962,0.0293526998696559,0.18181818181818182,0.0642824346533225,0.014373989364401724
vicsek,rho_1_over_3pi,4.4000000000000004,50,20,0.3663335579733714,0.16956692577355312,0.037916317276532586,0.19545454545454546,0.05943953104828191,0.013291083197466767
vicsek,rho_1_over_3pi,4.4000000000000004,100,20,0.26715802854342474,0.13143726814928167,0.029390266635866177,0.19090909090909092,0.06982859770789643,0.015614149124834241
vicsek,rho_1_over_3pi,4.4000000000000004,150,20,0.2284770973605461,0.11651772072458144,0.026054154412350015,0.20454545454545453,0.0634738183807679,0.014193177269087266
vicsek,rho_1_over_3pi,4.4000000000000004,200,20,0.2665734799140692,0.12899726182677232,0.02884466463560016,0.18181818181818182,0.04065578140908708,0.009090909090909089
vicsek,rho_1_over_3pi,4.4000000000000004,250,20,0.27425962570979034,0.1484211727535128,0.033187983157709426,0.19545454545454546,0.05943953104828191,0.013291083197466767
vicsek,rho_1_over_3pi,4.4000000000000004,300,20,0.25347771530431695,0.14262331532508152,0.03189154282432698,0.19090909090909092,0.06363636363636363,0.014229523493180478
vicsek,rho_1_over_3pi,4.4000000000000004,350,20,0.2266343228505933,0.10106046988729182,0.022597808050605503,0.19545454545454546,0.06602654111969977,0.014763983426283376
vicsek,rho_1_over_3pi,4.4000000000000004,400,20,0.29127218327298604,0.12058409523940346,0.02696342339606149,0.20454545454545453,0.07537783614444091,0.016854996561581053
vicsek,rho_1_over_3pi,4.4000000000000004,450,20,0.2514066380800765,0.1502127727542894,0.03358859709673194,0.21818181818181817,0.10123207932418221,0.02263618108725224
vicsek,rho_1_over_3pi,4.4000000000000004,500,20,0.29034876027530643,0.12306744045095508,0.02751871626652429,0.20909090909090908,0.07660136157433053,0.017128585164924336
vicsek,rho_1_over_3pi,4.4000000000000004,550,20,0.221983995222976,0.1207423996797245,0.02699882134503128,0.21363636363636362,0.07201354326252209,0.016102717803562136
vicsek,rho_1_over_3pi,4.4000000000000004,600,20,0.25949667676803295,0.11583917465090054,0.02590242689768841,0.21818181818181817,0.0668042657122685,0.014937887931959076
vicsek,rho_1_over_3pi,4.4000000000000004,650,20,0.2556547307827185,0.12793583639214634,0.028607322693113064,0.22272727272727272,0.07315216790650492,0.016357322014042348
vicsek,rho_1_over_3pi,4.4000000000000004,700,20,0.19687166141058526,0.13206259961670566,0.029530095002829153,0.20909090909090908,0.06492207662311682,0.01451701765697392
vicsek,rho_1_over_3pi,4.4000000000000004,750,20,0.2342826211542485,0.13090398073890247,0.029271019945750907,0.22272727272727272,0.060814037092089324,0.013598432092410536
vicsek,rho_1_over_3pi,4.4000000000000004,800,20,0.3086026470012009,0.1799003923476506,0.04022695064682297,0.22272727272727272,0.0731521679065049,0.016357322014042344
vicsek,rho_1_over_3pi,4.4000000000000004,850,20,0.2898574954487937,0.17254471176894712,0.038582170467347375,0.22727272727272724,0.10163945352271771,0.022727272727272724
vicsek,rho_1_over_3pi,4.4000000000000004,900,20,0.2521727722312206,0.1293820160776539,0.028930698301560483,0.2409090909090909,0.10474289656184464,0.02342122368725136
vicsek,rho_1_over_3pi,4.4000000000000004,950,20,0.333559900085337,0.19153553203148901,0.04282864697289978,0.2409090909090909,0.10861639223044109,0.024287363649804626
vicsek,rho_1_over_3pi,4.4000000000000004,1000,20,0.2623248863901798,0.12218360213072445,0.0273210840100088,0.2409090909090909,0.11235642813007522,0.025123661100791776
vicsek,rho_1_over_3pi,4.4000000000000004,1050,20,0.2777693548489465,0.18256159966909477,0.0408220146941199,0.23181818181818184,0.10937463105014512,0.02445691100420837
vicsek,rho_1_over_3pi,4.4000000000000004,1100,20,0.26345523917645053,0.12029417556488306,0.02689859538603727,0.2409090909090909,0.11597591656520975,0.02593300331926529
vicsek,rho_1_over_3pi,4.4000000000000004,1150,20,0.2893718000258147,0.12446827994316445,0.027831953499538934,0.25,0.10708380899445223,0.023944667620119858
vicsek,rho_1_over_3pi,4.4000000000000004,1200,20,0.300366373171734,0.12069705772485818,0.0269886825756999,0.25,0.10315277925372923,0.023065662647936858
vicsek,rho_1_over_3pi,4.4000000000000004,1250,20,0.24481918276732834,0.09385751918135572,0.02098717930890018,0.25,0.10315277925372923,0.023065662647936858
vicsek,rho_1_over_3pi,4.4000000000000004,1300,20,0.29921193228249743,0.21316966617515473,0.047666186430858355,0.2409090909090909,0.10474289656184466,0.023421223687251365
vicsek,rho_1_over_3pi,4.4000000000000004,1350,20,0.28608905959077013,0.13771775575446282,0.03079462635756917,0.24545454545454545,0.11171096115858643,0.024979330298243792
vicsek,rho_1_over_3pi,4.4000000000000004,1400,20,0.2757790788396155,0.13069514824470954,0.029224323580458286,0.24545454545454545,0.10794856442761742,0.024138032813366822
vicsek,rho_1_over_3pi,4.4000000000000004,1450,20,0.2933659686556619,0.1481611072711895,0.033129830748001805,0.24545454545454545,0.11171096115858643,0.024979330298243792
vicsek,rho_1_over_3pi,4.4000000000000004,1500,20,0.24143108526158868,0.09710934174945549,0.02171430894020408,0.2636363636363636,0.10325287901455042,0.023088045634909623
vicsek,rho_1_over_3pi,4.4000000000000004,1550,20,0.2646258936049424,0.13421127305259117,0.030010552989237955,0.2545454545454545,0.09359663764533636,0.020928844424038796
vicsek,rho_1_over_3pi,4.4000000000000004,1600,20,0.3529087345429443,0.16260003414175328,0.0363584729484747,0.24545454545454545,0.09999999999999999,0.022360679774997894
vicsek,rho_1_over_3pi,4.4000000000000004,1650,20,0.3121253735250067,0.1701414141242223,0.038044776776970386,0.2409090909090909,0.10072054457345607,0.022521798439704532
vicsek,rho_1_over_3pi,4.4000000000000004,1700,20,0.21455233481430583,0.13191678901278883,0.02949749076060932,0.24545454545454545,0.09136250564655354,0.02042927732204021
vicsek,rho_1_over_3pi,4.4000000000000004,1750,20,0.27423308598226026,0.0957061960637621,0.021400556026649486,0.2545454545454545,0.09359663764533636,0.020928844424038796
vicsek,rho_1_over_3pi,4.4000000000000004,1800,20,0.2735363032363862,0.11398721833146724,0.02548831687552709,0.23181818181818184,0.09304313404753962,0.020805077256992374
vicsek,rho_1_over_3pi,4.4000000000000004,1850,20,0.25417584049273134,0.14383744608834706,0.03216303071635052,0.2363636363636364,0.09270944570168699,0.02073046227452978
vicsek,rho_1_over_3pi,4.4000000000000004,1900,20,0.28705160249536044,0.140735441581162,0.03146940142189287,0.24545454545454545,0.09577867048047943,0.021416761798890443
vicsek,rho_1_over_3pi,4.4000000000000004,1950,20,0.29339494436207686,0.16974684550759558,0.03795654855211385,0.25,0.09033912233796268,0.020200441857535428
vicsek,rho_1_over_3pi,4.4000000000000004,2000,20,0.3180966214629185,0.1400692141984567,0.03132042845027279,0.2681818181818182,0.08849055606332629,0.019787089872435375
vicsek,rho_1_over_3pi,4.4000000000000004,2050,20,0.2716531865383208,0.1481788864068708,0.033133806283598265,0.2590909090909091,0.09653072991634228,0.02158492740106139
vicsek,rho_1_over_3pi,4.4000000000000004,2100,20,0.25716307445633574,0.1396824666015016,0.03123394905858016,0.2545454545454545,0.09359663764533636,0.020928844424038796
vicsek,rho_1_over_3pi,4.4000000000000004,2150,20,0.2948358681516274,0.1290974999324665,0.02886707855742696,0.2363636363636364,0.08813963377120597,0.019708621262435267
vicsek,rho_1_over_3pi,4.4000000000000004,2200,20,0.27879460098639985,0.1295728712021989,0.02897337480479416,0.23181818181818184,0.09738311493467522,0.021775526485460876
vicsek,rho_1_over_3pi,4.4000000000000004,2250,20,0.2775201484873119,0.16537421536147262,0.03697879872739427,0.2409090909090909,0.09653072991634226,0.021584927401061386
vicsek,rho_1_over_3pi,4.4000000000000004,2300,20,0.3298476474606651,0.1514004547523809,0.033854170865070476,0.2409090909090909,0.06602654111969977,0.014763983426283376
vicsek,rho_1_over_3pi,4.4000000000000004,2350,20,0.2992961658040431,0.10833534486300267,0.02422451954795566,0.25,0.07537783614444091,0.016854996561581053
vicsek,rho_1_over_3pi,4.4000000000000004,2400,20,0.2961955243647287,0.13801654395015847,0.030861437429214166,0.21818181818181817,0.09270944570168699,0.02073046227452978
vicsek,rho_1_over_3pi,4.4000000000000004,2450,20,0.2794943302165592,0.1802728267268038,0.04031022950571742,0.22272727272727272,0.06726658448613064,0.015041265552522087
vicsek,rho_1_over_3pi,4.4000000000000004,2500,20,0.2960682983184537,0.15611972178020428,0.03490943105288912,0.22727272727272724,0.06098367211363062,0.013636363636363634
vicsek,rho_1_over_3pi,4.4000000000000004,2550,20,0.3083244778565595,0.16565222081361897,0.03704096263630575,0.21818181818181817,0.05300865358950273,0.011853095282186633
vicsek,rho_1_over_3pi,4.4000000000000004,2600,20,0.30969026820310835,0.1679493892781328,0.03755462512054793,0.21818181818181817,0.06680426571226848,0.014937887931959073
vicsek,rho_1_over_3pi,4.4000000000000004,2650,20,0.2853518610268329,0.10674030005866941,0.023867856686990957,0.20454545454545453,0.0634738183807679,0.014193177269087266
vicsek,rho_1_over_3pi,4.4000000000000004,2700,20,0.2755664292022247,0.14555189342071576,0.032546392794252484,0.22272727272727272,0.0731521679065049,0.016357322014042344
vicsek,rho_1_over_3pi,4.4000000000000004,2750,20,0.27251576405046535,0.19119380852474924,0.0427522352738418,0.22272727272727272,0.08369069381600894,0.018713808045671725
vicsek,rho_1_over_3pi,4.4000000000000004,2800,20,0.24576788253836054,0.10390943020624256,0.023234854944442836,0.2363636363636364,0.07820295697311479,0.017486712783337584
vicsek,rho_1_over_3pi,4.4000000000000004,2850,20,0.2403367925891297,0.15008675626936496,0.03356041895407428,0.2363636363636364,0.08331955809010617,0.018630819574471994
vicsek,rho_1_over_3pi,4.4000000000000004,2900,20,0.2855002170759927,0.1458363404109446,0.03260999707486717,0.2409090909090909,0.08755163765571919,0.019577141333961844
vicsek,rho_1_over_3pi,4.4000000000000004,2950,20,0.2913920469447054,0.1270530927835493,0.028409935221560417,0.25,0.08564292582462169,0.01915034039358263
vicsek,rho_1_over_3pi,4.4000000000000004,3000,20,0.29077162298583625,0.13526412011218936,0.030245976748755187,0.25,0.08067381522408566,0.018039213484531295
vicsek,rho_1_over_3pi,4.5999999999999996,0,20,0.2642047035144525,0.16033587414134184,0.03585219138118911,0.20454545454545453,0.06968049871252677,0.015581033182729642
vicsek,rho_1_over_3pi,4.5999999999999996,50,20,0.29662641793345224,0.1659679803304037,0.03711156861071306,0.20454545454545453,0.0634738183807679,0.014193177269087266
vicsek,rho_1_over_3pi,4.5999999999999996,100,20,0.27726270130606645,0.14133913964724584,0.031604392413257736,0.21363636363636362,0.08755163765571919,0.019577141333961844
vicsek,rho_1_over_3pi,4.5999999999999996,150,20,0.2832848949094352,0.14601330098638143,0.0326495666624686,0.20909090909090908,0.06492207662311682,0.01451701765697392
vicsek,rho_1_over_3pi,4.5999999999999996,200,20,0.2426243653788635,0.11794005202670281,0.026372197360156932,0.19545454545454546,0.05943953104828191,0.013291083197466767
vicsek,rho_1_over_3pi,4.5999999999999996,250,20,0.25730283907638535,0.11999885030043898,0.026832558649360263,0.19545454545454546,0.052025105192089076,0.011633167174608843
vicsek,rho_1_over_3pi,4.5999999999999996,300,20,0.2739924836412316,0.19938226381340274,0.044583229539456495,0.20454545454545453,0.08564292582462169,0.01915034039358263
vicsek,rho_1_over_3pi,4.5999999999999996,350,20,0.2545518979729614,0.12003927886058194,0.02684159875023147,0.21818181818181817,0.07272727272727272,0.016262312563634834
vicsek,rho_1_over_3pi,4.5999999999999996,400,20,0.27837923819032734,0.14222155751841456,0.03180170704770712,0.2,0.08430562268632458,0.01885131032120702
vicsek,rho_1_over_3pi,4.5999999999999996,450,20,0.19968781507382055,0.11453899803607252,0.025611698568337306,0.18636363636363637,0.06726658448613064,0.015041265552522087
vicsek,rho_1_over_3pi,4.5999999999999996,500,20,0.27751416392832706,0.12035171508438905,0.026911461613738075,0.20454545454545453,0.08564292582462169,0.01915034039358263
vicsek,rho_1_over_3pi,4.5999999999999996,550,20,0.2555423650965576,0.10200978421389548,0.02281008118723552,0.20909090909090908,0.06492207662311682,0.01451701765697392
vicsek,rho_1_over_3pi,4.5999999999999996,600,20,0.2845811175604278,0.17029909416377767,0.03808003510568445,0.20454545454545453,0.0634738183807679,0.014193177269087266
vicsek,rho_1_over_3pi,4.5999999999999996,650,20,0.29915482975372754,0.1413514145311546,0.03160713716074132,0.20909090909090908,0.07100226978096959,0.01587659017870271
vicsek,rho_1_over_3pi,4.5999999999999996,700,20,0.2967432777099871,0.11921137087522582,0.02665647289679435,0.21363636363636362,0.0594395310482819,0.013291083197466766
vicsek,rho_1_over_3pi,4.5999999999999996,750,20,0.26024271461378184,0.11428255705191231,0.02555435662105739,0.22272727272727272,0.05359011873887088,0.011983114842240059
vicsek,rho_1_over_3pi,4.5999999999999996,800,20,0.2521300854802286,0.10908209710415345,0.024391498425312005,0.21363636363636362,0.07201354326252209,0.016102717803562136
vicsek,rho_1_over_3pi,4.5999999999999996,850,20,0.3023731412256028,0.12436151878865186,0.027808080979654284,0.22727272727272724,0.06098367211363062,0.013636363636363634
vicsek,rho_1_over_3pi,4.5999999999999996,900,20,0.2909339510419449,0.1807123957966328,0.04040852013781182,0.20909090909090908,0.06492207662311682,0.01451701765697392
vicsek,rho_1_over_3pi,4.5999999999999996,950,20,0.24878533124510538,0.11851712870811296,0.02650123562894324,0.21363636363636362,0.06602654111969977,0.014763983426283376
vicsek,rho_1_over_3pi,4.5999999999999996,1000,20,0.24296901863199363,0.133314444585932,0.029810016047677274,0.22727272727272724,0.0674199862463242,0.015075567228888177
vicsek,rho_1_over_3pi,4.5999999999999996,1050,20,0.3076625321644328,0.16743355246254407,0.037439280502052585,0.21818181818181817,0.05300865358950273,0.011853095282186633
vicsek,rho_1_over_3pi,4.5999999999999996,1100,20,0.26725698991823243,0.15143415130598864,0.03386170564351791,0.22727272727272724,0.0674199862463242,0.015075567228888177
vicsek,rho_1_over_3pi,4.5999999999999996,1150,20,0.25158555980189024,0.1000634315857451,0.02237486350876256,0.22727272727272724,0.06098367211363062,0.013636363636363634
vicsek,rho_1_over_3pi,4.5999999999999996,1200,20,0.23911275995183218,0.10385814001637758,0.023223386109331137,0.22727272727272724,0.06098367211363062,0.013636363636363634
vicsek,rho_1_over_3pi,4.5999999999999996,1250,20,0.2894305362443407,0.12082733721003194,0.02701781395419212,0.21818181818181817,0.0668042657122685,0.014937887931959076
vicsek,rho_1_over_3pi,4.5999999999999996,1300,20,0.2616201477142728,0.11245168774096652,0.02514496179733809,0.23181818181818184,0.06726658448613064,0.015041265552522087
vicsek,rho_1_over_3pi,4.5999999999999996,1350,20,0.18896981792831943,0.11077747505800883,0.02477059646054952,0.21363636363636362,0.0594395310482819,0.013291083197466766
vicsek,rho_1_over_3pi,4.5999999999999996,1400,20,0.27379766258723454,0.1651015471980693,0.036917828272527285,0.23181818181818184,0.07315216790650492,0.016357322014042348
vicsek,rho_1_over_3pi,4.5999999999999996,1450,20,0.20864307660736858,0.10325128791108208,0.023087689853358177,0.20909090909090908,0.058210220340298616,0.013016200966614863
vicsek,rho_1_over_3pi,4.5999999999999996,1500,20,0.2905124981743615,0.15733731707299514,0.03518169363726554,0.21818181818181817,0.0668042657122685,0.014937887931959076
vicsek,rho_1_over_3pi,4.5999999999999996,1550,20,0.24979477085347557,0.10897462631488218,0.024367467226271394,0.23181818181818184,0.060814037092089324,0.013598432092410536
vicsek,rho_1_over_3pi,4.5999999999999996,1600,20,0.26369709495470145,0.12424115287865482,0.027781166343961584,0.25,0.06347381838076792,0.01419317726908727
vicsek,rho_1_over_3pi,4.5999999999999996,1650,20,0.2891317191773779,0.1535751612547562,0.034340450022112674,0.25,0.06347381838076792,0.01419317726908727
vicsek,rho_1_over_3pi,4.5999999999999996,1700,20,0.2180339094094327,0.12234469708176333,0.027357105936144294,0.2409090909090909,0.05943953104828191,0.013291083197466767
vicsek,rho_1_over_3pi,4.5999999999999996,1750,20,0.31671239876380397,0.18292408358248852,0.04090306856122976,0.22727272727272724,0.06098367211363062,0.013636363636363634
vicsek,rho_1_over_3pi,4.5999999999999996,1800,20,0.21198262683133473,0.10652285508190065,0.023819234512048877,0.23181818181818184,0.06726658448613064,0.015041265552522087
vicsek,rho_1_over_3pi,4.5999999999999996,1850,20,0.3302961301225219,0.15193558407857935,0.03397382942008382,0.2363636363636364,0.060302268915552716,0.013483997249264839
vicsek,rho_1_over_3pi,4.5999999999999996,1900,20,0.29591434465103245,0.11099895526302378,0.02482012093995792,0.22727272727272724,0.05378254348272377,0.012026142323020864
vicsek,rho_1_over_3pi,4.5999999999999996,1950,20,0.26792471158913544,0.12040783249615529,0.02692400984848114,0.2409090909090909,0.07753964595105445,0.017338391929782405
vicsek,rho_1_over_3pi,4.5999999999999996,2000,20,0.28988670759158286,0.15155390235568586,0.03388848279226791,0.24545454545454545,0.08181818181818182,0.01829510163408919
vicsek,rho_1_over_3pi,4.5999999999999996,2050,20,0.2247231954450577,0.16833750036430623,0.03764140939769843,0.2363636363636364,0.0668042657122685,0.014937887931959076
vicsek,rho_1_over_3pi,4.5999999999999996,2100,20,0.3167389873129028,0.16428323879622037,0.036734848951217945,0.24545454545454545,0.07100226978096959,0.01587659017870271
vicsek,rho_1_over_3pi,4.5999999999999996,2150,20,0.308987945681403,0.15706968456024542,0.03512184918811579,0.2363636363636364,0.060302268915552716,0.013483997249264839
vicsek,rho_1_over_3pi,4.5999999999999996,2200,20,0.29814963307299874,0.1463554239030813,0.032726067672308734,0.2590909090909091,0.06602654111969977,0.014763983426283376
vicsek,rho_1_over_3pi,4.5999999999999996,2250,20,0.2504710349877098,0.14253036168294342,0.03187075775806928,0.2545454545454545,0.06803013430498075,0.015212000482437737
vicsek,rho_1_over_3pi,4.5999999999999996,2300,20,0.21711930466465743,0.13211744681141602,0.029542359208403902,0.2590909090909091,0.07201354326252209,0.016102717803562136
vicsek,rho_1_over_3pi,4.5999999999999996,2350,20,0.27445520566901355,0.12134894174850408,0.02713444827473173,0.2590909090909091,0.0826972972666375,0.0184916778243709
vicsek,rho_1_over_3pi,4.5999999999999996,2400,20,0.25985134990695696,0.1277601518783822,0.028568038441576002,0.24545454545454545,0.07660136157433053,0.017128585164924336
vicsek,rho_1_over_3pi,4.5999999999999996,2450,20,0.3027806825935178,0.21138197935196082,0.04726644750494413,0.2681818181818182,0.10153776319858489,0.022704534079531227
vicsek,rho_1_over_3pi,4.5999999999999996,2500,20,0.2653058134424225,0.13665805640911316,0.030557670380377783,0.2636363636363636,0.09045340337332908,0.02022599587389726
vicsek,rho_1_over_3pi,4.5999999999999996,2550,20,0.2791671615723822,0.11102359890571552,0.024825631425985116,0.2636363636363636,0.09045340337332908,0.02022599587389726
vicsek,rho_1_over_3pi,4.5999999999999996,2600,20,0.24058098001693679,0.11975708158152949,0.026778497520328796,0.2590909090909091,0.10072054457345607,0.022521798439704532
vicsek,rho_1_over_3pi,4.5999999999999996,2650,20,0.2987310467290772,0.11918098238036748,0.026649677822770636,0.2545454545454545,0.07385489458759964,0.01651445647689541
vicsek,rho_1_over_3pi,4.5999999999999996,2700,20,0.315849339356338,0.15773544488740115,0.03527071772294006,0.25,0.09033912233796268,0.020200441857535428
vicsek,rho_1_over_3pi,4.5999999999999996,2750,20,0.23307161295956055,0.1522882680459174,0.03405269195263804,0.2681818181818182,0.09304313404753962,0.020805077256992374
vicsek,rho_1_over_3pi,4.5999999999999996,2800,20,0.28868118013677807,0.21336055345569627,0.04770887012439145,0.2681818181818182,0.10153776319858489,0.022704534079531227
vicsek,rho_1_over_3pi,4.5999999999999996,2850,20,0.28411476580281503,0.15116626517977907,0.03380180448467455,0.2681818181818182,0.10552897060221726,0.02359699518621347
vicsek,rho_1_over_3pi,4.5999999999999996,2900,20,0.2612177867219696,0.12039988402473073,0.026922232516238886,0.2681818181818182,0.10552897060221726,0.02359699518621347
vicsek,rho_1_over_3pi,4.5999999999999996,2950,20,0.2636789199173218,0.1308607576986608,0.029261354980133446,0.2590909090909091,0.10474289656184464,0.02342122368725136
vicsek,rho_1_over_3pi,4.5999999999999996,3000,20,0.2990493561233586,0.1022127145280416,0.022855457784948137,0.2590909090909091,0.10474289656184464,0.02342122368725136
vicsek,rho_1_over_3pi,4.7999999999999998,0,20,0.25486914302576064,0.1346207606849993,0.03010211720743896,0.18636363636363637,0.060814037092089324,0.013598432092410536
vicsek,rho_1_over_3pi,4.7999999999999998,50,20,0.27338192044958387,0.11268481650447298,0.02519709097360918,0.17272727272727273,0.05677270907634907,0.01269476367615358
vicsek,rho_1_over_3pi,4.7999999999999998,100,20,0.2957372935605446,0.13748077543884124,0.03074163594806325,0.18181818181818182,0.0642824346533225,0.014373989364401724
vicsek,rho_1_over_3pi,4.7999999999999998,150,20,0.24408248388899464,0.1076795641769982,0.024077882528731914,0.18636363636363634,0.06081403709208932,0.013598432092410535
vicsek,rho_1_over_3pi,4.7999999999999998,200,20,0.28240296268878023,0.10664814663027582,0.023847250553966186,0.18636363636363637,0.06726658448613064,0.015041265552522087
vicsek,rho_1_over_3pi,4.7999999999999998,250,20,0.24623539335149564,0.12782090777718214,0.02858162387355108,0.19545454545454546,0.05202510519208907,0.011633167174608841
vicsek,rho_1_over_3pi,4.7999999999999998,300,20,0.23668210089361202,0.139534874625167,0.03120094648937839,0.2,0.04635472285084349,0.010365231137264888
vicsek,rho_1_over_3pi,4.7999999999999998,350,20,0.24631822304805312,0.10519441247657468,0.023522185715077297,0.2,0.04635472285084349,0.010365231137264888
vicsek,rho_1_over_3pi,4.7999999999999998,400,20,0.2722125625329161,0.13591256184395478,0.030390972727922703,0.22272727272727272,0.05359011873887088,0.011983114842240059
vicsek,rho_1_over_3pi,4.7999999999999998,450,20,0.26305404401821886,0.1268183207191709,0.028357438592043614,0.21363636363636362,0.05202510519208907,0.011633167174608841
vicsek,rho_1_over_3pi,4.7999999999999998,500,20,0.2453849553573427,0.11641445868854201,0.026031064319142094,0.22272727272727272,0.0731521679065049,0.016357322014042344
vicsek,rho_1_over_3pi,4.7999999999999998,550,20,0.2598661964803986,0.14779769017153774,0.03304856821410109,0.21363636363636362,0.05202510519208907,0.011633167174608841
vicsek,rho_1_over_3pi,4.7999999999999998,600,20,0.26353407694381864,0.11370147973553917,0.025424423783098036,0.20454545454545453,0.039364791081110836,0.008802234877744126
vicsek,rho_1_over_3pi,4.7999999999999998,650,20,0.2683923261523856,0.14308995131720684,0.031995885804241,0.21363636363636362,0.05202510519208907,0.011633167174608841
vicsek,rho_1_over_3pi,4.7999999999999998,700,20,0.28778943964089676,0.11937004084294871,0.02669195258017596,0.20909090909090908,0.058210220340298616,0.013016200966614863
vicsek,rho_1_over_3pi,4.7999999999999998,750,20,0.23190401089125973,0.1321925904997136,0.02955916184791525,0.20909090909090908,0.0506160396620911,0.011318090543626117
vicsek,rho_1_over_3pi,4.7999999999999998,800,20,0.2968431306098719,0.09743343795259135,0.021786779054350218,0.20909090909090908,0.058210220340298616,0.013016200966614863
vicsek,rho_1_over_3pi,4.7999999999999998,850,20,0.29128373438684596,0.1275485748024511,0.028520728369149748,0.21363636363636362,0.0594395310482819,0.013291083197466766
vicsek,rho_1_over_3pi,4.7999999999999998,900,20,0.3312617932682927,0.13344423113793108,0.0298390372029608,0.21363636363636362,0.07753964595105445,0.017338391929782405
vicsek,rho_1_over_3pi,4.7999999999999998,950,20,0.31775314671887633,0.1490143619007792,0.03332062428338971,0.23181818181818184,0.07859825666268445,0.017575104481073817
vicsek,rho_1_over_3pi,4.7999999999999998,1000,20,0.24230068164655738,0.12825028859840368,0.028677636343999682,0.22272727272727272,0.07859825666268445,0.017575104481073817
vicsek,rho_1_over_3pi,4.7999999999999998,1050,20,0.2574548476186759,0.08338846976928489,0.01864622869438072,0.22272727272727272,0.04522670168666453,0.010112997936948628
vicsek,rho_1_over_3pi,4.7999999999999998,1100,20,0.3226752974164523,0.15607372285233415,0.03489914537992815,0.22272727272727272,0.06726658448613064,0.015041265552522087
vicsek,rho_1_over_3pi,4.7999999999999998,1150,20,0.2958004457388693,0.14886716222805138,0.03328770943594119,0.21818181818181817,0.07272727272727272,0.016262312563634834
vicsek,rho_1_over_3pi,4.7999999999999998,1200,20,0.22166142929186683,0.11724708210053854,0.0262172445740303,0.20909090909090908,0.07100226978096959,0.01587659017870271
vicsek,rho_1_over_3pi,4.7999999999999998,1250,20,0.28490471001739787,0.0997165387798234,0.022297295919267903,0.22727272727272724,0.07872958216222169,0.017604469755488256
vicsek,rho_1_over_3pi,4.7999999999999998,1300,20,0.3014520276937131,0.16014440465275467,0.0358093775019793,0.21818181818181817,0.07272727272727272,0.016262312563634834
vicsek,rho_1_over_3pi,4.7999999999999998,1350,20,0.33223873471776766,0.16383535089803578,0.036634698172553916,0.22727272727272724,0.04545454545454544,0.010163945352271768
vicsek,rho_1_over_3pi,4.7999999999999998,1400,20,0.2995714742415265,0.14393950291630944,0.03218585131683971,0.22727272727272724,0.05378254348272377,0.012026142323020864
vicsek,rho_1_over_3pi,4.7999999999999998,1450,20,0.2855915752185296,0.11669141211980723,0.026092992989033177,0.22272727272727272,0.05359011873887088,0.011983114842240059
vicsek,rho_1_over_3pi,4.7999999999999998,1500,20,0.2924049652401443,0.13354110902036934,0.029860699756025618,0.2363636363636364,0.08331955809010617,0.018630819574471994
vicsek,rho_1_over_3pi,4.7999999999999998,1550,20,0.2519125286343439,0.14680689973658825,0.03282702073770073,0.21818181818181817,0.04453617714151232,0.00995859195463938
vicsek,rho_1_over_3pi,4.7999999999999998,1600,20,0.29467958088532237,0.0925714673814296,0.020699609384178103,0.23181818181818178,0.08849055606332629,0.019787089872435375
vicsek,rho_1_over_3pi,4.7999999999999998,1650,20,0.2820510765173848,0.1596217165286695,0.03569250088433067,0.2363636363636364,0.11642044068059725,0.02603240193322973
vicsek,rho_1_over_3pi,4.7999999999999998,1700,20,0.27063576057434496,0.13273441056051685,0.029680316496668163,0.2363636363636364,0.07272727272727272,0.016262312563634834
vicsek,rho_1_over_3pi,4.7999999999999998,1750,20,0.287835190341614,0.1683116639313132,0.03763563219565158,0.22727272727272724,0.0674199862463242,0.015075567228888177
vicsek,rho_1_over_3pi,4.7999999999999998,1800,20,0.3126338211093138,0.11322203727011039,0.025317217188698154,0.21818181818181817,0.060302268915552716,0.013483997249264839
vicsek,rho_1_over_3pi,4.7999999999999998,1850,20,0.21586027174160832,0.14717990662781563,0.032910427614186756,0.21818181818181817,0.060302268915552716,0.013483997249264839
vicsek,rho_1_over_3pi,4.7999999999999998,1900,20,0.30606776751532627,0.1404578185820112,0.03140732303207101,0.20909090909090908,0.058210220340298616,0.013016200966614863
vicsek,rho_1_over_3pi,4.7999999999999998,1950,20,0.25243491786493566,0.13734766319864872,0.030711871146292473,0.21363636363636362,0.06602654111969977,0.014763983426283376
vicsek,rho_1_over_3pi,4.7999999999999998,2000,20,0.28449178811545917,0.15121777643253395,0.033813322750951155,0.21363636363636362,0.06602654111969977,0.014763983426283376
vicsek,rho_1_over_3pi,4.7999999999999998,2050,20,0.22420224985859583,0.11830412516382811,0.02645360658849631,0.21363636363636362,0.07201354326252209,0.016102717803562136
vicsek,rho_1_over_3pi,4.7999999999999998,2100,20,0.30400790430679925,0.18223921457905293,0.040749927196493306,0.21818181818181817,0.060302268915552716,0.013483997249264839
vicsek,rho_1_over_3pi,4.7999999999999998,2150,20,0.22877550690779325,0.11353482108239321,0.025387157775350746,0.23181818181818178,0.06081403709208932,0.013598432092410535
vicsek,rho_1_over_3pi,4.7999999999999998,2200,20,0.3019338676277408,0.17375002478996865,0.03885168665226435,0.22272727272727272,0.06081403709208932,0.013598432092410535
vicsek,rho_1_over_3pi,4.7999999999999998,2250,20,0.2614638093571564,0.1234654857513194,0.027607721901498183,0.20909090909090908,0.0506160396620911,0.011318090543626117
vicsek,rho_1_over_3pi,4.7999999999999998,2300,20,0.3173031703466641,0.13678129604783443,0.03058522760134811,0.2,0.04635472285084349,0.010365231137264888
vicsek,rho_1_over_3pi,4.7999999999999998,2350,20,0.272906902609819,0.1387003571228514,0.031014342703019285,0.20909090909090908,0.058210220340298616,0.013016200966614863
vicsek,rho_1_over_3pi,4.7999999999999998,2400,20,0.2501043306433666,0.12115150011430036,0.027090298983164913,0.21363636363636362,0.05202510519208907,0.011633167174608841
vicsek,rho_1_over_3pi,4.7999999999999998,2450,20,0.26905012995428745,0.14490430780789088,0.03240158824909975,0.20454545454545453,0.04874456952165276,0.010899617098437996
vicsek,rho_1_over_3pi,4.7999999999999998,2500,20,0.24789027820697962,0.12383884793508328,0.027691208223810566,0.20454545454545453,0.05659045271813059,0.012654009915522773
vicsek,rho_1_over_3pi,4.7999999999999998,2550,20,0.29113961051029147,0.13649199292843825,0.03052053745724085,0.20909090909090908,0.050616039662091106,0.01131809054362612
vicsek,rho_1_over_3pi,4.7999999999999998,2600,20,0.27882250306618833,0.12627348130392885,0.028235608795113366,0.22727272727272724,0.06098367211363062,0.013636363636363634
vicsek,rho_1_over_3pi,4.7999999999999998,2650,20,0.25741820156824885,0.1397947084094788,0.03125904708983561,0.21818181818181817,0.06680426571226848,0.014937887931959073
vicsek,rho_1_over_3pi,4.7999999999999998,2700,20,0.2388404478220843,0.15400790879824866,0.034437215314547194,0.22272727272727272,0.06081403709208932,0.013598432092410535
vicsek,rho_1_over_3pi,4.7999999999999998,2750,20,0.300750583501057,0.12304619751791551,0.027513966202292496,0.21363636363636362,0.0594395310482819,0.013291083197466766
vicsek,rho_1_over_3pi,4.7999999999999998,2800,20,0.2658640405341184,0.1333338904183235,0.02981436426798792,0.20909090909090908,0.07660136157433052,0.017128585164924333
vicsek,rho_1_over_3pi,4.7999999999999998,2850,20,0.2776787341888758,0.13621504239034038,0.030458609434281653,0.20909090909090908,0.06492207662311682,0.01451701765697392
vicsek,rho_1_over_3pi,4.7999999999999998,2900,20,0.23178920912524953,0.10112483356212006,0.022612200205825262,0.21363636363636362,0.0594395310482819,0.013291083197466766
vicsek,rho_1_over_3pi,4.7999999999999998,2950,20,0.21348416052700553,0.14161273667841912,0.03166557056927229,0.21363636363636362,0.0594395310482819,0.013291083197466766
vicsek,rho_1_over_3pi,4.7999999999999998,3000,20,0.26218606863209554,0.1659348530348834,0.037104161122243656,0.21818181818181817,0.05300865358950272,0.011853095282186631
vicsek,rho_1_over_3pi,5.2000000000000002,0,20,0.23327630053770182,0.10623821108619243,0.023755586179669802,0.19090909090909092,0.056772709076349064,0.01269476367615358
vicsek,rho_1_over_3pi,5.2000000000000002,50,20,0.22522531510940488,0.14354014274587662,0.032096551667980346,0.20454545454545453,0.06968049871252677,0.015581033182729642
vicsek,rho_1_over_3pi,5.2000000000000002,100,20,0.2935833888558839,0.17266349080629753,0.038608730267529125,0.20454545454545453,0.05659045271813059,0.012654009915522773
vicsek,rho_1_over_3pi,5.2000000000000002,150,20,0.24378757224883238,0.13379660636834834,0.029917830699840813,0.22272727272727272,0.09738311493467522,0.021775526485460876
vicsek,rho_1_over_3pi,5.2000000000000002,200,20,0.2737514680729721,0.12056593138305505,0.02695936183430863,0.21363636363636362,0.0594395310482819,0.013291083197466766
vicsek,rho_1_over_3pi,5.2000000000000002,250,20,0.2535582967214559,0.12780681629055093,0.028578472921349938,0.22727272727272724,0.07872958216222169,0.017604469755488256
vicsek,rho_1_over_3pi,5.2000000000000002,300,20,0.2461105939608635,0.12032460200704576,0.026905398945336192,0.20909090909090908,0.06492207662311682,0.01451701765697392
vicsek,rho_1_over_3pi,5.2000000000000002,350,20,0.25671620700250175,0.11903711743041327,0.026617508642002914,0.22727272727272724,0.10163945352271771,0.022727272727272724
vicsek,rho_1_over_3pi,5.2000000000000002,400,20,0.25955817023490224,0.09191606726303415,0.02055305746245874,0.22272727272727272,0.10552897060221726,0.02359699518621347
vicsek,rho_1_over_3pi,5.2000000000000002,450,20,0.2927304692850422,0.152279903238576,0.03405082152485463,0.22727272727272724,0.11677484162422844,0.026111648393354673
vicsek,rho_1_over_3pi,5.2000000000000002,500,20,0.3146835137324099,0.20144837908650312,0.04504522695945679,0.21818181818181817,0.08331955809010617,0.018630819574471994
vicsek,rho_1_over_3pi,5.2000000000000002,550,20,0.26822980959882164,0.13612364242157737,0.030438171779952106,0.21818181818181817,0.10909090909090909,0.024393468845452248
vicsek,rho_1_over_3pi,5.2000000000000002,600,20,0.260664693552363,0.12570344643933767,0.028108145124436292,0.22272727272727272,0.09304313404753964,0.020805077256992377
vicsek,rho_1_over_3pi,5.2000000000000002,650,20,0.2119475678838095,0.12544215783101575,0.028049719215440878,0.22272727272727272,0.09304313404753964,0.020805077256992377
vicsek,rho_1_over_3pi,5.2000000000000002,700,20,0.2750236880044547,0.12840511943103064,0.028712257570676362,0.21818181818181817,0.07272727272727272,0.016262312563634834
vicsek,rho_1_over_3pi,5.2000000000000002,750,20,0.271231252748382,0.1239567353604761,0.027717568653497646,0.2272727272727273,0.09315409787235998,0.020829889522526544
vicsek,rho_1_over_3pi,5.2000000000000002,800,20,0.24005828051988298,0.11925823834582372,0.02666695278181339,0.23181818181818184,0.12356615653698351,0.027630232573507513
vicsek,rho_1_over_3pi,5.2000000000000002,850,20,0.23338875038697765,0.1376740455823346,0.030784852465950474,0.20909090909090908,0.0867217455833587,0.01939157182518322
vicsek,rho_1_over_3pi,5.2000000000000002,900,20,0.23464495391518114,0.12326879394346885,0.02756374027620107,0.22272727272727272,0.09738311493467522,0.021775526485460876
vicsek,rho_1_over_3pi,5.2000000000000002,950,20,0.22459845084998528,0.15093490885501087,0.033750071637753926,0.21363636363636362,0.09215061333051497,0.020605503557532975
vicsek,rho_1_over_3pi,5.2000000000000002,1000,20,0.26619384607736857,0.12046567576941443,0.026936943997585994,0.22272727272727272,0.09738311493467522,0.021775526485460876
vicsek,rho_1_over_3pi,5.2000000000000002,1050,20,0.2199786339995327,0.08426000953252684,0.01884111090995103,0.22272727272727272,0.09304313404753962,0.020805077256992374
vicsek,rho_1_over_3pi,5.2000000000000002,1100,20,0.2861776562244087,0.16819476663187358,0.03760949316485827,0.22272727272727275,0.0884905560633263,0.019787089872435378
vicsek,rho_1_over_3pi,5.2000000000000002,1150,20,0.2577778361303729,0.13598999227315525,0.03040828669824463,0.21818181818181817,0.092709445701687,0.020730462274529782
vicsek,rho_1_over_3pi,5.2000000000000002,1200,20,0.3217509290819865,0.13905113996474228,0.03109278013100014,0.21363636363636362,0.10072054457345608,0.022521798439704536
vicsek,rho_1_over_3pi,5.2000000000000002,1250,20,0.27421212468911066,0.10842888758535443,0.024245436336553555,0.21818181818181817,0.10523488093445658,0.02353123473735415
vicsek,rho_1_over_3pi,5.2000000000000002,1300,20,0.2748876479586381,0.1623524311431633,0.036303107234846706,0.21818181818181817,0.09706434774573919,0.021704247975115127
vicsek,rho_1_over_3pi,5.2000000000000002,1350,20,0.3032783008462955,0.13065909230451814,0.02921626122713222,0.21818181818181817,0.09706434774573919,0.021704247975115127
vicsek,rho_1_over_3pi,5.2000000000000002,1400,20,0.2311059499976158,0.14032005214683294,0.03137651752066337,0.22272727272727272,0.09304313404753964,0.020805077256992377
vicsek,rho_1_over_3pi,5.2000000000000002,1450,20,0.2559842407630841,0.14045686402005322,0.03140710958552834,0.23181818181818184,0.09738311493467522,0.021775526485460876
vicsek,rho_1_over_3pi,5.2000000000000002,1500,20,0.23530696655728262,0.15303097891885079,0.03421876715258876,0.22272727272727275,0.0884905560633263,0.019787089872435378
vicsek,rho_1_over_3pi,5.2000000000000002,1550,20,0.2263076259867332,0.12540439804797532,0.028041275871271473,0.23181818181818184,0.12017549151274803,0.026872056825195362
vicsek,rho_1_over_3pi,5.2000000000000002,1600,20,0.2516458856360801,0.1283883578032002,0.028708509556752124,0.21818181818181817,0.09706434774573919,0.021704247975115127
vicsek,rho_1_over_3pi,5.2000000000000002,1650,20,0.24407424861537041,0.11770438418901549,0.026319500429639008,0.22272727272727272,0.10153776319858489,0.022704534079531227
vicsek,rho_1_over_3pi,5.2000000000000002,1700,20,0.23024315012918786,0.10506431315844045,0.023493094623159846,0.20454545454545453,0.09480297097551912,0.02119858875702003
vicsek,rho_1_over_3pi,5.2000000000000002,1750,20,0.189746844037826,0.12704216736125026,0.028407492222866065,0.21363636363636362,0.09215061333051495,0.020605503557532972
vicsek,rho_1_over_3pi,5.2000000000000002,1800,20,0.2481466149611385,0.10784534388507218,0.024114951998386265,0.21818181818181817,0.09270944570168699,0.02073046227452978
vicsek,rho_1_over_3pi,5.2000000000000002,1850,20,0.3068469831476844,0.12874552682361215,0.028788374977661933,0.21363636363636362,0.09215061333051495,0.020605503557532972
vicsek,rho_1_over_3pi,5.2000000000000002,1900,20,0.240061428087474,0.13136294533673093,0.029373647549751934,0.23181818181818184,0.09738311493467522,0.021775526485460876
vicsek,rho_1_over_3pi,5.2000000000000002,1950,20,0.2565127468465175,0.15118155610091147,0.033805223638583605,0.21818181818181817,0.08813963377120598,0.01970862126243527
vicsek,rho_1_over_3pi,5.2000000000000002,2000,20,0.28162568188677006,0.13819322420669125,0.030900944335603107,0.21818181818181817,0.07820295697311479,0.017486712783337584
vicsek,rho_1_over_3pi,5.2000000000000002,2050,20,0.2981123545469525,0.13561488431771468,0.030324410009518018,0.21818181818181817,0.08331955809010617,0.018630819574471994
vicsek,rho_1_over_3pi,5.2000000000000002,2100,20,0.2730838373251496,0.1262076307890488,0.028220884172350854,0.20909090909090908,0.06492207662311682,0.01451701765697392
vicsek,rho_1_over_3pi,5.2000000000000002,2150,20,0.2711127862378746,0.12101083342659155,0.027058844955576252,0.22272727272727275,0.07859825666268447,0.01757510448107382
vicsek,rho_1_over_3pi,5.2000000000000002,2200,20,0.29720099937365096,0.13342206707999768,0.02983408116894117,0.2272727272727273,0.08381404052084443,0.018741389207353
vicsek,rho_1_over_3pi,5.2000000000000002,2250,20,0.3093094931061112,0.15478062046380017,0.03460999889566522,0.2409090909090909,0.10474289656184466,0.023421223687251365
vicsek,rho_1_over_3pi,5.2000000000000002,2300,20,0.2557870043187387,0.13939607248127642,0.031169909386462184,0.23181818181818184,0.0731521679065049,0.016357322014042344
vicsek,rho_1_over_3pi,5.2000000000000002,2350,20,0.261495123589205,0.1551106468219181,0.03468379503277706,0.22727272727272724,0.06098367211363062,0.013636363636363634
vicsek,rho_1_over_3pi,5.2000000000000002,2400,20,0.32246087050323746,0.13952318303085137,0.03119833216941288,0.21363636363636362,0.05943953104828191,0.013291083197466767
vicsek,rho_1_over_3pi,5.2000000000000002,2450,20,0.2696082273500564,0.15186095667676153,0.03395714222573893,0.20909090909090908,0.08181818181818182,0.01829510163408919
vicsek,rho_1_over_3pi,5.2000000000000002,2500,20,0.3262233759971539,0.12935098867893424,0.028923760364290268,0.21818181818181817,0.09270944570168699,0.02073046227452978
vicsek,rho_1_over_3pi,5.2000000000000002,2550,20,0.2904102472334502,0.09302917008104616,0.020801954819160882,0.21363636363636362,0.07753964595105445,0.017338391929782405
vicsek,rho_1_over_3pi,5.2000000000000002,2600,20,0.25241251744155274,0.11599339296676336,0.025936911161452886,0.20909090909090908,0.07660136157433052,0.017128585164924333
vicsek,rho_1_over_3pi,5.2000000000000002,2650,20,0.29453387924486607,0.17452600046556152,0.03902520008821555,0.22727272727272724,0.08381404052084442,0.018741389207353
vicsek,rho_1_over_3pi,5.2000000000000002,2700,20,0.2660634077646065,0.10618307100118213,0.023743256481832987,0.22272727272727272,0.0731521679065049,0.016357322014042344
vicsek,rho_1_over_3pi,5.2000000000000002,2750,20,0.2722510616068988,0.0877209833023521,0.019615008171718327,0.21363636363636362,0.07753964595105445,0.017338391929782405
vicsek,rho_1_over_3pi,5.2000000000000002,2800,20,0.29807290176502604,0.14506846266301918,0.0324382943905901,0.22272727272727272,0.07859825666268445,0.017575104481073817
vicsek,rho_1_over_3pi,5.2000000000000002,2850,20,0.26524975767132275,0.14020981105060917,0.03135186686215633,0.21818181818181817,0.08331955809010617,0.018630819574471994
vicsek,rho_1_over_3pi,5.2000000000000002,2900,20,0.2441180916692478,0.11002634443099953,0.024602638546352036,0.21818181818181817,0.08331955809010617,0.018630819574471994
vicsek,rho_1_over_3pi,5.2000000000000002,2950,20,0.25304669258712187,0.15211109674111928,0.034013075244518944,0.22272727272727272,0.08369069381600895,0.01871380804567173
vicsek,rho_1_over_3pi,5.2000000000000002,3000,20,0.3164559071601355,0.1392279752352302,0.0311323216995632,0.20909090909090908,0.06492207662311682,0.01451701765697392
vicsek,rho_1_over_3pi,5.4000000000000004,0,20,0.24307870749368482,0.13555045050583894,0.03031000217117766,0.19090909090909092,0.056772709076349064,0.01269476367615358
vicsek,rho_1_over_3pi,5.4000000000000004,50,20,0.25010765264705914,0.11629545441354708,0.02600445415429192,0.17727272727272728,0.05359011873887089,0.01198311484224006
vicsek,rho_1_over_3pi,5.4000000000000004,100,20,0.2618238181286297,0.11579375823611804,0.025892271478613605,0.17727272727272728,0.05359011873887089,0.01198311484224006
vicsek,rho_1_over_3pi,5.4000000000000004,150,20,0.30262856653370573,0.16121535916459745,0.03604885021090836,0.19545454545454546,0.0594395310482819,0.013291083197466766
vicsek,rho_1_over_3pi,5.4000000000000004,200,20,0.2436920018420546,0.11856138305400356,0.026511131201514358,0.18181818181818182,0.049792959773196914,0.01113404428537808
vicsek,rho_1_over_3pi,5.4000000000000004,250,20,0.2230785525503091,0.07370969714943573,0.016481989342706078,0.18636363636363634,0.05359011873887088,0.011983114842240059
vicsek,rho_1_over_3pi,5.4000000000000004,300,20,0.3085063866277553,0.13932458630228106,0.03115392459089365,0.18636363636363637,0.04522670168666454,0.01011299793694863
vicsek,rho_1_over_3pi,5.4000000000000004,350,20,0.30015151040455645,0.20130034982878878,0.045012126611165985,0.2,0.04635472285084349,0.010365231137264888
vicsek,rho_1_over_3pi,5.4000000000000004,400,20,0.3132210201144308,0.15444644232032115,0.03453527439112384,0.19545454545454546,0.05202510519208907,0.011633167174608841
vicsek,rho_1_over_3pi,5.4000000000000004,450,20,0.23513315801619133,0.11272106737994896,0.025205196915789995,0.19545454545454546,0.05202510519208907,0.011633167174608841
vicsek,rho_1_over_3pi,5.4000000000000004,500,20,0.2845090603326822,0.14788894278150255,0.03306897291800165,0.19545454545454546,0.04336087279167934,0.009695785912591608
vicsek,rho_1_over_3pi,5.4000000000000004,550,20,0.2604311750551776,0.12697382657753287,0.028392210759063296,0.18181818181818182,0.05749595745760689,0.012856486930664499
vicsek,rho_1_over_3pi,5.4000000000000004,600,20,0.26204835995548714,0.1388761130192753,0.031053642916204313,0.19090909090909092,0.06363636363636363,0.014229523493180478
vicsek,rho_1_over_3pi,5.4000000000000004,650,20,0.32115193551186094,0.12465097781330396,0.027872805985236573,0.19090909090909092,0.056772709076349064,0.01269476367615358
vicsek,rho_1_over_3pi,5.4000000000000004,700,20,0.27460823171066534,0.12482779294349171,0.0279123430502916,0.19545454545454546,0.06602654111969976,0.014763983426283373
vicsek,rho_1_over_3pi,5.4000000000000004,750,20,0.2573356577047459,0.13134735343878942,0.02937016109538239,0.19090909090909092,0.056772709076349064,0.01269476367615358
vicsek,rho_1_over_3pi,5.4000000000000004,800,20,0.2949388690758804,0.13671332489144522,0.030570028788728554,0.20454545454545453,0.06968049871252677,0.015581033182729642
vicsek,rho_1_over_3pi,5.4000000000000004,850,20,0.2942161400964761,0.15553010124667233,0.034777587893498406,0.20454545454545453,0.05659045271813059,0.012654009915522773
vicsek,rho_1_over_3pi,5.4000000000000004,900,20,0.26223417267210003,0.13514982422359903,0.030220419411111515,0.18636363636363634,0.05359011873887088,0.011983114842240059
vicsek,rho_1_over_3pi,5.4000000000000004,950,20,0.22834178464822216,0.09786627930637931,0.02188356532340451,0.19090909090909092,0.056772709076349064,0.01269476367615358
vicsek,rho_1_over_3pi,5.4000000000000004,1000,20,0.28992255035818804,0.12847338262910166,0.028727521685801193,0.19090909090909092,0.04895604370122276,0.010946904162538448
vicsek,rho_1_over_3pi,5.4000000000000004,1050,20,0.301753946930678,0.12452137268321539,0.0278438253971255,0.18636363636363634,0.05359011873887088,0.011983114842240059
vicsek,rho_1_over_3pi,5.4000000000000004,1100,20,0.2810248315209097,0.13532522951441628,0.030259641226499562,0.19545454545454546,0.06602654111969977,0.014763983426283376
vicsek,rho_1_over_3pi,5.4000000000000004,1150,20,0.22938282255608594,0.1202230544924662,0.026882692230781588,0.19545454545454546,0.06602654111969977,0.014763983426283376
vicsek,rho_1_over_3pi,5.4000000000000004,1200,20,0.3451572134329235,0.1420312549794756,0.03175915410637129,0.19545454545454546,0.05943953104828191,0.013291083197466767
vicsek,rho_1_over_3pi,5.4000000000000004,1250,20,0.2259308418114075,0.10452912449750451,0.023373422800495862,0.19545454545454546,0.05943953104828191,0.013291083197466767
vicsek,rho_1_over_3pi,5.4000000000000004,1300,20,0.272011912144213,0.12936056907876275,0.028925902606817086,0.19545454545454546,0.07201354326252209,0.016102717803562136
vicsek,rho_1_over_3pi,5.4000000000000004,1350,20,0.2594107337532691,0.13506367157868213,0.030201155094063955,0.2,0.06803013430498075,0.015212000482437737
vicsek,rho_1_over_3pi,5.4000000000000004,1400,20,0.2807414869240698,0.09509186938397268,0.021263188405009396,0.18636363636363634,0.05359011873887088,0.011983114842240059
vicsek,rho_1_over_3pi,5.4000000000000004,1450,20,0.23708582702920428,0.07866213975433214,0.017589389174627528,0.18181818181818182,0.05749595745760689,0.012856486930664499
vicsek,rho_1_over_3pi,5.4000000000000004,1500,20,0.2823133930955005,0.15007618502247538,0.033558055151409076,0.18181818181818182,0.0574959574576069,0.0128564869306645
vicsek,rho_1_over_3pi,5.4000000000000004,1550,20,0.2729651642116297,0.11942827668293032,0.02670497450986853,0.18181818181818182,0.0574959574576069,0.0128564869306645
vicsek,rho_1_over_3pi,5.4000000000000004,1600,20,0.23704251144269683,0.13237806697862153,0.029600635649421794,0.18636363636363634,0.05359011873887088,0.011983114842240059
vicsek,rho_1_over_3pi,5.4000000000000004,1650,20,0.31335285516281164,0.1600890538029178,0.03579700067569454,0.19545454545454546,0.05202510519208907,0.011633167174608841
vicsek,rho_1_over_3pi,5.4000000000000004,1700,20,0.2623534424933945,0.13542201279701327,0.03028128262639681,0.17727272727272728,0.034914298853948214,0.0078070745624171205
vicsek,rho_1_over_3pi,5.4000000000000004,1750,20,0.31304620515140297,0.12520144492766266,0.027995894173944994,0.17727272727272728,0.060814037092089324,0.013598432092410536
vicsek,rho_1_over_3pi,5.4000000000000004,1800,20,0.31445022032242587,0.1493995084083643,0.0334067456606154,0.17272727272727273,0.05677270907634908,0.012694763676153582
vicsek,rho_1_over_3pi,5.4000000000000004,1850,20,0.26473566128233383,0.08754727169670332,0.019576165075847196,0.16818181818181818,0.04336087279167935,0.00969578591259161
vicsek,rho_1_over_3pi,5.4000000000000004,1900,20,0.25152973097077924,0.1547275699384203,0.03459813643756607,0.17272727272727273,0.03962635403218794,0.008860722131644513
vicsek,rho_1_over_3pi,5.4000000000000004,1950,20,0.2754184851608913,0.15703938373838555,0.03511507371837051,0.17727272727272728,0.034914298853948214,0.0078070745624171205
vicsek,rho_1_over_3pi,5.4000000000000004,2000,20,0.25991687789385565,0.11448008116149498,0.025598524354679585,0.17727272727272728,0.01981317701609397,0.004430361065822256
vicsek,rho_1_over_3pi,5.4000000000000004,2050,20,0.2168277584210005,0.13506889701549735,0.03020232353725705,0.17272727272727273,0.03962635403218794,0.008860722131644513
vicsek,rho_1_over_3pi,5.4000000000000004,2100,20,0.24978004470857612,0.1428128700406874,0.03193392854728202,0.17727272727272728,0.05359011873887089,0.01198311484224006
vicsek,rho_1_over_3pi,5.4000000000000004,2150,20,0.31246032879949937,0.12219976808083417,0.02732469882634542,0.18181818181818182,0.049792959773196914,0.01113404428537808
vicsek,rho_1_over_3pi,5.4000000000000004,2200,20,0.27003130162257005,0.1382393116186632,0.03091124979421074,0.18636363636363634,0.05359011873887088,0.011983114842240059
vicsek,rho_1_over_3pi,5.4000000000000004,2250,20,0.23718845518751105,0.1593331289470993,0.03562797073934535,0.18181818181818182,0.04065578140908708,0.009090909090909089
vicsek,rho_1_over_3pi,5.4000000000000004,2300,20,0.25078778810907676,0.1330564685072544,0.029752330842828075,0.19090909090909092,0.07551476239016432,0.01688561420091519
vicsek,rho_1_over_3pi,5.4000000000000004,2350,20,0.23571359412803852,0.12359426164823549,0.027636517067434974,0.17727272727272728,0.06726658448613064,0.015041265552522087
vicsek,rho_1_over_3pi,5.4000000000000004,2400,20,0.307394164092625,0.16314040842064473,0.03647930431056407,0.18181818181818182,0.0642824346533225,0.014373989364401724
vicsek,rho_1_over_3pi,5.4000000000000004,2450,20,0.2670451564820172,0.11326021441901198,0.02532575385871126,0.18181818181818182,0.0642824346533225,0.014373989364401724
vicsek,rho_1_over_3pi,5.4000000000000004,2500,20,0.23934130630445574,0.1178218801768813,0.026345773331234154,0.16818181818181818,0.052025105192089076,0.011633167174608843
vicsek,rho_1_over_3pi,5.4000000000000004,2550,20,0.2835576866763693,0.12698927333856627,0.028395664759833582,0.17272727272727273,0.04895604370122276,0.010946904162538448
vicsek,rho_1_over_3pi,5.4000000000000004,2600,20,0.27135111769366393,0.17895542306966183,0.04001564909259979,0.18636363636363637,0.04522670168666454,0.01011299793694863
vicsek,rho_1_over_3pi,5.4000000000000004,2650,20,0.2753241398492574,0.15051758635424392,0.033656755489728414,0.18181818181818182,0.049792959773196914,0.01113404428537808
vicsek,rho_1_over_3pi,5.4000000000000004,2700,20,0.3008320656742296,0.13706485033026014,0.030648632266429617,0.18636363636363637,0.04522670168666454,0.01011299793694863
vicsek,rho_1_over_3pi,5.4000000000000004,2750,20,0.2741045934431212,0.1621323534711577,0.03625389637135326,0.18181818181818182,0.04065578140908708,0.009090909090909089
vicsek,rho_1_over_3pi,5.4000000000000004,2800,20,0.2803911703537283,0.12500804631695278,0.027952648929914864,0.17727272727272728,0.04522670168666454,0.01011299793694863
vicsek,rho_1_over_3pi,5.4000000000000004,2850,20,0.28812849610456354,0.1363782457236901,0.030495102809034103,0.18181818181818182,0.028747978728803445,0.0064282434653322494
vicsek,rho_1_over_3pi,5.4000000000000004,2900,20,0.3039655681116757,0.14054687887895537,0.03142723751987736,0.17727272727272728,0.034914298853948214,0.0078070745624171205
vicsek,rho_1_over_3pi,5.4000000000000004,2950,20,0.24958896571016878,0.10487854824273948,0.023451556325225657,0.19090909090909092,0.04895604370122276,0.010946904162538448
vicsek,rho_1_over_3pi,5.4000000000000004,3000,20,0.23019362124623516,0.13614652692250562,0.03044328890992278,0.17272727272727273,0.027272727272727275,0.006098367211363063
vicsek,rho_1_over_3pi,5.5999999999999996,0,20,0.3182664068494242,0.15530288914055804,0.03472678172204016,0.2,0.06803013430498074,0.015212000482437734
vicsek,rho_1_over_3pi,5.5999999999999996,50,20,0.3225277161712591,0.1388973257894427,0.03105838623581285,0.2,0.061657545301138796,0.013787046261911908
vicsek,rho_1_over_3pi,5.5999999999999996,100,20,0.23533309176058567,0.15698724086071147,0.03510341421646834,0.19545454545454546,0.06602654111969977,0.014763983426283376
vicsek,rho_1_over_3pi,5.5999999999999996,150,20,0.22659261134482941,0.11460399288590165,0.025626231858577837,0.20909090909090908,0.06492207662311682,0.01451701765697392
vicsek,rho_1_over_3pi,5.5999999999999996,200,20,0.3111575691224025,0.1443270454567928,0.03227250846330909,0.19545454545454546,0.05943953104828191,0.013291083197466767
vicsek,rho_1_over_3pi,5.5999999999999996,250,20,0.27418375306858633,0.11528874702960759,0.025779347539897954,0.20454545454545453,0.0634738183807679,0.014193177269087266
vicsek,rho_1_over_3pi,5.5999999999999996,300,20,0.2939424391521181,0.1702135234112841,0.03806090090373831,0.21818181818181817,0.08331955809010617,0.018630819574471994
vicsek,rho_1_over_3pi,5.5999999999999996,350,20,0.2625944545916822,0.1253264240569326,0.02802384035682662,0.21818181818181817,0.0668042657122685,0.014937887931959076
vicsek,rho_1_over_3pi,5.5999999999999996,400,20,0.24189213988242492,0.15072025160239352,0.03370207281688235,0.22727272727272724,0.07872958216222169,0.017604469755488256
vicsek,rho_1_over_3pi,5.5999999999999996,450,20,0.288003008191121,0.14083769020763423,0.03149226490983266,0.22727272727272724,0.07329325225725954,0.01638886943392722
vicsek,rho_1_over_3pi,5.5999999999999996,500,20,0.3222567325741239,0.16435271494300474,0.036750384289920404,0.23181818181818184,0.06726658448613064,0.015041265552522087
vicsek,rho_1_over_3pi,5.5999999999999996,550,20,0.23224989075772612,0.16058026239393522,0.03590683825575922,0.20909090909090908,0.06492207662311682,0.01451701765697392
vicsek,rho_1_over_3pi,5.5999999999999996,600,20,0.27506483317435093,0.1232141793256782,0.027551528076406564,0.20909090909090908,0.07100226978096959,0.01587659017870271
vicsek,rho_1_over_3pi,5.5999999999999996,650,20,0.29207852499837317,0.16182261594744385,0.0361846369555326,0.23181818181818184,0.06726658448613064,0.015041265552522087
vicsek,rho_1_over_3pi,5.5999999999999996,700,20,0.27171269279866217,0.10525358382014346,0.023535416829731277,0.23181818181818184,0.06726658448613064,0.015041265552522087
vicsek,rho_1_over_3pi,5.5999999999999996,750,20,0.22660018151791889,0.07893412934774297,0.01765020789663144,0.22272727272727272,0.05359011873887088,0.011983114842240059
vicsek,rho_1_over_3pi,5.5999999999999996,800,20,0.3097334940048936,0.11908909001082829,0.02662913006428032,0.20454545454545453,0.0634738183807679,0.014193177269087266
vicsek,rho_1_over_3pi,5.5999999999999996,850,20,0.22012890983486794,0.10260420869365053,0.022942998541657746,0.20454545454545453,0.056590452718130596,0.012654009915522775
vicsek,rho_1_over_3pi,5.5999999999999996,900,20,0.23478833011374847,0.14660314108016317,0.03278145891702368,0.2,0.05454545454545454,0.012196734422726124
vicsek,rho_1_over_3pi,5.5999999999999996,950,20,0.27631094668124245,0.12434212626889626,0.027803744680411434,0.2,0.06803013430498075,0.015212000482437737
vicsek,rho_1_over_3pi,5.5999999999999996,1000,20,0.24561420286503108,0.1206435572675737,0.026976719509768356,0.21363636363636362,0.05943953104828191,0.013291083197466767
vicsek,rho_1_over_3pi,5.5999999999999996,1050,20,0.24149931949089337,0.14720636931525788,0.032916344850985574,0.2,0.04635472285084349,0.010365231137264888
vicsek,rho_1_over_3pi,5.5999999999999996,1100,20,0.24593350759031796,0.12586999294616869,0.02814538605550522,0.20454545454545453,0.039364791081110836,0.008802234877744126
vicsek,rho_1_over_3pi,5.5999999999999996,1150,20,0.29579823778228864,0.18761351707720453,0.04195165776824469,0.20454545454545453,0.0634738183807679,0.014193177269087266
vicsek,rho_1_over_3pi,5.5999999999999996,1200,20,0.31131691930763505,0.1655568677357924,0.037019641039917346,0.22272727272727272,0.060814037092089324,0.013598432092410536
vicsek,rho_1_over_3pi,5.5999999999999996,1250,20,0.24918042196836926,0.14481474548618162,0.03238156150514329,0.21363636363636362,0.05202510519208907,0.011633167174608841
vicsek,rho_1_over_3pi,5.5999999999999996,1300,20,0.23126954243971792,0.12985653220291057,0.029036803332809856,0.21363636363636362,0.05202510519208907,0.011633167174608841
vicsek,rho_1_over_3pi,5.5999999999999996,1350,20,0.23130033266653807,0.12969702476518077,0.02900113638544179,0.20909090909090908,0.05821022034029862,0.013016200966614865
vicsek,rho_1_over_3pi,5.5999999999999996,1400,20,0.3343203556392268,0.16246031130854305,0.03632722997316801,0.2,0.06803013430498075,0.015212000482437737
vicsek,rho_1_over_3pi,5.5999999999999996,1450,20,0.2917309670510393,0.14682143411036122,0.032830270722477406,0.20909090909090908,0.05821022034029862,0.013016200966614865
vicsek,rho_1_over_3pi,5.5999999999999996,1500,20,0.2803355738799941,0.1509173751049751,0.033746150972055876,0.21818181818181817,0.0668042657122685,0.014937887931959076
vicsek,rho_1_over_3pi,5.5999999999999996,1550,20,0.3265446646111044,0.14399524539338968,0.03219831571363827,0.21818181818181817,0.06030226891555272,0.01348399724926484
vicsek,rho_1_over_3pi,5.5999999999999996,1600,20,0.2433568241094941,0.10577120291795276,0.023651159978646648,0.23181818181818184,0.06726658448613064,0.015041265552522087
vicsek,rho_1_over_3pi,5.5999999999999996,1650,20,0.23975882272927987,0.11410787064801703,0.025515295553671904,0.2363636363636364,0.0668042657122685,0.014937887931959076
vicsek,rho_1_over_3pi,5.5999999999999996,1700,20,0.30107618657425717,0.19618204374812262,0.04386763857856398,0.21818181818181817,0.06030226891555272,0.01348399724926484
vicsek,rho_1_over_3pi,5.5999999999999996,1750,20,0.23532237188581995,0.12933221357998592,0.028919562124536995,0.2363636363636364,0.0668042657122685,0.014937887931959076
vicsek,rho_1_over_3pi,5.5999999999999996,1800,20,0.26626599316330757,0.11838574663201104,0.026471857703624344,0.20909090909090908,0.058210220340298616,0.013016200966614863
vicsek,rho_1_over_3pi,5.5999999999999996,1850,20,0.21932077240079093,0.13996350642613506,0.031296791473806665,0.22272727272727272,0.060814037092089324,0.013598432092410536
vicsek,rho_1_over_3pi,5.5999999999999996,1900,20,0.24668271403597405,0.10508750451120595,0.023498280367287232,0.21818181818181817,0.0668042657122685,0.014937887931959076
vicsek,rho_1_over_3pi,5.5999999999999996,1950,20,0.2917877191213145,0.1121639219340746,0.025080615406757045,0.21818181818181817,0.08331955809010617,0.018630819574471994
vicsek,rho_1_over_3pi,5.5999999999999996,2000,20,0.23598734019339415,0.1418628732532977,0.031721502807781035,0.2,0.04635472285084349,0.010365231137264888
vicsek,rho_1_over_3pi,5.5999999999999996,2050,20,0.2802191090320569,0.15066050940313055,0.03368871405501462,0.2,0.04635472285084349,0.010365231137264888
vicsek,rho_1_over_3pi,5.5999999999999996,2100,20,0.25402183163968683,0.10182559034201305,0.022768894185378724,0.19545454545454546,0.05943953104828191,0.013291083197466767
vicsek,rho_1_over_3pi,5.5999999999999996,2150,20,0.2618760765137914,0.10134312753954772,0.022661012223085968,0.18636363636363637,0.04522670168666454,0.01011299793694863
vicsek,rho_1_over_3pi,5.5999999999999996,2200,20,0.2933877789732128,0.1189207491706433,0.026591487908076014,0.21363636363636362,0.05943953104828191,0.013291083197466767
vicsek,rho_1_over_3pi,5.5999999999999996,2250,20,0.2805468812908424,0.16968411087363638,0.03794252066150622,0.21818181818181817,0.0668042657122685,0.014937887931959076
vicsek,rho_1_over_3pi,5.5999999999999996,2300,20,0.26510546895494574,0.1306185856974868,0.029207203674446226,0.21363636363636362,0.05202510519208907,0.011633167174608841
vicsek,rho_1_over_3pi,5.5999999999999996,2350,20,0.20111647135365898,0.13380350134464974,0.029919372463412135,0.2,0.04635472285084349,0.010365231137264888
vicsek,rho_1_over_3pi,5.5999999999999996,2400,20,0.2446109842092521,0.12198681311503641,0.027277080648378426,0.2,0.04635472285084349,0.010365231137264888
vicsek,rho_1_over_3pi,5.5999999999999996,2450,20,0.2715775662654184,0.14491012425372102,0.03240288884592612,0.20454545454545453,0.04874456952165276,0.010899617098437996
vicsek,rho_1_over_3pi,5.5999999999999996,2500,20,0.23608355530828523,0.08912302152840239,0.01992851344976849,0.21818181818181817,0.05300865358950272,0.011853095282186631
vicsek,rho_1_over_3pi,5.5999999999999996,2550,20,0.291349847645906,0.14952940510690285,0.0334357914454139,0.22272727272727272,0.04522670168666453,0.010112997936948628
vicsek,rho_1_over_3pi,5.5999999999999996,2600,20,0.25407798789931335,0.10838933968503348,0.02423659315720505,0.22272727272727272,0.04522670168666453,0.010112997936948628
vicsek,rho_1_over_3pi,5.5999999999999996,2650,20,0.2357289454294254,0.12082175234451256,0.027016565140297467,0.19545454545454546,0.05943953104828191,0.013291083197466767
vicsek,rho_1_over_3pi,5.5999999999999996,2700,20,0.29816912666901096,0.1275799832533483,0.028527751512277155,0.20454545454545453,0.06968049871252678,0.015581033182729645
vicsek,rho_1_over_3pi,5.5999999999999996,2750,20,0.28531671190430663,0.1375177620622996,0.030749906408494357,0.21818181818181817,0.07272727272727272,0.016262312563634834
vicsek,rho_1_over_3pi,5.5999999999999996,2800,20,0.2811964791319271,0.11281597450013145,0.025226418793017676,0.20454545454545453,0.07537783614444091,0.016854996561581053
vicsek,rho_1_over_3pi,5.5999999999999996,2850,20,0.2587750857771406,0.08185413152955846,0.018303140233930155,0.21363636363636362,0.06602654111969977,0.014763983426283376
vicsek,rho_1_over_3pi,5.5999999999999996,2900,20,0.2613155534639889,0.12639693833508334,0.02826321462650954,0.19545454545454546,0.06602654111969977,0.014763983426283376
vicsek,rho_1_over_3pi,5.5999999999999996,2950,20,0.26745057958962515,0.11655472488615959,0.026062428794423928,0.2,0.06803013430498074,0.015212000482437734
vicsek,rho_1_over_3pi,5.5999999999999996,3000,20,0.23781378008315515,0.13475909012237688,0.030133048609965515,0.2,0.061657545301138796,0.013787046261911908
vicsek,rho_1_over_3pi,5.7999999999999998,0,20,0.2797912818272984,0.1449136140986165,0.03240366919896784,0.2,0.061657545301138796,0.013787046261911908
vicsek,rho_1_over_3pi,5.7999999999999998,50,20,0.23402251305261293,0.09559273537385002,0.02137518544510774,0.19090909090909092,0.04895604370122276,0.010946904162538448
vicsek,rho_1_over_3pi,5.7999999999999998,100,20,0.28617617270800266,0.1341801725231126,0.03000359869943292,0.18636363636363637,0.04522670168666454,0.01011299793694863
vicsek,rho_1_over_3pi,5.7999999999999998,150,20,0.2827465963304811,0.13801081971282872,0.030860157450835302,0.2,0.05454545454545454,0.012196734422726124
vicsek,rho_1_over_3pi,5.7999999999999998,200,20,0.23621232474877943,0.09874222154924184,0.022079431963344935,0.19545454545454546,0.07201354326252209,0.016102717803562136
vicsek,rho_1_over_3pi,5.7999999999999998,250,20,0.2419414807424401,0.1493413860330368,0.03339374910239079,0.19090909090909092,0.06363636363636363,0.014229523493180478
vicsek,rho_1_over_3pi,5.7999999999999998,300,20,0.24480236570820352,0.15174091808822257,0.03393030078134931,0.19545454545454546,0.06602654111969977,0.014763983426283376
vicsek,rho_1_over_3pi,5.7999999999999998,350,20,0.2722256498431018,0.11214783979808116,0.025077019331826576,0.20909090909090908,0.06492207662311682,0.01451701765697392
vicsek,rho_1_over_3pi,5.7999999999999998,400,20,0.24285984924232915,0.11440799782632456,0.02558240603093099,0.19545454545454546,0.0594395310482819,0.013291083197466766
vicsek,rho_1_over_3pi,5.7999999999999998,450,20,0.30242270819074796,0.12447537747402347,0.027833540555686254,0.20454545454545453,0.0634738183807679,0.014193177269087266
vicsek,rho_1_over_3pi,5.7999999999999998,500,20,0.29169811310361043,0.16682297106222949,0.03730275035036254,0.21818181818181817,0.060302268915552716,0.013483997249264839
vicsek,rho_1_over_3pi,5.7999999999999998,550,20,0.29049270315243453,0.15417678175977842,0.03447497645670142,0.2,0.07385489458759964,0.01651445647689541
vicsek,rho_1_over_3pi,5.7999999999999998,600,20,0.2837943442306943,0.1390867732431423,0.031100747974276508,0.2,0.08430562268632458,0.01885131032120702
vicsek,rho_1_over_3pi,5.7999999999999998,650,20,0.23520794740276235,0.09194655598603306,0.020559874948176012,0.19090909090909092,0.07551476239016432,0.01688561420091519
vicsek,rho_1_over_3pi,5.7999999999999998,700,20,0.2345154148828168,0.14258985951330502,0.03188406187738951,0.19545454545454546,0.0594395310482819,0.013291083197466766
vicsek,rho_1_over_3pi,5.7999999999999998,750,20,0.2630833016349498,0.08641438810095084,0.019322844602777504,0.20909090909090908,0.07660136157433053,0.017128585164924336
vicsek,rho_1_over_3pi,5.7999999999999998,800,20,0.25832263481085027,0.14713209398497573,0.032899736382229365,0.21363636363636362,0.05943953104828191,0.013291083197466767
vicsek,rho_1_over_3pi,5.7999999999999998,850,20,0.2720050023343672,0.1362940967681477,0.03047628653055126,0.2272727272727273,0.06741998624632421,0.01507556722888818
vicsek,rho_1_over_3pi,5.7999999999999998,900,20,0.2141744280099671,0.10043531396758286,0.022458018937304938,0.20454545454545453,0.0634738183807679,0.014193177269087266
vicsek,rho_1_over_3pi,5.7999999999999998,950,20,0.23479414824891814,0.14222174585525976,0.03180174916110598,0.21818181818181817,0.09706434774573919,0.021704247975115127
vicsek,rho_1_over_3pi,5.7999999999999998,1000,20,0.2661913461259295,0.13167999893169083,0.029444542888836037,0.20454545454545453,0.08564292582462169,0.01915034039358263
vicsek,rho_1_over_3pi,5.7999999999999998,1050,20,0.2537438679081917,0.1556904833207662,0.034813450415503044,0.20909090909090908,0.09577867048047943,0.021416761798890443
vicsek,rho_1_over_3pi,5.7999999999999998,1100,20,0.23910354263454053,0.13584935033141174,0.03037683820402202,0.19545454545454546,0.0826972972666375,0.0184916778243709
vicsek,rho_1_over_3pi,5.7999999999999998,1150,20,0.3132432471359149,0.16859083954546408,0.03769805776074174,0.20909090909090908,0.07100226978096959,0.01587659017870271
vicsek,rho_1_over_3pi,5.7999999999999998,1200,20,0.31617651481447767,0.1446717374626679,0.03234958393895283,0.20909090909090908,0.058210220340298616,0.013016200966614863
vicsek,rho_1_over_3pi,5.7999999999999998,1250,20,0.24454021791204122,0.13222714215235504,0.02956688783231937,0.21363636363636362,0.0594395310482819,0.013291083197466766
vicsek,rho_1_over_3pi,5.7999999999999998,1300,20,0.29219455908075936,0.12690961687672478,0.028377853033481115,0.21363636363636362,0.0594395310482819,0.013291083197466766
vicsek,rho_1_over_3pi,5.7999999999999998,1350,20,0.2677559025483553,0.12621787717341743,0.028223175333548036,0.21818181818181817,0.06030226891555272,0.01348399724926484
vicsek,rho_1_over_3pi,5.7999999999999998,1400,20,0.2202266777709001,0.075434981204098,0.016867774585378206,0.20454545454545453,0.0634738183807679,0.014193177269087266
vicsek,rho_1_over_3pi,5.7999999999999998,1450,20,0.24821305522789064,0.09310523328767559,0.020818963069221885,0.21363636363636362,0.05943953104828191,0.013291083197466767
vicsek,rho_1_over_3pi,5.7999999999999998,1500,20,0.2791599365900063,0.14810303971831984,0.03311684644845145,0.22727272727272724,0.0674199862463242,0.015075567228888177
vicsek,rho_1_over_3pi,5.7999999999999998,1550,20,0.2664121733469784,0.1650926059092963,0.036915828939577,0.22727272727272724,0.07329325225725954,0.01638886943392722
vicsek,rho_1_over_3pi,5.7999999999999998,1600,20,0.2505647879347278,0.13057684321993746,0.029197869772711264,0.21363636363636362,0.0826972972666375,0.0184916778243709
vicsek,rho_1_over_3pi,5.7999999999999998,1650,20,0.2067686873884258,0.0953782210777241,0.021327218590279435,0.2,0.07385489458759963,0.016514456476895405
vicsek,rho_1_over_3pi,5.7999999999999998,1700,20,0.26077339452407255,0.1349949155977339,0.030185780789337965,0.19090909090909092,0.04895604370122276,0.010946904162538448
vicsek,rho_1_over_3pi,5.7999999999999998,1750,20,0.2570623193855532,0.1310858267499436,0.02931168194996342,0.20454545454545453,0.0753778361444409,0.01685499656158105
vicsek,rho_1_over_3pi,5.7999999999999998,1800,20,0.2903429948514254,0.13878287395955127,0.0310327940286342,0.19090909090909092,0.04895604370122276,0.010946904162538448
vicsek,rho_1_over_3pi,5.7999999999999998,1850,20,0.2561866245221226,0.15386866420312964,0.03440607927652864,0.18636363636363637,0.04522670168666454,0.01011299793694863
vicsek,rho_1_over_3pi,5.7999999999999998,1900,20,0.2552532951109973,0.1392585109496653,0.03113914969288504,0.18181818181818182,0.05749595745760689,0.012856486930664499
vicsek,rho_1_over_3pi,5.7999999999999998,1950,20,0.2562270829383619,0.09881284701684698,0.022095224297995715,0.19545454545454546,0.05202510519208907,0.011633167174608841
vicsek,rho_1_over_3pi,5.7999999999999998,2000,20,0.28505467601919704,0.1397658971528273,0.031252604696996616,0.2,0.054545454545454536,0.012196734422726122
vicsek,rho_1_over_3pi,5.7999999999999998,2050,20,0.2804304272714472,0.13756365519664898,0.03076016842530493,0.2,0.054545454545454536,0.012196734422726122
vicsek,rho_1_over_3pi,5.7999999999999998,2100,20,0.26188741595291914,0.117097826980087,0.026183870114498343,0.19545454545454546,0.04336087279167934,0.009695785912591608
vicsek,rho_1_over_3pi,5.7999999999999998,2150,20,0.251148624415581,0.09609398291855416,0.02148726780345907,0.2,0.04635472285084349,0.010365231137264888
vicsek,rho_1_over_3pi,5.7999999999999998,2200,20,0.2947822270442064,0.14575942133865352,0.03259279744742626,0.19545454545454546,0.05202510519208907,0.011633167174608841
vicsek,rho_1_over_3pi,5.7999999999999998,2250,20,0.2913464750299362,0.12414116951998065,0.027758809385300166,0.20454545454545453,0.04874456952165276,0.010899617098437996
vicsek,rho_1_over_3pi,5.7999999999999998,2300,20,0.2732707979254965,0.14888499248340742,0.03329169640224442,0.20909090909090908,0.0506160396620911,0.011318090543626117
vicsek,rho_1_over_3pi,5.7999999999999998,2350,20,0.23712573327381778,0.12816123839911617,0.028657724114098004,0.20454545454545453,0.05659045271813059,0.012654009915522773
vicsek,rho_1_over_3pi,5.7999999999999998,2400,20,0.29011887511729245,0.1329243823761231,0.029722795486018628,0.21818181818181817,0.060302268915552716,0.013483997249264839
vicsek,rho_1_over_3pi,5.7999999999999998,2450,20,0.26807659182565385,0.1499300371914785,0.033525375502921756,0.21363636363636362,0.05202510519208907,0.011633167174608841
vicsek,rho_1_over_3pi,5.7999999999999998,2500,20,0.2587436795259198,0.12641492138618834,0.028267235758980908,0.20909090909090908,0.058210220340298616,0.013016200966614863
vicsek,rho_1_over_3pi,5.7999999999999998,2550,20,0.25023103496020604,0.10476697079075455,0.023426606848486204,0.21818181818181817,0.05300865358950272,0.011853095282186631
vicsek,rho_1_over_3pi,5.7999999999999998,2600,20,0.2123982180521462,0.10102285369722709,0.02258939681480157,0.20909090909090908,0.058210220340298616,0.013016200966614863
vicsek,rho_1_over_3pi,5.7999999999999998,2650,20,0.2347966624271313,0.13899496453510257,0.03108021892306618,0.19545454545454546,0.04336087279167934,0.009695785912591608
vicsek,rho_1_over_3pi,5.7999999999999998,2700,20,0.2481298419170109,0.1624693615027373,0.0363292536581108,0.19545454545454546,0.05202510519208907,0.011633167174608841
vicsek,rho_1_over_3pi,5.7999999999999998,2750,20,0.2556291738706415,0.09928271337644284,0.022200289610035385,0.19545454545454546,0.0594395310482819,0.013291083197466766
vicsek,rho_1_over_3pi,5.7999999999999998,2800,20,0.26375545827810487,0.1005303512043388,0.02247926990948294,0.2,0.054545454545454536,0.012196734422726122
vicsek,rho_1_over_3pi,5.7999999999999998,2850,20,0.3241573693967191,0.16088423948037683,0.0359748095986478,0.2,0.06165754530113879,0.013787046261911906
vicsek,rho_1_over_3pi,5.7999999999999998,2900,20,0.2656721577675179,0.1631663963613123,0.03648511539075686,0.19545454545454546,0.0594395310482819,0.013291083197466766
vicsek,rho_1_over_3pi,5.7999999999999998,2950,20,0.2549260072525587,0.15215259474851878,0.034022354481066545,0.2,0.07925270806437587,0.017721444263289022
vicsek,rho_1_over_3pi,5.7999999999999998,3000,20,0.2583464188808917,0.11075607212874407,0.024765810620074158,0.2,0.07925270806437587,0.017721444263289022
vicsek,rho_1_over_3pi,6.2000000000000002,0,20,0.279699208458539,0.15285422284068484,0.034179243291967226,0.18636363636363634,0.06081403709208932,0.013598432092410535
vicsek,rho_1_over_3pi,6.2000000000000002,50,20,0.2893328046306928,0.12419352400685238,0.027770516204457397,0.18636363636363637,0.07859825666268447,0.01757510448107382
vicsek,rho_1_over_3pi,6.2000000000000002,100,20,0.2603318163879579,0.10308212775484815,0.023049864492515823,0.17727272727272728,0.06726658448613064,0.015041265552522087
vicsek,rho_1_over_3pi,6.2000000000000002,150,20,0.2522172315800147,0.09876198158840697,0.022083850442426063,0.18636363636363637,0.060814037092089324,0.013598432092410536
vicsek,rho_1_over_3pi,6.2000000000000002,200,20,0.23345587153712413,0.13179375516914227,0.029469979556816638,0.19090909090909092,0.06363636363636363,0.014229523493180478
vicsek,rho_1_over_3pi,6.2000000000000002,250,20,0.29059320803100186,0.18182614005298153,0.04065756092448639,0.19545454545454546,0.05943953104828191,0.013291083197466767
vicsek,rho_1_over_3pi,6.2000000000000002,300,20,0.29640270925398915,0.12539300847960153,0.028038729086359654,0.2,0.036363636363636355,0.008131156281817415
vicsek,rho_1_over_3pi,6.2000000000000002,350,20,0.25679909175962734,0.1286038326693632,0.028756691201570435,0.19545454545454546,0.052025105192089076,0.011633167174608843
vicsek,rho_1_over_3pi,6.2000000000000002,400,20,0.28217935574191105,0.13332934912351607,0.029813348803598393,0.19090909090909092,0.056772709076349064,0.01269476367615358
vicsek,rho_1_over_3pi,6.2000000000000002,450,20,0.28147887777642616,0.1135614017417341,0.025393101391468043,0.18636363636363634,0.06081403709208932,0.013598432092410535
vicsek,rho_1_over_3pi,6.2000000000000002,500,20,0.2262912856492673,0.12754070247970106,0.028518968064268756,0.19090909090909092,0.056772709076349064,0.01269476367615358
vicsek,rho_1_over_3pi,6.2000000000000002,550,20,0.2325638867419469,0.14391712147575936,0.03218084667458928,0.18636363636363634,0.05359011873887088,0.011983114842240059
vicsek,rho_1_over_3pi,6.2000000000000002,600,20,0.297206762980726,0.13381260039786375,0.02992140707356387,0.17727272727272728,0.05359011873887089,0.01198311484224006
vicsek,rho_1_over_3pi,6.2000000000000002,650,20,0.27843337440050164,0.1541310344649503,0.03446474705059918,0.17727272727272728,0.05359011873887089,0.01198311484224006
vicsek,rho_1_over_3pi,6.2000000000000002,700,20,0.2800991500878495,0.096454008072269,0.021567771875190694,0.18636363636363634,0.05359011873887088,0.011983114842240059
vicsek,rho_1_over_3pi,6.2000000000000002,750,20,0.2748669258040228,0.12681956393142363,0.02835771658275437,0.17272727272727273,0.06363636363636363,0.014229523493180478
vicsek,rho_1_over_3pi,6.2000000000000002,800,20,0.24089830911037552,0.11958942991703382,0.026741009468493466,0.17272727272727273,0.05677270907634908,0.012694763676153582
vicsek,rho_1_over_3pi,6.2000000000000002,850,20,0.28450822226011463,0.14749731936690305,0.032981403260339145,0.17272727272727273,0.06363636363636363,0.014229523493180478
vicsek,rho_1_over_3pi,6.2000000000000002,900,20,0.28574155366556586,0.14071330041321212,0.031464450506229154,0.17727272727272728,0.05359011873887089,0.01198311484224006
vicsek,rho_1_over_3pi,6.2000000000000002,950,20,0.25740357885629883,0.11804983852557727,0.02639674636760643,0.18636363636363637,0.060814037092089324,0.013598432092410536
vicsek,rho_1_over_3pi,6.2000000000000002,1000,20,0.29672733645028254,0.15712637078608738,0.03513452461355284,0.18636363636363634,0.05359011873887088,0.011983114842240059
vicsek,rho_1_over_3pi,6.2000000000000002,1050,20,0.24478853578528553,0.10550114439319509,0.023590773056720502,0.18181818181818182,0.06428243465332249,0.01437398936440172
vicsek,rho_1_over_3pi,6.2000000000000002,1100,20,0.23927443423904166,0.1694963707416571,0.037900540691785174,0.17272727272727273,0.04895604370122276,0.010946904162538448
vicsek,rho_1_over_3pi,6.2000000000000002,1150,20,0.2569083564074513,0.10818003833102334,0.024189791951670106,0.16818181818181818,0.0594395310482819,0.013291083197466766
vicsek,rho_1_over_3pi,6.2000000000000002,1200,20,0.25702176349996064,0.09211622328948443,0.020597813710583647,0.16363636363636364,0.05454545454545454,0.012196734422726124
vicsek,rho_1_over_3pi,6.2000000000000002,1250,20,0.28649706235565403,0.17850425041158968,0.039914763819295936,0.16818181818181818,0.04336087279167935,0.00969578591259161
vicsek,rho_1_over_3pi,6.2000000000000002,1300,20,0.2718987849711223,0.1409237579733935,0.031511510247323585,0.17272727272727273,0.04895604370122276,0.010946904162538448
vicsek,rho_1_over_3pi,6.2000000000000002,1350,20,0.2710901390290678,0.15133091571792687,0.03383862146425758,0.16818181818181818,0.0594395310482819,0.013291083197466766
vicsek,rho_1_over_3pi,6.2000000000000002,1400,20,0.26544934864828285,0.07300261082555765,0.016323880034090892,0.17272727272727273,0.04895604370122276,0.010946904162538448
vicsek,rho_1_over_3pi,6.2000000000000002,1450,20,0.2982140143705545,0.10972220713628768,0.024534631379805178,0.17727272727272728,0.09304313404753964,0.020805077256992377
vicsek,rho_1_over_3pi,6.2000000000000002,1500,20,0.20508509133472108,0.0959268084822803,0.021449886463098217,0.18636363636363637,0.07859825666268447,0.01757510448107382
vicsek,rho_1_over_3pi,6.2000000000000002,1550,20,0.24955659916674772,0.08645681574912667,0.019332331713322163,0.18181818181818182,0.0642824346533225,0.014373989364401724
vicsek,rho_1_over_3pi,6.2000000000000002,1600,20,0.22959665607530821,0.12914042480034324,0.02887667684967672,0.20909090909090908,0.08672174558335868,0.019391571825183217
vicsek,rho_1_over_3pi,6.2000000000000002,1650,20,0.23750515501285568,0.11379447511858773,0.02544521818290706,0.2,0.06803013430498074,0.015212000482437734
vicsek,rho_1_over_3pi,6.2000000000000002,1700,20,0.2851535925540612,0.16043289922522067,0.035873886849496675,0.21818181818181817,0.060302268915552716,0.013483997249264839
vicsek,rho_1_over_3pi,6.2000000000000002,1750,20,0.26937846200467697,0.12143164220971478,0.027152940660035502,0.22272727272727272,0.09304313404753964,0.020805077256992377
vicsek,rho_1_over_3pi,6.2000000000000002,1800,20,0.2656367906919744,0.1395088860425079,0.03119513526563193,0.21363636363636362,0.0826972972666375,0.0184916778243709
vicsek,rho_1_over_3pi,6.2000000000000002,1850,20,0.2824929722091422,0.16505042731223082,0.0369063975185536,0.22272727272727272,0.09304313404753964,0.020805077256992377
vicsek,rho_1_over_3pi,6.2000000000000002,1900,20,0.2180972024625519,0.0986236413197111,0.02205291661794311,0.21818181818181817,0.06680426571226848,0.014937887931959073
vicsek,rho_1_over_3pi,6.2000000000000002,1950,20,0.2838343189121316,0.12186246936362623,0.027249276540305376,0.21363636363636362,0.08755163765571919,0.019577141333961844
vicsek,rho_1_over_3pi,6.2000000000000002,2000,20,0.2898270002584963,0.1125082512408843,0.025157609780424237,0.20454545454545453,0.09033912233796268,0.020200441857535428
vicsek,rho_1_over_3pi,6.2000000000000002,2050,20,0.2836339462139735,0.1144663531340589,0.02559545467442518,0.20454545454545453,0.06968049871252677,0.015581033182729642
vicsek,rho_1_over_3pi,6.2000000000000002,2100,20,0.2606258496596177,0.11169158241139131,0.024974997078639084,0.21818181818181817,0.07272727272727272,0.016262312563634834
vicsek,rho_1_over_3pi,6.2000000000000002,2150,20,0.2791034616530022,0.14216031677447646,0.0317880132010633,0.22727272727272724,0.0674199862463242,0.015075567228888177
vicsek,rho_1_over_3pi,6.2000000000000002,2200,20,0.25513969844443174,0.10696384272596075,0.023917842346984464,0.22727272727272724,0.06098367211363062,0.013636363636363634
vicsek,rho_1_over_3pi,6.2000000000000002,2250,20,0.27490476820644527,0.1360321690523084,0.030417717712770468,0.2,0.04635472285084349,0.010365231137264888
vicsek,rho_1_over_3pi,6.2000000000000002,2300,20,0.2388609536557488,0.12013851910611978,0.026863789543744108,0.21363636363636362,0.07201354326252209,0.016102717803562136
vicsek,rho_1_over_3pi,6.2000000000000002,2350,20,0.26756177201090503,0.11559085342460008,0.025846900583462014,0.21818181818181817,0.0668042657122685,0.014937887931959076
vicsek,rho_1_over_3pi,6.2000000000000002,2400,20,0.32441904272528926,0.1465513959677834,0.032769888358145226,0.23181818181818184,0.07859825666268447,0.01757510448107382
vicsek,rho_1_over_3pi,6.2000000000000002,2450,20,0.2784438981260895,0.15737729195349337,0.03519063229228418,0.21818181818181817,0.0668042657122685,0.014937887931959076
vicsek,rho_1_over_3pi,6.2000000000000002,2500,20,0.27508141932919844,0.1201260919427568,0.026861010745539395,0.21818181818181817,0.0668042657122685,0.014937887931959076
vicsek,rho_1_over_3pi,6.2000000000000002,2550,20,0.27811498122338146,0.14674642639696867,0.03281349848787914,0.2363636363636364,0.07820295697311479,0.017486712783337584
vicsek,rho_1_over_3pi,6.2000000000000002,2600,20,0.29909587224195006,0.1280102167285456,0.028623954641950868,0.22272727272727272,0.07859825666268447,0.01757510448107382
vicsek,rho_1_over_3pi,6.2000000000000002,2650,20,0.2838648035162209,0.11204237368427226,0.025053436391846633,0.23181818181818184,0.09304313404753964,0.020805077256992377
vicsek,rho_1_over_3pi,6.2000000000000002,2700,20,0.27593153719204866,0.1512973999260361,0.033831127105358835,0.20454545454545453,0.09480297097551914,0.021198588757020034
vicsek,rho_1_over_3pi,6.2000000000000002,2750,20,0.3206600920910068,0.13947995513581124,0.031188666118229482,0.20909090909090908,0.09136250564655354,0.02042927732204021
vicsek,rho_1_over_3pi,6.2000000000000002,2800,20,0.23260457237342344,0.11866227130568141,0.026533690500402635,0.20909090909090908,0.0867217455833587,0.01939157182518322
vicsek,rho_1_over_3pi,6.2000000000000002,2850,20,0.27512861298713526,0.08156480809577897,0.018238445547388696,0.21363636363636362,0.0826972972666375,0.0184916778243709
vicsek,rho_1_over_3pi,6.2000000000000002,2900,20,0.20547577829321856,0.12439372993058391,0.02781528360995358,0.22727272727272724,0.07872958216222169,0.017604469755488256
vicsek,rho_1_over_3pi,6.2000000000000002,2950,20,0.2708660391622469,0.14901189167015033,0.033320071923029076,0.20454545454545453,0.0634738183807679,0.014193177269087266
vicsek,rho_1_over_3pi,6.2000000000000002,3000,20,0.26502064047815027,0.13831749234708954,0.030928731536539914,0.21363636363636362,0.07753964595105445,0.017338391929782405
vicsek,rho_1_over_pi,0.59999999999999998,0,20,0.13078675394770561,0.05874845493412026,0.013136553880577582,0.1546875,0.05365088972934186,0.011996703648815369
vicsek,rho_1_over_pi,0.59999999999999998,50,20,0.3578224972049736,0.17972486213462757,0.040187700897980516,0.29375,0.08637671850678283,0.019314421425453053
vicsek,rho_1_over_pi,0.59999999999999998,100,20,0.5005704662105231,0.20837844154521862,0.046594836034057514,0.4015625,0.12234484753658406,0.027357139578864962
vicsek,rho_1_over_pi,0.59999999999999998,150,20,0.6611376456440861,0.15510711205035063,0.03468300463382608,0.51875,0.18967488631866897,0.04241259394330886
vicsek,rho_1_over_pi,0.59999999999999998,200,20,0.655337875034695,0.17863854755665046,0.03994479357384994,0.54375,0.18812396179115515,0.042065796676159596
vicsek,rho_1_over_pi,0.59999999999999998,250,20,0.6885649897285034,0.19050170385194906,0.04259747596424916,0.58125,0.19475545563603602,0.043548643779112106
vicsek,rho_1_over_pi,0.59999999999999998,300,20,0.7373536801636569,0.18774974420824309,0.04198211908078289,0.659375,0.20249903549153017,0.0452801608737204
vicsek,rho_1_over_pi,0.59999999999999998,350,20,0.8034760985201638,0.13918755884425388,0.03112328431980037,0.63125,0.20790059223099872,0.046487985679097774
vicsek,rho_1_over_pi,0.59999999999999998,400,20,0.8420218878145691,0.15533537827019592,0.034734046512280174,0.6640625,0.21145769191199926,0.04728337734804378
vicsek,rho_1_over_pi,0.59999999999999998,450,20,0.8477088635892128,0.16447898026094154,0.03677861807333114,0.65625,0.20107134927681766,0.04496092053105674
vicsek,rho_1_over_pi,0.59999999999999998,500,20,0.8457638299621797,0.16900173568869925,0.03778993693153838,0.6953125,0.18351893422410126,0.041036081208340305
vicsek,rho_1_over_pi,0.59999999999999998,550,20,0.8811767777979325,0.09919323579196182,0.02218028181389918,0.7140625,0.17740396830045826,0.03966873325980425
vicsek,rho_1_over_pi,0.59999999999999998,600,20,0.8823822878150764,0.11645042717690189,0.026039107117644154,0.7234375,0.18415638522394492,0.04117861958513787
vicsek,rho_1_over_pi,0.59999999999999998,650,20,0.8834621385855611,0.06760152578122543,0.015116160702952462,0.7171875,0.18447428470860106,0.041249704070908194
vicsek,rho_1_over_pi,0.59999999999999998,700,20,0.9015251430192841,0.07544762544435656,0.016870601923452404,0.7296875,0.18626546705911431,0.04165022462049274
vicsek,rho_1_over_pi,0.59999999999999998,750,20,0.8942823085425221,0.0721842562263252,0.01614089038273256,0.6875,0.20893143313058474,0.04671848871164391
vicsek,rho_1_over_pi,0.59999999999999998,800,20,0.8842434297535027,0.1101637829130839,0.02463337072521854,0.6671875,0.22213343224006152,0.04967054545641209
vicsek,rho_1_over_pi,0.59999999999999998,850,20,0.8756057176670076,0.10961680690079303,0.024511063170664125,0.65,0.20362918197056137,0.04553286930888498
vicsek,rho_1_over_pi,0.59999999999999998,900,20,0.9070826676286663,0.06002566312461285,0.013422146314113675,0.6796875,0.22182547862847046,0.049601684935468675
vicsek,rho_1_over_pi,0.59999999999999998,950,20,0.8921775486614525,0.0745411605831503,0.01666791021856519,0.6921875,0.21452959986619563,0.04797027684866432
vicsek,rho_1_over_pi,0.59999999999999998,1000,20,0.8812918585592934,0.06800791339290081,0.015207031735444456,0.7,0.21749640801631645,0.04863367531865138
vicsek,rho_1_over_pi,0.59999999999999998,1050,20,0.8621525729874298,0.10220992017188875,0.02285483294791702,0.6984375,0.19015695614084172,0.04252038803253681
vicsek,rho_1_over_pi,0.59999999999999998,1100,20,0.8709726824091751,0.09738168481653392,0.021775206701322897,0.75,0.2053959590644373,0.04592793267718459
vicsek,rho_1_over_pi,0.59999999999999998,1150,20,0.8311044592616252,0.17909657482000016,0.04004721158348975,0.7578125,0.19957841308305366,0.04462708984952413
vicsek,rho_1_over_pi,0.59999999999999998,1200,20,0.8592466261782352,0.14352396770750198,0.032092934819445904,0.78125,0.17760340297978527,0.03971332820980886
vicsek,rho_1_over_pi,0.59999999999999998,1250,20,0.8378915185894149,0.1832672516966305,0.04097980328432294,0.7484375,0.18127020361534876,0.040533249757914794
vicsek,rho_1_over_pi,0.59999999999999998,1300,20,0.857967911669823,0.15700645061174096,0.03510770964738162,0.75625,0.18157298807917438,0.04060095442227929
vicsek,rho_1_over_pi,0.59999999999999998,1350,20,0.8880934573440535,0.10536769505414309,0.02356093287735323,0.8078125,0.16455283868335424,0.03679513331865371
vicsek,rho_1_over_pi,0.59999999999999998,1400,20,0.8956011957222569,0.13659781915192443,0.03054420092019257,0.83125,0.15699820858850588,0.035105866674959046
vicsek,rho_1_over_pi,0.59999999999999998,1450,20,0.9001037511075646,0.079183473030252,0.017705962839016473,0.834375,0.1358925931572431,0.030386507593831835
vicsek,rho_1_over_pi,0.59999999999999998,1500,20,0.9074374725184009,0.09826886088988998,0.021973585302126446,0.790625,0.1817073970013329,0.04063100917095218
vicsek,rho_1_over_pi,0.59999999999999998,1550,20,0.9131693340768866,0.08098191528091041,0.018108106751624463,0.796875,0.21458080500128618,0.04798172666495027
vicsek,rho_1_over_pi,0.59999999999999998,1600,20,0.9358807850256887,0.07311459674591275,0.016348920847134584,0.83125,0.18941728075864672,0.042354991588949696
vicsek,rho_1_over_pi,0.59999999999999998,1650,20,0.9294121408447069,0.04889533212771447,0.010933328641999899,0.8546875,0.18148556889943068,0.04058140689943487
vicsek,rho_1_over_pi,0.59999999999999998,1700,20,0.9170118070287006,0.06551196815111432,0.014648921412569283,0.8765625,0.16986753800756046,0.037983536215543436
vicsek,rho_1_over_pi,0.59999999999999998,1750,20,0.9031637942183843,0.10078088717606928,0.022535291455842772,0.85625,0.1841895253536422,0.04118602994341649
vicsek,rho_1_over_pi,0.59999999999999998,1800,20,0.9026545566439242,0.12403167479051759,0.02773432561947443,0.85,0.18237795576768592,0.04078095066939955
vicsek,rho_1_over_pi,0.59999999999999998,1850,20,0.9037468988079895,0.10304945689713549,0.02304255906664295,0.865625,0.17541802750857735,0.0392246633988107
vicsek,rho_1_over_pi,0.59999999999999998,1900,20,0.8998981129353322,0.12300673445942863,0.027505141994154825,0.8734375,0.17773394574123988,0.03974251845866716
vicsek,rho_1_over_pi,0.59999999999999998,1950,20,0.9121899570627745,0.13165047267993313,0.029437940618230938,0.8703125,0.19497470789502416,0.04359767007464389
vicsek,rho_1_over_pi,0.59999999999999998,2000,20,0.890665716389301,0.1844296279826203,0.04123971852341364,0.871875,0.18851288914819592,0.042152763477024846
vicsek,rho_1_over_pi,0.59999999999999998,2050,20,0.8943321064139322,0.1930289584510452,0.04316258727225196,0.8734375,0.19652125958468208,0.04394348954552312
vicsek,rho_1_over_pi,0.59999999999999998,2100,20,0.8716343851124838,0.1828913993050702,0.04089576013461947,0.86875,0.1802233856912027,0.04029917415406921
vicsek,rho_1_over_pi,0.59999999999999998,2150,20,0.865581241070369,0.1897002579364458,0.04241826720951367,0.8359375,0.20345526036146128,0.04549397925481458
vicsek,rho_1_over_pi,0.59999999999999998,2200,20,0.8683690875332903,0.20406352286209262,0.045629990884772154,0.8625,0.18734368484152328,0.041891321446094296
vicsek,rho_1_over_pi,0.59999999999999998,2250,20,0.8832152090998922,0.168920072096012,0.03777167639708482,0.8703125,0.16865593443087024,0.03771261341961731
vicsek,rho_1_over_pi,0.59999999999999998,2300,20,0.8875504674591094,0.16387109308357364,0.03664269036820663,0.8796875,0.14799275478465154,0.03309218598759381
vicsek,rho_1_over_pi,0.59999999999999998,2350,20,0.8626844754888667,0.19296791578857866,0.04314893771797168,0.8359375,0.18616058046415196,0.04162677126486631
vicsek,rho_1_over_pi,0.59999999999999998,2400,20,0.8760496076307349,0.1883313705627596,0.042112174687403324,0.878125,0.15242185497821498,0.03408256289879034
vicsek,rho_1_over_pi,0.59999999999999998,2450,20,0.9238995769695372,0.09025013290979328,0.020180543216468866,0.8625,0.16518219108003138,0.03693586079273095
vicsek,rho_1_over_pi,0.59999999999999998,2500,20,0.9237151091036997,0.10279673461439129,0.022986048646278453,0.8609375,0.17243516671128892,0.038557675447795085
vicsek,rho_1_over_pi,0.59999999999999998,2550,20,0.9449224409669996,0.05324578196107814,0.011906118798010278,0.8796875,0.16661701734441772,0.03725669769903795
vicsek,rho_1_over_pi,0.59999999999999998,2600,20,0.9664305731018568,0.02462446324444125,0.005506197372401565,0.875,0.18087245160609727,0.04044430970482745
vicsek,rho_1_over_pi,0.59999999999999998,2650,20,0.9536021107842784,0.040447705497288586,0.00904438190258292,0.8703125,0.18626546705911431,0.04165022462049274
vicsek,rho_1_over_pi,0.59999999999999998,2700,20,0.9545615857726452,0.03999376541559028,0.008942877814543998,0.8921875,0.17882947315459496,0.03998748583541481
vicsek,rho_1_over_pi,0.59999999999999998,2750,20,0.9558324629266469,0.04749869277180048,0.010621030588012377,0.890625,0.17856305783952064,0.039927913559939486
vicsek,rho_1_over_pi,0.59999999999999998,2800,20,0.943483470411907,0.0749406011055016,0.016757227834659747,0.853125,0.1806293252077303,0.04038994498944013
vicsek,rho_1_over_pi,0.59999999999999998,2850,20,0.937509840376625,0.09025813315471783,0.02018233212561766,0.8546875,0.18964270476016207,0.04240539792806453
vicsek,rho_1_over_pi,0.59999999999999998,2900,20,0.9220760482894986,0.08274828439874396,0.01850307889370768,0.8625,0.1625,0.036336104634371584
vicsek,rho_1_over_pi,0.59999999999999998,2950,20,0.9157789624511293,0.09011784981407688,0.020150963817039267,0.8703125,0.1700973411572033,0.03803492176194793
vicsek,rho_1_over_pi,0.59999999999999998,3000,20,0.9205148696189337,0.0658204161606251,0.014717892484248344,0.865625,0.16568395177264453,0.037048057894442994
vicsek,rho_1_over_pi,0.80000000000000004,0,20,0.15823573341595695,0.0697418507389408,0.015594751912891558,0.1734375,0.04787985451888926,0.010706260945703686
vicsek,rho_1_over_pi,0.80000000000000004,50,20,0.3127941342113859,0.15140071713676173,0.03385422953600165,0.34375,0.13184389443580616,0.029481191037676883
vicsek,rho_1_over_pi,0.80000000000000004,100,20,0.4462912867164084,0.1931658204240576,0.043193190539771005,0.425,0.19475545563603602,0.043548643779112106
vicsek,rho_1_over_pi,0.80000000000000004,150,20,0.5579635409348286,0.16250969461750772,0.03633827241674789,0.5203125,0.2203679008357388,0.04927576063276446
vicsek,rho_1_over_pi,0.80000000000000004,200,20,0.5559454734509435,0.24784411849545382,0.05541962967793476,0.546875,0.20216117487044835,0.04520461294215447
vicsek,rho_1_over_pi,0.80000000000000004,250,20,0.6148742487821702,0.22231601532652961,0.04971137227570053,0.63125,0.19754350786598884,0.04417207121021154
vicsek,rho_1_over_pi,0.80000000000000004,300,20,0.6777700794633248,0.20827670003116366,0.04657208593990145,0.628125,0.18954612730150938,0.042383802551800374
vicsek,rho_1_over_pi,0.80000000000000004,350,20,0.6635993241864326,0.2235681690988061,0.04999136237100983,0.6953125,0.15337193100026483,0.034295006355699945
vicsek,rho_1_over_pi,0.80000000000000004,400,20,0.7363967015152937,0.17782404077262876,0.03976266432012921,0.73125,0.15064963491492436,0.03368628244552966
vicsek,rho_1_over_pi,0.80000000000000004,450,20,0.7404184209457474,0.17631268556485913,0.03942471502185709,0.696875,0.16059581446911997,0.03591031580548965
vicsek,rho_1_over_pi,0.80000000000000004,500,20,0.7441455255918186,0.1731163997625805,0.03871000378891584,0.7046875,0.1588763645692776,0.03552583511949438
vicsek,rho_1_over_pi,0.80000000000000004,550,20,0.7395057303888234,0.15839840148106302,0.03541895932389603,0.7234375,0.16276270831720022,0.036394847999923007
vicsek,rho_1_over_pi,0.80000000000000004,600,20,0.7577159701218964,0.16453578817711717,0.036791320709554015,0.659375,0.20702977593814856,0.046293265236425046
vicsek,rho_1_over_pi,0.80000000000000004,650,20,0.7627218946209795,0.14566942463676302,0.032572673573108474,0.7046875,0.19874484073492324,0.04444069740606576
vicsek,rho_1_over_pi,0.80000000000000004,700,20,0.7664099068125261,0.17941727024579843,0.04011892126070556,0.678125,0.1984067397418747,0.04436509572569409
vicsek,rho_1_over_pi,0.80000000000000004,750,20,0.7764081649099146,0.1878212682023222,0.041998112332061216,0.7296875,0.17767899205800894,0.03973023044153532
vicsek,rho_1_over_pi,0.80000000000000004,800,20,0.7756909948359729,0.20881071458783754,0.04669149522487117,0.721875,0.209375,0.04681767327890184
vicsek,rho_1_over_pi,0.80000000000000004,850,20,0.7859659520841877,0.16942456712066764,0.03788448491402886,0.709375,0.185957194335148,0.04158129274385298
vicsek,rho_1_over_pi,0.80000000000000004,900,20,0.8140290019812311,0.14372127012379582,0.0321370529809417,0.7609375,0.19472411373209533,0.04354163551633654
vicsek,rho_1_over_pi,0.80000000000000004,950,20,0.8520483442655564,0.15124027789165362,0.03381835423016961,0.7546875,0.2179169405272339,0.048727709246767385
vicsek,rho_1_over_pi,0.80000000000000004,1000,20,0.8135636102262817,0.1766204920148149,0.03949354263645849,0.7828125,0.20904241308583768,0.04674330458405246
vicsek,rho_1_over_pi,0.80000000000000004,1050,20,0.8248703227206076,0.1504961750841684,0.033651967784191064,0.76875,0.2125,0.04751644452187053
vicsek,rho_1_over_pi,0.80000000000000004,1100,20,0.8314293293690135,0.21031827346722676,0.04702859563831094,0.8125,0.19739514621692197,0.0441388965369548
vicsek,rho_1_over_pi,0.80000000000000004,1150,20,0.8221590053928878,0.20424181868630503,0.04566985904307648,0.8125,0.18301938080432903,0.04092437766783998
vicsek,rho_1_over_pi,0.80000000000000004,1200,20,0.8418466017770715,0.16976521715085563,0.03796065657643263,0.8171875,0.20210682316228218,0.04519245953073919
vicsek,rho_1_over_pi,0.80000000000000004,1250,20,0.8507774707639598,0.13803472376932333,0.030865502560361295,0.809375,0.18825369352286292,0.04209480557325333
vicsek,rho_1_over_pi,0.80000000000000004,1300,20,0.8604504966232419,0.14898301648237902,0.03331361523475711,0.8171875,0.20162305291992283,0.04508428521599849
vicsek,rho_1_over_pi,0.80000000000000004,1350,20,0.8105610701012764,0.20346737842006155,0.045496688935093135,0.775,0.22482632185756188,0.05027269388047551
vicsek,rho_1_over_pi,0.80000000000000004,1400,20,0.8205552000853839,0.1604874534525861,0.035886085545581585,0.7609375,0.18783173778344808,0.042000453401570555
vicsek,rho_1_over_pi,0.80000000000000004,1450,20,0.8101095632123354,0.16708046529421494,0.0373603278110159,0.790625,0.16150536949278188,0.0361136984917081
vicsek,rho_1_over_pi,0.80000000000000004,1500,20,0.8256668595397733,0.15839044962704943,0.035417181235283875,0.79375,0.15129648046137756,0.03383092150681089
vicsek,rho_1_over_pi,0.80000000000000004,1550,20,0.8582357186233491,0.13685521398324949,0.03060175615418256,0.84375,0.15467960838455727,0.03458741190809165
vicsek,rho_1_over_pi,0.80000000000000004,1600,20,0.8507024983340614,0.13611830909786402,0.0304369792125152,0.825,0.1615960434230987,0.03613397379890564
vicsek,rho_1_over_pi,0.80000000000000004,1650,20,0.8505579718340005,0.1268700282169251,0.028369000740036097,0.7890625,0.1583838666618226,0.035415709239509804
vicsek,rho_1_over_pi,0.80000000000000004,1700,20,0.8237345286903766,0.13942584963450658,0.03117656776034209,0.8046875,0.15464014426645495,0.03457858746301676
vicsek,rho_1_over_pi,0.80000000000000004,1750,20,0.8017174488439567,0.13212278284439208,0.029543552381650368,0.7984375,0.16726049808233265,0.0374005843662569
vicsek,rho_1_over_pi,0.80000000000000004,1800,20,0.8628128917352805,0.08408277777372336,0.018801480683905386,0.8296875,0.17800845968310045,0.039803901642144326
vicsek,rho_1_over_pi,0.80000000000000004,1850,20,0.8687074615304079,0.11666708766933102,0.026087553876555165,0.8390625,0.17795359077228534,0.03979163258070093
vicsek,rho_1_over_pi,0.80000000000000004,1900,20,0.8716677411493166,0.1166178442026924,0.026076542702669996,0.815625,0.17480457838683747,0.03908749200511591
vicsek,rho_1_over_pi,0.80000000000000004,1950,20,0.8709405296476943,0.10425921029367183,0.0233130681497096,0.8453125,0.1519646726010687,0.03398033381144894
vicsek,rho_1_over_pi,0.80000000000000004,2000,20,0.8766556838049467,0.08662089524514499,0.01936902100400325,0.8875,0.11284668803292368,0.025233286547732936
vicsek,rho_1_over_pi,0.80000000000000004,2050,20,0.8963028060642853,0.10024496251669862,0.02241545505892565,0.871875,0.14145587872195345,0.031630496063925394
vicsek,rho_1_over_pi,0.80000000000000004,2100,20,0.8933807061562931,0.09087064571861936,0.02031929409861331,0.8421875,0.15132068338052798,0.03383633344405832
vicsek,rho_1_over_pi,0.80000000000000004,2150,20,0.8523341479711595,0.13765255970096343,0.030780048076820235,0.8359375,0.1558980410997842,0.03485986174581735
vicsek,rho_1_over_pi,0.80000000000000004,2200,20,0.8374544997526753,0.16810249155803184,0.03758885983108437,0.821875,0.16627231993028785,0.03717962101407167
vicsek,rho_1_over_pi,0.80000000000000004,2250,20,0.8420767176463475,0.1668370581223443,0.037305900312764526,0.8265625,0.1607097903637174,0.035935801590301276
vicsek,rho_1_over_pi,0.80000000000000004,2300,20,0.8540845881870476,0.1503164730118476,0.03361178517925038,0.825,0.15916039472808555,0.03558934619376984
vicsek,rho_1_over_pi,0.80000000000000004,2350,20,0.8297857825223656,0.17899674169824414,0.0400248882188245,0.8609375,0.15324453242693523,0.034266519168679795
vicsek,rho_1_over_pi,0.80000000000000004,2400,20,0.8736196252421069,0.10713075620316741,0.023955165335123957,0.8296875,0.14606659172702702,0.03266148283433408
vicsek,rho_1_over_pi,0.80000000000000004,2450,20,0.8819671541288976,0.1468180446577099,0.03282951281782392,0.8546875,0.14261611223403195,0.03188993216420348
vicsek,rho_1_over_pi,0.80000000000000004,2500,20,0.9131205341636164,0.050381744960161796,0.01126570065559792,0.86875,0.14442775010364178,0.03229502670690953
vicsek,rho_1_over_pi,0.80000000000000004,2550,20,0.8915130857445647,0.08196046138600697,0.018326916312635822,0.8453125,0.1557727085170891,0.03483183652834717
vicsek,rho_1_over_pi,0.80000000000000004,2600,20,0.8774577084129602,0.07988060777692221,0.01786184690731964,0.8640625,0.1380935343118931,0.030878652997459264
vicsek,rho_1_over_pi,0.80000000000000004,2650,20,0.9018192011305171,0.06467879110513829,0.014462617361359795,0.85625,0.20572850738290988,0.046002292741775384
vicsek,rho_1_over_pi,0.80000000000000004,2700,20,0.8814827279359214,0.10267576020007262,0.022958997944882976,0.840625,0.20298071798818723,0.0453878683543301
vicsek,rho_1_over_pi,0.80000000000000004,2750,20,0.8699820260669255,0.13351326847479036,0.02985447442078109,0.8359375,0.20128372194181526,0.04500840850260649
vicsek,rho_1_over_pi,0.80000000000000004,2800,20,0.8585868377105126,0.13516484682309016,0.030223778566477608,0.8375,0.16932771480180084,0.0378628280771524
vicsek,rho_1_over_pi,0.80000000000000004,2850,20,0.8538348866240926,0.13098938925303724,0.029290117870097165,0.8046875,0.20321512423722304,0.04544028318504958
vicsek,rho_1_over_pi,0.80000000000000004,2900,20,0.8840416254817525,0.07234518833501226,0.016176875896211224,0.8390625,0.17657632689222527,0.03948366701482399
vicsek,rho_1_over_pi,0.80000000000000004,2950,20,0.8883337219457044,0.0825754648355825,0.018464435264600593,0.8453125,0.18046029471534727,0.04035214862231625
vicsek,rho_1_over_pi,0.80000000000000004,3000,20,0.8900834462443956,0.08648668759841358,0.019339011261884077,0.8390625,0.1880915148770672,0.04205854132560353
vicsek,rho_1_over_pi,1.2,0,20,0.15214556545858426,0.0850957030905797,0.019027977670367516,0.1359375,0.03318243840874266,0.007419818794114854
vicsek,rho_1_over_pi,1.2,50,20,0.32050671140346887,0.12519781218232626,0.02799508186739328,0.2328125,0.07020825605831553,0.015699043312810496
vicsek,rho_1_over_pi,1.2,100,20,0.2844999192491743,0.18190033550826523,0.04067415153264998,0.33125,0.10977605043906435,0.024546671108319353
vicsek,rho_1_over_pi,1.2,150,20,0.4279243849245783,0.21448762736766588,0.04796089151267452,0.3765625,0.12940481238636375,0.028935795711151614
vicsek,rho_1_over_pi,1.2,200,20,0.4143624053252265,0.20290154609266423,0.0453701649803004,0.421875,0.15515239484133012,0.03469313017371018
vicsek,rho_1_over_pi,1.2,250,20,0.47023926307627517,0.21706486225315536,0.04853717875246835,0.446875,0.121875,0.027252078475778686
vicsek,rho_1_over_pi,1.2,300,20,0.5430916018449339,0.19977834601858546,0.044671796213003157,0.4625,0.14169730060943292,0.031684479639091434
vicsek,rho_1_over_pi,1.2,350,20,0.59706542247279,0.19461958233325036,0.04351826158497649,0.578125,0.21526237624118155,0.04813413062734176
vicsek,rho_1_over_pi,1.2,400,20,0.6262414475948248,0.19636419161708388,0.043908368080259386,0.6046875,0.19447319665894836,0.04348552875310935
vicsek,rho_1_over_pi,1.2,450,20,0.6505879052081859,0.13180682632892865,0.02947290235699935,0.653125,0.20890806141697835,0.04671326263760646
vicsek,rho_1_over_pi,1.2,500,20,0.6766354217737308,0.19115003020930887,0.0427424461449153,0.646875,0.2205506248574236,0.0493166189661254
vicsek,rho_1_over_pi,1.2,550,20,0.6687644510588215,0.16112143365621617,0.03602784782875218,0.6046875,0.24671177357140864,0.05516642965552058
vicsek,rho_1_over_pi,1.2,600,20,0.6671302442220088,0.195886985866449,0.04380166163049205,0.61875,0.22870218079414983,0.051139362285816586
vicsek,rho_1_over_pi,1.2,650,20,0.6348831309653327,0.1691407548838848,0.037821022568599594,0.6640625,0.21306794507562604,0.04764344090152914
vicsek,rho_1_over_pi,1.2,700,20,0.6279098565638491,0.21951496166576034,0.04908503763629006,0.6203125,0.23307451698705717,0.05211704638059893
vicsek,rho_1_over_pi,1.2,750,20,0.6555926413007619,0.21466462054555646,0.04800046839040622,0.6859375,0.19326426006571934,0.043215202312814636
vicsek,rho_1_over_pi,1.2,800,20,0.6642335590188948,0.2089737961686944,0.04672796137493858,0.715625,0.19513116582186454,0.04363265513064727
vicsek,rho_1_over_pi,1.2,850,20,0.7413938748542177,0.16309375019021438,0.03646887121306886,0.70625,0.21134798023638646,0.04725884507158422
vicsek,rho_1_over_pi,1.2,900,20,0.6403632689190946,0.2289151350178635,0.05118698029784853,0.64375,0.216370992163922,0.04838202468376039
vicsek,rho_1_over_pi,1.2,950,20,0.6935109308356606,0.185634194333761,0.04150906774786958,0.709375,0.1946802265896565,0.043531822052953396
vicsek,rho_1_over_pi,1.2,1000,20,0.7429709429409647,0.12970747947298017,0.029003474129174225,0.684375,0.23591162937634083,0.05275144399682344
vicsek,rho_1_over_pi,1.2,1050,20,0.7349091840092795,0.15925603637721802,0.03561073231666388,0.6859375,0.20740090819171936,0.046376252931187745
vicsek,rho_1_over_pi,1.2,1100,20,0.6766853445581701,0.19233586552047327,0.04300760698150362,0.715625,0.20394066998762164,0.04560252014691732
vicsek,rho_1_over_pi,1.2,1150,20,0.7020540057136001,0.16538205524559538,0.036980551778777696,0.7578125,0.21029996247919303,0.04702450117691308
vicsek,rho_1_over_pi,1.2,1200,20,0.7427899705872153,0.17351282343959495,0.038798646817885314,0.7453125,0.1867890165902428,0.041767293854611885
vicsek,rho_1_over_pi,1.2,1250,20,0.713601406302492,0.14810017653344162,0.03311620622084946,0.734375,0.16843141222764832,0.03766240872873109
vicsek,rho_1_over_pi,1.2,1300,20,0.6755999399489263,0.2198048960005963,0.049149868924460494,0.725,0.19580562747275676,0.04378346934060844
vicsek,rho_1_over_pi,1.2,1350,20,0.7372870867328444,0.1826110868746953,0.040833080369693825,0.7421875,0.2079651694845798,0.04650242559197853
vicsek,rho_1_over_pi,1.2,1400,20,0.7490300443308012,0.20598686657434012,0.04606006361324037,0.7203125,0.2179617494395519,0.04873772882416147
vicsek,rho_1_over_pi,1.2,1450,20,0.7599026796351159,0.15311990567213665,0.034238651779125315,0.7421875,0.19031096058490693,0.0425548244731135
vicsek,rho_1_over_pi,1.2,1500,20,0.7530369568655556,0.1522918741013073,0.034053498291136276,0.759375,0.19741988090108858,0.04414442738047465
vicsek,rho_1_over_pi,1.2,1550,20,0.725263139023435,0.20978729835018559,0.04690986599270444,0.7484375,0.21159619377188713,0.04731434730541572
vicsek,rho_1_over_pi,1.2,1600,20,0.7463000045773274,0.1883366549175027,0.042113356305045604,0.7203125,0.21205721331459113,0.047417434409059926
vicsek,rho_1_over_pi,1.2,1650,20,0.7344302402868842,0.1851524623839075,0.04140134920918899,0.709375,0.20942163659708135,0.04682810153903316
vicsek,rho_1_over_pi,1.2,1700,20,0.7384227955253138,0.18141176682301258,0.04056490425345972,0.6984375,0.2040304339277599,0.045622591974125055
vicsek,rho_1_over_pi,1.2,1750,20,0.7659058407473542,0.13261740765565558,0.029654153851784687,0.734375,0.21275260721081657,0.047572929211369776
vicsek,rho_1_over_pi,1.2,1800,20,0.7079168074170665,0.15529283781656578,0.03472453417766911,0.6953125,0.21398264934043135,0.0478479749930705
vicsek,rho_1_over_pi,1.2,1850,20,0.723831317750002,0.1975000572115947,0.04416235534852233,0.7640625,0.2050331051775542,0.04584679608148752
vicsek,rho_1_over_pi,1.2,1900,20,0.7438420100443153,0.20967583676896295,0.0468849424254551,0.7828125,0.17855622145069602,0.03992638489692624
vicsek,rho_1_over_pi,1.2,1950,20,0.7257828719121304,0.22817241385833056,0.05102090279774422,0.7484375,0.18287926131398824,0.04089304599730252
vicsek,rho_1_over_pi,1.2,2000,20,0.7145830158506525,0.1998687072234508,0.04469200159266392,0.725,0.18503589178859328,0.04137528323165897
vicsek,rho_1_over_pi,1.2,2050,20,0.7199939478633601,0.22082869878498923,0.049378798186606114,0.728125,0.17317688753121763,0.038723529265163835
vicsek,rho_1_over_pi,1.2,2100,20,0.7311986924719458,0.22427155834988918,0.05014864498901628,0.715625,0.1923589174564049,0.04301276155107923
vicsek,rho_1_over_pi,1.2,2150,20,0.7464252767025165,0.19207208498123726,0.04294862385981629,0.7390625,0.18040617150959665,0.040340046305594394
vicsek,rho_1_over_pi,1.2,2200,20,0.7477350900107014,0.21235495298702523,0.047484011023776036,0.7671875,0.16431528145230437,0.036742013906936294
vicsek,rho_1_over_pi,1.2,2250,20,0.7990854166376342,0.12027894239105275,0.0268951891448175,0.8015625,0.16336159805397962,0.036528763816169575
vicsek,rho_1_over_pi,1.2,2300,20,0.8023708603426248,0.1057923282376085,0.02365588374372631,0.815625,0.20560980186994976,0.0459757493821471
vicsek,rho_1_over_pi,1.2,2350,20,0.8267396427465787,0.11514695645412663,0.02574764220336353,0.8296875,0.17580034618495494,0.039310152453755506
vicsek,rho_1_over_pi,1.2,2400,20,0.7660985462652004,0.15244312300243873,0.03408731857358148,0.8265625,0.16192054137369352,0.036206533746514585
vicsek,rho_1_over_pi,1.2,2450,20,0.7982911539608433,0.11777130903736285,0.026334465280667865,0.7953125,0.18046029471534727,0.04035214862231625
vicsek,rho_1_over_pi,1.2,2500,20,0.7527387590670243,0.20629901299128592,0.046129861673962755,0.8046875,0.15991788664420875,0.03575872653545565
vicsek,rho_1_over_pi,1.2,2550,20,0.7187564634973003,0.19326188355875992,0.043214670909703615,0.7734375,0.16324199587958363,0.036502019956948954
vicsek,rho_1_over_pi,1.2,2600,20,0.7608333738367019,0.1827494532730481,0.0408640200369457,0.7375,0.17798788582372677,0.039799301187332416
vicsek,rho_1_over_pi,1.2,2650,20,0.7091351021005288,0.18182186724969274,0.040656605496625565,0.721875,0.1892883465113476,0.042326161014790836
vicsek,rho_1_over_pi,1.2,2700,20,0.7015889303522799,0.21251036997577588,0.04751876331894652,0.7421875,0.19462378572196667,0.04351920149126704
vicsek,rho_1_over_pi,1.2,2750,20,0.6584362146615995,0.197428284592061,0.04414630650290227,0.725,0.19655231491895483,0.043950433729372906
vicsek,rho_1_over_pi,1.2,2800,20,0.7378764379565298,0.17709983805037657,0.03960072766848458,0.7765625,0.1630624281333686,0.03646186738823863
vicsek,rho_1_over_pi,1.2,2850,20,0.6962756430877591,0.20178685153085446,0.045120911698864806,0.8078125,0.17602240402502745,0.0393598060962894
vicsek,rho_1_over_pi,1.2,2900,20,0.7044635608679864,0.24234423553079876,0.05418981846020858,0.7765625,0.19422195542407145,0.043429349505115775
vicsek,rho_1_over_pi,1.2,2950,20,0.8056601093635709,0.11931914236330377,0.02668057133413221,0.778125,0.19286592655261842,0.043126132231513646
vicsek,rho_1_over_pi,1.2,3000,20,0.7630817331804314,0.17588820792819213,0.0393297989368055,0.8359375,0.16294260636417351,0.03643507442612818
vicsek,rho_1_over_pi,1.3999999999999999,0,20,0.18497700532022818,0.07943935492905403,0.017763179771009777,0.1578125,0.05631506653418781,0.012592431692786742
vicsek,rho_1_over_pi,1.3999999999999999,50,20,0.39159693433019754,0.14280750395188863,0.03193272865334928,0.240625,0.08214649642559323,0.018368515012106994
vicsek,rho_1_over_pi,1.3999999999999999,100,20,0.3787489247816175,0.13693769957795252,0.030620200493874608,0.3015625,0.0650082626959835,0.014536289448738285
vicsek,rho_1_over_pi,1.3999999999999999,150,20,0.43676280932318745,0.2150268897386184,0.04808147424459027,0.3984375,0.12377327748245984,0.027676546224872423
vicsek,rho_1_over_pi,1.3999999999999999,200,20,0.48926841964301565,0.14681092661431258,0.0328279211749336,0.43125,0.13856124548372103,0.030983236394863594
vicsek,rho_1_over_pi,1.3999999999999999,250,20,0.49635528960646785,0.21681054964781882,0.048480312725161595,0.4859375,0.20479481919411438,0.045793513715781844
vicsek,rho_1_over_pi,1.3999999999999999,300,20,0.5255786347449517,0.1625204665134169,0.03634068108589784,0.471875,0.15016267220917454,0.033577394274273274
vicsek,rho_1_over_pi,1.3999999999999999,350,20,0.5217952591968044,0.19168400362831506,0.042861846231222876,0.50625,0.19877554867236563,0.04444756390962276
vicsek,rho_1_over_pi,1.3999999999999999,400,20,0.5839096141271337,0.15414466176666156,0.03446779420789681,0.56875,0.19926623208662325,0.044557284056593933
vicsek,rho_1_over_pi,1.3999999999999999,450,20,0.6370037836752105,0.1943897996877411,0.04346688062343564,0.553125,0.19493087717188368,0.043587869226999386
vicsek,rho_1_over_pi,1.3999999999999999,500,20,0.6176399002546933,0.1772706753875685,0.0396389280583902,0.58125,0.2409291908424548,0.05387340484877487
vicsek,rho_1_over_pi,1.3999999999999999,550,20,0.5789660132622049,0.20457305178521853,0.04574392501563333,0.60625,0.20972452169453146,0.04689582870576017
vicsek,rho_1_over_pi,1.3999999999999999,600,20,0.5953982289610732,0.20259442802865452,0.04530149129347602,0.65625,0.1605654072333141,0.03590351654086268
vicsek,rho_1_over_pi,1.3999999999999999,650,20,0.6223358810462348,0.18945005540618984,0.0423623202229342,0.6625,0.16641908694617935,0.03721243911651049
vicsek,rho_1_over_pi,1.3999999999999999,700,20,0.6548572554988541,0.1688524338233511,0.03775655201952978,0.6859375,0.19326426006571934,0.043215202312814636
vicsek,rho_1_over_pi,1.3999999999999999,750,20,0.6224904743830209,0.18325357945164206,0.04097674607740302,0.6234375,0.1992355997776251,0.04455043446407116
vicsek,rho_1_over_pi,1.3999999999999999,800,20,0.6118730818482673,0.17635525794999143,0.039434234496569104,0.615625,0.15248591123444816,0.03409688631312249
vicsek,rho_1_over_pi,1.3999999999999999,850,20,0.6355740527918956,0.20130400171874477,0.04501294319858478,0.675,0.15064963491492436,0.03368628244552966
vicsek,rho_1_over_pi,1.3999999999999999,900,20,0.5752071720851839,0.20527580735446463,0.045901065938073415,0.678125,0.15502645943515578,0.03466497016081219
vicsek,rho_1_over_pi,1.3999999999999999,950,20,0.5758754057789912,0.2287104382423144,0.05114120870735825,0.684375,0.1803046467093957,0.04031734467012925
vicsek,rho_1_over_pi,1.3999999999999999,1000,20,0.5956482994001666,0.20491116766344655,0.04581953002443232,0.6953125,0.16998247841689448,0.03800923767240669
vicsek,rho_1_over_pi,1.3999999999999999,1050,20,0.6316385933575498,0.18757642143656814,0.04194336293083151,0.7203125,0.16726049808233265,0.0374005843662569
vicsek,rho_1_over_pi,1.3999999999999999,1100,20,0.6915943161565818,0.16267435776420633,0.036375092215688604,0.759375,0.14493398281631537,0.03240822378270675
vicsek,rho_1_over_pi,1.3999999999999999,1150,20,0.6231764685810716,0.2082269645052931,0.04656096473822712,0.71875,0.2046815361726602,0.04576818286211503
vicsek,rho_1_over_pi,1.3999999999999999,1200,20,0.6297430305159717,0.20631116042914327,0.0461325779236429,0.7015625,0.1972652382421951,0.04410984823072393
vicsek,rho_1_over_pi,1.3999999999999999,1250,20,0.6832539837738849,0.16905605893568476,0.03780208397884018,0.75,0.1599560486508716,0.03576725981956124
vicsek,rho_1_over_pi,1.3999999999999999,1300,20,0.755709516125801,0.11970984444819419,0.026767934976208798,0.746875,0.18773422869844486,0.04197864970732146
vicsek,rho_1_over_pi,1.3999999999999999,1350,20,0.7135444949805813,0.12565113581883067,0.028096448114096405,0.7015625,0.20045724099854811,0.04482360174548114
vicsek,rho_1_over_pi,1.3999999999999999,1400,20,0.6239025639284823,0.1905512090473384,0.04260854566246216,0.6921875,0.20450850952649868,0.04572949292784144
vicsek,rho_1_over_pi,1.3999999999999999,1450,20,0.637830612354028,0.22287961041880866,0.04983739596951265,0.6859375,0.20239653027843635,0.04525724001126781
vicsek,rho_1_over_pi,1.3999999999999999,1500,20,0.6691933199493147,0.1648197260842795,0.03685481115573442,0.73125,0.1746648576560265,0.03905624949991998
vicsek,rho_1_over_pi,1.3999999999999999,1550,20,0.7001973659124943,0.18420640658082593,0.041189804700569134,0.740625,0.1653889827799905,0.03698210082256009
vicsek,rho_1_over_pi,1.3999999999999999,1600,20,0.6975977527312027,0.14428499101715656,0.03226310480473086,0.7203125,0.17800845968310045,0.039803901642144326
vicsek,rho_1_over_pi,1.3999999999999999,1650,20,0.6995058828928367,0.1568260383943191,0.035067368249168944,0.7578125,0.17451803049756778,0.0390234179491943
vicsek,rho_1_over_pi,1.3999999999999999,1700,20,0.7119050488416497,0.13007049641944474,0.029084647186102142,0.75,0.16417406920704622,0.036710437888971034
vicsek,rho_1_over_pi,1.3999999999999999,1750,20,0.7286253429814973,0.1499945423615272,0.03353979929743466,0.7359375,0.18234448639525683,0.04077346669020798
vicsek,rho_1_over_pi,1.3999999999999999,1800,20,0.7428569320308503,0.11719399968561828,0.026205374985213144,0.7234375,0.16923397034505216,0.03784186617937202
vicsek,rho_1_over_pi,1.3999999999999999,1850,20,0.68330635119312,0.18100239826287443,0.0404733666606277,0.7453125,0.17767899205800894,0.03973023044153532
vicsek,rho_1_over_pi,1.3999999999999999,1900,20,0.6407446644428575,0.20408577885199558,0.04563496747540511,0.7421875,0.18029787635673916,0.040315830773252084
vicsek,rho_1_over_pi,1.3999999999999999,1950,20,0.6919832332313451,0.19719105845121876,0.04409326112520595,0.7171875,0.187623657140431,0.04195392515531175
vicsek,rho_1_over_pi,1.3999999999999999,2000,20,0.6938653087069622,0.16570358548919595,0.03705244812692899,0.71875,0.1824850165082054,0.04080489017875186
vicsek,rho_1_over_pi,1.3999999999999999,2050,20,0.7017861142522627,0.19598373415911968,0.04382329520640392,0.7421875,0.1885064136011027,0.042151315500675655
vicsek,rho_1_over_pi,1.3999999999999999,2100,20,0.7500510239548649,0.15285645854561478,0.034179743210787324,0.7671875,0.18341247699856736,0.04101227664904132
vicsek,rho_1_over_pi,1.3999999999999999,2150,20,0.7908252913184088,0.09806823972563035,0.021928725046025478,0.778125,0.18903021418545765,0.042268440872002835
vicsek,rho_1_over_pi,1.3999999999999999,2200,20,0.7426131350737457,0.14257157222416297,0.03187997271522493,0.753125,0.1824582572124375,0.04079890661831515
vicsek,rho_1_over_pi,1.3999999999999999,2250,20,0.7414760337582222,0.14662737456831737,0.03278687768970815,0.76875,0.17962634828999893,0.04016567253264907
vicsek,rho_1_over_pi,1.3999999999999999,2300,20,0.7237475509038142,0.1463597615876162,0.03272703760805724,0.74375,0.1681703005884214,0.03760402239122831
vicsek,rho_1_over_pi,1.3999999999999999,2350,20,0.7813498065603459,0.1244089782878278,0.027818693246287836,0.7609375,0.18547737185098886,0.04147400117468171
vicsek,rho_1_over_pi,1.3999999999999999,2400,20,0.7566185679924678,0.13505657915522612,0.030199569179966673,0.7921875,0.16484930381639468,0.036861424937697396
vicsek,rho_1_over_pi,1.3999999999999999,2450,20,0.7431575803122862,0.13799291970606925,0.03085615488764411,0.79375,0.13419319095989932,0.03000650971039451
vicsek,rho_1_over_pi,1.3999999999999999,2500,20,0.7440232145236083,0.1541899750423009,0.03447792656435808,0.828125,0.165507033460817,0.037008497757271906
vicsek,rho_1_over_pi,1.3999999999999999,2550,20,0.6834902617624132,0.14437714633656448,0.03228371136059929,0.7921875,0.17152663559561238,0.03835452171436244
vicsek,rho_1_over_pi,1.3999999999999999,2600,20,0.7064152619500013,0.1378478443247877,0.030823715046203386,0.778125,0.15869954906993278,0.03548629797189332
vicsek,rho_1_over_pi,1.3999999999999999,2650,20,0.7583797678222219,0.12970973104162953,0.02900397759522982,0.7625,0.18232440182268528,0.04076897564325108
vicsek,rho_1_over_pi,1.3999999999999999,2700,20,0.7519695816965157,0.10191223864173746,0.02278826933421058,0.7546875,0.17378905810996848,0.038860414767955063
vicsek,rho_1_over_pi,1.3999999999999999,2750,20,0.6894271606220608,0.2116148528613577,0.047318519604661165,0.7390625,0.16276270831720022,0.036394847999923007
vicsek,rho_1_over_pi,1.3999999999999999,2800,20,0.7105802296997152,0.18510308323048968,0.04139030769481763,0.8125,0.1505199322349037,0.03365728004459065
vicsek,rho_1_over_pi,1.3999999999999999,2850,20,0.7785285751714912,0.15794308124925036,0.03531714662490962,0.8015625,0.1575802746816682,0.035236020610129905
vicsek,rho_1_over_pi,1.3999999999999999,2900,20,0.7424832788969419,0.14701213691912218,0.03287291316686637,0.76875,0.1860359508267152,0.041598903230734334
vicsek,rho_1_over_pi,1.3999999999999999,2950,20,0.7894129772799717,0.09751900335906954,0.021805912060890983,0.8359375,0.15177176275167262,0.03393719785777105
vicsek,rho_1_over_pi,1.3999999999999999,3000,20,0.7630632263384,0.1806062445600058,0.04038478399971245,0.8109375,0.15733218986828473,0.03518054715943883
vicsek,rho_1_over_pi,1.6000000000000001,0,20,0.14812260297486693,0.05633014685996863,0.012595803756143617,0.165625,0.06411963915213498,0.014337587183693079
vicsek,rho_1_over_pi,1.6000000000000001,50,20,0.31775651258420834,0.16277894858042913,0.03639847943317824,0.284375,0.07711851674533166,0.017244224576651743
vicsek,rho_1_over_pi,1.6000000000000001,100,20,0.34829111181611094,0.16127086677328814,0.03606126208953844,0.321875,0.09380206887377271,0.02097478024318729
vicsek,rho_1_over_pi,1.6000000000000001,150,20,0.4081682799584191,0.17218424038208002,0.038501566614849526,0.3765625,0.12081874013889567,0.027015891590645307
vicsek,rho_1_over_pi,1.6000000000000001,200,20,0.4443608856313224,0.18615586589915337,0.04162571705608419,0.4359375,0.14640049681865838,0.03273614628262618
vicsek,rho_1_over_pi,1.6000000000000001,250,20,0.45107993971995064,0.20488041678646626,0.045812653919302754,0.453125,0.14905300022139775,0.033329264074533654
vicsek,rho_1_over_pi,1.6000000000000001,300,20,0.4410290767995755,0.21053586213940886,0.04707724994452425,0.4671875,0.14234194908300926,0.03182862741994225
vicsek,rho_1_over_pi,1.6000000000000001,350,20,0.4760576428167127,0.18480974082698484,0.04132471433932563,0.5265625,0.13844667012517853,0.03095761656583885
vicsek,rho_1_over_pi,1.6000000000000001,400,20,0.49948631910610447,0.14493377001645488,0.032408176199211394,0.5609375,0.1473976737223149,0.03295912181684306
vicsek,rho_1_over_pi,1.6000000000000001,450,20,0.5622868164642307,0.21270575868427036,0.047562453562369475,0.5125,0.14334181176474645,0.03205220351239521
vicsek,rho_1_over_pi,1.6000000000000001,500,20,0.5175532716341606,0.19658482500814933,0.04395770320631225,0.484375,0.17469281074217108,0.0390625
vicsek,rho_1_over_pi,1.6000000000000001,550,20,0.4909043656380483,0.2299317908927978,0.05141431146245629,0.5375,0.2043472840533977,0.045693441816085596
vicsek,rho_1_over_pi,1.6000000000000001,600,20,0.4676200160958646,0.1979232572870443,0.04425698576220116,0.5640625,0.21502974903196534,0.04808211360201941
vicsek,rho_1_over_pi,1.6000000000000001,650,20,0.4913000407471409,0.24153289673811093,0.054008397590885326,0.5703125,0.18271899318010157,0.040857208953102755
vicsek,rho_1_over_pi,1.6000000000000001,700,20,0.5373512016391045,0.1915217111214449,0.04282555652346282,0.5640625,0.19351674467278018,0.04327165958728068
vicsek,rho_1_over_pi,1.6000000000000001,750,20,0.5180648898740825,0.19302961694725262,0.04316273451648023,0.5796875,0.19275829870267583,0.043102065912639265
vicsek,rho_1_over_pi,1.6000000000000001,800,20,0.5058359283307479,0.18874547064398503,0.04220477028051415,0.565625,0.1753623480824775,0.03921221310063996
vicsek,rho_1_over_pi,1.6000000000000001,850,20,0.5102160894408904,0.19498678347370446,0.04360037025612357,0.5234375,0.16854008935191056,0.037686709672476046
vicsek,rho_1_over_pi,1.6000000000000001,900,20,0.5606493402883548,0.1689408655023824,0.03777632594409762,0.5296875,0.1440469080499474,0.032209867834834406
vicsek,rho_1_over_pi,1.6000000000000001,950,20,0.5546990205935554,0.2043848474771012,0.04570184125297246,0.49375,0.11464960204902588,0.025636430377492105
vicsek,rho_1_over_pi,1.6000000000000001,1000,20,0.5509804149838564,0.20387537116590027,0.045587918886495354,0.565625,0.1835255857503253,0.04103756853481941
vicsek,rho_1_over_pi,1.6000000000000001,1050,20,0.555278412486843,0.1850108956565951,0.04136969392662672,0.63125,0.15232572008692424,0.034061066483596775
vicsek,rho_1_over_pi,1.6000000000000001,1100,20,0.5704062265150707,0.20650949259964474,0.04617692634517954,0.6421875,0.18814342725365135,0.0420701492858951
vicsek,rho_1_over_pi,1.6000000000000001,1150,20,0.5863365122543945,0.21315708293907826,0.047663372733733965,0.6640625,0.18378480750255174,0.041095532280741906
vicsek,rho_1_over_pi,1.6000000000000001,1200,20,0.5824278587439958,0.1371419715391373,0.030665877092985242,0.7,0.1732614534453639,0.03874243877842488
vicsek,rho_1_over_pi,1.6000000000000001,1250,20,0.6387912168822727,0.1779782603667171,0.039797148869713604,0.69375,0.18184170657470194,0.0406610417045604
vicsek,rho_1_over_pi,1.6000000000000001,1300,20,0.6048502359357167,0.1737145494022233,0.038843754114411676,0.69375,0.1690391042037315,0.03779829278552141
vicsek,rho_1_over_pi,1.6000000000000001,1350,20,0.54182009190916,0.19519931015517988,0.04364789266680472,0.6296875,0.17266155252038595,0.03860829685362331
vicsek,rho_1_over_pi,1.6000000000000001,1400,20,0.5687757126292246,0.19698534997999037,0.04404726331268453,0.603125,0.1636080014088553,0.03658386128130818
vicsek,rho_1_over_pi,1.6000000000000001,1450,20,0.5480165035443159,0.2206898002843556,0.04934773953766715,0.5828125,0.1541341111459433,0.03446543501738372
vicsek,rho_1_over_pi,1.6000000000000001,1500,20,0.45257433066247754,0.23473234900588302,0.05248774888953596,0.6359375,0.13702866659480417,0.030640541337213674
vicsek,rho_1_over_pi,1.6000000000000001,1550,20,0.6077277911432364,0.1732289169868004,0.038735163405115375,0.6046875,0.18574044179647575,0.041532825402776294
vicsek,rho_1_over_pi,1.6000000000000001,1600,20,0.6181568303367845,0.16592938465780857,0.037102938355957064,0.6203125,0.16155826880339488,0.03612552713715746
vicsek,rho_1_over_pi,1.6000000000000001,1650,20,0.6222289507353767,0.12978236986642858,0.029020220130235457,0.6296875,0.20450850952649868,0.04572949292784144
vicsek,rho_1_over_pi,1.6000000000000001,1700,20,0.6575213904365217,0.20141395339072235,0.04503752913986294,0.6734375,0.20950905223581628,0.04684764827008395
vicsek,rho_1_over_pi,1.6000000000000001,1750,20,0.6542360542491797,0.14801144492994817,0.03309636523113307,0.665625,0.20613159480050602,0.04609242582843737
vicsek,rho_1_over_pi,1.6000000000000001,1800,20,0.5776747891994027,0.24644935342263277,0.05510775072638773,0.6859375,0.2179617494395519,0.04873772882416147
vicsek,rho_1_over_pi,1.6000000000000001,1850,20,0.591879406639366,0.22133955715048112,0.04949302958981754,0.665625,0.2131195013953439,0.04765496924508503
vicsek,rho_1_over_pi,1.6000000000000001,1900,20,0.49034677342354893,0.2559514863349061,0.05723249223869585,0.6921875,0.19397038876784775,0.04337309749069692
vicsek,rho_1_over_pi,1.6000000000000001,1950,20,0.6405650699912571,0.19582010085561305,0.04378670568740155,0.734375,0.18500950144519604,0.04136938217148039
vicsek,rho_1_over_pi,1.6000000000000001,2000,20,0.7144173385192393,0.15511834625153728,0.0346855166775787,0.740625,0.1903686801314754,0.042567730956089254
vicsek,rho_1_over_pi,1.6000000000000001,2050,20,0.670024277449452,0.2231414459849507,0.04989594418199472,0.7640625,0.1793747277872499,0.04010940847778112
vicsek,rho_1_over_pi,1.6000000000000001,2100,20,0.655326084626888,0.2190189206361381,0.04897411949010362,0.7921875,0.1700973411572033,0.03803492176194793
vicsek,rho_1_over_pi,1.6000000000000001,2150,20,0.7056314676410159,0.18549968647648094,0.041478990876630976,0.7546875,0.1757447878850181,0.039297729240218196
vicsek,rho_1_over_pi,1.6000000000000001,2200,20,0.6606867327346834,0.1493798845794,0.033402357639061096,0.728125,0.16744285405773518,0.03744136040196724
vicsek,rho_1_over_pi,1.6000000000000001,2250,20,0.6509753817521917,0.17148843306094247,0.03834597936791897,0.7125,0.18817586521655746,0.042077402634906065
vicsek,rho_1_over_pi,1.6000000000000001,2300,20,0.6739339758739444,0.16277707838629346,0.036398061245056394,0.7234375,0.16865593443087024,0.03771261341961731
vicsek,rho_1_over_pi,1.6000000000000001,2350,20,0.6768536400677218,0.17157612265742114,0.03836558735778355,0.6984375,0.19346627411192371,0.04326037402678692
vicsek,rho_1_over_pi,1.6000000000000001,2400,20,0.6310254378060187,0.21567115312642435,0.04822553591764511,0.7140625,0.20379097555767772,0.04556904745479655
vicsek,rho_1_over_pi,1.6000000000000001,2450,20,0.6738567364373262,0.1560178164381199,0.03488664432567202,0.7109375,0.19884308944177567,0.04446266648478811
vicsek,rho_1_over_pi,1.6000000000000001,2500,20,0.6495174241127064,0.12774525799901487,0.028564708068904602,0.7515625,0.17271810260870168,0.03862094183778407
vicsek,rho_1_over_pi,1.6000000000000001,2550,20,0.607409774081436,0.22221523722277486,0.049688837606636616,0.70625,0.19400185243960946,0.043380132981585016
vicsek,rho_1_over_pi,1.6000000000000001,2600,20,0.6683497436601865,0.16644873023022277,0.03721906755633023,0.6796875,0.19810503645478073,0.04429763281979636
vicsek,rho_1_over_pi,1.6000000000000001,2650,20,0.6740787382473433,0.17019901642406318,0.03805765704278084,0.7703125,0.18574044179647575,0.041532825402776294
vicsek,rho_1_over_pi,1.6000000000000001,2700,20,0.6586676721296465,0.21742962683162345,0.048618742591792226,0.7,0.18941728075864672,0.042354991588949696
vicsek,rho_1_over_pi,1.6000000000000001,2750,20,0.6249921954407307,0.21473731569759025,0.04801672352056444,0.7,0.19921721813136534,0.04454632420301365
vicsek,rho_1_over_pi,1.6000000000000001,2800,20,0.6819929133150466,0.15998287752409385,0.03577325893798971,0.6875,0.19985346194149353,0.04468859264398466
vicsek,rho_1_over_pi,1.6000000000000001,2850,20,0.6201649352197465,0.17795165784016245,0.03979120036393866,0.6859375,0.20857472993809678,0.04663872745302449
vicsek,rho_1_over_pi,1.6000000000000001,2900,20,0.6095832325215421,0.19135734576053492,0.04278880331144873,0.6703125,0.19477425835759202,0.04355284819546823
vicsek,rho_1_over_pi,1.6000000000000001,2950,20,0.6564645637376152,0.13734105756243373,0.030710394081131336,0.665625,0.19011201467818914,0.04251033881598687
vicsek,rho_1_over_pi,1.6000000000000001,3000,20,0.6528846559789272,0.187655395069177,0.04196102197192586,0.68125,0.2139198886265604,0.04783394127081731
vicsek,rho_1_over_pi,1.8,0,20,0.1614948751237087,0.0807581852495169,0.01805807919574406,0.146875,0.03710731902199349,0.008297448779594846
vicsek,rho_1_over_pi,1.8,50,20,0.27179172173482763,0.14364949329115462,0.03212100319324217,0.2296875,0.08044978538660001,0.017989118889970682
vicsek,rho_1_over_pi,1.8,100,20,0.3043711407476566,0.14921909497085536,0.03336640398958296,0.29375,0.09901862198596788,0.02214123697989794
vicsek,rho_1_over_pi,1.8,150,20,0.44688726068020246,0.18521816738015515,0.0414160412929961,0.34375,0.08443285053816435,0.018879759333741516
vicsek,rho_1_over_pi,1.8,200,20,0.39845671635160185,0.14845004457019878,0.0331944390921838,0.3359375,0.10405593072357769,0.023267613455992858
vicsek,rho_1_over_pi,1.8,250,20,0.3834747490837439,0.15502663781252482,0.03466501004720448,0.3671875,0.0894181495489031,0.01999450608135895
vicsek,rho_1_over_pi,1.8,300,20,0.3719319496929218,0.15600419623702014,0.03488359875611939,0.38125,0.13057864009860112,0.029198271566995195
vicsek,rho_1_over_pi,1.8,350,20,0.3886594226639838,0.13123291016847552,0.029344570802183462,0.403125,0.12918766630371492,0.028887240370966554
vicsek,rho_1_over_pi,1.8,400,20,0.39949583498697006,0.1362870772094891,0.030474716909517995,0.48125,0.17410485346480148,0.03893102875599359
vicsek,rho_1_over_pi,1.8,450,20,0.4320863260504246,0.19128342080226365,0.04277227318825589,0.496875,0.15590587104083029,0.034861612573861236
vicsek,rho_1_over_pi,1.8,500,20,0.435186779716198,0.15494564351615478,0.03464689917195716,0.496875,0.17921813698674585,0.0400743937103233
vicsek,rho_1_over_pi,1.8,550,20,0.4228546647026067,0.15244327423178342,0.034087352389490976,0.509375,0.17147681147898686,0.03834338070319308
vicsek,rho_1_over_pi,1.8,600,20,0.4854703833625792,0.14884189878093568,0.033282060357431524,0.5578125,0.189385055426108,0.04234778578553429
vicsek,rho_1_over_pi,1.8,650,20,0.4520739723382506,0.17575099128775917,0.03929911636324028,0.5546875,0.19662061938858294,0.04396570707309846
vicsek,rho_1_over_pi,1.8,700,20,0.5023538441562703,0.2065076231121173,0.046176508315060094,0.5421875,0.19015695614084172,0.04252038803253681
vicsek,rho_1_over_pi,1.8,750,20,0.41880960411097734,0.18499774554862067,0.041366753473092495,0.5734375,0.1790477742636026,0.040036299447345276
vicsek,rho_1_over_pi,1.8,800,20,0.4486829948112769,0.17575422089212914,0.03929983852473145,0.5765625,0.18736323136824365,0.04189569218234137
vicsek,rho_1_over_pi,1.8,850,20,0.5492749054361197,0.19887659034798355,0.04447015751514698,0.5640625,0.1820765099312649,0.04071354533122239
vicsek,rho_1_over_pi,1.8,900,20,0.41660790889898236,0.20512629654313894,0.045867634304323876,0.5578125,0.20331121272263858,0.04546176922357399
vicsek,rho_1_over_pi,1.8,950,20,0.4809539395878618,0.18846298542343262,0.04214160466493473,0.5984375,0.16778514674651626,0.037517899373998805
vicsek,rho_1_over_pi,1.8,1000,20,0.529362519297198,0.20140723480354528,0.04503602681809887,0.6390625,0.15260594424448218,0.034123726510120495
vicsek,rho_1_over_pi,1.8,1050,20,0.5367965080374921,0.20019104757633582,0.04476407908675814,0.646875,0.21197084852639525,0.04739812265533309
vicsek,rho_1_over_pi,1.8,1100,20,0.557702380451259,0.2250735133715281,0.050327967583344464,0.6765625,0.21016060636748743,0.0469933402030277
vicsek,rho_1_over_pi,1.8,1150,20,0.5484330451962734,0.20781850589483114,0.04646963061632832,0.715625,0.19031737473231392,0.04255625872007547
vicsek,rho_1_over_pi,1.8,1200,20,0.5909709838398808,0.22717774425332815,0.05079848791255039,0.74375,0.18477181873868104,0.04131623470259602
vicsek,rho_1_over_pi,1.8,1250,20,0.6006717632117141,0.18000677605882862,0.040250738767812246,0.65625,0.1617772388193098,0.03617449032121945
vicsek,rho_1_over_pi,1.8,1300,20,0.49525305581075846,0.21337363647207855,0.047711795575789605,0.6171875,0.15899925068612744,0.035553313290571105
vicsek,rho_1_over_pi,1.8,1350,20,0.572952914290309,0.167213195238919,0.03739000712891671,0.628125,0.1864292342284332,0.04168684407280072
vicsek,rho_1_over_pi,1.8,1400,20,0.567042894027411,0.19199505929039964,0.04293140039174361,0.6125,0.19018905068378675,0.04252756459051
vicsek,rho_1_over_pi,1.8,1450,20,0.5398106141908239,0.19034591999097175,0.042562641633954894,0.628125,0.18138464826164313,0.04055884035879231
vicsek,rho_1_over_pi,1.8,1500,20,0.5430389119743186,0.15812881511418758,0.03535867797968196,0.65,0.1539201294503094,0.034417587255645914
vicsek,rho_1_over_pi,1.8,1550,20,0.5916696951906976,0.1734854899226181,0.03879253485768288,0.646875,0.1759738528162636,0.03934894971597082
vicsek,rho_1_over_pi,1.8,1600,20,0.4912417863370552,0.2114949910039018,0.04729171767854309,0.646875,0.15184413266570426,0.03395338026250111
vicsek,rho_1_over_pi,1.8,1650,20,0.554869426754817,0.22610741432215686,0.05055915486410523,0.6390625,0.1493720580254219,0.033400607568388634
vicsek,rho_1_over_pi,1.8,1700,20,0.5745543829956234,0.1865008084377119,0.041702848552539015,0.659375,0.1340111352649473,0.029965800819434143
vicsek,rho_1_over_pi,1.8,1750,20,0.5608147940758886,0.18789892661587573,0.04201547728123426,0.6796875,0.15112695149691202,0.03379301367794089
vicsek,rho_1_over_pi,1.8,1800,20,0.5507568977632353,0.19084494128513457,0.0426742261875517,0.6828125,0.12033279049681346,0.026907229947311557
vicsek,rho_1_over_pi,1.8,1850,20,0.6011765070572048,0.1435684592657709,0.032102883434317324,0.6484375,0.1549555757910957,0.03464912009615107
vicsek,rho_1_over_pi,1.8,1900,20,0.5664229432493956,0.17528585206969968,0.039195108072182065,0.6390625,0.14805872726303573,0.03310693788222493
vicsek,rho_1_over_pi,1.8,1950,20,0.6041577979929901,0.17688761808502063,0.03955327384161273,0.69375,0.11883220838644715,0.02657168958685164
vicsek,rho_1_over_pi,1.8,2000,20,0.5553266925245174,0.20913108872136332,0.046763133058950794,0.671875,0.14806697175602668,0.033108781406901704
vicsek,rho_1_over_pi,1.8,2050,20,0.5696202598536246,0.1836897091714361,0.041074267647449765,0.69375,0.14577379737113252,0.03259601202601325
vicsek,rho_1_over_pi,1.8,2100,20,0.5894057636210644,0.20690619764514812,0.04626563229005581,0.6609375,0.1672021021660613,0.03738752664241779
vicsek,rho_1_over_pi,1.8,2150,20,0.5741843959195261,0.22326608318674077,0.04992381390756752,0.65625,0.17173289580042608,0.03840064289826409
vicsek,rho_1_over_pi,1.8,2200,20,0.5857187320394741,0.12897257479875895,0.028839144448320128,0.665625,0.17458097154329277,0.0390374919948759
vicsek,rho_1_over_pi,1.8,2250,20,0.6131443050845193,0.1827338765086442,0.04086053696653803,0.6765625,0.19820360231022544,0.04431967281509984
vicsek,rho_1_over_pi,1.8,2300,20,0.5618793874761522,0.16693648694105712,0.037328133272520964,0.7,0.19044561231490736,0.042584933515270394
vicsek,rho_1_over_pi,1.8,2350,20,0.6433798155807449,0.12421537401108695,0.027775402013935115,0.7046875,0.15132068338052798,0.03383633344405832
vicsek,rho_1_over_pi,1.8,2400,20,0.5421455646612011,0.23456709821570695,0.05245079768951903,0.6546875,0.18073066762104875,0.04041260584195852
vicsek,rho_1_over_pi,1.8,2450,20,0.5693193341650976,0.1531037748809362,0.034235044824559815,0.6203125,0.18757160091215835,0.04194228502880476
vicsek,rho_1_over_pi,1.8,2500,20,0.6015810453099498,0.1572141978541154,0.035154163342990354,0.6390625,0.18234448639525683,0.04077346669020798
vicsek,rho_1_over_pi,1.8,2550,20,0.5746342814266294,0.18946418514054758,0.04236547972758699,0.6296875,0.17152663559561238,0.03835452171436244
vicsek,rho_1_over_pi,1.8,2600,20,0.6199460489417562,0.1798197238227531,0.04020891261629143,0.6453125,0.15539610425860104,0.03474762525608765
vicsek,rho_1_over_pi,1.8,2650,20,0.5729904739638758,0.17339457696096408,0.03877220610145345,0.6171875,0.17169735137371805,0.03839269492283005
vicsek,rho_1_over_pi,1.8,2700,20,0.5858503045627537,0.19576970886041006,0.043775437694721975,0.6328125,0.17729383934234713,0.03964410767614148
vicsek,rho_1_over_pi,1.8,2750,20,0.6057273999209165,0.20373544992532494,0.0455566315459531,0.61875,0.19605483926697653,0.04383919479187545
vicsek,rho_1_over_pi,1.8,2800,20,0.6070884200256844,0.18150361239421994,0.040585441547524914,0.6265625,0.2163879166421961,0.048385809112150846
vicsek,rho_1_over_pi,1.8,2850,20,0.5526181927008664,0.21501546257332058,0.04807891905275066,0.65625,0.21897310051693564,0.04896387379997624
vicsek,rho_1_over_pi,1.8,2900,20,0.5328959875447923,0.21970101806696124,0.04912664111236348,0.6765625,0.19547493245618477,0.04370952368692091
vicsek,rho_1_over_pi,1.8,2950,20,0.5941572046010789,0.20147723797333503,0.045051680002727905,0.728125,0.20918834963974453,0.04677593698954624
vicsek,rho_1_over_pi,1.8,3000,20,0.5968269876220034,0.16604982802264845,0.03712987031107914,0.684375,0.1864292342284332,0.04168684407280072
vicsek,rho_1_over_pi,2.2000000000000002,0,20,0.1422264711249544,0.06955293463423419,0.01555250898767471,0.1515625,0.055264809949460605,0.012357587181060063
vicsek,rho_1_over_pi,2.2000000000000002,50,20,0.2526037255897129,0.09361768344952275,0.020933550408918984,0.2015625,0.06736894105409406,0.015064153176913066
vicsek,rho_1_over_pi,2.2000000000000002,100,20,0.26903681109696487,0.08784743259935324,0.019643283094098487,0.2328125,0.07621092748910749,0.01704128144939517
vicsek,rho_1_over_pi,2.2000000000000002,150,20,0.25137090594399586,0.15064817136390612,0.03368595518557313,0.2453125,0.09337163230205414,0.020878531699750822
vicsek,rho_1_over_pi,2.2000000000000002,200,20,0.24820873124001178,0.13121172001597733,0.02933983254003951,0.30625,0.10058423087144426,0.022491317769308225
vicsek,rho_1_over_pi,2.2000000000000002,250,20,0.3352043334159546,0.1326179445140183,0.02965427389696402,0.3015625,0.09178939464202823,0.020524732603313008
vicsek,rho_1_over_pi,2.2000000000000002,300,20,0.36428552885719334,0.15794858179412355,0.03531837658413459,0.3484375,0.09895696270980632,0.02212744954660387
vicsek,rho_1_over_pi,2.2000000000000002,350,20,0.3259212499242049,0.15519027473628966,0.03470160037572119,0.35,0.09960860906568267,0.022273162101506826
vicsek,rho_1_over_pi,2.2000000000000002,400,20,0.2608522762156441,0.12811729665135405,0.02864789844059338,0.3375,0.09812699042567238,0.021941862101927445
vicsek,rho_1_over_pi,2.2000000000000002,450,20,0.3571312747944292,0.14169476573452147,0.03168391282382979,0.371875,0.13689497571130943,0.03061064714686705
vicsek,rho_1_over_pi,2.2000000000000002,500,20,0.39957531064841434,0.1357665841068116,0.03035833111357733,0.3890625,0.15733218986828473,0.03518054715943883
vicsek,rho_1_over_pi,2.2000000000000002,550,20,0.3051537394092546,0.17675380103396873,0.03952335143934267,0.4109375,0.14799275478465154,0.03309218598759381
vicsek,rho_1_over_pi,2.2000000000000002,600,20,0.4030617974758307,0.15580465465095977,0.03483897990104248,0.409375,0.16883678324050125,0.0377530524428158
vicsek,rho_1_over_pi,2.2000000000000002,650,20,0.3664579065659692,0.21056502386707895,0.04708377070506541,0.471875,0.21284439004822278,0.047593452477730586
vicsek,rho_1_over_pi,2.2000000000000002,700,20,0.3668087008960772,0.14715834617220436,0.03290560654974949,0.4171875,0.18282585421310082,0.040881103806495976
vicsek,rho_1_over_pi,2.2000000000000002,750,20,0.3879957833711508,0.14989574354871568,0.03351770721128038,0.44375,0.16758859597239903,0.03747394928480317
vicsek,rho_1_over_pi,2.2000000000000002,800,20,0.4052554698426974,0.17551057768141082,0.0392453582465892,0.5015625,0.15918340198886943,0.035594490773678725
vicsek,rho_1_over_pi,2.2000000000000002,850,20,0.38346231345598014,0.15672169813886971,0.035044037058771495,0.4796875,0.13414770019925798,0.02999633766708029
vicsek,rho_1_over_pi,2.2000000000000002,900,20,0.36071929411505577,0.1804635900396565,0.04035288547923259,0.45625,0.10977605043906435,0.024546671108319353
vicsek,rho_1_over_pi,2.2000000000000002,950,20,0.3941439496491325,0.14877369607414484,0.03326680976856814,0.4390625,0.12978159237253178,0.029020046277314925
vicsek,rho_1_over_pi,2.2000000000000002,1000,20,0.3380169950429295,0.17195238174345862,0.03844972144713672,0.4328125,0.11745802109157978,0.026264411966337643
vicsek,rho_1_over_pi,2.2000000000000002,1050,20,0.4117535678802959,0.14681776672353655,0.032829450669853426,0.453125,0.14574029770451274,0.0325885212728347
vicsek,rho_1_over_pi,2.2000000000000002,1100,20,0.43018288194083415,0.1829915098958684,0.04091814554324872,0.4984375,0.14871684241789832,0.033254096904554484
vicsek,rho_1_over_pi,2.2000000000000002,1150,20,0.3846931626034343,0.20579676051084242,0.046017554605148794,0.4828125,0.09806477052820753,0.021927949309898997
vicsek,rho_1_over_pi,2.2000000000000002,1200,20,0.42126170557530856,0.16598586570061336,0.03711556790107222,0.5453125,0.17718364193330602,0.03961946678638545
vicsek,rho_1_over_pi,2.2000000000000002,1250,20,0.40450382261419354,0.14522388793431285,0.0324730485377935,0.4921875,0.17367663693988894,0.03883527663011427
vicsek,rho_1_over_pi,2.2000000000000002,1300,20,0.43397581969006094,0.16352108224916131,0.03656442556634589,0.528125,0.1438518660810488,0.03216625512474214
vicsek,rho_1_over_pi,2.2000000000000002,1350,20,0.4190554362596478,0.18674600042025152,0.041757675146588666,0.5,0.15213326805797606,0.03401803290168318
vicsek,rho_1_over_pi,2.2000000000000002,1400,20,0.3480194108760233,0.15886416177942553,0.035523106492731944,0.49375,0.16553653297686285,0.037015094049590094
vicsek,rho_1_over_pi,2.2000000000000002,1450,20,0.40609670781172574,0.19117120936172605,0.04274718194736636,0.496875,0.18851288914819592,0.042152763477024846
vicsek,rho_1_over_pi,2.2000000000000002,1500,20,0.448421794908121,0.19791657003866428,0.04425549044800515,0.496875,0.17056317561243986,0.038139085512764986
vicsek,rho_1_over_pi,2.2000000000000002,1550,20,0.4349043247291742,0.16836998588288554,0.0376486733804812,0.5421875,0.19422195542407145,0.043429349505115775
vicsek,rho_1_over_pi,2.2000000000000002,1600,20,0.4544456871261183,0.17546432263067524,0.03923501530281445,0.5453125,0.19972515294461538,0.04465990188007023
vicsek,rho_1_over_pi,2.2000000000000002,1650,20,0.42357657103399804,0.19832729359452178,0.04434733102709093,0.578125,0.1516510694818866,0.03391021002220423
vicsek,rho_1_over_pi,2.2000000000000002,1700,20,0.49952329987302735,0.15035365084128194,0.03362009839463748,0.5890625,0.15571000439518973,0.034817815460443526
vicsek,rho_1_over_pi,2.2000000000000002,1750,20,0.41399303229592155,0.1934651994919542,0.04326013373445674,0.5375,0.13961442439805422,0.031218734359355436
vicsek,rho_1_over_pi,2.2000000000000002,1800,20,0.4118852086792528,0.17544094074320243,0.03922978695383131,0.55,0.17716297228822958,0.03961484491323928
vicsek,rho_1_over_pi,2.2000000000000002,1850,20,0.49926362746465314,0.1784668374850837,0.039906398034605474,0.553125,0.1489219069680482,0.033299950731945534
vicsek,rho_1_over_pi,2.2000000000000002,1900,20,0.4553788977265322,0.21869644580415865,0.048902011925569734,0.559375,0.14753839542641095,0.03299058814646989
vicsek,rho_1_over_pi,2.2000000000000002,1950,20,0.5105995689467699,0.18450087708456248,0.04125565030694149,0.534375,0.16384658411147912,0.03663720999544043
vicsek,rho_1_over_pi,2.2000000000000002,2000,20,0.46551893725391924,0.17729998093301944,0.039645480977564804,0.5515625,0.19220020283222908,0.042977271882211183
vicsek,rho_1_over_pi,2.2000000000000002,2050,20,0.48627474929685127,0.19861180468644632,0.04441094964128053,0.5390625,0.18002685346567052,0.04025522821246329
vicsek,rho_1_over_pi,2.2000000000000002,2100,20,0.4015935890536844,0.16659982220587774,0.03725285274917216,0.56875,0.17444107171191078,0.03900620944157481
vicsek,rho_1_over_pi,2.2000000000000002,2150,20,0.48242835638581816,0.16475288378750466,0.036839864763798344,0.59375,0.20058508169851516,0.04485218779502288
vicsek,rho_1_over_pi,2.2000000000000002,2200,20,0.47637149756361225,0.18769198706534287,0.04196920419101179,0.6078125,0.18553001568142552,0.04148577269302694
vicsek,rho_1_over_pi,2.2000000000000002,2250,20,0.4937071039538126,0.17617838284784554,0.03939468402137656,0.5875,0.18895270572288717,0.04225110945288892
vicsek,rho_1_over_pi,2.2000000000000002,2300,20,0.5035607667715505,0.23079783214756938,0.05160796417415514,0.5859375,0.22005747651181953,0.049206347643749176
vicsek,rho_1_over_pi,2.2000000000000002,2350,20,0.5101229337546733,0.1900472929562218,0.04249586659899289,0.590625,0.1948807728458608,0.043576665559103986
vicsek,rho_1_over_pi,2.2000000000000002,2400,20,0.44511622353197894,0.14237274148745838,0.031835512810896145,0.578125,0.18814991529362962,0.04207160005573831
vicsek,rho_1_over_pi,2.2000000000000002,2450,20,0.401544044702746,0.19136146727873307,0.042789724910934884,0.58125,0.21088541023503735,0.04715541127484734
vicsek,rho_1_over_pi,2.2000000000000002,2500,20,0.4852284777309113,0.18962142443597296,0.042400639502917524,0.5796875,0.19552488452560202,0.04372069330920428
vicsek,rho_1_over_pi,2.2000000000000002,2550,20,0.5242975931217553,0.18960213252477665,0.04239632570043244,0.58125,0.20116846174288852,0.04498263553861645
vicsek,rho_1_over_pi,2.2000000000000002,2600,20,0.44174265123999074,0.2076534945941335,0.04643273296778676,0.578125,0.18866823560154475,0.042187499999999996
vicsek,rho_1_over_pi,2.2000000000000002,2650,20,0.5030954690530172,0.1469838295514433,0.03286658344702696,0.55625,0.17076345115392813,0.03818386848526482
vicsek,rho_1_over_pi,2.2000000000000002,2700,20,0.46471833877918317,0.18456759099252376,0.0412705679902661,0.5875,0.16758859597239903,0.03747394928480317
vicsek,rho_1_over_pi,2.2000000000000002,2750,20,0.400629952507711,0.15760754096863083,0.035242117537244155,0.5640625,0.15419745610336766,0.03447959938046699
vicsek,rho_1_over_pi,2.2000000000000002,2800,20,0.4226989965652965,0.19695910674521644,0.04404139514699413,0.5671875,0.18202286729625483,0.04070155047338491
vicsek,rho_1_over_pi,2.2000000000000002,2850,20,0.4260397886107826,0.15508743501179195,0.03467860471424477,0.5328125,0.1519646726010687,0.03398033381144894
vicsek,rho_1_over_pi,2.2000000000000002,2900,20,0.4595432462194706,0.1439385204861691,0.03218563163878201,0.5375,0.16105123408406408,0.03601215072721983
vicsek,rho_1_over_pi,2.2000000000000002,2950,20,0.5471954752188966,0.12776026442616611,0.028568063608025558,0.584375,0.1814384795874348,0.04057087740917122
vicsek,rho_1_over_pi,2.2000000000000002,3000,20,0.49240131966894135,0.18076637994408998,0.04042059136015398,0.578125,0.17965352939756013,0.040171750413070126
vicsek,rho_1_over_pi,2.3999999999999999,0,20,0.13162430740632525,0.04712586518013128,0.010537663804126391,0.1578125,0.05717554519853746,0.012784840571454147
vicsek,rho_1_over_pi,2.3999999999999999,50,20,0.2812743304269618,0.1479062029295533,0.033072832404435974,0.209375,0.07597028613214511,0.016987472406158603
vicsek,rho_1_over_pi,2.3999999999999999,100,20,0.2595160336531758,0.13143766342148902,0.029390355021418704,0.234375,0.07362011868368591,0.016461958988832404
vicsek,rho_1_over_pi,2.3999999999999999,150,20,0.2911491915470854,0.09925805866616559,0.022194776649220836,0.240625,0.06411963915213498,0.014337587183693079
vicsek,rho_1_over_pi,2.3999999999999999,200,20,0.28337515840491934,0.14379712488464985,0.032154014621110366,0.253125,0.0764827390657526,0.01710206036564016
vicsek,rho_1_over_pi,2.3999999999999999,250,20,0.29077096351013043,0.14294792271903928,0.03196412724421584,0.253125,0.058379817788341885,0.013054124108878387
vicsek,rho_1_over_pi,2.3999999999999999,300,20,0.3153288677340943,0.14851457084056086,0.03320886760487021,0.303125,0.09169625469450757,0.020503905877905314
vicsek,rho_1_over_pi,2.3999999999999999,350,20,0.3377470897347338,0.10250623613089303,0.022921091210632183,0.2984375,0.07556751430839842,0.016897409888426685
vicsek,rho_1_over_pi,2.3999999999999999,400,20,0.32413018129186666,0.16257359727794363,0.03635256148601567,0.3125,0.08893905919223567,0.019887378220871648
vicsek,rho_1_over_pi,2.3999999999999999,450,20,0.2737613125247449,0.11962623040897383,0.026749238308651793,0.3421875,0.12041391829331857,0.026925370674096578
vicsek,rho_1_over_pi,2.3999999999999999,500,20,0.3769004342361676,0.11600387650071253,0.025939255350908363,0.3671875,0.12258407510255971,0.0274106324888263
vicsek,rho_1_over_pi,2.3999999999999999,550,20,0.3121628509575817,0.13212960244471042,0.029545077290639488,0.346875,0.10546585644178878,0.02358288243090738
vicsek,rho_1_over_pi,2.3999999999999999,600,20,0.3036694427971863,0.14428221350570125,0.032262483734288624,0.3609375,0.1563983670590905,0.034971738031409016
vicsek,rho_1_over_pi,2.3999999999999999,650,20,0.27328822642864503,0.14426815862387277,0.0322593409671702,0.4328125,0.17712851751976585,0.03960714059279589
vicsek,rho_1_over_pi,2.3999999999999999,700,20,0.3818888094745291,0.18936249504041983,0.04234274112993455,0.39375,0.16518219108003138,0.03693586079273095
vicsek,rho_1_over_pi,2.3999999999999999,750,20,0.32477839930674834,0.12385082882137675,0.027693887231428856,0.4234375,0.13458377676655534,0.030093847351867455
vicsek,rho_1_over_pi,2.3999999999999999,800,20,0.3398138601896839,0.14629609195367552,0.03271280064509784,0.446875,0.17569615996088248,0.039286855705821
vicsek,rho_1_over_pi,2.3999999999999999,850,20,0.3154271252819734,0.14605457084106913,0.03265879488251892,0.459375,0.15628124687562484,0.03494554916223237
vicsek,rho_1_over_pi,2.3999999999999999,900,20,0.3500737871763321,0.1301981920808459,0.029113200804034622,0.4171875,0.1281916747248042,0.02866452988342038
vicsek,rho_1_over_pi,2.3999999999999999,950,20,0.3642947743639272,0.14456112808877866,0.03232485093105633,0.4796875,0.13414770019925798,0.02999633766708029
vicsek,rho_1_over_pi,2.3999999999999999,1000,20,0.34695558878376803,0.18791733226313306,0.04201959290907799,0.49375,0.10852347096365836,0.02426658582289647
vicsek,rho_1_over_pi,2.3999999999999999,1050,20,0.3716911538025896,0.13443444472125962,0.030060455691417427,0.478125,0.11944696783510245,0.026709153978551996
vicsek,rho_1_over_pi,2.3999999999999999,1100,20,0.38065967410176615,0.1318170950193212,0.029475198505975117,0.4703125,0.15228564597082025,0.034052105638822106
vicsek,rho_1_over_pi,2.3999999999999999,1150,20,0.3771989056370383,0.149976919662872,0.03353585874222066,0.490625,0.1511996300425368,0.03380926509479317
vicsek,rho_1_over_pi,2.3999999999999999,1200,20,0.37399405825828097,0.1420681646274216,0.03176740735455458,0.5234375,0.12017037059421096,0.026870911752999747
vicsek,rho_1_over_pi,2.3999999999999999,1250,20,0.41369938852318244,0.2102090146027795,0.04700416461350609,0.4953125,0.13738453959143293,0.03072011695839552
vicsek,rho_1_over_pi,2.3999999999999999,1300,20,0.38796199411167365,0.16136296146993157,0.03608185508974464,0.5,0.14490028899212037,0.03240068961457456
vicsek,rho_1_over_pi,2.3999999999999999,1350,20,0.4005895709927194,0.17076669582303478,0.038184594015333514,0.5015625,0.17271810260870168,0.03862094183778407
vicsek,rho_1_over_pi,2.3999999999999999,1400,20,0.4003211661686035,0.14133107029262695,0.03160258805071149,0.5265625,0.18415638522394492,0.04117861958513787
vicsek,rho_1_over_pi,2.3999999999999999,1450,20,0.41390431586467685,0.17263328342196654,0.03860197569105047,0.521875,0.18331261720078082,0.04098994731943431
vicsek,rho_1_over_pi,2.3999999999999999,1500,20,0.40895759005775895,0.18267366986887,0.04084707435261484,0.5125,0.17127737007555902,0.03829878424963382
vicsek,rho_1_over_pi,2.3999999999999999,1550,20,0.33216508230919584,0.1550863572579066,0.0346783637211497,0.4796875,0.17266155252038595,0.03860829685362331
vicsek,rho_1_over_pi,2.3999999999999999,1600,20,0.35079232847452074,0.12080916796204876,0.027013751186833072,0.465625,0.17480457838683747,0.03908749200511591
vicsek,rho_1_over_pi,2.3999999999999999,1650,20,0.3592196528459402,0.14754446848402128,0.032991946123434694,0.48125,0.12747548783981963,0.02850438562747845
vicsek,rho_1_over_pi,2.3999999999999999,1700,20,0.38198799598163813,0.16697491096974135,0.0373367251465317,0.4703125,0.16192054137369352,0.036206533746514585
vicsek,rho_1_over_pi,2.3999999999999999,1750,20,0.3818911756811952,0.1279543710254595,0.028611467163115693,0.475,0.16524130083002858,0.03694907813464363
vicsek,rho_1_over_pi,2.3999999999999999,1800,20,0.4049031613436366,0.1861746325050156,0.04162991339672568,0.4859375,0.16667561824919083,0.03726980125969952
vicsek,rho_1_over_pi,2.3999999999999999,1850,20,0.4237217090114237,0.16633618253709792,0.037193901127076434,0.515625,0.15132875016004063,0.0338381372307933
vicsek,rho_1_over_pi,2.3999999999999999,1900,20,0.36914595401774963,0.15566403073204593,0.0348075354368471,0.509375,0.1418694932852021,0.031722983091916186
vicsek,rho_1_over_pi,2.3999999999999999,1950,20,0.46200024739550083,0.1534738683901068,0.0343178002490135,0.51875,0.1701332198602025,0.038042944483833004
vicsek,rho_1_over_pi,2.3999999999999999,2000,20,0.45827157834811194,0.14921620981232045,0.03336575884852196,0.5734375,0.18013531155425913,0.040279480178342666
vicsek,rho_1_over_pi,2.3999999999999999,2050,20,0.39329188552698907,0.17395457429607555,0.03889742531230626,0.55625,0.18317938612191056,0.04096015594452736
vicsek,rho_1_over_pi,2.3999999999999999,2100,20,0.4560180481351123,0.1984800018877665,0.04438147763953324,0.609375,0.18527323572227047,0.04142835494863391
vicsek,rho_1_over_pi,2.3999999999999999,2150,20,0.456047640517023,0.1781030159557222,0.03982504506747245,0.5921875,0.17964673450622473,0.04017023102917756
vicsek,rho_1_over_pi,2.3999999999999999,2200,20,0.4433448635364221,0.15962795735978158,0.03569389637659094,0.575,0.16038284275445425,0.03586269388236193
vicsek,rho_1_over_pi,2.3999999999999999,2250,20,0.47839204944787916,0.2091862156410985,0.046775459812942594,0.546875,0.1637273362178717,0.03661054535581244
vicsek,rho_1_over_pi,2.3999999999999999,2300,20,0.39938646529410693,0.1981417593683083,0.04430584431289431,0.559375,0.19057376360611658,0.042613589015125214
vicsek,rho_1_over_pi,2.3999999999999999,2350,20,0.45006438308437857,0.16350281607254052,0.03656034112508458,0.5796875,0.20622040507367354,0.046112284409227655
vicsek,rho_1_over_pi,2.3999999999999999,2400,20,0.5143617902112438,0.1753015470957183,0.039198617586690694,0.6171875,0.2164781581794108,0.048405987733311465
vicsek,rho_1_over_pi,2.3999999999999999,2450,20,0.4534017096202362,0.18323668001060095,0.04097296724750806,0.615625,0.20302882338475983,0.04539862504801219
vicsek,rho_1_over_pi,2.3999999999999999,2500,20,0.44369650338503197,0.18486369209793807,0.041336778210258024,0.5640625,0.20622040507367354,0.046112284409227655
vicsek,rho_1_over_pi,2.3999999999999999,2550,20,0.4577700583665968,0.1789759501160323,0.040020239079705956,0.5609375,0.1914875465108632,0.04281791708429428
vicsek,rho_1_over_pi,2.3999999999999999,2600,20,0.418915029340007,0.1567782293174225,0.03505667781458072,0.5609375,0.18814342725365135,0.0420701492858951
vicsek,rho_1_over_pi,2.3999999999999999,2650,20,0.48137479166844904,0.15508516181568668,0.03467809641214301,0.5703125,0.18668442414607064,0.041743906273101705
vicsek,rho_1_over_pi,2.3999999999999999,2700,20,0.4728221645492009,0.1802882264103226,0.04031367297963542,0.5453125,0.20311899029571312,0.045418786982233464
vicsek,rho_1_over_pi,2.3999999999999999,2750,20,0.4421528059259777,0.15386317091524662,0.034404850940015996,0.58125,0.1630998543837486,0.03647023615223789
vicsek,rho_1_over_pi,2.3999999999999999,2800,20,0.48813201044507776,0.15838068292976337,0.035414997335379145,0.6,0.15922174003571246,0.03560306342156529
vicsek,rho_1_over_pi,2.3999999999999999,2850,20,0.46746020628560714,0.13236263158106962,0.02959718418960321,0.6,0.1730358524988391,0.03869199287320311
vicsek,rho_1_over_pi,2.3999999999999999,2900,20,0.42518256038356467,0.21206421044217572,0.047418999014352564,0.590625,0.186167137607581,0.041628237486710865
vicsek,rho_1_over_pi,2.3999999999999999,2950,20,0.4625550359017718,0.1508978884593672,0.0337417936256326,0.6234375,0.20311899029571312,0.045418786982233464
vicsek,rho_1_over_pi,2.3999999999999999,3000,20,0.491327731773558,0.17261019463618693,0.03859681288159835,0.65,0.20145951826607747,0.04504771775573098
vicsek,rho_1_over_pi,2.6000000000000001,0,20,0.17585302916827256,0.05842203611202821,0.013063564413044258,0.153125,0.05029211543572213,0.011245658884654113
vicsek,rho_1_over_pi,2.6000000000000001,50,20,0.22872110193786108,0.13840001740003663,0.03094718469936356,0.190625,0.051253810833927264,0.011460700513057654
vicsek,rho_1_over_pi,2.6000000000000001,100,20,0.2248340020074961,0.13158345989426157,0.029422956103818614,0.2015625,0.05544123437253179,0.012397036881347898
vicsek,rho_1_over_pi,2.6000000000000001,150,20,0.23663197722767917,0.12411363343254343,0.027752652128965768,0.2234375,0.10377399948325207,0.023204571714157966
vicsek,rho_1_over_pi,2.6000000000000001,200,20,0.26459953547055853,0.11442853816523439,0.025586998990339314,0.259375,0.11903748096713068,0.02661758993128416
vicsek,rho_1_over_pi,2.6000000000000001,250,20,0.31621157257386995,0.142801136531418,0.031931304854847915,0.26875,0.11625672023586421,0.025995792928856776
vicsek,rho_1_over_pi,2.6000000000000001,300,20,0.2888071116666014,0.115970496044362,0.02593179125395639,0.2796875,0.12361537816449052,0.027641238864014397
vicsek,rho_1_over_pi,2.6000000000000001,350,20,0.262713742685458,0.119759969029336,0.026779143173286477,0.2890625,0.10591629581301454,0.023683603736287685
vicsek,rho_1_over_pi,2.6000000000000001,400,20,0.2671643364436098,0.09926747462697051,0.022196882122064162,0.321875,0.121875,0.027252078475778686
vicsek,rho_1_over_pi,2.6000000000000001,450,20,0.26518335592043824,0.11866185981285408,0.02653359848780922,0.3234375,0.1355958349977978,0.03032015045209209
vicsek,rho_1_over_pi,2.6000000000000001,500,20,0.24514772858424733,0.12723959841293053,0.0284516391481087,0.321875,0.11862658060063942,0.026525709816138755
vicsek,rho_1_over_pi,2.6000000000000001,550,20,0.29884132476936454,0.131694289121826,0.029447738272491402,0.3296875,0.11795581468817042,0.02637572199841172
vicsek,rho_1_over_pi,2.6000000000000001,600,20,0.34003496842125797,0.14700518931397846,0.03287135963512815,0.3796875,0.1363141334152479,0.030480766861046983
vicsek,rho_1_over_pi,2.6000000000000001,650,20,0.32019662697042406,0.10021160541796044,0.022407996184894575,0.3765625,0.12000773087076516,0.026834544405253093
vicsek,rho_1_over_pi,2.6000000000000001,700,20,0.32136037839106635,0.14840161859299272,0.03318361071449284,0.371875,0.09626826125468352,0.021526237624118153
vicsek,rho_1_over_pi,2.6000000000000001,750,20,0.32198740078122545,0.1320202810321038,0.02952063227964102,0.375,0.10458250331675945,0.023385358667337132
vicsek,rho_1_over_pi,2.6000000000000001,800,20,0.32578195800785087,0.1359192402636218,0.030392466067958476,0.3953125,0.14431783229646294,0.03227044833803057
vicsek,rho_1_over_pi,2.6000000000000001,850,20,0.2870539965210413,0.1529955949550201,0.034210855057744884,0.409375,0.16473819191371503,0.0368365795609473
vicsek,rho_1_over_pi,2.6000000000000001,900,20,0.30210409554237444,0.11361158696044096,0.02540432314751747,0.4,0.141352285973733,0.031607332021225704
vicsek,rho_1_over_pi,2.6000000000000001,950,20,0.27534069627033386,0.1448092272719891,0.032380327594938405,0.4078125,0.11157387897151376,0.024948677789363907
vicsek,rho_1_over_pi,2.6000000000000001,1000,20,0.38744107169859143,0.15327187318539756,0.03427263274812761,0.4015625,0.12114162360126267,0.02708809052771162
vicsek,rho_1_over_pi,2.6000000000000001,1050,20,0.32499972910896663,0.14522841622266378,0.03247406109385094,0.415625,0.10874820400815823,0.02431683765932569
vicsek,rho_1_over_pi,2.6000000000000001,1100,20,0.33787557873529256,0.15320149940571867,0.034256896692608056,0.403125,0.09877175393299442,0.02208603560510577
vicsek,rho_1_over_pi,2.6000000000000001,1150,20,0.2868416818950147,0.10444385104010338,0.023354355075753327,0.4078125,0.09856142992443849,0.02203900572706264
vicsek,rho_1_over_pi,2.6000000000000001,1200,20,0.34209343272259823,0.11779904310104258,0.026340666805835883,0.4015625,0.12033279049681346,0.026907229947311557
vicsek,rho_1_over_pi,2.6000000000000001,1250,20,0.3258160998415639,0.14415149592998866,0.03223325439577389,0.4078125,0.12635013046590018,0.028252748068771996
vicsek,rho_1_over_pi,2.6000000000000001,1300,20,0.3330126667888832,0.14464080864271797,0.03234266804456565,0.4578125,0.15125613365662233,0.03382189968700013
vicsek,rho_1_over_pi,2.6000000000000001,1350,20,0.3331933173197149,0.15251202320258397,0.03410272512670029,0.4421875,0.13268376113432268,0.02966899094066901
vicsek,rho_1_over_pi,2.6000000000000001,1400,20,0.37373705352395203,0.15966838520336032,0.03570293631723352,0.4890625,0.1405468532865464,0.031427231797240746
vicsek,rho_1_over_pi,2.6000000000000001,1450,20,0.38949843132784423,0.1673780771515492,0.03742687584540684,0.4828125,0.13312463321545717,0.029767572934948864
vicsek,rho_1_over_pi,2.6000000000000001,1500,20,0.3912190693349484,0.145492040953024,0.03253300937561449,0.5,0.1479019945774904,0.03307189138830738
vicsek,rho_1_over_pi,2.6000000000000001,1550,20,0.3628387287191245,0.15238161680099177,0.034073565368834165,0.4765625,0.14786072152113286,0.033062662452341914
vicsek,rho_1_over_pi,2.6000000000000001,1600,20,0.32396755618426043,0.16336775363654854,0.0365301402462761,0.4796875,0.11828651325806336,0.02644966844664598
vicsek,rho_1_over_pi,2.6000000000000001,1650,20,0.3353443916154636,0.12083009269752966,0.027018430099927725,0.4984375,0.1282678319718159,0.028681559161550123
vicsek,rho_1_over_pi,2.6000000000000001,1700,20,0.36177286194693453,0.1520903769307444,0.03400844215407103,0.5046875,0.1405468532865464,0.031427231797240746
vicsek,rho_1_over_pi,2.6000000000000001,1750,20,0.3524465265505555,0.18009197414584258,0.04026978963922386,0.4953125,0.150932970946543,0.03374963830824709
vicsek,rho_1_over_pi,2.6000000000000001,1800,20,0.34403203417636835,0.1310662307937083,0.029307300160940797,0.50625,0.14809994513840982,0.03311615447934738
vicsek,rho_1_over_pi,2.6000000000000001,1850,20,0.37805102382689654,0.14965007726383178,0.03346277456000236,0.5140625,0.1640178510673457,0.03667550645100214
vicsek,rho_1_over_pi,2.6000000000000001,1900,20,0.42446461978188543,0.18916616369389866,0.04229884010624101,0.5046875,0.1674938781530537,0.037452769736529494
vicsek,rho_1_over_pi,2.6000000000000001,1950,20,0.37736627479670565,0.1658606179449204,0.03708756165149635,0.540625,0.14957622429717898,0.03344626053462479
vicsek,rho_1_over_pi,2.6000000000000001,2000,20,0.38191115357008154,0.17306571426555822,0.03869867016723433,0.4859375,0.1473976737223149,0.03295912181684306
vicsek,rho_1_over_pi,2.6000000000000001,2050,20,0.4063357008726965,0.14392323867650295,0.032182214522258744,0.4953125,0.14865116201614437,0.03323941032024335
vicsek,rho_1_over_pi,2.6000000000000001,2100,20,0.339460647955271,0.14237283251246027,0.03183553316470533,0.475,0.14272734058336545,0.031914803579216965
vicsek,rho_1_over_pi,2.6000000000000001,2150,20,0.41035244888503675,0.15119143394759446,0.03380743239224906,0.4546875,0.14165421973506473,0.031674846462729694
vicsek,rho_1_over_pi,2.6000000000000001,2200,20,0.3652614064339196,0.16657050561466374,0.03724629736008985,0.49375,0.13535254892317322,0.030265750032008126
vicsek,rho_1_over_pi,2.6000000000000001,2250,20,0.38769478050349926,0.1286602547850136,0.028769307570173302,0.484375,0.12283277504395966,0.02746624348632335
vicsek,rho_1_over_pi,2.6000000000000001,2300,20,0.32749103665444806,0.13455524542532502,0.030087467550019432,0.471875,0.10775587280979167,0.024094945657751544
vicsek,rho_1_over_pi,2.6000000000000001,2350,20,0.35906354704190335,0.1517913064171322,0.033941567954220764,0.465625,0.10265042316035526,0.022953332410567316
vicsek,rho_1_over_pi,2.6000000000000001,2400,20,0.32474864502291584,0.09889164575288208,0.02211284423102727,0.4515625,0.13494609745654004,0.030174864721113498
vicsek,rho_1_over_pi,2.6000000000000001,2450,20,0.36761799843771065,0.18283540588280878,0.040883239624772534,0.459375,0.184375,0.04122750333515237
vicsek,rho_1_over_pi,2.6000000000000001,2500,20,0.342843875379233,0.1425114421853611,0.03186652722979986,0.471875,0.18192224472284857,0.04067905058196418
vicsek,rho_1_over_pi,2.6000000000000001,2550,20,0.40272952364368797,0.195077463279429,0.04362064687710222,0.478125,0.18008786917779887,0.04026887174046474
vicsek,rho_1_over_pi,2.6000000000000001,2600,20,0.34643372582275156,0.1528884342012665,0.03418689318475356,0.4375,0.18033172557816884,0.04032339968926231
vicsek,rho_1_over_pi,2.6000000000000001,2650,20,0.3390486182457507,0.18056258229536626,0.040375020820533895,0.4140625,0.1562109326159664,0.034929826415793994
vicsek,rho_1_over_pi,2.6000000000000001,2700,20,0.3734125253960911,0.12519505314751878,0.027994464928455098,0.4828125,0.14640049681865838,0.03273614628262618
vicsek,rho_1_over_pi,2.6000000000000001,2750,20,0.4173275082435737,0.18447189542536233,0.04124916981093426,0.4921875,0.18164692529396143,0.04061748728611237
vicsek,rho_1_over_pi,2.6000000000000001,2800,20,0.3110697073116446,0.13355827050698135,0.02986453718109156,0.4265625,0.1266589138937722,0.028321794142276722
vicsek,rho_1_over_pi,2.6000000000000001,2850,20,0.3655353738889714,0.16163517252902387,0.036142723332980395,0.4546875,0.13053188966206686,0.029187817851588353
vicsek,rho_1_over_pi,2.6000000000000001,2900,20,0.29372989767315005,0.1525971565186552,0.03412176151488882,0.45,0.12159422786464824,0.027189295917695255
vicsek,rho_1_over_pi,2.6000000000000001,2950,20,0.3933883400468247,0.16654791033068558,0.03724124490099524,0.44375,0.12005857945186592,0.026845914493643163
vicsek,rho_1_over_pi,2.6000000000000001,3000,20,0.34320855952214824,0.16237103552035115,0.036307267300053805,0.471875,0.15777381951705421,0.03527929855099163
vicsek,rho_1_over_pi,2.7999999999999998,0,20,0.17269183103377062,0.0818769779788821,0.018308248855303372,0.1484375,0.036810059341842956,0.008230979494416202
vicsek,rho_1_over_pi,2.7999999999999998,50,20,0.2145980251361622,0.08829903050003382,0.019744263454540285,0.1875,0.05038911092686593,0.011267347735824966
vicsek,rho_1_over_pi,2.7999999999999998,100,20,0.1945690460203841,0.09359605583788295,0.02092871432793723,0.215625,0.08609360821222445,0.0192511160390768
vicsek,rho_1_over_pi,2.7999999999999998,150,20,0.24889078171052487,0.12254096563015786,0.02740099291774983,0.26875,0.11709371246996997,0.026182950082066763
vicsek,rho_1_over_pi,2.7999999999999998,200,20,0.1895734208963084,0.10164708032266956,0.022728978131587037,0.2515625,0.08528158780621993,0.019069542756382493
vicsek,rho_1_over_pi,2.7999999999999998,250,20,0.28490692473451906,0.09081406712141785,0.020306642739671893,0.2671875,0.08236909595685751,0.01841828978047365
vicsek,rho_1_over_pi,2.7999999999999998,300,20,0.2238544049299156,0.106128682368561,0.02373109481385858,0.3078125,0.10139409114317263,0.022672408031294337
vicsek,rho_1_over_pi,2.7999999999999998,350,20,0.2830803953917259,0.12583608807631627,0.028137804696129393,0.3125,0.08893905919223567,0.019887378220871648
vicsek,rho_1_over_pi,2.7999999999999998,400,20,0.2826533596576546,0.14217180712717595,0.03179058252203545,0.33125,0.09447635286144358,0.02112555472644446
vicsek,rho_1_over_pi,2.7999999999999998,450,20,0.2691635711219874,0.11467054379077413,0.025641113093303736,0.3234375,0.08516700046819778,0.019043920248664664
vicsek,rho_1_over_pi,2.7999999999999998,500,20,0.30371054239242123,0.15259755665166436,0.03412185098734967,0.33125,0.0886090429922364,0.019813584355184197
vicsek,rho_1_over_pi,2.7999999999999998,550,20,0.32457481175259156,0.12871863238599773,0.028782361198589686,0.3390625,0.09796513649635773,0.021905670463090145
vicsek,rho_1_over_pi,2.7999999999999998,600,20,0.23523763003850817,0.11718885618171071,0.02620422486277516,0.3453125,0.13781037413326327,0.030815336456665534
vicsek,rho_1_over_pi,2.7999999999999998,650,20,0.2780150936841417,0.12260771630019596,0.027415918821324717,0.3546875,0.14261611223403195,0.03188993216420348
vicsek,rho_1_over_pi,2.7999999999999998,700,20,0.31804795537056396,0.09708019459899232,0.021707791439225476,0.3640625,0.12742759892876426,0.028493677341429626
vicsek,rho_1_over_pi,2.7999999999999998,750,20,0.3397522435314997,0.12322235656407281,0.02755335656249842,0.353125,0.11862658060063942,0.026525709816138755
vicsek,rho_1_over_pi,2.7999999999999998,800,20,0.35968292697951626,0.11475259224831817,0.025659459686155486,0.3984375,0.1664997536597277,0.03723047674201205
vicsek,rho_1_over_pi,2.7999999999999998,850,20,0.3037170770743446,0.15962705890038467,0.035693695474962296,0.359375,0.1730076316958301,0.03868568250981233
vicsek,rho_1_over_pi,2.7999999999999998,900,20,0.3003730013218144,0.11116633417816557,0.02485754800318364,0.425,0.16038284275445425,0.03586269388236193
vicsek,rho_1_over_pi,2.7999999999999998,950,20,0.30818382464784977,0.11997948247539869,0.02682822787202362,0.41875,0.14231621920919624,0.031822874045252414
vicsek,rho_1_over_pi,2.7999999999999998,1000,20,0.32188418670470675,0.14219092113735007,0.03179485654464265,0.4140625,0.13327126647837484,0.029800361129313512
vicsek,rho_1_over_pi,2.7999999999999998,1050,20,0.3048809835173877,0.1170666098099078,0.026176889743039757,0.40625,0.13258252147247765,0.029646353064078552
vicsek,rho_1_over_pi,2.7999999999999998,1100,20,0.2830386002278059,0.1534233925390166,0.03430651350558751,0.4078125,0.12635013046590018,0.028252748068771996
vicsek,rho_1_over_pi,2.7999999999999998,1150,20,0.25520396156713826,0.13820134807567588,0.0309027608879321,0.396875,0.1511996300425368,0.03380926509479317
vicsek,rho_1_over_pi,2.7999999999999998,1200,20,0.35271824252451756,0.14684262441841023,0.032835009019403574,0.40625,0.1574950396044269,0.03521696146745201
vicsek,rho_1_over_pi,2.7999999999999998,1250,20,0.31206709933912796,0.16077875122003585,0.03595122170655274,0.425,0.16984597802126492,0.03797871525604835
vicsek,rho_1_over_pi,2.7999999999999998,1300,20,0.3055579923240771,0.14583546549387644,0.03260980143746326,0.403125,0.12918766630371492,0.028887240370966554
vicsek,rho_1_over_pi,2.7999999999999998,1350,20,0.35354581222101794,0.13408434706079458,0.02998217147466108,0.39375,0.13491895715576815,0.030168795965367926
vicsek,rho_1_over_pi,2.7999999999999998,1400,20,0.2568789493998883,0.12833288517024094,0.02869610549893334,0.4046875,0.14673364208234593,0.03281063982822493
vicsek,rho_1_over_pi,2.7999999999999998,1450,20,0.33924818451603433,0.1745232984638041,0.03902459590225506,0.4171875,0.13523525508812412,0.030239522333156982
vicsek,rho_1_over_pi,2.7999999999999998,1500,20,0.2927905389684523,0.16417542085350958,0.03671074012630839,0.4484375,0.15190039653914666,0.033965961247070575
vicsek,rho_1_over_pi,2.7999999999999998,1550,20,0.3244598705088569,0.11299618666770157,0.025266715458723613,0.4390625,0.16755217237848632,0.0374658047216058
vicsek,rho_1_over_pi,2.7999999999999998,1600,20,0.3013519300782468,0.16416003143652103,0.03670729894805635,0.4046875,0.17015474345063084,0.03804775730496476
vicsek,rho_1_over_pi,2.7999999999999998,1650,20,0.32986532204101743,0.10658096871041157,0.023832229114425837,0.4390625,0.1652043597147182,0.03694081785014376
vicsek,rho_1_over_pi,2.7999999999999998,1700,20,0.28401550435777567,0.11028387319390671,0.024660223728354226,0.43125,0.17247055908183287,0.0385655894224372
vicsek,rho_1_over_pi,2.7999999999999998,1750,20,0.24802339558911282,0.09013988598065446,0.020155891253682365,0.4125,0.14442775010364178,0.03229502670690953
vicsek,rho_1_over_pi,2.7999999999999998,1800,20,0.34738391048404593,0.14822152050430942,0.03314333955760148,0.4359375,0.15482948029606636,0.034620924286296866
vicsek,rho_1_over_pi,2.7999999999999998,1850,20,0.34113354701852494,0.13728987353937905,0.03069894898564012,0.48125,0.17826200871189576,0.03986059692854586
vicsek,rho_1_over_pi,2.7999999999999998,1900,20,0.32406360830576336,0.14536733893716206,0.03250512515717464,0.4703125,0.1640178510673457,0.03667550645100214
vicsek,rho_1_over_pi,2.7999999999999998,1950,20,0.3378473968682626,0.16025433638527817,0.03583395898465999,0.4984375,0.17580034618495494,0.039310152453755506
vicsek,rho_1_over_pi,2.7999999999999998,2000,20,0.3576310825470253,0.13198123488978963,0.029511901296793656,0.4703125,0.15067394173761434,0.03369171761631484
vicsek,rho_1_over_pi,2.7999999999999998,2050,20,0.34767863265322824,0.13744813232984654,0.03073433672699234,0.465625,0.16053499423801654,0.035896715988374205
vicsek,rho_1_over_pi,2.7999999999999998,2100,20,0.33916554561070594,0.20353426965141336,0.04551164626913327,0.425,0.17438508035379632,0.038993689393285166
vicsek,rho_1_over_pi,2.7999999999999998,2150,20,0.30065806447588095,0.17229982047453368,0.03852741110920674,0.440625,0.18379144940665765,0.04109701745564999
vicsek,rho_1_over_pi,2.7999999999999998,2200,20,0.3199899951529119,0.12709000231367876,0.028418188443399123,0.4140625,0.15714586923858356,0.035138884600076595
vicsek,rho_1_over_pi,2.7999999999999998,2250,20,0.3030997240432514,0.11217579049034308,0.02508326929661816,0.4078125,0.16101333164912152,0.0360036754851154
vicsek,rho_1_over_pi,2.7999999999999998,2300,20,0.2896536057114245,0.14523036646056262,0.032474497180302354,0.3953125,0.14431783229646294,0.03227044833803057
vicsek,rho_1_over_pi,2.7999999999999998,2350,20,0.3271284757621011,0.10712563563066727,0.023954020340304555,0.390625,0.14166283695803922,0.03167677333236452
vicsek,rho_1_over_pi,2.7999999999999998,2400,20,0.3209841058283213,0.17889968969306624,0.04000318673073146,0.4203125,0.14234194908300926,0.03182862741994225
vicsek,rho_1_over_pi,2.7999999999999998,2450,20,0.34363588027224673,0.13634068301825725,0.03048670353275744,0.41875,0.14637548035787962,0.0327305524319404
vicsek,rho_1_over_pi,2.7999999999999998,2500,20,0.3294054117625185,0.1376439080422073,0.03077811350711055,0.446875,0.20446672253694487,0.04572014907291969
vicsek,rho_1_over_pi,2.7999999999999998,2550,20,0.358030980487047,0.14784234569600252,0.03305855349292851,0.4421875,0.17294411805190138,0.03867148042728
vicsek,rho_1_over_pi,2.7999999999999998,2600,20,0.34660102911423135,0.1618716439015956,0.0361955999393607,0.434375,0.15869954906993278,0.03548629797189332
vicsek,rho_1_over_pi,2.7999999999999998,2650,20,0.3258848414271831,0.16716372368874655,0.037378944954002916,0.4515625,0.17215176580200972,0.03849430507799173
vicsek,rho_1_over_pi,2.7999999999999998,2700,20,0.3265043404306851,0.13989600868196927,0.031281698519378405,0.4390625,0.15608585127662916,0.03490185737804651
vicsek,rho_1_over_pi,2.7999999999999998,2750,20,0.37211229082357167,0.15556605511494767,0.034785627422850185,0.4734375,0.19220020283222908,0.042977271882211183
vicsek,rho_1_over_pi,2.7999999999999998,2800,20,0.36246888219047013,0.14683616985829667,0.0328335657358857,0.4484375,0.18835093368165182,0.042116549133772815
vicsek,rho_1_over_pi,2.7999999999999998,2850,20,0.3427415977770437,0.14638129560138421,0.032731852759918606,0.4640625,0.16865593443087024,0.03771261341961731
vicsek,rho_1_over_pi,2.7999999999999998,2900,20,0.40921840558651407,0.15650183356519415,0.03499487384551324,0.44375,0.17444107171191078,0.03900620944157481
vicsek,rho_1_over_pi,2.7999999999999998,2950,20,0.35818195664530417,0.13773203207380638,0.03079781863962124,0.5203125,0.19041356101588458,0.04257776662693218
vicsek,rho_1_over_pi,2.7999999999999998,3000,20,0.3474739341918406,0.17589505095960256,0.03933132908514609,0.5171875,0.19097687809981082,0.04270372815618678
vicsek,rho_1_over_pi,3.2000000000000002,0,20,0.16376500487869639,0.07717728618295432,0.01725736582240411,0.1421875,0.034903606099513554,0.007804683589838859
vicsek,rho_1_over_pi,3.2000000000000002,50,20,0.19617559387062805,0.08493400018319934,0.018991819801061332,0.1765625,0.06866116419599948,0.015353103055652953
vicsek,rho_1_over_pi,3.2000000000000002,100,20,0.1897746466217693,0.09208017883117538,0.020589753924684526,0.2078125,0.07413235102672787,0.016576497622763985
vicsek,rho_1_over_pi,3.2000000000000002,150,20,0.23065733780666403,0.11304227955028975,0.025277022140598224,0.2390625,0.08686994139948524,0.01942470941706722
vicsek,rho_1_over_pi,3.2000000000000002,200,20,0.17903203367857032,0.08756320728673603,0.01957972838210467,0.2328125,0.08295977470286428,0.018550369563367194
vicsek,rho_1_over_pi,3.2000000000000002,250,20,0.18842832575264,0.10039687403064049,0.022449423506099544,0.2625,0.12078842556304806,0.027009113045414875
vicsek,rho_1_over_pi,3.2000000000000002,300,20,0.2236468647320639,0.10848420681322496,0.024257806091951682,0.284375,0.08722053585595539,0.019503104720787406
vicsek,rho_1_over_pi,3.2000000000000002,350,20,0.26497353767012666,0.12136432847497919,0.027137888851366684,0.271875,0.10416145820311849,0.023291210117767604
vicsek,rho_1_over_pi,3.2000000000000002,400,20,0.2337080331736951,0.13180938537806863,0.029473474577782828,0.2796875,0.08117484504912836,0.018151247159286326
vicsek,rho_1_over_pi,3.2000000000000002,450,20,0.2592140453688302,0.1426588456223356,0.031899487640319066,0.2765625,0.0840125316173129,0.018785773165816196
vicsek,rho_1_over_pi,3.2000000000000002,500,20,0.2340489994262757,0.09020860435593957,0.020171257149526448,0.2765625,0.07608268014962406,0.017012604472493326
vicsek,rho_1_over_pi,3.2000000000000002,550,20,0.2056728787747381,0.1109519882912279,0.02480961880579463,0.275,0.07234898064243891,0.01617772388193098
vicsek,rho_1_over_pi,3.2000000000000002,600,20,0.2754609066360002,0.1263988603290057,0.02826364439741582,0.2734375,0.06765823467065928,0.015128841196122723
vicsek,rho_1_over_pi,3.2000000000000002,650,20,0.22341321195454983,0.1201220370669309,0.026860104047740696,0.2859375,0.060333545550961945,0.01349099091755309
vicsek,rho_1_over_pi,3.2000000000000002,700,20,0.2236552516236395,0.13832561920187875,0.030930548756515106,0.2890625,0.09726484060928697,0.02174907954230477
vicsek,rho_1_over_pi,3.2000000000000002,750,20,0.2905834393183157,0.12976603281063806,0.029016567053505478,0.2984375,0.09136283691277323,0.020429351395418797
vicsek,rho_1_over_pi,3.2000000000000002,800,20,0.25660594471681447,0.11590595961808207,0.025917360470337707,0.2875,0.09457966219013472,0.021148655394610787
vicsek,rho_1_over_pi,3.2000000000000002,850,20,0.2853979077447314,0.1089640127674038,0.02436509396490699,0.321875,0.08677152110571763,0.019402701970344233
vicsek,rho_1_over_pi,3.2000000000000002,900,20,0.239702633827534,0.09954047458571415,0.022257926768624703,0.3203125,0.08493736203079302,0.018992571533036278
vicsek,rho_1_over_pi,3.2000000000000002,950,20,0.22360993956199873,0.08534380842922654,0.01908345571064701,0.2875,0.09812699042567238,0.021941862101927445
vicsek,rho_1_over_pi,3.2000000000000002,1000,20,0.24733866989021105,0.08326949470953594,0.018619625062258147,0.2921875,0.08630602799775923,0.01929861454709897
vicsek,rho_1_over_pi,3.2000000000000002,1050,20,0.21779696895544515,0.11328882596658349,0.025332151595242398,0.296875,0.0897587913521567,0.020070675904164264
vicsek,rho_1_over_pi,3.2000000000000002,1100,20,0.2976973419789212,0.14462182110061206,0.0323384223010782,0.3203125,0.0992525778947328,0.02219355111147155
vicsek,rho_1_over_pi,3.2000000000000002,1150,20,0.22386892930572833,0.10982594857602117,0.024557828670937955,0.3046875,0.09974332292815394,0.022303285036906557
vicsek,rho_1_over_pi,3.2000000000000002,1200,20,0.2884457222854498,0.10611755067196295,0.023728605690828762,0.303125,0.10601997158554609,0.02370678634378772
vicsek,rho_1_over_pi,3.2000000000000002,1250,20,0.22943434683640068,0.09320733470339547,0.020841793639836747,0.328125,0.11796616305110547,0.02637803596270958
vicsek,rho_1_over_pi,3.2000000000000002,1300,20,0.2245004087149554,0.07469252721937844,0.016701756827378355,0.34375,0.08326820371546392,0.018619336387207787
vicsek,rho_1_over_pi,3.2000000000000002,1350,20,0.2306566385715744,0.1072387466106291,0.023979312724324183,0.3140625,0.08865036220315177,0.019822823611622537
vicsek,rho_1_over_pi,3.2000000000000002,1400,20,0.2339706358751803,0.1301356799648773,0.029099222669962305,0.353125,0.1073927517339974,0.02401374931679766
vicsek,rho_1_over_pi,3.2000000000000002,1450,20,0.2166732794986955,0.14755984644807274,0.03299538474073215,0.353125,0.10555841096284085,0.023603578250977118
vicsek,rho_1_over_pi,3.2000000000000002,1500,20,0.23569140322141413,0.11389921689939365,0.025468639157103703,0.340625,0.0997555606219523,0.022306021468428652
vicsek,rho_1_over_pi,3.2000000000000002,1550,20,0.25962269253390075,0.10788063440881696,0.024122843199391755,0.3046875,0.09420462684364288,0.021064794941738692
vicsek,rho_1_over_pi,3.2000000000000002,1600,20,0.2936612580983062,0.1251107520808707,0.027975614636895012,0.315625,0.0997555606219523,0.022306021468428652
vicsek,rho_1_over_pi,3.2000000000000002,1650,20,0.2737365189125963,0.1465832740476943,0.03277701651351252,0.309375,0.08609360821222445,0.0192511160390768
vicsek,rho_1_over_pi,3.2000000000000002,1700,20,0.2481661851713907,0.13403579636857044,0.029971315209844293,0.3484375,0.08686994139948524,0.01942470941706722
vicsek,rho_1_over_pi,3.2000000000000002,1750,20,0.18752426887252388,0.10738121593620287,0.02401116983399333,0.3015625,0.08105445218339336,0.018124326496107377
vicsek,rho_1_over_pi,3.2000000000000002,1800,20,0.2021702759772115,0.09632407332239683,0.02153871758185533,0.3046875,0.0758255347409433,0.016955105011102114
vicsek,rho_1_over_pi,3.2000000000000002,1850,20,0.29356151809301234,0.09709500601503371,0.021711103372536632,0.3078125,0.09337163230205414,0.020878531699750822
vicsek,rho_1_over_pi,3.2000000000000002,1900,20,0.2361141741091813,0.10432548000682587,0.023327886508055787,0.328125,0.13531646934131855,0.030257682392245445
vicsek,rho_1_over_pi,3.2000000000000002,1950,20,0.3075371557715385,0.1356149848292668,0.030324432484584322,0.35625,0.12899854650343934,0.028844951898035816
vicsek,rho_1_over_pi,3.2000000000000002,2000,20,0.2501107813102214,0.12527216256051,0.028011707117370443,0.35,0.09812699042567238,0.021941862101927445
vicsek,rho_1_over_pi,3.2000000000000002,2050,20,0.23525110345381522,0.11759530833528535,0.026295110327274565,0.33125,0.0960143218483576,0.021469455046647084
vicsek,rho_1_over_pi,3.2000000000000002,2100,20,0.24881341761637438,0.124936444472258,0.027936638270709673,0.3453125,0.09399707026684395,0.021018383880248737
vicsek,rho_1_over_pi,3.2000000000000002,2150,20,0.2583274625324431,0.1584862784584112,0.0354386092133968,0.3484375,0.08284197588632226,0.018524028947221497
vicsek,rho_1_over_pi,3.2000000000000002,2200,20,0.26737831317426064,0.11874165781150252,0.026551441862753853,0.35,0.10852347096365836,0.02426658582289647
vicsek,rho_1_over_pi,3.2000000000000002,2250,20,0.20159144019702196,0.09962548111613204,0.022276934806679284,0.340625,0.08833308765689106,0.019751878866325602
vicsek,rho_1_over_pi,3.2000000000000002,2300,20,0.2499986275572812,0.0881262908681241,0.019705637698604443,0.35,0.09196211855976351,0.020563354845452624
vicsek,rho_1_over_pi,3.2000000000000002,2350,20,0.25429187312063656,0.09515048344631584,0.021276294907793068,0.359375,0.09296546737902198,0.020787710461953234
vicsek,rho_1_over_pi,3.2000000000000002,2400,20,0.2852417419700976,0.10431644650456805,0.023325866555543445,0.3765625,0.08354627740809281,0.018681515555155046
vicsek,rho_1_over_pi,3.2000000000000002,2450,20,0.24235792632977943,0.09609833407540638,0.021488240751709305,0.4125,0.1224744871391589,0.027386127875258303
vicsek,rho_1_over_pi,3.2000000000000002,2500,20,0.20720099692199137,0.0936341886624696,0.020937241086732214,0.3765625,0.1052689078918842,0.023538843396341713
vicsek,rho_1_over_pi,3.2000000000000002,2550,20,0.2643362417316592,0.1281610533406149,0.02865768273375914,0.375,0.09581068572972433,0.021423920626253264
vicsek,rho_1_over_pi,3.2000000000000002,2600,20,0.2362568661310028,0.10264066264223638,0.022951149892366372,0.4015625,0.11408390210169882,0.025509936023782966
vicsek,rho_1_over_pi,3.2000000000000002,2650,20,0.2592780793099309,0.10827352066955104,0.024210695238034464,0.43125,0.13785465625070487,0.030825238239144237
vicsek,rho_1_over_pi,3.2000000000000002,2700,20,0.2698482293852389,0.1340434504174143,0.029973026707196093,0.4359375,0.16101333164912152,0.0360036754851154
vicsek,rho_1_over_pi,3.2000000000000002,2750,20,0.2064438296674782,0.10481761880686535,0.023437932089181133,0.3890625,0.11878083481248143,0.026560202106488195
vicsek,rho_1_over_pi,3.2000000000000002,2800,20,0.2543184022964771,0.15602711583910042,0.03488872373494627,0.375,0.11692679333668567,0.026145625829189858
vicsek,rho_1_over_pi,3.2000000000000002,2850,20,0.2629505290527613,0.09887382089034215,0.02210885847059438,0.3609375,0.10891644948652154,0.024354458491978422
vicsek,rho_1_over_pi,3.2000000000000002,2900,20,0.23320790013557063,0.13886463050805403,0.031051075348639996,0.375,0.1152443057161611,0.02576941016011038
vicsek,rho_1_over_pi,3.2000000000000002,2950,20,0.26705642775729366,0.12589405627715816,0.028150766779890975,0.3859375,0.1395007140438715,0.03119330795118562
vicsek,rho_1_over_pi,3.2000000000000002,3000,20,0.24429994674941674,0.10929067624724645,0.024438138139576467,0.3859375,0.11578325318779914,0.02588992247839881
vicsek,rho_1_over_pi,3.3999999999999999,0,20,0.14458561487727462,0.06547378431906814,0.014640383248159614,0.15625,0.05321683239352001,0.011899645477912358
vicsek,rho_1_over_pi,3.3999999999999999,50,20,0.1858787176362541,0.0865831764823056,0.019360586832229642,0.1796875,0.06545737520516691,0.014636714058746244
vicsek,rho_1_over_pi,3.3999999999999999,100,20,0.17564172399311812,0.07371889207711825,0.016484045391040706,0.1875,0.055021302692684404,0.012303137303143453
vicsek,rho_1_over_pi,3.3999999999999999,150,20,0.20457007735752436,0.072989081955004,0.01632085488666922,0.1921875,0.05700448858423343,0.012746591149695669
vicsek,rho_1_over_pi,3.3999999999999999,200,20,0.22632129297196912,0.09512928676623641,0.021271555186037575,0.2015625,0.06286999855853347,0.014058159052219462
vicsek,rho_1_over_pi,3.3999999999999999,250,20,0.2227338745028115,0.12511991126166852,0.027977662691983228,0.221875,0.06839396446324778,0.015293355379052694
vicsek,rho_1_over_pi,3.3999999999999999,300,20,0.19883354238566958,0.09915279233225666,0.02217123838138458,0.234375,0.05970304117044625,0.013350005852058642
vicsek,rho_1_over_pi,3.3999999999999999,350,20,0.18778867509349434,0.07101538909445276,0.01587952374637936,0.25,0.08671523078444755,0.019390115071860715
vicsek,rho_1_over_pi,3.3999999999999999,400,20,0.23182093709414314,0.10331976890269426,0.02310300266859932,0.2640625,0.07020825605831553,0.015699043312810496
vicsek,rho_1_over_pi,3.3999999999999999,450,20,0.2261152026336371,0.09558284340119763,0.021372973532779508,0.2734375,0.08493736203079302,0.018992571533036278
vicsek,rho_1_over_pi,3.3999999999999999,500,20,0.24214415479141294,0.12771872627695974,0.02855877539549706,0.2625,0.08112971866091981,0.01814115659212499
vicsek,rho_1_over_pi,3.3999999999999999,550,20,0.24638654620704198,0.09695940442268,0.021680781934700622,0.2765625,0.11060690176815369,0.02473245511342333
vicsek,rho_1_over_pi,3.3999999999999999,600,20,0.25033795924539365,0.12769369100387984,0.028553177338252866,0.2703125,0.10377399948325207,0.023204571714157966
vicsek,rho_1_over_pi,3.3999999999999999,650,20,0.2187605144005326,0.10693319352237964,0.023910988976718103,0.3078125,0.09746543858594184,0.021793934613499693
vicsek,rho_1_over_pi,3.3999999999999999,700,20,0.22734682830477734,0.10834474191088127,0.024226620791740098,0.315625,0.11392328833473865,0.025474021693678444
vicsek,rho_1_over_pi,3.3999999999999999,750,20,0.17696959026662254,0.10130278232651845,0.022651990759195953,0.315625,0.12179484543690673,0.027234155370600352
vicsek,rho_1_over_pi,3.3999999999999999,800,20,0.2399789063977605,0.10597321570710852,0.023696331411534308,0.3171875,0.12353635282276225,0.02762356826040944
vicsek,rho_1_over_pi,3.3999999999999999,850,20,0.24238157297078286,0.10791102400552093,0.024129638519795642,0.2953125,0.09295233573584905,0.02078477413727414
vicsek,rho_1_over_pi,3.3999999999999999,900,20,0.24667188976772797,0.09282037896429202,0.020755267706144845,0.2984375,0.10292357222109035,0.023014410397346703
vicsek,rho_1_over_pi,3.3999999999999999,950,20,0.21146300497646386,0.10253373996400877,0.022927241254681045,0.3171875,0.11016456085670201,0.024633544678699815
vicsek,rho_1_over_pi,3.3999999999999999,1000,20,0.2103268848797603,0.1436123163632507,0.03211269017944339,0.321875,0.1161306511003878,0.025967603013177784
vicsek,rho_1_over_pi,3.3999999999999999,1050,20,0.26020711993678136,0.10338248461162489,0.02311702632744192,0.3390625,0.09846229846367593,0.02201683925856525
vicsek,rho_1_over_pi,3.3999999999999999,1100,20,0.2464008317219409,0.13321733739584926,0.029788302219864376,0.3171875,0.10747228930636027,0.024031534458654528
vicsek,rho_1_over_pi,3.3999999999999999,1150,20,0.22083638649170556,0.11192361461218787,0.025026881056034084,0.334375,0.12964042820432212,0.028988481009704522
vicsek,rho_1_over_pi,3.3999999999999999,1200,20,0.2866066820263211,0.11673158537887701,0.026101976002848953,0.353125,0.12503905639839097,0.02795958299492322
vicsek,rho_1_over_pi,3.3999999999999999,1250,20,0.23743140276841596,0.15412023576708322,0.034462332388349254,0.3390625,0.10747228930636027,0.024031534458654528
vicsek,rho_1_over_pi,3.3999999999999999,1300,20,0.21928347247765934,0.11182494541664867,0.025004817953182996,0.34375,0.0998044963916957,0.022316963839196406
vicsek,rho_1_over_pi,3.3999999999999999,1350,20,0.2365540855974541,0.11780804050521003,0.026342678686569827,0.3359375,0.09776556381850411,0.021861044655676908
vicsek,rho_1_over_pi,3.3999999999999999,1400,20,0.26077531520867964,0.11546082389500217,0.025817825096735688,0.3390625,0.09895696270980632,0.02212744954660387
vicsek,rho_1_over_pi,3.3999999999999999,1450,20,0.2917886178174447,0.1040427740617916,0.023264671536981793,0.3328125,0.10563932964928356,0.023621672219330706
vicsek,rho_1_over_pi,3.3999999999999999,1500,20,0.2610238209187068,0.11313431649729229,0.025297602227592145,0.3203125,0.1241671473005239,0.027764618193620094
vicsek,rho_1_over_pi,3.3999999999999999,1550,20,0.25546972957830727,0.1348245641938851,0.030147689057431124,0.3125,0.11004260538536881,0.024606274606286907
vicsek,rho_1_over_pi,3.3999999999999999,1600,20,0.2700741871343157,0.10837902130462598,0.024234285897204163,0.3296875,0.09756558291093227,0.021816327565323635
vicsek,rho_1_over_pi,3.3999999999999999,1650,20,0.23108237104801282,0.09523199937624427,0.021294522423849976,0.3296875,0.09503031999709356,0.02124942554370588
vicsek,rho_1_over_pi,3.3999999999999999,1700,20,0.2611640977091081,0.08994935489971807,0.020113287208802337,0.3625,0.11750997298101978,0.026276028761972384
vicsek,rho_1_over_pi,3.3999999999999999,1750,20,0.25106328004820855,0.0977090674874517,0.021848411692005656,0.3359375,0.1189451521448016,0.026596944578983126
vicsek,rho_1_over_pi,3.3999999999999999,1800,20,0.21983822385583807,0.12189383501588265,0.027256290113365774,0.3421875,0.11459635342693066,0.02562452362362079
vicsek,rho_1_over_pi,3.3999999999999999,1850,20,0.2366014710169134,0.12228002261786784,0.02734264428637643,0.3453125,0.11795581468817042,0.02637572199841172
vicsek,rho_1_over_pi,3.3999999999999999,1900,20,0.20457822047441104,0.125635110818899,0.028092864815177743,0.3171875,0.09993894620592114,0.022347027731613435
vicsek,rho_1_over_pi,3.3999999999999999,1950,20,0.24538506348384495,0.09607001808711346,0.021481909104242,0.3140625,0.08057108177721085,0.018016241587453803
vicsek,rho_1_over_pi,3.3999999999999999,2000,20,0.2089625823602726,0.08826885993001955,0.019737517109993104,0.3109375,0.09136283691277323,0.020429351395418797
vicsek,rho_1_over_pi,3.3999999999999999,2050,20,0.18743737409102754,0.1154152724510397,0.025807639484218353,0.3234375,0.10377399948325207,0.023204571714157966
vicsek,rho_1_over_pi,3.3999999999999999,2100,20,0.2676090386252422,0.1096597091785549,0.024520656411610636,0.30625,0.09911719704471066,0.022163279033121427
vicsek,rho_1_over_pi,3.3999999999999999,2150,20,0.24877002385367214,0.12223186983953514,0.027331876997810686,0.315625,0.08143008887997115,0.01820832141494652
vicsek,rho_1_over_pi,3.3999999999999999,2200,20,0.21395830924475612,0.1172344114375776,0.026214411327660232,0.3265625,0.09954731522622798,0.02225945638234456
vicsek,rho_1_over_pi,3.3999999999999999,2250,20,0.21414471894663062,0.11200251727570763,0.025044524227957683,0.3171875,0.08854013479066992,0.019798176012893205
vicsek,rho_1_over_pi,3.3999999999999999,2300,20,0.25237103268204175,0.10342823046689051,0.023127255411648198,0.3234375,0.09696316552562628,0.021681622942886447
vicsek,rho_1_over_pi,3.3999999999999999,2350,20,0.21823210258816034,0.08752816525762455,0.01957189274618839,0.3375,0.11464960204902588,0.025636430377492105
vicsek,rho_1_over_pi,3.3999999999999999,2400,20,0.24060948298691115,0.16082279512581826,0.035961070223285145,0.3265625,0.1057317323169823,0.023642334083958376
vicsek,rho_1_over_pi,3.3999999999999999,2450,20,0.23900273550263346,0.11715962951348002,0.02619768958108319,0.33125,0.11154105185984217,0.02494133742404364
vicsek,rho_1_over_pi,3.3999999999999999,2500,20,0.24983272233589143,0.13327070010296632,0.02980023448392209,0.33125,0.10888282118865217,0.024346938975978068
vicsek,rho_1_over_pi,3.3999999999999999,2550,20,0.18773054530166483,0.08462397936032122,0.01892249703762174,0.3296875,0.1057317323169823,0.023642334083958376
vicsek,rho_1_over_pi,3.3999999999999999,2600,20,0.2620163045037426,0.11391591305186691,0.02547237253029299,0.3625,0.15730891185816523,0.03517534203813802
vicsek,rho_1_over_pi,3.3999999999999999,2650,20,0.24844471981144153,0.08960545649452988,0.02003638918766688,0.36875,0.1625600850454994,0.03634954005898836
vicsek,rho_1_over_pi,3.3999999999999999,2700,20,0.20180370335681302,0.09990901992963096,0.022340336012803608,0.353125,0.13188092403755747,0.02948947110834645
vicsek,rho_1_over_pi,3.3999999999999999,2750,20,0.22505139017754025,0.14040894263000195,0.031396394036955245,0.3390625,0.09746543858594184,0.021793934613499693
vicsek,rho_1_over_pi,3.3999999999999999,2800,20,0.2619284836064594,0.13021930214333616,0.02911792115750837,0.3640625,0.12234484753658406,0.027357139578864962
vicsek,rho_1_over_pi,3.3999999999999999,2850,20,0.2109053869478398,0.13921202515051617,0.031128755152196454,0.34375,0.125,0.02795084971874737
vicsek,rho_1_over_pi,3.3999999999999999,2900,20,0.23029011554552517,0.09527419155209021,0.02130395688118099,0.3203125,0.10168262127202465,0.022736925329461324
vicsek,rho_1_over_pi,3.3999999999999999,2950,20,0.22360084684009154,0.1615782903266264,0.03613000408585333,0.3453125,0.09295233573584905,0.02078477413727414
vicsek,rho_1_over_pi,3.3999999999999999,3000,20,0.23169920050780296,0.10718805430240633,0.023967977579611933,0.3359375,0.10954228278956943,0.024494399072798254
vicsek,rho_1_over_pi,3.6000000000000001,0,20,0.13657431214812615,0.08004557476611827,0.017898734647508227,0.1453125,0.04107324821279661,0.009184257506053497
vicsek,rho_1_over_pi,3.6000000000000001,50,20,0.21432766901840483,0.08652457090546775,0.019347482226862642,0.16875,0.05796011559684815,0.012960275845829825
vicsek,rho_1_over_pi,3.6000000000000001,100,20,0.13969496099567763,0.07946089427587484,0.017767996115378007,0.18125,0.06373774391990981,0.014252192813739226
vicsek,rho_1_over_pi,3.6000000000000001,150,20,0.20033169241614165,0.07083381159157445,0.015838921782417303,0.18125,0.06296700524878089,0.014079850407586011
vicsek,rho_1_over_pi,3.6000000000000001,200,20,0.21135310444600916,0.10473196152366646,0.023418778538381063,0.19375,0.0480071609241788,0.010734727523323542
vicsek,rho_1_over_pi,3.6000000000000001,250,20,0.1977236463025623,0.07313803392147127,0.016354161558909525,0.2046875,0.042475866309588085,0.009497892447143209
vicsek,rho_1_over_pi,3.6000000000000001,300,20,0.2113385649287011,0.10259708713053416,0.02294140611173432,0.2015625,0.06286999855853347,0.014058159052219462
vicsek,rho_1_over_pi,3.6000000000000001,350,20,0.20582413162346178,0.11308416111529437,0.025286387143233665,0.2171875,0.061297016393540724,0.013706429547387605
vicsek,rho_1_over_pi,3.6000000000000001,400,20,0.2161642905839166,0.11497953352876142,0.025710205299152678,0.2296875,0.07672177310744324,0.017155510002255837
vicsek,rho_1_over_pi,3.6000000000000001,450,20,0.2111244821165316,0.0982012792701363,0.02195847359254657,0.2140625,0.056141388197567754,0.012553596036096588
vicsek,rho_1_over_pi,3.6000000000000001,500,20,0.16074675280779993,0.07911387269921412,0.017690399731870754,0.2234375,0.09017940019067548,0.020164726899650785
vicsek,rho_1_over_pi,3.6000000000000001,550,20,0.22896054604317806,0.11876554534798149,0.026556783278292053,0.2328125,0.09806477052820753,0.021927949309898997
vicsek,rho_1_over_pi,3.6000000000000001,600,20,0.20178344667144543,0.09978991849455443,0.022313704122298716,0.23125,0.06281172263200556,0.014045128158902643
vicsek,rho_1_over_pi,3.6000000000000001,650,20,0.2122992405940735,0.10529057018616084,0.02354368723259683,0.221875,0.053125,0.011879111130467633
vicsek,rho_1_over_pi,3.6000000000000001,700,20,0.16400691287734842,0.08819806006656088,0.019721685779243974,0.246875,0.060837257293536826,0.013603624287299321
vicsek,rho_1_over_pi,3.6000000000000001,750,20,0.20025318277760493,0.11969450806856141,0.026764505657470038,0.2546875,0.10927450740566164,0.02443452267668636
vicsek,rho_1_over_pi,3.6000000000000001,800,20,0.18955065193785287,0.10131803968155381,0.022655402407497544,0.24375,0.08064679937852462,0.018033172557816883
vicsek,rho_1_over_pi,3.6000000000000001,850,20,0.17797980283250314,0.08583357194781027,0.01919297016269228,0.2453125,0.06794629657862156,0.015193253796915917
vicsek,rho_1_over_pi,3.6000000000000001,900,20,0.20813413450138527,0.10441394203369711,0.023347667218606937,0.2421875,0.050267837319204416,0.011240230132764185
vicsek,rho_1_over_pi,3.6000000000000001,950,20,0.22060619315893507,0.10697709620820159,0.023920805915707374,0.234375,0.04990224819584785,0.011158481919598203
vicsek,rho_1_over_pi,3.6000000000000001,1000,20,0.18143016084228986,0.11509984273415833,0.025737107255311326,0.2234375,0.0506548908670229,0.011326777937149646
vicsek,rho_1_over_pi,3.6000000000000001,1050,20,0.19202940370757524,0.09315876821682985,0.02083093384329784,0.2109375,0.039373759901106725,0.008804240366863003
vicsek,rho_1_over_pi,3.6000000000000001,1100,20,0.18091108909749268,0.090174071205165,0.020163535302265532,0.228125,0.054216723665304604,0.012123227963294264
vicsek,rho_1_over_pi,3.6000000000000001,1150,20,0.1924081942040286,0.08861791792889129,0.01981556885134983,0.2453125,0.05700448858423343,0.012746591149695669
vicsek,rho_1_over_pi,3.6000000000000001,1200,20,0.1929699281194744,0.08328110314146134,0.018622220786547884,0.265625,0.09190900731157964,0.020551478809321726
vicsek,rho_1_over_pi,3.6000000000000001,1250,20,0.1932623861662387,0.08321877074138344,0.018608282838170394,0.2609375,0.09284721572965987,0.02076126858931072
vicsek,rho_1_over_pi,3.6000000000000001,1300,20,0.20786673382685655,0.0917217829146528,0.020509614161464244,0.24375,0.07302075903467452,0.016327938097016412
vicsek,rho_1_over_pi,3.6000000000000001,1350,20,0.18478896322353364,0.07337066699343578,0.01640617989518225,0.2765625,0.1293293246667205,0.028918916143892737
vicsek,rho_1_over_pi,3.6000000000000001,1400,20,0.19377773596650266,0.09217992312270659,0.020612057426307662,0.253125,0.07584163187194748,0.016958704439018916
vicsek,rho_1_over_pi,3.6000000000000001,1450,20,0.1848465287204394,0.10915610282413206,0.024408046607371604,0.275,0.0853531267734229,0.01908553935575309
vicsek,rho_1_over_pi,3.6000000000000001,1500,20,0.20040831859346825,0.0903332856871807,0.020199136742744483,0.2515625,0.08698228537322987,0.019449830293282764
vicsek,rho_1_over_pi,3.6000000000000001,1550,20,0.20440556868499446,0.09294637411615046,0.020783441078583934,0.2203125,0.07621092748910749,0.01704128144939517
vicsek,rho_1_over_pi,3.6000000000000001,1600,20,0.21211005458559468,0.1101385473039661,0.02462772787147444,0.240625,0.09483744315933448,0.02120629697165443
vicsek,rho_1_over_pi,3.6000000000000001,1650,20,0.2167113740123673,0.09441644151132404,0.021112158141295353,0.259375,0.09985340817919036,0.022327900847370314
vicsek,rho_1_over_pi,3.6000000000000001,1700,20,0.19949410022444303,0.08353665650384907,0.018679364255565645,0.3015625,0.11235885242716748,0.02512420319010137
vicsek,rho_1_over_pi,3.6000000000000001,1750,20,0.16950472034426572,0.08172201651645096,0.01827359841891449,0.3046875,0.1241671473005239,0.027764618193620094
vicsek,rho_1_over_pi,3.6000000000000001,1800,20,0.19493554403393176,0.11579576539038808,0.02589272029195252,0.2921875,0.08630602799775923,0.01929861454709897
vicsek,rho_1_over_pi,3.6000000000000001,1850,20,0.22539771769160652,0.08661679959443325,0.019368105188662894,0.259375,0.06782042004440846,0.01516510694818866
vicsek,rho_1_over_pi,3.6000000000000001,1900,20,0.16292723367527662,0.07833986495846798,0.017517326339528815,0.259375,0.06636487681748532,0.014839637588229707
vicsek,rho_1_over_pi,3.6000000000000001,1950,20,0.15305350323676434,0.06983210998961675,0.015614934494902519,0.2796875,0.07621092748910749,0.01704128144939517
vicsek,rho_1_over_pi,3.6000000000000001,2000,20,0.18757125809881098,0.09289832350940437,0.020772696636279498,0.271875,0.08620696390083576,0.01927646314161392
vicsek,rho_1_over_pi,3.6000000000000001,2050,20,0.23666495231955592,0.10095975382589055,0.022575287254633574,0.2859375,0.07860788267565792,0.017577256923009914
vicsek,rho_1_over_pi,3.6000000000000001,2100,20,0.18856419413224126,0.08435598790826175,0.018862572327202357,0.2953125,0.07090032065336517,0.015853793660745682
vicsek,rho_1_over_pi,3.6000000000000001,2150,20,0.18371287032386008,0.08602686066620566,0.019236190834053868,0.275,0.07564824023068878,0.016915460753405446
vicsek,rho_1_over_pi,3.6000000000000001,2200,20,0.22159195539723647,0.11005771759206065,0.024609653798432208,0.2765625,0.09178939464202823,0.020524732603313008
vicsek,rho_1_over_pi,3.6000000000000001,2250,20,0.23050761568052613,0.09206602449545004,0.020586588918998706,0.2890625,0.09776556381850411,0.021861044655676908
vicsek,rho_1_over_pi,3.6000000000000001,2300,20,0.2520671988373611,0.0939301549274014,0.021003421155475634,0.2984375,0.09399707026684395,0.021018383880248737
vicsek,rho_1_over_pi,3.6000000000000001,2350,20,0.220886227698489,0.1276020970620586,0.028532696310228922,0.321875,0.08677152110571763,0.019402701970344233
vicsek,rho_1_over_pi,3.6000000000000001,2400,20,0.19538619550298372,0.11595315821736815,0.025927914397982352,0.325,0.09238590936934052,0.02065811735129801
vicsek,rho_1_over_pi,3.6000000000000001,2450,20,0.24846092964186198,0.09840241442716538,0.02200344878092478,0.3265625,0.1080161120794023,0.024153136927477968
vicsek,rho_1_over_pi,3.6000000000000001,2500,20,0.20140046509543036,0.08531462334096009,0.019076929726517696,0.3171875,0.09696316552562628,0.021681622942886447
vicsek,rho_1_over_pi,3.6000000000000001,2550,20,0.16467853425428453,0.06982791202408398,0.01561399580127267,0.309375,0.11219576919385152,0.025087736670532875
vicsek,rho_1_over_pi,3.6000000000000001,2600,20,0.22897864763709158,0.08191390767040006,0.018316506585365596,0.3375,0.1224744871391589,0.027386127875258303
vicsek,rho_1_over_pi,3.6000000000000001,2650,20,0.21637333798697722,0.09619998627627968,0.021510970874830823,0.3328125,0.08459173552274478,0.0189152870963541
vicsek,rho_1_over_pi,3.6000000000000001,2700,20,0.18687132219917504,0.08391234782333473,0.018763371388458298,0.2984375,0.07934977453496639,0.01774314898594666
vicsek,rho_1_over_pi,3.6000000000000001,2750,20,0.2836035493074155,0.12136017210153766,0.02713695945801117,0.3109375,0.07934977453496639,0.01774314898594666
vicsek,rho_1_over_pi,3.6000000000000001,2800,20,0.20917483340925194,0.08634758625700968,0.019307907256370025,0.3078125,0.08516700046819778,0.019043920248664664
vicsek,rho_1_over_pi,3.6000000000000001,2850,20,0.22558826998338546,0.102566005219994,0.022934455985250485,0.33125,0.0852386356061616,0.01905993835247113
vicsek,rho_1_over_pi,3.6000000000000001,2900,20,0.21284450562461027,0.08098085797584469,0.018107870331024473,0.325,0.0840851502942107,0.018802011195614154
vicsek,rho_1_over_pi,3.6000000000000001,2950,20,0.24449729607498685,0.12454122199075031,0.027848263837220937,0.3078125,0.06866116419599948,0.015353103055652953
vicsek,rho_1_over_pi,3.6000000000000001,3000,20,0.2679261595381891,0.08379468285140071,0.018737060700876787,0.3203125,0.06837611402200333,0.015289363899047599
vicsek,rho_1_over_pi,3.7999999999999998,0,20,0.16304091535544357,0.08182305526681877,0.018296191370332896,0.1671875,0.048688863909009006,0.010887160944778027
vicsek,rho_1_over_pi,3.7999999999999998,50,20,0.19986941485781962,0.0861795232220384,0.019270327219299953,0.190625,0.0639671546576835,0.01430349061418226
vicsek,rho_1_over_pi,3.7999999999999998,100,20,0.17290210945489076,0.0777102807902857,0.01737654703976749,0.184375,0.06910420121092493,0.015452169143845142
vicsek,rho_1_over_pi,3.7999999999999998,150,20,0.18338761994629416,0.07834182056878146,0.017517763627288657,0.196875,0.06487668591258341,0.014506867985543948
vicsek,rho_1_over_pi,3.7999999999999998,200,20,0.16633307099260025,0.08392026651655674,0.01876514206209203,0.2125,0.053764532919016415,0.01202211503854459
vicsek,rho_1_over_pi,3.7999999999999998,250,20,0.15709890970231838,0.08312297274003036,0.018586861753856983,0.2140625,0.06866116419599948,0.015353103055652953
vicsek,rho_1_over_pi,3.7999999999999998,300,20,0.18235730125623942,0.10045791351307116,0.02246307234930218,0.2015625,0.06208848901970477,0.013883408206830913
vicsek,rho_1_over_pi,3.7999999999999998,350,20,0.19935809189099318,0.08883122095767035,0.019863264858565485,0.209375,0.05685439187081329,0.012713028504254995
vicsek,rho_1_over_pi,3.7999999999999998,400,20,0.20698179117535692,0.10473448286839758,0.023419342328202412,0.234375,0.06131692771983932,0.01371088185530019
vicsek,rho_1_over_pi,3.7999999999999998,450,20,0.1745313603685629,0.10010168679006641,0.02238341763249812,0.21875,0.051348989766109326,0.011481983169296148
vicsek,rho_1_over_pi,3.7999999999999998,500,20,0.20005771039722103,0.08954077453585989,0.02002192586201649,0.23125,0.06434768838116875,0.014388580541526672
vicsek,rho_1_over_pi,3.7999999999999998,550,20,0.16311192466736618,0.11487528370250667,0.025686894329337864,0.2421875,0.05835890436557218,0.013049447725382862
vicsek,rho_1_over_pi,3.7999999999999998,600,20,0.15131663664335265,0.06414255392493119,0.014342711082659209,0.2265625,0.0751788232732463,0.016810495930742197
vicsek,rho_1_over_pi,3.7999999999999998,650,20,0.22102553082543458,0.10479351575064057,0.02343254248196272,0.2328125,0.07158569493097067,0.016007048008221253
vicsek,rho_1_over_pi,3.7999999999999998,700,20,0.22235871985164052,0.08646263195585932,0.0193336322566847,0.2203125,0.061297016393540724,0.013706429547387605
vicsek,rho_1_over_pi,3.7999999999999998,750,20,0.19082032172450186,0.09269508955909439,0.020727252143456606,0.234375,0.06288941186718158,0.014062499999999999
vicsek,rho_1_over_pi,3.7999999999999998,800,20,0.18153062321955776,0.08902004802738689,0.019905487874953314,0.2296875,0.05785471431741756,0.0129367074032576
vicsek,rho_1_over_pi,3.7999999999999998,850,20,0.19161237860460936,0.09916052448510132,0.022172967343321887,0.23125,0.06803606580336638,0.015213326805797607
vicsek,rho_1_over_pi,3.7999999999999998,900,20,0.20165221545226958,0.09831681184952883,0.021984307462660328,0.2296875,0.07006902288993333,0.015667909829887968
vicsek,rho_1_over_pi,3.7999999999999998,950,20,0.14187308083482508,0.08183442492655461,0.018298733703537934,0.2421875,0.05918967789023691,0.013235214332888606
vicsek,rho_1_over_pi,3.7999999999999998,1000,20,0.21029786436686887,0.09187534559815434,0.020543951821375916,0.2375,0.049804304532841334,0.011136581050753413
vicsek,rho_1_over_pi,3.7999999999999998,1050,20,0.21240987932282498,0.1033300208296181,0.023105295069149528,0.253125,0.06002928972593296,0.013422957246821582
vicsek,rho_1_over_pi,3.7999999999999998,1100,20,0.18005743902519072,0.09845009052608462,0.022014109480733325,0.2640625,0.06950930131104757,0.015542752280001761
vicsek,rho_1_over_pi,3.7999999999999998,1150,20,0.20650559922025188,0.09182286783362506,0.02053221743649645,0.2515625,0.08470710105268625,0.018941083613075043
vicsek,rho_1_over_pi,3.7999999999999998,1200,20,0.2140965967516923,0.12344792267314002,0.02760379467782786,0.2453125,0.0840125316173129,0.018785773165816196
vicsek,rho_1_over_pi,3.7999999999999998,1250,20,0.2022067802717674,0.09832534374466212,0.021986215252409822,0.2328125,0.07090032065336517,0.015853793660745682
vicsek,rho_1_over_pi,3.7999999999999998,1300,20,0.22451095602994,0.08829043338909923,0.0197423410820943,0.2609375,0.07672177310744324,0.017155510002255837
vicsek,rho_1_over_pi,3.7999999999999998,1350,20,0.13696614182721512,0.09350060116600824,0.02090737001442905,0.253125,0.060837257293536826,0.013603624287299321
vicsek,rho_1_over_pi,3.7999999999999998,1400,20,0.144293422377803,0.0923108244990671,0.0206413278638967,0.2515625,0.06736894105409406,0.015064153176913066
vicsek,rho_1_over_pi,3.7999999999999998,1450,20,0.20092349720611277,0.08938898522679886,0.01998798474068467,0.2625,0.06945659615904022,0.015530967049736472
vicsek,rho_1_over_pi,3.7999999999999998,1500,20,0.15818461902951003,0.07070620397252882,0.01581038785135401,0.2578125,0.06317989568486165,0.014127454156269629
vicsek,rho_1_over_pi,3.7999999999999998,1550,20,0.2134889406291523,0.09739727586990796,0.021778692966841415,0.2421875,0.06081718892508926,0.013599136863694695
vicsek,rho_1_over_pi,3.7999999999999998,1600,20,0.16442774507132102,0.08209031220458185,0.018355951838362562,0.246875,0.06242182611074431,0.01395794464632956
vicsek,rho_1_over_pi,3.7999999999999998,1650,20,0.19995988028579798,0.0785833387330205,0.017571768730592602,0.234375,0.05804429881564597,0.012979099785809491
vicsek,rho_1_over_pi,3.7999999999999998,1700,20,0.25177792029840607,0.08394491131014711,0.018770652805467986,0.246875,0.06910420121092493,0.015452169143845142
vicsek,rho_1_over_pi,3.7999999999999998,1750,20,0.24420048051521168,0.12353160608742948,0.027622506858121915,0.2609375,0.07798424820917363,0.017437808016992847
vicsek,rho_1_over_pi,3.7999999999999998,1800,20,0.22798081281716298,0.09801173767539767,0.02191609080350664,0.253125,0.06472598492877493,0.014473170221136762
vicsek,rho_1_over_pi,3.7999999999999998,1850,20,0.2107236900376641,0.0959109388179366,0.021446337898272955,0.2515625,0.0742639664894759,0.016605927734923455
vicsek,rho_1_over_pi,3.7999999999999998,1900,20,0.18230200174200578,0.1069638920313993,0.023917853372015692,0.259375,0.07724504433942672,0.017272517006794347
vicsek,rho_1_over_pi,3.7999999999999998,1950,20,0.24011904573583215,0.1094005846512077,0.024462714405832052,0.290625,0.08620696390083576,0.01927646314161392
vicsek,rho_1_over_pi,3.7999999999999998,2000,20,0.19292628963743869,0.07341223198148049,0.016415474109057443,0.2875,0.11464960204902588,0.025636430377492105
vicsek,rho_1_over_pi,3.7999999999999998,2050,20,0.22201417767064946,0.09436264218493429,0.021100128246200233,0.284375,0.10121334212938529,0.02263199132312488
vicsek,rho_1_over_pi,3.7999999999999998,2100,20,0.21403830910909144,0.07926115353594085,0.017723332728141156,0.284375,0.10121334212938529,0.02263199132312488
vicsek,rho_1_over_pi,3.7999999999999998,2150,20,0.21923430670845362,0.09495271337284238,0.021232072174972888,0.2984375,0.10936383871623198,0.024454497764981802
vicsek,rho_1_over_pi,3.7999999999999998,2200,20,0.17420815360901018,0.07934107406477346,0.017741203501667902,0.3046875,0.11043017802552887,0.024692938483248605
vicsek,rho_1_over_pi,3.7999999999999998,2250,20,0.21473329631303567,0.09582480102279554,0.02142707690173622,0.2734375,0.07386841658483008,0.01651748008739529
vicsek,rho_1_over_pi,3.7999999999999998,2300,20,0.244783511749238,0.10373417766191377,0.023195667284207938,0.265625,0.08178907705189001,0.018288593610499414
vicsek,rho_1_over_pi,3.7999999999999998,2350,20,0.2566958089339195,0.11680940173114428,0.02611937626819202,0.2609375,0.049681603423702016,0.011109144248658399
vicsek,rho_1_over_pi,3.7999999999999998,2400,20,0.20542310834410768,0.10967002023697826,0.0245229620343661,0.2515625,0.08974519050483987,0.02006763466224906
vicsek,rho_1_over_pi,3.7999999999999998,2450,20,0.1517496008392732,0.0801277812457264,0.017917116575167702,0.28125,0.09529969176235567,0.0213096589015404
vicsek,rho_1_over_pi,3.7999999999999998,2500,20,0.1661182656678512,0.09719487400296743,0.021733434533516227,0.28125,0.09270248108869579,0.020728904939721248
vicsek,rho_1_over_pi,3.7999999999999998,2550,20,0.19285576733227755,0.08082539230792359,0.018073107150860575,0.271875,0.09116220091134264,0.02038448782162554
vicsek,rho_1_over_pi,3.7999999999999998,2600,20,0.2100049389184544,0.1063939887663431,0.023790419127889213,0.2796875,0.0799627598870249,0.017880216677588108
vicsek,rho_1_over_pi,3.7999999999999998,2650,20,0.20413126135475945,0.0932312428536063,0.020847139664745516,0.2796875,0.08057108177721085,0.018016241587453803
vicsek,rho_1_over_pi,3.7999999999999998,2700,20,0.24911415977258428,0.07658718345139731,0.017125414840257133,0.2828125,0.09451510709272883,0.021134220436001418
vicsek,rho_1_over_pi,3.7999999999999998,2750,20,0.22243228876541482,0.09589675747956117,0.021443166854611017,0.290625,0.10034121473751452,0.022436977709798616
vicsek,rho_1_over_pi,3.7999999999999998,2800,20,0.14570811629728364,0.0766073938382876,0.01712993402015096,0.290625,0.07532481745746218,0.01684314122276483
vicsek,rho_1_over_pi,3.7999999999999998,2850,20,0.21426132503078432,0.09798995681952523,0.021911220456072748,0.3265625,0.10936383871623198,0.024454497764981802
vicsek,rho_1_over_pi,3.7999999999999998,2900,20,0.19264097221503268,0.10192636319313671,0.022791427679918617,0.303125,0.09535091438995223,0.02132111262926961
vicsek,rho_1_over_pi,3.7999999999999998,2950,20,0.1946542184086959,0.09562540000436298,0.02138248947853643,0.315625,0.07711851674533166,0.017244224576651743
vicsek,rho_1_over_pi,3.7999999999999998,3000,20,0.18661947565895623,0.08075850841949347,0.01805815145874765,0.284375,0.07774909565390456,0.017385226307126404
vicsek,rho_1_over_pi,4.2000000000000002,0,20,0.14163888206749514,0.08855197476887176,0.019800823512504347,0.153125,0.042961647140211,0.009606516343087124
vicsek,rho_1_over_pi,4.2000000000000002,50,20,0.17499691090371114,0.10270003514619507,0.02296442598785097,0.1515625,0.03862252216971336,0.008636258503397174
vicsek,rho_1_over_pi,4.2000000000000002,100,20,0.17640183327516853,0.06811233443159721,0.015230380989525087,0.159375,0.052197790901531455,0.011671780873114436
vicsek,rho_1_over_pi,4.2000000000000002,150,20,0.20951195010946644,0.09971871192401677,0.022297781849082033,0.1625,0.04901370981674413,0.010959798697968863
vicsek,rho_1_over_pi,4.2000000000000002,200,20,0.1687410387921002,0.06620788787167493,0.014804533792774901,0.1671875,0.05160982676535545,0.011540308095432286
vicsek,rho_1_over_pi,4.2000000000000002,250,20,0.17884811263642797,0.08462842172465367,0.018923490380484558,0.1796875,0.06161482547853236,0.013777493819178435
vicsek,rho_1_over_pi,4.2000000000000002,300,20,0.1798006480963474,0.09149624734079163,0.020459182874014444,0.16875,0.04352621336620037,0.009732757188998397
vicsek,rho_1_over_pi,4.2000000000000002,350,20,0.18283836219371033,0.0925025832436711,0.020684206422718156,0.184375,0.052197790901531455,0.011671780873114436
vicsek,rho_1_over_pi,4.2000000000000002,400,20,0.17358861273138224,0.10616372878200234,0.023738931430140817,0.1796875,0.0690865342794817,0.015448218697879055
vicsek,rho_1_over_pi,4.2000000000000002,450,20,0.17565267971050322,0.06695812966173086,0.014972292956987519,0.175,0.05625,0.012577882373436317
vicsek,rho_1_over_pi,4.2000000000000002,500,20,0.15623987501405665,0.08238599740018672,0.018422069058093845,0.1921875,0.04664003611437281,0.010429029122478275
vicsek,rho_1_over_pi,4.2000000000000002,550,20,0.15707358394614496,0.0865160307608288,0.019345572592467605,0.2015625,0.04684895109551547,0.010475743932413583
vicsek,rho_1_over_pi,4.2000000000000002,600,20,0.18305292890385755,0.09441438035680251,0.021111697253133124,0.190625,0.051253810833927264,0.011460700513057654
vicsek,rho_1_over_pi,4.2000000000000002,650,20,0.14039503466433884,0.0698442887881034,0.015617657757032562,0.196875,0.04645646483537033,0.010387981336621664
vicsek,rho_1_over_pi,4.2000000000000002,700,20,0.16592361070464298,0.07424855501683045,0.01660248162487659,0.19375,0.03903123748998999,0.008727650027355588
vicsek,rho_1_over_pi,4.2000000000000002,750,20,0.1705736814312423,0.09008706845722399,0.020144080896402992,0.1921875,0.0506548908670229,0.011326777937149646
vicsek,rho_1_over_pi,4.2000000000000002,800,20,0.2079632897935174,0.08699531373880014,0.019452743524387847,0.1984375,0.05951874048356534,0.01330879496564208
vicsek,rho_1_over_pi,4.2000000000000002,850,20,0.18058640017158972,0.07636811758473429,0.017076430223316293,0.1984375,0.048688863909009006,0.010887160944778027
vicsek,rho_1_over_pi,4.2000000000000002,900,20,0.20160176182680561,0.09841123515023263,0.02200542115456369,0.2046875,0.05273292822089439,0.01179144121545369
vicsek,rho_1_over_pi,4.2000000000000002,950,20,0.16009605538671962,0.07665386022090008,0.017140324219169962,0.2046875,0.05717554519853746,0.012784840571454147
vicsek,rho_1_over_pi,4.2000000000000002,1000,20,0.18765024343150527,0.0766296775550466,0.01713491681069741,0.2015625,0.05273292822089439,0.01179144121545369
vicsek,rho_1_over_pi,4.2000000000000002,1050,20,0.1859982316053831,0.07463380632096311,0.0166886264353227,0.1859375,0.0488890245223813,0.010931918218569878
vicsek,rho_1_over_pi,4.2000000000000002,1100,20,0.18548087753481493,0.08665545577782273,0.01937674897404385,0.2109375,0.05579240959799102,0.012475562048961962
vicsek,rho_1_over_pi,4.2000000000000002,1150,20,0.1824390501726983,0.11155055871036108,0.024943463220444863,0.221875,0.07837460127490282,0.017525093616012438
vicsek,rho_1_over_pi,4.2000000000000002,1200,20,0.17423659023678445,0.08011631449783403,0.01791455253239088,0.221875,0.071875,0.016071738588279736
vicsek,rho_1_over_pi,4.2000000000000002,1250,20,0.20369821958461873,0.10336470851232053,0.023113051470799985,0.2109375,0.0855103018282008,0.01912068476643815
vicsek,rho_1_over_pi,4.2000000000000002,1300,20,0.2046095133946694,0.11684597919272371,0.026127555237245623,0.225,0.09089399732655618,0.020324515676886375
vicsek,rho_1_over_pi,4.2000000000000002,1350,20,0.20669291873549941,0.08856706800953619,0.01980419846371699,0.221875,0.07899515412352837,0.017663853451328225
vicsek,rho_1_over_pi,4.2000000000000002,1400,20,0.16437152000563174,0.0826125208680738,0.018472721245363293,0.221875,0.06547602137424051,0.014640883468903097
vicsek,rho_1_over_pi,4.2000000000000002,1450,20,0.17684100892388546,0.07272148305420445,0.016261017953380016,0.2296875,0.0822504511765741,0.018391760001084726
vicsek,rho_1_over_pi,4.2000000000000002,1500,20,0.1946691544327929,0.08606599628913773,0.01924494182537566,0.2125,0.0480071609241788,0.010734727523323542
vicsek,rho_1_over_pi,4.2000000000000002,1550,20,0.20028997138412966,0.09591738022256491,0.021447778240134902,0.21875,0.055021302692684404,0.012303137303143453
vicsek,rho_1_over_pi,4.2000000000000002,1600,20,0.1978203974092957,0.09144081461050134,0.020446787738703693,0.240625,0.07911868063232602,0.017691474818397702
vicsek,rho_1_over_pi,4.2000000000000002,1650,20,0.12144698783502854,0.06650721314346192,0.01487146495828483,0.2359375,0.0742639664894759,0.016605927734923455
vicsek,rho_1_over_pi,4.2000000000000002,1700,20,0.18540181989203916,0.08171915695473098,0.018272959001475315,0.240625,0.08332682266233364,0.018632443982204802
vicsek,rho_1_over_pi,4.2000000000000002,1750,20,0.16781586796677617,0.07696479638769778,0.01720985165973225,0.2421875,0.062402267336612055,0.01395357117147793
vicsek,rho_1_over_pi,4.2000000000000002,1800,20,0.19964812149162312,0.09507451345426889,0.021259307501146355,0.240625,0.07597028613214511,0.016987472406158603
vicsek,rho_1_over_pi,4.2000000000000002,1850,20,0.2154581438734567,0.08550768103612305,0.019120098739514077,0.25,0.08615030470056388,0.019263793759278048
vicsek,rho_1_over_pi,4.2000000000000002,1900,20,0.17932654302567802,0.10112799122372722,0.02261290628042562,0.2546875,0.08105445218339336,0.018124326496107377
vicsek,rho_1_over_pi,4.2000000000000002,1950,20,0.15303348029001054,0.08081311004784753,0.018070360754015833,0.2625,0.10661701318269988,0.023840288903450812
vicsek,rho_1_over_pi,4.2000000000000002,2000,20,0.20299826249671354,0.08259596925942092,0.018469020193154814,0.25,0.10077822185373186,0.02253469547164993
vicsek,rho_1_over_pi,4.2000000000000002,2050,20,0.1955651629672919,0.08908820375542371,0.019920727959047948,0.2640625,0.09905559912872164,0.022149505320379053
vicsek,rho_1_over_pi,4.2000000000000002,2100,20,0.17435914962183235,0.0964344443182119,0.021563397286794014,0.25625,0.0914296177395487,0.020444284042245155
vicsek,rho_1_over_pi,4.2000000000000002,2150,20,0.17779369967733455,0.08484741660690469,0.018972459124828343,0.2859375,0.0890899080634277,0.019921109053903097
vicsek,rho_1_over_pi,4.2000000000000002,2200,20,0.16142530718422565,0.07182593308336144,0.016060766892174724,0.2625,0.08805626752253357,0.019689980002529205
vicsek,rho_1_over_pi,4.2000000000000002,2250,20,0.19419678692929337,0.09487300649439694,0.021214249175125054,0.2640625,0.10936383871623198,0.024454497764981802
vicsek,rho_1_over_pi,4.2000000000000002,2300,20,0.2118514572578798,0.0948850327724738,0.021216938332654676,0.25625,0.08926785535678562,0.019960899278339137
vicsek,rho_1_over_pi,4.2000000000000002,2350,20,0.1869099583724954,0.09115817573118887,0.020383587763980988,0.2546875,0.08854013479066992,0.019798176012893205
vicsek,rho_1_over_pi,4.2000000000000002,2400,20,0.17741706749435726,0.09284947510425187,0.020761773800828155,0.25,0.09631896879639025,0.02153757617514097
vicsek,rho_1_over_pi,4.2000000000000002,2450,20,0.21950756324817733,0.08578045017972792,0.01918109177424057,0.25625,0.08477912478906585,0.018957188610128874
vicsek,rho_1_over_pi,4.2000000000000002,2500,20,0.1928367173195103,0.09863452280704697,0.02205534979248104,0.24375,0.09249155366842964,0.02068174013471787
vicsek,rho_1_over_pi,4.2000000000000002,2550,20,0.15312273286507938,0.0724467411485689,0.016199583795653123,0.2609375,0.0890899080634277,0.019921109053903097
vicsek,rho_1_over_pi,4.2000000000000002,2600,20,0.1738432400912451,0.10090869892788579,0.022563871032381277,0.265625,0.09657210712726527,0.021594179626695707
vicsek,rho_1_over_pi,4.2000000000000002,2650,20,0.17873434871970278,0.07732648598216467,0.017290727911730478,0.25,0.09375,0.02096313728906053
vicsek,rho_1_over_pi,4.2000000000000002,2700,20,0.17811407077419755,0.07751532085031634,0.017332952671901415,0.2390625,0.08854013479066992,0.019798176012893205
vicsek,rho_1_over_pi,4.2000000000000002,2750,20,0.18424021048122347,0.07449911134917216,0.0166585077240075,0.2546875,0.0923198202920153,0.02064333938435107
vicsek,rho_1_over_pi,4.2000000000000002,2800,20,0.15491403615746083,0.08803787215184927,0.019685866672597065,0.271875,0.09116220091134264,0.02038448782162554
vicsek,rho_1_over_pi,4.2000000000000002,2850,20,0.1530672486131474,0.0849692942941847,0.0189997118041982,0.2875,0.09762812094883318,0.021830311495716223
vicsek,rho_1_over_pi,4.2000000000000002,2900,20,0.16719163299063444,0.07319729946399779,0.0163674137370908,0.275,0.1029828565830255,0.02302766678367567
vicsek,rho_1_over_pi,4.2000000000000002,2950,20,0.157133804009245,0.08423370866748058,0.018835229857739978,0.2859375,0.11322466259057697,0.025317804228200753
vicsek,rho_1_over_pi,4.2000000000000002,3000,20,0.196760487757723,0.0768098719428376,0.017175209500723872,0.275,0.08981317414499947,0.020082836266324535
vicsek,rho_1_over_pi,4.4000000000000004,0,20,0.1626510366838651,0.06917151013176996,0.015467219876095306,0.165625,0.060191750888306944,0.013459284667098767
vicsek,rho_1_over_pi,4.4000000000000004,50,20,0.18243725020487178,0.09268669930081513,0.020725376024670485,0.1609375,0.03733688482921413,0.008348781254620342
vicsek,rho_1_over_pi,4.4000000000000004,100,20,0.19434035955195358,0.10705971769491959,0.02393928064177773,0.178125,0.03965180481390475,0.00886641309944444
vicsek,rho_1_over_pi,4.4000000000000004,150,20,0.1540550777768771,0.06116355563871922,0.013676586815376673,0.159375,0.042961647140211,0.009606516343087124
vicsek,rho_1_over_pi,4.4000000000000004,200,20,0.15738612172280317,0.0769836837158191,0.01721407499469151,0.178125,0.058546856234984984,0.013091475041033382
vicsek,rho_1_over_pi,4.4000000000000004,250,20,0.18022078171985317,0.09383801084132698,0.020982817111456935,0.184375,0.06163463413536256,0.013781923169499966
vicsek,rho_1_over_pi,4.4000000000000004,300,20,0.14888749037568033,0.07100652436599143,0.015877541532835198,0.1828125,0.04664003611437281,0.010429029122478275
vicsek,rho_1_over_pi,4.4000000000000004,350,20,0.14529004907855209,0.0727297006910186,0.016262855472833102,0.1828125,0.0534685582258396,0.01195593308518829
vicsek,rho_1_over_pi,4.4000000000000004,400,20,0.17343645542792804,0.08415177238185623,0.01881690834729199,0.2,0.054486236794258416,0.012183492931011203
vicsek,rho_1_over_pi,4.4000000000000004,450,20,0.16454319886858498,0.08657690027182267,0.01935918342890155,0.1828125,0.03986672131929086,0.008914469890997445
vicsek,rho_1_over_pi,4.4000000000000004,500,20,0.18091359046750194,0.12528261940115717,0.028014045338022143,0.1734375,0.041310325207507145,0.009237269533660908
vicsek,rho_1_over_pi,4.4000000000000004,550,20,0.172244853804183,0.07373924909619016,0.01648859735888711,0.178125,0.040864677595693816,0.009137619698258404
vicsek,rho_1_over_pi,4.4000000000000004,600,20,0.1687642535188714,0.08170752936917963,0.018270358994304615,0.175,0.03336586953759785,0.007460835241445826
vicsek,rho_1_over_pi,4.4000000000000004,650,20,0.16549735698471432,0.09234737432807004,0.020649500654118358,0.1859375,0.034903606099513554,0.007804683589838859
vicsek,rho_1_over_pi,4.4000000000000004,700,20,0.160083043334754,0.08033005601992904,0.017962346589692754,0.1984375,0.06193100369564504,0.0138481934178253
vicsek,rho_1_over_pi,4.4000000000000004,750,20,0.13322631783300898,0.0821158579652978,0.018361664044112345,0.1734375,0.044715900066419324,0.009998779222360097
vicsek,rho_1_over_pi,4.4000000000000004,800,20,0.1749245793441314,0.08960287066357964,0.020035810978288576,0.1765625,0.05160982676535545,0.011540308095432286
vicsek,rho_1_over_pi,4.4000000000000004,850,20,0.17068934354638296,0.07282493651618535,0.016284150850729717,0.2015625,0.06950930131104757,0.015542752280001761
vicsek,rho_1_over_pi,4.4000000000000004,900,20,0.16002335611520402,0.08319313969495608,0.01860255156195579,0.18125,0.041457809879442496,0.009270248108869578
vicsek,rho_1_over_pi,4.4000000000000004,950,20,0.1863664388625551,0.08092148481777728,0.018094594089276717,0.1859375,0.04684895109551547,0.010475743932413583
vicsek,rho_1_over_pi,4.4000000000000004,1000,20,0.1613002384043437,0.09440863172308658,0.02111041181955647,0.18125,0.0426193178030808,0.009529969176235565
vicsek,rho_1_over_pi,4.4000000000000004,1050,20,0.1487675683125985,0.06638242560095971,0.014843561615506823,0.1953125,0.06161482547853236,0.013777493819178435
vicsek,rho_1_over_pi,4.4000000000000004,1100,20,0.1854375387284945,0.09094534574140307,0.02033599753149983,0.190625,0.060837257293536826,0.013603624287299321
vicsek,rho_1_over_pi,4.4000000000000004,1150,20,0.17756162811880902,0.10444582886557122,0.023354797330972697,0.1859375,0.060495189633143556,0.013527135633144956
vicsek,rho_1_over_pi,4.4000000000000004,1200,20,0.16194541260743195,0.08323547678562998,0.018612018423227433,0.184375,0.04931166824393594,0.011026424227735842
vicsek,rho_1_over_pi,4.4000000000000004,1250,20,0.17577597946179674,0.07925695254112762,0.017722393357143606,0.2015625,0.05084731279772806,0.011369804788891496
vicsek,rho_1_over_pi,4.4000000000000004,1300,20,0.16911697906366746,0.07737529727396322,0.017301642448383593,0.2015625,0.05365088972934186,0.011996703648815369
vicsek,rho_1_over_pi,4.4000000000000004,1350,20,0.20103442320480486,0.093135382958357,0.020825704740536168,0.2015625,0.04787985451888926,0.010706260945703686
vicsek,rho_1_over_pi,4.4000000000000004,1400,20,0.16826271439735135,0.10877026247233221,0.024321770081862915,0.1890625,0.040110930165604484,0.008969076649103852
vicsek,rho_1_over_pi,4.4000000000000004,1450,20,0.14777242069854407,0.0840676849331219,0.018798105822149542,0.2,0.05358258812338202,0.011981430945425508
vicsek,rho_1_over_pi,4.4000000000000004,1500,20,0.19193043658897804,0.10699555841833709,0.023924934191395162,0.19375,0.04592793267718459,0.010269797953221865
vicsek,rho_1_over_pi,4.4000000000000004,1550,20,0.1506552711134386,0.07557180722926653,0.016898369814714997,0.2,0.04463392767839281,0.009980449639169569
vicsek,rho_1_over_pi,4.4000000000000004,1600,20,0.17607175320363302,0.08691825355074734,0.01943551234250335,0.1875,0.05038911092686593,0.011267347735824966
vicsek,rho_1_over_pi,4.4000000000000004,1650,20,0.16203091610249365,0.09440053676880235,0.021108601732751038,0.20625,0.05711145900780333,0.012770510463564094
vicsek,rho_1_over_pi,4.4000000000000004,1700,20,0.2087261552619713,0.09514082091843222,0.021274134300874843,0.190625,0.05581428468591172,0.01248045346732241
vicsek,rho_1_over_pi,4.4000000000000004,1750,20,0.15843916837079813,0.09003156767436361,0.020131670544074966,0.190625,0.06242182611074431,0.01395794464632956
vicsek,rho_1_over_pi,4.4000000000000004,1800,20,0.15924820308044324,0.08255989197599016,0.01846095306733534,0.203125,0.0755836663902989,0.016901021603737448
vicsek,rho_1_over_pi,4.4000000000000004,1850,20,0.17243672857764458,0.09168595509380378,0.020501602817173836,0.1984375,0.06425276623422528,0.014367355304213089
vicsek,rho_1_over_pi,4.4000000000000004,1900,20,0.13527712474878353,0.04926102512262952,0.01101510008155245,0.2203125,0.05365088972934186,0.011996703648815369
vicsek,rho_1_over_pi,4.4000000000000004,1950,20,0.1807233661870478,0.10440846247045996,0.02334644195101841,0.221875,0.06547602137424051,0.014640883468903097
vicsek,rho_1_over_pi,4.4000000000000004,2000,20,0.20116400720102842,0.08947240185857558,0.02000663726659535,0.1921875,0.056141388197567754,0.012553596036096588
vicsek,rho_1_over_pi,4.4000000000000004,2050,20,0.16778839921072136,0.07205295606145438,0.016111530773321753,0.2125,0.07234898064243891,0.01617772388193098
vicsek,rho_1_over_pi,4.4000000000000004,2100,20,0.1640186418617144,0.08889267011593244,0.019877005308068903,0.2015625,0.06880324642595,0.015384873608109364
vicsek,rho_1_over_pi,4.4000000000000004,2150,20,0.12377955476486446,0.056353733785594336,0.01260107795305155,0.20625,0.06510208329999893,0.014557268373565144
vicsek,rho_1_over_pi,4.4000000000000004,2200,20,0.18697280210107958,0.09569561024545534,0.021398188965716346,0.19375,0.05896238207535377,0.013184389443580616
vicsek,rho_1_over_pi,4.4000000000000004,2250,20,0.16191225473598506,0.08513809191948389,0.019037456100659152,0.2125,0.07942665641961771,0.017760340297978527
vicsek,rho_1_over_pi,4.4000000000000004,2300,20,0.18276675250725682,0.07908914223479604,0.01768486983191536,0.2265625,0.07835902448824895,0.017521610540629534
vicsek,rho_1_over_pi,4.4000000000000004,2350,20,0.16401601956315487,0.09077335950130698,0.020297540239094882,0.2359375,0.07158569493097067,0.016007048008221253
vicsek,rho_1_over_pi,4.4000000000000004,2400,20,0.1530815149575462,0.09097234364783251,0.020342034446902465,0.2359375,0.08470710105268625,0.018941083613075043
vicsek,rho_1_over_pi,4.4000000000000004,2450,20,0.18903877284001186,0.07351652934012813,0.016438795707438426,0.228125,0.08563868503777951,0.01914939212481691
vicsek,rho_1_over_pi,4.4000000000000004,2500,20,0.17649583546948122,0.07111677731268051,0.015902194841186844,0.234375,0.08643322928712081,0.019327057620082782
vicsek,rho_1_over_pi,4.4000000000000004,2550,20,0.16017173855410013,0.07100929626256526,0.015878161347751767,0.2328125,0.11201065448764239,0.025046343763861025
vicsek,rho_1_over_pi,4.4000000000000004,2600,20,0.19730097496668275,0.08410564124577025,0.018806593111675235,0.2265625,0.07646677689526347,0.017098491115811944
vicsek,rho_1_over_pi,4.4000000000000004,2650,20,0.16556524470863326,0.10584999524036148,0.023668778477547746,0.2234375,0.0754381731535832,0.016868488326981172
vicsek,rho_1_over_pi,4.4000000000000004,2700,20,0.19708730707246605,0.08181136858971605,0.01829357814988962,0.215625,0.05753735199850615,0.012865743031399313
vicsek,rho_1_over_pi,4.4000000000000004,2750,20,0.15724122400734647,0.0797767530735315,0.017838624289663173,0.2328125,0.08236909595685751,0.01841828978047365
vicsek,rho_1_over_pi,4.4000000000000004,2800,20,0.195861042832532,0.06846582917410918,0.01530942481691964,0.2203125,0.07873201679590076,0.017605014156128928
vicsek,rho_1_over_pi,4.4000000000000004,2850,20,0.18643042854014827,0.08606762669089338,0.019245306394291287,0.2203125,0.0880978459938153,0.019699277231347852
vicsek,rho_1_over_pi,4.4000000000000004,2900,20,0.19195050124007368,0.09030557938608177,0.020192941425478256,0.2203125,0.08354627740809281,0.018681515555155046
vicsek,rho_1_over_pi,4.4000000000000004,2950,20,0.1870520339033526,0.09199673344403014,0.020571094968877972,0.2046875,0.07360353570821174,0.016458250922789457
vicsek,rho_1_over_pi,4.4000000000000004,3000,20,0.17963272086001508,0.0924987516619852,0.020683349655007056,0.2109375,0.07048589730399976,0.01576112578268126
vicsek,rho_1_over_pi,4.5999999999999996,0,20,0.1384732587049121,0.07820113896783146,0.01748630626499789,0.146875,0.051443992603607276,0.011503226449566226
vicsek,rho_1_over_pi,4.5999999999999996,50,20,0.16115824223863667,0.08388703892020999,0.01875771214567601,0.1625,0.05555121510822243,0.012421629321469868
vicsek,rho_1_over_pi,4.5999999999999996,100,20,0.16817081775246162,0.09491154529836349,0.02122286671366913,0.1625,0.05284854539152426,0.011817294000743148
vicsek,rho_1_over_pi,4.5999999999999996,150,20,0.1459399136781676,0.08768173418011538,0.019606231801180478,0.1828125,0.05437410200407911,0.012158418829662844
vicsek,rho_1_over_pi,4.5999999999999996,200,20,0.16992064935592843,0.0900131507248494,0.020127552388969773,0.18125,0.050967207594687786,0.011396614080506543
vicsek,rho_1_over_pi,4.5999999999999996,250,20,0.1609726952746519,0.09022556085939108,0.02017504873896428,0.190625,0.056682366085053296,0.01267456236917078
vicsek,rho_1_over_pi,4.5999999999999996,300,20,0.1832556008402921,0.08914406813978618,0.01993321961514351,0.165625,0.03965180481390475,0.00886641309944444
vicsek,rho_1_over_pi,4.5999999999999996,350,20,0.16905116002833703,0.09232273640794908,0.02064399144769689,0.18125,0.05284854539152426,0.011817294000743148
vicsek,rho_1_over_pi,4.5999999999999996,400,20,0.16769405298257037,0.07033216600672605,0.015726750419583938,0.1625,0.04592793267718459,0.010269797953221865
vicsek,rho_1_over_pi,4.5999999999999996,450,20,0.171893084852796,0.05614419494649265,0.012554223644235772,0.1734375,0.043610267927977696,0.009751552360393703
vicsek,rho_1_over_pi,4.5999999999999996,500,20,0.13504367952938107,0.09280558806780094,0.020751960361144624,0.18125,0.0426193178030808,0.009529969176235565
vicsek,rho_1_over_pi,4.5999999999999996,550,20,0.19755536444528812,0.08057297347090091,0.01801666458302216,0.175,0.0673145600891813,0.015051993223490368
vicsek,rho_1_over_pi,4.5999999999999996,600,20,0.14381666505008386,0.07420475055146757,0.016592686648649647,0.1765625,0.05869262490935297,0.013124069907521066
vicsek,rho_1_over_pi,4.5999999999999996,650,20,0.18107595869645535,0.08557318147526759,0.019134745082962406,0.1875,0.06555055301063448,0.014657549249448218
vicsek,rho_1_over_pi,4.5999999999999996,700,20,0.1863098127233446,0.07792985356179041,0.017425645004076746,0.1953125,0.06837611402200333,0.015289363899047599
vicsek,rho_1_over_pi,4.5999999999999996,750,20,0.15990160038777124,0.06642596864969055,0.0148532981371978,0.16875,0.03878023014372143,0.008671523078444755
vicsek,rho_1_over_pi,4.5999999999999996,800,20,0.14500410908882105,0.07867885453556811,0.017593126713334795,0.178125,0.0443045214961182,0.009906792177592098
vicsek,rho_1_over_pi,4.5999999999999996,850,20,0.17561594606857708,0.09278617795419355,0.020747620127796913,0.1828125,0.05869262490935297,0.013124069907521066
vicsek,rho_1_over_pi,4.5999999999999996,900,20,0.16481348182791605,0.09209453961813073,0.02059296509426878,0.1828125,0.04449697145593169,0.009949825296833104
vicsek,rho_1_over_pi,4.5999999999999996,950,20,0.1624716772344988,0.08616094086842953,0.019266172078714817,0.184375,0.04408354993645589,0.00985738143474219
vicsek,rho_1_over_pi,4.5999999999999996,1000,20,0.16009254609741802,0.07848973010586034,0.017550837205231547,0.184375,0.04624577683421482,0.010340870067358935
vicsek,rho_1_over_pi,4.5999999999999996,1050,20,0.1822603648740614,0.10642513042807024,0.023797382615144632,0.2,0.06875,0.015372967345311055
vicsek,rho_1_over_pi,4.5999999999999996,1100,20,0.181734800810968,0.08131229401181002,0.018181981681685628,0.1671875,0.04558110045567132,0.01019224391081277
vicsek,rho_1_over_pi,4.5999999999999996,1150,20,0.17395500173397066,0.07477670113871804,0.016720578687935944,0.1703125,0.03759752942348739,0.008407063157696628
vicsek,rho_1_over_pi,4.5999999999999996,1200,20,0.19360485229690044,0.07691866435004441,0.017199536222518897,0.175,0.05077524002897475,0.011353688827865593
vicsek,rho_1_over_pi,4.5999999999999996,1250,20,0.17984349796727656,0.09333744976808468,0.02087088825279093,0.184375,0.04931166824393594,0.011026424227735842
vicsek,rho_1_over_pi,4.5999999999999996,1300,20,0.14957706837589946,0.06602372751056229,0.014763354284154024,0.2046875,0.07556751430839842,0.016897409888426685
vicsek,rho_1_over_pi,4.5999999999999996,1350,20,0.15546636268014252,0.09204862130292538,0.02058269744684764,0.1921875,0.0721293055473987,0.016128603037383615
vicsek,rho_1_over_pi,4.5999999999999996,1400,20,0.21743849448614885,0.09055061810716465,0.02024773374922435,0.19375,0.05896238207535377,0.013184389443580616
vicsek,rho_1_over_pi,4.5999999999999996,1450,20,0.13687386691641795,0.07165394872082527,0.01602231001960494,0.190625,0.06163463413536256,0.013781923169499966
vicsek,rho_1_over_pi,4.5999999999999996,1500,20,0.13495258195147813,0.07984937716050587,0.017854863529191026,0.221875,0.07774909565390456,0.017385226307126404
vicsek,rho_1_over_pi,4.5999999999999996,1550,20,0.1359038174022901,0.056296202822413315,0.01258821363860317,0.2046875,0.05084731279772806,0.011369804788891496
vicsek,rho_1_over_pi,4.5999999999999996,1600,20,0.1629698990106085,0.07293726278311143,0.016309267767580266,0.20625,0.06358434359179939,0.014217891457596657
vicsek,rho_1_over_pi,4.5999999999999996,1650,20,0.1766917715591098,0.0780316983735643,0.017448418196304955,0.1875,0.04739297152532219,0.01059739059863323
vicsek,rho_1_over_pi,4.5999999999999996,1700,20,0.17938047490507414,0.11699589402038235,0.02616107721179361,0.184375,0.045177600921253,0.010102018672027884
vicsek,rho_1_over_pi,4.5999999999999996,1750,20,0.20377699487702686,0.08665417700056993,0.01937646303075732,0.1859375,0.05885877563074176,0.013161222338274664
vicsek,rho_1_over_pi,4.5999999999999996,1800,20,0.1751415441091753,0.07493364758139019,0.016755672979400116,0.1875,0.051348989766109326,0.011481983169296148
vicsek,rho_1_over_pi,4.5999999999999996,1850,20,0.19116047514561088,0.08673309588208881,0.019394109829135767,0.2046875,0.05885877563074176,0.013161222338274664
vicsek,rho_1_over_pi,4.5999999999999996,1900,20,0.1671892701088223,0.0607999563667278,0.013595283546502449,0.1890625,0.04579484653047764,0.01024003898613184
vicsek,rho_1_over_pi,4.5999999999999996,1950,20,0.17371779974950027,0.07629091606659313,0.01705916743906331,0.1875,0.060110575192722955,0.013441133229754104
vicsek,rho_1_over_pi,4.5999999999999996,2000,20,0.1458677494697997,0.07224074263866363,0.01615352112851194,0.1953125,0.044055850562099014,0.00985118766634257
vicsek,rho_1_over_pi,4.5999999999999996,2050,20,0.14463881803318193,0.08140462829879352,0.018202628255920537,0.184375,0.042961647140211,0.009606516343087124
vicsek,rho_1_over_pi,4.5999999999999996,2100,20,0.18388221965462093,0.08530640978136532,0.01907509311875858,0.196875,0.04950931099298394,0.01107061848994897
vicsek,rho_1_over_pi,4.5999999999999996,2150,20,0.1464537665292125,0.06399334983451085,0.014309348033789119,0.1984375,0.056141388197567754,0.012553596036096588
vicsek,rho_1_over_pi,4.5999999999999996,2200,20,0.1810416017533606,0.0851131725244692,0.019031883954538052,0.1921875,0.06425276623422528,0.014367355304213089
vicsek,rho_1_over_pi,4.5999999999999996,2250,20,0.16010769615015139,0.0792785378213681,0.017727219972536713,0.1953125,0.06545737520516691,0.014636714058746244
vicsek,rho_1_over_pi,4.5999999999999996,2300,20,0.16477224553593056,0.08915163049056174,0.019934910608183896,0.1984375,0.05869262490935297,0.013124069907521066
vicsek,rho_1_over_pi,4.5999999999999996,2350,20,0.1663507518858057,0.0875121872884724,0.01956831996367173,0.1875,0.05762215285808055,0.01288470508005519
vicsek,rho_1_over_pi,4.5999999999999996,2400,20,0.19583389066687237,0.08241042660990987,0.018427531595451598,0.203125,0.06210814660734935,0.013887803777055608
vicsek,rho_1_over_pi,4.5999999999999996,2450,20,0.1783082719988236,0.07374211213321331,0.0164892375534277,0.20625,0.06358434359179939,0.014217891457596657
vicsek,rho_1_over_pi,4.5999999999999996,2500,20,0.17713016622248595,0.06930671904492178,0.015497453508192439,0.20625,0.054486236794258416,0.012183492931011203
vicsek,rho_1_over_pi,4.5999999999999996,2550,20,0.20075598252482035,0.09024878526100391,0.020180241873038584,0.209375,0.054216723665304604,0.012123227963294264
vicsek,rho_1_over_pi,4.5999999999999996,2600,20,0.16532960409050612,0.07257184498773749,0.01622755786451584,0.2,0.05711145900780333,0.012770510463564094
vicsek,rho_1_over_pi,4.5999999999999996,2650,20,0.1533913368333371,0.08255489582567081,0.018459835894161357,0.21875,0.07525996611745185,0.016828640022295324
vicsek,rho_1_over_pi,4.5999999999999996,2700,20,0.12203352496636606,0.0793790350382744,0.017749691833391916,0.2140625,0.06649350884672879,0.014868400584376922
vicsek,rho_1_over_pi,4.5999999999999996,2750,20,0.17612008532479168,0.08633507230831797,0.019305109052375865,0.1875,0.06555055301063448,0.014657549249448218
vicsek,rho_1_over_pi,4.5999999999999996,2800,20,0.17683222631498194,0.08258433351502892,0.01846641836161188,0.1984375,0.06794629657862156,0.015193253796915917
vicsek,rho_1_over_pi,4.5999999999999996,2850,20,0.17862764165624512,0.07680617291873222,0.017174382373788866,0.2078125,0.04664003611437281,0.010429029122478275
vicsek,rho_1_over_pi,4.5999999999999996,2900,20,0.16167488015441167,0.07637878910119321,0.017078816446938806,0.20625,0.07221387505182089,0.016147513353454764
vicsek,rho_1_over_pi,4.5999999999999996,2950,20,0.13570948179193892,0.06285448500816107,0.014054690116898957,0.203125,0.06810779599282303,0.015229366163764007
vicsek,rho_1_over_pi,4.5999999999999996,3000,20,0.13596450752795167,0.06432110895457469,0.014382637201059941,0.1921875,0.0534685582258396,0.01195593308518829
vicsek,rho_1_over_pi,4.7999999999999998,0,20,0.15118799864379165,0.0724921820051173,0.016209744680072927,0.1703125,0.060495189633143556,0.013527135633144956
vicsek,rho_1_over_pi,4.7999999999999998,50,20,0.171370417169114,0.07424773195313293,0.016602297582238846,0.1578125,0.05885877563074176,0.013161222338274664
vicsek,rho_1_over_pi,4.7999999999999998,100,20,0.1469824968067044,0.06474780903401862,0.014478050239424063,0.159375,0.04180965050081141,0.009348922063532243
vicsek,rho_1_over_pi,4.7999999999999998,150,20,0.15489084616720256,0.06473330926673297,0.0144748079928932,0.165625,0.03965180481390475,0.00886641309944444
vicsek,rho_1_over_pi,4.7999999999999998,200,20,0.18532045151333576,0.09922527160125863,0.02218744523862937,0.159375,0.04831132760543846,0.010802741260902252
vicsek,rho_1_over_pi,4.7999999999999998,250,20,0.15246655144513976,0.07304104728854452,0.016332474688496225,0.171875,0.05887951150442741,0.01316585902058806
vicsek,rho_1_over_pi,4.7999999999999998,300,20,0.1729843611666673,0.0866490615646613,0.019375319184514694,0.16875,0.042389562394532926,0.009478594305064437
vicsek,rho_1_over_pi,4.7999999999999998,350,20,0.1838879697126816,0.07616866103897064,0.01703183038382781,0.153125,0.03408972535823661,0.007622694323531542
vicsek,rho_1_over_pi,4.7999999999999998,400,20,0.2104393936614964,0.07157555683204601,0.01600478106038544,0.15625,0.03277527650531724,0.007328774624724109
vicsek,rho_1_over_pi,4.7999999999999998,450,20,0.17443020101872478,0.08951946145899234,0.020017160113147935,0.1625,0.05,0.011180339887498949
vicsek,rho_1_over_pi,4.7999999999999998,500,20,0.16426093526600974,0.08947679703003432,0.020007620056810803,0.171875,0.05633673867912483,0.012597277731716483
vicsek,rho_1_over_pi,4.7999999999999998,550,20,0.12769156476596127,0.05480277415727661,0.012254272837123924,0.178125,0.05598897770990287,0.012519516015006331
vicsek,rho_1_over_pi,4.7999999999999998,600,20,0.17094987826810454,0.08973364417455694,0.020065052824308732,0.1625,0.059784770217840594,0.013368281022629647
vicsek,rho_1_over_pi,4.7999999999999998,650,20,0.15359832719798644,0.07589149987611607,0.01696985526374124,0.1671875,0.048688863909009006,0.010887160944778027
vicsek,rho_1_over_pi,4.7999999999999998,700,20,0.15581816302938484,0.07293895629055433,0.016309646447356538,0.171875,0.05087131436281158,0.011375171702000808
vicsek,rho_1_over_pi,4.7999999999999998,750,20,0.16830591375320625,0.08109125532696036,0.01813255592918753,0.178125,0.060997566549822295,0.013639470526746996
vicsek,rho_1_over_pi,4.7999999999999998,800,20,0.1662269478545599,0.06909405265620625,0.015449899858022706,0.1734375,0.04579484653047764,0.01024003898613184
vicsek,rho_1_over_pi,4.7999999999999998,850,20,0.1626650888706485,0.0672023537617133,0.015026903125917963,0.1796875,0.05122998847110938,0.011455373670793108
vicsek,rho_1_over_pi,4.7999999999999998,900,20,0.1697615599133863,0.08002044260800695,0.017893114926112407,0.178125,0.054216723665304604,0.012123227963294264
vicsek,rho_1_over_pi,4.7999999999999998,950,20,0.14316735786267565,0.07925762247929172,0.01772254315987117,0.1671875,0.05254741162750074,0.011749958444075451
vicsek,rho_1_over_pi,4.7999999999999998,1000,20,0.1544071666141139,0.07777116632003075,0.01739016145810309,0.1765625,0.047675457194976116,0.010660556314634804
vicsek,rho_1_over_pi,4.7999999999999998,1050,20,0.16700017287257946,0.07448487189043086,0.016655323684236667,0.1765625,0.04664003611437281,0.010429029122478275
vicsek,rho_1_over_pi,4.7999999999999998,1100,20,0.14352512852273305,0.07124296307250641,0.01593041083486316,0.178125,0.05330850659134994,0.011920144451725406
vicsek,rho_1_over_pi,4.7999999999999998,1150,20,0.19959445618066982,0.08888842375289077,0.019876055792427072,0.1765625,0.0728031109826359,0.016279270513063535
vicsek,rho_1_over_pi,4.7999999999999998,1200,20,0.17217891510735583,0.08557715454226658,0.019135633487751297,0.1984375,0.05785471431741756,0.0129367074032576
vicsek,rho_1_over_pi,4.7999999999999998,1250,20,0.1657716437942124,0.07805749019467106,0.017454185422830778,0.175,0.05537514108334172,0.012382257972599342
vicsek,rho_1_over_pi,4.7999999999999998,1300,20,0.14457777336411334,0.07936829267197199,0.017747289767262777,0.2,0.06043462376816786,0.013513592694024782
vicsek,rho_1_over_pi,4.7999999999999998,1350,20,0.17586325501184924,0.07526685203592379,0.016830179760474403,0.196875,0.06782042004440846,0.01516510694818866
vicsek,rho_1_over_pi,4.7999999999999998,1400,20,0.17509477726306902,0.07810295438598468,0.017464351525062708,0.203125,0.07428040202502946,0.01660960283239789
vicsek,rho_1_over_pi,4.7999999999999998,1450,20,0.1637391906681815,0.0854286420279302,0.01910242507999474,0.1921875,0.06271447575121712,0.014023383095298367
vicsek,rho_1_over_pi,4.7999999999999998,1500,20,0.11134132649222472,0.06032107872745346,0.013488203251070243,0.1890625,0.07748172667635898,0.01732544078623975
vicsek,rho_1_over_pi,4.7999999999999998,1550,20,0.1631888762925781,0.08088690285123738,0.018086861326478833,0.2046875,0.061297016393540724,0.013706429547387605
vicsek,rho_1_over_pi,4.7999999999999998,1600,20,0.20521183486070113,0.07299365198761827,0.01632187677702771,0.1890625,0.06364191204505094,0.014230764155079656
vicsek,rho_1_over_pi,4.7999999999999998,1650,20,0.14663172638844635,0.08330631558458472,0.018627858460218156,0.1796875,0.054910260596267434,0.01227830753554821
vicsek,rho_1_over_pi,4.7999999999999998,1700,20,0.16099265952246286,0.0819079852590703,0.01831518229393319,0.1890625,0.05631506653418781,0.012592431692786742
vicsek,rho_1_over_pi,4.7999999999999998,1750,20,0.15681373398534643,0.060929215853813765,0.013624186846488546,0.1859375,0.042475866309588085,0.009497892447143209
vicsek,rho_1_over_pi,4.7999999999999998,1800,20,0.21492809510142424,0.10385998632442824,0.023223798956362004,0.1875,0.04841229182759271,0.010825317547305483
vicsek,rho_1_over_pi,4.7999999999999998,1850,20,0.14742304094926278,0.0705553248384715,0.015776650251340164,0.190625,0.04624577683421482,0.010340870067358935
vicsek,rho_1_over_pi,4.7999999999999998,1900,20,0.16026592153842262,0.09173693156289493,0.02051300150218791,0.1875,0.0369754986443726,0.008267972847076845
vicsek,rho_1_over_pi,4.7999999999999998,1950,20,0.14849697307407855,0.07372807254886261,0.016486098206929298,0.190625,0.04831132760543846,0.010802741260902252
vicsek,rho_1_over_pi,4.7999999999999998,2000,20,0.14558685527147786,0.08341005567623501,0.018651055449910366,0.2046875,0.05885877563074176,0.013161222338274664
vicsek,rho_1_over_pi,4.7999999999999998,2050,20,0.12174964522089016,0.0651705188942645,0.014572571037650986,0.1796875,0.053102017087395086,0.01187397199497708
vicsek,rho_1_over_pi,4.7999999999999998,2100,20,0.1913434386088067,0.08773191615603111,0.01961745283211976,0.1921875,0.0534685582258396,0.01195593308518829
vicsek,rho_1_over_pi,4.7999999999999998,2150,20,0.15036064710070968,0.07833448407191428,0.017516123136717483,0.190625,0.05029211543572213,0.011245658884654113
vicsek,rho_1_over_pi,4.7999999999999998,2200,20,0.17855103275254458,0.11307748965881863,0.025284895360214794,0.19375,0.0350780380010057,0.007843687748756958
vicsek,rho_1_over_pi,4.7999999999999998,2250,20,0.1725560740555258,0.08854048591679572,0.019798254527081803,0.1859375,0.041310325207507145,0.009237269533660908
vicsek,rho_1_over_pi,4.7999999999999998,2300,20,0.21381648078771134,0.07060007137799593,0.015786655881753615,0.1875,0.04307515235028194,0.009631896879639024
vicsek,rho_1_over_pi,4.7999999999999998,2350,20,0.19366886039006811,0.0989602001191192,0.02212817345333333,0.1859375,0.04684895109551547,0.010475743932413583
vicsek,rho_1_over_pi,4.7999999999999998,2400,20,0.15404572883141363,0.07163897830093105,0.01601896253195142,0.2,0.030297999108852055,0.006774838558962124
vicsek,rho_1_over_pi,4.7999999999999998,2450,20,0.18898000592050637,0.08226203203163439,0.01839434955899996,0.2203125,0.04987778031097615,0.011153010734214326
vicsek,rho_1_over_pi,4.7999999999999998,2500,20,0.16077632498910024,0.07764595536892979,0.017362163438284176,0.20625,0.04463392767839281,0.009980449639169569
vicsek,rho_1_over_pi,4.7999999999999998,2550,20,0.14825124879045934,0.08055953422426528,0.018013659476117792,0.190625,0.031093357409581874,0.006952686081652184
vicsek,rho_1_over_pi,4.7999999999999998,2600,20,0.15158830099023585,0.06926911705220194,0.015489045447011338,0.1984375,0.0360053706931341,0.008051045642492656
vicsek,rho_1_over_pi,4.7999999999999998,2650,20,0.1687279870804032,0.06978191977314468,0.01560371162131882,0.203125,0.04133986423538423,0.00924387466109315
vicsek,rho_1_over_pi,4.7999999999999998,2700,20,0.17607482660412102,0.0930189459239699,0.02079966862813737,0.196875,0.043188359253391415,0.009657210712726527
vicsek,rho_1_over_pi,4.7999999999999998,2750,20,0.16099444354396522,0.056544463963622525,0.012643726517394715,0.1984375,0.04664003611437281,0.010429029122478275
vicsek,rho_1_over_pi,4.7999999999999998,2800,20,0.17626910567822138,0.09719604779025254,0.02173369700033229,0.2078125,0.05254741162750074,0.011749958444075451
vicsek,rho_1_over_pi,4.7999999999999998,2850,20,0.15309808570413388,0.09916116922868941,0.022173111512370988,0.1890625,0.034903606099513554,0.007804683589838859
vicsek,rho_1_over_pi,4.7999999999999998,2900,20,0.14299305875463636,0.08059775142516022,0.01802220510202888,0.196875,0.03965180481390475,0.00886641309944444
vicsek,rho_1_over_pi,4.7999999999999998,2950,20,0.1703956716458663,0.08352797472605787,0.018677422951034976,0.184375,0.05493248697264671,0.012283277504395966
vicsek,rho_1_over_pi,4.7999999999999998,3000,20,0.17299750564878272,0.08597632868803326,0.019224891540230767,0.190625,0.05029211543572213,0.011245658884654113
vicsek,rho_1_over_pi,5.2000000000000002,0,20,0.1668713689087228,0.08644492643418299,0.019329673181680166,0.165625,0.03840064289826409,0.008586644790021303
vicsek,rho_1_over_pi,5.2000000000000002,50,20,0.17746166157515514,0.07334525581664558,0.016400497783313137,0.175,0.04122158111960287,0.00921742575234539
vicsek,rho_1_over_pi,5.2000000000000002,100,20,0.19078491356863575,0.08615234127674487,0.019264249151556254,0.175,0.040019526483955306,0.008948638164547721
vicsek,rho_1_over_pi,5.2000000000000002,150,20,0.12888319883960592,0.04771822997459282,0.010670120598915759,0.1734375,0.060495189633143556,0.013527135633144956
vicsek,rho_1_over_pi,5.2000000000000002,200,20,0.1437105466264923,0.07441954486004118,0.016640716116164713,0.1609375,0.04107324821279661,0.009184257506053497
vicsek,rho_1_over_pi,5.2000000000000002,250,20,0.17655641715032805,0.06280855684109042,0.014044420266533762,0.18125,0.06745947857788408,0.015084397982683963
vicsek,rho_1_over_pi,5.2000000000000002,300,20,0.13577240680492847,0.0854752578270932,0.019112848689570135,0.1796875,0.047264010819544296,0.010568554108178658
vicsek,rho_1_over_pi,5.2000000000000002,350,20,0.16495616664556803,0.07899467584161289,0.01766374650424068,0.18125,0.05555121510822243,0.012421629321469868
vicsek,rho_1_over_pi,5.2000000000000002,400,20,0.16029889190633356,0.0837603945015962,0.01872939359277687,0.1703125,0.04787985451888926,0.010706260945703686
vicsek,rho_1_over_pi,5.2000000000000002,450,20,0.1452591676836835,0.05443821196558771,0.012172754252859654,0.1640625,0.03811347161765771,0.008522431339559152
vicsek,rho_1_over_pi,5.2000000000000002,500,20,0.12974172105984322,0.06797677924663974,0.015200069928698339,0.184375,0.060837257293536826,0.013603624287299321
vicsek,rho_1_over_pi,5.2000000000000002,550,20,0.14524509954842782,0.07777002818638544,0.01738990696368325,0.1921875,0.049681603423702016,0.011109144248658399
vicsek,rho_1_over_pi,5.2000000000000002,600,20,0.133971322613131,0.05743684954523148,0.012843269999656548,0.196875,0.05685439187081329,0.012713028504254995
vicsek,rho_1_over_pi,5.2000000000000002,650,20,0.1902705959046001,0.09023181674412659,0.020176447597317078,0.1859375,0.05968259142120087,0.013345433149115092
vicsek,rho_1_over_pi,5.2000000000000002,700,20,0.19876126411873649,0.10242761840018502,0.022903511751622196,0.184375,0.05753735199850615,0.012865743031399313
vicsek,rho_1_over_pi,5.2000000000000002,750,20,0.12483105674020038,0.08301195242175408,0.01856203685600204,0.178125,0.045393247019793595,0.010150238605569822
vicsek,rho_1_over_pi,5.2000000000000002,800,20,0.15855407803133648,0.09311424082990302,0.020820977216894958,0.1859375,0.05365088972934186,0.011996703648815369
vicsek,rho_1_over_pi,5.2000000000000002,850,20,0.16436055937639413,0.06263212553234777,0.014004969026562982,0.1828125,0.056141388197567754,0.012553596036096588
vicsek,rho_1_over_pi,5.2000000000000002,900,20,0.14598402317910184,0.09376867370160426,0.020967312855678395,0.16875,0.03186887195995491,0.007126096406869613
vicsek,rho_1_over_pi,5.2000000000000002,950,20,0.13501244012395325,0.06139162648252352,0.01372758500641989,0.16875,0.052663436082352244,0.011775902300885483
vicsek,rho_1_over_pi,5.2000000000000002,1000,20,0.16443867989395677,0.048560899772469836,0.010858547293979661,0.1703125,0.04684895109551547,0.010475743932413583
vicsek,rho_1_over_pi,5.2000000000000002,1050,20,0.16619585284344268,0.059539982691427566,0.013313544867719292,0.1890625,0.060495189633143556,0.013527135633144956
vicsek,rho_1_over_pi,5.2000000000000002,1100,20,0.15868847910516476,0.0947627899091949,0.02118960399744909,0.1890625,0.04684895109551547,0.010475743932413583
vicsek,rho_1_over_pi,5.2000000000000002,1150,20,0.14922043390944986,0.06675985867122643,0.014927958215714106,0.1859375,0.04579484653047764,0.01024003898613184
vicsek,rho_1_over_pi,5.2000000000000002,1200,20,0.20539873460462302,0.10338246271714652,0.023117021431687722,0.20625,0.05711145900780333,0.012770510463564094
vicsek,rho_1_over_pi,5.2000000000000002,1250,20,0.15811905180415403,0.1129784260411435,0.02526274406189293,0.1984375,0.0422453307331118,0.0094463431251199
vicsek,rho_1_over_pi,5.2000000000000002,1300,20,0.18450654005657685,0.09897220651952617,0.022130858166080836,0.225,0.06745947857788408,0.015084397982683963
vicsek,rho_1_over_pi,5.2000000000000002,1350,20,0.1434362981164316,0.07137905361634639,0.01596084160557527,0.2015625,0.061297016393540724,0.013706429547387605
vicsek,rho_1_over_pi,5.2000000000000002,1400,20,0.17256597185299255,0.069610612128553,0.015565406067481583,0.2,0.05625,0.012577882373436317
vicsek,rho_1_over_pi,5.2000000000000002,1450,20,0.16900803331384498,0.08937023693963973,0.01998379249622972,0.20625,0.07288689868556626,0.016298006013006624
vicsek,rho_1_over_pi,5.2000000000000002,1500,20,0.20058847909838665,0.11258895366689116,0.02517565539147428,0.1859375,0.051798701419533674,0.011582541752029215
vicsek,rho_1_over_pi,5.2000000000000002,1550,20,0.16363735820166675,0.08916343389009873,0.019937549928556928,0.171875,0.047905342864862165,0.010711960313126632
vicsek,rho_1_over_pi,5.2000000000000002,1600,20,0.1690872988502623,0.07378535593289168,0.01649890716099632,0.1875,0.0625,0.013975424859373685
vicsek,rho_1_over_pi,5.2000000000000002,1650,20,0.18283545322434006,0.08925053303956026,0.019957025890454765,0.184375,0.053125,0.011879111130467633
vicsek,rho_1_over_pi,5.2000000000000002,1700,20,0.16844214801067556,0.10389573377455852,0.023231792329213366,0.1796875,0.05918967789023691,0.013235214332888606
vicsek,rho_1_over_pi,5.2000000000000002,1750,20,0.16306829467783485,0.11430340702632145,0.025559018817068187,0.178125,0.06179287479151621,0.013817306855896338
vicsek,rho_1_over_pi,5.2000000000000002,1800,20,0.13915099682979098,0.06199997048252427,0.01386361486019047,0.1921875,0.07144914603233547,0.01597651474626115
vicsek,rho_1_over_pi,5.2000000000000002,1850,20,0.16790416963050608,0.07485244262658003,0.016737514999493584,0.203125,0.10053567463840883,0.02248046026552837
vicsek,rho_1_over_pi,5.2000000000000002,1900,20,0.1355936987749637,0.08562550207356588,0.01914644432440425,0.2046875,0.05968259142120087,0.013345433149115092
vicsek,rho_1_over_pi,5.2000000000000002,1950,20,0.16858113492726093,0.07502787033871139,0.016776741828439884,0.20625,0.05711145900780333,0.012770510463564094
vicsek,rho_1_over_pi,5.2000000000000002,2000,20,0.15091199737075503,0.07377085484594935,0.01649566461938125,0.215625,0.09158969306095528,0.02048007797226368
vicsek,rho_1_over_pi,5.2000000000000002,2050,20,0.21024074160026457,0.10398032030631994,0.023250706452713314,0.1984375,0.0879869264081318,0.01967447485798541
vicsek,rho_1_over_pi,5.2000000000000002,2100,20,0.17048362439800097,0.09451195079559083,0.02113351466650564,0.215625,0.08943180013283865,0.019997558444720193
vicsek,rho_1_over_pi,5.2000000000000002,2150,20,0.1578006374780742,0.09944808956208248,0.02223726884933037,0.2171875,0.08641910505640521,0.019323899346081783
vicsek,rho_1_over_pi,5.2000000000000002,2200,20,0.14293810882147825,0.07984000375825019,0.01785276757272861,0.2125,0.05466517401417469,0.012223504509754965
vicsek,rho_1_over_pi,5.2000000000000002,2250,20,0.153021992926287,0.0781582473322724,0.01747671540372027,0.196875,0.052384545669500654,0.011713540508744569
vicsek,rho_1_over_pi,5.2000000000000002,2300,20,0.14627124654889032,0.09350697833381855,0.020908795992501828,0.209375,0.05598897770990287,0.012519516015006331
vicsek,rho_1_over_pi,5.2000000000000002,2350,20,0.13525999013644227,0.10323603494615079,0.0230842791867137,0.196875,0.06782042004440846,0.01516510694818866
vicsek,rho_1_over_pi,5.2000000000000002,2400,20,0.1579062952902228,0.09107993169245639,0.020366091865036993,0.20625,0.05796011559684815,0.012960275845829825
vicsek,rho_1_over_pi,5.2000000000000002,2450,20,0.15116984228211433,0.06308253961485447,0.014105684677213797,0.20625,0.06875,0.015372967345311055
vicsek,rho_1_over_pi,5.2000000000000002,2500,20,0.182825000536137,0.09061485220482203,0.020262096930107873,0.20625,0.06434768838116875,0.014388580541526672
vicsek,rho_1_over_pi,5.2000000000000002,2550,20,0.14799689808246771,0.0843480727441495,0.018860802442701552,0.20625,0.06281172263200556,0.014045128158902643
vicsek,rho_1_over_pi,5.2000000000000002,2600,20,0.1630474334749591,0.08409986468126425,0.018805301432584055,0.2046875,0.044715900066419324,0.009998779222360097
vicsek,rho_1_over_pi,5.2000000000000002,2650,20,0.16877811090135403,0.1044347550872728,0.023352321158868396,0.209375,0.08506660993010125,0.019021472241916502
vicsek,rho_1_over_pi,5.2000000000000002,2700,20,0.15486066036970425,0.06768901262384612,0.015135723355676133,0.1953125,0.062402267336612055,0.01395357117147793
vicsek,rho_1_over_pi,5.2000000000000002,2750,20,0.15459562110060124,0.08006528076135569,0.01790314104199974,0.1734375,0.04684895109551547,0.010475743932413583
vicsek,rho_1_over_pi,5.2000000000000002,2800,20,0.14651725729879223,0.07470696070146046,0.016704984252087097,0.20625,0.07680128579652817,0.017173289580042606
vicsek,rho_1_over_pi,5.2000000000000002,2850,20,0.15319164698341267,0.09479360017158994,0.02119649338156108,0.196875,0.0766103167008204,0.01713058759208218
vicsek,rho_1_over_pi,5.2000000000000002,2900,20,0.17660354967367559,0.08303028660931258,0.018566136504971343,0.203125,0.06131692771983932,0.01371088185530019
vicsek,rho_1_over_pi,5.2000000000000002,2950,20,0.16271363797991456,0.09064663379744116,0.020269203510260833,0.19375,0.06745947857788408,0.015084397982683963
vicsek,rho_1_over_pi,5.2000000000000002,3000,20,0.15694421331454314,0.08792127958819049,0.019659795782795864,0.196875,0.06179287479151621,0.013817306855896338
vicsek,rho_1_over_pi,5.4000000000000004,0,20,0.16044639346884387,0.06166250484846586,0.013788155250408003,0.1515625,0.04558110045567132,0.01019224391081277
vicsek,rho_1_over_pi,5.4000000000000004,50,20,0.12917312056006888,0.07464994737584846,0.016692235684917917,0.1625,0.05284854539152426,0.011817294000743148
vicsek,rho_1_over_pi,5.4000000000000004,100,20,0.15074295919881395,0.08844753253925289,0.019777469519989405,0.1609375,0.03862252216971336,0.008636258503397174
vicsek,rho_1_over_pi,5.4000000000000004,150,20,0.1420274900068083,0.07765253979877117,0.017363635761556015,0.15,0.028980057798424073,0.006480137922914912
vicsek,rho_1_over_pi,5.4000000000000004,200,20,0.19045020366967336,0.09437301989928493,0.021102448773674145,0.1640625,0.04621937330546575,0.010334966058846057
vicsek,rho_1_over_pi,5.4000000000000004,250,20,0.14653277743419493,0.07034374376263827,0.0157293392845086,0.1640625,0.04621937330546575,0.010334966058846057
vicsek,rho_1_over_pi,5.4000000000000004,300,20,0.15440631974504343,0.09235224872138185,0.020650590601597785,0.1625,0.04485218779502289,0.010029254084925759
vicsek,rho_1_over_pi,5.4000000000000004,350,20,0.17355616782812416,0.09824371211034445,0.02196796186406495,0.1640625,0.04621937330546575,0.010334966058846057
vicsek,rho_1_over_pi,5.4000000000000004,400,20,0.19105709473170768,0.09560127886643129,0.02137709582812544,0.1625,0.04485218779502289,0.010029254084925759
vicsek,rho_1_over_pi,5.4000000000000004,450,20,0.14612055017468914,0.08880903033328834,0.01985830288410735,0.178125,0.05685439187081329,0.012713028504254995
vicsek,rho_1_over_pi,5.4000000000000004,500,20,0.1733711481970849,0.06657489473802651,0.014886599022912032,0.159375,0.03408972535823661,0.007622694323531542
vicsek,rho_1_over_pi,5.4000000000000004,550,20,0.17810270789646282,0.0808160201688855,0.0180710114768622,0.1734375,0.05084731279772806,0.011369804788891496
vicsek,rho_1_over_pi,5.4000000000000004,600,20,0.12729780729603665,0.0528770974312351,0.01182367843091212,0.1609375,0.0534685582258396,0.01195593308518829
vicsek,rho_1_over_pi,5.4000000000000004,650,20,0.17249050489761092,0.07048848215673421,0.01576170377332387,0.171875,0.04582149468317244,0.010245997694221876
vicsek,rho_1_over_pi,5.4000000000000004,700,20,0.15254071281578158,0.10593557182479053,0.023687913983554305,0.1609375,0.05160982676535545,0.011540308095432286
vicsek,rho_1_over_pi,5.4000000000000004,750,20,0.21111547541753048,0.07928353062503289,0.017728336397375994,0.1671875,0.04558110045567132,0.01019224391081277
vicsek,rho_1_over_pi,5.4000000000000004,800,20,0.18464043280400094,0.07769263890951583,0.01737260219530225,0.1640625,0.047264010819544296,0.010568554108178658
vicsek,rho_1_over_pi,5.4000000000000004,850,20,0.15685532987918138,0.07426720694785298,0.016606652323444392,0.159375,0.04728983109506736,0.010574327697305394
vicsek,rho_1_over_pi,5.4000000000000004,900,20,0.16345418185692634,0.08321214640339582,0.01860680159116577,0.159375,0.03940475066537029,0.008811170112419803
vicsek,rho_1_over_pi,5.4000000000000004,950,20,0.1983306316362275,0.10168731894117396,0.02273797576021669,0.1546875,0.03627558364451219,0.008111467095260881
vicsek,rho_1_over_pi,5.4000000000000004,1000,20,0.16278063011833588,0.1113659873307255,0.024902191805288257,0.1734375,0.051798701419533674,0.011582541752029215
vicsek,rho_1_over_pi,5.4000000000000004,1050,20,0.1530953136922387,0.09885423516015815,0.02210447896818634,0.1671875,0.03167677333236452,0.007083141847901961
vicsek,rho_1_over_pi,5.4000000000000004,1100,20,0.15936850201971448,0.06885807521810938,0.015397133698748624,0.159375,0.03549317716125171,0.007936515687000182
vicsek,rho_1_over_pi,5.4000000000000004,1150,20,0.15708977916050865,0.0763530481378605,0.01707306059255698,0.1765625,0.0650082626959835,0.014536289448738285
vicsek,rho_1_over_pi,5.4000000000000004,1200,20,0.13916877138023137,0.08915520489724324,0.019935709869815802,0.1640625,0.044055850562099014,0.00985118766634257
vicsek,rho_1_over_pi,5.4000000000000004,1250,20,0.18087394635124607,0.07152449248174468,0.015993362724535373,0.146875,0.01739926363384382,0.003890593624371479
vicsek,rho_1_over_pi,5.4000000000000004,1300,20,0.19303727075238875,0.12043943026180506,0.026931075323674142,0.15,0.028980057798424073,0.006480137922914912
vicsek,rho_1_over_pi,5.4000000000000004,1350,20,0.11771221461722843,0.07000053962061116,0.01565259650533539,0.1515625,0.04107324821279661,0.009184257506053497
vicsek,rho_1_over_pi,5.4000000000000004,1400,20,0.1745765487870088,0.07315482385637119,0.01635791590248693,0.15625,0.04739297152532219,0.01059739059863323
vicsek,rho_1_over_pi,5.4000000000000004,1450,20,0.1619794773902971,0.08578295665920507,0.01918165224009008,0.153125,0.03814548629916782,0.008529590039972612
vicsek,rho_1_over_pi,5.4000000000000004,1500,20,0.15128614099542334,0.059540431846943125,0.013313645301945818,0.1640625,0.04928690717371095,0.011020887484113973
vicsek,rho_1_over_pi,5.4000000000000004,1550,20,0.18013566133686112,0.09760179682763546,0.02182442524327162,0.153125,0.04408354993645589,0.00985738143474219
vicsek,rho_1_over_pi,5.4000000000000004,1600,20,0.1554204780510511,0.07390045359423073,0.016524643780476855,0.15625,0.055021302692684404,0.012303137303143453
vicsek,rho_1_over_pi,5.4000000000000004,1650,20,0.15820520264539542,0.07866546457729086,0.01759013262764241,0.1453125,0.030095875444153472,0.0067296423335493835
vicsek,rho_1_over_pi,5.4000000000000004,1700,20,0.19933522968071377,0.06833980433222608,0.015281244805589215,0.1671875,0.0506548908670229,0.011326777937149646
vicsek,rho_1_over_pi,5.4000000000000004,1750,20,0.16315393692587699,0.062242464294328746,0.013917838124922255,0.1703125,0.04579484653047764,0.01024003898613184
vicsek,rho_1_over_pi,5.4000000000000004,1800,20,0.14418043616467063,0.0702491318102305,0.015708183408801826,0.16875,0.03479852726768764,0.007781187248742958
vicsek,rho_1_over_pi,5.4000000000000004,1850,20,0.17884238640435998,0.07160259230049719,0.016010826374911476,0.1609375,0.03862252216971336,0.008636258503397174
vicsek,rho_1_over_pi,5.4000000000000004,1900,20,0.16322888172617472,0.10451288174550147,0.023369790810733815,0.15625,0.03952847075210474,0.008838834764831844
vicsek,rho_1_over_pi,5.4000000000000004,1950,20,0.13313900062962108,0.08823280133905026,0.019729454163935085,0.178125,0.051443992603607276,0.011503226449566226
vicsek,rho_1_over_pi,5.4000000000000004,2000,20,0.12180650481880814,0.06368110435405469,0.014239527821792412,0.16875,0.049804304532841334,0.011136581050753413
vicsek,rho_1_over_pi,5.4000000000000004,2050,20,0.19320295021943965,0.08957640566112807,0.020029893223837934,0.1640625,0.047264010819544296,0.010568554108178658
vicsek,rho_1_over_pi,5.4000000000000004,2100,20,0.15397775699747124,0.07177224193912832,0.016048761187345224,0.1703125,0.05273292822089439,0.01179144121545369
vicsek,rho_1_over_pi,5.4000000000000004,2150,20,0.15006484142597504,0.08627206777934465,0.019291020811408394,0.1703125,0.05273292822089439,0.01179144121545369
vicsek,rho_1_over_pi,5.4000000000000004,2200,20,0.14287178218566488,0.05470639904377044,0.01223272270661002,0.1765625,0.0534685582258396,0.01195593308518829
vicsek,rho_1_over_pi,5.4000000000000004,2250,20,0.14461357051525528,0.09167924022101143,0.020500101325971437,0.1703125,0.05885877563074176,0.013161222338274664
vicsek,rho_1_over_pi,5.4000000000000004,2300,20,0.15015520150044137,0.07619977278768708,0.017038787182330695,0.178125,0.054216723665304604,0.012123227963294264
vicsek,rho_1_over_pi,5.4000000000000004,2350,20,0.17651230797500697,0.09212487337590994,0.020599747928709514,0.1890625,0.06664021285042539,0.014901204596860618
vicsek,rho_1_over_pi,5.4000000000000004,2400,20,0.15563786856791884,0.09147784435317538,0.020455067840884543,0.1734375,0.05273292822089439,0.01179144121545369
vicsek,rho_1_over_pi,5.4000000000000004,2450,20,0.18923861271675207,0.0899780141293645,0.020119695607369557,0.16875,0.052663436082352244,0.011775902300885483
vicsek,rho_1_over_pi,5.4000000000000004,2500,20,0.16124588715405133,0.05848006303256808,0.013076539626929472,0.175,0.052663436082352244,0.011775902300885483
vicsek,rho_1_over_pi,5.4000000000000004,2550,20,0.14818353369860077,0.08156394478685304,0.018238252505644297,0.175,0.052663436082352244,0.011775902300885483
vicsek,rho_1_over_pi,5.4000000000000004,2600,20,0.16587525938928965,0.07227004510350556,0.016160073358841426,0.1796875,0.050267837319204416,0.011240230132764185
vicsek,rho_1_over_pi,5.4000000000000004,2650,20,0.18773390253314878,0.09172396000541919,0.020510100973758928,0.1734375,0.040110930165604484,0.008969076649103852
vicsek,rho_1_over_pi,5.4000000000000004,2700,20,0.1522773678370716,0.07363098311870685,0.016464388350356796,0.1828125,0.03733688482921413,0.008348781254620342
vicsek,rho_1_over_pi,5.4000000000000004,2750,20,0.16198898013634938,0.08153333007411624,0.018231406847765187,0.1765625,0.049681603423702016,0.011109144248658399
vicsek,rho_1_over_pi,5.4000000000000004,2800,20,0.1626343436540097,0.07601772105079731,0.01699807917641995,0.190625,0.05493248697264671,0.012283277504395966
vicsek,rho_1_over_pi,5.4000000000000004,2850,20,0.16045453990834188,0.08874804060283292,0.01984466516578458,0.16875,0.04463392767839281,0.009980449639169569
vicsek,rho_1_over_pi,5.4000000000000004,2900,20,0.16297443149592214,0.08996598090189652,0.020117004895908844,0.1640625,0.04621937330546575,0.010334966058846057
vicsek,rho_1_over_pi,5.4000000000000004,2950,20,0.13996167568869028,0.058323035992786994,0.013041427313403865,0.1859375,0.05544123437253179,0.012397036881347898
vicsek,rho_1_over_pi,5.4000000000000004,3000,20,0.1424806214278707,0.09220444304398702,0.02061754024738626,0.184375,0.052197790901531455,0.011671780873114436
vicsek,rho_1_over_pi,5.5999999999999996,0,20,0.17320371002730656,0.09543695493648172,0.021340351880355723,0.15,0.03644344934278313,0.008149003006503312
vicsek,rho_1_over_pi,5.5999999999999996,50,20,0.16044620994590092,0.06556141316489858,0.014659977653766285,0.1484375,0.036810059341842956,0.008230979494416202
vicsek,rho_1_over_pi,5.5999999999999996,100,20,0.1507068787063506,0.074053538563001,0.016558874620127232,0.16875,0.049804304532841334,0.011136581050753413
vicsek,rho_1_over_pi,5.5999999999999996,150,20,0.16904178236756306,0.09321911094786793,0.020844426888152755,0.146875,0.03965180481390475,0.00886641309944444
vicsek,rho_1_over_pi,5.5999999999999996,200,20,0.18604937795767046,0.09868027702584876,0.02206558074683086,0.15625,0.038273277230987154,0.00855816496101822
vicsek,rho_1_over_pi,5.5999999999999996,250,20,0.17958165728442205,0.09927903810179547,0.022199467793640636,0.1515625,0.03318243840874266,0.007419818794114854
vicsek,rho_1_over_pi,5.5999999999999996,300,20,0.15192471913231761,0.08768363563919512,0.019606656980356352,0.175,0.06803606580336638,0.015213326805797607
vicsek,rho_1_over_pi,5.5999999999999996,350,20,0.1721247147887111,0.08071607261939859,0.018048662525378473,0.165625,0.04204257514710535,0.009401005597807077
vicsek,rho_1_over_pi,5.5999999999999996,400,20,0.1289235680717435,0.072857708394946,0.016291478865595635,0.1734375,0.06590342721550982,0.014736454320408963
vicsek,rho_1_over_pi,5.5999999999999996,450,20,0.11261511214427913,0.06566861741096583,0.014683949251934583,0.159375,0.03940475066537029,0.008811170112419803
vicsek,rho_1_over_pi,5.5999999999999996,500,20,0.14664742723750937,0.08921825006639517,0.01994980719820347,0.1609375,0.028427195935406643,0.0063565142521274974
vicsek,rho_1_over_pi,5.5999999999999996,550,20,0.15986947957669517,0.06944497400740592,0.01552836825762656,0.1734375,0.04579484653047764,0.01024003898613184
vicsek,rho_1_over_pi,5.5999999999999996,600,20,0.1760346992954065,0.0850113210024002,0.019009109261842242,0.1859375,0.05455340703155028,0.012198512652676144
vicsek,rho_1_over_pi,5.5999999999999996,650,20,0.184215052826904,0.09892451900359546,0.02212019491335092,0.184375,0.042961647140211,0.009606516343087124
vicsek,rho_1_over_pi,5.5999999999999996,700,20,0.17423411936784552,0.07440917762037777,0.016638397930902073,0.178125,0.060997566549822295,0.013639470526746996
vicsek,rho_1_over_pi,5.5999999999999996,750,20,0.12775870978478499,0.0572120693768375,0.012793007626004268,0.178125,0.06179287479151621,0.013817306855896338
vicsek,rho_1_over_pi,5.5999999999999996,800,20,0.15554897528701578,0.08113052881140378,0.018141337747280408,0.171875,0.04990224819584785,0.011158481919598203
vicsek,rho_1_over_pi,5.5999999999999996,850,20,0.16944964681940514,0.05983588485739158,0.013379710603497788,0.159375,0.042961647140211,0.009606516343087124
vicsek,rho_1_over_pi,5.5999999999999996,900,20,0.12849779410130896,0.07197624149412138,0.016094376874579642,0.16875,0.06043462376816786,0.013513592694024782
vicsek,rho_1_over_pi,5.5999999999999996,950,20,0.17414137741366215,0.06403506502673213,0.014318675834339243,0.16875,0.054486236794258416,0.012183492931011203
vicsek,rho_1_over_pi,5.5999999999999996,1000,20,0.1819988783095912,0.08442774647773545,0.018878618031133488,0.165625,0.043188359253391415,0.009657210712726527
vicsek,rho_1_over_pi,5.5999999999999996,1050,20,0.16182431990459328,0.07741621256478326,0.01731079138554287,0.1828125,0.06722382738843423,0.015031704774825108
vicsek,rho_1_over_pi,5.5999999999999996,1100,20,0.13287665787062283,0.0667337861547368,0.014922128223792576,0.171875,0.05087131436281158,0.011375171702000808
vicsek,rho_1_over_pi,5.5999999999999996,1150,20,0.19798091597059955,0.09129345601916977,0.020413837355975094,0.18125,0.07756046028744286,0.01734304615688951
vicsek,rho_1_over_pi,5.5999999999999996,1200,20,0.12767559868128756,0.06988864650608216,0.015627576444305288,0.1578125,0.07556751430839842,0.016897409888426685
vicsek,rho_1_over_pi,5.5999999999999996,1250,20,0.14970073987319232,0.0658557928243345,0.01472580294673548,0.1828125,0.07922660833804511,0.01771560818706205
vicsek,rho_1_over_pi,5.5999999999999996,1300,20,0.14804092361697535,0.05767009688614908,0.01289542569064283,0.1859375,0.06286999855853347,0.014058159052219462
vicsek,rho_1_over_pi,5.5999999999999996,1350,20,0.15019782991250513,0.08293296834449937,0.01854437547941388,0.1734375,0.05968259142120087,0.013345433149115092
vicsek,rho_1_over_pi,5.5999999999999996,1400,20,0.1727282963444528,0.08100438670137898,0.018113131513996336,0.1671875,0.05700448858423343,0.012746591149695669
vicsek,rho_1_over_pi,5.5999999999999996,1450,20,0.16305474560035865,0.07810778328861183,0.01746543130051581,0.165625,0.04645646483537033,0.010387981336621664
vicsek,rho_1_over_pi,5.5999999999999996,1500,20,0.1796293602359164,0.0681974391124265,0.015249410974678856,0.1703125,0.05273292822089439,0.01179144121545369
vicsek,rho_1_over_pi,5.5999999999999996,1550,20,0.15788371645845875,0.07262982433819266,0.016240522441406745,0.1734375,0.0488890245223813,0.010931918218569878
vicsek,rho_1_over_pi,5.5999999999999996,1600,20,0.14995956965779167,0.07671096778729865,0.01715309385921964,0.1671875,0.048688863909009006,0.010887160944778027
vicsek,rho_1_over_pi,5.5999999999999996,1650,20,0.1681085852935211,0.08406860193453992,0.018798310869900157,0.171875,0.047905342864862165,0.010711960313126632
vicsek,rho_1_over_pi,5.5999999999999996,1700,20,0.15311848222541238,0.06117955764554799,0.013680164972881229,0.1703125,0.04787985451888926,0.010706260945703686
vicsek,rho_1_over_pi,5.5999999999999996,1750,20,0.13369020997612918,0.09103887273246339,0.020356910802474017,0.178125,0.045393247019793595,0.010150238605569822
vicsek,rho_1_over_pi,5.5999999999999996,1800,20,0.14081021584480655,0.07884117642252778,0.017629422990682576,0.15625,0.029646353064078555,0.006629126073623882
vicsek,rho_1_over_pi,5.5999999999999996,1850,20,0.12787816676181102,0.06504742991287754,0.01454504750468474,0.153125,0.03549317716125171,0.007936515687000182
vicsek,rho_1_over_pi,5.5999999999999996,1900,20,0.1455663650995513,0.07051778123520412,0.01576825524643755,0.1609375,0.0506548908670229,0.011326777937149646
vicsek,rho_1_over_pi,5.5999999999999996,1950,20,0.17795740831603507,0.0777098485034745,0.017376450377497927,0.165625,0.03576725981956124,0.007997802432543579
vicsek,rho_1_over_pi,5.5999999999999996,2000,20,0.1643701070111069,0.08317458152009621,0.01859840182790329,0.1671875,0.04449697145593169,0.009949825296833104
vicsek,rho_1_over_pi,5.5999999999999996,2050,20,0.17922351304477624,0.07569139763995822,0.016925111043491373,0.1765625,0.049681603423702016,0.011109144248658399
vicsek,rho_1_over_pi,5.5999999999999996,2100,20,0.16062116159564982,0.09122484921327348,0.02039849640780477,0.1671875,0.049681603423702016,0.011109144248658399
vicsek,rho_1_over_pi,5.5999999999999996,2150,20,0.15263431676688083,0.08012830929806646,0.017917234651260504,0.1546875,0.041310325207507145,0.009237269533660908
vicsek,rho_1_over_pi,5.5999999999999996,2200,20,0.16823144337930646,0.06123149964290377,0.01369177955657869,0.1609375,0.049681603423702016,0.011109144248658399
vicsek,rho_1_over_pi,5.5999999999999996,2250,20,0.18348349447113083,0.08652762715323574,0.01934816562463917,0.1609375,0.030095875444153472,0.0067296423335493835
vicsek,rho_1_over_pi,5.5999999999999996,2300,20,0.1548380261224584,0.08686967587201495,0.019424650043319874,0.153125,0.04408354993645589,0.00985738143474219
vicsek,rho_1_over_pi,5.5999999999999996,2350,20,0.19137338780126595,0.08806119414530103,0.01969108162886996,0.165625,0.03576725981956124,0.007997802432543579
vicsek,rho_1_over_pi,5.5999999999999996,2400,20,0.16870817407290617,0.05641102778837932,0.012613889281544577,0.1703125,0.042475866309588085,0.009497892447143209
vicsek,rho_1_over_pi,5.5999999999999996,2450,20,0.16166128662446405,0.07644326003649152,0.01709323258632881,0.1625,0.03903123748998999,0.008727650027355588
vicsek,rho_1_over_pi,5.5999999999999996,2500,20,0.17225822413846895,0.07302841322333238,0.016329649625631572,0.1625,0.03365728004459065,0.007525996611745184
vicsek,rho_1_over_pi,5.5999999999999996,2550,20,0.20731139186224135,0.0937582279415687,0.02096497711272678,0.171875,0.036309218870694535,0.008118988160479111
vicsek,rho_1_over_pi,5.5999999999999996,2600,20,0.14104763500334336,0.07837463627941214,0.017525101443258674,0.165625,0.029810600044279552,0.006665852814906731
vicsek,rho_1_over_pi,5.5999999999999996,2650,20,0.1530803317354522,0.07601963094517689,0.01699850624178621,0.1640625,0.05122998847110938,0.011455373670793108
vicsek,rho_1_over_pi,5.5999999999999996,2700,20,0.1568673910766841,0.07569202364245733,0.016925251021905584,0.1703125,0.05084731279772806,0.011369804788891496
vicsek,rho_1_over_pi,5.5999999999999996,2750,20,0.18939628276837805,0.0485501105150685,0.01085613474268205,0.1703125,0.05365088972934186,0.011996703648815369
vicsek,rho_1_over_pi,5.5999999999999996,2800,20,0.15087020806750268,0.06320885250595121,0.014133929098306483,0.1796875,0.05835890436557218,0.013049447725382862
vicsek,rho_1_over_pi,5.5999999999999996,2850,20,0.15213388792499188,0.07602102352927892,0.016998817633057862,0.165625,0.057706829101935586,0.01290363926378911
vicsek,rho_1_over_pi,5.5999999999999996,2900,20,0.17507960034537623,0.11117922860059583,0.024860431283692107,0.178125,0.05598897770990287,0.012519516015006331
vicsek,rho_1_over_pi,5.5999999999999996,2950,20,0.16532766407293528,0.08145439143335953,0.018213755631086844,0.153125,0.04831132760543846,0.010802741260902252
vicsek,rho_1_over_pi,5.5999999999999996,3000,20,0.14125989988374515,0.07390907093152203,0.016526570675673695,0.1578125,0.04684895109551547,0.010475743932413583
vicsek,rho_1_over_pi,5.7999999999999998,0,20,0.1794664360474479,0.10188234666050126,0.02278158528400795,0.15625,0.04841229182759271,0.010825317547305483
vicsek,rho_1_over_pi,5.7999999999999998,50,20,0.13850198138769956,0.06842744454847341,0.015300841753698394,0.1609375,0.05869262490935297,0.013124069907521066
vicsek,rho_1_over_pi,5.7999999999999998,100,20,0.15527389022253818,0.06437555187594797,0.014394811008368376,0.171875,0.07428040202502946,0.01660960283239789
vicsek,rho_1_over_pi,5.7999999999999998,150,20,0.157534945317453,0.08338937595169808,0.018646431322928314,0.1625,0.0426193178030808,0.009529969176235565
vicsek,rho_1_over_pi,5.7999999999999998,200,20,0.14064936127519365,0.06867091532932162,0.01535528347534955,0.159375,0.04931166824393594,0.011026424227735842
vicsek,rho_1_over_pi,5.7999999999999998,250,20,0.14435852138320365,0.07407455415151176,0.016563573848576953,0.159375,0.04408354993645589,0.00985738143474219
vicsek,rho_1_over_pi,5.7999999999999998,300,20,0.1705866607834563,0.07182898214484022,0.016061448683048138,0.1515625,0.048688863909009006,0.010887160944778027
vicsek,rho_1_over_pi,5.7999999999999998,350,20,0.14142510481853582,0.07249072978180689,0.01620941995306887,0.1484375,0.036810059341842956,0.008230979494416202
vicsek,rho_1_over_pi,5.7999999999999998,400,20,0.15959563799059837,0.07526485084122178,0.016829732279735412,0.1546875,0.044715900066419324,0.009998779222360097
vicsek,rho_1_over_pi,5.7999999999999998,450,20,0.17717453425110735,0.07577426944407505,0.0169436417422337,0.15,0.041457809879442496,0.009270248108869578
vicsek,rho_1_over_pi,5.7999999999999998,500,20,0.17219398550202175,0.07230743569519524,0.016168434149315132,0.14375,0.04352621336620037,0.009732757188998397
vicsek,rho_1_over_pi,5.7999999999999998,550,20,0.16546022847669528,0.11207340322279585,0.025060374807591553,0.1515625,0.03462268719712553,0.007741868213648435
vicsek,rho_1_over_pi,5.7999999999999998,600,20,0.15357045298783256,0.07281000027027931,0.01628081100461226,0.1640625,0.039373759901106725,0.008804240366863003
vicsek,rho_1_over_pi,5.7999999999999998,650,20,0.1902855398166134,0.08021751134095188,0.01793718083442287,0.178125,0.04851304592581258,0.010847846848568614
vicsek,rho_1_over_pi,5.7999999999999998,700,20,0.1542295665330727,0.09185877686697329,0.02054024694045374,0.171875,0.0554632479665589,0.012401959270615269
vicsek,rho_1_over_pi,5.7999999999999998,750,20,0.1659681493067275,0.09560848589441436,0.021378707368574026,0.16875,0.05358258812338202,0.011981430945425508
vicsek,rho_1_over_pi,5.7999999999999998,800,20,0.15550087381109842,0.09006235579322651,0.020138554976742645,0.1609375,0.0360053706931341,0.008051045642492656
vicsek,rho_1_over_pi,5.7999999999999998,850,20,0.17685660114936474,0.0772007384970761,0.017262609919264708,0.1609375,0.05254741162750074,0.011749958444075451
vicsek,rho_1_over_pi,5.7999999999999998,900,20,0.14946486028029665,0.07771919874819354,0.017378541155777732,0.165625,0.05598897770990287,0.012519516015006331
vicsek,rho_1_over_pi,5.7999999999999998,950,20,0.20351187740837418,0.09959201151031974,0.022269450775301642,0.16875,0.04677071733467427,0.010458250331675944
vicsek,rho_1_over_pi,5.7999999999999998,1000,20,0.14357707131137154,0.054621234806964084,0.012213679404334928,0.1609375,0.04338576055285882,0.009701350985172117
vicsek,rho_1_over_pi,5.7999999999999998,1050,20,0.12980038656572304,0.06846822625801223,0.01530996082117514,0.1578125,0.04987778031097615,0.011153010734214326
vicsek,rho_1_over_pi,5.7999999999999998,1100,20,0.16542063470192175,0.08720509603500849,0.019499652271867635,0.1609375,0.04107324821279661,0.009184257506053497
vicsek,rho_1_over_pi,5.7999999999999998,1150,20,0.16148318477507714,0.09225261329793161,0.02062831144361761,0.1640625,0.050267837319204416,0.011240230132764185
vicsek,rho_1_over_pi,5.7999999999999998,1200,20,0.14859863346938154,0.07869157183832964,0.017595970388681315,0.15625,0.05846339666834283,0.013072812914594929
vicsek,rho_1_over_pi,5.7999999999999998,1250,20,0.22211295981193196,0.10815950061535333,0.024185199578836036,0.1609375,0.047675457194976116,0.010660556314634804
vicsek,rho_1_over_pi,5.7999999999999998,1300,20,0.15582663492511203,0.07494902999065901,0.016759112590678398,0.16875,0.059621200088559104,0.013331705629813463
vicsek,rho_1_over_pi,5.7999999999999998,1350,20,0.16685488600880177,0.09380615366248019,0.020975693629709656,0.1828125,0.0650082626959835,0.014536289448738285
vicsek,rho_1_over_pi,5.7999999999999998,1400,20,0.17829699647771596,0.06344733828132616,0.014187256138846997,0.1609375,0.04558110045567132,0.01019224391081277
vicsek,rho_1_over_pi,5.7999999999999998,1450,20,0.1344670934414734,0.05654978989635268,0.012644917432157537,0.1625,0.04026280852101602,0.009003037681804958
vicsek,rho_1_over_pi,5.7999999999999998,1500,20,0.1278656667412071,0.07292840092208992,0.01630728619521514,0.1859375,0.04684895109551547,0.010475743932413583
vicsek,rho_1_over_pi,5.7999999999999998,1550,20,0.1429232579558914,0.07665111152618105,0.01713970959234585,0.178125,0.04749588797990832,0.010620403417479017
vicsek,rho_1_over_pi,5.7999999999999998,1600,20,0.14926496236319664,0.05168532924094127,0.011557190962220227,0.1796875,0.05918967789023691,0.013235214332888606
vicsek,rho_1_over_pi,5.7999999999999998,1650,20,0.1509858506715878,0.1013822687839092,0.02266976447139759,0.1890625,0.058023264461334816,0.012974396361199236
vicsek,rho_1_over_pi,5.7999999999999998,1700,20,0.19843438023636367,0.09756531351144884,0.02181626732576783,0.18125,0.04592793267718459,0.010269797953221865
vicsek,rho_1_over_pi,5.7999999999999998,1750,20,0.15963088809938505,0.09855270382827579,0.022037054512642842,0.159375,0.04180965050081141,0.009348922063532243
vicsek,rho_1_over_pi,5.7999999999999998,1800,20,0.12950661921970114,0.058215936759811196,0.013017479196876668,0.1671875,0.04664003611437281,0.010429029122478275
vicsek,rho_1_over_pi,5.7999999999999998,1850,20,0.17668572240431554,0.07474951435641033,0.016714499538602993,0.1671875,0.0360053706931341,0.008051045642492656
vicsek,rho_1_over_pi,5.7999999999999998,1900,20,0.16056286791493724,0.07457917740071443,0.01667641103740135,0.1796875,0.05918967789023691,0.013235214332888606
vicsek,rho_1_over_pi,5.7999999999999998,1950,20,0.14500945667832552,0.08507080323727655,0.019022409893905953,0.175,0.042389562394532926,0.009478594305064437
vicsek,rho_1_over_pi,5.7999999999999998,2000,20,0.19961298506106978,0.09296392777769026,0.020787366196629638,0.175,0.04463392767839281,0.009980449639169569
vicsek,rho_1_over_pi,5.7999999999999998,2050,20,0.14703837497958927,0.07707553155147533,0.017234612795102865,0.190625,0.05403630145559557,0.012082884330738253
vicsek,rho_1_over_pi,5.7999999999999998,2100,20,0.10786182699156868,0.059294694723157994,0.013258696810607934,0.1828125,0.04558110045567132,0.01019224391081277
vicsek,rho_1_over_pi,5.7999999999999998,2150,20,0.1735989368806671,0.08395996821978417,0.01877401963281594,0.178125,0.04749588797990832,0.010620403417479017
vicsek,rho_1_over_pi,5.7999999999999998,2200,20,0.13748982682319003,0.0600612959070953,0.013430114046499499,0.1875,0.046351240544347895,0.010364452469860624
vicsek,rho_1_over_pi,5.7999999999999998,2250,20,0.20219023018125365,0.12135052025996033,0.027134801240623674,0.1765625,0.05160982676535545,0.011540308095432286
vicsek,rho_1_over_pi,5.7999999999999998,2300,20,0.1381852551302924,0.0579467635186655,0.012957290230384095,0.1734375,0.043610267927977696,0.009751552360393703
vicsek,rho_1_over_pi,5.7999999999999998,2350,20,0.16183314752609845,0.07111860238289733,0.015902602939293693,0.184375,0.04831132760543846,0.010802741260902252
vicsek,rho_1_over_pi,5.7999999999999998,2400,20,0.16203227315114016,0.08394115521221224,0.018769812916436732,0.178125,0.04851304592581258,0.010847846848568614
vicsek,rho_1_over_pi,5.7999999999999998,2450,20,0.16223380067074544,0.07783946050401958,0.01740543250188978,0.1828125,0.05951874048356534,0.01330879496564208
vicsek,rho_1_over_pi,5.7999999999999998,2500,20,0.15914450708875763,0.07604849067627002,0.01700495947383987,0.178125,0.051443992603607276,0.011503226449566226
vicsek,rho_1_over_pi,5.7999999999999998,2550,20,0.1292813711474095,0.08753263719790248,0.019572892702433665,0.1875,0.051348989766109326,0.011481983169296148
vicsek,rho_1_over_pi,5.7999999999999998,2600,20,0.1707087162657552,0.09592400418610664,0.021449259403410883,0.1765625,0.05160982676535545,0.011540308095432286
vicsek,rho_1_over_pi,5.7999999999999998,2650,20,0.17018221798905445,0.08834114841053974,0.019753681305636435,0.1859375,0.0488890245223813,0.010931918218569878
vicsek,rho_1_over_pi,5.7999999999999998,2700,20,0.16378752958013118,0.08294325785824733,0.018546676284633464,0.190625,0.060837257293536826,0.013603624287299321
vicsek,rho_1_over_pi,5.7999999999999998,2750,20,0.1676702283593252,0.07986426567997709,0.017858192703353225,0.190625,0.07961087001785623,0.017801531710782643
vicsek,rho_1_over_pi,5.7999999999999998,2800,20,0.19500917230094875,0.09095533677435591,0.020338231594384627,0.1828125,0.05785471431741756,0.0129367074032576
vicsek,rho_1_over_pi,5.7999999999999998,2850,20,0.1548911851778077,0.058307776954909685,0.013038015288807374,0.184375,0.05581428468591172,0.01248045346732241
vicsek,rho_1_over_pi,5.7999999999999998,2900,20,0.15669227250489312,0.08628186106268876,0.019293210656136428,0.18125,0.05284854539152426,0.011817294000743148
vicsek,rho_1_over_pi,5.7999999999999998,2950,20,0.15365729764332445,0.06264254562153582,0.01400729902933859,0.1875,0.06774838558962125,0.015148999554426027
vicsek,rho_1_over_pi,5.7999999999999998,3000,20,0.14765452477592178,0.0683504537111466,0.015283626079107658,0.146875,0.022316963839196406,0.004990224819584784
vicsek,rho_1_over_pi,6.2000000000000002,0,20,0.1559123556724079,0.06564953748822726,0.014679682851509694,0.1453125,0.03862252216971336,0.008636258503397174
vicsek,rho_1_over_pi,6.2000000000000002,50,20,0.16591149554574913,0.07954169676611034,0.017786064101469788,0.153125,0.04831132760543846,0.010802741260902252
vicsek,rho_1_over_pi,6.2000000000000002,100,20,0.1390814585553138,0.0829007370707317,0.018537168347499286,0.159375,0.045177600921253,0.010102018672027884
vicsek,rho_1_over_pi,6.2000000000000002,150,20,0.13914687339571763,0.08899183511453512,0.01989917927585533,0.1640625,0.04621937330546575,0.010334966058846057
vicsek,rho_1_over_pi,6.2000000000000002,200,20,0.1919725505118901,0.07223052499855159,0.016151236394725925,0.1640625,0.05751613224783113,0.012860998150901817
vicsek,rho_1_over_pi,6.2000000000000002,250,20,0.14698466823083695,0.08872188644393969,0.01983881691806662,0.1578125,0.058023264461334816,0.012974396361199236
vicsek,rho_1_over_pi,6.2000000000000002,300,20,0.1623148780789248,0.08258592149270091,0.018466773444214015,0.159375,0.06767627446158661,0.015132875016004063
vicsek,rho_1_over_pi,6.2000000000000002,350,20,0.15901743873636662,0.06850762665930167,0.015318771018737536,0.1671875,0.06722382738843423,0.015031704774825108
vicsek,rho_1_over_pi,6.2000000000000002,400,20,0.16043445299984355,0.07731107524687779,0.017287281966562006,0.1578125,0.04987778031097615,0.011153010734214326
vicsek,rho_1_over_pi,6.2000000000000002,450,20,0.14111702350674232,0.06677586000586701,0.014931536222912812,0.165625,0.0766103167008204,0.01713058759208218
vicsek,rho_1_over_pi,6.2000000000000002,500,20,0.1702006578661617,0.07355258143065697,0.01644685719995377,0.1578125,0.05544123437253179,0.012397036881347898
vicsek,rho_1_over_pi,6.2000000000000002,550,20,0.13674740647053946,0.06402050188076802,0.014315419415905042,0.165625,0.0685366006233166,0.015325249794049036
vicsek,rho_1_over_pi,6.2000000000000002,600,20,0.13731079150469933,0.08557571752435812,0.019135312160778475,0.1671875,0.0721293055473987,0.016128603037383615
vicsek,rho_1_over_pi,6.2000000000000002,650,20,0.13617288831144586,0.08575379205331156,0.01917513083595859,0.1515625,0.06936866525132222,0.015511305101038401
vicsek,rho_1_over_pi,6.2000000000000002,700,20,0.15277034313383037,0.08364657681997216,0.01870394318546159,0.159375,0.0592102978796763,0.013239825102696787
vicsek,rho_1_over_pi,6.2000000000000002,750,20,0.13261491033963055,0.05692478778780717,0.01272876950982867,0.1546875,0.04684895109551547,0.010475743932413583
vicsek,rho_1_over_pi,6.2000000000000002,800,20,0.17040071741601556,0.07649754207248417,0.017105370418572474,0.15,0.050967207594687786,0.011396614080506543
vicsek,rho_1_over_pi,6.2000000000000002,850,20,0.1373589074663357,0.08478287883299547,0.01895802803987059,0.1484375,0.054013706304511265,0.012077831901359614
vicsek,rho_1_over_pi,6.2000000000000002,900,20,0.193978193752048,0.10104377728772826,0.02259407547187097,0.1609375,0.06794629657862156,0.015193253796915917
vicsek,rho_1_over_pi,6.2000000000000002,950,20,0.16030141506607057,0.06629283652895017,0.014823528890001377,0.165625,0.06636487681748532,0.014839637588229707
vicsek,rho_1_over_pi,6.2000000000000002,1000,20,0.16074835903381599,0.07519374226596422,0.016813831918929507,0.15625,0.045285552331842,0.010126157341262283
vicsek,rho_1_over_pi,6.2000000000000002,1050,20,0.15336502948505923,0.09731589466279268,0.02176049557572134,0.1484375,0.04621937330546575,0.010334966058846057
vicsek,rho_1_over_pi,6.2000000000000002,1100,20,0.1711481736520463,0.10832571539267673,0.02422236633293205,0.1625,0.06449927325171967,0.014422475949017908
vicsek,rho_1_over_pi,6.2000000000000002,1150,20,0.15324988423400138,0.07749161527307515,0.017327651943685695,0.159375,0.058379817788341885,0.013054124108878387
vicsek,rho_1_over_pi,6.2000000000000002,1200,20,0.14402868492695867,0.06619586751147295,0.014801845958522335,0.159375,0.06242182611074431,0.01395794464632956
vicsek,rho_1_over_pi,6.2000000000000002,1250,20,0.16695378681945688,0.08629866623748741,0.019296968407458787,0.16875,0.06434768838116875,0.014388580541526672
vicsek,rho_1_over_pi,6.2000000000000002,1300,20,0.1815545481115887,0.0741353042790879,0.01657715799006716,0.175,0.08172935519138763,0.018275239396516808
vicsek,rho_1_over_pi,6.2000000000000002,1350,20,0.13784289414742582,0.08579976078263625,0.01918540975631952,0.1734375,0.0742639664894759,0.016605927734923455
vicsek,rho_1_over_pi,6.2000000000000002,1400,20,0.18480233591182713,0.10336453144872537,0.023113011878176475,0.1578125,0.04684895109551547,0.010475743932413583
vicsek,rho_1_over_pi,6.2000000000000002,1450,20,0.15986138537742875,0.07521864852639036,0.016819401128067322,0.1609375,0.05951874048356534,0.01330879496564208
vicsek,rho_1_over_pi,6.2000000000000002,1500,20,0.17369073458588621,0.08161131503785041,0.01824884481577843,0.1578125,0.041310325207507145,0.009237269533660908
vicsek,rho_1_over_pi,6.2000000000000002,1550,20,0.17496660813048753,0.07641534911004215,0.017086991513443228,0.159375,0.05029211543572213,0.011245658884654113
vicsek,rho_1_over_pi,6.2000000000000002,1600,20,0.1288790333314572,0.10265005416409415,0.022953249900494986,0.1703125,0.05968259142120087,0.013345433149115092
vicsek,rho_1_over_pi,6.2000000000000002,1650,20,0.15195443614475782,0.08192362416913895,0.018318679260533943,0.178125,0.06411963915213498,0.014337587183693079
vicsek,rho_1_over_pi,6.2000000000000002,1700,20,0.1616032014226272,0.05940423857933126,0.013283191561500023,0.1609375,0.056141388197567754,0.012553596036096588
vicsek,rho_1_over_pi,6.2000000000000002,1750,20,0.1752334133613622,0.09650902740729034,0.021580074572509145,0.140625,0.03351189154613628,0.0074934867551761245
vicsek,rho_1_over_pi,6.2000000000000002,1800,20,0.16513230664266468,0.08664338408164936,0.019374049660719116,0.1546875,0.030418628646768413,0.006801812143649661
vicsek,rho_1_over_pi,6.2000000000000002,1850,20,0.14899528672626086,0.06074228834065333,0.013582388583859375,0.1578125,0.0488890245223813,0.010931918218569878
vicsek,rho_1_over_pi,6.2000000000000002,1900,20,0.14984532020073055,0.07191647594634738,0.016081012891826126,0.165625,0.05510997527671374,0.01232296509570647
vicsek,rho_1_over_pi,6.2000000000000002,1950,20,0.16120368239758537,0.09655223062099524,0.02158973510477821,0.165625,0.05510997527671374,0.01232296509570647
vicsek,rho_1_over_pi,6.2000000000000002,2000,20,0.14254487173542385,0.09719569114919718,0.021733617252967956,0.159375,0.04931166824393594,0.011026424227735842
vicsek,rho_1_over_pi,6.2000000000000002,2050,20,0.16589562613052217,0.07167114710084084,0.016026155694286708,0.1609375,0.0422453307331118,0.0094463431251199
vicsek,rho_1_over_pi,6.2000000000000002,2100,20,0.1623477515676758,0.08250974422895632,0.01844973969020673,0.159375,0.04624577683421482,0.010340870067358935
vicsek,rho_1_over_pi,6.2000000000000002,2150,20,0.16424068202157605,0.0891137277161979,0.019926435290182558,0.165625,0.05598897770990287,0.012519516015006331
vicsek,rho_1_over_pi,6.2000000000000002,2200,20,0.15912072511809724,0.07560624850389222,0.016906071117844475,0.159375,0.051253810833927264,0.011460700513057654
vicsek,rho_1_over_pi,6.2000000000000002,2250,20,0.1309894552021664,0.07130547305586289,0.015944388492068907,0.1703125,0.06950930131104757,0.015542752280001761
vicsek,rho_1_over_pi,6.2000000000000002,2300,20,0.15569097034380988,0.07265891482161854,0.016247027271250606,0.165625,0.058546856234984984,0.013091475041033382
vicsek,rho_1_over_pi,6.2000000000000002,2350,20,0.16502415219333832,0.09647258312676502,0.021571925383644577,0.153125,0.045177600921253,0.010102018672027884
vicsek,rho_1_over_pi,6.2000000000000002,2400,20,0.14469344713426238,0.08465248545324938,0.01892887119377777,0.1609375,0.061137492332855786,0.013670758883013773
vicsek,rho_1_over_pi,6.2000000000000002,2450,20,0.1892440467721532,0.07484389309684891,0.01673560326652814,0.1484375,0.05751613224783113,0.012860998150901817
vicsek,rho_1_over_pi,6.2000000000000002,2500,20,0.16902799487124232,0.07860108241376897,0.017575736338225064,0.1640625,0.06545737520516691,0.014636714058746244
vicsek,rho_1_over_pi,6.2000000000000002,2550,20,0.156271423754184,0.06191312576710142,0.013844195791473259,0.1484375,0.04293322395010652,0.009600160724566022
vicsek,rho_1_over_pi,6.2000000000000002,2600,20,0.1727169846466744,0.08419612733181664,0.018826826415617,0.146875,0.05330850659134994,0.011920144451725406
vicsek,rho_1_over_pi,6.2000000000000002,2650,20,0.14856856606416785,0.09507097497610191,0.02125851627337453,0.1578125,0.044715900066419324,0.009998779222360097
vicsek,rho_1_over_pi,6.2000000000000002,2700,20,0.14648803328419388,0.059948292539546144,0.013404845725346868,0.153125,0.04624577683421482,0.010340870067358935
vicsek,rho_1_over_pi,6.2000000000000002,2750,20,0.1835068980619561,0.08889509324610954,0.019877547136448338,0.159375,0.0592102978796763,0.013239825102696787
vicsek,rho_1_over_pi,6.2000000000000002,2800,20,0.16975186616163085,0.09071358666473478,0.02028417462651654,0.1578125,0.05084731279772806,0.011369804788891496
vicsek,rho_1_over_pi,6.2000000000000002,2850,20,0.1599521459248623,0.0800259046856481,0.017894336283802808,0.15,0.03903123748998999,0.008727650027355588
vicsek,rho_1_over_pi,6.2000000000000002,2900,20,0.15238011573704754,0.08055768427815126,0.018013245815591227,0.1609375,0.047675457194976116,0.010660556314634804
vicsek,rho_1_over_pi,6.2000000000000002,2950,20,0.17016650440383857,0.08264952271416202,0.01848099510967792,0.1578125,0.044715900066419324,0.009998779222360097
vicsek,rho_1_over_pi,6.2000000000000002,3000,20,0.18628342874183698,0.09340658605952504,0.020886347597528217,0.165625,0.045393247019793595,0.010150238605569822
