model,rho_label,rho_nominal,N,eta,base_seed,realization,steps,va_t0,S_t0,t_window_start,va_window_mean,va_window_stdev,S_window_mean,S_window_stdev
voter,rho_1_over_2pi,0.15915494309189535,16,0.59999999999999998,2230000,0,3000,0.07361477871026272,0.25,1500,0.7628090458170741,0.15472392476242258,0.8878664223850766,0.12681260329408373
voter,rho_1_over_2pi,0.15915494309189535,16,0.59999999999999998,2230001,1,3000,0.022241406552659593,0.125,1500,0.5869679465748131,0.2016275224029064,0.6394903397734844,0.16725539003657536
voter,rho_1_over_2pi,0.15915494309189535,16,0.59999999999999998,2230002,2,3000,0.19574341409000567,0.1875,1500,0.6231518189773595,0.20678947709080975,0.5624583610926049,0.20403700244351455
voter,rho_1_over_2pi,0.15915494309189535,16,0.59999999999999998,2230003,3,3000,0.17173514105977436,0.125,1500,0.598558015923417,0.2399195117274591,0.7211858760826116,0.21263106103053708
voter,rho_1_over_2pi,0.15915494309189535,16,0.59999999999999998,2230004,4,3000,0.1610630622066222,0.1875,1500,0.578466056585351,0.1989931096305242,0.5918970686209194,0.14294793978604672
voter,rho_1_over_2pi,0.15915494309189535,16,0.59999999999999998,2230005,5,3000,0.2701237958091644,0.1875,1500,0.6013496280516296,0.2441517624417208,0.5521319120586275,0.16162429266549583
voter,rho_1_over_2pi,0.15915494309189535,16,0.59999999999999998,2230006,6,3000,0.2998923145949905,0.375,1500,0.6959815199951744,0.18079242414534694,0.7466272485009994,0.14747052618391998
voter,rho_1_over_2pi,0.15915494309189535,16,0.59999999999999998,2230007,7,3000,0.2159272278885333,0.3125,1500,0.6645656772005537,0.19655394453984967,0.8218687541638907,0.11934746702153849
voter,rho_1_over_2pi,0.15915494309189535,16,0.59999999999999998,2230008,8,3000,0.12952298731328962,0.125,1500,0.6141097491015205,0.17919513255538208,0.6774650233177881,0.16001099107344652
voter,rho_1_over_2pi,0.15915494309189535,16,0.59999999999999998,2230009,9,3000,0.12993502649890648,0.125,1500,0.6277296703488403,0.18013065619919885,0.6640156562291806,0.19695697048485158
voter,rho_1_over_2pi,0.15915494309189535,16,0.59999999999999998,2230010,10,3000,0.04314573799639682,0.1875,1500,0.4519637830849499,0.233511065666263,0.5155729513657562,0.13712067114618393
voter,rho_1_over_2pi,0.15915494309189535,16,0.59999999999999998,2230011,11,3000,0.14896584581254027,0.25,1500,0.6141741470921159,0.2408030125521361,0.6516905396402398,0.18336165540444968
voter,rho_1_over_2pi,0.15915494309189535,16,0.59999999999999998,2230012,12,3000,0.09328797213550856,0.25,1500,0.5394837010643675,0.15340046004299718,0.6249583610926049,0.16846220967224002
voter,rho_1_over_2pi,0.15915494309189535,16,0.59999999999999998,2230013,13,3000,0.2854839037690006,0.5,1500,0.4690470351238212,0.1957947233966851,0.45103264490339773,0.15045793832872054
voter,rho_1_over_2pi,0.15915494309189535,16,0.59999999999999998,2230014,14,3000,0.21138679140219221,0.125,1500,0.488847438237669,0.19212059548193838,0.5242338441039307,0.11518709665433846
voter,rho_1_over_2pi,0.15915494309189535,16,0.59999999999999998,2230015,15,3000,0.1590624790923527,0.1875,1500,0.6080911461524156,0.19634229332569306,0.6996585609593604,0.19755803296938843
voter,rho_1_over_2pi,0.15915494309189535,16,0.59999999999999998,2230016,16,3000,0.2813799371026258,0.125,1500,0.47799064914209766,0.1872679753276958,0.4962524983344437,0.1345707645626302
voter,rho_1_over_2pi,0.15915494309189535,16,0.59999999999999998,2230017,17,3000,0.38570813184835107,0.125,1500,0.39932802797623185,0.1886323721134073,0.41205862758161227,0.07424750791930367
voter,rho_1_over_2pi,0.15915494309189535,16,0.59999999999999998,2230018,18,3000,0.2756698532195806,0.1875,1500,0.6751193635593665,0.19953598224311175,0.7822285143237842,0.16181087285472698
voter,rho_1_over_2pi,0.15915494309189535,16,0.59999999999999998,2230019,19,3000,0.362856671217485,0.125,1500,0.5675623273084515,0.20587106637780328,0.5841938707528315,0.2169995749121779
voter,rho_1_over_2pi,0.15915494309189535,16,0.80000000000000004,2230100,0,3000,0.21500151012416543,0.1875,1500,0.482584195897974,0.20736097638525136,0.5716605596269154,0.15738267693349897
voter,rho_1_over_2pi,0.15915494309189535,16,0.80000000000000004,2230101,1,3000,0.23531668212698892,0.1875,1500,0.5643895589443728,0.20025797034409584,0.6356179213857428,0.10602673863577679
voter,rho_1_over_2pi,0.15915494309189535,16,0.80000000000000004,2230102,2,3000,0.390901873020619,0.125,1500,0.454709559338119,0.20939294959087068,0.45128247834776813,0.15577257168725284
voter,rho_1_over_2pi,0.15915494309189535,16,0.80000000000000004,2230103,3,3000,0.24965198067676103,0.1875,1500,0.44342521305566795,0.186670347508857,0.502998001332445,0.18817573592507095
voter,rho_1_over_2pi,0.15915494309189535,16,0.80000000000000004,2230104,4,3000,0.15058070400807003,0.1875,1500,0.5078577760309613,0.2119661575575914,0.5363924050632911,0.16441316489184185
voter,rho_1_over_2pi,0.15915494309189535,16,0.80000000000000004,2230105,5,3000,0.34352412095974644,0.25,1500,0.5256546538003272,0.21271001471798634,0.5430546302465024,0.1596967782170258
voter,rho_1_over_2pi,0.15915494309189535,16,0.80000000000000004,2230106,6,3000,0.21108875201600247,0.125,1500,0.5397432325885485,0.23328082706230324,0.6126748834110592,0.21436597611155606
voter,rho_1_over_2pi,0.15915494309189535,16,0.80000000000000004,2230107,7,3000,0.09084553604462964,0.125,1500,0.44028567423330206,0.19910988278602165,0.5341439040639574,0.13770040187800184
voter,rho_1_over_2pi,0.15915494309189535,16,0.80000000000000004,2230108,8,3000,0.21102303190291638,0.1875,1500,0.6254427291424924,0.20198842924337695,0.7236009327115257,0.1515229141421281
voter,rho_1_over_2pi,0.15915494309189535,16,0.80000000000000004,2230109,9,3000,0.1084466943351278,0.125,1500,0.38232216713116257,0.18137273675274546,0.472018654230513,0.11860235933022258
voter,rho_1_over_2pi,0.15915494309189535,16,0.80000000000000004,2230110,10,3000,0.1373101566040709,0.1875,1500,0.45671497094486496,0.21462063039645685,0.4623167888074617,0.11609865264729399
voter,rho_1_over_2pi,0.15915494309189535,16,0.80000000000000004,2230111,11,3000,0.2121401152292292,0.125,1500,0.5447794384827616,0.22125595387326166,0.5180296469020653,0.15947162283036379
voter,rho_1_over_2pi,0.15915494309189535,16,0.80000000000000004,2230112,12,3000,0.31795135199730123,0.1875,1500,0.5114599730396784,0.18750004393975273,0.5782811459027315,0.14779376928271876
voter,rho_1_over_2pi,0.15915494309189535,16,0.80000000000000004,2230113,13,3000,0.36720450785426645,0.25,1500,0.5674732709126264,0.19392418637467032,0.6952031978680879,0.14122872694400387
voter,rho_1_over_2pi,0.15915494309189535,16,0.80000000000000004,2230114,14,3000,0.2698626491611638,0.125,1500,0.4694188913198284,0.15250217705290856,0.5276482345103265,0.07706775732476102
voter,rho_1_over_2pi,0.15915494309189535,16,0.80000000000000004,2230115,15,3000,0.20905572068646847,0.25,1500,0.33033062142288916,0.1591180216761104,0.3867421718854097,0.11676553438550641
voter,rho_1_over_2pi,0.15915494309189535,16,0.80000000000000004,2230116,16,3000,0.11258769414638295,0.125,1500,0.40072226481813367,0.1893289700224033,0.39665223184543635,0.05811690740852491
voter,rho_1_over_2pi,0.15915494309189535,16,0.80000000000000004,2230117,17,3000,0.12676672558667912,0.25,1500,0.5155642289414176,0.17709161428411113,0.6266239173884077,0.11150956929735037
voter,rho_1_over_2pi,0.15915494309189535,16,0.80000000000000004,2230118,18,3000,0.3409595440624484,0.125,1500,0.5669343675651665,0.2256695991915458,0.7173967355096602,0.171140843178555
voter,rho_1_over_2pi,0.15915494309189535,16,0.80000000000000004,2230119,19,3000,0.2654631491872574,0.125,1500,0.48830531047887227,0.1930490150119054,0.588649233844104,0.15798917577259866
voter,rho_1_over_2pi,0.15915494309189535,16,1.2,2230200,0,3000,0.25510430353451957,0.125,1500,0.39672745545139704,0.1755011418207431,0.46514823451032644,0.11810894982682235
voter,rho_1_over_2pi,0.15915494309189535,16,1.2,2230201,1,3000,0.2393856603824584,0.125,1500,0.4379511289356439,0.19088270951074646,0.6168804130579614,0.22346049492971484
voter,rho_1_over_2pi,0.15915494309189535,16,1.2,2230202,2,3000,0.07918822464703096,0.125,1500,0.3308827623345589,0.1556518462659069,0.4093520986009327,0.09833346902169023
voter,rho_1_over_2pi,0.15915494309189535,16,1.2,2230203,3,3000,0.1166654915468542,0.1875,1500,0.3977592895693251,0.1855078851375622,0.411309127248501,0.09849032007193675
voter,rho_1_over_2pi,0.15915494309189535,16,1.2,2230204,4,3000,0.3295566867143166,0.1875,1500,0.3849645093757479,0.17456395552001128,0.441663890739507,0.12407361771750558
voter,rho_1_over_2pi,0.15915494309189535,16,1.2,2230205,5,3000,0.21028358987811757,0.125,1500,0.4280549138757485,0.19366159684470421,0.4867171885409727,0.06785450593026525
voter,rho_1_over_2pi,0.15915494309189535,16,1.2,2230206,6,3000,0.349330997571267,0.1875,1500,0.32194766664102853,0.1419169794912763,0.33390239840106595,0.10787974759402189
voter,rho_1_over_2pi,0.15915494309189535,16,1.2,2230207,7,3000,0.17488491332196943,0.1875,1500,0.3651666564745145,0.15924287973969867,0.3924050632911392,0.0853871155854753
voter,rho_1_over_2pi,0.15915494309189535,16,1.2,2230208,8,3000,0.2674096527215604,0.125,1500,0.3928686947122322,0.17514029855316526,0.3952781479013991,0.0668457640995205
voter,rho_1_over_2pi,0.15915494309189535,16,1.2,2230209,9,3000,0.13742185581851124,0.125,1500,0.39063703848546427,0.17816196944182833,0.39194703530979347,0.06566045103143635
voter,rho_1_over_2pi,0.15915494309189535,16,1.2,2230210,10,3000,0.33040936470439103,0.1875,1500,0.44743536015814966,0.18979410922077639,0.5567121918720853,0.15074736017652968
voter,rho_1_over_2pi,0.15915494309189535,16,1.2,2230211,11,3000,0.3979130682227403,0.1875,1500,0.41762088862630625,0.1719750780934516,0.6358677548301133,0.14370768733771996
voter,rho_1_over_2pi,0.15915494309189535,16,1.2,2230212,12,3000,0.291078324649464,0.125,1500,0.41335139434694473,0.1980053693242207,0.5211109260493004,0.08316614765114333
voter,rho_1_over_2pi,0.15915494309189535,16,1.2,2230213,13,3000,0.23670245272085208,0.125,1500,0.3980007436891171,0.16627877628815074,0.48359427048634246,0.15285986016365213
voter,rho_1_over_2pi,0.15915494309189535,16,1.2,2230214,14,3000,0.05042624288055739,0.125,1500,0.38150010166690385,0.18226024198813146,0.4247584943371086,0.17464107325164702
voter,rho_1_over_2pi,0.15915494309189535,16,1.2,2230215,15,3000,0.1377834431141683,0.125,1500,0.44042684997381965,0.18642120777488289,0.64577781479014,0.14573514085479988
voter,rho_1_over_2pi,0.15915494309189535,16,1.2,2230216,16,3000,0.3040432863584427,0.1875,1500,0.391018777763671,0.19151720882512654,0.34860093271152565,0.03879106179022337
voter,rho_1_over_2pi,0.15915494309189535,16,1.2,2230217,17,3000,0.3579648575795039,0.125,1500,0.3665105260297947,0.1815561361790714,0.40764490339773485,0.1065265673403015
voter,rho_1_over_2pi,0.15915494309189535,16,1.2,2230218,18,3000,0.054691996703604605,0.25,1500,0.33395505250941987,0.15771270425310405,0.32257661558960693,0.1136249109096181
voter,rho_1_over_2pi,0.15915494309189535,16,1.2,2230219,19,3000,0.1963687271566189,0.125,1500,0.40536715496568554,0.18078763897086425,0.458944037308461,0.11486998066415822
voter,rho_1_over_2pi,0.15915494309189535,16,1.3999999999999999,2230300,0,3000,0.34157137716529623,0.125,1500,0.39560064623820884,0.17425837350767776,0.45086608927381744,0.11559325177560606
voter,rho_1_over_2pi,0.15915494309189535,16,1.3999999999999999,2230301,1,3000,0.35528997303463766,0.125,1500,0.39769425437356193,0.1825133079515682,0.49471185876082613,0.027766564387360804
voter,rho_1_over_2pi,0.15915494309189535,16,1.3999999999999999,2230302,2,3000,0.3983135889711462,0.1875,1500,0.389233102176658,0.17127494827128328,0.6703031312458361,0.12763058021826454
voter,rho_1_over_2pi,0.15915494309189535,16,1.3999999999999999,2230303,3,3000,0.17011341748373124,0.25,1500,0.3592552732452828,0.17745948024546562,0.5016239173884077,0.05503813075513337
voter,rho_1_over_2pi,0.15915494309189535,16,1.3999999999999999,2230304,4,3000,0.34963975358177446,0.125,1500,0.36334722621208243,0.17414315224936625,0.40527148567621585,0.09262780615313525
voter,rho_1_over_2pi,0.15915494309189535,16,1.3999999999999999,2230305,5,3000,0.1289947135008814,0.1875,1500,0.32591760133230235,0.15660334260826392,0.3359843437708194,0.07525352168748094
voter,rho_1_over_2pi,0.15915494309189535,16,1.3999999999999999,2230306,6,3000,0.27833231512486206,0.125,1500,0.36573109017590616,0.15928634562594485,0.42900566289140574,0.0805032253290804
voter,rho_1_over_2pi,0.15915494309189535,16,1.3999999999999999,2230307,7,3000,0.3733695930073223,0.125,1500,0.3669139776247897,0.16354889218140303,0.46872918054630247,0.1276498144319517
voter,rho_1_over_2pi,0.15915494309189535,16,1.3999999999999999,2230308,8,3000,0.1777767428111086,0.1875,1500,0.3083624599810564,0.14428411651104342,0.4003580946035976,0.08496418798886175
voter,rho_1_over_2pi,0.15915494309189535,16,1.3999999999999999,2230309,9,3000,0.05549834919730954,0.125,1500,0.3781990519596573,0.1811095814347864,0.4544886742171885,0.12092691453601907
voter,rho_1_over_2pi,0.15915494309189535,16,1.3999999999999999,2230310,10,3000,0.08495920029814057,0.1875,1500,0.3632522240447636,0.1733652589876013,0.46956195869420386,0.11079558527945062
voter,rho_1_over_2pi,0.15915494309189535,16,1.3999999999999999,2230311,11,3000,0.21350169286580462,0.1875,1500,0.41370606319851877,0.17352187685764658,0.47705696202531644,0.09813718959282004
voter,rho_1_over_2pi,0.15915494309189535,16,1.3999999999999999,2230312,12,3000,0.09639886751017011,0.1875,1500,0.4096408247593745,0.18516099586305965,0.5022901399067289,0.07450467746884926
voter,rho_1_over_2pi,0.15915494309189535,16,1.3999999999999999,2230313,13,3000,0.15506626861722403,0.125,1500,0.35923803814752014,0.17097430174225856,0.5099516988674218,0.16653519403280564
voter,rho_1_over_2pi,0.15915494309189535,16,1.3999999999999999,2230314,14,3000,0.46805658306256165,0.1875,1500,0.3286556270409982,0.15324811057854376,0.35501332445036643,0.08874832756308049
voter,rho_1_over_2pi,0.15915494309189535,16,1.3999999999999999,2230315,15,3000,0.3377115506764577,0.25,1500,0.406830361333451,0.18958155971582513,0.5883577614923384,0.08770968738900979
voter,rho_1_over_2pi,0.15915494309189535,16,1.3999999999999999,2230316,16,3000,0.18814197238332825,0.1875,1500,0.3133264243126999,0.14757663396709125,0.29026482345103266,0.07723232764520618
voter,rho_1_over_2pi,0.15915494309189535,16,1.3999999999999999,2230317,17,3000,0.2563907256604946,0.125,1500,0.30321117224524735,0.1465036023461571,0.3515989340439707,0.07678548711513551
voter,rho_1_over_2pi,0.15915494309189535,16,1.3999999999999999,2230318,18,3000,0.15229210769112575,0.1875,1500,0.3268106618024398,0.15950210881952528,0.3413141239173884,0.08733641467049681
voter,rho_1_over_2pi,0.15915494309189535,16,1.3999999999999999,2230319,19,3000,0.0632023667021481,0.0625,1500,0.34257586396372286,0.16551904312636473,0.3348184543637575,0.049737949396170246
voter,rho_1_over_2pi,0.15915494309189535,16,1.6000000000000001,2230400,0,3000,0.08205829051299152,0.25,1500,0.3217776609413,0.15707373618065143,0.3715439706862092,0.03658849436653277
voter,rho_1_over_2pi,0.15915494309189535,16,1.6000000000000001,2230401,1,3000,0.2687381068974057,0.125,1500,0.32949624526765203,0.16010291093452494,0.3198700866089274,0.06408564684211054
voter,rho_1_over_2pi,0.15915494309189535,16,1.6000000000000001,2230402,2,3000,0.23051764030742758,0.125,1500,0.3539256114862538,0.1593781800471187,0.36800466355762823,0.06158128348169782
voter,rho_1_over_2pi,0.15915494309189535,16,1.6000000000000001,2230403,3,3000,0.16061276716808456,0.1875,1500,0.3494740411259772,0.17662227173728293,0.4641905396402398,0.10145589585909837
voter,rho_1_over_2pi,0.15915494309189535,16,1.6000000000000001,2230404,4,3000,0.32055150612548594,0.1875,1500,0.34018953941022,0.16197447953970917,0.42467521652231843,0.10996807851906072
voter,rho_1_over_2pi,0.15915494309189535,16,1.6000000000000001,2230405,5,3000,0.3442476586208346,0.125,1500,0.2982444827137886,0.1543000899504792,0.3043387741505663,0.07025146363932436
voter,rho_1_over_2pi,0.15915494309189535,16,1.6000000000000001,2230406,6,3000,0.27069284486498396,0.1875,1500,0.3722874967853605,0.17589215881493864,0.4469103930712858,0.11599353056308959
voter,rho_1_over_2pi,0.15915494309189535,16,1.6000000000000001,2230407,7,3000,0.2334894840216036,0.125,1500,0.3088358574130976,0.15447678330478323,0.33002998001332445,0.0806105373267924
voter,rho_1_over_2pi,0.15915494309189535,16,1.6000000000000001,2230408,8,3000,0.6759035666213016,0.125,1500,0.335069337448799,0.16304514684939023,0.4240506329113924,0.16661759756616348
voter,rho_1_over_2pi,0.15915494309189535,16,1.6000000000000001,2230409,9,3000,0.10874215055750251,0.25,1500,0.29094634763034966,0.1417757671079841,0.3284477015323118,0.03981946805716965
voter,rho_1_over_2pi,0.15915494309189535,16,1.6000000000000001,2230410,10,3000,0.12476996388198242,0.1875,1500,0.3562763798682297,0.1808521312991165,0.43966522318454365,0.09292677274627657
voter,rho_1_over_2pi,0.15915494309189535,16,1.6000000000000001,2230411,11,3000,0.09830014495348453,0.125,1500,0.31989883805528785,0.1642416595256691,0.4235509660226516,0.13024306787533757
voter,rho_1_over_2pi,0.15915494309189535,16,1.6000000000000001,2230412,12,3000,0.49406064833844116,0.1875,1500,0.38722846868728383,0.172206148715004,0.5284393737508328,0.1495521862686369
voter,rho_1_over_2pi,0.15915494309189535,16,1.6000000000000001,2230413,13,3000,0.13578765687285038,0.25,1500,0.3614527802699525,0.16813024531041218,0.47318454363757495,0.13357198161076786
voter,rho_1_over_2pi,0.15915494309189535,16,1.6000000000000001,2230414,14,3000,0.020735542463391172,0.125,1500,0.33736436910249545,0.16435971070990454,0.4096435709526982,0.04077374001801189
voter,rho_1_over_2pi,0.15915494309189535,16,1.6000000000000001,2230415,15,3000,0.24477854441471902,0.25,1500,0.3530554225250642,0.1608491299489477,0.4620253164556962,0.08572594550947879
voter,rho_1_over_2pi,0.15915494309189535,16,1.6000000000000001,2230416,16,3000,0.1882889598605954,0.25,1500,0.2875946814813093,0.1499940908060808,0.25924383744170554,0.030657944548761265
voter,rho_1_over_2pi,0.15915494309189535,16,1.6000000000000001,2230417,17,3000,0.37994863715965915,0.125,1500,0.3294685443654268,0.1530775482225552,0.42729846768820784,0.1486865273050961
voter,rho_1_over_2pi,0.15915494309189535,16,1.6000000000000001,2230418,18,3000,0.3106247246623453,0.1875,1500,0.3293955800590108,0.15433191584612413,0.2888491005996003,0.052844744325763394
voter,rho_1_over_2pi,0.15915494309189535,16,1.6000000000000001,2230419,19,3000,0.331479877454175,0.125,1500,0.3582522191921434,0.17214290203655064,0.4614840106595603,0.15890657489378543
voter,rho_1_over_2pi,0.15915494309189535,16,1.8,2230500,0,3000,0.28193698717018356,0.125,1500,0.2806554267975937,0.13996833090531557,0.33248667554963357,0.07054896680931683
voter,rho_1_over_2pi,0.15915494309189535,16,1.8,2230501,1,3000,0.15915785573660085,0.125,1500,0.2956303700207045,0.14415401350589563,0.36496502331778813,0.0800173486923614
voter,rho_1_over_2pi,0.15915494309189535,16,1.8,2230502,2,3000,0.338406990104605,0.125,1500,0.32793951392128157,0.1607016849128178,0.3923217854763491,0.13242742428694457
voter,rho_1_over_2pi,0.15915494309189535,16,1.8,2230503,3,3000,0.06573875662813605,0.1875,1500,0.3112726213437953,0.15477595342377573,0.529188874083944,0.16408462235668372
voter,rho_1_over_2pi,0.15915494309189535,16,1.8,2230504,4,3000,0.3035993791933018,0.1875,1500,0.28518660919018607,0.14413220570775978,0.3343604263824117,0.11233948800773862
voter,rho_1_over_2pi,0.15915494309189535,16,1.8,2230505,5,3000,0.15093001652319432,0.1875,1500,0.3142954511494344,0.15575722657052823,0.35193204530313127,0.09878200471801467
voter,rho_1_over_2pi,0.15915494309189535,16,1.8,2230506,6,3000,0.16888812276574833,0.25,1500,0.31336379238057793,0.15452787092924747,0.5111592271818788,0.16329391811701485
voter,rho_1_over_2pi,0.15915494309189535,16,1.8,2230507,7,3000,0.14503314308892662,0.25,1500,0.34434536061959203,0.14829428662168534,0.610093271152565,0.11988422113456411
voter,rho_1_over_2pi,0.15915494309189535,16,1.8,2230508,8,3000,0.3100499473848258,0.1875,1500,0.3699402809913514,0.17557328690918053,0.7431712191872085,0.1269427772081672
voter,rho_1_over_2pi,0.15915494309189535,16,1.8,2230509,9,3000,0.191494729635362,0.1875,1500,0.2745506508129599,0.13128314838573366,0.31145902731512326,0.06687672606465697
voter,rho_1_over_2pi,0.15915494309189535,16,1.8,2230510,10,3000,0.10223613697796861,0.1875,1500,0.3090405770773825,0.15208973530200143,0.4167221852098601,0.0646311764927612
voter,rho_1_over_2pi,0.15915494309189535,16,1.8,2230511,11,3000,0.11160183334475143,0.125,1500,0.360346962002449,0.16186080565432484,0.4821785476349101,0.0877672511394437
voter,rho_1_over_2pi,0.15915494309189535,16,1.8,2230512,12,3000,0.3124369757968562,0.125,1500,0.30484600271933227,0.1480172722470476,0.32669886742171883,0.09726880852209958
voter,rho_1_over_2pi,0.15915494309189535,16,1.8,2230513,13,3000,0.24762211140712734,0.1875,1500,0.3552734172730364,0.16219228047934742,0.42704863424383743,0.07077960251168641
voter,rho_1_over_2pi,0.15915494309189535,16,1.8,2230514,14,3000,0.2530842170827041,0.1875,1500,0.3037514285107755,0.1500401957405423,0.3546385742838108,0.0886190605481557
voter,rho_1_over_2pi,0.15915494309189535,16,1.8,2230515,15,3000,0.20178117327474104,0.1875,1500,0.3399207207417285,0.16640928872426305,0.4485759493670886,0.10985041413451484
voter,rho_1_over_2pi,0.15915494309189535,16,1.8,2230516,16,3000,0.18906794348895367,0.125,1500,0.3234769422671289,0.15634757074247657,0.4733927381745503,0.1612476675191835
voter,rho_1_over_2pi,0.15915494309189535,16,1.8,2230517,17,3000,0.26853312140425095,0.1875,1500,0.31649057933610886,0.15484098581526723,0.38424383744170554,0.06111400185594944
voter,rho_1_over_2pi,0.15915494309189535,16,1.8,2230518,18,3000,0.031168003832192703,0.125,1500,0.2885110850192104,0.13615992588566617,0.3516822118587608,0.08796146010836123
voter,rho_1_over_2pi,0.15915494309189535,16,1.8,2230519,19,3000,0.30191684443698386,0.125,1500,0.3215424731181683,0.1475683984586288,0.31712191872085277,0.0560874073306597
voter,rho_1_over_2pi,0.15915494309189535,16,2.2000000000000002,2230600,0,3000,0.27173146642827134,0.125,1500,0.303216395643072,0.13935706561696468,0.3906562291805463,0.09334051875370436
voter,rho_1_over_2pi,0.15915494309189535,16,2.2000000000000002,2230601,1,3000,0.5298375215664697,0.125,1500,0.3006290401368925,0.15160041401341237,0.36246668887408395,0.08801421034212432
voter,rho_1_over_2pi,0.15915494309189535,16,2.2000000000000002,2230602,2,3000,0.26124427331422306,0.25,1500,0.3126887799362377,0.14810582652527213,0.49346269153897404,0.15265542403779397
voter,rho_1_over_2pi,0.15915494309189535,16,2.2000000000000002,2230603,3,3000,0.25649925787773076,0.25,1500,0.2731727782653455,0.140468946696447,0.2998417721518987,0.060799449546964715
voter,rho_1_over_2pi,0.15915494309189535,16,2.2000000000000002,2230604,4,3000,0.0805167549639725,0.125,1500,0.2912415473735345,0.14460114347265848,0.3809127248500999,0.09916380759873326
voter,rho_1_over_2pi,0.15915494309189535,16,2.2000000000000002,2230605,5,3000,0.26473070916573904,0.0625,1500,0.28746468994088287,0.1450719599226254,0.38145403064623584,0.10820501221738182
voter,rho_1_over_2pi,0.15915494309189535,16,2.2000000000000002,2230606,6,3000,0.048983408190846185,0.125,1500,0.2665552394039351,0.12754687014388427,0.2598267821452365,0.045710797312136585
voter,rho_1_over_2pi,0.15915494309189535,16,2.2000000000000002,2230607,7,3000,0.22255270659890702,0.1875,1500,0.3096557661767148,0.15181083928530378,0.44245502998001335,0.06881348181494745
voter,rho_1_over_2pi,0.15915494309189535,16,2.2000000000000002,2230608,8,3000,0.17341439621318508,0.1875,1500,0.292443905408443,0.14381289669751326,0.32016155896069287,0.042907757622508
voter,rho_1_over_2pi,0.15915494309189535,16,2.2000000000000002,2230609,9,3000,0.19291495010021395,0.1875,1500,0.2732916000260004,0.1419937408086895,0.34776815456362425,0.06804296913049404
voter,rho_1_over_2pi,0.15915494309189535,16,2.2000000000000002,2230610,10,3000,0.23622145651807813,0.1875,1500,0.31355470200979585,0.1499722116658856,0.37183544303797467,0.04280779405045234
voter,rho_1_over_2pi,0.15915494309189535,16,2.2000000000000002,2230611,11,3000,0.02637719147086711,0.25,1500,0.26895900645938015,0.13329290700423332,0.2780229846768821,0.04065944962887491
voter,rho_1_over_2pi,0.15915494309189535,16,2.2000000000000002,2230612,12,3000,0.17569432405375796,0.125,1500,0.2942753254398896,0.14155815330150254,0.39885909393737506,0.13324588294589249
voter,rho_1_over_2pi,0.15915494309189535,16,2.2000000000000002,2230613,13,3000,0.39982068377435476,0.125,1500,0.2604299868889507,0.13120608984212925,0.2703614257161892,0.041809485713597994
voter,rho_1_over_2pi,0.15915494309189535,16,2.2000000000000002,2230614,14,3000,0.14800844740043906,0.125,1500,0.2650183977110227,0.13510464248960233,0.29884243837441704,0.07639043128858088
voter,rho_1_over_2pi,0.15915494309189535,16,2.2000000000000002,2230615,15,3000,0.18794862471810805,0.1875,1500,0.29408055960529245,0.137857041513416,0.5058710859427049,0.07314343143699478
voter,rho_1_over_2pi,0.15915494309189535,16,2.2000000000000002,2230616,16,3000,0.20676192858189515,0.25,1500,0.28357579535875316,0.14883352924510068,0.2876832111925383,0.03327065954796904
voter,rho_1_over_2pi,0.15915494309189535,16,2.2000000000000002,2230617,17,3000,0.028513560446180294,0.125,1500,0.2868784237951438,0.14401779873110976,0.3269487008660893,0.06228687873971293
voter,rho_1_over_2pi,0.15915494309189535,16,2.2000000000000002,2230618,18,3000,0.15021863652847667,0.1875,1500,0.2692002713062916,0.13864310448826833,0.25966022651565623,0.03851952285860362
voter,rho_1_over_2pi,0.15915494309189535,16,2.2000000000000002,2230619,19,3000,0.25916013014104594,0.1875,1500,0.2916027940170932,0.14740853272441726,0.27581612258494337,0.05698758733106493
voter,rho_1_over_2pi,0.15915494309189535,16,2.3999999999999999,2230700,0,3000,0.15628129272903044,0.125,1500,0.265659260071901,0.1318881686288365,0.2930962691538974,0.08372094378620286
voter,rho_1_over_2pi,0.15915494309189535,16,2.3999999999999999,2230701,1,3000,0.2684522143253053,0.1875,1500,0.26872033890035724,0.13451812449412434,0.4239257161892072,0.11346691654752439
voter,rho_1_over_2pi,0.15915494309189535,16,2.3999999999999999,2230702,2,3000,0.1756440146118554,0.1875,1500,0.26098325520289506,0.126213990026517,0.30537974683544306,0.05935015362837789
voter,rho_1_over_2pi,0.15915494309189535,16,2.3999999999999999,2230703,3,3000,0.08112971263454866,0.1875,1500,0.26443427198930264,0.14037630291388725,0.3554713524317122,0.08697043142054312
voter,rho_1_over_2pi,0.15915494309189535,16,2.3999999999999999,2230704,4,3000,0.08396169287851268,0.125,1500,0.2696022678987349,0.13740901772441988,0.27544137241838773,0.07716933214237168
voter,rho_1_over_2pi,0.15915494309189535,16,2.3999999999999999,2230705,5,3000,0.38082624458998876,0.125,1500,0.2652109372829529,0.13971694383877753,0.30408894070619585,0.08277513174852995
voter,rho_1_over_2pi,0.15915494309189535,16,2.3999999999999999,2230706,6,3000,0.2453600455325264,0.1875,1500,0.2444156145677182,0.1265365956506691,0.301798800799467,0.049486155358640524
voter,rho_1_over_2pi,0.15915494309189535,16,2.3999999999999999,2230707,7,3000,0.14525006796883033,0.125,1500,0.28362262943003236,0.13846972931217402,0.33265323117921386,0.03871469083386322
voter,rho_1_over_2pi,0.15915494309189535,16,2.3999999999999999,2230708,8,3000,0.17412620173568263,0.1875,1500,0.2664742532063264,0.13650494783113584,0.2745669553630913,0.08197382229892546
voter,rho_1_over_2pi,0.15915494309189535,16,2.3999999999999999,2230709,9,3000,0.2792492349707101,0.125,1500,0.24283476406838048,0.1306164949199064,0.3041305796135909,0.07800451141907971
voter,rho_1_over_2pi,0.15915494309189535,16,2.3999999999999999,2230710,10,3000,0.2592961152891637,0.1875,1500,0.2790291800794991,0.1361498580730319,0.4485759493670886,0.08664671445452654
voter,rho_1_over_2pi,0.15915494309189535,16,2.3999999999999999,2230711,11,3000,0.1525469923926596,0.25,1500,0.29276809896682976,0.13802761199745314,0.38466022651565623,0.1104797370357343
voter,rho_1_over_2pi,0.15915494309189535,16,2.3999999999999999,2230712,12,3000,0.20630741761466986,0.125,1500,0.2780457097912467,0.13586811921866207,0.42400899400399733,0.04845158801800329
voter,rho_1_over_2pi,0.15915494309189535,16,2.3999999999999999,2230713,13,3000,0.1417915212132358,0.25,1500,0.27471858284095196,0.13808662497748173,0.27319287141905396,0.05447537270787307
voter,rho_1_over_2pi,0.15915494309189535,16,2.3999999999999999,2230714,14,3000,0.11089706218083197,0.125,1500,0.25483928478136486,0.129262398951122,0.1997001998667555,0.03209449623898367
voter,rho_1_over_2pi,0.15915494309189535,16,2.3999999999999999,2230715,15,3000,0.1896791405969582,0.3125,1500,0.2738286609054498,0.13946121044979273,0.3598850766155896,0.07778950322892152
voter,rho_1_over_2pi,0.15915494309189535,16,2.3999999999999999,2230716,16,3000,0.1374945080370767,0.25,1500,0.28079441803400806,0.13364445535507746,0.38062125249833445,0.09141137198808676
voter,rho_1_over_2pi,0.15915494309189535,16,2.3999999999999999,2230717,17,3000,0.09840493723452817,0.3125,1500,0.2387479982101086,0.11760497067843458,0.2736508994003997,0.056371330446067174
voter,rho_1_over_2pi,0.15915494309189535,16,2.3999999999999999,2230718,18,3000,0.29957523400289143,0.1875,1500,0.27689930895934345,0.14140476213127354,0.4573617588274484,0.10112385650149674
voter,rho_1_over_2pi,0.15915494309189535,16,2.3999999999999999,2230719,19,3000,0.4177021624797483,0.125,1500,0.24902247383216466,0.12268021752314019,0.21573117921385743,0.06862758937332031
voter,rho_1_over_2pi,0.15915494309189535,16,2.6000000000000001,2230800,0,3000,0.13815078272133816,0.125,1500,0.26235479828305286,0.12855405963981908,0.47526648900732843,0.08417984579837952
voter,rho_1_over_2pi,0.15915494309189535,16,2.6000000000000001,2230801,1,3000,0.16531561342252185,0.125,1500,0.24746230984776385,0.12077390967007551,0.2771902065289807,0.11663058704645529
voter,rho_1_over_2pi,0.15915494309189535,16,2.6000000000000001,2230802,2,3000,0.0948453292991415,0.1875,1500,0.2798222986145706,0.13352043349008508,0.35959360426382414,0.03847398992133487
voter,rho_1_over_2pi,0.15915494309189535,16,2.6000000000000001,2230803,3,3000,0.2582755289154611,0.125,1500,0.25955323945225717,0.13300669805924045,0.3291139240506329,0.09181019336065911
voter,rho_1_over_2pi,0.15915494309189535,16,2.6000000000000001,2230804,4,3000,0.23076594771173836,0.1875,1500,0.2583023110223063,0.12714956956497783,0.4183461025982678,0.09095714099948905
voter,rho_1_over_2pi,0.15915494309189535,16,2.6000000000000001,2230805,5,3000,0.14754684637404597,0.125,1500,0.2558903705740712,0.1303530264088008,0.3326115922718188,0.05563986438867538
voter,rho_1_over_2pi,0.15915494309189535,16,2.6000000000000001,2230806,6,3000,0.151673546031236,0.125,1500,0.25204003598094865,0.1296853877084999,0.25462191872085277,0.03402263118808933
voter,rho_1_over_2pi,0.15915494309189535,16,2.6000000000000001,2230807,7,3000,0.24655053291574222,0.125,1500,0.2616858567292305,0.12991437449408352,0.4530313124583611,0.07716973655552807
voter,rho_1_over_2pi,0.15915494309189535,16,2.6000000000000001,2230808,8,3000,0.2701619337577944,0.125,1500,0.2708649983092407,0.1304495867602727,0.34514490339773485,0.06803257211386599
voter,rho_1_over_2pi,0.15915494309189535,16,2.6000000000000001,2230809,9,3000,0.2438718275745425,0.0625,1500,0.2576795603201176,0.1290843663218803,0.3206195869420386,0.03420858622015553
voter,rho_1_over_2pi,0.15915494309189535,16,2.6000000000000001,2230810,10,3000,0.1627108611946831,0.1875,1500,0.2675937960717432,0.13284725360116745,0.3841189207195203,0.03954977318175868
voter,rho_1_over_2pi,0.15915494309189535,16,2.6000000000000001,2230811,11,3000,0.4838089070092246,0.0625,1500,0.2667806074670107,0.1335419056469833,0.27310959360426385,0.0684764713592549
voter,rho_1_over_2pi,0.15915494309189535,16,2.6000000000000001,2230812,12,3000,0.20288499069845106,0.3125,1500,0.2609129135797424,0.13044195872356196,0.3814123917388408,0.08585223787712291
voter,rho_1_over_2pi,0.15915494309189535,16,2.6000000000000001,2230813,13,3000,0.12024693529008344,0.125,1500,0.2598153076721493,0.13169776434341654,0.34185542971352434,0.057532223848708514
voter,rho_1_over_2pi,0.15915494309189535,16,2.6000000000000001,2230814,14,3000,0.13001147251292813,0.125,1500,0.2565705086936762,0.12880179304974748,0.37146069287141903,0.014445760644074275
voter,rho_1_over_2pi,0.15915494309189535,16,2.6000000000000001,2230815,15,3000,0.30033251726734567,0.1875,1500,0.26537819908558263,0.1323849036390444,0.27140239840106595,0.029745455218790236
voter,rho_1_over_2pi,0.15915494309189535,16,2.6000000000000001,2230816,16,3000,0.33118526660608516,0.125,1500,0.2503099840851155,0.12421908837401092,0.29422051965356427,0.08610052151676825
voter,rho_1_over_2pi,0.15915494309189535,16,2.6000000000000001,2230817,17,3000,0.19988065073929287,0.125,1500,0.2590299372979041,0.1340743868450112,0.2958860759493671,0.07944011701399634
voter,rho_1_over_2pi,0.15915494309189535,16,2.6000000000000001,2230818,18,3000,0.1812386743861919,0.125,1500,0.26378662436070516,0.13511701516334743,0.2961359093937375,0.09741012795206339
voter,rho_1_over_2pi,0.15915494309189535,16,2.6000000000000001,2230819,19,3000,0.22225707630772168,0.1875,1500,0.2558266983154145,0.12893017369832674,0.28747501665556296,0.03506114686377862
voter,rho_1_over_2pi,0.15915494309189535,16,2.7999999999999998,2230900,0,3000,0.1291352480887642,0.125,1500,0.25258878036864874,0.12790010560568285,0.3801215856095936,0.08607506469690152
voter,rho_1_over_2pi,0.15915494309189535,16,2.7999999999999998,2230901,1,3000,0.1140116662964116,0.1875,1500,0.2468728486683356,0.1221828475530149,0.27935542971352434,0.07689205741277688
voter,rho_1_over_2pi,0.15915494309189535,16,2.7999999999999998,2230902,2,3000,0.1102547871305898,0.125,1500,0.24758530394106767,0.12347290678641398,0.3207861425716189,0.08482173512732641
voter,rho_1_over_2pi,0.15915494309189535,16,2.7999999999999998,2230903,3,3000,0.4093978445212191,0.125,1500,0.2543016727485738,0.1307252601213587,0.46956195869420386,0.10803655659168104
voter,rho_1_over_2pi,0.15915494309189535,16,2.7999999999999998,2230904,4,3000,0.04064608049496376,0.1875,1500,0.2600282403114301,0.12893869883152823,0.34039806795469685,0.08355925544277712
voter,rho_1_over_2pi,0.15915494309189535,16,2.7999999999999998,2230905,5,3000,0.3673401532324393,0.125,1500,0.24983043875746722,0.128353577875338,0.26245003331112593,0.055214039050408635
voter,rho_1_over_2pi,0.15915494309189535,16,2.7999999999999998,2230906,6,3000,0.07480896723372103,0.125,1500,0.264028310735163,0.13421876069384153,0.277981345769487,0.031078584258639415
voter,rho_1_over_2pi,0.15915494309189535,16,2.7999999999999998,2230907,7,3000,0.20483953755831197,0.125,1500,0.25151018187717405,0.13294040366060283,0.29971685542971355,0.061687110290463115
voter,rho_1_over_2pi,0.15915494309189535,16,2.7999999999999998,2230908,8,3000,0.2833786280722795,0.125,1500,0.2757486921389925,0.13877018924498136,0.3117921385742838,0.006613642816878219
voter,rho_1_over_2pi,0.15915494309189535,16,2.7999999999999998,2230909,9,3000,0.21189151326966474,0.125,1500,0.24573845014382983,0.1255984221875482,0.314873417721519,0.09341052019297885
voter,rho_1_over_2pi,0.15915494309189535,16,2.7999999999999998,2230910,10,3000,0.2805746482587896,0.125,1500,0.2550230161449245,0.12607630794620303,0.25728680879413723,0.04615563480363654
voter,rho_1_over_2pi,0.15915494309189535,16,2.7999999999999998,2230911,11,3000,0.25479739712304783,0.1875,1500,0.2513252686569806,0.12448564842875501,0.2920552964690207,0.05776956861725066
voter,rho_1_over_2pi,0.15915494309189535,16,2.7999999999999998,2230912,12,3000,0.12697949686339813,0.125,1500,0.24394895434059782,0.12620505770507268,0.2614923384410393,0.057923955765242056
voter,rho_1_over_2pi,0.15915494309189535,16,2.7999999999999998,2230913,13,3000,0.27451894164851826,0.125,1500,0.24837564480847454,0.12487368736533241,0.3117504996668887,0.028024500465353732
voter,rho_1_over_2pi,0.15915494309189535,16,2.7999999999999998,2230914,14,3000,0.2304744772681053,0.125,1500,0.2606587518733478,0.13134476147532456,0.24991672218520986,0.002279896539307765
voter,rho_1_over_2pi,0.15915494309189535,16,2.7999999999999998,2230915,15,3000,0.3292769333530768,0.125,1500,0.2439576896761185,0.11836562810881657,0.21606429047301798,0.036519719386155475
voter,rho_1_over_2pi,0.15915494309189535,16,2.7999999999999998,2230916,16,3000,0.2780008110327543,0.1875,1500,0.25907292487818323,0.13159475418379257,0.3731678880746169,0.06434061432487514
voter,rho_1_over_2pi,0.15915494309189535,16,2.7999999999999998,2230917,17,3000,0.24366555490522396,0.125,1500,0.2635390829125339,0.13218272512820842,0.3076698867421719,0.03471336592828642
voter,rho_1_over_2pi,0.15915494309189535,16,2.7999999999999998,2230918,18,3000,0.13693330732595552,0.125,1500,0.2524931743210561,0.1260759868971184,0.32003664223850764,0.08556338543929114
voter,rho_1_over_2pi,0.15915494309189535,16,2.7999999999999998,2230919,19,3000,0.06457128114007785,0.125,1500,0.2519897022228982,0.1235721651681061,0.25770319786808793,0.042135200245167405
voter,rho_1_over_2pi,0.15915494309189535,16,3.2000000000000002,2231000,0,3000,0.3028887585723059,0.125,1500,0.23826476059510449,0.12135723735799366,0.2572035309793471,0.07078021490249078
voter,rho_1_over_2pi,0.15915494309189535,16,3.2000000000000002,2231001,1,3000,0.0451164775039924,0.1875,1500,0.23581326101914213,0.11988250705088167,0.24820952698201199,0.05775564122329548
voter,rho_1_over_2pi,0.15915494309189535,16,3.2000000000000002,2231002,2,3000,0.2708231583624891,0.125,1500,0.24008839252107272,0.12301347242057456,0.30375582944703533,0.09858545757884817
voter,rho_1_over_2pi,0.15915494309189535,16,3.2000000000000002,2231003,3,3000,0.26252470227705066,0.0625,1500,0.22988595511598928,0.11864074353371504,0.23900732844770153,0.02638796562396457
voter,rho_1_over_2pi,0.15915494309189535,16,3.2000000000000002,2231004,4,3000,0.21388307030452222,0.125,1500,0.24227870685888359,0.12262604765866417,0.23950699533644237,0.04724495099058991
voter,rho_1_over_2pi,0.15915494309189535,16,3.2000000000000002,2231005,5,3000,0.20560280823236501,0.1875,1500,0.24719373087706414,0.12524668056339971,0.34135576282478347,0.058322391476481994
voter,rho_1_over_2pi,0.15915494309189535,16,3.2000000000000002,2231006,6,3000,0.3242269312334798,0.25,1500,0.2541533108269081,0.12527744300642604,0.3420219853431046,0.05735626111590888
voter,rho_1_over_2pi,0.15915494309189535,16,3.2000000000000002,2231007,7,3000,0.5409818083282638,0.1875,1500,0.23808125057950785,0.11502294050655253,0.2081528980679547,0.055745493688290494
voter,rho_1_over_2pi,0.15915494309189535,16,3.2000000000000002,2231008,8,3000,0.15414348686787446,0.125,1500,0.2424643116611122,0.12658896642583164,0.2811875416389074,0.03124993758318774
voter,rho_1_over_2pi,0.15915494309189535,16,3.2000000000000002,2231009,9,3000,0.24125166256375322,0.1875,1500,0.2530478713358015,0.1227800916564276,0.25,0.0
voter,rho_1_over_2pi,0.15915494309189535,16,3.2000000000000002,2231010,10,3000,0.08062965349796927,0.125,1500,0.24948126746002222,0.12318277983501934,0.2999250499666889,0.037252047845745345
voter,rho_1_over_2pi,0.15915494309189535,16,3.2000000000000002,2231011,11,3000,0.3052564430664478,0.125,1500,0.24616234173889381,0.12488176099352473,0.4445786142571619,0.06442218564808234
voter,rho_1_over_2pi,0.15915494309189535,16,3.2000000000000002,2231012,12,3000,0.1296321503125543,0.25,1500,0.25358089835088043,0.12830168854175902,0.3159560293137908,0.10279562622719986
voter,rho_1_over_2pi,0.15915494309189535,16,3.2000000000000002,2231013,13,3000,0.0511643526438942,0.1875,1500,0.24693834993923103,0.12582074051770142,0.3296552298467688,0.09299276021280262
voter,rho_1_over_2pi,0.15915494309189535,16,3.2000000000000002,2231014,14,3000,0.11384481621790268,0.125,1500,0.24478554667417063,0.12144204571245484,0.2860592938041306,0.037500084146931414
voter,rho_1_over_2pi,0.15915494309189535,16,3.2000000000000002,2231015,15,3000,0.27101300662519023,0.3125,1500,0.24067623021116438,0.12074446323620684,0.30317288474350435,0.0560358835400136
voter,rho_1_over_2pi,0.15915494309189535,16,3.2000000000000002,2231016,16,3000,0.34513309840267437,0.1875,1500,0.2425769039851164,0.12132961815861276,0.2727348434377082,0.03240047506754189
voter,rho_1_over_2pi,0.15915494309189535,16,3.2000000000000002,2231017,17,3000,0.2766456147019214,0.1875,1500,0.2480021181200712,0.12447224994682768,0.266655562958028,0.027820399606703756
voter,rho_1_over_2pi,0.15915494309189535,16,3.2000000000000002,2231018,18,3000,0.2680732155671985,0.1875,1500,0.24074670767226886,0.11949433270097916,0.2728181212524983,0.06040222632848613
voter,rho_1_over_2pi,0.15915494309189535,16,3.2000000000000002,2231019,19,3000,0.19622621075850535,0.125,1500,0.23740848138178403,0.12215322876809238,0.25824450366422386,0.08091606497922608
voter,rho_1_over_2pi,0.15915494309189535,16,3.3999999999999999,2231100,0,3000,0.28734235695518456,0.1875,1500,0.23726462114855637,0.12130115165228042,0.3224933377748168,0.09397701227619935
voter,rho_1_over_2pi,0.15915494309189535,16,3.3999999999999999,2231101,1,3000,0.1758120800543416,0.1875,1500,0.2304085994236469,0.12018710591228499,0.24908394403730846,0.042242502246396835
voter,rho_1_over_2pi,0.15915494309189535,16,3.3999999999999999,2231102,2,3000,0.1320195772378976,0.125,1500,0.2330892861701271,0.11935413279804852,0.24483677548301133,0.061083979118851044
voter,rho_1_over_2pi,0.15915494309189535,16,3.3999999999999999,2231103,3,3000,0.2804492138495011,0.125,1500,0.22957389212197576,0.11996300728029968,0.33490173217854763,0.07718418170234656
voter,rho_1_over_2pi,0.15915494309189535,16,3.3999999999999999,2231104,4,3000,0.178351068902308,0.1875,1500,0.2315221229863241,0.11781283655996547,0.20224017321785476,0.02740131183799443
voter,rho_1_over_2pi,0.15915494309189535,16,3.3999999999999999,2231105,5,3000,0.2108330826845496,0.375,1500,0.2414978132841837,0.11964739549722092,0.2562458361092605,0.07888244564432509
voter,rho_1_over_2pi,0.15915494309189535,16,3.3999999999999999,2231106,6,3000,0.2608061608003035,0.125,1500,0.24473473209565308,0.12462638963981061,0.2497085276482345,0.004258176353029475
voter,rho_1_over_2pi,0.15915494309189535,16,3.3999999999999999,2231107,7,3000,0.14771189984630645,0.125,1500,0.2416402935632486,0.1219436417920979,0.24646069287141906,0.059801560482667736
voter,rho_1_over_2pi,0.15915494309189535,16,3.3999999999999999,2231108,8,3000,0.3146197012489857,0.125,1500,0.24178999335805731,0.1195985127523486,0.298217854763491,0.052089790523771086
voter,rho_1_over_2pi,0.15915494309189535,16,3.3999999999999999,2231109,9,3000,0.20970649196775926,0.125,1500,0.24700424666563525,0.12473140270922614,0.3002998001332445,0.03421385686081735
voter,rho_1_over_2pi,0.15915494309189535,16,3.3999999999999999,2231110,10,3000,0.045561809027720994,0.125,1500,0.23644921230237345,0.11837233363441765,0.22993004663557629,0.04678909015243791
voter,rho_1_over_2pi,0.15915494309189535,16,3.3999999999999999,2231111,11,3000,0.08750855662922974,0.1875,1500,0.2431561829345262,0.1252174558659045,0.4104763491005996,0.09345997233740856
voter,rho_1_over_2pi,0.15915494309189535,16,3.3999999999999999,2231112,12,3000,0.19107316937482902,0.0625,1500,0.2267830038778413,0.11444566974949276,0.1911225849433711,0.03467293595762645
voter,rho_1_over_2pi,0.15915494309189535,16,3.3999999999999999,2231113,13,3000,0.5201186115925698,0.125,1500,0.2410663012405094,0.1240847282641134,0.21027648234510327,0.044521553515118814
voter,rho_1_over_2pi,0.15915494309189535,16,3.3999999999999999,2231114,14,3000,0.2792809283200547,0.1875,1500,0.23454491224804233,0.11896741088807751,0.2415473017988008,0.05766043077821945
voter,rho_1_over_2pi,0.15915494309189535,16,3.3999999999999999,2231115,15,3000,0.14110720021501166,0.3125,1500,0.2319384857254939,0.11660902027088847,0.2702781479013991,0.07277313695674908
voter,rho_1_over_2pi,0.15915494309189535,16,3.3999999999999999,2231116,16,3000,0.09772782308554395,0.1875,1500,0.23669066988947635,0.12024821871267702,0.3354013990672885,0.06733983345139634
voter,rho_1_over_2pi,0.15915494309189535,16,3.3999999999999999,2231117,17,3000,0.2732970263281605,0.125,1500,0.244909819988206,0.125017466808255,0.2905979347101932,0.03289009825701595
voter,rho_1_over_2pi,0.15915494309189535,16,3.3999999999999999,2231118,18,3000,0.1794155600543477,0.125,1500,0.24110454809660123,0.12551984836050656,0.2646985343104597,0.06326527400230923
voter,rho_1_over_2pi,0.15915494309189535,16,3.3999999999999999,2231119,19,3000,0.1801096102393811,0.1875,1500,0.2345746055369541,0.1207315059041363,0.25462191872085277,0.06093543611342391
voter,rho_1_over_2pi,0.15915494309189535,16,3.6000000000000001,2231200,0,3000,0.25093476961136735,0.1875,1500,0.23544525589304613,0.12373720221749257,0.3258244503664224,0.08149128854285868
voter,rho_1_over_2pi,0.15915494309189535,16,3.6000000000000001,2231201,1,3000,0.21431763406368237,0.125,1500,0.2322175368424553,0.11568786010301847,0.2714856762158561,0.06687732234370022
voter,rho_1_over_2pi,0.15915494309189535,16,3.6000000000000001,2231202,2,3000,0.4107804295085963,0.125,1500,0.23420425049997412,0.1250206693537694,0.4270902731512325,0.06023893695643689
voter,rho_1_over_2pi,0.15915494309189535,16,3.6000000000000001,2231203,3,3000,0.20036108243935644,0.1875,1500,0.23145517905977775,0.11908510519442164,0.27402564956695535,0.08096933670225895
voter,rho_1_over_2pi,0.15915494309189535,16,3.6000000000000001,2231204,4,3000,0.06735005002161837,0.125,1500,0.24283289471452973,0.12518842055149346,0.3280313124583611,0.04993930378804269
voter,rho_1_over_2pi,0.15915494309189535,16,3.6000000000000001,2231205,5,3000,0.43585261310632106,0.1875,1500,0.23406976732919618,0.11768846102431375,0.2288057961359094,0.06054131035534924
voter,rho_1_over_2pi,0.15915494309189535,16,3.6000000000000001,2231206,6,3000,0.2315263884247584,0.125,1500,0.24311877789883177,0.12403847482428419,0.3317788141239174,0.03892416109968911
voter,rho_1_over_2pi,0.15915494309189535,16,3.6000000000000001,2231207,7,3000,0.10725926784736496,0.25,1500,0.23212376738521576,0.11917063664748292,0.435709526982012,0.0894386478059785
voter,rho_1_over_2pi,0.15915494309189535,16,3.6000000000000001,2231208,8,3000,0.3628608253988679,0.125,1500,0.2385726284053985,0.12179639847796692,0.29134743504330446,0.04747518418087432
voter,rho_1_over_2pi,0.15915494309189535,16,3.6000000000000001,2231209,9,3000,0.19174837573576053,0.125,1500,0.23425134970061234,0.11718543555800348,0.20877748167888074,0.08495078003899871
voter,rho_1_over_2pi,0.15915494309189535,16,3.6000000000000001,2231210,10,3000,0.08547416584311564,0.375,1500,0.23766247785408057,0.11859471856557532,0.2954280479680213,0.03614473025357401
voter,rho_1_over_2pi,0.15915494309189535,16,3.6000000000000001,2231211,11,3000,0.2136337239076128,0.1875,1500,0.22844425441490956,0.11855379664674233,0.3583860759493671,0.05444267636072534
voter,rho_1_over_2pi,0.15915494309189535,16,3.6000000000000001,2231212,12,3000,0.24170336251171143,0.1875,1500,0.23796905423993187,0.12243644267776511,0.2599933377748168,0.04561766077886073
voter,rho_1_over_2pi,0.15915494309189535,16,3.6000000000000001,2231213,13,3000,0.15258498005683993,0.125,1500,0.2370470682782551,0.12342269827191067,0.2699450366422385,0.07043154413146731
voter,rho_1_over_2pi,0.15915494309189535,16,3.6000000000000001,2231214,14,3000,0.2470869841822665,0.125,1500,0.2342882498209771,0.1222102320260938,0.2491672218520986,0.008183502005459923
voter,rho_1_over_2pi,0.15915494309189535,16,3.6000000000000001,2231215,15,3000,0.31064617397088456,0.1875,1500,0.23469944064413173,0.1195883919368931,0.2692371752165223,0.05891621421038543
voter,rho_1_over_2pi,0.15915494309189535,16,3.6000000000000001,2231216,16,3000,0.11711928431944205,0.125,1500,0.24218612776628243,0.12806699478319972,0.25620419720186544,0.02510643119030812
voter,rho_1_over_2pi,0.15915494309189535,16,3.6000000000000001,2231217,17,3000,0.04305655382738753,0.125,1500,0.24095817545264137,0.1245836815998354,0.29884243837441704,0.04824334196985894
voter,rho_1_over_2pi,0.15915494309189535,16,3.6000000000000001,2231218,18,3000,0.07022776903765941,0.1875,1500,0.22778928160976125,0.11398722530849686,0.19245502998001332,0.05261042582111504
voter,rho_1_over_2pi,0.15915494309189535,16,3.6000000000000001,2231219,19,3000,0.3266761821605971,0.125,1500,0.22534074317759148,0.1124497949441843,0.26777981345769486,0.03883533009588144
voter,rho_1_over_2pi,0.15915494309189535,16,3.7999999999999998,2231300,0,3000,0.24554238410200446,0.125,1500,0.23446818953288942,0.11920267048793168,0.25391405729513655,0.051220561414855134
voter,rho_1_over_2pi,0.15915494309189535,16,3.7999999999999998,2231301,1,3000,0.2183877173373087,0.125,1500,0.22745012291823954,0.11688102570689225,0.22768154563624252,0.05429094014432714
voter,rho_1_over_2pi,0.15915494309189535,16,3.7999999999999998,2231302,2,3000,0.10925448932669891,0.1875,1500,0.23202093704252327,0.1177087903976152,0.3350682878081279,0.07655994525112468
voter,rho_1_over_2pi,0.15915494309189535,16,3.7999999999999998,2231303,3,3000,0.19490250685836796,0.1875,1500,0.24108228064078954,0.12073207385610144,0.3593437708194537,0.05860649220765151
voter,rho_1_over_2pi,0.15915494309189535,16,3.7999999999999998,2231304,4,3000,0.16664043296704872,0.3125,1500,0.23009693192420042,0.11748560239185174,0.19445369753497668,0.027961076638449857
voter,rho_1_over_2pi,0.15915494309189535,16,3.7999999999999998,2231305,5,3000,0.3798853294872715,0.125,1500,0.23378445118504687,0.12022049244764073,0.24587774816788807,0.048193289461222116
voter,rho_1_over_2pi,0.15915494309189535,16,3.7999999999999998,2231306,6,3000,0.04466719126372212,0.1875,1500,0.22801299797120644,0.12075887041035467,0.24641905396402397,0.06853888111542758
voter,rho_1_over_2pi,0.15915494309189535,16,3.7999999999999998,2231307,7,3000,0.07736923027360092,0.125,1500,0.23343845276551098,0.11868501789499904,0.18629247168554297,0.012747355539007786
voter,rho_1_over_2pi,0.15915494309189535,16,3.7999999999999998,2231308,8,3000,0.1684079140261333,0.125,1500,0.22732903455216746,0.11173258157401524,0.22584943371085942,0.03830752324441013
voter,rho_1_over_2pi,0.15915494309189535,16,3.7999999999999998,2231309,9,3000,0.1666325845917126,0.125,1500,0.2272796934028586,0.11489956910958994,0.2568287808127915,0.08770974669139957
voter,rho_1_over_2pi,0.15915494309189535,16,3.7999999999999998,2231310,10,3000,0.23044220188176953,0.125,1500,0.2218562327332016,0.11273501954139681,0.125,0.0
voter,rho_1_over_2pi,0.15915494309189535,16,3.7999999999999998,2231311,11,3000,0.38166096419722256,0.25,1500,0.22761324939776056,0.11628075402230324,0.2653647568287808,0.09679617604684926
voter,rho_1_over_2pi,0.15915494309189535,16,3.7999999999999998,2231312,12,3000,0.15328135814751462,0.125,1500,0.22409818881038374,0.11410253541287771,0.1904147235176549,0.06140224126950276
voter,rho_1_over_2pi,0.15915494309189535,16,3.7999999999999998,2231313,13,3000,0.10635090191577203,0.125,1500,0.23065489915501625,0.11502473146642071,0.21052631578947367,0.03929283466206475
voter,rho_1_over_2pi,0.15915494309189535,16,3.7999999999999998,2231314,14,3000,0.43275650071296023,0.3125,1500,0.23502837221909711,0.11830969920729567,0.2436292471685543,0.041236395621065
voter,rho_1_over_2pi,0.15915494309189535,16,3.7999999999999998,2231315,15,3000,0.2105868425951491,0.0625,1500,0.2355746106383796,0.11965852186867859,0.33182045303131247,0.07055012186333443
voter,rho_1_over_2pi,0.15915494309189535,16,3.7999999999999998,2231316,16,3000,0.22963635754487458,0.125,1500,0.2384493002942236,0.11796408606643437,0.26586442371752167,0.0457505304099943
voter,rho_1_over_2pi,0.15915494309189535,16,3.7999999999999998,2231317,17,3000,0.14698307073073974,0.25,1500,0.2274172100382323,0.11385951038531421,0.2595769487008661,0.08125107025349558
voter,rho_1_over_2pi,0.15915494309189535,16,3.7999999999999998,2231318,18,3000,0.42017576516429794,0.1875,1500,0.23095088570422845,0.11588063935231843,0.19920053297801465,0.04581033037212469
voter,rho_1_over_2pi,0.15915494309189535,16,3.7999999999999998,2231319,19,3000,0.23414507430954334,0.1875,1500,0.22102177452579772,0.11460086855805891,0.18841605596269154,0.028843352602889567
voter,rho_1_over_2pi,0.15915494309189535,16,4.2000000000000002,2231400,0,3000,0.04560939545654168,0.125,1500,0.2302259703077709,0.11545782544604972,0.2882661558960693,0.049939963427915714
voter,rho_1_over_2pi,0.15915494309189535,16,4.2000000000000002,2231401,1,3000,0.26701074065622143,0.125,1500,0.23625816270221328,0.12068434094775164,0.3126665556295803,0.11823804555690606
voter,rho_1_over_2pi,0.15915494309189535,16,4.2000000000000002,2231402,2,3000,0.2396510699307918,0.1875,1500,0.23249587429695284,0.11701764544907865,0.3405229846768821,0.06077414998567601
voter,rho_1_over_2pi,0.15915494309189535,16,4.2000000000000002,2231403,3,3000,0.2168800630435834,0.125,1500,0.22585488822239164,0.11727596179351794,0.18899900066622252,0.00983083933679905
voter,rho_1_over_2pi,0.15915494309189535,16,4.2000000000000002,2231404,4,3000,0.24428092196767295,0.125,1500,0.2282282515994954,0.11374194873338599,0.2782311792138574,0.05176726077052373
voter,rho_1_over_2pi,0.15915494309189535,16,4.2000000000000002,2231405,5,3000,0.2693420032754003,0.25,1500,0.2245101191181192,0.11859235171900592,0.26973684210526316,0.05731571024882126
voter,rho_1_over_2pi,0.15915494309189535,16,4.2000000000000002,2231406,6,3000,0.2961499736220788,0.125,1500,0.22065777831761935,0.1104521069340407,0.17567455029980014,0.026125220773051364
voter,rho_1_over_2pi,0.15915494309189535,16,4.2000000000000002,2231407,7,3000,0.4307954835592741,0.1875,1500,0.22981450617152388,0.11627328165744644,0.2267238507661559,0.03887852231969736
voter,rho_1_over_2pi,0.15915494309189535,16,4.2000000000000002,2231408,8,3000,0.05696181336928978,0.1875,1500,0.2272685507399892,0.11327416582993208,0.2677381745502998,0.04948878299140993
voter,rho_1_over_2pi,0.15915494309189535,16,4.2000000000000002,2231409,9,3000,0.2429117629639129,0.1875,1500,0.22427612552820328,0.1164008198854398,0.2875582944703531,0.08832883321791063
voter,rho_1_over_2pi,0.15915494309189535,16,4.2000000000000002,2231410,10,3000,0.3938512504906776,0.1875,1500,0.22516933266288244,0.11509343173724056,0.1895819453697535,0.04063018671420786
voter,rho_1_over_2pi,0.15915494309189535,16,4.2000000000000002,2231411,11,3000,0.2398941383841913,0.125,1500,0.226472902312283,0.11673821565876634,0.27460859427048634,0.05066341229321687
voter,rho_1_over_2pi,0.15915494309189535,16,4.2000000000000002,2231412,12,3000,0.22246258012654513,0.1875,1500,0.230418555317796,0.11465844637729503,0.23371918720852763,0.030057061959266426
voter,rho_1_over_2pi,0.15915494309189535,16,4.2000000000000002,2231413,13,3000,0.3367946544320898,0.25,1500,0.22823901514108952,0.11844185320793521,0.27377581612258495,0.06214054159840743
voter,rho_1_over_2pi,0.15915494309189535,16,4.2000000000000002,2231414,14,3000,0.02001462138932682,0.125,1500,0.22879958774256784,0.11619991884151182,0.3165389740173218,0.060720235633077324
voter,rho_1_over_2pi,0.15915494309189535,16,4.2000000000000002,2231415,15,3000,0.44904410907719733,0.125,1500,0.23193601920289827,0.11780131104599745,0.23359427048634243,0.08718145179333117
voter,rho_1_over_2pi,0.15915494309189535,16,4.2000000000000002,2231416,16,3000,0.4563599071135553,0.1875,1500,0.23628171604121526,0.11830823722739112,0.2684876748834111,0.057595354541378284
voter,rho_1_over_2pi,0.15915494309189535,16,4.2000000000000002,2231417,17,3000,0.14026673553132699,0.125,1500,0.22656650272407797,0.1152206523835683,0.21723017988007995,0.05603102561391076
voter,rho_1_over_2pi,0.15915494309189535,16,4.2000000000000002,2231418,18,3000,0.15137252069027216,0.125,1500,0.2259039431609432,0.11731493049744078,0.18929047301798801,0.018091518283997743
voter,rho_1_over_2pi,0.15915494309189535,16,4.2000000000000002,2231419,19,3000,0.10264248547332813,0.1875,1500,0.2324948873540986,0.12033012904830402,0.3395236508994004,0.09805298745081675
voter,rho_1_over_2pi,0.15915494309189535,16,4.4000000000000004,2231500,0,3000,0.2301595218404796,0.125,1500,0.22526600081898465,0.11614287539935951,0.20736175882744837,0.03199743457567883
voter,rho_1_over_2pi,0.15915494309189535,16,4.4000000000000004,2231501,1,3000,0.32074589966339573,0.125,1500,0.22546993053235084,0.11609360927716686,0.2470852764823451,0.04159241241572554
voter,rho_1_over_2pi,0.15915494309189535,16,4.4000000000000004,2231502,2,3000,0.47815619286982197,0.1875,1500,0.22345335522595425,0.11494473259649401,0.22972185209860094,0.029260570082047722
voter,rho_1_over_2pi,0.15915494309189535,16,4.4000000000000004,2231503,3,3000,0.12054981504663315,0.25,1500,0.22165705110885492,0.11102749719425398,0.20298967355096603,0.05427196724836272
voter,rho_1_over_2pi,0.15915494309189535,16,4.4000000000000004,2231504,4,3000,0.11836328917923496,0.1875,1500,0.22150842146514566,0.11083022699419647,0.20019986675549634,0.031736496705950225
voter,rho_1_over_2pi,0.15915494309189535,16,4.4000000000000004,2231505,5,3000,0.21746574077629305,0.125,1500,0.22930768475674246,0.11843892650173628,0.22293471019320454,0.0742866815812838
voter,rho_1_over_2pi,0.15915494309189535,16,4.4000000000000004,2231506,6,3000,0.056725846460424945,0.3125,1500,0.22865348430462204,0.11549041041568978,0.27927215189873417,0.06284769284258429
voter,rho_1_over_2pi,0.15915494309189535,16,4.4000000000000004,2231507,7,3000,0.1773983367155099,0.1875,1500,0.22731647287450343,0.1145931295958324,0.2076115922718188,0.03829715730126813
voter,rho_1_over_2pi,0.15915494309189535,16,4.4000000000000004,2231508,8,3000,0.564301402327389,0.125,1500,0.22201882492321776,0.11389066187510455,0.24396235842771485,0.050629795226963877
voter,rho_1_over_2pi,0.15915494309189535,16,4.4000000000000004,2231509,9,3000,0.12210023021591647,0.1875,1500,0.223199801867568,0.1128244471323859,0.20569620253164558,0.05126268691933241
voter,rho_1_over_2pi,0.15915494309189535,16,4.4000000000000004,2231510,10,3000,0.03957207361292135,0.1875,1500,0.2223298713509334,0.11354924173128936,0.16842938041305797,0.0441868271368392
voter,rho_1_over_2pi,0.15915494309189535,16,4.4000000000000004,2231511,11,3000,0.35209345642815115,0.25,1500,0.22667797241796145,0.11636241718352813,0.3179963357761492,0.03736205121934512
voter,rho_1_over_2pi,0.15915494309189535,16,4.4000000000000004,2231512,12,3000,0.3552429911504517,0.125,1500,0.2264013224764636,0.11617876915976798,0.21219187208527648,0.05580673107315024
voter,rho_1_over_2pi,0.15915494309189535,16,4.4000000000000004,2231513,13,3000,0.15300840338334337,0.125,1500,0.2219520876075145,0.11258140566130911,0.18966522318454362,0.011655175718086613
voter,rho_1_over_2pi,0.15915494309189535,16,4.4000000000000004,2231514,14,3000,0.16415528980081218,0.125,1500,0.22915833858801926,0.11540018887170544,0.23355263157894737,0.05473148884164362
voter,rho_1_over_2pi,0.15915494309189535,16,4.4000000000000004,2231515,15,3000,0.1352597606602156,0.25,1500,0.22493557825118304,0.11389539585913379,0.2537058627581612,0.04048222719242992
voter,rho_1_over_2pi,0.15915494309189535,16,4.4000000000000004,2231516,16,3000,0.30343762043574013,0.125,1500,0.2307107651826776,0.11628149489722267,0.24408727514990006,0.0436629561773152
voter,rho_1_over_2pi,0.15915494309189535,16,4.4000000000000004,2231517,17,3000,0.2606203828094842,0.125,1500,0.2312881920254213,0.1174534371389796,0.19815956029313792,0.049152186102018464
voter,rho_1_over_2pi,0.15915494309189535,16,4.4000000000000004,2231518,18,3000,0.17433719235667675,0.1875,1500,0.22206969217278205,0.1148981794785999,0.23934043970686208,0.03267839916048624
voter,rho_1_over_2pi,0.15915494309189535,16,4.4000000000000004,2231519,19,3000,0.08935125276315493,0.1875,1500,0.22940222088597087,0.115717032578201,0.3405229846768821,0.08359531000071926
voter,rho_1_over_2pi,0.15915494309189535,16,4.5999999999999996,2231600,0,3000,0.25359097963778954,0.125,1500,0.21934978849166328,0.11172028899535566,0.2019070619586942,0.042810548093627276
voter,rho_1_over_2pi,0.15915494309189535,16,4.5999999999999996,2231601,1,3000,0.13294518485340112,0.1875,1500,0.21980448112409562,0.11345050008561018,0.2257245169886742,0.03138745148053464
voter,rho_1_over_2pi,0.15915494309189535,16,4.5999999999999996,2231602,2,3000,0.23543211495869418,0.125,1500,0.22508945781154036,0.1121987935087932,0.19682711525649568,0.058578943280631623
voter,rho_1_over_2pi,0.15915494309189535,16,4.5999999999999996,2231603,3,3000,0.21928043823148516,0.1875,1500,0.22444683954652095,0.11574516885387853,0.19616089273817455,0.05819126321186906
voter,rho_1_over_2pi,0.15915494309189535,16,4.5999999999999996,2231604,4,3000,0.2033009331712623,0.125,1500,0.22664906434064463,0.11402550211367965,0.17800632911392406,0.05610075991529493
voter,rho_1_over_2pi,0.15915494309189535,16,4.5999999999999996,2231605,5,3000,0.41206941755119547,0.125,1500,0.22227486034557922,0.11387370415593293,0.23188707528314456,0.07734868363628962
voter,rho_1_over_2pi,0.15915494309189535,16,4.5999999999999996,2231606,6,3000,0.19680317810078218,0.125,1500,0.2242962131775676,0.11836383224191066,0.18945702864756828,0.037747914496908765
voter,rho_1_over_2pi,0.15915494309189535,16,4.5999999999999996,2231607,7,3000,0.2153430362695088,0.1875,1500,0.22380197529951668,0.11654651777027371,0.21985343104596936,0.05552760238658074
voter,rho_1_over_2pi,0.15915494309189535,16,4.5999999999999996,2231608,8,3000,0.3777404593591402,0.125,1500,0.22823670271443205,0.11589112972340367,0.2874333777481679,0.07153903598318619
voter,rho_1_over_2pi,0.15915494309189535,16,4.5999999999999996,2231609,9,3000,0.14352823197693598,0.1875,1500,0.2224082766327739,0.11760487475849225,0.1931628914057295,0.043874369607952234
voter,rho_1_over_2pi,0.15915494309189535,16,4.5999999999999996,2231610,10,3000,0.41902919249277687,0.125,1500,0.21721980551726466,0.11205782139585907,0.2166055962691539,0.04762326138884952
voter,rho_1_over_2pi,0.15915494309189535,16,4.5999999999999996,2231611,11,3000,0.31709878854112217,0.125,1500,0.21982291571558651,0.1140221818927378,0.17275982678214524,0.03580122846677409
voter,rho_1_over_2pi,0.15915494309189535,16,4.5999999999999996,2231612,12,3000,0.37450670067321035,0.125,1500,0.22777405510693313,0.11368983979653022,0.13949033977348435,0.031912032548923316
voter,rho_1_over_2pi,0.15915494309189535,16,4.5999999999999996,2231613,13,3000,0.12084126524895009,0.1875,1500,0.22710651162479856,0.1180809334438218,0.13874083944037308,0.02588419974612322
voter,rho_1_over_2pi,0.15915494309189535,16,4.5999999999999996,2231614,14,3000,0.14192055185266317,0.125,1500,0.22441084397936442,0.11512295456416627,0.24820952698201199,0.05974891586640964
voter,rho_1_over_2pi,0.15915494309189535,16,4.5999999999999996,2231615,15,3000,0.137402842202712,0.125,1500,0.22001948881811187,0.11238640144123742,0.16555629580279813,0.03762507892740665
voter,rho_1_over_2pi,0.15915494309189535,16,4.5999999999999996,2231616,16,3000,0.2077856433489032,0.125,1500,0.22295989099026248,0.11353731029419364,0.2842688207861426,0.09724495599377399
voter,rho_1_over_2pi,0.15915494309189535,16,4.5999999999999996,2231617,17,3000,0.11516507059564242,0.125,1500,0.22318563764133087,0.11434946724160516,0.1638074616922052,0.042045689564394126
voter,rho_1_over_2pi,0.15915494309189535,16,4.5999999999999996,2231618,18,3000,0.22130626298047146,0.1875,1500,0.230721968036128,0.11801360772867106,0.24163057961359094,0.06134602443886798
voter,rho_1_over_2pi,0.15915494309189535,16,4.5999999999999996,2231619,19,3000,0.024949025469149864,0.125,1500,0.2207442974892168,0.11555691856405972,0.21348267821452366,0.05959236136788102
voter,rho_1_over_2pi,0.15915494309189535,16,4.7999999999999998,2231700,0,3000,0.2842809847407436,0.125,1500,0.22071139880162371,0.11484239303388386,0.18242005329780148,0.017078958117819443
voter,rho_1_over_2pi,0.15915494309189535,16,4.7999999999999998,2231701,1,3000,0.28563226198735203,0.1875,1500,0.22326071271541098,0.11406868703158639,0.2295136575616256,0.03424905810907922
voter,rho_1_over_2pi,0.15915494309189535,16,4.7999999999999998,2231702,2,3000,0.2844216073954171,0.25,1500,0.2221100818868597,0.11188569083883655,0.18400233177881412,0.06246457885995136
voter,rho_1_over_2pi,0.15915494309189535,16,4.7999999999999998,2231703,3,3000,0.15197587854392697,0.125,1500,0.22410843807351877,0.11365690610165415,0.22372584943371085,0.0439353814845983
voter,rho_1_over_2pi,0.15915494309189535,16,4.7999999999999998,2231704,4,3000,0.30950952723097197,0.1875,1500,0.22045923039774123,0.11263355210974184,0.22301798800799466,0.05565559851250665
voter,rho_1_over_2pi,0.15915494309189535,16,4.7999999999999998,2231705,5,3000,0.3676249899150894,0.1875,1500,0.21885056195289807,0.11344460203249482,0.18129580279813456,0.0690898268410273
voter,rho_1_over_2pi,0.15915494309189535,16,4.7999999999999998,2231706,6,3000,0.19106923518422,0.125,1500,0.22132558949984885,0.11106506541599384,0.1922051965356429,0.016647545538698467
voter,rho_1_over_2pi,0.15915494309189535,16,4.7999999999999998,2231707,7,3000,0.28973685131512567,0.125,1500,0.22726757386853177,0.11636447629597746,0.19936708860759494,0.026648965793558157
voter,rho_1_over_2pi,0.15915494309189535,16,4.7999999999999998,2231708,8,3000,0.03896654977305727,0.1875,1500,0.2266091213869404,0.11353195214312196,0.2622001998667555,0.03474222280256668
voter,rho_1_over_2pi,0.15915494309189535,16,4.7999999999999998,2231709,9,3000,0.17438101772221137,0.1875,1500,0.22292296473977838,0.11732017985070485,0.18866588940706197,0.02847102731013345
voter,rho_1_over_2pi,0.15915494309189535,16,4.7999999999999998,2231710,10,3000,0.060670931708459136,0.1875,1500,0.22248794280812229,0.1113850996644722,0.22056129247168554,0.04725313395197065
voter,rho_1_over_2pi,0.15915494309189535,16,4.7999999999999998,2231711,11,3000,0.08872316140603966,0.125,1500,0.21982268062004656,0.11281803951159385,0.16443204530313124,0.033974184546557464
voter,rho_1_over_2pi,0.15915494309189535,16,4.7999999999999998,2231712,12,3000,0.14163928302908585,0.375,1500,0.22627751959448497,0.11528769547828917,0.28868254497002,0.06272906581471478
voter,rho_1_over_2pi,0.15915494309189535,16,4.7999999999999998,2231713,13,3000,0.09728631015982804,0.1875,1500,0.2253243698139684,0.11540964708276166,0.1688041305796136,0.04300603752286407
voter,rho_1_over_2pi,0.15915494309189535,16,4.7999999999999998,2231714,14,3000,0.11946813767433145,0.1875,1500,0.22330811856081056,0.11110245342121843,0.1542305129913391,0.03118467848514475
voter,rho_1_over_2pi,0.15915494309189535,16,4.7999999999999998,2231715,15,3000,0.32012994120406335,0.1875,1500,0.22540329328697614,0.11629958508845627,0.18175383077948035,0.022429500039026242
voter,rho_1_over_2pi,0.15915494309189535,16,4.7999999999999998,2231716,16,3000,0.048640112088910864,0.1875,1500,0.22673966329706005,0.11268196241329921,0.2576199200532978,0.020449494412147762
voter,rho_1_over_2pi,0.15915494309189535,16,4.7999999999999998,2231717,17,3000,0.22813330674010743,0.1875,1500,0.22338701602366218,0.11312762602689312,0.2613674217188541,0.05175717864142861
voter,rho_1_over_2pi,0.15915494309189535,16,4.7999999999999998,2231718,18,3000,0.24864700592583855,0.125,1500,0.2260532265759221,0.11471370108620574,0.1748834110592938,0.03093969760730643
voter,rho_1_over_2pi,0.15915494309189535,16,4.7999999999999998,2231719,19,3000,0.1584718495549001,0.125,1500,0.225185724607991,0.11217853268311892,0.1757578281145903,0.04537150828993272
voter,rho_1_over_2pi,0.15915494309189535,16,5.2000000000000002,2231800,0,3000,0.19497408434674207,0.125,1500,0.21987040562849502,0.11212256717396836,0.16372418387741505,0.036064582423017216
voter,rho_1_over_2pi,0.15915494309189535,16,5.2000000000000002,2231801,1,3000,0.19235826320598146,0.1875,1500,0.22490212914353702,0.1166126692232667,0.19628580946035976,0.025575239260897813
voter,rho_1_over_2pi,0.15915494309189535,16,5.2000000000000002,2231802,2,3000,0.223490317456352,0.125,1500,0.22298944242351154,0.11468025443301444,0.15631245836109262,0.039556392225637727
voter,rho_1_over_2pi,0.15915494309189535,16,5.2000000000000002,2231803,3,3000,0.4758103402170651,0.125,1500,0.22192556295416616,0.11433480104002577,0.26827948034643573,0.07190273756645209
voter,rho_1_over_2pi,0.15915494309189535,16,5.2000000000000002,2231804,4,3000,0.03417200001987788,0.125,1500,0.2257036638614913,0.11258847212700457,0.12987175216522318,0.019749751215626766
voter,rho_1_over_2pi,0.15915494309189535,16,5.2000000000000002,2231805,5,3000,0.059557483132781565,0.1875,1500,0.2290306436783793,0.11594326910484261,0.17579946702198535,0.027013094754031512
voter,rho_1_over_2pi,0.15915494309189535,16,5.2000000000000002,2231806,6,3000,0.06069139646862004,0.125,1500,0.2221594597706175,0.11547759260516083,0.175008327781479,0.024993751996100797
voter,rho_1_over_2pi,0.15915494309189535,16,5.2000000000000002,2231807,7,3000,0.1020253229561048,0.125,1500,0.23156888789797708,0.11635324343301778,0.18808294470353099,0.04470265909804452
voter,rho_1_over_2pi,0.15915494309189535,16,5.2000000000000002,2231808,8,3000,0.15792315666215165,0.1875,1500,0.21888200675337882,0.11094994970392613,0.38228680879413723,0.10691788233733596
voter,rho_1_over_2pi,0.15915494309189535,16,5.2000000000000002,2231809,9,3000,0.006549658760486209,0.1875,1500,0.22645234627438907,0.11485748268982174,0.14881745502998,0.03169538752024923
voter,rho_1_over_2pi,0.15915494309189535,16,5.2000000000000002,2231810,10,3000,0.3917517475704018,0.3125,1500,0.21747040032109058,0.1140434682620012,0.15914390406395737,0.040234260864548996
voter,rho_1_over_2pi,0.15915494309189535,16,5.2000000000000002,2231811,11,3000,0.3400361071093873,0.125,1500,0.21876949735994478,0.11601626309105943,0.1638074616922052,0.043981764863698695
voter,rho_1_over_2pi,0.15915494309189535,16,5.2000000000000002,2231812,12,3000,0.2401493961693678,0.25,1500,0.22390976446020214,0.1118362104863424,0.22347601598934044,0.05571208008268032
voter,rho_1_over_2pi,0.15915494309189535,16,5.2000000000000002,2231813,13,3000,0.13328745712013196,0.125,1500,0.21966401150886805,0.11291936192503742,0.21710526315789475,0.03985010947033275
voter,rho_1_over_2pi,0.15915494309189535,16,5.2000000000000002,2231814,14,3000,0.3012703540695447,0.1875,1500,0.22254459661602155,0.11199832335274744,0.14665223184543638,0.032015256658499636
voter,rho_1_over_2pi,0.15915494309189535,16,5.2000000000000002,2231815,15,3000,0.2414041119084057,0.3125,1500,0.22465259534562915,0.11352147905974226,0.2280979347101932,0.0438742115382867
voter,rho_1_over_2pi,0.15915494309189535,16,5.2000000000000002,2231816,16,3000,0.43761712646192547,0.125,1500,0.21943096867950243,0.11167837317503485,0.1787558294470353,0.02168063977148641
voter,rho_1_over_2pi,0.15915494309189535,16,5.2000000000000002,2231817,17,3000,0.28079430006065276,0.25,1500,0.2228299749333064,0.11322031081183097,0.17434210526315788,0.03676812191883915
voter,rho_1_over_2pi,0.15915494309189535,16,5.2000000000000002,2231818,18,3000,0.1724652208899165,0.1875,1500,0.2218885445245171,0.11449666475397285,0.16926215856095936,0.028412078938093426
voter,rho_1_over_2pi,0.15915494309189535,16,5.2000000000000002,2231819,19,3000,0.23326089264257566,0.25,1500,0.2281765514928397,0.11389470301076882,0.21427381745503,0.033821611036464846
voter,rho_1_over_2pi,0.15915494309189535,16,5.4000000000000004,2231900,0,3000,0.29991782558713426,0.125,1500,0.22430385929774452,0.11420878182223551,0.17867255163224516,0.02176675626498582
voter,rho_1_over_2pi,0.15915494309189535,16,5.4000000000000004,2231901,1,3000,0.18022669732032623,0.125,1500,0.22389681059664626,0.11405208241468881,0.16784643570952698,0.029814911531887214
voter,rho_1_over_2pi,0.15915494309189535,16,5.4000000000000004,2231902,2,3000,0.08400143946270687,0.125,1500,0.22484565045689106,0.11361981150902849,0.16210026648900733,0.03161629927230287
voter,rho_1_over_2pi,0.15915494309189535,16,5.4000000000000004,2231903,3,3000,0.4231285760837873,0.125,1500,0.22182412118426253,0.11478526716350487,0.16459860093271153,0.03011417211988947
voter,rho_1_over_2pi,0.15915494309189535,16,5.4000000000000004,2231904,4,3000,0.09898287283623279,0.125,1500,0.21853151091044376,0.1110746264185947,0.17763157894736842,0.022790142204853647
voter,rho_1_over_2pi,0.15915494309189535,16,5.4000000000000004,2231905,5,3000,0.21458064581112873,0.125,1500,0.22607032394025844,0.11439922350671256,0.14877581612258495,0.030428669684870756
voter,rho_1_over_2pi,0.15915494309189535,16,5.4000000000000004,2231906,6,3000,0.026567888893864095,0.1875,1500,0.22491289897731553,0.11325541367165684,0.18591772151898733,0.07169310607094426
voter,rho_1_over_2pi,0.15915494309189535,16,5.4000000000000004,2231907,7,3000,0.05839264267922077,0.1875,1500,0.23043281545509753,0.11231058311223452,0.39377914723517654,0.030330392948021402
voter,rho_1_over_2pi,0.15915494309189535,16,5.4000000000000004,2231908,8,3000,0.4726553130844513,0.1875,1500,0.22179867568280356,0.11090781515573093,0.17713191205862758,0.05136212815686664
voter,rho_1_over_2pi,0.15915494309189535,16,5.4000000000000004,2231909,9,3000,0.4666544007792935,0.125,1500,0.21592160857837925,0.11119861611453184,0.18899900066622252,0.04520248137863093
voter,rho_1_over_2pi,0.15915494309189535,16,5.4000000000000004,2231910,10,3000,0.1474336010214063,0.1875,1500,0.2239125015237015,0.11291448324840701,0.14781812125249832,0.030090960782059282
voter,rho_1_over_2pi,0.15915494309189535,16,5.4000000000000004,2231911,11,3000,0.1566358757633815,0.1875,1500,0.2244098348199604,0.11447102609400726,0.1966605596269154,0.03352032908219662
voter,rho_1_over_2pi,0.15915494309189535,16,5.4000000000000004,2231912,12,3000,0.1304936658432647,0.1875,1500,0.21805781151387732,0.11333181395689722,0.2617421718854097,0.05520414672048056
voter,rho_1_over_2pi,0.15915494309189535,16,5.4000000000000004,2231913,13,3000,0.24618274004913482,0.1875,1500,0.22148640380318768,0.11687937736740188,0.2286392405063291,0.031184178101192388
voter,rho_1_over_2pi,0.15915494309189535,16,5.4000000000000004,2231914,14,3000,0.28906002128194186,0.3125,1500,0.22443852537777176,0.11382500616839815,0.21985343104596936,0.08573973778124631
voter,rho_1_over_2pi,0.15915494309189535,16,5.4000000000000004,2231915,15,3000,0.06203423524915399,0.25,1500,0.22539091019469681,0.11338678828251669,0.16043471019320454,0.04171067266607495
voter,rho_1_over_2pi,0.15915494309189535,16,5.4000000000000004,2231916,16,3000,0.1410614813032637,0.125,1500,0.21681033040256306,0.11419996113850764,0.16709693537641573,0.04653307654196293
voter,rho_1_over_2pi,0.15915494309189535,16,5.4000000000000004,2231917,17,3000,0.30340858766231393,0.1875,1500,0.22035892204541394,0.11210698497747747,0.18175383077948035,0.039294467255294695
voter,rho_1_over_2pi,0.15915494309189535,16,5.4000000000000004,2231918,18,3000,0.17936904108377041,0.1875,1500,0.2210856958406523,0.11260982750073052,0.14985842771485677,0.031839963176636135
voter,rho_1_over_2pi,0.15915494309189535,16,5.4000000000000004,2231919,19,3000,0.07584652233555218,0.1875,1500,0.22297915374841287,0.11367941852285675,0.24991672218520986,0.05820961393171562
voter,rho_1_over_2pi,0.15915494309189535,16,5.5999999999999996,2232000,0,3000,0.0304101664433635,0.1875,1500,0.22667796448327923,0.11950891408479554,0.338690872751499,0.09447125752121315
voter,rho_1_over_2pi,0.15915494309189535,16,5.5999999999999996,2232001,1,3000,0.18649554114631164,0.1875,1500,0.22814831394511634,0.11649828578879513,0.2174383744170553,0.05452989724264592
voter,rho_1_over_2pi,0.15915494309189535,16,5.5999999999999996,2232002,2,3000,0.2214489640888106,0.125,1500,0.22640675625313686,0.11492933661165344,0.239881745502998,0.07115790802598658
voter,rho_1_over_2pi,0.15915494309189535,16,5.5999999999999996,2232003,3,3000,0.09178979791730996,0.125,1500,0.22240114721846246,0.11204096475734741,0.17367588274483678,0.04632361665137772
voter,rho_1_over_2pi,0.15915494309189535,16,5.5999999999999996,2232004,4,3000,0.18460901638281066,0.125,1500,0.2222716461382183,0.11137878635615654,0.18591772151898733,0.048852110564444017
voter,rho_1_over_2pi,0.15915494309189535,16,5.5999999999999996,2232005,5,3000,0.20969752715215964,0.1875,1500,0.22259807158165018,0.11159850537552847,0.22385076615589608,0.050739157196691725
voter,rho_1_over_2pi,0.15915494309189535,16,5.5999999999999996,2232006,6,3000,0.16229492778580348,0.125,1500,0.21806919229527136,0.11389889609715612,0.12766489007328446,0.01489672284665975
voter,rho_1_over_2pi,0.15915494309189535,16,5.5999999999999996,2232007,7,3000,0.20766744009847551,0.125,1500,0.22392068462122955,0.11383630290316007,0.12479180546302465,0.003601223902471628
voter,rho_1_over_2pi,0.15915494309189535,16,5.5999999999999996,2232008,8,3000,0.17879898563546356,0.125,1500,0.22023775167279747,0.11503123681214013,0.15052465023317788,0.052290112717755334
voter,rho_1_over_2pi,0.15915494309189535,16,5.5999999999999996,2232009,9,3000,0.24733648593920524,0.125,1500,0.21966753352398938,0.11649078467137777,0.19790972684876748,0.0581730259200563
voter,rho_1_over_2pi,0.15915494309189535,16,5.5999999999999996,2232010,10,3000,0.15458715124023015,0.1875,1500,0.21907317108815783,0.1135794116296711,0.2031562291805463,0.0395749284210566
voter,rho_1_over_2pi,0.15915494309189535,16,5.5999999999999996,2232011,11,3000,0.34762055670736536,0.1875,1500,0.22142312030418454,0.11240898332434215,0.1538141239173884,0.0316521435017672
voter,rho_1_over_2pi,0.15915494309189535,16,5.5999999999999996,2232012,12,3000,0.28031702420021215,0.125,1500,0.22749207980888195,0.11819542705631843,0.167263491005996,0.043366157432546903
voter,rho_1_over_2pi,0.15915494309189535,16,5.5999999999999996,2232013,13,3000,0.2321532379674044,0.25,1500,0.22443864797650206,0.11754278189028337,0.17667388407728182,0.044384067492803644
voter,rho_1_over_2pi,0.15915494309189535,16,5.5999999999999996,2232014,14,3000,0.028190998182756992,0.1875,1500,0.22371180855874928,0.11708286032969156,0.16280812791472352,0.03833607166841237
voter,rho_1_over_2pi,0.15915494309189535,16,5.5999999999999996,2232015,15,3000,0.29922661601644107,0.1875,1500,0.22198930246642629,0.11447148474272692,0.191663890739507,0.01702201386288029
voter,rho_1_over_2pi,0.15915494309189535,16,5.5999999999999996,2232016,16,3000,0.15521777500589823,0.1875,1500,0.21983949370416941,0.11607298397405565,0.24046469020652897,0.03314195467401133
voter,rho_1_over_2pi,0.15915494309189535,16,5.5999999999999996,2232017,17,3000,0.3805278865434515,0.25,1500,0.22466782158092133,0.1147493428265749,0.18837441705529648,0.06853192420558273
voter,rho_1_over_2pi,0.15915494309189535,16,5.5999999999999996,2232018,18,3000,0.290302798108575,0.125,1500,0.22373926336698524,0.11423675498526652,0.20736175882744837,0.04211099799976375
voter,rho_1_over_2pi,0.15915494309189535,16,5.5999999999999996,2232019,19,3000,0.2529915345999314,0.1875,1500,0.22519423521082965,0.11178386396762004,0.24887574950033312,0.05233637983040134
voter,rho_1_over_2pi,0.15915494309189535,16,5.7999999999999998,2232100,0,3000,0.10111190506282741,0.1875,1500,0.22645715134021147,0.11530755706206498,0.142863091272485,0.030878780375084364
voter,rho_1_over_2pi,0.15915494309189535,16,5.7999999999999998,2232101,1,3000,0.17335261746682304,0.1875,1500,0.21546042893499284,0.1141937452975347,0.16010159893404396,0.03465763124007357
voter,rho_1_over_2pi,0.15915494309189535,16,5.7999999999999998,2232102,2,3000,0.17741455827949223,0.25,1500,0.22466676764808727,0.11142186817653742,0.29567788141239176,0.05801401198604911
voter,rho_1_over_2pi,0.15915494309189535,16,5.7999999999999998,2232103,3,3000,0.16513700487547006,0.125,1500,0.2218245027537938,0.11436535619244223,0.18691705529646901,0.006007846489659284
voter,rho_1_over_2pi,0.15915494309189535,16,5.7999999999999998,2232104,4,3000,0.21841977157465822,0.1875,1500,0.2291313863781404,0.11825271074077078,0.19437041972018654,0.0349310975594228
voter,rho_1_over_2pi,0.15915494309189535,16,5.7999999999999998,2232105,5,3000,0.02995332914173329,0.1875,1500,0.22080167110562887,0.10878666597635829,0.1735093271152565,0.03409883320578961
voter,rho_1_over_2pi,0.15915494309189535,16,5.7999999999999998,2232106,6,3000,0.3297233940741363,0.1875,1500,0.22552060546253042,0.11567057777826048,0.125,0.0
voter,rho_1_over_2pi,0.15915494309189535,16,5.7999999999999998,2232107,7,3000,0.3242613651145004,0.125,1500,0.2165056298054367,0.11137046047502552,0.1611842105263158,0.030857998419890984
voter,rho_1_over_2pi,0.15915494309189535,16,5.7999999999999998,2232108,8,3000,0.1022530828247118,0.25,1500,0.22783362896064796,0.113315180838882,0.19853431045969352,0.06045140533576952
voter,rho_1_over_2pi,0.15915494309189535,16,5.7999999999999998,2232109,9,3000,0.26986206989337835,0.125,1500,0.22352229385006558,0.11789823081871101,0.13191205862758162,0.02025466432391917
voter,rho_1_over_2pi,0.15915494309189535,16,5.7999999999999998,2232110,10,3000,0.1378369484364904,0.125,1500,0.22315701734882745,0.114815891248611,0.15310626249167222,0.031091468515956802
voter,rho_1_over_2pi,0.15915494309189535,16,5.7999999999999998,2232111,11,3000,0.3902663773058102,0.125,1500,0.22244020354345767,0.11244199700539019,0.15039973351099267,0.03069750612032837
voter,rho_1_over_2pi,0.15915494309189535,16,5.7999999999999998,2232112,12,3000,0.21217703178409908,0.125,1500,0.22349407259049603,0.11507865343923901,0.16193371085942704,0.03072878017211928
voter,rho_1_over_2pi,0.15915494309189535,16,5.7999999999999998,2232113,13,3000,0.3453135371450888,0.125,1500,0.22487304125904378,0.11588241699665111,0.2084443704197202,0.0511780285820683
voter,rho_1_over_2pi,0.15915494309189535,16,5.7999999999999998,2232114,14,3000,0.10944389052832658,0.125,1500,0.22893069392068927,0.11561914926834606,0.12837275149900065,0.014840517838372938
voter,rho_1_over_2pi,0.15915494309189535,16,5.7999999999999998,2232115,15,3000,0.20778365559757625,0.125,1500,0.21629467937036562,0.11403693607740881,0.16513990672884743,0.04240251679760036
voter,rho_1_over_2pi,0.15915494309189535,16,5.7999999999999998,2232116,16,3000,0.10058603175934422,0.125,1500,0.2229042166104937,0.11542231005290002,0.16638907395069955,0.058069752222016956
voter,rho_1_over_2pi,0.15915494309189535,16,5.7999999999999998,2232117,17,3000,0.09632410434964768,0.125,1500,0.22402164070840108,0.11357487361809893,0.1588107928047968,0.031144900709600937
voter,rho_1_over_2pi,0.15915494309189535,16,5.7999999999999998,2232118,18,3000,0.12495095681205026,0.125,1500,0.22223004794353862,0.11384554848652195,0.16093437708194536,0.04294939763167541
voter,rho_1_over_2pi,0.15915494309189535,16,5.7999999999999998,2232119,19,3000,0.14528262552938626,0.1875,1500,0.22901203558468797,0.11750431429143653,0.16867921385742837,0.028671887675671276
voter,rho_1_over_2pi,0.15915494309189535,16,6.2000000000000002,2232200,0,3000,0.15515955004468393,0.25,1500,0.21981107675098205,0.1136375599940427,0.18658394403730846,0.007849789969535632
voter,rho_1_over_2pi,0.15915494309189535,16,6.2000000000000002,2232201,1,3000,0.11641567626855785,0.25,1500,0.21688430330221664,0.11212309636815102,0.17334277148567623,0.02616103329263686
voter,rho_1_over_2pi,0.15915494309189535,16,6.2000000000000002,2232202,2,3000,0.21994872906344673,0.125,1500,0.2260465176242974,0.11353345510725871,0.1578114590273151,0.0408212099422476
voter,rho_1_over_2pi,0.15915494309189535,16,6.2000000000000002,2232203,3,3000,0.5263389533349988,0.125,1500,0.22372171072881913,0.11789128539747838,0.14136409060626248,0.027571308727476488
voter,rho_1_over_2pi,0.15915494309189535,16,6.2000000000000002,2232204,4,3000,0.21724282075981396,0.1875,1500,0.22022517314771592,0.11668846720110937,0.1822534976682212,0.01733149182900351
voter,rho_1_over_2pi,0.15915494309189535,16,6.2000000000000002,2232205,5,3000,0.17280625680494657,0.125,1500,0.220673459358251,0.11053560205453698,0.16897068620919387,0.04373754479748715
voter,rho_1_over_2pi,0.15915494309189535,16,6.2000000000000002,2232206,6,3000,0.2881992482929619,0.25,1500,0.22437424675030387,0.1159050554257928,0.21444037308461025,0.04188476715681801
voter,rho_1_over_2pi,0.15915494309189535,16,6.2000000000000002,2232207,7,3000,0.20388541289476075,0.125,1500,0.21987133912738402,0.1165861247915414,0.15618754163890738,0.032952400987867156
voter,rho_1_over_2pi,0.15915494309189535,16,6.2000000000000002,2232208,8,3000,0.3110588082963562,0.125,1500,0.22459546989262621,0.11774161564283082,0.20240672884743505,0.07269480681635415
voter,rho_1_over_2pi,0.15915494309189535,16,6.2000000000000002,2232209,9,3000,0.13716837411574256,0.125,1500,0.22356249872342168,0.11507394893689407,0.18358594270486342,0.04435913795578758
voter,rho_1_over_2pi,0.15915494309189535,16,6.2000000000000002,2232210,10,3000,0.14288665769307232,0.1875,1500,0.22150333699952313,0.11600577278459133,0.14969187208527648,0.03122807015569797
voter,rho_1_over_2pi,0.15915494309189535,16,6.2000000000000002,2232211,11,3000,0.13010777679154803,0.125,1500,0.22295988101320593,0.11680838139747743,0.19745169886742173,0.03205957923977228
voter,rho_1_over_2pi,0.15915494309189535,16,6.2000000000000002,2232212,12,3000,0.3375235439920618,0.125,1500,0.22549307293962959,0.11526033989640008,0.21568954030646237,0.045217284475205566
voter,rho_1_over_2pi,0.15915494309189535,16,6.2000000000000002,2232213,13,3000,0.08824509912773763,0.25,1500,0.21892893350786527,0.11126952590664277,0.14119753497668222,0.02766948476200715
voter,rho_1_over_2pi,0.15915494309189535,16,6.2000000000000002,2232214,14,3000,0.23893131242817064,0.1875,1500,0.22405784888087055,0.1155256050541966,0.1820869420386409,0.05486655669300811
voter,rho_1_over_2pi,0.15915494309189535,16,6.2000000000000002,2232215,15,3000,0.3687626840337493,0.125,1500,0.22407124465427447,0.11567169000734491,0.1477348434377082,0.030067500872531107
voter,rho_1_over_2pi,0.15915494309189535,16,6.2000000000000002,2232216,16,3000,0.3855573591825867,0.125,1500,0.22297673802562148,0.11649425540866705,0.18067121918720852,0.028861560445196027
voter,rho_1_over_2pi,0.15915494309189535,16,6.2000000000000002,2232217,17,3000,0.2636805202108158,0.125,1500,0.22731035989627277,0.11250243812889316,0.1606012658227848,0.030945581037354345
voter,rho_1_over_2pi,0.15915494309189535,16,6.2000000000000002,2232218,18,3000,0.18382280090341738,0.1875,1500,0.22375084384392202,0.11267989064007176,0.15377248500999333,0.032300038814460655
voter,rho_1_over_2pi,0.15915494309189535,16,6.2000000000000002,2232219,19,3000,0.011940540697810186,0.125,1500,0.21927145444064805,0.112266173672988,0.17463357761492337,0.026379159799817527
voter,rho_1_over_3pi,0.1061032953945969,11,0.59999999999999998,2260000,0,3000,0.31994425586312436,0.09090909090909091,1500,0.5744566598220346,0.1636270771368846,0.639210223487372,0.11168676604962127
voter,rho_1_over_3pi,0.1061032953945969,11,0.59999999999999998,2260001,1,3000,0.22311733822167887,0.09090909090909091,1500,0.48175262892004755,0.15509651213360282,0.5028768699654775,0.09296763365672561
voter,rho_1_over_3pi,0.1061032953945969,11,0.59999999999999998,2260002,2,3000,0.11739973631606487,0.2727272727272727,1500,0.6569995153879392,0.2080483497858656,0.6849978802010781,0.16106181545657913
voter,rho_1_over_3pi,0.1061032953945969,11,0.59999999999999998,2260003,3,3000,0.3507667330227464,0.18181818181818182,1500,0.7649681460262822,0.16357795097737898,0.7602810247713646,0.18013140490362858
voter,rho_1_over_3pi,0.1061032953945969,11,0.59999999999999998,2260004,4,3000,0.2266233607690732,0.18181818181818182,1500,0.6396161804880388,0.19921117624963416,0.6695536309127248,0.18404443346126323
voter,rho_1_over_3pi,0.1061032953945969,11,0.59999999999999998,2260005,5,3000,0.4735755806840348,0.18181818181818182,1500,0.6261405249228911,0.22518754248876927,0.5447883229362243,0.02003726645625773
voter,rho_1_over_3pi,0.1061032953945969,11,0.59999999999999998,2260006,6,3000,0.2691781020742824,0.2727272727272727,1500,0.7259324862968062,0.21801237730519077,0.8336866331536552,0.16695235784976256
voter,rho_1_over_3pi,0.1061032953945969,11,0.59999999999999998,2260007,7,3000,0.15324638990772474,0.2727272727272727,1500,0.6718699002602248,0.2515252341283476,0.710011507479862,0.21962965793954103
voter,rho_1_over_3pi,0.1061032953945969,11,0.59999999999999998,2260008,8,3000,0.33276820126658696,0.18181818181818182,1500,0.707792405598154,0.1412488144254491,0.7527103143358974,0.13763420645239335
voter,rho_1_over_3pi,0.1061032953945969,11,0.59999999999999998,2260009,9,3000,0.4392383667259605,0.18181818181818182,1500,0.6186074930933102,0.1870876812920684,0.6471443280237418,0.1251554642053491
voter,rho_1_over_3pi,0.1061032953945969,11,0.59999999999999998,2260010,10,3000,0.12284134670510621,0.18181818181818182,1500,0.7347969420743754,0.14835516693038592,0.7466537459875234,0.03924861908593935
voter,rho_1_over_3pi,0.1061032953945969,11,0.59999999999999998,2260011,11,3000,0.19480936359304765,0.18181818181818182,1500,0.46266448148247213,0.2252410948598321,0.5711343952516504,0.1582827562903106
voter,rho_1_over_3pi,0.1061032953945969,11,0.59999999999999998,2260012,12,3000,0.14366728425694217,0.2727272727272727,1500,0.6544975117303272,0.25254680381252675,0.7341772151898734,0.21973562175174285
voter,rho_1_over_3pi,0.1061032953945969,11,0.59999999999999998,2260013,13,3000,0.2855026959074058,0.09090909090909091,1500,0.634167247043576,0.22164416304969164,0.650778269032766,0.24919427913999792
voter,rho_1_over_3pi,0.1061032953945969,11,0.59999999999999998,2260014,14,3000,0.30823471836947713,0.18181818181818182,1500,0.6369033204842434,0.22409677472154602,0.6696747622796922,0.15326789724875178
voter,rho_1_over_3pi,0.1061032953945969,11,0.59999999999999998,2260015,15,3000,0.04114887419596674,0.18181818181818182,1500,0.5177521561481696,0.20199165615407264,0.5289201138634849,0.13255740384739023
voter,rho_1_over_3pi,0.1061032953945969,11,0.59999999999999998,2260016,16,3000,0.5128915346616028,0.18181818181818182,1500,0.6416971063726276,0.21294125714060333,0.5306765186845134,0.13369454503735195
voter,rho_1_over_3pi,0.1061032953945969,11,0.59999999999999998,2260017,17,3000,0.27110548233725634,0.18181818181818182,1500,0.5241411236940765,0.22662443176421102,0.5840954515171703,0.1796371229318442
voter,rho_1_over_3pi,0.1061032953945969,11,0.59999999999999998,2260018,18,3000,0.23147120699069904,0.18181818181818182,1500,0.5193922749557323,0.2585896904192701,0.6080794621767307,0.1870677001233885
voter,rho_1_over_3pi,0.1061032953945969,11,0.59999999999999998,2260019,19,3000,0.33675594899887573,0.36363636363636365,1500,0.5130095735416897,0.21556327018001886,0.5043910120525711,0.17433179453565822
voter,rho_1_over_3pi,0.1061032953945969,11,0.80000000000000004,2260100,0,3000,0.43739547786418176,0.09090909090909091,1500,0.37237991376062735,0.204439358592693,0.41711586215250435,0.11622906561075319
voter,rho_1_over_3pi,0.1061032953945969,11,0.80000000000000004,2260101,1,3000,0.23890817427876387,0.09090909090909091,1500,0.67995293165269,0.17742576540517346,0.7574344376476289,0.15724526464907984
voter,rho_1_over_3pi,0.1061032953945969,11,0.80000000000000004,2260102,2,3000,0.33435054481700244,0.18181818181818182,1500,0.4918381694133313,0.21684948193118356,0.5559324086972321,0.15957897958591674
voter,rho_1_over_3pi,0.1061032953945969,11,0.80000000000000004,2260103,3,3000,0.3750528032651009,0.18181818181818182,1500,0.5370377247295043,0.21078291703318908,0.5509660226515656,0.14813492087030689
voter,rho_1_over_3pi,0.1061032953945969,11,0.80000000000000004,2260104,4,3000,0.7517360500592472,0.18181818181818182,1500,0.4681179832138617,0.1998827943623433,0.4555750711646781,0.14146782424063772
voter,rho_1_over_3pi,0.1061032953945969,11,0.80000000000000004,2260105,5,3000,0.2611872130502562,0.18181818181818182,1500,0.5018813144277564,0.16576352980983813,0.5520562049542729,0.10847454250273927
voter,rho_1_over_3pi,0.1061032953945969,11,0.80000000000000004,2260106,6,3000,0.22817046508549302,0.18181818181818182,1500,0.5296853516091282,0.186890164417667,0.5965719823148204,0.19563831417078
voter,rho_1_over_3pi,0.1061032953945969,11,0.80000000000000004,2260107,7,3000,0.4553303077985319,0.18181818181818182,1500,0.6011453614342026,0.20501833297275726,0.6615589606928715,0.17638771419765897
voter,rho_1_over_3pi,0.1061032953945969,11,0.80000000000000004,2260108,8,3000,0.2689559816435707,0.18181818181818182,1500,0.5508619734368474,0.21578181466488355,0.6255223790200473,0.16631323451049437
voter,rho_1_over_3pi,0.1061032953945969,11,0.80000000000000004,2260109,9,3000,0.3541629240689075,0.09090909090909091,1500,0.7096724135309311,0.17192967336604595,0.8588213917994064,0.096206829562559
voter,rho_1_over_3pi,0.1061032953945969,11,0.80000000000000004,2260110,10,3000,0.3539695368956427,0.18181818181818182,1500,0.5702240718489993,0.22477144824598877,0.6624068802616437,0.23118271258212106
voter,rho_1_over_3pi,0.1061032953945969,11,0.80000000000000004,2260111,11,3000,0.3801218880069612,0.18181818181818182,1500,0.5311093298756079,0.20407704333956042,0.582096783962207,0.13012173091209314
voter,rho_1_over_3pi,0.1061032953945969,11,0.80000000000000004,2260112,12,3000,0.39602230274405115,0.18181818181818182,1500,0.6299200376478615,0.2023665440689825,0.780994488522803,0.1707431372884056
voter,rho_1_over_3pi,0.1061032953945969,11,0.80000000000000004,2260113,13,3000,0.3615635001065367,0.18181818181818182,1500,0.39183651373477074,0.17839453750125292,0.4206286717945612,0.09807819107978337
voter,rho_1_over_3pi,0.1061032953945969,11,0.80000000000000004,2260114,14,3000,0.07236016057627426,0.36363636363636365,1500,0.5888726866986583,0.21065541831502632,0.57307249712313,0.1818404134314272
voter,rho_1_over_3pi,0.1061032953945969,11,0.80000000000000004,2260115,15,3000,0.520636492018694,0.09090909090909091,1500,0.46335179898288215,0.220628739929445,0.538852885954818,0.10908194021284026
voter,rho_1_over_3pi,0.1061032953945969,11,0.80000000000000004,2260116,16,3000,0.11784688330163737,0.18181818181818182,1500,0.5444413418402779,0.24754253809048268,0.6332747865059657,0.1577782204894729
voter,rho_1_over_3pi,0.1061032953945969,11,0.80000000000000004,2260117,17,3000,0.08825619083320983,0.18181818181818182,1500,0.429275200469537,0.1947573417606156,0.46502331778814127,0.18003884695430297
voter,rho_1_over_3pi,0.1061032953945969,11,0.80000000000000004,2260118,18,3000,0.2604623148957694,0.18181818181818182,1500,0.48756294793718186,0.20821129989398984,0.5085094785294652,0.12174817219875131
voter,rho_1_over_3pi,0.1061032953945969,11,0.80000000000000004,2260119,19,3000,0.7405602676058425,0.18181818181818182,1500,0.49747399748599763,0.1998815055067507,0.4361334867663981,0.1012644462826483
voter,rho_1_over_3pi,0.1061032953945969,11,1.2,2260200,0,3000,0.1819744368154647,0.18181818181818182,1500,0.4444234185193688,0.1864712059599213,0.5166252801162861,0.052419030483428254
voter,rho_1_over_3pi,0.1061032953945969,11,1.2,2260201,1,3000,0.4548670915974133,0.18181818181818182,1500,0.5019376891443573,0.18200642674607692,0.634122706074738,0.12093115305154399
voter,rho_1_over_3pi,0.1061032953945969,11,1.2,2260202,2,3000,0.2314714596977274,0.2727272727272727,1500,0.4530853254594232,0.1987151140824719,0.4761068378656653,0.11315695914738685
voter,rho_1_over_3pi,0.1061032953945969,11,1.2,2260203,3,3000,0.21666768924276925,0.18181818181818182,1500,0.41795218229240233,0.1795676058379863,0.48355641693416507,0.09021420692192247
voter,rho_1_over_3pi,0.1061032953945969,11,1.2,2260204,4,3000,0.37192077775852433,0.18181818181818182,1500,0.4480477724991357,0.2055314531242658,0.4899158136999576,0.20936052658055146
voter,rho_1_over_3pi,0.1061032953945969,11,1.2,2260205,5,3000,0.19181429653395954,0.18181818181818182,1500,0.4527546903671903,0.21362657891716758,0.54763491005996,0.12957028304692514
voter,rho_1_over_3pi,0.1061032953945969,11,1.2,2260206,6,3000,0.2244333409006721,0.2727272727272727,1500,0.5501790222948097,0.19161459059559827,0.7300587487129792,0.13823519877546578
voter,rho_1_over_3pi,0.1061032953945969,11,1.2,2260207,7,3000,0.3515593195680154,0.09090909090909091,1500,0.47652652515777927,0.20516475110336313,0.5223184543637575,0.16105101968835253
voter,rho_1_over_3pi,0.1061032953945969,11,1.2,2260208,8,3000,0.4411009589113656,0.2727272727272727,1500,0.4414138940652576,0.2001261904417509,0.5360062988310823,0.09501904538384766
voter,rho_1_over_3pi,0.1061032953945969,11,1.2,2260209,9,3000,0.3906171196005362,0.09090909090909091,1500,0.3573562904287023,0.17382470637158026,0.32057416267942584,0.07187322284155716
voter,rho_1_over_3pi,0.1061032953945969,11,1.2,2260210,10,3000,0.24162430340321164,0.18181818181818182,1500,0.3529120866890475,0.1663383075456989,0.3792623099751681,0.13173045903911373
voter,rho_1_over_3pi,0.1061032953945969,11,1.2,2260211,11,3000,0.05316035313013746,0.18181818181818182,1500,0.4193604316953293,0.17394628694518371,0.4098479801344558,0.0454482402950253
voter,rho_1_over_3pi,0.1061032953945969,11,1.2,2260212,12,3000,0.1313746780819365,0.2727272727272727,1500,0.5342335051410075,0.22449601886529283,0.7762703652110714,0.22142833760972913
voter,rho_1_over_3pi,0.1061032953945969,11,1.2,2260213,13,3000,0.3987134805215696,0.18181818181818182,1500,0.4917797087258519,0.20284384244487638,0.6637393252982859,0.1700168599800673
voter,rho_1_over_3pi,0.1061032953945969,11,1.2,2260214,14,3000,0.5327831748581091,0.18181818181818182,1500,0.3567764581141294,0.15750156107971733,0.38804433408031014,0.09114497490765433
voter,rho_1_over_3pi,0.1061032953945969,11,1.2,2260215,15,3000,0.14159033420099001,0.18181818181818182,1500,0.3663954022720534,0.18584877335355918,0.35794318938889225,0.07582122100093101
voter,rho_1_over_3pi,0.1061032953945969,11,1.2,2260216,16,3000,0.48612177259154216,0.36363636363636365,1500,0.5722176302395409,0.18179684195363457,0.7643994912482588,0.10197487851760036
voter,rho_1_over_3pi,0.1061032953945969,11,1.2,2260217,17,3000,0.5248694804593689,0.18181818181818182,1500,0.46906093485881933,0.1927954596558785,0.6114105747683363,0.21004491638177358
voter,rho_1_over_3pi,0.1061032953945969,11,1.2,2260218,18,3000,0.23387876423358422,0.18181818181818182,1500,0.4856876944881172,0.20322630874652475,0.5361274301980498,0.09094541902563266
voter,rho_1_over_3pi,0.1061032953945969,11,1.2,2260219,19,3000,0.4669271092613229,0.2727272727272727,1500,0.3780831301906505,0.1814671753607331,0.4390406395736176,0.11096492737572657
voter,rho_1_over_3pi,0.1061032953945969,11,1.3999999999999999,2260300,0,3000,0.4186851790735327,0.09090909090909091,1500,0.3469190874700265,0.1727456234466382,0.37490158076433894,0.1042785950816213
voter,rho_1_over_3pi,0.1061032953945969,11,1.3999999999999999,2260301,1,3000,0.31076128194208236,0.09090909090909091,1500,0.4147537345697519,0.17755142464608617,0.5853067651868451,0.11148992476130293
voter,rho_1_over_3pi,0.1061032953945969,11,1.3999999999999999,2260302,2,3000,0.27637652351756176,0.09090909090909091,1500,0.3339633096110958,0.16244076093493898,0.2915026346072315,0.06485699623968358
voter,rho_1_over_3pi,0.1061032953945969,11,1.3999999999999999,2260303,3,3000,0.327190120958478,0.18181818181818182,1500,0.40567334609105415,0.19386635904224778,0.4791351220398522,0.09641101864669435
voter,rho_1_over_3pi,0.1061032953945969,11,1.3999999999999999,2260304,4,3000,0.09990063921518928,0.2727272727272727,1500,0.38978969609610337,0.18171031870294807,0.35630791593483135,0.03410444978571656
voter,rho_1_over_3pi,0.1061032953945969,11,1.3999999999999999,2260305,5,3000,0.12773211985578345,0.18181818181818182,1500,0.3626934311988929,0.16734647594562146,0.44558173338986135,0.13313888480554348
voter,rho_1_over_3pi,0.1061032953945969,11,1.3999999999999999,2260306,6,3000,0.07674133182528824,0.18181818181818182,1500,0.4218480134902399,0.19656982306686727,0.4798619102416571,0.1092461228176843
voter,rho_1_over_3pi,0.1061032953945969,11,1.3999999999999999,2260307,7,3000,0.13259360307687243,0.18181818181818182,1500,0.3793657797582361,0.1860851178913974,0.4378898915874265,0.1383949590063869
voter,rho_1_over_3pi,0.1061032953945969,11,1.3999999999999999,2260308,8,3000,0.0412379214014169,0.09090909090909091,1500,0.3875592242911832,0.16500925686247808,0.4934891890254981,0.1262648815060697
voter,rho_1_over_3pi,0.1061032953945969,11,1.3999999999999999,2260309,9,3000,0.03723215764139581,0.18181818181818182,1500,0.44560494047552324,0.17997218436027296,0.6577433226333959,0.21133940288169537
voter,rho_1_over_3pi,0.1061032953945969,11,1.3999999999999999,2260310,10,3000,0.3043667004144352,0.36363636363636365,1500,0.37597333655053616,0.16607420573570386,0.4768336260674702,0.1316494293163757
voter,rho_1_over_3pi,0.1061032953945969,11,1.3999999999999999,2260311,11,3000,0.3156380743022421,0.18181818181818182,1500,0.4150631165267269,0.17429655432461016,0.5714372236690691,0.0910116235278108
voter,rho_1_over_3pi,0.1061032953945969,11,1.3999999999999999,2260312,12,3000,0.18229990834410684,0.09090909090909091,1500,0.42732847202153473,0.19917709724691718,0.47931681909030344,0.10999848662115953
voter,rho_1_over_3pi,0.1061032953945969,11,1.3999999999999999,2260313,13,3000,0.306757108911659,0.09090909090909091,1500,0.42529356115264644,0.19271430840979176,0.5790079341045364,0.157573216215502
voter,rho_1_over_3pi,0.1061032953945969,11,1.3999999999999999,2260314,14,3000,0.3437307965231281,0.18181818181818182,1500,0.42883542453183576,0.17460323445526904,0.5688328992792683,0.07904315950843768
voter,rho_1_over_3pi,0.1061032953945969,11,1.3999999999999999,2260315,15,3000,0.4722326795151473,0.18181818181818182,1500,0.34934438722524713,0.17382324412159528,0.30967233965235297,0.07270677596112309
voter,rho_1_over_3pi,0.1061032953945969,11,1.3999999999999999,2260316,16,3000,0.7138408714611688,0.2727272727272727,1500,0.3910448760840084,0.1633325408662017,0.42468657258797166,0.05458154395015357
voter,rho_1_over_3pi,0.1061032953945969,11,1.3999999999999999,2260317,17,3000,0.44072153468593583,0.09090909090909091,1500,0.3975935465744209,0.18198719624838688,0.4380110229543941,0.13059059697978043
voter,rho_1_over_3pi,0.1061032953945969,11,1.3999999999999999,2260318,18,3000,0.4051107039076569,0.2727272727272727,1500,0.47664162179974007,0.23820760135538327,0.5529646902065289,0.09062872892713107
voter,rho_1_over_3pi,0.1061032953945969,11,1.3999999999999999,2260319,19,3000,0.123371468040801,0.2727272727272727,1500,0.437272271636595,0.1766194060854345,0.4982133123372297,0.10851477637619826
voter,rho_1_over_3pi,0.1061032953945969,11,1.6000000000000001,2260400,0,3000,0.2308884362004072,0.2727272727272727,1500,0.3748773912896772,0.17503005534924584,0.3742959239295015,0.13184972631724146
voter,rho_1_over_3pi,0.1061032953945969,11,1.6000000000000001,2260401,1,3000,0.13275090875765605,0.18181818181818182,1500,0.39752335528842914,0.1773985617743306,0.4731996850584459,0.14208902968273515
voter,rho_1_over_3pi,0.1061032953945969,11,1.6000000000000001,2260402,2,3000,0.1382128629880213,0.09090909090909091,1500,0.41523068657880985,0.1846981482971562,0.42214281388165464,0.14684376970900112
voter,rho_1_over_3pi,0.1061032953945969,11,1.6000000000000001,2260403,3,3000,0.6940051649772764,0.18181818181818182,1500,0.331104471071465,0.16515313643741256,0.2909575434558779,0.051763147988422076
voter,rho_1_over_3pi,0.1061032953945969,11,1.6000000000000001,2260404,4,3000,0.11609274311270484,0.18181818181818182,1500,0.3438065632533571,0.15979934618878666,0.38604566652534666,0.08371360639712842
voter,rho_1_over_3pi,0.1061032953945969,11,1.6000000000000001,2260405,5,3000,0.24354159038278322,0.18181818181818182,1500,0.43005335337733464,0.19584551313365714,0.3727212161589244,0.048940295322472155
voter,rho_1_over_3pi,0.1061032953945969,11,1.6000000000000001,2260406,6,3000,0.38944112715824863,0.18181818181818182,1500,0.3550839411179715,0.17377790522954611,0.3976137120707407,0.1003055491002969
voter,rho_1_over_3pi,0.1061032953945969,11,1.6000000000000001,2260407,7,3000,0.5257391410055517,0.18181818181818182,1500,0.34708677711131025,0.1662755228507367,0.47198837138877114,0.12144574913647228
voter,rho_1_over_3pi,0.1061032953945969,11,1.6000000000000001,2260408,8,3000,0.3234364626324444,0.09090909090909091,1500,0.33708183677069664,0.16880424254067086,0.4070013930107201,0.12107605787127156
voter,rho_1_over_3pi,0.1061032953945969,11,1.6000000000000001,2260409,9,3000,0.071570831382831,0.18181818181818182,1500,0.3882725103464641,0.16304938376896494,0.5042698806856035,0.06677948201587058
voter,rho_1_over_3pi,0.1061032953945969,11,1.6000000000000001,2260410,10,3000,0.3907558601688726,0.18181818181818182,1500,0.38302647737528206,0.18225345912132893,0.4665374598752347,0.12907523383397357
voter,rho_1_over_3pi,0.1061032953945969,11,1.6000000000000001,2260411,11,3000,0.28534250840310427,0.18181818181818182,1500,0.4273232630070491,0.19327475751172046,0.5353400763127611,0.1523662877910303
voter,rho_1_over_3pi,0.1061032953945969,11,1.6000000000000001,2260412,12,3000,0.18988047727192203,0.18181818181818182,1500,0.4040101289492485,0.17838980820009312,0.5026951729150263,0.10398723957510607
voter,rho_1_over_3pi,0.1061032953945969,11,1.6000000000000001,2260413,13,3000,0.4166523282980764,0.18181818181818182,1500,0.3605970370923852,0.17562085004435402,0.416510205317667,0.12031869597521998
voter,rho_1_over_3pi,0.1061032953945969,11,1.6000000000000001,2260414,14,3000,0.3454438966334753,0.18181818181818182,1500,0.40170686796774757,0.18565729344465284,0.5660468778390164,0.12892805265739046
voter,rho_1_over_3pi,0.1061032953945969,11,1.6000000000000001,2260415,15,3000,0.3272297195981217,0.18181818181818182,1500,0.344513798792225,0.16322116368867493,0.2903518866210405,0.06614343881479567
voter,rho_1_over_3pi,0.1061032953945969,11,1.6000000000000001,2260416,16,3000,0.26252286600926417,0.18181818181818182,1500,0.30361831608966744,0.1493816637579557,0.2864151171945975,0.05194007928521651
voter,rho_1_over_3pi,0.1061032953945969,11,1.6000000000000001,2260417,17,3000,0.05029990001378768,0.18181818181818182,1500,0.4125991379994208,0.16921888334889262,0.5847616740354915,0.10996927011221654
voter,rho_1_over_3pi,0.1061032953945969,11,1.6000000000000001,2260418,18,3000,0.2047995026059958,0.18181818181818182,1500,0.44585368813942344,0.17943713680028642,0.7342983465568409,0.09418234473329692
voter,rho_1_over_3pi,0.1061032953945969,11,1.6000000000000001,2260419,19,3000,0.23099456062953824,0.18181818181818182,1500,0.4520161062787377,0.17610782521738283,0.6679183574586639,0.13483915364632348
voter,rho_1_over_3pi,0.1061032953945969,11,1.8,2260500,0,3000,0.08968446286754028,0.09090909090909091,1500,0.31504066478221526,0.15473971746350934,0.35376415722851434,0.09158188248551101
voter,rho_1_over_3pi,0.1061032953945969,11,1.8,2260501,1,3000,0.5293122341716981,0.09090909090909091,1500,0.3441907609145042,0.16652580579742826,0.5148688752952577,0.19021111643115693
voter,rho_1_over_3pi,0.1061032953945969,11,1.8,2260502,2,3000,0.21438248293124407,0.18181818181818182,1500,0.3215298321770995,0.157913404202022,0.351523226939616,0.08739974389344142
voter,rho_1_over_3pi,0.1061032953945969,11,1.8,2260503,3,3000,0.41954659735078204,0.18181818181818182,1500,0.3632668445398507,0.16923768512577134,0.3693901035673188,0.022135079472579217
voter,rho_1_over_3pi,0.1061032953945969,11,1.8,2260504,4,3000,0.17660195002777568,0.18181818181818182,1500,0.37308329635674325,0.16846587306907373,0.4605414572103446,0.022806820160817302
voter,rho_1_over_3pi,0.1061032953945969,11,1.8,2260505,5,3000,0.15457524945628426,0.18181818181818182,1500,0.3929825660731606,0.1842713670890239,0.4309248379867967,0.12117175754435389
voter,rho_1_over_3pi,0.1061032953945969,11,1.8,2260506,6,3000,0.23336895690178328,0.2727272727272727,1500,0.33753457859781605,0.16331810219827936,0.3726000847919569,0.054294897340649566
voter,rho_1_over_3pi,0.1061032953945969,11,1.8,2260507,7,3000,0.4038448417352729,0.18181818181818182,1500,0.3285021751129896,0.1659384283243676,0.3140330688631821,0.07194647481163799
voter,rho_1_over_3pi,0.1061032953945969,11,1.8,2260508,8,3000,0.22072449386598156,0.2727272727272727,1500,0.3296834799323454,0.1597318493116255,0.40760704984555757,0.04543031877743455
voter,rho_1_over_3pi,0.1061032953945969,11,1.8,2260509,9,3000,0.3280170568902035,0.18181818181818182,1500,0.2959055353163607,0.14625581866270437,0.2847192780570528,0.05472289655046887
voter,rho_1_over_3pi,0.1061032953945969,11,1.8,2260510,10,3000,0.4447186857130779,0.18181818181818182,1500,0.3824836247366877,0.1699725727155973,0.44576343044031247,0.11888560798680377
voter,rho_1_over_3pi,0.1061032953945969,11,1.8,2260511,11,3000,0.4773183255403129,0.18181818181818182,1500,0.40891422941121075,0.18772082794049783,0.5608382290594149,0.04269163287100139
voter,rho_1_over_3pi,0.1061032953945969,11,1.8,2260512,12,3000,0.14937832015569008,0.09090909090909091,1500,0.3327328103049159,0.15904023560925631,0.36224335291623766,0.0763471220757525
voter,rho_1_over_3pi,0.1061032953945969,11,1.8,2260513,13,3000,0.3953454635739036,0.36363636363636365,1500,0.3266695033057248,0.15842655150986548,0.36406032342074984,0.051138601763770886
voter,rho_1_over_3pi,0.1061032953945969,11,1.8,2260514,14,3000,0.43973547166023474,0.18181818181818182,1500,0.3907722148806561,0.17979335808705457,0.4519411301556538,0.09050750604055173
voter,rho_1_over_3pi,0.1061032953945969,11,1.8,2260515,15,3000,0.259226042057193,0.18181818181818182,1500,0.34779179671769994,0.15761966985036907,0.47253346254012474,0.04441195300299158
voter,rho_1_over_3pi,0.1061032953945969,11,1.8,2260516,16,3000,0.3746515112063404,0.18181818181818182,1500,0.31114109305042187,0.15041645011739949,0.31881775785839744,0.056762357602762686
voter,rho_1_over_3pi,0.1061032953945969,11,1.8,2260517,17,3000,0.26439038794696423,0.18181818181818182,1500,0.30096414701237095,0.15091210886409726,0.3598812912603718,0.10455510618009183
voter,rho_1_over_3pi,0.1061032953945969,11,1.8,2260518,18,3000,0.300907402340476,0.09090909090909091,1500,0.3576375472269866,0.18040537213772498,0.44503664223850764,0.08887489373911449
voter,rho_1_over_3pi,0.1061032953945969,11,1.8,2260519,19,3000,0.5925976812882466,0.45454545454545453,1500,0.39626912360457067,0.18701651902708596,0.4725940282236085,0.15971307391573006
voter,rho_1_over_3pi,0.1061032953945969,11,2.2000000000000002,2260600,0,3000,0.22421129117049673,0.09090909090909091,1500,0.3283880733767151,0.15911185480947257,0.3687238810489976,0.08808836744910982
voter,rho_1_over_3pi,0.1061032953945969,11,2.2000000000000002,2260601,1,3000,0.18018542221949302,0.2727272727272727,1500,0.29458556354550625,0.14823159982591305,0.28005572042880506,0.07312763928085048
voter,rho_1_over_3pi,0.1061032953945969,11,2.2000000000000002,2260602,2,3000,0.2997729363758074,0.2727272727272727,1500,0.34215797353486,0.15816747203079454,0.5260735267397493,0.12924356407957366
voter,rho_1_over_3pi,0.1061032953945969,11,2.2000000000000002,2260603,3,3000,0.22376234678705575,0.18181818181818182,1500,0.30349067817316794,0.159048383897753,0.3165162618860154,0.07577156725009383
voter,rho_1_over_3pi,0.1061032953945969,11,2.2000000000000002,2260604,4,3000,0.30223302524426754,0.09090909090909091,1500,0.31634824455901184,0.1613559205525548,0.34619344679304703,0.09716642280980187
voter,rho_1_over_3pi,0.1061032953945969,11,2.2000000000000002,2260605,5,3000,0.5657691101983976,0.18181818181818182,1500,0.29755928354604727,0.15267694098032975,0.3045242565562352,0.059517980670656535
voter,rho_1_over_3pi,0.1061032953945969,11,2.2000000000000002,2260606,6,3000,0.1404374153752551,0.18181818181818182,1500,0.36218391810257095,0.17627618753035076,0.4097268487674883,0.09395234935052225
voter,rho_1_over_3pi,0.1061032953945969,11,2.2000000000000002,2260607,7,3000,0.5036444042083533,0.18181818181818182,1500,0.3509433561306833,0.16980518491915325,0.36297014111804254,0.007753826864189064
voter,rho_1_over_3pi,0.1061032953945969,11,2.2000000000000002,2260608,8,3000,0.15045195028041905,0.18181818181818182,1500,0.3364166935368807,0.16569642307031,0.47586457513173036,0.09055872053191005
voter,rho_1_over_3pi,0.1061032953945969,11,2.2000000000000002,2260609,9,3000,0.2806955568621495,0.09090909090909091,1500,0.2952637093738805,0.14932217902708841,0.3220883047665193,0.056436558519779814
voter,rho_1_over_3pi,0.1061032953945969,11,2.2000000000000002,2260610,10,3000,0.41931045741675793,0.2727272727272727,1500,0.2923410851594242,0.14965890898128983,0.3007086184967597,0.098546564857901
voter,rho_1_over_3pi,0.1061032953945969,11,2.2000000000000002,2260611,11,3000,0.24843039477248824,0.18181818181818182,1500,0.3880376590133119,0.17168178159122818,0.5034825268003149,0.05199704139860423
voter,rho_1_over_3pi,0.1061032953945969,11,2.2000000000000002,2260612,12,3000,0.4427222010353509,0.2727272727272727,1500,0.3153139862971529,0.15286845220152054,0.41366361819393127,0.12695853058014217
voter,rho_1_over_3pi,0.1061032953945969,11,2.2000000000000002,2260613,13,3000,0.28553841831263455,0.18181818181818182,1500,0.304011183895316,0.1487378506449253,0.4138453152443825,0.12271767314606748
voter,rho_1_over_3pi,0.1061032953945969,11,2.2000000000000002,2260614,14,3000,0.10555952271226685,0.18181818181818182,1500,0.30842177440813273,0.15040395530612152,0.2860517230936951,0.05009364211774186
voter,rho_1_over_3pi,0.1061032953945969,11,2.2000000000000002,2260615,15,3000,0.17188717378837662,0.18181818181818182,1500,0.3583909306212984,0.15732051224520302,0.5518745079038216,0.023289848262367168
voter,rho_1_over_3pi,0.1061032953945969,11,2.2000000000000002,2260616,16,3000,0.1561458361623141,0.2727272727272727,1500,0.3334353241704743,0.15225013302516258,0.42674580582641874,0.10202846215976494
voter,rho_1_over_3pi,0.1061032953945969,11,2.2000000000000002,2260617,17,3000,0.29824476325737287,0.18181818181818182,1500,0.30310367681963923,0.15841201717042713,0.36230391859972133,0.09038299557606606
voter,rho_1_over_3pi,0.1061032953945969,11,2.2000000000000002,2260618,18,3000,0.12147256099106421,0.18181818181818182,1500,0.31183867233358964,0.14832172616104058,0.3511598328387136,0.08575827033726144
voter,rho_1_over_3pi,0.1061032953945969,11,2.2000000000000002,2260619,19,3000,0.2767215372912272,0.36363636363636365,1500,0.3197146427090139,0.1650402368341057,0.3742959239295015,0.08353481138531475
voter,rho_1_over_3pi,0.1061032953945969,11,2.3999999999999999,2260700,0,3000,0.2848127491912449,0.18181818181818182,1500,0.30579845842951875,0.15327505566528987,0.33765368542184,0.042650971830491394
voter,rho_1_over_3pi,0.1061032953945969,11,2.3999999999999999,2260701,1,3000,0.5217566398489644,0.18181818181818182,1500,0.33739223093057447,0.16704515209115764,0.6272787838410756,0.16679846410254867
voter,rho_1_over_3pi,0.1061032953945969,11,2.3999999999999999,2260702,2,3000,0.3058038366535179,0.18181818181818182,1500,0.30709674618080646,0.15075250454899783,0.3661195566591969,0.10706433493811575
voter,rho_1_over_3pi,0.1061032953945969,11,2.3999999999999999,2260703,3,3000,0.36422352327813173,0.18181818181818182,1500,0.3166600412895435,0.1573082711532434,0.36103203924656285,0.01516490214877258
voter,rho_1_over_3pi,0.1061032953945969,11,2.3999999999999999,2260704,4,3000,0.1263048643864139,0.2727272727272727,1500,0.2909529199203929,0.1465682662149465,0.29156320029071525,0.04418381803819797
voter,rho_1_over_3pi,0.1061032953945969,11,2.3999999999999999,2260705,5,3000,0.2511858144580409,0.18181818181818182,1500,0.31835456884422336,0.1565232796338394,0.30664405547816603,0.04446395735964029
voter,rho_1_over_3pi,0.1061032953945969,11,2.3999999999999999,2260706,6,3000,0.43271080589805616,0.18181818181818182,1500,0.30924622803659985,0.1508524682845092,0.35479377384773786,0.09075144713325291
voter,rho_1_over_3pi,0.1061032953945969,11,2.3999999999999999,2260707,7,3000,0.4391038763671403,0.18181818181818182,1500,0.3373492589855101,0.16134777587944682,0.4397674277754225,0.04120300852317287
voter,rho_1_over_3pi,0.1061032953945969,11,2.3999999999999999,2260708,8,3000,0.11600655818451085,0.09090909090909091,1500,0.27981540093750773,0.14285470861780292,0.2366301253709648,0.07454821325878161
voter,rho_1_over_3pi,0.1061032953945969,11,2.3999999999999999,2260709,9,3000,0.056951472321053645,0.18181818181818182,1500,0.3229295401363135,0.16072471785109974,0.36539276845739205,0.01699210160844649
voter,rho_1_over_3pi,0.1061032953945969,11,2.3999999999999999,2260710,10,3000,0.2826126580331999,0.18181818181818182,1500,0.2963251563638465,0.14809011968460278,0.33886499909151474,0.040476187196129325
voter,rho_1_over_3pi,0.1061032953945969,11,2.3999999999999999,2260711,11,3000,0.1958108861206125,0.18181818181818182,1500,0.31141377396716124,0.14845200749461687,0.4086366664647811,0.08352984915300952
voter,rho_1_over_3pi,0.1061032953945969,11,2.3999999999999999,2260712,12,3000,0.4082352091145585,0.18181818181818182,1500,0.3152882365274426,0.15215640165922498,0.4181454787717279,0.06777876386746122
voter,rho_1_over_3pi,0.1061032953945969,11,2.3999999999999999,2260713,13,3000,0.1484577413049412,0.18181818181818182,1500,0.3304992211084934,0.15429419732750166,0.45169886742171883,0.01583280105854039
voter,rho_1_over_3pi,0.1061032953945969,11,2.3999999999999999,2260714,14,3000,0.2444446269903729,0.18181818181818182,1500,0.3057536586046908,0.15191897510011618,0.27466537459875234,0.01745216748086759
voter,rho_1_over_3pi,0.1061032953945969,11,2.3999999999999999,2260715,15,3000,0.4176486545429524,0.18181818181818182,1500,0.29471141429151465,0.14282215376655305,0.30646235842771485,0.06011320288126703
voter,rho_1_over_3pi,0.1061032953945969,11,2.3999999999999999,2260716,16,3000,0.2809206946595398,0.09090909090909091,1500,0.2890239065110469,0.14551542164684447,0.3327478650596572,0.0827185342677301
voter,rho_1_over_3pi,0.1061032953945969,11,2.3999999999999999,2260717,17,3000,0.31186376984671127,0.18181818181818182,1500,0.3512284422927389,0.16786855068504403,0.5306765186845134,0.13638555486029078
voter,rho_1_over_3pi,0.1061032953945969,11,2.3999999999999999,2260718,18,3000,0.4338550598127029,0.18181818181818182,1500,0.3242468151328716,0.15473819845894846,0.2727272727272727,0.0
voter,rho_1_over_3pi,0.1061032953945969,11,2.3999999999999999,2260719,19,3000,0.17886975934386903,0.09090909090909091,1500,0.3520568475018504,0.17308976898791453,0.5243171219187208,0.04022373100471981
voter,rho_1_over_3pi,0.1061032953945969,11,2.6000000000000001,2260800,0,3000,0.17592813563824655,0.45454545454545453,1500,0.3149048963808931,0.15493476282217367,0.47005026951729145,0.09274799459457256
voter,rho_1_over_3pi,0.1061032953945969,11,2.6000000000000001,2260801,1,3000,0.10415102696133087,0.09090909090909091,1500,0.3120445121824401,0.1522079028116864,0.39628126703409844,0.13063488633857892
voter,rho_1_over_3pi,0.1061032953945969,11,2.6000000000000001,2260802,2,3000,0.2076144073255593,0.18181818181818182,1500,0.2955700324606261,0.15536656237530008,0.3627278783841075,0.08124551774882038
voter,rho_1_over_3pi,0.1061032953945969,11,2.6000000000000001,2260803,3,3000,0.3947984810255983,0.18181818181818182,1500,0.2924530803357158,0.14781282128123713,0.24638120041184663,0.04124296251205642
voter,rho_1_over_3pi,0.1061032953945969,11,2.6000000000000001,2260804,4,3000,0.3824058309557291,0.18181818181818182,1500,0.30701341251215664,0.15194060286999078,0.35261340924232326,0.11950780394227395
voter,rho_1_over_3pi,0.1061032953945969,11,2.6000000000000001,2260805,5,3000,0.2055682403683833,0.18181818181818182,1500,0.2939219035933372,0.14539456303023826,0.3275392162800557,0.07137881000065815
voter,rho_1_over_3pi,0.1061032953945969,11,2.6000000000000001,2260806,6,3000,0.32487856372122315,0.2727272727272727,1500,0.333641267493969,0.16398539497531,0.4438858942523166,0.04816651384684251
voter,rho_1_over_3pi,0.1061032953945969,11,2.6000000000000001,2260807,7,3000,0.3100517711114587,0.18181818181818182,1500,0.28445166146474804,0.15204909153876747,0.23899218702683062,0.08441804784938574
voter,rho_1_over_3pi,0.1061032953945969,11,2.6000000000000001,2260808,8,3000,0.06415273908773843,0.2727272727272727,1500,0.29612550652521263,0.15362453772892443,0.30161710374901585,0.09903746787451533
voter,rho_1_over_3pi,0.1061032953945969,11,2.6000000000000001,2260809,9,3000,0.2810180337443088,0.09090909090909091,1500,0.3287299310382969,0.15914322867136738,0.36297014111804254,0.007753826864189064
voter,rho_1_over_3pi,0.1061032953945969,11,2.6000000000000001,2260810,10,3000,0.2823645366438551,0.2727272727272727,1500,0.31799242766379093,0.15655190274094397,0.36145599903094905,0.05800776155286128
voter,rho_1_over_3pi,0.1061032953945969,11,2.6000000000000001,2260811,11,3000,0.3174601522806837,0.18181818181818182,1500,0.28671135514450846,0.1456241574401485,0.2879898249651747,0.05774879958492702
voter,rho_1_over_3pi,0.1061032953945969,11,2.6000000000000001,2260812,12,3000,0.5421297316107935,0.2727272727272727,1500,0.28420204242890684,0.1403409338271715,0.2790261038095815,0.08566403078049153
voter,rho_1_over_3pi,0.1061032953945969,11,2.6000000000000001,2260813,13,3000,0.08213009919613228,0.36363636363636365,1500,0.3227335085615401,0.16121362386204582,0.45145660468778387,0.1340427359418458
voter,rho_1_over_3pi,0.1061032953945969,11,2.6000000000000001,2260814,14,3000,0.4458666931773429,0.18181818181818182,1500,0.29180420425796355,0.1452653969179173,0.34776815456362425,0.10931345835341669
voter,rho_1_over_3pi,0.1061032953945969,11,2.6000000000000001,2260815,15,3000,0.2993565022350458,0.45454545454545453,1500,0.3191314326858878,0.1624354938190295,0.46623463145781596,0.07202525472676007
voter,rho_1_over_3pi,0.1061032953945969,11,2.6000000000000001,2260816,16,3000,0.2588211194504486,0.2727272727272727,1500,0.31735165450195063,0.1555602202913951,0.4008236932953788,0.09394239280247495
voter,rho_1_over_3pi,0.1061032953945969,11,2.6000000000000001,2260817,17,3000,0.25711762494472673,0.2727272727272727,1500,0.2979731715103868,0.15158785085847834,0.3252982859911574,0.06357412208981189
voter,rho_1_over_3pi,0.1061032953945969,11,2.6000000000000001,2260818,18,3000,0.18929472963469499,0.09090909090909091,1500,0.2875890958788759,0.1411278993972252,0.28762643086427225,0.04535953234202873
voter,rho_1_over_3pi,0.1061032953945969,11,2.6000000000000001,2260819,19,3000,0.06113424392149402,0.18181818181818182,1500,0.3048547601877523,0.14548653344531276,0.359396765792502,0.02355094090699857
voter,rho_1_over_3pi,0.1061032953945969,11,2.7999999999999998,2260900,0,3000,0.2392159785770787,0.18181818181818182,1500,0.29827643282673477,0.145791030280478,0.42862334201441465,0.10456878801010673
voter,rho_1_over_3pi,0.1061032953945969,11,2.7999999999999998,2260901,1,3000,0.16805967626667945,0.18181818181818182,1500,0.2709527836898267,0.13864360400955023,0.27187935315850037,0.008738685803140776
voter,rho_1_over_3pi,0.1061032953945969,11,2.7999999999999998,2260902,2,3000,0.37044428229854637,0.18181818181818182,1500,0.2966746168907721,0.14771806628318765,0.42771485676215854,0.13922075983116255
voter,rho_1_over_3pi,0.1061032953945969,11,2.7999999999999998,2260903,3,3000,0.2359787170435378,0.2727272727272727,1500,0.30740776539436737,0.15472173126512817,0.40336745200169577,0.1117797077757702
voter,rho_1_over_3pi,0.1061032953945969,11,2.7999999999999998,2260904,4,3000,0.04545241677873623,0.18181818181818182,1500,0.2964472465379825,0.15401256894554838,0.4015504814971837,0.1010601542677268
voter,rho_1_over_3pi,0.1061032953945969,11,2.7999999999999998,2260905,5,3000,0.1939417099184426,0.18181818181818182,1500,0.29734795739377573,0.14885131312675248,0.3256616800920598,0.04483489007774031
voter,rho_1_over_3pi,0.1061032953945969,11,2.7999999999999998,2260906,6,3000,0.1603813671593176,0.09090909090909091,1500,0.2992924548011038,0.14761950959727993,0.2682454121494761,0.034354252327541135
voter,rho_1_over_3pi,0.1061032953945969,11,2.7999999999999998,2260907,7,3000,0.3349240659886258,0.2727272727272727,1500,0.31345335395535273,0.14888000829294756,0.4582399612379625,0.09710350803414036
voter,rho_1_over_3pi,0.1061032953945969,11,2.7999999999999998,2260908,8,3000,0.1055605360615167,0.18181818181818182,1500,0.31273906160883846,0.1584657996317073,0.4258978862576464,0.07178645841091663
voter,rho_1_over_3pi,0.1061032953945969,11,2.7999999999999998,2260909,9,3000,0.07562982823407523,0.18181818181818182,1500,0.29564263792641166,0.14510231246361857,0.2727272727272727,0.0
voter,rho_1_over_3pi,0.1061032953945969,11,2.7999999999999998,2260910,10,3000,0.23707557892624023,0.18181818181818182,1500,0.2985552218413191,0.15094236270977746,0.3443764762885349,0.0886904148887428
voter,rho_1_over_3pi,0.1061032953945969,11,2.7999999999999998,2260911,11,3000,0.3410374677749363,0.18181818181818182,1500,0.2806771312832049,0.14258970521715075,0.3581854521228272,0.11220505163847258
voter,rho_1_over_3pi,0.1061032953945969,11,2.7999999999999998,2260912,12,3000,0.14451266456917009,0.18181818181818182,1500,0.26895977658642206,0.13674976223590438,0.25722245775543573,0.07164794923139398
voter,rho_1_over_3pi,0.1061032953945969,11,2.7999999999999998,2260913,13,3000,0.10826586334862577,0.09090909090909091,1500,0.2990491514110381,0.14938529544841508,0.37599176306704624,0.11356273997240889
voter,rho_1_over_3pi,0.1061032953945969,11,2.7999999999999998,2260914,14,3000,0.3468936073172278,0.18181818181818182,1500,0.2893601462336056,0.14287676719536882,0.3213009508812307,0.0454686557546447
voter,rho_1_over_3pi,0.1061032953945969,11,2.7999999999999998,2260915,15,3000,0.5553009053174719,0.18181818181818182,1500,0.30808600118717255,0.15151120451199523,0.361698261764884,0.013544252759483486
voter,rho_1_over_3pi,0.1061032953945969,11,2.7999999999999998,2260916,16,3000,0.22390383717604426,0.18181818181818182,1500,0.29518431654183935,0.14992099763230285,0.3500696505360063,0.060033761326433
voter,rho_1_over_3pi,0.1061032953945969,11,2.7999999999999998,2260917,17,3000,0.25724047507192344,0.18181818181818182,1500,0.29735147855946215,0.147911761974457,0.3977954091211919,0.12762087759192692
voter,rho_1_over_3pi,0.1061032953945969,11,2.7999999999999998,2260918,18,3000,0.16476588989920019,0.18181818181818182,1500,0.2761985186356472,0.14576701226505198,0.24922778753558233,0.039800641091994236
voter,rho_1_over_3pi,0.1061032953945969,11,2.7999999999999998,2260919,19,3000,0.37088721890872206,0.18181818181818182,1500,0.29478885251568676,0.15062375953393908,0.395917872933196,0.09135417394677667
voter,rho_1_over_3pi,0.1061032953945969,11,3.2000000000000002,2261000,0,3000,0.1105040765534699,0.2727272727272727,1500,0.2776354698995167,0.13856066427916214,0.2720610502089516,0.00775382686418906
voter,rho_1_over_3pi,0.1061032953945969,11,3.2000000000000002,2261001,1,3000,0.18604283713816094,0.18181818181818182,1500,0.2627662155183194,0.13164070089681187,0.20543879837683968,0.04228013972986916
voter,rho_1_over_3pi,0.1061032953945969,11,3.2000000000000002,2261002,2,3000,0.31533155268196605,0.09090909090909091,1500,0.2668355807551323,0.13995746076040516,0.2895039670522682,0.09513760431736301
voter,rho_1_over_3pi,0.1061032953945969,11,3.2000000000000002,2261003,3,3000,0.36330993413780444,0.18181818181818182,1500,0.28115139416331636,0.1429499680344381,0.3214220822481982,0.05923844017923819
voter,rho_1_over_3pi,0.1061032953945969,11,3.2000000000000002,2261004,4,3000,0.27774682457452177,0.2727272727272727,1500,0.28619034695336687,0.1436920750058252,0.27290896977772394,0.0070370965045256206
voter,rho_1_over_3pi,0.1061032953945969,11,3.2000000000000002,2261005,5,3000,0.04724324139769522,0.18181818181818182,1500,0.2838556633192547,0.14428714435704518,0.30755254073042215,0.05123341344169347
voter,rho_1_over_3pi,0.1061032953945969,11,3.2000000000000002,2261006,6,3000,0.5092804390837659,0.18181818181818182,1500,0.29305649980216963,0.14813197816449278,0.3530979347101932,0.029102929561408006
voter,rho_1_over_3pi,0.1061032953945969,11,3.2000000000000002,2261007,7,3000,0.2717166949364613,0.18181818181818182,1500,0.2886301137080015,0.1442401697743317,0.31203440130821875,0.04503692893905539
voter,rho_1_over_3pi,0.1061032953945969,11,3.2000000000000002,2261008,8,3000,0.2305642792442372,0.18181818181818182,1500,0.29429525180106714,0.14909973765534223,0.33123372297256376,0.051958014615443415
voter,rho_1_over_3pi,0.1061032953945969,11,3.2000000000000002,2261009,9,3000,0.1577489484144009,0.18181818181818182,1500,0.28037432040843735,0.14312092831955256,0.3126400581430561,0.06863895842659753
voter,rho_1_over_3pi,0.1061032953945969,11,3.2000000000000002,2261010,10,3000,0.4612189276613037,0.18181818181818182,1500,0.2873171373911569,0.1462382465684726,0.4607231542607958,0.09145462326634606
voter,rho_1_over_3pi,0.1061032953945969,11,3.2000000000000002,2261011,11,3000,0.209516417381833,0.18181818181818182,1500,0.30819003893602914,0.1496228221129154,0.2749076373326873,0.013909024923266655
voter,rho_1_over_3pi,0.1061032953945969,11,3.2000000000000002,2261012,12,3000,0.1863080249281797,0.18181818181818182,1500,0.28791087898577156,0.14728006949052178,0.29277451396039006,0.03855718155400719
voter,rho_1_over_3pi,0.1061032953945969,11,3.2000000000000002,2261013,13,3000,0.2988540159188702,0.18181818181818182,1500,0.2964286408714181,0.15435981317021694,0.2948337471988371,0.03899978568983448
voter,rho_1_over_3pi,0.1061032953945969,11,3.2000000000000002,2261014,14,3000,0.12575165585369893,0.18181818181818182,1500,0.29762993781569325,0.14772647364441524,0.5011810308279329,0.07785920612611924
voter,rho_1_over_3pi,0.1061032953945969,11,3.2000000000000002,2261015,15,3000,0.6158661921181567,0.18181818181818182,1500,0.27586199790674865,0.14194891174135663,0.3398340500272546,0.05443140107132844
voter,rho_1_over_3pi,0.1061032953945969,11,3.2000000000000002,2261016,16,3000,0.2365909346277144,0.18181818181818182,1500,0.29022089684000313,0.14173811245021314,0.4836169826176488,0.11303370766352352
voter,rho_1_over_3pi,0.1061032953945969,11,3.2000000000000002,2261017,17,3000,0.21501518178900103,0.2727272727272727,1500,0.2870238431082342,0.1453546287002462,0.3793834413421355,0.09157178837269675
voter,rho_1_over_3pi,0.1061032953945969,11,3.2000000000000002,2261018,18,3000,0.20814171797257727,0.18181818181818182,1500,0.26674823526734814,0.13576676991131512,0.20834595118405913,0.04198752864395213
voter,rho_1_over_3pi,0.1061032953945969,11,3.2000000000000002,2261019,19,3000,0.2916690091893847,0.18181818181818182,1500,0.29027922271327455,0.14782789507067393,0.30294954878565805,0.05913456672464967
voter,rho_1_over_3pi,0.1061032953945969,11,3.3999999999999999,2261100,0,3000,0.24669523320309095,0.18181818181818182,1500,0.28075472550091995,0.14260067082350664,0.36121373629701414,0.014641370352750843
voter,rho_1_over_3pi,0.1061032953945969,11,3.3999999999999999,2261101,1,3000,0.1888188321931884,0.18181818181818182,1500,0.29216697018200294,0.13905925291435253,0.4900975107504088,0.11232366073017469
voter,rho_1_over_3pi,0.1061032953945969,11,3.3999999999999999,2261102,2,3000,0.32566643528929784,0.18181818181818182,1500,0.28545853193213544,0.14186881396677165,0.26539882502574036,0.024749068115931652
voter,rho_1_over_3pi,0.1061032953945969,11,3.3999999999999999,2261103,3,3000,0.43787208079308243,0.18181818181818182,1500,0.29473284542796313,0.15009237867561806,0.30119314396462965,0.0811092322717597
voter,rho_1_over_3pi,0.1061032953945969,11,3.3999999999999999,2261104,4,3000,0.412041610812433,0.18181818181818182,1500,0.28985207458579393,0.14340632633033817,0.32348131548664527,0.05237170369290224
voter,rho_1_over_3pi,0.1061032953945969,11,3.3999999999999999,2261105,5,3000,0.38544753053004627,0.09090909090909091,1500,0.2683856460328058,0.13773514088644603,0.26866937193386226,0.018773212652049242
voter,rho_1_over_3pi,0.1061032953945969,11,3.3999999999999999,2261106,6,3000,0.34406098165611515,0.18181818181818182,1500,0.2719207483543899,0.13446158429789065,0.2119798921930834,0.06299652159694509
voter,rho_1_over_3pi,0.1061032953945969,11,3.3999999999999999,2261107,7,3000,0.46695985856030614,0.18181818181818182,1500,0.271752213057736,0.13649317111573456,0.2452304524256556,0.05760506557923889
voter,rho_1_over_3pi,0.1061032953945969,11,3.3999999999999999,2261108,8,3000,0.27741001968578893,0.09090909090909091,1500,0.27786987993452306,0.1364736724074868,0.26115922718187873,0.030295557865575203
voter,rho_1_over_3pi,0.1061032953945969,11,3.3999999999999999,2261109,9,3000,0.1757174441332596,0.2727272727272727,1500,0.2768179689959159,0.1424842380207083,0.23917388407728182,0.057262091218695105
voter,rho_1_over_3pi,0.1061032953945969,11,3.3999999999999999,2261110,10,3000,0.11368237630884713,0.18181818181818182,1500,0.2638622476864881,0.1356523243164953,0.18181818181818182,0.0
voter,rho_1_over_3pi,0.1061032953945969,11,3.3999999999999999,2261111,11,3000,0.063982156297266,0.18181818181818182,1500,0.2815302155547876,0.14622217126709536,0.31003573375325544,0.0559820246460925
voter,rho_1_over_3pi,0.1061032953945969,11,3.3999999999999999,2261112,12,3000,0.4342781669575333,0.09090909090909091,1500,0.27463667617175497,0.14208221448433014,0.301798800799467,0.059662578189206
voter,rho_1_over_3pi,0.1061032953945969,11,3.3999999999999999,2261113,13,3000,0.2933719231663033,0.18181818181818182,1500,0.27834451936098153,0.14015723480568928,0.28998849252013814,0.08925532533793011
voter,rho_1_over_3pi,0.1061032953945969,11,3.3999999999999999,2261114,14,3000,0.4118474109986076,0.18181818181818182,1500,0.2835365951024649,0.1394692897085854,0.27321179819514263,0.02548469814839331
voter,rho_1_over_3pi,0.1061032953945969,11,3.3999999999999999,2261115,15,3000,0.24862223883762483,0.2727272727272727,1500,0.2754883273677289,0.13854416965850724,0.26218884380110224,0.03738418959447579
voter,rho_1_over_3pi,0.1061032953945969,11,3.3999999999999999,2261116,16,3000,0.15359522357921915,0.36363636363636365,1500,0.285902353055972,0.14446290466012035,0.3303252377203077,0.05604443483984759
voter,rho_1_over_3pi,0.1061032953945969,11,3.3999999999999999,2261117,17,3000,0.11888532835967332,0.18181818181818182,1500,0.2833171949767357,0.14611139521421482,0.2885349161165284,0.03647371865166902
voter,rho_1_over_3pi,0.1061032953945969,11,3.3999999999999999,2261118,18,3000,0.20132510805079012,0.2727272727272727,1500,0.2699751878163095,0.1372038552638045,0.24868269638422869,0.040096495172569545
voter,rho_1_over_3pi,0.1061032953945969,11,3.3999999999999999,2261119,19,3000,0.31587663820623557,0.2727272727272727,1500,0.2701716592043063,0.1351423991611401,0.20422748470716492,0.03931977161715617
voter,rho_1_over_3pi,0.1061032953945969,11,3.6000000000000001,2261200,0,3000,0.10935189083512134,0.09090909090909091,1500,0.27431676249639314,0.13871017307593408,0.23584277148567623,0.04463933293259923
voter,rho_1_over_3pi,0.1061032953945969,11,3.6000000000000001,2261201,1,3000,0.25616281947138053,0.09090909090909091,1500,0.2732883421116783,0.13902554897723624,0.20598388952819333,0.04029780431261527
voter,rho_1_over_3pi,0.1061032953945969,11,3.6000000000000001,2261202,2,3000,0.4063198523871765,0.2727272727272727,1500,0.2862809661850218,0.14455266442121625,0.38967960753437103,0.10040128098023006
voter,rho_1_over_3pi,0.1061032953945969,11,3.6000000000000001,2261203,3,3000,0.38132739584450487,0.18181818181818182,1500,0.26610841580657224,0.13461089546757266,0.21743080370661982,0.04437625764976399
voter,rho_1_over_3pi,0.1061032953945969,11,3.6000000000000001,2261204,4,3000,0.2352705014033827,0.18181818181818182,1500,0.27454154559811567,0.13640440409234408,0.24965174731996848,0.04752943865284551
voter,rho_1_over_3pi,0.1061032953945969,11,3.6000000000000001,2261205,5,3000,0.3392219220145154,0.09090909090909091,1500,0.27585932862953844,0.13820712467346102,0.2544364363151838,0.03644514526704624
voter,rho_1_over_3pi,0.1061032953945969,11,3.6000000000000001,2261206,6,3000,0.1581110210140394,0.18181818181818182,1500,0.27675105891746515,0.1419905571929718,0.32935618678456785,0.08416546984186073
voter,rho_1_over_3pi,0.1061032953945969,11,3.6000000000000001,2261207,7,3000,0.14562178970813272,0.18181818181818182,1500,0.2737524390737169,0.13600772895581834,0.25909999394343164,0.03245213088151853
voter,rho_1_over_3pi,0.1061032953945969,11,3.6000000000000001,2261208,8,3000,0.4819446044356251,0.09090909090909091,1500,0.2802696873776595,0.13392123726150915,0.2727272727272727,0.0
voter,rho_1_over_3pi,0.1061032953945969,11,3.6000000000000001,2261209,9,3000,0.11842377576358341,0.2727272727272727,1500,0.2797035873889306,0.1413969565133954,0.3270546908121858,0.044580128238539345
voter,rho_1_over_3pi,0.1061032953945969,11,3.6000000000000001,2261210,10,3000,0.47871592725218776,0.18181818181818182,1500,0.2780077941957564,0.14331036255600102,0.266186178911029,0.06119903835056256
voter,rho_1_over_3pi,0.1061032953945969,11,3.6000000000000001,2261211,11,3000,0.4818832134665856,0.2727272727272727,1500,0.28113275244967056,0.1440071300106685,0.2550420931500212,0.04827111570806774
voter,rho_1_over_3pi,0.1061032953945969,11,3.6000000000000001,2261212,12,3000,0.5125880701582675,0.18181818181818182,1500,0.2859410029544398,0.14168568323658834,0.3434074253527951,0.04115909454996584
voter,rho_1_over_3pi,0.1061032953945969,11,3.6000000000000001,2261213,13,3000,0.10454505403695938,0.18181818181818182,1500,0.2746973697670835,0.13437713586848649,0.2928350796438738,0.057980690056673556
voter,rho_1_over_3pi,0.1061032953945969,11,3.6000000000000001,2261214,14,3000,0.3600627637080716,0.18181818181818182,1500,0.28040759653472686,0.1382990050247806,0.24868269638422869,0.040096495172569545
voter,rho_1_over_3pi,0.1061032953945969,11,3.6000000000000001,2261215,15,3000,0.4122295299777423,0.18181818181818182,1500,0.2689252746134162,0.1356305521738391,0.2739385863969475,0.08032142301917132
voter,rho_1_over_3pi,0.1061032953945969,11,3.6000000000000001,2261216,16,3000,0.24998635345486567,0.18181818181818182,1500,0.272577817464527,0.1382943940622064,0.25813094300769185,0.033374934069353955
voter,rho_1_over_3pi,0.1061032953945969,11,3.6000000000000001,2261217,17,3000,0.22653774070575486,0.18181818181818182,1500,0.27374440113786414,0.13888236160904713,0.3010114469141784,0.0706950719026882
voter,rho_1_over_3pi,0.1061032953945969,11,3.6000000000000001,2261218,18,3000,0.18749750660382303,0.18181818181818182,1500,0.27669471481420266,0.1419940983713061,0.24371631033856217,0.060379885808961545
voter,rho_1_over_3pi,0.1061032953945969,11,3.6000000000000001,2261219,19,3000,0.14387244321829484,0.18181818181818182,1500,0.26476442038176073,0.1301782454726028,0.25486039609956995,0.036125285205514834
voter,rho_1_over_3pi,0.1061032953945969,11,3.7999999999999998,2261300,0,3000,0.22172026835495065,0.18181818181818182,1500,0.28382562489856766,0.1425597964783857,0.33759311973835626,0.05674484183722181
voter,rho_1_over_3pi,0.1061032953945969,11,3.7999999999999998,2261301,1,3000,0.06108710146263358,0.2727272727272727,1500,0.2625149860267762,0.13424168500349962,0.261098661498395,0.07651974970262186
voter,rho_1_over_3pi,0.1061032953945969,11,3.7999999999999998,2261302,2,3000,0.24831574455564162,0.36363636363636365,1500,0.27093367203111435,0.13946490222536256,0.3023438919508207,0.0819487046031712
voter,rho_1_over_3pi,0.1061032953945969,11,3.7999999999999998,2261303,3,3000,0.2715328255879275,0.18181818181818182,1500,0.2748871806468732,0.13503597906689604,0.35727696687057114,0.023188036818231023
voter,rho_1_over_3pi,0.1061032953945969,11,3.7999999999999998,2261304,4,3000,0.32038858972761913,0.18181818181818182,1500,0.2744195421937838,0.1426251213530746,0.2912603718732966,0.054608889902867025
voter,rho_1_over_3pi,0.1061032953945969,11,3.7999999999999998,2261305,5,3000,0.4358148824797634,0.2727272727272727,1500,0.280142752611755,0.1412393948877637,0.27145539337411423,0.013419365609529513
voter,rho_1_over_3pi,0.1061032953945969,11,3.7999999999999998,2261306,6,3000,0.09559808026895168,0.2727272727272727,1500,0.2770571077652257,0.1422442388381087,0.2309369511234934,0.046624248337300736
voter,rho_1_over_3pi,0.1061032953945969,11,3.7999999999999998,2261307,7,3000,0.10209636979730728,0.18181818181818182,1500,0.27373485514840223,0.13568989803081952,0.21082914420689236,0.042375987049699804
voter,rho_1_over_3pi,0.1061032953945969,11,3.7999999999999998,2261308,8,3000,0.19641604923014763,0.18181818181818182,1500,0.26589637928518906,0.13499119218070943,0.22348737205499364,0.045296653169466225
voter,rho_1_over_3pi,0.1061032953945969,11,3.7999999999999998,2261309,9,3000,0.30876514431492946,0.18181818181818182,1500,0.2722030148587384,0.13738898250005105,0.20822481981709165,0.04398344819956983
voter,rho_1_over_3pi,0.1061032953945969,11,3.7999999999999998,2261310,10,3000,0.11507048559135172,0.18181818181818182,1500,0.2716267331626818,0.14178884746634637,0.3097329053358367,0.07376631725623577
voter,rho_1_over_3pi,0.1061032953945969,11,3.7999999999999998,2261311,11,3000,0.20310892036065323,0.18181818181818182,1500,0.2753412593456977,0.1403107450281534,0.26963842286960205,0.016470080117360723
voter,rho_1_over_3pi,0.1061032953945969,11,3.7999999999999998,2261312,12,3000,0.5691812600533466,0.18181818181818182,1500,0.27154521394367687,0.13798293349011842,0.23590333716915993,0.06450566593918645
voter,rho_1_over_3pi,0.1061032953945969,11,3.7999999999999998,2261313,13,3000,0.2575610209070306,0.18181818181818182,1500,0.276756722610821,0.1380666999275906,0.2932590394282599,0.04695524284720663
voter,rho_1_over_3pi,0.1061032953945969,11,3.7999999999999998,2261314,14,3000,0.16944861675811682,0.09090909090909091,1500,0.28022536231253853,0.14140792016219567,0.2713342620071467,0.07407774857034065
voter,rho_1_over_3pi,0.1061032953945969,11,3.7999999999999998,2261315,15,3000,0.16744623496296673,0.18181818181818182,1500,0.2754736841394081,0.14004110108442147,0.2547392647326025,0.06961708518319765
voter,rho_1_over_3pi,0.1061032953945969,11,3.7999999999999998,2261316,16,3000,0.372482997164016,0.18181818181818182,1500,0.269194720850537,0.13757390930319874,0.22494094845860335,0.05534225576479438
voter,rho_1_over_3pi,0.1061032953945969,11,3.7999999999999998,2261317,17,3000,0.362492196227568,0.18181818181818182,1500,0.2748546936057498,0.1430248348692508,0.31633456483556416,0.09132092068611485
voter,rho_1_over_3pi,0.1061032953945969,11,3.7999999999999998,2261318,18,3000,0.4489893465405654,0.36363636363636365,1500,0.2916987560813901,0.14716455316252006,0.3536430258615469,0.0425523820187433
voter,rho_1_over_3pi,0.1061032953945969,11,3.7999999999999998,2261319,19,3000,0.29540363772349076,0.18181818181818182,1500,0.2741596001948251,0.14109894818013735,0.3232390527527103,0.1109715386408002
voter,rho_1_over_3pi,0.1061032953945969,11,4.2000000000000002,2261400,0,3000,0.31991838120427224,0.18181818181818182,1500,0.26962937380167196,0.13689653691420448,0.19175095390951485,0.029688430688957497
voter,rho_1_over_3pi,0.1061032953945969,11,4.2000000000000002,2261401,1,3000,0.09442657003997229,0.18181818181818182,1500,0.2739885363800471,0.1387231852134709,0.18230270728605172,0.009373407847933186
voter,rho_1_over_3pi,0.1061032953945969,11,4.2000000000000002,2261402,2,3000,0.4931366519995795,0.2727272727272727,1500,0.27090072717660735,0.13742081480000143,0.287929259281691,0.034567993176926395
voter,rho_1_over_3pi,0.1061032953945969,11,4.2000000000000002,2261403,3,3000,0.10088581745168695,0.18181818181818182,1500,0.27212763987483335,0.1386632054664567,0.24837986796681,0.04635922294296783
voter,rho_1_over_3pi,0.1061032953945969,11,4.2000000000000002,2261404,4,3000,0.11885702957063225,0.2727272727272727,1500,0.2762036775810364,0.1427228575762361,0.28599115741021136,0.04628264522666285
voter,rho_1_over_3pi,0.1061032953945969,11,4.2000000000000002,2261405,5,3000,0.3704534354932243,0.18181818181818182,1500,0.2689388193078243,0.1357848350088945,0.18181818181818182,0.0
voter,rho_1_over_3pi,0.1061032953945969,11,4.2000000000000002,2261406,6,3000,0.1317277399211674,0.2727272727272727,1500,0.27340047850148147,0.13239426504292223,0.28266004481860574,0.03078107489160453
voter,rho_1_over_3pi,0.1061032953945969,11,4.2000000000000002,2261407,7,3000,0.3116555567257058,0.18181818181818182,1500,0.2751498171109495,0.14243784593950293,0.25407304221428134,0.03875598038800066
voter,rho_1_over_3pi,0.1061032953945969,11,4.2000000000000002,2261408,8,3000,0.28958574794996444,0.18181818181818182,1500,0.26653871367282467,0.13836186133966363,0.258554902792078,0.05878017373526088
voter,rho_1_over_3pi,0.1061032953945969,11,4.2000000000000002,2261409,9,3000,0.2801597326601789,0.18181818181818182,1500,0.27759994667216714,0.14164659682697936,0.31760644418872264,0.045450903701108186
voter,rho_1_over_3pi,0.1061032953945969,11,4.2000000000000002,2261410,10,3000,0.20975518881781632,0.18181818181818182,1500,0.27012215580491533,0.13679299345041745,0.2511053237235782,0.0504406342326418
voter,rho_1_over_3pi,0.1061032953945969,11,4.2000000000000002,2261411,11,3000,0.287096494243944,0.18181818181818182,1500,0.26822228732870906,0.13552432761706437,0.3133062806613772,0.05467514871678673
voter,rho_1_over_3pi,0.1061032953945969,11,4.2000000000000002,2261412,12,3000,0.044945400068168564,0.18181818181818182,1500,0.2780934334668449,0.1431198055040008,0.4564835564169341,0.08777587070059681
voter,rho_1_over_3pi,0.1061032953945969,11,4.2000000000000002,2261413,13,3000,0.11809457004078788,0.09090909090909091,1500,0.2669090190641464,0.139957606288585,0.21555326751862397,0.045031960290615694
voter,rho_1_over_3pi,0.1061032953945969,11,4.2000000000000002,2261414,14,3000,0.14318439345839598,0.18181818181818182,1500,0.2742854416502731,0.1360321293981586,0.27854157834171156,0.05182801979397173
voter,rho_1_over_3pi,0.1061032953945969,11,4.2000000000000002,2261415,15,3000,0.41265426282810175,0.18181818181818182,1500,0.2703702935468861,0.14222557568012717,0.31409363454666583,0.08954258911716655
voter,rho_1_over_3pi,0.1061032953945969,11,4.2000000000000002,2261416,16,3000,0.19719851246416586,0.2727272727272727,1500,0.26809825730713055,0.14066337511273005,0.26963842286960205,0.039908603499282345
voter,rho_1_over_3pi,0.1061032953945969,11,4.2000000000000002,2261417,17,3000,0.21423414854130332,0.18181818181818182,1500,0.2758738456959725,0.14232568036346205,0.1930228332626734,0.041059960049832034
voter,rho_1_over_3pi,0.1061032953945969,11,4.2000000000000002,2261418,18,3000,0.2624322397722214,0.18181818181818182,1500,0.2726522265133766,0.1398056877984863,0.2588577312094967,0.03400880427780883
voter,rho_1_over_3pi,0.1061032953945969,11,4.2000000000000002,2261419,19,3000,0.14855794076319895,0.18181818181818182,1500,0.2677107705510017,0.13533873631199375,0.1821210102356005,0.005238143858140548
voter,rho_1_over_3pi,0.1061032953945969,11,4.4000000000000004,2261500,0,3000,0.10530196075980225,0.09090909090909091,1500,0.2723147055499617,0.1394448199595066,0.2079825570831567,0.06501347399118242
voter,rho_1_over_3pi,0.1061032953945969,11,4.4000000000000004,2261501,1,3000,0.20266482552660173,0.09090909090909091,1500,0.2693545354681155,0.13610444703096367,0.22693961601356671,0.045453324843935876
voter,rho_1_over_3pi,0.1061032953945969,11,4.4000000000000004,2261502,2,3000,0.3536186187018667,0.09090909090909091,1500,0.27398241600061296,0.13967425810141906,0.2388710556598631,0.047675619525106835
voter,rho_1_over_3pi,0.1061032953945969,11,4.4000000000000004,2261503,3,3000,0.2885109832150717,0.18181818181818182,1500,0.27072538317726513,0.1395006852181204,0.259947913512204,0.07282937185824172
voter,rho_1_over_3pi,0.1061032953945969,11,4.4000000000000004,2261504,4,3000,0.09423153140059672,0.18181818181818182,1500,0.26422298280166095,0.13297665145497245,0.1881775785839743,0.024119138071042087
voter,rho_1_over_3pi,0.1061032953945969,11,4.4000000000000004,2261505,5,3000,0.19677048716031484,0.36363636363636365,1500,0.27881040139660135,0.143181795229068,0.31585003936769424,0.06703967326771854
voter,rho_1_over_3pi,0.1061032953945969,11,4.4000000000000004,2261506,6,3000,0.2465014556677452,0.18181818181818182,1500,0.2720611113333191,0.1392496623657579,0.24165707710011505,0.06458880783352719
voter,rho_1_over_3pi,0.1061032953945969,11,4.4000000000000004,2261507,7,3000,0.23613751197184837,0.18181818181818182,1500,0.270783273617481,0.13495624310513027,0.22942280903639997,0.045403665610706585
voter,rho_1_over_3pi,0.1061032953945969,11,4.4000000000000004,2261508,8,3000,0.4031827985249105,0.18181818181818182,1500,0.27498312925375246,0.13550691101951814,0.2935013021621949,0.03986390774752926
voter,rho_1_over_3pi,0.1061032953945969,11,4.4000000000000004,2261509,9,3000,0.08928803747410818,0.18181818181818182,1500,0.27345603407394514,0.13514319567417274,0.23699351947186725,0.06460658164473823
voter,rho_1_over_3pi,0.1061032953945969,11,4.4000000000000004,2261510,10,3000,0.2674930967336478,0.18181818181818182,1500,0.2744794757474243,0.13538630399724616,0.29301677669432497,0.04391325312173513
voter,rho_1_over_3pi,0.1061032953945969,11,4.4000000000000004,2261511,11,3000,0.1569162133155747,0.09090909090909091,1500,0.2722068279798179,0.13990959293025837,0.29410695899703226,0.060006748024010674
voter,rho_1_over_3pi,0.1061032953945969,11,4.4000000000000004,2261512,12,3000,0.10697071782770737,0.18181818181818182,1500,0.2707275408884778,0.13850341180821688,0.26866937193386226,0.041047272137394224
voter,rho_1_over_3pi,0.1061032953945969,11,4.4000000000000004,2261513,13,3000,0.24314318956464342,0.18181818181818182,1500,0.27571389900137927,0.13656822817866587,0.2682454121494761,0.08899170429515708
voter,rho_1_over_3pi,0.1061032953945969,11,4.4000000000000004,2261514,14,3000,0.222707585016203,0.18181818181818182,1500,0.26971934054698016,0.14407158063922573,0.18187874750166555,0.0023456988348418725
voter,rho_1_over_3pi,0.1061032953945969,11,4.4000000000000004,2261515,15,3000,0.2962860512103774,0.18181818181818182,1500,0.2687691826081495,0.13950828733255025,0.2878686935982072,0.03697930542194644
voter,rho_1_over_3pi,0.1061032953945969,11,4.4000000000000004,2261516,16,3000,0.4753149302587239,0.18181818181818182,1500,0.2697706419642605,0.14070974227811872,0.2896856641027194,0.03994314861373415
voter,rho_1_over_3pi,0.1061032953945969,11,4.4000000000000004,2261517,17,3000,0.4209386199382365,0.09090909090909091,1500,0.2692996677725444,0.13773881865370502,0.26340015747077705,0.08047436002938413
voter,rho_1_over_3pi,0.1061032953945969,11,4.4000000000000004,2261518,18,3000,0.3594608070033873,0.18181818181818182,1500,0.2636984903462573,0.13433260030692426,0.1947792380837018,0.03178504149442032
voter,rho_1_over_3pi,0.1061032953945969,11,4.4000000000000004,2261519,19,3000,0.36380392759976227,0.09090909090909091,1500,0.2649952304598224,0.13753433329124268,0.18181818181818182,0.0
voter,rho_1_over_3pi,0.1061032953945969,11,4.5999999999999996,2261600,0,3000,0.115562376804538,0.18181818181818182,1500,0.264718180334676,0.13924300187330574,0.2417176427835988,0.059794005893659324
voter,rho_1_over_3pi,0.1061032953945969,11,4.5999999999999996,2261601,1,3000,0.3372838346441307,0.18181818181818182,1500,0.26820075006464195,0.1338116766780363,0.2147053479498516,0.043682681687761515
voter,rho_1_over_3pi,0.1061032953945969,11,4.5999999999999996,2261602,2,3000,0.37491986625752427,0.2727272727272727,1500,0.2688984859768887,0.1368108592968823,0.33111259160559625,0.047909714353139794
voter,rho_1_over_3pi,0.1061032953945969,11,4.5999999999999996,2261603,3,3000,0.2442355362281078,0.18181818181818182,1500,0.27302198522265736,0.13416793431876248,0.22700018169705044,0.04917747024643863
voter,rho_1_over_3pi,0.1061032953945969,11,4.5999999999999996,2261604,4,3000,0.24289286014201752,0.18181818181818182,1500,0.26790466215003655,0.1416883533052323,0.21858155169281085,0.04559248522652733
voter,rho_1_over_3pi,0.1061032953945969,11,4.5999999999999996,2261605,5,3000,0.07535225788750893,0.18181818181818182,1500,0.27097602360506573,0.13806932105281491,0.1987765731936285,0.03556819994926913
voter,rho_1_over_3pi,0.1061032953945969,11,4.5999999999999996,2261606,6,3000,0.3259098387674914,0.09090909090909091,1500,0.26402659127543,0.1356433619025842,0.22427472594028222,0.046197524691817815
voter,rho_1_over_3pi,0.1061032953945969,11,4.5999999999999996,2261607,7,3000,0.10158842029312098,0.18181818181818182,1500,0.2702189888104829,0.14026956988578757,0.2862939858276301,0.08743818032605775
voter,rho_1_over_3pi,0.1061032953945969,11,4.5999999999999996,2261608,8,3000,0.3357066910403062,0.18181818181818182,1500,0.27271762840398367,0.1388623268243719,0.25704076070498455,0.03435083533271572
voter,rho_1_over_3pi,0.1061032953945969,11,4.5999999999999996,2261609,9,3000,0.21489442319433472,0.18181818181818182,1500,0.2631217923542045,0.13403327595252434,0.2540730422142814,0.08015213217185968
voter,rho_1_over_3pi,0.1061032953945969,11,4.5999999999999996,2261610,10,3000,0.41629232108174286,0.18181818181818182,1500,0.26771527931817485,0.1361219169254143,0.24880382775119617,0.0400315802169414
voter,rho_1_over_3pi,0.1061032953945969,11,4.5999999999999996,2261611,11,3000,0.23995326618538237,0.18181818181818182,1500,0.26605511209963845,0.13175397047902784,0.20568106111077464,0.04040979438434318
voter,rho_1_over_3pi,0.1061032953945969,11,4.5999999999999996,2261612,12,3000,0.38280412456514895,0.2727272727272727,1500,0.27429558438056206,0.14194087645496048,0.42329356186784567,0.05692884297986134
voter,rho_1_over_3pi,0.1061032953945969,11,4.5999999999999996,2261613,13,3000,0.08470954918709116,0.09090909090909091,1500,0.271568386362851,0.13706200445664526,0.22130700744957907,0.048133526706572644
voter,rho_1_over_3pi,0.1061032953945969,11,4.5999999999999996,2261614,14,3000,0.20076794547357027,0.18181818181818182,1500,0.259104792309767,0.1333246741146134,0.19393131851492942,0.030894435818198403
voter,rho_1_over_3pi,0.1061032953945969,11,4.5999999999999996,2261615,15,3000,0.15023475191870103,0.18181818181818182,1500,0.2764453171669006,0.14150045528873748,0.22700018169705044,0.04545372835520225
voter,rho_1_over_3pi,0.1061032953945969,11,4.5999999999999996,2261616,16,3000,0.21856698388601303,0.18181818181818182,1500,0.27414796470372554,0.13450514407969658,0.20677124341348194,0.05809199451686845
voter,rho_1_over_3pi,0.1061032953945969,11,4.5999999999999996,2261617,17,3000,0.09782348134306554,0.18181818181818182,1500,0.2672269793626443,0.13712669434857203,0.19162982254254737,0.028208137919307243
voter,rho_1_over_3pi,0.1061032953945969,11,4.5999999999999996,2261618,18,3000,0.1778566570598842,0.18181818181818182,1500,0.2677834598932975,0.13872704889555465,0.21361516564714433,0.043733540221179305
voter,rho_1_over_3pi,0.1061032953945969,11,4.5999999999999996,2261619,19,3000,0.24609917736175355,0.2727272727272727,1500,0.2749424743351032,0.13600613168618628,0.24389800738901338,0.042950849535164065
voter,rho_1_over_3pi,0.1061032953945969,11,4.7999999999999998,2261700,0,3000,0.26625638790075445,0.18181818181818182,1500,0.2660732304444538,0.1315543819073742,0.23638786263702985,0.0445312251096888
voter,rho_1_over_3pi,0.1061032953945969,11,4.7999999999999998,2261701,1,3000,0.3388830793637681,0.09090909090909091,1500,0.27247461748423707,0.14063606936122333,0.259705650778269,0.031846839330819235
voter,rho_1_over_3pi,0.1061032953945969,11,4.7999999999999998,2261702,2,3000,0.4078846768090155,0.18181818181818182,1500,0.27193710894324075,0.14081517015750708,0.2046514444915511,0.03942579444746041
voter,rho_1_over_3pi,0.1061032953945969,11,4.7999999999999998,2261703,3,3000,0.13324917866963065,0.45454545454545453,1500,0.27149358057428796,0.13721376712122973,0.2956816667676095,0.08644808838441818
voter,rho_1_over_3pi,0.1061032953945969,11,4.7999999999999998,2261704,4,3000,0.2594340023254312,0.18181818181818182,1500,0.268334006410668,0.13872587930428742,0.2575252861728545,0.07912294028921608
voter,rho_1_over_3pi,0.1061032953945969,11,4.7999999999999998,2261705,5,3000,0.3994355101114337,0.36363636363636365,1500,0.2688623147737516,0.13496526175311008,0.35267397492580704,0.08522519256387114
voter,rho_1_over_3pi,0.1061032953945969,11,4.7999999999999998,2261706,6,3000,0.23016701895598812,0.36363636363636365,1500,0.27400357710120365,0.13763225945696095,0.21646175277088,0.04786030452054184
voter,rho_1_over_3pi,0.1061032953945969,11,4.7999999999999998,2261707,7,3000,0.18373727545031163,0.18181818181818182,1500,0.26673245748995683,0.1369415907829763,0.33504936103203925,0.05600063055199211
voter,rho_1_over_3pi,0.1061032953945969,11,4.7999999999999998,2261708,8,3000,0.24580353541359054,0.18181818181818182,1500,0.2703560242308627,0.13633466459984908,0.17158258130943008,0.028735720269109147
voter,rho_1_over_3pi,0.1061032953945969,11,4.7999999999999998,2261709,9,3000,0.09140119763778562,0.18181818181818182,1500,0.2715560684606381,0.1386884130096794,0.342983465568409,0.042595634638927314
voter,rho_1_over_3pi,0.1061032953945969,11,4.7999999999999998,2261710,10,3000,0.09470432733488227,0.18181818181818182,1500,0.26713108033919863,0.1375732208668967,0.301798800799467,0.05807254269020869
voter,rho_1_over_3pi,0.1061032953945969,11,4.7999999999999998,2261711,11,3000,0.3122498866294561,0.18181818181818182,1500,0.2692260980253196,0.1340286575032743,0.19629338017079523,0.03596663422248962
voter,rho_1_over_3pi,0.1061032953945969,11,4.7999999999999998,2261712,12,3000,0.27973579193504866,0.18181818181818182,1500,0.26389169686054914,0.1356683744301823,0.44533947065592633,0.05663762577695839
voter,rho_1_over_3pi,0.1061032953945969,11,4.7999999999999998,2261713,13,3000,0.05849721759138067,0.18181818181818182,1500,0.27386090973467697,0.1375927889353348,0.21767306644055479,0.0444292945519799
voter,rho_1_over_3pi,0.1061032953945969,11,4.7999999999999998,2261714,14,3000,0.2747153298121802,0.18181818181818182,1500,0.270943873544514,0.13345040438700437,0.18284779843740537,0.01917915435428897
voter,rho_1_over_3pi,0.1061032953945969,11,4.7999999999999998,2261715,15,3000,0.5354134479389688,0.09090909090909091,1500,0.26625664899897084,0.1375691013545708,0.1819393131851493,0.004691397669683747
voter,rho_1_over_3pi,0.1061032953945969,11,4.7999999999999998,2261716,16,3000,0.4120974249700511,0.18181818181818182,1500,0.26933181439254733,0.13771208445192365,0.35582339046696143,0.03542435000418577
voter,rho_1_over_3pi,0.1061032953945969,11,4.7999999999999998,2261717,17,3000,0.43979277069711115,0.18181818181818182,1500,0.26661097544389956,0.13774883718690925,0.1743080370661983,0.026313681090115254
voter,rho_1_over_3pi,0.1061032953945969,11,4.7999999999999998,2261718,18,3000,0.2316245677480554,0.18181818181818182,1500,0.27439146180174995,0.14063957747899394,0.30403973108836535,0.0614099594467004
voter,rho_1_over_3pi,0.1061032953945969,11,4.7999999999999998,2261719,19,3000,0.473880673707832,0.18181818181818182,1500,0.26392391507919133,0.13451668021205793,0.18266610138695416,0.008738685803140776
voter,rho_1_over_3pi,0.1061032953945969,11,5.2000000000000002,2261800,0,3000,0.2906147348433454,0.18181818181818182,1500,0.27418019186462306,0.14048221397067587,0.2016231603173642,0.0513960404317261
voter,rho_1_over_3pi,0.1061032953945969,11,5.2000000000000002,2261801,1,3000,0.42885395078636,0.2727272727272727,1500,0.26800336291466453,0.13627916038152207,0.212767246078372,0.0430779145015116
voter,rho_1_over_3pi,0.1061032953945969,11,5.2000000000000002,2261802,2,3000,0.36302058575183077,0.18181818181818182,1500,0.26513447020389197,0.13537317757974296,0.18181818181818182,0.0
voter,rho_1_over_3pi,0.1061032953945969,11,5.2000000000000002,2261803,3,3000,0.45140175879739,0.18181818181818182,1500,0.2693854505280681,0.13834838775477817,0.21858155169281085,0.0446159071354422
voter,rho_1_over_3pi,0.1061032953945969,11,5.2000000000000002,2261804,4,3000,0.3700688116612323,0.18181818181818182,1500,0.26901692768059143,0.13685622101500372,0.18296892980437285,0.010163131031447462
voter,rho_1_over_3pi,0.1061032953945969,11,5.2000000000000002,2261805,5,3000,0.1805665141521333,0.2727272727272727,1500,0.27336394379979845,0.14257616394350267,0.24002180364605413,0.04362999832805883
voter,rho_1_over_3pi,0.1061032953945969,11,5.2000000000000002,2261806,6,3000,0.29868600463205214,0.18181818181818182,1500,0.2692799696505428,0.1339180843473427,0.2925322512264551,0.06936069229053736
voter,rho_1_over_3pi,0.1061032953945969,11,5.2000000000000002,2261807,7,3000,0.12583661617121858,0.18181818181818182,1500,0.2666495352879113,0.13586577597594804,0.16364847677306038,0.05503184774571772
voter,rho_1_over_3pi,0.1061032953945969,11,5.2000000000000002,2261808,8,3000,0.19149493681342278,0.18181818181818182,1500,0.2737031588512352,0.13649052618681487,0.18581551692810855,0.02335873235109245
voter,rho_1_over_3pi,0.1061032953945969,11,5.2000000000000002,2261809,9,3000,0.16374921858964972,0.18181818181818182,1500,0.2668704075499442,0.13438762631822002,0.2453515837926231,0.041704563891885475
voter,rho_1_over_3pi,0.1061032953945969,11,5.2000000000000002,2261810,10,3000,0.4498550090671051,0.18181818181818182,1500,0.272728807246928,0.1422589408983176,0.18424080915753135,0.014641370352750835
voter,rho_1_over_3pi,0.1061032953945969,11,5.2000000000000002,2261811,11,3000,0.5269384312984197,0.18181818181818182,1500,0.2674275909459207,0.13682374278587778,0.21682514687178245,0.0538886891386473
voter,rho_1_over_3pi,0.1061032953945969,11,5.2000000000000002,2261812,12,3000,0.11751539340309819,0.18181818181818182,1500,0.27105950395710193,0.13987697918518227,0.4247471382714554,0.05874321810354522
voter,rho_1_over_3pi,0.1061032953945969,11,5.2000000000000002,2261813,13,3000,0.43809808333402545,0.18181818181818182,1500,0.2676857884543991,0.1385347310180154,0.2715765247410817,0.07258023313656063
voter,rho_1_over_3pi,0.1061032953945969,11,5.2000000000000002,2261814,14,3000,0.10498216128760972,0.2727272727272727,1500,0.27288561648098064,0.1401618751115928,0.3002240930288898,0.04175686542128401
voter,rho_1_over_3pi,0.1061032953945969,11,5.2000000000000002,2261815,15,3000,0.14857677558254664,0.18181818181818182,1500,0.2737649880699597,0.14022801522739356,0.34255950578402283,0.04770446361311108
voter,rho_1_over_3pi,0.1061032953945969,11,5.2000000000000002,2261816,16,3000,0.45379155157201223,0.18181818181818182,1500,0.2703359005136014,0.13708131418115438,0.2399612379625704,0.04525784629015976
voter,rho_1_over_3pi,0.1061032953945969,11,5.2000000000000002,2261817,17,3000,0.4508118466496926,0.09090909090909091,1500,0.2733226910250478,0.13759275758047299,0.22203379565138393,0.04635502909568835
voter,rho_1_over_3pi,0.1061032953945969,11,5.2000000000000002,2261818,18,3000,0.08799301971958548,0.18181818181818182,1500,0.2707493768994413,0.13947395061808357,0.20822481981709165,0.04153693307099184
voter,rho_1_over_3pi,0.1061032953945969,11,5.2000000000000002,2261819,19,3000,0.2563457013187071,0.18181818181818182,1500,0.26864184190743656,0.13957718784101208,0.193567924414027,0.030497573128619417
voter,rho_1_over_3pi,0.1061032953945969,11,5.4000000000000004,2261900,0,3000,0.17050646668935593,0.18181818181818182,1500,0.27678209063764814,0.14032935674376706,0.18115195929986072,0.0077538268641890624
voter,rho_1_over_3pi,0.1061032953945969,11,5.4000000000000004,2261901,1,3000,0.25695629087330096,0.18181818181818182,1500,0.2671578999161178,0.13840824852454858,0.24141481436618012,0.08456860795758159
voter,rho_1_over_3pi,0.1061032953945969,11,5.4000000000000004,2261902,2,3000,0.15104136850917993,0.18181818181818182,1500,0.27041917804673427,0.13691889954201464,0.25316455696202533,0.056486064453356
voter,rho_1_over_3pi,0.1061032953945969,11,5.4000000000000004,2261903,3,3000,0.24600640643150562,0.18181818181818182,1500,0.26461167442561045,0.1330736907730198,0.12930773423778089,0.06001707807531508
voter,rho_1_over_3pi,0.1061032953945969,11,5.4000000000000004,2261904,4,3000,0.38418221007913195,0.18181818181818182,1500,0.26554797077656334,0.13581302791303929,0.18078856519895828,0.00961984409727741
voter,rho_1_over_3pi,0.1061032953945969,11,5.4000000000000004,2261905,5,3000,0.24082712275999618,0.18181818181818182,1500,0.26634640959580613,0.13924434641231295,0.27611895100236206,0.06586511813438008
voter,rho_1_over_3pi,0.1061032953945969,11,5.4000000000000004,2261906,6,3000,0.27980172724025093,0.2727272727272727,1500,0.27156421296451455,0.13529033814754432,0.30840046029919443,0.08646624755501853
voter,rho_1_over_3pi,0.1061032953945969,11,5.4000000000000004,2261907,7,3000,0.06903608986842034,0.2727272727272727,1500,0.260234717855428,0.13363171317426153,0.18357458663921022,0.014164602975694726
voter,rho_1_over_3pi,0.1061032953945969,11,5.4000000000000004,2261908,8,3000,0.40852775411101716,0.18181818181818182,1500,0.2639567272769233,0.13240923530980314,0.22403246320634726,0.045822092499861015
voter,rho_1_over_3pi,0.1061032953945969,11,5.4000000000000004,2261909,9,3000,0.26709190135730204,0.2727272727272727,1500,0.2699606256377612,0.14146031337697532,0.2402640663799891,0.07605627190501975
voter,rho_1_over_3pi,0.1061032953945969,11,5.4000000000000004,2261910,10,3000,0.3970862728646482,0.2727272727272727,1500,0.26584783778851856,0.13308730586121617,0.1827266670704379,0.00904235715581666
voter,rho_1_over_3pi,0.1061032953945969,11,5.4000000000000004,2261911,11,3000,0.20779429298435242,0.09090909090909091,1500,0.2702251644152919,0.13858286689349342,0.29101810913936166,0.05377680207730566
voter,rho_1_over_3pi,0.1061032953945969,11,5.4000000000000004,2261912,12,3000,0.32269087858037976,0.18181818181818182,1500,0.27079400742236587,0.13856818811519936,0.2576464175398219,0.03381648476760908
voter,rho_1_over_3pi,0.1061032953945969,11,5.4000000000000004,2261913,13,3000,0.4989256532393347,0.18181818181818182,1500,0.26859411149529705,0.13548020890162651,0.18533099146023863,0.027540808630646355
voter,rho_1_over_3pi,0.1061032953945969,11,5.4000000000000004,2261914,14,3000,0.4168636485954158,0.18181818181818182,1500,0.26785854703961076,0.13157281580559546,0.4425534492156744,0.04103869217134309
voter,rho_1_over_3pi,0.1061032953945969,11,5.4000000000000004,2261915,15,3000,0.2763602185750036,0.18181818181818182,1500,0.27110957641710426,0.13865830100293508,0.18569438556114107,0.018367286217454894
voter,rho_1_over_3pi,0.1061032953945969,11,5.4000000000000004,2261916,16,3000,0.16826316092637023,0.09090909090909091,1500,0.2675767659704211,0.13495883210936693,0.2395372781781842,0.04376867022844985
voter,rho_1_over_3pi,0.1061032953945969,11,5.4000000000000004,2261917,17,3000,0.4325612318084094,0.18181818181818182,1500,0.27088163479262933,0.13491166526008339,0.24074859184785902,0.07487692117781716
voter,rho_1_over_3pi,0.1061032953945969,11,5.4000000000000004,2261918,18,3000,0.36882940851227103,0.18181818181818182,1500,0.27138583061512095,0.13842377954891116,0.2844770153231179,0.0746802629970325
voter,rho_1_over_3pi,0.1061032953945969,11,5.4000000000000004,2261919,19,3000,0.22533085643787942,0.18181818181818182,1500,0.2714628731714371,0.13656071350044913,0.1764278359881291,0.02147034258991069
voter,rho_1_over_3pi,0.1061032953945969,11,5.5999999999999996,2262000,0,3000,0.1860698234437985,0.18181818181818182,1500,0.2696164410572186,0.13438214201296933,0.2487432620677124,0.04006409662149728
voter,rho_1_over_3pi,0.1061032953945969,11,5.5999999999999996,2262001,1,3000,0.42519246819234624,0.18181818181818182,1500,0.2647383867420429,0.13403952313708473,0.19344679304705956,0.03212539962017633
voter,rho_1_over_3pi,0.1061032953945969,11,5.5999999999999996,2262002,2,3000,0.31061283141837653,0.18181818181818182,1500,0.2702829206430009,0.13707916654626034,0.2235479377384774,0.06471907354878542
voter,rho_1_over_3pi,0.1061032953945969,11,5.5999999999999996,2262003,3,3000,0.05927689915554894,0.18181818181818182,1500,0.2664471141031904,0.1367335096963603,0.1973835624735025,0.03424548919323714
voter,rho_1_over_3pi,0.1061032953945969,11,5.5999999999999996,2262004,4,3000,0.5520491171305492,0.09090909090909091,1500,0.26468379205420256,0.13226606343994998,0.1946581067167343,0.03926814750654514
voter,rho_1_over_3pi,0.1061032953945969,11,5.5999999999999996,2262005,5,3000,0.21608165157134437,0.2727272727272727,1500,0.26878228205482557,0.13945182298255515,0.19483980376718552,0.031846839330819235
voter,rho_1_over_3pi,0.1061032953945969,11,5.5999999999999996,2262006,6,3000,0.35031726016778664,0.18181818181818182,1500,0.2715327372056698,0.13828382799755462,0.3175458785052389,0.11358460571560927
voter,rho_1_over_3pi,0.1061032953945969,11,5.5999999999999996,2262007,7,3000,0.25742841729214416,0.18181818181818182,1500,0.2691732175595128,0.13798511042115952,0.2194900369450669,0.04478331646654901
voter,rho_1_over_3pi,0.1061032953945969,11,5.5999999999999996,2262008,8,3000,0.14486235400149514,0.18181818181818182,1500,0.2675118491289315,0.134632064118825,0.18181818181818182,0.0
voter,rho_1_over_3pi,0.1061032953945969,11,5.5999999999999996,2262009,9,3000,0.4227101385722259,0.18181818181818182,1500,0.2712293556479486,0.13591344960028043,0.2582520743746593,0.06005086753851271
voter,rho_1_over_3pi,0.1061032953945969,11,5.5999999999999996,2262010,10,3000,0.15099087489822385,0.18181818181818182,1500,0.26778316113126704,0.13132421956449133,0.21640118708739628,0.04413530691496402
voter,rho_1_over_3pi,0.1061032953945969,11,5.5999999999999996,2262011,11,3000,0.26972334592725306,0.09090909090909091,1500,0.26621545677881153,0.13703242626858686,0.19744412815698625,0.0598997977807078
voter,rho_1_over_3pi,0.1061032953945969,11,5.5999999999999996,2262012,12,3000,0.2731836801919702,0.18181818181818182,1500,0.2693920292150551,0.1380940300381099,0.18769305311610443,0.06589941586796784
voter,rho_1_over_3pi,0.1061032953945969,11,5.5999999999999996,2262013,13,3000,0.7000546393315674,0.18181818181818182,1500,0.2714940076330733,0.1363365119909953,0.24474592695778571,0.07100958981587528
voter,rho_1_over_3pi,0.1061032953945969,11,5.5999999999999996,2262014,14,3000,0.2605198485278725,0.18181818181818182,1500,0.2630380261052425,0.13505104904436663,0.23656955968748106,0.04486335293851862
voter,rho_1_over_3pi,0.1061032953945969,11,5.5999999999999996,2262015,15,3000,0.09415645958426838,0.2727272727272727,1500,0.26719776576324383,0.1365961585416177,0.3394100902428684,0.05579516413809932
voter,rho_1_over_3pi,0.1061032953945969,11,5.5999999999999996,2262016,16,3000,0.29856622824625795,0.18181818181818182,1500,0.27066605761115803,0.142019381427796,0.24607837199442792,0.05304392212345712
voter,rho_1_over_3pi,0.1061032953945969,11,5.5999999999999996,2262017,17,3000,0.25428457394520687,0.18181818181818182,1500,0.2754377983492534,0.1386035915891709,0.1947792380837018,0.05191450720073436
voter,rho_1_over_3pi,0.1061032953945969,11,5.5999999999999996,2262018,18,3000,0.3748927635557769,0.18181818181818182,1500,0.2664103965360388,0.13630605926767078,0.20180485736781542,0.039921101991443594
voter,rho_1_over_3pi,0.1061032953945969,11,5.5999999999999996,2262019,19,3000,0.46078970295589605,0.18181818181818182,1500,0.2740629985169505,0.1369305285810192,0.2593422566773666,0.08507281931668173
voter,rho_1_over_3pi,0.1061032953945969,11,5.7999999999999998,2262100,0,3000,0.3107437950807372,0.18181818181818182,1500,0.2639444183855043,0.13621597633431828,0.25958451941130156,0.03348389573119003
voter,rho_1_over_3pi,0.1061032953945969,11,5.7999999999999998,2262101,1,3000,0.1286150697231794,0.18181818181818182,1500,0.26836749763105777,0.13911471802852454,0.20737690024831928,0.04086895850757853
voter,rho_1_over_3pi,0.1061032953945969,11,5.7999999999999998,2262102,2,3000,0.12165880415799997,0.18181818181818182,1500,0.2679840490767866,0.13643835384558417,0.10944219005511478,0.036624464926285655
voter,rho_1_over_3pi,0.1061032953945969,11,5.7999999999999998,2262103,3,3000,0.2891492496330728,0.2727272727272727,1500,0.2717177919032153,0.13628272751997084,0.2420204712010175,0.06967696922792097
voter,rho_1_over_3pi,0.1061032953945969,11,5.7999999999999998,2262104,4,3000,0.1764277065402845,0.18181818181818182,1500,0.26640917906430733,0.13752595239814308,0.17600387620374297,0.022243360535183634
voter,rho_1_over_3pi,0.1061032953945969,11,5.7999999999999998,2262105,5,3000,0.2139486344918212,0.18181818181818182,1500,0.26534017850255925,0.13564440722640125,0.22445642299073343,0.04887271637855035
voter,rho_1_over_3pi,0.1061032953945969,11,5.7999999999999998,2262106,6,3000,0.04384946300264378,0.18181818181818182,1500,0.2648837869856496,0.13819327745831272,0.2680637150990249,0.06780679234921448
voter,rho_1_over_3pi,0.1061032953945969,11,5.7999999999999998,2262107,7,3000,0.24483912676287528,0.2727272727272727,1500,0.27193394244494495,0.13620950916616698,0.20344013082187634,0.046581665260455624
voter,rho_1_over_3pi,0.1061032953945969,11,5.7999999999999998,2262108,8,3000,0.19612873331713282,0.2727272727272727,1500,0.26645281288531925,0.1366550712955941,0.20671067772999818,0.04053785664143693
voter,rho_1_over_3pi,0.1061032953945969,11,5.7999999999999998,2262109,9,3000,0.45488467627293405,0.18181818181818182,1500,0.2742020612462325,0.1387074513272767,0.13009508812306947,0.051092601767469506
voter,rho_1_over_3pi,0.1061032953945969,11,5.7999999999999998,2262110,10,3000,0.2929967574346165,0.18181818181818182,1500,0.2677663974422771,0.13739112967468697,0.16831203440130824,0.03233288674563136
voter,rho_1_over_3pi,0.1061032953945969,11,5.7999999999999998,2262111,11,3000,0.34754297634249043,0.36363636363636365,1500,0.2710760618775034,0.13967739080405112,0.25007570710435467,0.06804030937409516
voter,rho_1_over_3pi,0.1061032953945969,11,5.7999999999999998,2262112,12,3000,0.23125276114367466,0.18181818181818182,1500,0.2651857911553627,0.1366994587614837,0.22809036399975774,0.045447191031591255
voter,rho_1_over_3pi,0.1061032953945969,11,5.7999999999999998,2262113,13,3000,0.2229771484336869,0.09090909090909091,1500,0.27142107073431293,0.13653965404525256,0.18502816304281997,0.02666417542540053
voter,rho_1_over_3pi,0.1061032953945969,11,5.7999999999999998,2262114,14,3000,0.07258808183577378,0.18181818181818182,1500,0.26988711067933596,0.13714952412170267,0.1643146992913815,0.03749646850912825
voter,rho_1_over_3pi,0.1061032953945969,11,5.7999999999999998,2262115,15,3000,0.08899359939460101,0.18181818181818182,1500,0.2732996650502773,0.1380880764801711,0.23560050875174127,0.04590079718951531
voter,rho_1_over_3pi,0.1061032953945969,11,5.7999999999999998,2262116,16,3000,0.25338910938780823,0.2727272727272727,1500,0.27037022945291306,0.14069572674803668,0.19017624613893766,0.03378544702212581
voter,rho_1_over_3pi,0.1061032953945969,11,5.7999999999999998,2262117,17,3000,0.19626208684529195,0.18181818181818182,1500,0.2692025375941357,0.13661347874703053,0.18920719520319787,0.02855426298946559
voter,rho_1_over_3pi,0.1061032953945969,11,5.7999999999999998,2262118,18,3000,0.2598458330234081,0.2727272727272727,1500,0.27121112407305603,0.1361403348783406,0.21343346859669313,0.043296542838628015
voter,rho_1_over_3pi,0.1061032953945969,11,5.7999999999999998,2262119,19,3000,0.5081001325679236,0.18181818181818182,1500,0.2716599635773556,0.1379663120455442,0.19253830779480346,0.03319485713097615
voter,rho_1_over_3pi,0.1061032953945969,11,6.2000000000000002,2262200,0,3000,0.19770240517438156,0.36363636363636365,1500,0.26585714556255113,0.13915177105989257,0.19011568045545393,0.04067579759559861
voter,rho_1_over_3pi,0.1061032953945969,11,6.2000000000000002,2262201,1,3000,0.3689726602767406,0.18181818181818182,1500,0.2694009028905287,0.13775325290078735,0.18739022469868571,0.04564258196950371
voter,rho_1_over_3pi,0.1061032953945969,11,6.2000000000000002,2262202,2,3000,0.1773562935484783,0.2727272727272727,1500,0.273869635390204,0.1393813549683907,0.15632002907152806,0.05713658852301311
voter,rho_1_over_3pi,0.1061032953945969,11,6.2000000000000002,2262203,3,3000,0.423396051366811,0.18181818181818182,1500,0.2664590104741691,0.13658254034607498,0.16140754648416208,0.05686708088132654
voter,rho_1_over_3pi,0.1061032953945969,11,6.2000000000000002,2262204,4,3000,0.4521998352394368,0.18181818181818182,1500,0.2752921313789429,0.13977148461923178,0.10913936163769608,0.03639992538626787
voter,rho_1_over_3pi,0.1061032953945969,11,6.2000000000000002,2262205,5,3000,0.3126220581449119,0.18181818181818182,1500,0.2696015010528522,0.13952214826605927,0.1105929380413058,0.0374431143263854
voter,rho_1_over_3pi,0.1061032953945969,11,6.2000000000000002,2262206,6,3000,0.5376067187160716,0.18181818181818182,1500,0.26600995146686574,0.13896761848946781,0.1781842408091575,0.0347724040708905
voter,rho_1_over_3pi,0.1061032953945969,11,6.2000000000000002,2262207,7,3000,0.12505073396973052,0.18181818181818182,1500,0.2659213375449913,0.1351028069379826,0.17848706922657623,0.04860017785172623
voter,rho_1_over_3pi,0.1061032953945969,11,6.2000000000000002,2262208,8,3000,0.6235175582249738,0.2727272727272727,1500,0.2660553083008418,0.1355781136097162,0.1789110290109624,0.015994845463261163
voter,rho_1_over_3pi,0.1061032953945969,11,6.2000000000000002,2262209,9,3000,0.03320960451732466,0.09090909090909091,1500,0.2663220423491246,0.13766461036474256,0.21876324874326208,0.04598734439607689
voter,rho_1_over_3pi,0.1061032953945969,11,6.2000000000000002,2262210,10,3000,0.2665217956801271,0.2727272727272727,1500,0.26920195356630217,0.13649392195088406,0.16183150626854823,0.039782941592592845
voter,rho_1_over_3pi,0.1061032953945969,11,6.2000000000000002,2262211,11,3000,0.12237275725296365,0.2727272727272727,1500,0.2724265059884438,0.1373606445736211,0.20362182787232752,0.04690951965733182
voter,rho_1_over_3pi,0.1061032953945969,11,6.2000000000000002,2262212,12,3000,0.1644467523260159,0.18181818181818182,1500,0.2637527413254916,0.13471984415344654,0.18060686814850707,0.010423633901358323
voter,rho_1_over_3pi,0.1061032953945969,11,6.2000000000000002,2262213,13,3000,0.34476803322723926,0.18181818181818182,1500,0.27601904211041883,0.1414214506874119,0.18375628368966143,0.0131314447172117
voter,rho_1_over_3pi,0.1061032953945969,11,6.2000000000000002,2262214,14,3000,0.2534757801040162,0.18181818181818182,1500,0.2697905133544106,0.1391764289126768,0.2614620555992974,0.05335090763040994
voter,rho_1_over_3pi,0.1061032953945969,11,6.2000000000000002,2262215,15,3000,0.21760353528014023,0.2727272727272727,1500,0.2678668563704343,0.13520221952748873,0.16401187087396282,0.056628233903823856
voter,rho_1_over_3pi,0.1061032953945969,11,6.2000000000000002,2262216,16,3000,0.3898005219807606,0.18181818181818182,1500,0.2700469422364136,0.136447421631455,0.17721518987341772,0.019931539787904226
voter,rho_1_over_3pi,0.1061032953945969,11,6.2000000000000002,2262217,17,3000,0.21000377492380187,0.09090909090909091,1500,0.26447012332374165,0.13641822259298061,0.163042819938223,0.03768830748365304
voter,rho_1_over_3pi,0.1061032953945969,11,6.2000000000000002,2262218,18,3000,0.09696177479093393,0.18181818181818182,1500,0.26776010617239615,0.13616264946832096,0.23505541760038762,0.04478331646654901
voter,rho_1_over_3pi,0.1061032953945969,11,6.2000000000000002,2262219,19,3000,0.2653687396171144,0.18181818181818182,1500,0.26882265354387175,0.1352610872232091,0.16340621403912545,0.052175851157836045
voter,rho_1_over_pi,0.31830988618379069,32,0.59999999999999998,2200000,0,3000,0.02873155835355195,0.125,1500,0.4709827677830984,0.19520723654125102,0.5321660559626915,0.17876891084035137
voter,rho_1_over_pi,0.31830988618379069,32,0.59999999999999998,2200001,1,3000,0.11911886739718687,0.1875,1500,0.5955619569388151,0.20520795187902877,0.7279313790806129,0.13842447542889597
voter,rho_1_over_pi,0.31830988618379069,32,0.59999999999999998,2200002,2,3000,0.12270644126463032,0.125,1500,0.5375763817265838,0.22120393407966832,0.7927423384410394,0.21555315991211074
voter,rho_1_over_pi,0.31830988618379069,32,0.59999999999999998,2200003,3,3000,0.18050122819599795,0.21875,1500,0.5229370513160343,0.19223714292243227,0.5751165889407062,0.11990289409329931
voter,rho_1_over_pi,0.31830988618379069,32,0.59999999999999998,2200004,4,3000,0.02160982757956611,0.125,1500,0.5078078734162019,0.18973026820754077,0.5940414723517655,0.15222341150172855
voter,rho_1_over_pi,0.31830988618379069,32,0.59999999999999998,2200005,5,3000,0.12025031196038079,0.09375,1500,0.5059493908385178,0.18848726257241685,0.561646402398401,0.19539420772574978
voter,rho_1_over_pi,0.31830988618379069,32,0.59999999999999998,2200006,6,3000,0.06126485310861133,0.09375,1500,0.5857924134268914,0.18418233074006657,0.6289348767488341,0.23287669522234938
voter,rho_1_over_pi,0.31830988618379069,32,0.59999999999999998,2200007,7,3000,0.025410674610790128,0.125,1500,0.49367691849262707,0.2005170405324994,0.682753164556962,0.23813415640631508
voter,rho_1_over_pi,0.31830988618379069,32,0.59999999999999998,2200008,8,3000,0.10625706420023598,0.125,1500,0.6043077858027461,0.15748006580253676,0.824991672218521,0.12497959499251132
voter,rho_1_over_pi,0.31830988618379069,32,0.59999999999999998,2200009,9,3000,0.20198300131206384,0.15625,1500,0.5078471555033578,0.21363072033670388,0.5679755163224517,0.17223738380762746
voter,rho_1_over_pi,0.31830988618379069,32,0.59999999999999998,2200010,10,3000,0.07312656369549907,0.1875,1500,0.5871559237847916,0.16401256506886117,0.5964981678880746,0.1612648596822287
voter,rho_1_over_pi,0.31830988618379069,32,0.59999999999999998,2200011,11,3000,0.2057390545542983,0.125,1500,0.5691239384508705,0.19819653541809146,0.7569745169886742,0.16700422858999284
voter,rho_1_over_pi,0.31830988618379069,32,0.59999999999999998,2200012,12,3000,0.04557497784995683,0.21875,1500,0.43010141774610056,0.19744539264387348,0.5496752165223184,0.13266885471740683
voter,rho_1_over_pi,0.31830988618379069,32,0.59999999999999998,2200013,13,3000,0.022546746955642533,0.15625,1500,0.4992468080059477,0.18294463634783162,0.6079488674217188,0.14307623307082343
voter,rho_1_over_pi,0.31830988618379069,32,0.59999999999999998,2200014,14,3000,0.1725826018296276,0.0625,1500,0.5024012841035365,0.21243465216317903,0.6616005996002665,0.16997895548988984
voter,rho_1_over_pi,0.31830988618379069,32,0.59999999999999998,2200015,15,3000,0.24541985953837733,0.15625,1500,0.5634842655353555,0.2009079730699935,0.6555213191205863,0.20174129269703986
voter,rho_1_over_pi,0.31830988618379069,32,0.59999999999999998,2200016,16,3000,0.21403373342145104,0.15625,1500,0.4798350823916112,0.18179904032654473,0.5298759160559627,0.19313225220044666
voter,rho_1_over_pi,0.31830988618379069,32,0.59999999999999998,2200017,17,3000,0.26628560958577946,0.09375,1500,0.5360741165024381,0.19748275236893337,0.5661017654896735,0.17451919200944027
voter,rho_1_over_pi,0.31830988618379069,32,0.59999999999999998,2200018,18,3000,0.18999499499020733,0.15625,1500,0.5023051478075818,0.19483267414439925,0.5817579946702198,0.15258007618824146
voter,rho_1_over_pi,0.31830988618379069,32,0.59999999999999998,2200019,19,3000,0.08553108738741307,0.125,1500,0.5454359846290546,0.19182271367032738,0.6876249167221852,0.17419626333526717
voter,rho_1_over_pi,0.31830988618379069,32,0.80000000000000004,2200100,0,3000,0.10647441233380217,0.3125,1500,0.46233322401154314,0.16389737090157003,0.7338232844770153,0.1280309533243124
voter,rho_1_over_pi,0.31830988618379069,32,0.80000000000000004,2200101,1,3000,0.27144164829422524,0.21875,1500,0.4368410300696039,0.21954885058705814,0.5322076948700866,0.13608081012579684
voter,rho_1_over_pi,0.31830988618379069,32,0.80000000000000004,2200102,2,3000,0.040095172473463225,0.21875,1500,0.4827704065499622,0.19730947653372324,0.6391780479680214,0.15336916194668843
voter,rho_1_over_pi,0.31830988618379069,32,0.80000000000000004,2200103,3,3000,0.07862997270017118,0.125,1500,0.49702860331102616,0.18182178094255871,0.724975016655563,0.15364339587722364
voter,rho_1_over_pi,0.31830988618379069,32,0.80000000000000004,2200104,4,3000,0.11596983731280987,0.15625,1500,0.4650749683413227,0.1804115359367566,0.5084110592938041,0.0885400772010241
voter,rho_1_over_pi,0.31830988618379069,32,0.80000000000000004,2200105,5,3000,0.08285538955320884,0.21875,1500,0.4254814857119082,0.19816952814667155,0.5110551299133911,0.1681551948467956
voter,rho_1_over_pi,0.31830988618379069,32,0.80000000000000004,2200106,6,3000,0.1461742834540405,0.15625,1500,0.4325062248066703,0.18846243482530795,0.5501748834110592,0.2265943737649322
voter,rho_1_over_pi,0.31830988618379069,32,0.80000000000000004,2200107,7,3000,0.14694876560576303,0.125,1500,0.47220084691859315,0.20495971113348632,0.6610801132578281,0.19850645244293574
voter,rho_1_over_pi,0.31830988618379069,32,0.80000000000000004,2200108,8,3000,0.13612427725524356,0.15625,1500,0.3858182755034316,0.1633190835259963,0.45340606262491673,0.14332839559521163
voter,rho_1_over_pi,0.31830988618379069,32,0.80000000000000004,2200109,9,3000,0.25888958175758975,0.1875,1500,0.451041863018725,0.20499275077381104,0.5402856429047301,0.17903766406904312
voter,rho_1_over_pi,0.31830988618379069,32,0.80000000000000004,2200110,10,3000,0.10658285131265378,0.25,1500,0.4456532004928448,0.19606362632802293,0.5569412058627582,0.17471004531124273
voter,rho_1_over_pi,0.31830988618379069,32,0.80000000000000004,2200111,11,3000,0.2501316302872051,0.21875,1500,0.4286365991962037,0.17957399929055606,0.4989173884077282,0.1573727122377648
voter,rho_1_over_pi,0.31830988618379069,32,0.80000000000000004,2200112,12,3000,0.1723733575709273,0.15625,1500,0.5227233355076959,0.197312818840756,0.7437125249833444,0.17050298762922958
voter,rho_1_over_pi,0.31830988618379069,32,0.80000000000000004,2200113,13,3000,0.188536491377145,0.15625,1500,0.44374775818355483,0.18428079717553236,0.4368337774816789,0.10027637948921708
voter,rho_1_over_pi,0.31830988618379069,32,0.80000000000000004,2200114,14,3000,0.0869668690453757,0.09375,1500,0.43693820094979746,0.1835150957106254,0.605075782811459,0.17471997881602383
voter,rho_1_over_pi,0.31830988618379069,32,0.80000000000000004,2200115,15,3000,0.24049904660399976,0.09375,1500,0.4868359614564233,0.18787486038749657,0.5828614257161892,0.16508532669795944
voter,rho_1_over_pi,0.31830988618379069,32,0.80000000000000004,2200116,16,3000,0.23241848940123994,0.15625,1500,0.4129580759692927,0.17063276315291315,0.6025982678214523,0.16027393403496257
voter,rho_1_over_pi,0.31830988618379069,32,0.80000000000000004,2200117,17,3000,0.1939651568892815,0.125,1500,0.4421175121986308,0.17642056085789481,0.7088815789473685,0.1684435133726053
voter,rho_1_over_pi,0.31830988618379069,32,0.80000000000000004,2200118,18,3000,0.0992857510664745,0.21875,1500,0.37921972235179585,0.1839998940482985,0.42996335776149236,0.11293214390523733
voter,rho_1_over_pi,0.31830988618379069,32,0.80000000000000004,2200119,19,3000,0.05928201651917017,0.15625,1500,0.5108065400666596,0.18755080109999678,0.7006787141905396,0.19994972114914417
voter,rho_1_over_pi,0.31830988618379069,32,1.2,2200200,0,3000,0.23207456055754191,0.09375,1500,0.2846413168274354,0.14141829056540955,0.48990256495669554,0.17056984662213545
voter,rho_1_over_pi,0.31830988618379069,32,1.2,2200201,1,3000,0.1063960384422333,0.125,1500,0.33680631164414376,0.1512477619940896,0.6103222851432378,0.17270693958279326
voter,rho_1_over_pi,0.31830988618379069,32,1.2,2200202,2,3000,0.10818525759951678,0.125,1500,0.4099471263708893,0.1739508332800804,0.7387991339107262,0.14090212508456768
voter,rho_1_over_pi,0.31830988618379069,32,1.2,2200203,3,3000,0.1526087448561687,0.21875,1500,0.33067865782197936,0.1594151963398638,0.4787016988674217,0.13584918322067346
voter,rho_1_over_pi,0.31830988618379069,32,1.2,2200204,4,3000,0.20033252733507595,0.15625,1500,0.29232732555532376,0.14457816111922386,0.37947618254497,0.13574959148971402
voter,rho_1_over_pi,0.31830988618379069,32,1.2,2200205,5,3000,0.0355179917319785,0.1875,1500,0.3626547271987979,0.16059648449314898,0.626207528314457,0.11323437701155614
voter,rho_1_over_pi,0.31830988618379069,32,1.2,2200206,6,3000,0.22756742359747503,0.09375,1500,0.3425028362872832,0.16225779975603594,0.3594478680879414,0.09192171943443363
voter,rho_1_over_pi,0.31830988618379069,32,1.2,2200207,7,3000,0.22443744832404444,0.25,1500,0.3653025554332404,0.16505642455709577,0.7735676215856095,0.13077486906902014
voter,rho_1_over_pi,0.31830988618379069,32,1.2,2200208,8,3000,0.35957122317773255,0.125,1500,0.3370543288804327,0.16197523821207327,0.5078489340439707,0.1340133696068197
voter,rho_1_over_pi,0.31830988618379069,32,1.2,2200209,9,3000,0.21001845754549978,0.125,1500,0.3303949834015882,0.16254495534020622,0.5347476682211859,0.18780371203747762
voter,rho_1_over_pi,0.31830988618379069,32,1.2,2200210,10,3000,0.2717207012745297,0.1875,1500,0.34842817944076004,0.1650803953641055,0.4554671885409727,0.14850433867495894
voter,rho_1_over_pi,0.31830988618379069,32,1.2,2200211,11,3000,0.14782707876915555,0.1875,1500,0.35001803509611684,0.1624902473758578,0.5625416389073951,0.17356020665700508
voter,rho_1_over_pi,0.31830988618379069,32,1.2,2200212,12,3000,0.17078936705214942,0.125,1500,0.294070261322231,0.14262052097862973,0.3764365423051299,0.12296347595048089
voter,rho_1_over_pi,0.31830988618379069,32,1.2,2200213,13,3000,0.09997313108080746,0.15625,1500,0.3104226086280445,0.15481879080842043,0.45950616255829446,0.11165742623358653
voter,rho_1_over_pi,0.31830988618379069,32,1.2,2200214,14,3000,0.28043547029926985,0.09375,1500,0.36345804241715407,0.16324940446811662,0.7610759493670886,0.2027534221110204
voter,rho_1_over_pi,0.31830988618379069,32,1.2,2200215,15,3000,0.06904783582642111,0.15625,1500,0.3173435016944015,0.15273488416730313,0.40377248500999335,0.15616371206454063
voter,rho_1_over_pi,0.31830988618379069,32,1.2,2200216,16,3000,0.046401688229888195,0.125,1500,0.3320606374399283,0.15024999035782677,0.551528147901399,0.1022445554349475
voter,rho_1_over_pi,0.31830988618379069,32,1.2,2200217,17,3000,0.0895925588353275,0.15625,1500,0.3516708292598387,0.1405709782117258,0.5993504330446369,0.1410120364904673
voter,rho_1_over_pi,0.31830988618379069,32,1.2,2200218,18,3000,0.2924772168146876,0.15625,1500,0.3019322201238828,0.15551592825968036,0.37951782145236507,0.09887918930593485
voter,rho_1_over_pi,0.31830988618379069,32,1.2,2200219,19,3000,0.21021989921668846,0.09375,1500,0.3204910328790321,0.153913141217288,0.46491922051965356,0.11540183183178644
voter,rho_1_over_pi,0.31830988618379069,32,1.3999999999999999,2200300,0,3000,0.06740946978912757,0.1875,1500,0.28588157680205095,0.13663433566094946,0.511325782811459,0.11724030920038778
voter,rho_1_over_pi,0.31830988618379069,32,1.3999999999999999,2200301,1,3000,0.028044585684356523,0.21875,1500,0.3032914407955939,0.14531318880300595,0.5914598600932711,0.13639920979643425
voter,rho_1_over_pi,0.31830988618379069,32,1.3999999999999999,2200302,2,3000,0.12148879166209733,0.125,1500,0.3365323344345467,0.1518890200602219,0.45032478347768157,0.13413683679255775
voter,rho_1_over_pi,0.31830988618379069,32,1.3999999999999999,2200303,3,3000,0.12905407912175032,0.125,1500,0.2997350432205875,0.1412650200388807,0.4832611592271819,0.1524785149959333
voter,rho_1_over_pi,0.31830988618379069,32,1.3999999999999999,2200304,4,3000,0.3554224621457121,0.125,1500,0.3043545257083958,0.14782525016924497,0.495253164556962,0.11855514286769112
voter,rho_1_over_pi,0.31830988618379069,32,1.3999999999999999,2200305,5,3000,0.26768671061775806,0.21875,1500,0.3270641600969312,0.15222958903212963,0.5255038307794804,0.12899907565289945
voter,rho_1_over_pi,0.31830988618379069,32,1.3999999999999999,2200306,6,3000,0.09917358960782946,0.15625,1500,0.2821730079821151,0.1423864539720238,0.4669178880746169,0.11509528412805534
voter,rho_1_over_pi,0.31830988618379069,32,1.3999999999999999,2200307,7,3000,0.09998769888651278,0.09375,1500,0.3097801835250566,0.14477299918111058,0.5444703530979347,0.129741142707577
voter,rho_1_over_pi,0.31830988618379069,32,1.3999999999999999,2200308,8,3000,0.26681587108093924,0.28125,1500,0.30510457274273034,0.14845044572032867,0.503893237841439,0.19669814169587788
voter,rho_1_over_pi,0.31830988618379069,32,1.3999999999999999,2200309,9,3000,0.2839269983426571,0.09375,1500,0.2901381293616706,0.1410429112739234,0.43331528980679546,0.07384747976440532
voter,rho_1_over_pi,0.31830988618379069,32,1.3999999999999999,2200310,10,3000,0.10824722652909018,0.1875,1500,0.31615984843578504,0.1485717598253615,0.5806962025316456,0.20194904213313472
voter,rho_1_over_pi,0.31830988618379069,32,1.3999999999999999,2200311,11,3000,0.24822811183613477,0.09375,1500,0.2951329926457197,0.13461601282394195,0.38924050632911394,0.07042109968342616
voter,rho_1_over_pi,0.31830988618379069,32,1.3999999999999999,2200312,12,3000,0.2873145824355961,0.125,1500,0.3447728797317273,0.16427456133601848,0.47099850099933377,0.0840812396010525
voter,rho_1_over_pi,0.31830988618379069,32,1.3999999999999999,2200313,13,3000,0.13242063083170633,0.25,1500,0.3086441658251109,0.14272674932325102,0.5079530313124584,0.11875093726957871
voter,rho_1_over_pi,0.31830988618379069,32,1.3999999999999999,2200314,14,3000,0.20583400124367066,0.09375,1500,0.29931676464769297,0.14117820185508423,0.5206320786142572,0.1526648051237116
voter,rho_1_over_pi,0.31830988618379069,32,1.3999999999999999,2200315,15,3000,0.1823435780657187,0.375,1500,0.30190563932884046,0.14857089295879314,0.4770153231179214,0.11534699993837004
voter,rho_1_over_pi,0.31830988618379069,32,1.3999999999999999,2200316,16,3000,0.21041861507640452,0.15625,1500,0.28361388175044294,0.13648426273447362,0.3489756828780813,0.09177220385289159
voter,rho_1_over_pi,0.31830988618379069,32,1.3999999999999999,2200317,17,3000,0.3077044313490582,0.21875,1500,0.2842125240491758,0.14023593482314486,0.4489298800799467,0.0928756692840253
voter,rho_1_over_pi,0.31830988618379069,32,1.3999999999999999,2200318,18,3000,0.21947596848930032,0.09375,1500,0.28810785502985936,0.14760104472893332,0.5490298134576949,0.11112430949522845
voter,rho_1_over_pi,0.31830988618379069,32,1.3999999999999999,2200319,19,3000,0.22128462947863112,0.3125,1500,0.3207246674462524,0.15051118532988808,0.5743462691538974,0.11145516762273355
voter,rho_1_over_pi,0.31830988618379069,32,1.6000000000000001,2200400,0,3000,0.26319272123745036,0.1875,1500,0.291539750939171,0.1401292355369497,0.5924800133244503,0.14732487718409368
voter,rho_1_over_pi,0.31830988618379069,32,1.6000000000000001,2200401,1,3000,0.31256965912355017,0.0625,1500,0.28093916382986156,0.13970204489067783,0.3822451698867422,0.09335469967648474
voter,rho_1_over_pi,0.31830988618379069,32,1.6000000000000001,2200402,2,3000,0.12671091812567375,0.125,1500,0.2534209663551317,0.12107827733302708,0.5841938707528315,0.08907991020504674
voter,rho_1_over_pi,0.31830988618379069,32,1.6000000000000001,2200403,3,3000,0.024339476182025213,0.21875,1500,0.25702022975646205,0.13409549463686388,0.36146735509660227,0.08466071044471861
voter,rho_1_over_pi,0.31830988618379069,32,1.6000000000000001,2200404,4,3000,0.12154803396371987,0.21875,1500,0.2675273606706202,0.1246244900653251,0.5243795802798135,0.0981521436455783
voter,rho_1_over_pi,0.31830988618379069,32,1.6000000000000001,2200405,5,3000,0.10139206533090862,0.34375,1500,0.28074857621248134,0.1442316084482956,0.548530146568954,0.09269630240338067
voter,rho_1_over_pi,0.31830988618379069,32,1.6000000000000001,2200406,6,3000,0.4291685167034874,0.34375,1500,0.2696995384808866,0.1287194860182359,0.329155562958028,0.09843731853441579
voter,rho_1_over_pi,0.31830988618379069,32,1.6000000000000001,2200407,7,3000,0.05396388644361862,0.1875,1500,0.24928780041588003,0.12760673480740262,0.361300799467022,0.10720702703148928
voter,rho_1_over_pi,0.31830988618379069,32,1.6000000000000001,2200408,8,3000,0.1252352401912359,0.125,1500,0.2591145417240124,0.12976691536001833,0.36061375749500335,0.09279399374647876
voter,rho_1_over_pi,0.31830988618379069,32,1.6000000000000001,2200409,9,3000,0.3151610388101417,0.125,1500,0.2676695462978752,0.1293096651626674,0.44599433710859426,0.07939649823484436
voter,rho_1_over_pi,0.31830988618379069,32,1.6000000000000001,2200410,10,3000,0.2361926453922159,0.09375,1500,0.29068508815370364,0.13550188783884934,0.5993296135909394,0.11206306849227352
voter,rho_1_over_pi,0.31830988618379069,32,1.6000000000000001,2200411,11,3000,0.25304666399409387,0.09375,1500,0.2612738266115042,0.13251007124878375,0.36288307794803465,0.09622717715751677
voter,rho_1_over_pi,0.31830988618379069,32,1.6000000000000001,2200412,12,3000,0.20342421830143007,0.125,1500,0.28675602854630305,0.14391652424371162,0.5162391738840773,0.09373497485309279
voter,rho_1_over_pi,0.31830988618379069,32,1.6000000000000001,2200413,13,3000,0.14665266759629514,0.125,1500,0.2609828244881212,0.13564785724965323,0.46521069287141903,0.08237126281231062
voter,rho_1_over_pi,0.31830988618379069,32,1.6000000000000001,2200414,14,3000,0.1165654274667445,0.125,1500,0.25974346525322234,0.1326234671615481,0.37674883411059296,0.07838294000259768
voter,rho_1_over_pi,0.31830988618379069,32,1.6000000000000001,2200415,15,3000,0.03289153735202674,0.125,1500,0.26964809798896666,0.13457254621073303,0.5540681212524984,0.14104647783193816
voter,rho_1_over_pi,0.31830988618379069,32,1.6000000000000001,2200416,16,3000,0.017057145471643304,0.09375,1500,0.2838191362019934,0.14295055014989294,0.45174050632911394,0.11525193756318697
voter,rho_1_over_pi,0.31830988618379069,32,1.6000000000000001,2200417,17,3000,0.10040664262015643,0.125,1500,0.28759855320796623,0.13969718722614266,0.4376040972684877,0.1499695123298362
voter,rho_1_over_pi,0.31830988618379069,32,1.6000000000000001,2200418,18,3000,0.1011084192075836,0.125,1500,0.2605391946178353,0.12493499181805004,0.35753247834776813,0.0983593447297032
voter,rho_1_over_pi,0.31830988618379069,32,1.6000000000000001,2200419,19,3000,0.214694061391599,0.28125,1500,0.3110788875078625,0.14504221617903643,0.4755371419053964,0.06396718789458458
voter,rho_1_over_pi,0.31830988618379069,32,1.8,2200500,0,3000,0.1830702288166459,0.125,1500,0.25704283909503145,0.1285874574066734,0.5054755163224517,0.16112061824215654
voter,rho_1_over_pi,0.31830988618379069,32,1.8,2200501,1,3000,0.21500081854260358,0.125,1500,0.25768656406271884,0.1265905931286963,0.4281312458361093,0.15476494883141015
voter,rho_1_over_pi,0.31830988618379069,32,1.8,2200502,2,3000,0.03611964644314825,0.125,1500,0.23870063489069396,0.11949273964398137,0.3640073284477015,0.10578577697018281
voter,rho_1_over_pi,0.31830988618379069,32,1.8,2200503,3,3000,0.22442219511387965,0.1875,1500,0.2408684174897547,0.11897838953494527,0.4505329780146569,0.15371850731796788
voter,rho_1_over_pi,0.31830988618379069,32,1.8,2200504,4,3000,0.13282841597266845,0.21875,1500,0.2542983942362677,0.12458358863219536,0.38753331112591605,0.11362670000925168
voter,rho_1_over_pi,0.31830988618379069,32,1.8,2200505,5,3000,0.038167120072296244,0.15625,1500,0.2524552967000125,0.12461160170561943,0.39234260493004663,0.07528120999442246
voter,rho_1_over_pi,0.31830988618379069,32,1.8,2200506,6,3000,0.054293588335961075,0.125,1500,0.24341577425303834,0.12337511924951748,0.3724808461025983,0.10648147399906532
voter,rho_1_over_pi,0.31830988618379069,32,1.8,2200507,7,3000,0.08936433821439892,0.15625,1500,0.2395596064448291,0.12092157476736372,0.40656229180546305,0.10341782343004897
voter,rho_1_over_pi,0.31830988618379069,32,1.8,2200508,8,3000,0.20034488127917735,0.21875,1500,0.2723762214747926,0.13581730747215578,0.5098684210526315,0.12747466048615788
voter,rho_1_over_pi,0.31830988618379069,32,1.8,2200509,9,3000,0.03432890496427021,0.15625,1500,0.2756620075645929,0.13995608727344408,0.7233927381745503,0.14416738852212224
voter,rho_1_over_pi,0.31830988618379069,32,1.8,2200510,10,3000,0.08088386986066746,0.21875,1500,0.24356640274123054,0.12459523640474907,0.4717271818787475,0.16915860067561214
voter,rho_1_over_pi,0.31830988618379069,32,1.8,2200511,11,3000,0.05013667691736768,0.21875,1500,0.25345082744064273,0.1210960068407726,0.42640323117921386,0.11689266155324944
voter,rho_1_over_pi,0.31830988618379069,32,1.8,2200512,12,3000,0.07938838851282999,0.09375,1500,0.25949417943506936,0.12464126769631899,0.3103555962691539,0.05453929991456417
voter,rho_1_over_pi,0.31830988618379069,32,1.8,2200513,13,3000,0.23100465703716871,0.125,1500,0.25932317693229123,0.12307217058568332,0.38957361758827447,0.05849705596409691
voter,rho_1_over_pi,0.31830988618379069,32,1.8,2200514,14,3000,0.25401351563332053,0.25,1500,0.25674882824121703,0.12209196127180959,0.3509951698867422,0.07311806958785416
voter,rho_1_over_pi,0.31830988618379069,32,1.8,2200515,15,3000,0.09551447807301872,0.125,1500,0.2535050065613853,0.1258026930427141,0.41657644903397734,0.10186245327429302
voter,rho_1_over_pi,0.31830988618379069,32,1.8,2200516,16,3000,0.08299311137857444,0.1875,1500,0.2456310471058016,0.12298828831998117,0.3031104263824117,0.07005607887086057
voter,rho_1_over_pi,0.31830988618379069,32,1.8,2200517,17,3000,0.31737139021403316,0.1875,1500,0.26466894341713454,0.13088164270456243,0.44370419720186544,0.14506035303173168
voter,rho_1_over_pi,0.31830988618379069,32,1.8,2200518,18,3000,0.04947734559041608,0.09375,1500,0.23076749992624648,0.1228124711762151,0.37233510992671554,0.11770620576625226
voter,rho_1_over_pi,0.31830988618379069,32,1.8,2200519,19,3000,0.07564097166192416,0.125,1500,0.24873582750034182,0.1273556509086405,0.45298967355096603,0.13289920150795637
voter,rho_1_over_pi,0.31830988618379069,32,2.2000000000000002,2200600,0,3000,0.07745499847578449,0.15625,1500,0.2172081176511297,0.10963041895403743,0.30877331778814127,0.061087328321542816
voter,rho_1_over_pi,0.31830988618379069,32,2.2000000000000002,2200601,1,3000,0.15738901620907184,0.09375,1500,0.21499090943443586,0.10995062753527594,0.3235551299133911,0.1055483677990163
voter,rho_1_over_pi,0.31830988618379069,32,2.2000000000000002,2200602,2,3000,0.19063151613450982,0.125,1500,0.22943638686718013,0.11677270332605284,0.46770902731512326,0.10220752655486587
voter,rho_1_over_pi,0.31830988618379069,32,2.2000000000000002,2200603,3,3000,0.0705711148815747,0.125,1500,0.21182761090093002,0.10894631336126355,0.35407644903397734,0.08887319279203863
voter,rho_1_over_pi,0.31830988618379069,32,2.2000000000000002,2200604,4,3000,0.0968956877291194,0.15625,1500,0.22646120018297516,0.11239388682465008,0.47241422385076615,0.09445645953232774
voter,rho_1_over_pi,0.31830988618379069,32,2.2000000000000002,2200605,5,3000,0.28983268605541124,0.15625,1500,0.2239676948659377,0.11308590372320132,0.32630329780146566,0.0624695401388054
voter,rho_1_over_pi,0.31830988618379069,32,2.2000000000000002,2200606,6,3000,0.16792701086282444,0.28125,1500,0.22868415519490498,0.11723213678312988,0.3480596269153897,0.05374936228734735
voter,rho_1_over_pi,0.31830988618379069,32,2.2000000000000002,2200607,7,3000,0.12918505594984733,0.125,1500,0.2141035465458572,0.10682009537754159,0.33331945369753496,0.0938428694247647
voter,rho_1_over_pi,0.31830988618379069,32,2.2000000000000002,2200608,8,3000,0.2521819655037359,0.125,1500,0.22368651166176887,0.11017963887689317,0.3594686875416389,0.10645089082500912
voter,rho_1_over_pi,0.31830988618379069,32,2.2000000000000002,2200609,9,3000,0.13192858993038337,0.15625,1500,0.22450157846865948,0.11089040878995675,0.36700532978014655,0.08931012273473023
voter,rho_1_over_pi,0.31830988618379069,32,2.2000000000000002,2200610,10,3000,0.3425563563919538,0.125,1500,0.21483234066187668,0.1104644446314147,0.2692788141239174,0.07859609869265961
voter,rho_1_over_pi,0.31830988618379069,32,2.2000000000000002,2200611,11,3000,0.20561545666959996,0.125,1500,0.22529200204515712,0.11265414638717794,0.4710401399067288,0.16583080541733947
voter,rho_1_over_pi,0.31830988618379069,32,2.2000000000000002,2200612,12,3000,0.07135405758559124,0.1875,1500,0.2078683134795734,0.10923923550784388,0.227077781479014,0.057475208173946246
voter,rho_1_over_pi,0.31830988618379069,32,2.2000000000000002,2200613,13,3000,0.110804413457697,0.15625,1500,0.2291311210302778,0.11471722778145517,0.35942704863424385,0.05730425949072006
voter,rho_1_over_pi,0.31830988618379069,32,2.2000000000000002,2200614,14,3000,0.19065838640393173,0.15625,1500,0.20628549578051897,0.10390605073478669,0.21408644237175217,0.055734855775382085
voter,rho_1_over_pi,0.31830988618379069,32,2.2000000000000002,2200615,15,3000,0.10193530618536743,0.125,1500,0.2344125144055506,0.11340318574945409,0.3832028647568288,0.10914672416914975
voter,rho_1_over_pi,0.31830988618379069,32,2.2000000000000002,2200616,16,3000,0.24456208228116877,0.1875,1500,0.22621471210204633,0.12010224726055857,0.3478722518321119,0.07580298191022271
voter,rho_1_over_pi,0.31830988618379069,32,2.2000000000000002,2200617,17,3000,0.30885723849154706,0.1875,1500,0.21289155825446537,0.1066021101580386,0.27629497001998665,0.06398277785811433
voter,rho_1_over_pi,0.31830988618379069,32,2.2000000000000002,2200618,18,3000,0.04389799448066701,0.125,1500,0.22011728796547622,0.10934531340198266,0.3441872085276482,0.07632825718155044
voter,rho_1_over_pi,0.31830988618379069,32,2.2000000000000002,2200619,19,3000,0.16046513113500646,0.1875,1500,0.21332445324659768,0.11045449092674535,0.3311750499666889,0.09666773002780374
voter,rho_1_over_pi,0.31830988618379069,32,2.3999999999999999,2200700,0,3000,0.16027902997946997,0.125,1500,0.21396195746791605,0.11665051022555414,0.35790722851432377,0.05345493562449278
voter,rho_1_over_pi,0.31830988618379069,32,2.3999999999999999,2200701,1,3000,0.19622836144976097,0.25,1500,0.21483455231192586,0.10606545111902542,0.2994878414390406,0.05525526940669132
voter,rho_1_over_pi,0.31830988618379069,32,2.3999999999999999,2200702,2,3000,0.24654336583475286,0.1875,1500,0.20664570487267045,0.10622048616785605,0.3030271485676216,0.06640194958125692
voter,rho_1_over_pi,0.31830988618379069,32,2.3999999999999999,2200703,3,3000,0.1963243025511505,0.125,1500,0.19929668657633876,0.09846347881137227,0.2882661558960693,0.10661609104586299
voter,rho_1_over_pi,0.31830988618379069,32,2.3999999999999999,2200704,4,3000,0.27059871863421153,0.125,1500,0.20168611849052054,0.10239336117137539,0.2605971019320453,0.07718304730574801
voter,rho_1_over_pi,0.31830988618379069,32,2.3999999999999999,2200705,5,3000,0.08878378501607674,0.1875,1500,0.20599027293178718,0.10534926082356581,0.3619045636242505,0.09244460597592172
voter,rho_1_over_pi,0.31830988618379069,32,2.3999999999999999,2200706,6,3000,0.04332977845918959,0.15625,1500,0.21451098170881805,0.11019161289716493,0.3320286475682878,0.05117846899146979
voter,rho_1_over_pi,0.31830988618379069,32,2.3999999999999999,2200707,7,3000,0.2150832211083316,0.21875,1500,0.19712589370240086,0.10394062583506311,0.25764073950699534,0.0802448781991804
voter,rho_1_over_pi,0.31830988618379069,32,2.3999999999999999,2200708,8,3000,0.05592171940818768,0.09375,1500,0.2031049571844346,0.10306586008200126,0.27360926049300466,0.05746311032439852
voter,rho_1_over_pi,0.31830988618379069,32,2.3999999999999999,2200709,9,3000,0.11673768313500181,0.09375,1500,0.22343797950545774,0.11287276968180686,0.3847226848767488,0.03632134945780063
voter,rho_1_over_pi,0.31830988618379069,32,2.3999999999999999,2200710,10,3000,0.21818356001263425,0.1875,1500,0.211076071167962,0.10298491694192524,0.39228014656895405,0.0925136361138211
voter,rho_1_over_pi,0.31830988618379069,32,2.3999999999999999,2200711,11,3000,0.13143320055970673,0.1875,1500,0.20602750484389232,0.10300258493386638,0.45234427048634246,0.09089347166705462
voter,rho_1_over_pi,0.31830988618379069,32,2.3999999999999999,2200712,12,3000,0.11048969064884118,0.21875,1500,0.2083030183590646,0.10187220228329531,0.2645111592271819,0.054356543560428294
voter,rho_1_over_pi,0.31830988618379069,32,2.3999999999999999,2200713,13,3000,0.15791546909709842,0.125,1500,0.2210019801997916,0.11138321885064738,0.5411184210526315,0.13755429916446152
voter,rho_1_over_pi,0.31830988618379069,32,2.3999999999999999,2200714,14,3000,0.11941028817224089,0.09375,1500,0.2083266606760364,0.10432891215108385,0.3583860759493671,0.09448532837327897
voter,rho_1_over_pi,0.31830988618379069,32,2.3999999999999999,2200715,15,3000,0.04799312628216409,0.1875,1500,0.21475691720609072,0.10601578754414313,0.3452906395736176,0.09168469497029558
voter,rho_1_over_pi,0.31830988618379069,32,2.3999999999999999,2200716,16,3000,0.18390717098198334,0.1875,1500,0.2155602067012699,0.10727004694750933,0.3141655562958028,0.1211455405487291
voter,rho_1_over_pi,0.31830988618379069,32,2.3999999999999999,2200717,17,3000,0.11012325992922711,0.09375,1500,0.20955087485993407,0.1092760634972399,0.28999417055296467,0.06908813919197866
voter,rho_1_over_pi,0.31830988618379069,32,2.3999999999999999,2200718,18,3000,0.06993506835381091,0.09375,1500,0.20660038624849922,0.10594016385480133,0.39740173217854763,0.11999327132616723
voter,rho_1_over_pi,0.31830988618379069,32,2.3999999999999999,2200719,19,3000,0.16546651646518215,0.21875,1500,0.21328185767355107,0.10661676417983047,0.49606512325116586,0.11973419323560673
voter,rho_1_over_pi,0.31830988618379069,32,2.6000000000000001,2200800,0,3000,0.04689028845982069,0.125,1500,0.2083818676778573,0.10591665025136603,0.260118254497002,0.07021911319087545
voter,rho_1_over_pi,0.31830988618379069,32,2.6000000000000001,2200801,1,3000,0.21994805058093747,0.125,1500,0.20827246864380206,0.10614374267176406,0.29378331112591605,0.04106992793162571
voter,rho_1_over_pi,0.31830988618379069,32,2.6000000000000001,2200802,2,3000,0.2639995454726684,0.125,1500,0.19750599321576237,0.09811196195157934,0.2710068287808128,0.048320359824346244
voter,rho_1_over_pi,0.31830988618379069,32,2.6000000000000001,2200803,3,3000,0.22552127643893985,0.125,1500,0.20555072072856267,0.10416523544205879,0.2320119920053298,0.031016654142677368
voter,rho_1_over_pi,0.31830988618379069,32,2.6000000000000001,2200804,4,3000,0.20883866252832559,0.15625,1500,0.1997442805773783,0.0999869710682196,0.26390739506995337,0.07480436956581518
voter,rho_1_over_pi,0.31830988618379069,32,2.6000000000000001,2200805,5,3000,0.30369613321545835,0.15625,1500,0.20856575177265177,0.11041361760826572,0.27943870752831446,0.07509621681244696
voter,rho_1_over_pi,0.31830988618379069,32,2.6000000000000001,2200806,6,3000,0.08476232306887566,0.125,1500,0.2058806232865904,0.1022555259275286,0.2521860426382412,0.04561161723703216
voter,rho_1_over_pi,0.31830988618379069,32,2.6000000000000001,2200807,7,3000,0.12116658329405237,0.09375,1500,0.19441179201135722,0.09836611119256276,0.2298259493670886,0.06417153434845037
voter,rho_1_over_pi,0.31830988618379069,32,2.6000000000000001,2200808,8,3000,0.11511124702410767,0.1875,1500,0.19596429690068037,0.10064154981636762,0.23349017321785476,0.0608867334933726
voter,rho_1_over_pi,0.31830988618379069,32,2.6000000000000001,2200809,9,3000,0.23282993919536055,0.1875,1500,0.21016447953951078,0.1029455881312831,0.27206862091938705,0.04299602810037918
voter,rho_1_over_pi,0.31830988618379069,32,2.6000000000000001,2200810,10,3000,0.11565415432439499,0.15625,1500,0.19943080686358886,0.09898621084816622,0.3120211525649567,0.06079370316385126
voter,rho_1_over_pi,0.31830988618379069,32,2.6000000000000001,2200811,11,3000,0.19842578331722954,0.125,1500,0.19090808409160473,0.09365391673424975,0.23794553630912724,0.035906550745946064
voter,rho_1_over_pi,0.31830988618379069,32,2.6000000000000001,2200812,12,3000,0.15126241007532373,0.125,1500,0.19494088522036887,0.1017426442661491,0.23644653564290474,0.0536415315346853
voter,rho_1_over_pi,0.31830988618379069,32,2.6000000000000001,2200813,13,3000,0.08934996236445168,0.125,1500,0.19296435695717173,0.0949112555332463,0.2476682211858761,0.08152532283851704
voter,rho_1_over_pi,0.31830988618379069,32,2.6000000000000001,2200814,14,3000,0.06129971110754089,0.09375,1500,0.21055933549720565,0.10783921871741345,0.3055879413724184,0.06584845985075188
voter,rho_1_over_pi,0.31830988618379069,32,2.6000000000000001,2200815,15,3000,0.15414639680853356,0.15625,1500,0.2031819585982045,0.10057806397025841,0.24450366422385075,0.041675429519251544
voter,rho_1_over_pi,0.31830988618379069,32,2.6000000000000001,2200816,16,3000,0.09442725065915626,0.21875,1500,0.19885238785953185,0.10287394109877207,0.26178381079280477,0.018579399927529022
voter,rho_1_over_pi,0.31830988618379069,32,2.6000000000000001,2200817,17,3000,0.027921610202858018,0.09375,1500,0.20334022790152637,0.10481733644543315,0.28620502998001335,0.054767447699013004
voter,rho_1_over_pi,0.31830988618379069,32,2.6000000000000001,2200818,18,3000,0.1315208055432849,0.125,1500,0.19454172298110417,0.10021577960535852,0.29074367088607594,0.07164461361104518
voter,rho_1_over_pi,0.31830988618379069,32,2.6000000000000001,2200819,19,3000,0.12214799312675374,0.1875,1500,0.20223259707197389,0.1026309971579558,0.3180379746835443,0.07373628593656956
voter,rho_1_over_pi,0.31830988618379069,32,2.7999999999999998,2200900,0,3000,0.10496040283360882,0.125,1500,0.1857641353658937,0.09298053774790256,0.1929130579613591,0.03559086675227957
voter,rho_1_over_pi,0.31830988618379069,32,2.7999999999999998,2200901,1,3000,0.3287410717982446,0.1875,1500,0.19476104173929507,0.10145307431699832,0.3972143570952698,0.06405518987953068
voter,rho_1_over_pi,0.31830988618379069,32,2.7999999999999998,2200902,2,3000,0.17498032712783534,0.125,1500,0.1893579865159553,0.093098831674837,0.36205029980013326,0.11755455968148912
voter,rho_1_over_pi,0.31830988618379069,32,2.7999999999999998,2200903,3,3000,0.11306647043380395,0.15625,1500,0.19687711304985073,0.1014833730353416,0.38147485009993337,0.052227524025973054
voter,rho_1_over_pi,0.31830988618379069,32,2.7999999999999998,2200904,4,3000,0.18580224083660415,0.1875,1500,0.19099941893100233,0.09573415815222712,0.20842355096602266,0.03244607492640901
voter,rho_1_over_pi,0.31830988618379069,32,2.7999999999999998,2200905,5,3000,0.14304763155965905,0.125,1500,0.20118694797927705,0.10086444325883677,0.3246377415056629,0.10871065097713235
voter,rho_1_over_pi,0.31830988618379069,32,2.7999999999999998,2200906,6,3000,0.1802477612526027,0.1875,1500,0.1973175458047168,0.09899871125996682,0.32563707528314456,0.06635618140735912
voter,rho_1_over_pi,0.31830988618379069,32,2.7999999999999998,2200907,7,3000,0.21120529753669873,0.1875,1500,0.20483665640408483,0.09997242260286697,0.3045677881412392,0.04297225016040608
voter,rho_1_over_pi,0.31830988618379069,32,2.7999999999999998,2200908,8,3000,0.21261953131576694,0.1875,1500,0.19043447606366773,0.09962164715487348,0.3546385742838108,0.07836413609436038
voter,rho_1_over_pi,0.31830988618379069,32,2.7999999999999998,2200909,9,3000,0.05683546084700369,0.09375,1500,0.18973566714103088,0.09553528041386183,0.22772318454363757,0.05112386320684754
voter,rho_1_over_pi,0.31830988618379069,32,2.7999999999999998,2200910,10,3000,0.23735527934856118,0.1875,1500,0.19435627393742963,0.09874215330214647,0.31645569620253167,0.06301807558654282
voter,rho_1_over_pi,0.31830988618379069,32,2.7999999999999998,2200911,11,3000,0.15679917258232232,0.15625,1500,0.20598534777795385,0.10413994499180035,0.32022401732178546,0.03559394782406926
voter,rho_1_over_pi,0.31830988618379069,32,2.7999999999999998,2200912,12,3000,0.11690083115955956,0.125,1500,0.18458347599247313,0.0926923430705539,0.2810001665556296,0.08116645527965231
voter,rho_1_over_pi,0.31830988618379069,32,2.7999999999999998,2200913,13,3000,0.1723855806041634,0.15625,1500,0.19159196456554767,0.09885333545719957,0.2458985676215856,0.04895184427143892
voter,rho_1_over_pi,0.31830988618379069,32,2.7999999999999998,2200914,14,3000,0.19621710627281722,0.21875,1500,0.1909686606347232,0.09880744081167409,0.3336109260493005,0.09692328463861734
voter,rho_1_over_pi,0.31830988618379069,32,2.7999999999999998,2200915,15,3000,0.12717984282332864,0.15625,1500,0.18671551304240022,0.09466451223441942,0.358344437041972,0.09326510171495517
voter,rho_1_over_pi,0.31830988618379069,32,2.7999999999999998,2200916,16,3000,0.171475925416513,0.1875,1500,0.17607732623950476,0.09308559844457831,0.20609177215189872,0.050986744341299475
voter,rho_1_over_pi,0.31830988618379069,32,2.7999999999999998,2200917,17,3000,0.2515800587536224,0.15625,1500,0.17931952090196804,0.08868169400309796,0.23109593604263823,0.05115873154146109
voter,rho_1_over_pi,0.31830988618379069,32,2.7999999999999998,2200918,18,3000,0.06935731422975805,0.1875,1500,0.19708664986557206,0.10361677478026643,0.46371169220519654,0.04017645371664481
voter,rho_1_over_pi,0.31830988618379069,32,2.7999999999999998,2200919,19,3000,0.0775500317143709,0.15625,1500,0.18158215171208097,0.09609881598171276,0.3118962358427715,0.06826375361383258
voter,rho_1_over_pi,0.31830988618379069,32,3.2000000000000002,2201000,0,3000,0.10558055931910815,0.1875,1500,0.17662712097323965,0.0903849129881438,0.3147068620919387,0.0671106750158243
voter,rho_1_over_pi,0.31830988618379069,32,3.2000000000000002,2201001,1,3000,0.28045028102153097,0.15625,1500,0.17611884472497333,0.08906564745415105,0.28864090606262494,0.09270332084189375
voter,rho_1_over_pi,0.31830988618379069,32,3.2000000000000002,2201002,2,3000,0.2782102403581634,0.1875,1500,0.18658881383176784,0.09528420316412092,0.28424800133244504,0.09021044542084533
voter,rho_1_over_pi,0.31830988618379069,32,3.2000000000000002,2201003,3,3000,0.166771285255183,0.125,1500,0.18194176427834205,0.09462326853024414,0.27369253830779483,0.07394049424926877
voter,rho_1_over_pi,0.31830988618379069,32,3.2000000000000002,2201004,4,3000,0.1195387081869628,0.21875,1500,0.1792439569120415,0.0924979408096474,0.22974267155229847,0.06029735772562721
voter,rho_1_over_pi,0.31830988618379069,32,3.2000000000000002,2201005,5,3000,0.05597514441529488,0.15625,1500,0.1815063834834005,0.09150992536705928,0.2427964690206529,0.05101558083434213
voter,rho_1_over_pi,0.31830988618379069,32,3.2000000000000002,2201006,6,3000,0.10364343184271987,0.15625,1500,0.17824449933186534,0.08833934598921156,0.22466272485009994,0.05286950133920001
voter,rho_1_over_pi,0.31830988618379069,32,3.2000000000000002,2201007,7,3000,0.042717382969931654,0.1875,1500,0.1735724239036377,0.09123423870739356,0.2658852431712192,0.054570389518028874
voter,rho_1_over_pi,0.31830988618379069,32,3.2000000000000002,2201008,8,3000,0.1503164611275978,0.125,1500,0.17764326581623485,0.08838343338899243,0.22920136575616257,0.07403237313242804
voter,rho_1_over_pi,0.31830988618379069,32,3.2000000000000002,2201009,9,3000,0.10383420109393125,0.15625,1500,0.18270009092603706,0.09595512586401969,0.2968021319120586,0.09553132862549657
voter,rho_1_over_pi,0.31830988618379069,32,3.2000000000000002,2201010,10,3000,0.08461124792725386,0.09375,1500,0.18455371749191646,0.09592179613780201,0.28939040639573615,0.06428146500668598
voter,rho_1_over_pi,0.31830988618379069,32,3.2000000000000002,2201011,11,3000,0.25281842215803874,0.15625,1500,0.1835423595690323,0.09464385521956782,0.24562791472351767,0.055065743006701875
voter,rho_1_over_pi,0.31830988618379069,32,3.2000000000000002,2201012,12,3000,0.24805409609734633,0.125,1500,0.18068652634161667,0.09553234751935248,0.32199367088607594,0.05650520169008266
voter,rho_1_over_pi,0.31830988618379069,32,3.2000000000000002,2201013,13,3000,0.17831571764950835,0.1875,1500,0.17599846864901142,0.09087093613478713,0.26349100599600267,0.06373820580939475
voter,rho_1_over_pi,0.31830988618379069,32,3.2000000000000002,2201014,14,3000,0.2161647553806928,0.09375,1500,0.1821124606981512,0.09364839282649288,0.22160226515656228,0.07417454500106423
voter,rho_1_over_pi,0.31830988618379069,32,3.2000000000000002,2201015,15,3000,0.12097089251318238,0.25,1500,0.1915368881917328,0.10128525812580255,0.6004955029980014,0.09079230800367985
voter,rho_1_over_pi,0.31830988618379069,32,3.2000000000000002,2201016,16,3000,0.2008732403581449,0.28125,1500,0.18000628271980415,0.09263858434108756,0.21416972018654232,0.038865821739098076
voter,rho_1_over_pi,0.31830988618379069,32,3.2000000000000002,2201017,17,3000,0.1113629940152834,0.15625,1500,0.17496056565679416,0.09240771156632618,0.2689873417721519,0.04413431523363296
voter,rho_1_over_pi,0.31830988618379069,32,3.2000000000000002,2201018,18,3000,0.2129463564387396,0.15625,1500,0.17887019163536416,0.09183559077799684,0.3971518987341772,0.10008952310957195
voter,rho_1_over_pi,0.31830988618379069,32,3.2000000000000002,2201019,19,3000,0.10588174394171658,0.1875,1500,0.18387362059048754,0.0919061663096695,0.35080779480346436,0.12023640257508428
voter,rho_1_over_pi,0.31830988618379069,32,3.3999999999999999,2201100,0,3000,0.21909273474132662,0.15625,1500,0.17184875396431898,0.09076793932615,0.2710276482345103,0.04753064408337907
voter,rho_1_over_pi,0.31830988618379069,32,3.3999999999999999,2201101,1,3000,0.04111458633190997,0.125,1500,0.1767299594227035,0.09324794613729638,0.2618879080612925,0.05599812296411258
voter,rho_1_over_pi,0.31830988618379069,32,3.3999999999999999,2201102,2,3000,0.23932336693287976,0.3125,1500,0.17002325918875918,0.08976957894546526,0.23228264490339773,0.04463743309500389
voter,rho_1_over_pi,0.31830988618379069,32,3.3999999999999999,2201103,3,3000,0.12295046236351027,0.125,1500,0.17269150662047056,0.08892738369601527,0.23380246502331778,0.046551153197426476
voter,rho_1_over_pi,0.31830988618379069,32,3.3999999999999999,2201104,4,3000,0.11844529289904153,0.125,1500,0.17419562264484897,0.08967633967798493,0.21918720852764823,0.03523945776181754
voter,rho_1_over_pi,0.31830988618379069,32,3.3999999999999999,2201105,5,3000,0.09159486962549426,0.21875,1500,0.17406275045800446,0.08882000005081725,0.24229680213191207,0.03968611668910906
voter,rho_1_over_pi,0.31830988618379069,32,3.3999999999999999,2201106,6,3000,0.2070019081844801,0.125,1500,0.172161463777227,0.08762005207713591,0.23813291139240506,0.039363074131069986
voter,rho_1_over_pi,0.31830988618379069,32,3.3999999999999999,2201107,7,3000,0.09359189118272122,0.1875,1500,0.17277966471343487,0.08988698433700067,0.2436292471685543,0.02958833336050149
voter,rho_1_over_pi,0.31830988618379069,32,3.3999999999999999,2201108,8,3000,0.026410923934585086,0.125,1500,0.176376407479538,0.08599670542571536,0.23655063291139242,0.04606806475429249
voter,rho_1_over_pi,0.31830988618379069,32,3.3999999999999999,2201109,9,3000,0.14358398986138285,0.15625,1500,0.18703063548493717,0.09747169287849265,0.22741089273817455,0.037959259862773945
voter,rho_1_over_pi,0.31830988618379069,32,3.3999999999999999,2201110,10,3000,0.1771341479078017,0.1875,1500,0.17407174808823367,0.09246114382497851,0.23465606262491673,0.031890184184508265
voter,rho_1_over_pi,0.31830988618379069,32,3.3999999999999999,2201111,11,3000,0.1073527605805261,0.15625,1500,0.17348674811288373,0.08908358134184192,0.3321952031978681,0.08634713748319042
voter,rho_1_over_pi,0.31830988618379069,32,3.3999999999999999,2201112,12,3000,0.16360541931724012,0.15625,1500,0.17277290956304064,0.08939555372810926,0.21758411059293803,0.054907732208869096
voter,rho_1_over_pi,0.31830988618379069,32,3.3999999999999999,2201113,13,3000,0.0693150977984011,0.09375,1500,0.17493482145374917,0.0925139173900542,0.24221352431712193,0.06258744018191849
voter,rho_1_over_pi,0.31830988618379069,32,3.3999999999999999,2201114,14,3000,0.18472055536085666,0.25,1500,0.17988978110401718,0.09376082679629436,0.23721685542971352,0.056914591086873564
voter,rho_1_over_pi,0.31830988618379069,32,3.3999999999999999,2201115,15,3000,0.06371604229873745,0.15625,1500,0.1732912983542208,0.09073275547441512,0.2161892071952032,0.025923472166454315
voter,rho_1_over_pi,0.31830988618379069,32,3.3999999999999999,2201116,16,3000,0.1843321818215652,0.125,1500,0.17433910743717762,0.0919585657003979,0.2224350433044637,0.05672733057758389
voter,rho_1_over_pi,0.31830988618379069,32,3.3999999999999999,2201117,17,3000,0.041320386878320646,0.15625,1500,0.18114244960518747,0.08918107683485083,0.27775233177881414,0.036209154127983624
voter,rho_1_over_pi,0.31830988618379069,32,3.3999999999999999,2201118,18,3000,0.06530711637430302,0.125,1500,0.17433717150779296,0.09075063378351554,0.3020278147901399,0.07981063646131449
voter,rho_1_over_pi,0.31830988618379069,32,3.3999999999999999,2201119,19,3000,0.19711003049428705,0.1875,1500,0.1796331243885897,0.09222862396645636,0.2469187208527648,0.03371760501633136
voter,rho_1_over_pi,0.31830988618379069,32,3.6000000000000001,2201200,0,3000,0.08533096018065779,0.15625,1500,0.1707210010003727,0.08680093945610924,0.26682211858760824,0.06448306787893915
voter,rho_1_over_pi,0.31830988618379069,32,3.6000000000000001,2201201,1,3000,0.044400863678317734,0.1875,1500,0.17076838093164015,0.08591750307614868,0.24591938707528316,0.11585467603820512
voter,rho_1_over_pi,0.31830988618379069,32,3.6000000000000001,2201202,2,3000,0.25403915039878355,0.21875,1500,0.1676463556827442,0.08645384424703582,0.300008327781479,0.09159882023270353
voter,rho_1_over_pi,0.31830988618379069,32,3.6000000000000001,2201203,3,3000,0.21154416926704617,0.15625,1500,0.16347017555301502,0.08268835305764533,0.20590439706862093,0.05277781199544824
voter,rho_1_over_pi,0.31830988618379069,32,3.6000000000000001,2201204,4,3000,0.18170054933479485,0.125,1500,0.17686315793374183,0.08761401494159701,0.33342355096602266,0.07668284426288627
voter,rho_1_over_pi,0.31830988618379069,32,3.6000000000000001,2201205,5,3000,0.35890507644713815,0.15625,1500,0.16827128272975228,0.08633911670246183,0.26734260493004663,0.06965197941517658
voter,rho_1_over_pi,0.31830988618379069,32,3.6000000000000001,2201206,6,3000,0.2535553772206627,0.1875,1500,0.16988877185406964,0.08762918473932815,0.24383744170552965,0.045051691095936645
voter,rho_1_over_pi,0.31830988618379069,32,3.6000000000000001,2201207,7,3000,0.37848832516884257,0.21875,1500,0.17424358169057824,0.08958406740999403,0.2743171219187209,0.024823494839508287
voter,rho_1_over_pi,0.31830988618379069,32,3.6000000000000001,2201208,8,3000,0.0978326678553534,0.125,1500,0.17366502178723386,0.08851848935294296,0.2501873750832778,0.059442548295027535
voter,rho_1_over_pi,0.31830988618379069,32,3.6000000000000001,2201209,9,3000,0.059174842446059174,0.125,1500,0.17479691306376405,0.09051187062166384,0.22151898734177214,0.09141059907996302
voter,rho_1_over_pi,0.31830988618379069,32,3.6000000000000001,2201210,10,3000,0.17962076034943297,0.1875,1500,0.17356639537512514,0.09110604815606471,0.24229680213191207,0.061040131618371886
voter,rho_1_over_pi,0.31830988618379069,32,3.6000000000000001,2201211,11,3000,0.11729958178559724,0.125,1500,0.1754604819691163,0.08915299845336795,0.24656479013990673,0.04825387083339179
voter,rho_1_over_pi,0.31830988618379069,32,3.6000000000000001,2201212,12,3000,0.05563555383663219,0.125,1500,0.17388756699137545,0.09000404468416073,0.2070911059293804,0.04424620324398956
voter,rho_1_over_pi,0.31830988618379069,32,3.6000000000000001,2201213,13,3000,0.16570987485459449,0.21875,1500,0.16914833077256344,0.0862217180299938,0.2734010659560293,0.08095941115579575
voter,rho_1_over_pi,0.31830988618379069,32,3.6000000000000001,2201214,14,3000,0.08980560479351217,0.1875,1500,0.17126558258934588,0.08975312842229233,0.2644695203197868,0.05615714880400556
voter,rho_1_over_pi,0.31830988618379069,32,3.6000000000000001,2201215,15,3000,0.31920815906804734,0.125,1500,0.17626712946756848,0.09008366209835955,0.2463149566955363,0.04969699102766003
voter,rho_1_over_pi,0.31830988618379069,32,3.6000000000000001,2201216,16,3000,0.12778624891675244,0.09375,1500,0.17344101627913347,0.08767321936672533,0.31337441705529645,0.09631668831919747
voter,rho_1_over_pi,0.31830988618379069,32,3.6000000000000001,2201217,17,3000,0.20249879066874377,0.125,1500,0.1754261650110141,0.09004912483473428,0.23230346435709526,0.021043741079740108
voter,rho_1_over_pi,0.31830988618379069,32,3.6000000000000001,2201218,18,3000,0.09971170548186062,0.15625,1500,0.1730897905515773,0.08875085335280886,0.23536392405063292,0.03974306654540646
voter,rho_1_over_pi,0.31830988618379069,32,3.6000000000000001,2201219,19,3000,0.08062780222848279,0.15625,1500,0.16595157242172318,0.08776928850966333,0.24206778814123917,0.06031905600797002
voter,rho_1_over_pi,0.31830988618379069,32,3.7999999999999998,2201300,0,3000,0.20351230647958077,0.125,1500,0.1715869090298108,0.08673265033729548,0.2607844770153231,0.06882753953719259
voter,rho_1_over_pi,0.31830988618379069,32,3.7999999999999998,2201301,1,3000,0.1890232889493911,0.25,1500,0.16971632658663066,0.083372787848101,0.2579322118587608,0.07437511403898626
voter,rho_1_over_pi,0.31830988618379069,32,3.7999999999999998,2201302,2,3000,0.08432677039841743,0.125,1500,0.17021146592741396,0.08712349519199329,0.24414973351099267,0.060888591511148143
voter,rho_1_over_pi,0.31830988618379069,32,3.7999999999999998,2201303,3,3000,0.1295462464359768,0.09375,1500,0.1629007483588462,0.08487257177225897,0.21402398401065956,0.048788931645913754
voter,rho_1_over_pi,0.31830988618379069,32,3.7999999999999998,2201304,4,3000,0.12278395837015474,0.1875,1500,0.16738168906401096,0.08654976574460738,0.27063207861425714,0.05975786001902829
voter,rho_1_over_pi,0.31830988618379069,32,3.7999999999999998,2201305,5,3000,0.06747937616633154,0.1875,1500,0.17006734178849267,0.08680080124337872,0.17261409060626248,0.027381879740022482
voter,rho_1_over_pi,0.31830988618379069,32,3.7999999999999998,2201306,6,3000,0.23674870192896882,0.09375,1500,0.16515045469788983,0.08363357552100177,0.2126707195203198,0.049703976737744515
voter,rho_1_over_pi,0.31830988618379069,32,3.7999999999999998,2201307,7,3000,0.10226437823874196,0.1875,1500,0.16904667695145073,0.08646942069756161,0.28997335109926714,0.03875083703760781
voter,rho_1_over_pi,0.31830988618379069,32,3.7999999999999998,2201308,8,3000,0.16884519351621322,0.1875,1500,0.1641025953487028,0.08646938553243971,0.18824950033311125,0.04004793877113971
voter,rho_1_over_pi,0.31830988618379069,32,3.7999999999999998,2201309,9,3000,0.23329590113282736,0.15625,1500,0.1661171993947269,0.08667277356072077,0.3083777481678881,0.11484357519404516
voter,rho_1_over_pi,0.31830988618379069,32,3.7999999999999998,2201310,10,3000,0.19612042372915003,0.09375,1500,0.16546019881338955,0.08384936180638769,0.22201865423051298,0.04760034705504981
voter,rho_1_over_pi,0.31830988618379069,32,3.7999999999999998,2201311,11,3000,0.1880801718444335,0.09375,1500,0.16530382742146466,0.08377919460139342,0.19222601598934044,0.0343414853489638
voter,rho_1_over_pi,0.31830988618379069,32,3.7999999999999998,2201312,12,3000,0.26204667951119137,0.125,1500,0.17234674319476556,0.09170539089310915,0.30013324450366424,0.08283669500111071
voter,rho_1_over_pi,0.31830988618379069,32,3.7999999999999998,2201313,13,3000,0.1874496810268762,0.15625,1500,0.17144282463428362,0.08825391346101105,0.27646152564956694,0.02518302048451878
voter,rho_1_over_pi,0.31830988618379069,32,3.7999999999999998,2201314,14,3000,0.17540708792171428,0.1875,1500,0.16611497543811823,0.08512789056911794,0.19655646235842772,0.033616410568407605
voter,rho_1_over_pi,0.31830988618379069,32,3.7999999999999998,2201315,15,3000,0.10822690182372609,0.125,1500,0.16945748895677676,0.08713798770574782,0.22370502998001332,0.03833071197741184
voter,rho_1_over_pi,0.31830988618379069,32,3.7999999999999998,2201316,16,3000,0.24291853879908326,0.15625,1500,0.16810707626352855,0.0870649711631132,0.23929880079946703,0.0576931667608943
voter,rho_1_over_pi,0.31830988618379069,32,3.7999999999999998,2201317,17,3000,0.30847558837112893,0.21875,1500,0.16737542856918133,0.08547191531577886,0.1813790806129247,0.02376967158438131
voter,rho_1_over_pi,0.31830988618379069,32,3.7999999999999998,2201318,18,3000,0.25818716645788986,0.15625,1500,0.16452922804864925,0.08540386584377686,0.17248917388407728,0.04228837472197287
voter,rho_1_over_pi,0.31830988618379069,32,3.7999999999999998,2201319,19,3000,0.18343820127747062,0.1875,1500,0.16226244731094325,0.08310002552115786,0.24158894070619588,0.05613434368770734
voter,rho_1_over_pi,0.31830988618379069,32,4.2000000000000002,2201400,0,3000,0.24860855112653094,0.09375,1500,0.1611899211667604,0.08453327714153767,0.19001915389740173,0.04418862223461643
voter,rho_1_over_pi,0.31830988618379069,32,4.2000000000000002,2201401,1,3000,0.22097641414581876,0.125,1500,0.16681600373794078,0.08635935955103294,0.23321952031978682,0.05775634667851365
voter,rho_1_over_pi,0.31830988618379069,32,4.2000000000000002,2201402,2,3000,0.1281196592826704,0.15625,1500,0.163706978398832,0.08480231925244613,0.26015989340439705,0.046541347413269006
voter,rho_1_over_pi,0.31830988618379069,32,4.2000000000000002,2201403,3,3000,0.04713382444861987,0.125,1500,0.16634965886034372,0.08486530890136057,0.3376707195203198,0.10348179979344009
voter,rho_1_over_pi,0.31830988618379069,32,4.2000000000000002,2201404,4,3000,0.11160786197752069,0.125,1500,0.16203939036362025,0.08391807734808222,0.2700074950033311,0.0708605391463782
voter,rho_1_over_pi,0.31830988618379069,32,4.2000000000000002,2201405,5,3000,0.18222177558725447,0.125,1500,0.16682242944030984,0.08598628872113959,0.19355846102598268,0.0336517086742835
voter,rho_1_over_pi,0.31830988618379069,32,4.2000000000000002,2201406,6,3000,0.1889405544073218,0.1875,1500,0.16275783987687167,0.0833651251401879,0.21100516322451698,0.0730935410130844
voter,rho_1_over_pi,0.31830988618379069,32,4.2000000000000002,2201407,7,3000,0.1197841717890467,0.21875,1500,0.16593020792613106,0.08470686892835072,0.24004830113257827,0.06232162887121787
voter,rho_1_over_pi,0.31830988618379069,32,4.2000000000000002,2201408,8,3000,0.23490728132592337,0.1875,1500,0.16282969652923412,0.08526851817995251,0.22901399067288475,0.047095343788173254
voter,rho_1_over_pi,0.31830988618379069,32,4.2000000000000002,2201409,9,3000,0.21343042928110728,0.15625,1500,0.16404639258216594,0.08600150784152752,0.23550966022651565,0.04229299715333894
voter,rho_1_over_pi,0.31830988618379069,32,4.2000000000000002,2201410,10,3000,0.20002408848679082,0.15625,1500,0.1638368325601227,0.08392383316969693,0.21258744170552965,0.04410301395548224
voter,rho_1_over_pi,0.31830988618379069,32,4.2000000000000002,2201411,11,3000,0.2712080796108417,0.1875,1500,0.16372758309253943,0.08543738920096024,0.1823159560293138,0.03416125343247834
voter,rho_1_over_pi,0.31830988618379069,32,4.2000000000000002,2201412,12,3000,0.2373557533517411,0.09375,1500,0.1632048728625251,0.08475654280703279,0.1683252831445703,0.040280763217854176
voter,rho_1_over_pi,0.31830988618379069,32,4.2000000000000002,2201413,13,3000,0.07371893115215936,0.15625,1500,0.16570062382953477,0.08456295899855858,0.23199117255163224,0.07406930227382541
voter,rho_1_over_pi,0.31830988618379069,32,4.2000000000000002,2201414,14,3000,0.05824967076922019,0.09375,1500,0.1640730013872757,0.08564671465539163,0.2175632911392405,0.044770704308193326
voter,rho_1_over_pi,0.31830988618379069,32,4.2000000000000002,2201415,15,3000,0.10886395476248482,0.125,1500,0.1605725024546961,0.08262873934205954,0.19539057295136575,0.05940070717925765
voter,rho_1_over_pi,0.31830988618379069,32,4.2000000000000002,2201416,16,3000,0.21209201392318242,0.125,1500,0.16675210214588307,0.0854143009356351,0.23605096602265158,0.04797037067910549
voter,rho_1_over_pi,0.31830988618379069,32,4.2000000000000002,2201417,17,3000,0.2123063615477329,0.09375,1500,0.16200278125479614,0.08355096681326768,0.20461359093937376,0.0398909208315213
voter,rho_1_over_pi,0.31830988618379069,32,4.2000000000000002,2201418,18,3000,0.06839933191921281,0.125,1500,0.1616992004798506,0.08209374834986513,0.2986342438374417,0.07808852831503633
voter,rho_1_over_pi,0.31830988618379069,32,4.2000000000000002,2201419,19,3000,0.11452739949951109,0.21875,1500,0.16636752353254505,0.0867496671927047,0.20542554963357762,0.047604016639154666
voter,rho_1_over_pi,0.31830988618379069,32,4.4000000000000004,2201500,0,3000,0.08734281597002862,0.15625,1500,0.15954422200583904,0.0823169718153552,0.2880787808127915,0.06887992838814576
voter,rho_1_over_pi,0.31830988618379069,32,4.4000000000000004,2201501,1,3000,0.14667829203753238,0.1875,1500,0.16329376296719364,0.08265170205696758,0.1955363091272485,0.0418869610073758
voter,rho_1_over_pi,0.31830988618379069,32,4.4000000000000004,2201502,2,3000,0.09184845005444735,0.15625,1500,0.1631237714161382,0.08647976324601891,0.1769028980679547,0.032807958107530545
voter,rho_1_over_pi,0.31830988618379069,32,4.4000000000000004,2201503,3,3000,0.10861394583696819,0.25,1500,0.1603444925979688,0.08339872738137395,0.2867463357761492,0.06781014004681797
voter,rho_1_over_pi,0.31830988618379069,32,4.4000000000000004,2201504,4,3000,0.17378777545169158,0.1875,1500,0.1619198785293404,0.08276802427572245,0.24635659560293138,0.057221040403210105
voter,rho_1_over_pi,0.31830988618379069,32,4.4000000000000004,2201505,5,3000,0.28602612519344406,0.09375,1500,0.1620051532311933,0.08446771133434698,0.16584776815456362,0.022315560427440567
voter,rho_1_over_pi,0.31830988618379069,32,4.4000000000000004,2201506,6,3000,0.3937819946080398,0.1875,1500,0.16488723867873828,0.08632045301464766,0.25062458361092604,0.04427801023588953
voter,rho_1_over_pi,0.31830988618379069,32,4.4000000000000004,2201507,7,3000,0.10918027429149636,0.21875,1500,0.1617570603247403,0.08302973693134993,0.25495502998001335,0.040940649748319305
voter,rho_1_over_pi,0.31830988618379069,32,4.4000000000000004,2201508,8,3000,0.20979218839875824,0.15625,1500,0.16516468272379822,0.08430718890006828,0.2683835776149234,0.06863024834429984
voter,rho_1_over_pi,0.31830988618379069,32,4.4000000000000004,2201509,9,3000,0.10868980470179095,0.1875,1500,0.16239003454007941,0.08554012184569704,0.19139323784143905,0.04685037706026425
voter,rho_1_over_pi,0.31830988618379069,32,4.4000000000000004,2201510,10,3000,0.2563819350682749,0.1875,1500,0.16093113323283173,0.08533735900910935,0.20836109260493005,0.0411217889225322
voter,rho_1_over_pi,0.31830988618379069,32,4.4000000000000004,2201511,11,3000,0.1326385333059631,0.25,1500,0.16249943031169417,0.08277995868673903,0.20394736842105263,0.039926512417285294
voter,rho_1_over_pi,0.31830988618379069,32,4.4000000000000004,2201512,12,3000,0.025679462088650556,0.1875,1500,0.16086009091250025,0.08051067859213999,0.19208027981345768,0.07652851141121049
voter,rho_1_over_pi,0.31830988618379069,32,4.4000000000000004,2201513,13,3000,0.19011624104161923,0.1875,1500,0.16458059098652517,0.08401356865831634,0.21621002664890074,0.03625303613924054
voter,rho_1_over_pi,0.31830988618379069,32,4.4000000000000004,2201514,14,3000,0.24167256719437824,0.25,1500,0.164542288173768,0.08450589398073172,0.2602848101265823,0.060979472625844404
voter,rho_1_over_pi,0.31830988618379069,32,4.4000000000000004,2201515,15,3000,0.12997252171279328,0.15625,1500,0.15942403209228173,0.0843627002993918,0.16320369753497668,0.02980807788135849
voter,rho_1_over_pi,0.31830988618379069,32,4.4000000000000004,2201516,16,3000,0.17020659105963262,0.09375,1500,0.1640764041038503,0.08453702631457244,0.19757661558960693,0.043075404418618964
voter,rho_1_over_pi,0.31830988618379069,32,4.4000000000000004,2201517,17,3000,0.1258757624897647,0.15625,1500,0.16069026138487263,0.08548029513868792,0.1797759826782145,0.043506481683591815
voter,rho_1_over_pi,0.31830988618379069,32,4.4000000000000004,2201518,18,3000,0.06501701728962604,0.09375,1500,0.16184410641693917,0.08655071439172124,0.19509910059960026,0.05932913842634942
voter,rho_1_over_pi,0.31830988618379069,32,4.4000000000000004,2201519,19,3000,0.11991139749483938,0.125,1500,0.1602917289578181,0.08024125873523791,0.21285809460359761,0.04970690678077413
voter,rho_1_over_pi,0.31830988618379069,32,4.5999999999999996,2201600,0,3000,0.1659350785920646,0.15625,1500,0.1588433570121836,0.07947334963247822,0.17342604930046635,0.0337575741393501
voter,rho_1_over_pi,0.31830988618379069,32,4.5999999999999996,2201601,1,3000,0.2932399484442507,0.1875,1500,0.16489005044238675,0.08480910052465547,0.26717604930046635,0.06499812771593642
voter,rho_1_over_pi,0.31830988618379069,32,4.5999999999999996,2201602,2,3000,0.19189071159450016,0.15625,1500,0.1618662707788305,0.08532764648320622,0.25859843437708196,0.06952411471949023
voter,rho_1_over_pi,0.31830988618379069,32,4.5999999999999996,2201603,3,3000,0.0679636135295203,0.1875,1500,0.1641172246063516,0.08582228078677621,0.23067954696868753,0.05332284398767571
voter,rho_1_over_pi,0.31830988618379069,32,4.5999999999999996,2201604,4,3000,0.26355651025558996,0.125,1500,0.16083921747020924,0.08441639018429975,0.20652898067954698,0.04828472549798762
voter,rho_1_over_pi,0.31830988618379069,32,4.5999999999999996,2201605,5,3000,0.14813577161103877,0.125,1500,0.16006872033491204,0.0821735893757969,0.17783977348434377,0.031203798257021208
voter,rho_1_over_pi,0.31830988618379069,32,4.5999999999999996,2201606,6,3000,0.10573424268594622,0.09375,1500,0.16322149119739815,0.08259528372561462,0.21079696868754164,0.04268736427124622
voter,rho_1_over_pi,0.31830988618379069,32,4.5999999999999996,2201607,7,3000,0.05788200191257619,0.15625,1500,0.16174191915489144,0.08509866096247348,0.2236842105263158,0.07632345280162105
voter,rho_1_over_pi,0.31830988618379069,32,4.5999999999999996,2201608,8,3000,0.1062086253470472,0.125,1500,0.15902490541305384,0.0818310801053403,0.23407311792138574,0.04567900113227583
voter,rho_1_over_pi,0.31830988618379069,32,4.5999999999999996,2201609,9,3000,0.28961889666450874,0.15625,1500,0.15986803461292476,0.08266651435690803,0.2567455029980013,0.023846846193600463
voter,rho_1_over_pi,0.31830988618379069,32,4.5999999999999996,2201610,10,3000,0.11797835546035072,0.15625,1500,0.1588079025409113,0.08375344575181695,0.20825699533644237,0.04549102562144813
voter,rho_1_over_pi,0.31830988618379069,32,4.5999999999999996,2201611,11,3000,0.15355848909316058,0.21875,1500,0.16003314625172918,0.08231723381709523,0.16518154563624252,0.037801948067407255
voter,rho_1_over_pi,0.31830988618379069,32,4.5999999999999996,2201612,12,3000,0.0975096807496393,0.1875,1500,0.16084709718161522,0.08239858496866317,0.18383577614923385,0.0530359717834212
voter,rho_1_over_pi,0.31830988618379069,32,4.5999999999999996,2201613,13,3000,0.15209654761408925,0.125,1500,0.16668496837182192,0.08552797253585648,0.21606429047301798,0.04013538191411631
voter,rho_1_over_pi,0.31830988618379069,32,4.5999999999999996,2201614,14,3000,0.14443890880723673,0.125,1500,0.16417978590307183,0.08525777187950041,0.2725682878081279,0.029162355100878907
voter,rho_1_over_pi,0.31830988618379069,32,4.5999999999999996,2201615,15,3000,0.20784278134224296,0.15625,1500,0.1552078151914617,0.07993224681866867,0.24354596935376416,0.060864981213483084
voter,rho_1_over_pi,0.31830988618379069,32,4.5999999999999996,2201616,16,3000,0.13496230149685062,0.15625,1500,0.16267580346820978,0.08401129345232833,0.1924966688874084,0.023593998976529782
voter,rho_1_over_pi,0.31830988618379069,32,4.5999999999999996,2201617,17,3000,0.1777367424229422,0.15625,1500,0.16286007770809818,0.08229273761012679,0.212795636242505,0.04195501678769562
voter,rho_1_over_pi,0.31830988618379069,32,4.5999999999999996,2201618,18,3000,0.047985859305403306,0.125,1500,0.1626907561047721,0.08355013390502093,0.22674467021985342,0.0598179607583568
voter,rho_1_over_pi,0.31830988618379069,32,4.5999999999999996,2201619,19,3000,0.1051784927352482,0.125,1500,0.16003133178560117,0.0821502415052363,0.18693787475016654,0.03640016984352148
voter,rho_1_over_pi,0.31830988618379069,32,4.7999999999999998,2201700,0,3000,0.20371955800698743,0.125,1500,0.1619150391750211,0.08218985105831479,0.22703614257161892,0.05777476051479543
voter,rho_1_over_pi,0.31830988618379069,32,4.7999999999999998,2201701,1,3000,0.18539090935367214,0.15625,1500,0.1645757546621906,0.08790669176420213,0.22849350433044638,0.023955981996066952
voter,rho_1_over_pi,0.31830988618379069,32,4.7999999999999998,2201702,2,3000,0.12396777413141817,0.125,1500,0.16113663188131197,0.08025235782558113,0.20965189873417722,0.054010903617566094
voter,rho_1_over_pi,0.31830988618379069,32,4.7999999999999998,2201703,3,3000,0.09132812856996425,0.15625,1500,0.15692807423936145,0.0826468121800403,0.18729180546302465,0.033001126141195124
voter,rho_1_over_pi,0.31830988618379069,32,4.7999999999999998,2201704,4,3000,0.08744008836248615,0.125,1500,0.1597160622887477,0.08010217984419768,0.16497335109926717,0.03185863526479684
voter,rho_1_over_pi,0.31830988618379069,32,4.7999999999999998,2201705,5,3000,0.05850222250888586,0.09375,1500,0.163067454154293,0.08194830551486341,0.21044303797468356,0.032892549409050155
voter,rho_1_over_pi,0.31830988618379069,32,4.7999999999999998,2201706,6,3000,0.293978131870235,0.125,1500,0.15911420769072288,0.0820767750907559,0.214586109260493,0.022256258922182918
voter,rho_1_over_pi,0.31830988618379069,32,4.7999999999999998,2201707,7,3000,0.0827268186778633,0.15625,1500,0.16057325027228028,0.07914368822522654,0.14677714856762158,0.03697264173195482
voter,rho_1_over_pi,0.31830988618379069,32,4.7999999999999998,2201708,8,3000,0.09250975454024792,0.1875,1500,0.1621570589351831,0.08573062463204977,0.1961192538307795,0.044281035018782444
voter,rho_1_over_pi,0.31830988618379069,32,4.7999999999999998,2201709,9,3000,0.12908670073608416,0.1875,1500,0.15803234561399487,0.0823035295788619,0.3520361425716189,0.04393184945169236
voter,rho_1_over_pi,0.31830988618379069,32,4.7999999999999998,2201710,10,3000,0.24699254832004017,0.21875,1500,0.15784092537452746,0.08045271685274856,0.20765323117921386,0.06099182529419312
voter,rho_1_over_pi,0.31830988618379069,32,4.7999999999999998,2201711,11,3000,0.08559437631522814,0.21875,1500,0.15704894511730422,0.08523933258467033,0.17151065956029313,0.04170257665538455
voter,rho_1_over_pi,0.31830988618379069,32,4.7999999999999998,2201712,12,3000,0.2774501292526276,0.21875,1500,0.15980791735277677,0.0826304001296894,0.20124083944037308,0.05567191212656808
voter,rho_1_over_pi,0.31830988618379069,32,4.7999999999999998,2201713,13,3000,0.025642563904672136,0.09375,1500,0.15929867112598378,0.08034838822256628,0.1466730512991339,0.028300461672255302
voter,rho_1_over_pi,0.31830988618379069,32,4.7999999999999998,2201714,14,3000,0.034954669879683646,0.15625,1500,0.1601682524449571,0.0834458726571666,0.140177381745503,0.03388635835974289
voter,rho_1_over_pi,0.31830988618379069,32,4.7999999999999998,2201715,15,3000,0.09597968961670353,0.15625,1500,0.15902703609216884,0.08410913908635399,0.18550133244503664,0.05903020445668422
voter,rho_1_over_pi,0.31830988618379069,32,4.7999999999999998,2201716,16,3000,0.11195536650951055,0.125,1500,0.16057624040138657,0.08120836641242911,0.14800549633577614,0.025296038920091593
voter,rho_1_over_pi,0.31830988618379069,32,4.7999999999999998,2201717,17,3000,0.18814680360063032,0.1875,1500,0.15621795313239645,0.08237887844976588,0.17205196535642905,0.03394639856917943
voter,rho_1_over_pi,0.31830988618379069,32,4.7999999999999998,2201718,18,3000,0.08369275535622958,0.21875,1500,0.15706463975523577,0.08234132345347812,0.24038141239173885,0.03666094758120851
voter,rho_1_over_pi,0.31830988618379069,32,4.7999999999999998,2201719,19,3000,0.1841778101509355,0.125,1500,0.15639046566353487,0.08200445819487218,0.16126748834110594,0.038041432043489344
voter,rho_1_over_pi,0.31830988618379069,32,5.2000000000000002,2201800,0,3000,0.28925536953353526,0.125,1500,0.15837815586070134,0.08130423132440813,0.13551382411725515,0.022629434141695392
voter,rho_1_over_pi,0.31830988618379069,32,5.2000000000000002,2201801,1,3000,0.038814099708294074,0.125,1500,0.1602178520631972,0.08128031286356928,0.1441747168554297,0.02033987106890575
voter,rho_1_over_pi,0.31830988618379069,32,5.2000000000000002,2201802,2,3000,0.14982296284238186,0.15625,1500,0.15432395174825372,0.08033152817982896,0.17604930046635575,0.045887596764475624
voter,rho_1_over_pi,0.31830988618379069,32,5.2000000000000002,2201803,3,3000,0.11598470956689906,0.3125,1500,0.1625045142435882,0.08300660420095234,0.2244128914057295,0.053823494433182864
voter,rho_1_over_pi,0.31830988618379069,32,5.2000000000000002,2201804,4,3000,0.0998517112007906,0.15625,1500,0.1607596512797569,0.08571495038540831,0.18098351099267154,0.04212699032752449
voter,rho_1_over_pi,0.31830988618379069,32,5.2000000000000002,2201805,5,3000,0.27272541263450967,0.1875,1500,0.16187289031957736,0.08126134420237945,0.2070078281145903,0.03849850828607433
voter,rho_1_over_pi,0.31830988618379069,32,5.2000000000000002,2201806,6,3000,0.1602223822621336,0.125,1500,0.15712502675010337,0.07988313412050534,0.18862425049966688,0.027872264758346577
voter,rho_1_over_pi,0.31830988618379069,32,5.2000000000000002,2201807,7,3000,0.12018060633115746,0.21875,1500,0.15851169971686485,0.08193616073754105,0.22443371085942704,0.0507284947805328
voter,rho_1_over_pi,0.31830988618379069,32,5.2000000000000002,2201808,8,3000,0.09775749859784791,0.15625,1500,0.16117366878596615,0.08440519749811805,0.25501748834110594,0.06878531364110772
voter,rho_1_over_pi,0.31830988618379069,32,5.2000000000000002,2201809,9,3000,0.2779655636758257,0.125,1500,0.158162963144961,0.08068807256497919,0.14977514990006663,0.03609546929267637
voter,rho_1_over_pi,0.31830988618379069,32,5.2000000000000002,2201810,10,3000,0.20192277772500722,0.15625,1500,0.15565997050575975,0.08008882453346938,0.21621002664890074,0.05033410261914851
voter,rho_1_over_pi,0.31830988618379069,32,5.2000000000000002,2201811,11,3000,0.19787270374676244,0.15625,1500,0.15628396977099987,0.08393205743376884,0.14681878747501664,0.03532777267883119
voter,rho_1_over_pi,0.31830988618379069,32,5.2000000000000002,2201812,12,3000,0.194765315702842,0.1875,1500,0.1592359061386953,0.08017328023268247,0.22516239173884078,0.07419341757102531
voter,rho_1_over_pi,0.31830988618379069,32,5.2000000000000002,2201813,13,3000,0.11821024616640788,0.15625,1500,0.15710052272617137,0.08272452333332095,0.2057170219853431,0.05398169192436301
voter,rho_1_over_pi,0.31830988618379069,32,5.2000000000000002,2201814,14,3000,0.09169762191043622,0.125,1500,0.15880116200532704,0.08242044617944165,0.17221852098600932,0.03195071962290435
voter,rho_1_over_pi,0.31830988618379069,32,5.2000000000000002,2201815,15,3000,0.09130392811661861,0.125,1500,0.157607278499883,0.0815196826361618,0.1992421718854097,0.041081957664114446
voter,rho_1_over_pi,0.31830988618379069,32,5.2000000000000002,2201816,16,3000,0.16146059334209514,0.21875,1500,0.16055878398964163,0.0808314954432851,0.1741547301798801,0.05084324580362584
voter,rho_1_over_pi,0.31830988618379069,32,5.2000000000000002,2201817,17,3000,0.31086839349464873,0.125,1500,0.15812589327116253,0.08200389016425001,0.16430712858094604,0.04430606720027878
voter,rho_1_over_pi,0.31830988618379069,32,5.2000000000000002,2201818,18,3000,0.015254862727208572,0.15625,1500,0.1528702916150933,0.08002392690865846,0.20013740839440372,0.03368018821147623
voter,rho_1_over_pi,0.31830988618379069,32,5.2000000000000002,2201819,19,3000,0.18096571160036323,0.1875,1500,0.15597247562422598,0.08131652388047599,0.2795636242504997,0.06357661225250771
voter,rho_1_over_pi,0.31830988618379069,32,5.4000000000000004,2201900,0,3000,0.12861530873509147,0.125,1500,0.1539126749648532,0.08004891029268685,0.15689540306462357,0.038365468797562294
voter,rho_1_over_pi,0.31830988618379069,32,5.4000000000000004,2201901,1,3000,0.14201926557657119,0.1875,1500,0.15513530882054866,0.08264242148762752,0.16114257161892073,0.04251498630375836
voter,rho_1_over_pi,0.31830988618379069,32,5.4000000000000004,2201902,2,3000,0.0937278951866261,0.15625,1500,0.1612724398060326,0.08250238341142303,0.23457278481012658,0.08602027376636531
voter,rho_1_over_pi,0.31830988618379069,32,5.4000000000000004,2201903,3,3000,0.05344276784314584,0.09375,1500,0.15651380657454775,0.08106593357230915,0.188395236508994,0.05359975531456127
voter,rho_1_over_pi,0.31830988618379069,32,5.4000000000000004,2201904,4,3000,0.12222646487016639,0.15625,1500,0.1559579899604519,0.08032018498349817,0.14367504996668887,0.03353907371664163
voter,rho_1_over_pi,0.31830988618379069,32,5.4000000000000004,2201905,5,3000,0.23674650093410413,0.0625,1500,0.15866824052289158,0.0802107597107024,0.15779063957361758,0.032227303867698155
voter,rho_1_over_pi,0.31830988618379069,32,5.4000000000000004,2201906,6,3000,0.10562728961677431,0.15625,1500,0.15564322929542926,0.07978188669271466,0.15878997335109926,0.044997183097850266
voter,rho_1_over_pi,0.31830988618379069,32,5.4000000000000004,2201907,7,3000,0.21938893245276234,0.09375,1500,0.1584182143936334,0.08456802466710574,0.1780896069287142,0.04726642365755147
voter,rho_1_over_pi,0.31830988618379069,32,5.4000000000000004,2201908,8,3000,0.1986468691117091,0.125,1500,0.16173297338014692,0.08241586564652438,0.16022651565622917,0.035257817062441375
voter,rho_1_over_pi,0.31830988618379069,32,5.4000000000000004,2201909,9,3000,0.1038333324979747,0.15625,1500,0.15540287913826373,0.0824034540851162,0.2109427048634244,0.029275483414046056
voter,rho_1_over_pi,0.31830988618379069,32,5.4000000000000004,2201910,10,3000,0.12488926792831148,0.1875,1500,0.1597516570480566,0.0809665134619023,0.13110009993337776,0.031237562721401473
voter,rho_1_over_pi,0.31830988618379069,32,5.4000000000000004,2201911,11,3000,0.24876251149223147,0.09375,1500,0.1577450072749417,0.08162481083923437,0.1642863091272485,0.027290547779459735
voter,rho_1_over_pi,0.31830988618379069,32,5.4000000000000004,2201912,12,3000,0.233003941124239,0.09375,1500,0.15786873475625593,0.07976219788208126,0.1582694870086609,0.025027200292887953
voter,rho_1_over_pi,0.31830988618379069,32,5.4000000000000004,2201913,13,3000,0.1279435335193957,0.125,1500,0.15859459415459168,0.08186967732521785,0.18822868087941372,0.03504949928684557
voter,rho_1_over_pi,0.31830988618379069,32,5.4000000000000004,2201914,14,3000,0.08954146530678712,0.15625,1500,0.1604974128469486,0.08305312789327733,0.16253747501665555,0.030279717834640486
voter,rho_1_over_pi,0.31830988618379069,32,5.4000000000000004,2201915,15,3000,0.06752598748279985,0.21875,1500,0.15691356840352702,0.08031877916813662,0.2219145569620253,0.04674544607197519
voter,rho_1_over_pi,0.31830988618379069,32,5.4000000000000004,2201916,16,3000,0.20616395324219167,0.15625,1500,0.16324720282498423,0.08314696127780556,0.21841688874083945,0.05327138837156637
voter,rho_1_over_pi,0.31830988618379069,32,5.4000000000000004,2201917,17,3000,0.16197251220169995,0.125,1500,0.15899089723337093,0.08252629452330137,0.17323867421718855,0.030845480369118265
voter,rho_1_over_pi,0.31830988618379069,32,5.4000000000000004,2201918,18,3000,0.1333414281741067,0.125,1500,0.15778760090024993,0.08423500522693142,0.22324700199866757,0.03875821880138747
voter,rho_1_over_pi,0.31830988618379069,32,5.4000000000000004,2201919,19,3000,0.08402665112000994,0.1875,1500,0.15579024881575032,0.08139614750313677,0.14259243837441707,0.029518799119364596
voter,rho_1_over_pi,0.31830988618379069,32,5.5999999999999996,2202000,0,3000,0.05703306434027441,0.125,1500,0.15676895660957507,0.08301888847580773,0.1530438041305796,0.028679233880079688
voter,rho_1_over_pi,0.31830988618379069,32,5.5999999999999996,2202001,1,3000,0.11609650315377053,0.15625,1500,0.15837048750611551,0.08264514180632786,0.2852889740173218,0.07431663735858747
voter,rho_1_over_pi,0.31830988618379069,32,5.5999999999999996,2202002,2,3000,0.1266579907396075,0.125,1500,0.15682400877550767,0.08007433367813206,0.16312041972018654,0.034196990486271915
voter,rho_1_over_pi,0.31830988618379069,32,5.5999999999999996,2202003,3,3000,0.17045700246579043,0.09375,1500,0.153968059109417,0.08080258639134703,0.13282811459027316,0.03376007786036788
voter,rho_1_over_pi,0.31830988618379069,32,5.5999999999999996,2202004,4,3000,0.14267283977109035,0.21875,1500,0.15393224554702714,0.0813176870221588,0.1498792471685543,0.03581549991288958
voter,rho_1_over_pi,0.31830988618379069,32,5.5999999999999996,2202005,5,3000,0.20815134105477434,0.125,1500,0.15858870671653724,0.0828754530946091,0.14546552298467688,0.034252006786421145
voter,rho_1_over_pi,0.31830988618379069,32,5.5999999999999996,2202006,6,3000,0.26717802217169356,0.15625,1500,0.1588246205360532,0.08280567226398974,0.16399483677548302,0.030585088413057057
voter,rho_1_over_pi,0.31830988618379069,32,5.5999999999999996,2202007,7,3000,0.09446722331447321,0.1875,1500,0.16046649678423291,0.08293089683995836,0.2613674217188541,0.019681575606028363
voter,rho_1_over_pi,0.31830988618379069,32,5.5999999999999996,2202008,8,3000,0.141836188863667,0.15625,1500,0.15683372186137443,0.08141378994911397,0.16745086608927381,0.04730273346774344
voter,rho_1_over_pi,0.31830988618379069,32,5.5999999999999996,2202009,9,3000,0.3864229786853961,0.125,1500,0.16180648787082264,0.08473298079398406,0.20954780146568955,0.04957716535812222
voter,rho_1_over_pi,0.31830988618379069,32,5.5999999999999996,2202010,10,3000,0.11388810362414382,0.1875,1500,0.1596192097345681,0.08022591202058864,0.14629830113257827,0.03037133742013129
voter,rho_1_over_pi,0.31830988618379069,32,5.5999999999999996,2202011,11,3000,0.10239869767445477,0.15625,1500,0.15671417520281966,0.08058510879368094,0.18042138574283811,0.039720451359146466
voter,rho_1_over_pi,0.31830988618379069,32,5.5999999999999996,2202012,12,3000,0.23078007002263276,0.15625,1500,0.15565104459040202,0.08071037425870341,0.15647901399067288,0.04213616722288562
voter,rho_1_over_pi,0.31830988618379069,32,5.5999999999999996,2202013,13,3000,0.15336553069526646,0.09375,1500,0.15778307410126444,0.07968509737757555,0.21568954030646237,0.0628974475469124
voter,rho_1_over_pi,0.31830988618379069,32,5.5999999999999996,2202014,14,3000,0.0656537624713841,0.1875,1500,0.15662012779725454,0.08375160857933389,0.1902898067954697,0.03175636253815725
voter,rho_1_over_pi,0.31830988618379069,32,5.5999999999999996,2202015,15,3000,0.052685591348214045,0.125,1500,0.1589910069280529,0.08177477467434045,0.18175383077948035,0.03772323000831855
voter,rho_1_over_pi,0.31830988618379069,32,5.5999999999999996,2202016,16,3000,0.10337919236449156,0.15625,1500,0.1554931242703183,0.0814331735147848,0.21723017988007995,0.052852175107796696
voter,rho_1_over_pi,0.31830988618379069,32,5.5999999999999996,2202017,17,3000,0.06194072658086351,0.1875,1500,0.15632609063202996,0.08117870939972445,0.15949783477681545,0.03007002354668102
voter,rho_1_over_pi,0.31830988618379069,32,5.5999999999999996,2202018,18,3000,0.18895039605958003,0.1875,1500,0.15697772163432588,0.07962986628522391,0.15271069287141906,0.03330347388793357
voter,rho_1_over_pi,0.31830988618379069,32,5.5999999999999996,2202019,19,3000,0.1515031147544693,0.09375,1500,0.153613061219857,0.08163317043836081,0.12670719520319787,0.03410241767969152
voter,rho_1_over_pi,0.31830988618379069,32,5.7999999999999998,2202100,0,3000,0.07691334969345442,0.28125,1500,0.15917099464121298,0.08193428999762828,0.1642238507661559,0.04706906920591385
voter,rho_1_over_pi,0.31830988618379069,32,5.7999999999999998,2202101,1,3000,0.1981048209451406,0.125,1500,0.1580533335930349,0.08125942552651327,0.18822868087941372,0.056186024053965285
voter,rho_1_over_pi,0.31830988618379069,32,5.7999999999999998,2202102,2,3000,0.15150574151803828,0.15625,1500,0.15908011094061794,0.08231346650584669,0.1820244836775483,0.04177951359991485
voter,rho_1_over_pi,0.31830988618379069,32,5.7999999999999998,2202103,3,3000,0.0767965775735981,0.09375,1500,0.15782699970859201,0.08189092613848928,0.13193287808127915,0.031084288013993523
voter,rho_1_over_pi,0.31830988618379069,32,5.7999999999999998,2202104,4,3000,0.1884706372210997,0.125,1500,0.1541232309361996,0.07867596388729495,0.20180296469020653,0.06123046284177678
voter,rho_1_over_pi,0.31830988618379069,32,5.7999999999999998,2202105,5,3000,0.1488951293503176,0.15625,1500,0.15754245733699732,0.08216236298807864,0.19753497668221187,0.04728935314143941
voter,rho_1_over_pi,0.31830988618379069,32,5.7999999999999998,2202106,6,3000,0.2763361732724066,0.15625,1500,0.15339952458594186,0.08154672898818248,0.16280812791472352,0.025287915587814718
voter,rho_1_over_pi,0.31830988618379069,32,5.7999999999999998,2202107,7,3000,0.31274991692413684,0.21875,1500,0.15339685877495063,0.08049521439551786,0.16099683544303797,0.03432913905785095
voter,rho_1_over_pi,0.31830988618379069,32,5.7999999999999998,2202108,8,3000,0.08126399067322106,0.25,1500,0.1568123404013753,0.07981597769804323,0.23705029980013326,0.055440364016378425
voter,rho_1_over_pi,0.31830988618379069,32,5.7999999999999998,2202109,9,3000,0.22970727469399713,0.09375,1500,0.16141150342429889,0.08251695799364732,0.17615339773484343,0.04756299772525515
voter,rho_1_over_pi,0.31830988618379069,32,5.7999999999999998,2202110,10,3000,0.07838381139869605,0.125,1500,0.156985399927501,0.0805093377629784,0.24760576282478347,0.057252823871027585
voter,rho_1_over_pi,0.31830988618379069,32,5.7999999999999998,2202111,11,3000,0.09913609750842817,0.15625,1500,0.15788458050211732,0.08174361434083816,0.1813790806129247,0.03134784804474049
voter,rho_1_over_pi,0.31830988618379069,32,5.7999999999999998,2202112,12,3000,0.14498076394974696,0.1875,1500,0.16023390239238086,0.08043435253860835,0.1397609926715523,0.022325600196437992
voter,rho_1_over_pi,0.31830988618379069,32,5.7999999999999998,2202113,13,3000,0.12237432006392218,0.15625,1500,0.15595671937132802,0.08095076398626229,0.1540431379080613,0.026685196203438802
voter,rho_1_over_pi,0.31830988618379069,32,5.7999999999999998,2202114,14,3000,0.23485580368398457,0.125,1500,0.15680191002994937,0.081580066272176,0.19830529646902065,0.05955517451115963
voter,rho_1_over_pi,0.31830988618379069,32,5.7999999999999998,2202115,15,3000,0.1568072980134932,0.25,1500,0.15700760686709045,0.07931429364977025,0.22649483677548302,0.05662216264080634
voter,rho_1_over_pi,0.31830988618379069,32,5.7999999999999998,2202116,16,3000,0.13709259392159986,0.15625,1500,0.1574360061178026,0.08090492250193458,0.18160809460359761,0.05286567250948821
voter,rho_1_over_pi,0.31830988618379069,32,5.7999999999999998,2202117,17,3000,0.15917960545765045,0.125,1500,0.15712550313777573,0.07825846971394994,0.20097018654230514,0.04263651296021882
voter,rho_1_over_pi,0.31830988618379069,32,5.7999999999999998,2202118,18,3000,0.09064068253925014,0.25,1500,0.16043039010695367,0.08040068736970032,0.16867921385742837,0.03723982846942164
voter,rho_1_over_pi,0.31830988618379069,32,5.7999999999999998,2202119,19,3000,0.24593817270304355,0.125,1500,0.1621800614208528,0.08222077543338664,0.18656312458361093,0.04782583347312276
voter,rho_1_over_pi,0.31830988618379069,32,6.2000000000000002,2202200,0,3000,0.1669970024110812,0.15625,1500,0.1568426806213904,0.08080060801261944,0.14076032644903397,0.04062925857300252
voter,rho_1_over_pi,0.31830988618379069,32,6.2000000000000002,2202201,1,3000,0.2459598930442595,0.125,1500,0.15801275902849038,0.08251042058634403,0.14086442371752164,0.04361000231540593
voter,rho_1_over_pi,0.31830988618379069,32,6.2000000000000002,2202202,2,3000,0.22952481907464561,0.09375,1500,0.1576407100998078,0.08031894361030467,0.13890739506995337,0.036739983229419376
voter,rho_1_over_pi,0.31830988618379069,32,6.2000000000000002,2202203,3,3000,0.31655891023735794,0.21875,1500,0.15698502338744366,0.07941052680788076,0.16634743504330446,0.036218956820903626
voter,rho_1_over_pi,0.31830988618379069,32,6.2000000000000002,2202204,4,3000,0.05667737915008071,0.15625,1500,0.16100862636943664,0.08204046646071163,0.14292554963357762,0.036884904288043675
voter,rho_1_over_pi,0.31830988618379069,32,6.2000000000000002,2202205,5,3000,0.11044485213638681,0.125,1500,0.15759821664764803,0.0812636005062719,0.16307878081279148,0.04527280084975309
voter,rho_1_over_pi,0.31830988618379069,32,6.2000000000000002,2202206,6,3000,0.1141740318735316,0.15625,1500,0.1572639531050661,0.07912784105153971,0.13778314457028648,0.03219180383600162
voter,rho_1_over_pi,0.31830988618379069,32,6.2000000000000002,2202207,7,3000,0.07276288217761623,0.21875,1500,0.16232344483311342,0.08005503048239153,0.15266905396402397,0.042115866320273504
voter,rho_1_over_pi,0.31830988618379069,32,6.2000000000000002,2202208,8,3000,0.2968459912492452,0.125,1500,0.15840037360385897,0.08226110964069228,0.10794886742171886,0.02486278651480744
voter,rho_1_over_pi,0.31830988618379069,32,6.2000000000000002,2202209,9,3000,0.19567475697984751,0.1875,1500,0.15565322283161798,0.0807623140606886,0.16478597601598935,0.03458066762149037
voter,rho_1_over_pi,0.31830988618379069,32,6.2000000000000002,2202210,10,3000,0.14263276869058714,0.125,1500,0.16051587764989306,0.08258314200001039,0.11044720186542305,0.023342516718941008
voter,rho_1_over_pi,0.31830988618379069,32,6.2000000000000002,2202211,11,3000,0.12217326444949068,0.15625,1500,0.15574286909919788,0.07810523096628905,0.1886867088607595,0.025364230301259512
voter,rho_1_over_pi,0.31830988618379069,32,6.2000000000000002,2202212,12,3000,0.04003685697597887,0.15625,1500,0.15574284657773532,0.08211142507557406,0.14838024650233178,0.029601412333385525
voter,rho_1_over_pi,0.31830988618379069,32,6.2000000000000002,2202213,13,3000,0.11907588683662461,0.125,1500,0.1587868352703121,0.08145391569533583,0.1399900066622252,0.03050867713421275
voter,rho_1_over_pi,0.31830988618379069,32,6.2000000000000002,2202214,14,3000,0.1897919584973209,0.125,1500,0.15358608156889358,0.07871094409927533,0.18235759493670886,0.036878193622183524
voter,rho_1_over_pi,0.31830988618379069,32,6.2000000000000002,2202215,15,3000,0.15236623941214533,0.125,1500,0.15532269180246788,0.0806430053031757,0.17180213191205862,0.0757229490452565
voter,rho_1_over_pi,0.31830988618379069,32,6.2000000000000002,2202216,16,3000,0.3036241158727628,0.09375,1500,0.1583756935610505,0.08253209495977064,0.14794303797468356,0.03627862539738894
voter,rho_1_over_pi,0.31830988618379069,32,6.2000000000000002,2202217,17,3000,0.1387751892253789,0.125,1500,0.15880487606941399,0.08052207980829874,0.183336109260493,0.061731993832563774
voter,rho_1_over_pi,0.31830988618379069,32,6.2000000000000002,2202218,18,3000,0.17318052401677295,0.15625,1500,0.15341602117694728,0.07977238982907381,0.16416139240506328,0.05578867769617049
voter,rho_1_over_pi,0.31830988618379069,32,6.2000000000000002,2202219,19,3000,0.16449250910678598,0.28125,1500,0.15664526960811037,0.08088496830190506,0.18995669553630912,0.05637410617392204
