model,rho_label,eta,t,realizations,va_mean,va_stdev,va_stderr,S_mean,S_stdev,S_stderr
voter,rho_2,0.05,0,20,0.06804402714524846,0.04075896892879347,0.009113982521758398,0.99275,0.021649191670822257,0.004840906423388081
voter,rho_2,0.05,10,20,0.15807342741874825,0.09622134258340159,0.021515746290278116,0.9952500000000001,0.011669940016983817,0.0026094779171320867
voter,rho_2,0.05,20,20,0.1997003108948931,0.10169853709711928,0.02274048421614428,0.9977499999999999,0.007154544010627099,0.0015998046755776169
voter,rho_2,0.05,30,20,0.23696585601152473,0.1460471128940333,0.03265712723486445,1.0,0.0,0.0
voter,rho_2,0.05,40,20,0.2930112764124757,0.14562119728517664,0.03256188960945628,0.9994999999999999,0.002179449471770339,0.00048733971724044866
voter,rho_2,0.05,50,20,0.36484975826411664,0.16851135570876502,0.037680284634544585,0.9967499999999999,0.009120718173477357,0.0020394545839513088
voter,rho_2,0.05,60,20,0.39722986617654027,0.1866294526885603,0.04173161428152017,0.9962500000000001,0.008347903928532007,0.0018666480653835112
voter,rho_2,0.05,70,20,0.426836710644978,0.19533108633314025,0.04367735871597817,0.9967499999999999,0.008407585860400127,0.0018799933510520739
voter,rho_2,0.05,80,20,0.4112650595847861,0.200075808325874,0.04473831080698726,0.9967499999999999,0.008407585860400127,0.0018799933510520739
voter,rho_2,0.05,90,20,0.4231044397275247,0.21141656832872885,0.04727418183527668,0.998,0.005787918451395118,0.0012942179105544795
voter,rho_2,0.05,100,20,0.4746040152317884,0.21277124347065648,0.04757709640575462,0.9977499999999999,0.007822243923581015,0.001749106914971182
voter,rho_2,0.05,110,20,0.49565817498726916,0.2192791924142226,0.049032318028945795,0.9964999999999999,0.009233092656309703,0.00206458228220626
voter,rho_2,0.05,120,20,0.5028524564609993,0.22760275241643327,0.05089352262691993,0.9952500000000001,0.01298797520786055,0.002904199545485815
voter,rho_2,0.05,130,20,0.5461450820623877,0.21580430999889144,0.04825531069949588,0.9964999999999999,0.009233092656309703,0.00206458228220626
voter,rho_2,0.05,140,20,0.5348005684257562,0.2196631954034102,0.049118183707684455,0.9977499999999999,0.007822243923581015,0.001749106914971182
voter,rho_2,0.05,150,20,0.5637390363214669,0.25101191247776206,0.05612796994625036,0.9970000000000001,0.008276472678623432,0.0018506755523321763
voter,rho_2,0.05,160,20,0.5284545667563011,0.2885247587742995,0.06451609738110625,0.9945,0.0097339611669659,0.0021765798859678933
voter,rho_2,0.05,170,20,0.5684571900715022,0.27452271895899655,0.06138514609603866,0.99175,0.01622305458290762,0.003627585285007093
voter,rho_2,0.05,180,20,0.5838890572700138,0.27688365243650376,0.06191306687064477,0.99475,0.015039531242695024,0.003362941420839796
voter,rho_2,0.05,190,20,0.599543578773184,0.26219412381974655,0.058628388416195006,0.9955,0.014908051515875565,0.003333541660156655
voter,rho_2,0.05,200,20,0.6175515048439892,0.25399916620316393,0.05679594018585417,0.9955,0.014908051515875565,0.003333541660156655
voter,rho_2,0.05,210,20,0.6705785073265776,0.23640796769537253,0.052862428618942726,0.9845,0.06206649659840646,0.01387849055192963
voter,rho_2,0.05,220,20,0.649366953132983,0.23637231327042346,0.05285445604715425,0.984,0.06197983543056565,0.013859112525699473
voter,rho_2,0.05,230,20,0.6247230377130244,0.25236582618208,0.056430714254102704,1.0,0.0,0.0
voter,rho_2,0.05,240,20,0.6231836677384008,0.2676817746111148,0.059855464436823,0.9974999999999999,0.010897247358851694,0.002436698586202243
voter,rho_2,0.05,250,20,0.6383599153268115,0.2723761629523795,0.06090516158120803,0.9962500000000001,0.011924240017711831,0.002666341125962695
voter,rho_2,0.05,260,20,0.645021768422817,0.2760566220463659,0.06172813725346412,0.9925,0.016620770138594677,0.00371651718682963
voter,rho_2,0.05,270,20,0.6624980956781983,0.28529193262167657,0.06379321547743586,0.9925,0.016620770138594677,0.00371651718682963
voter,rho_2,0.05,280,20,0.6594258299235902,0.2794834662120506,0.06249440290374108,0.99325,0.016603839917320347,0.003712731474265278
voter,rho_2,0.05,290,20,0.7082194367698673,0.23048083059784888,0.05153708047274036,0.99325,0.016603839917320347,0.003712731474265278
voter,rho_2,0.05,300,20,0.6986963537995052,0.24554339917709941,0.05490517319863602,0.99325,0.016603839917320347,0.003712731474265278
voter,rho_2,0.05,310,20,0.7472076013936151,0.21229030900864684,0.04746955619077703,0.9914999999999999,0.017613914953808554,0.0039385911186616
voter,rho_2,0.05,320,20,0.7392565993406237,0.2528938616250886,0.05654878656861235,0.9795,0.05331275644721439,0.011921094748386155
voter,rho_2,0.05,330,20,0.7458343720286418,0.2605644323126615,0.058263978316975384,0.97775,0.0541635255499492,0.01211133250307331
voter,rho_2,0.05,340,20,0.7802480150183903,0.24224839905054601,0.05416838877175164,0.99,0.018096961070853873,0.004046603514059665
voter,rho_2,0.05,350,20,0.8049338973008832,0.20045685496873566,0.04482351542659094,0.9942500000000001,0.01442870403050809,0.0032263563039441286
voter,rho_2,0.05,360,20,0.8185982758439099,0.1743413306816719,0.03898390666919881,0.9942500000000001,0.01442870403050809,0.0032263563039441286
voter,rho_2,0.05,370,20,0.8353699771697276,0.1548718173576099,0.03463039114105476,0.9810000000000001,0.04229657196511321,0.0094578010129205
voter,rho_2,0.05,380,20,0.8358916359881287,0.1666496745961395,0.03726400008251877,0.9765,0.04475209492303126,0.010006872638342112
voter,rho_2,0.05,390,20,0.8338869905265367,0.17884625393740244,0.039991238132522124,0.9897500000000001,0.022664675157610358,0.005067975434036752
voter,rho_2,0.05,400,20,0.8189685232743384,0.1901044899776348,0.042508656241791884,0.99125,0.02229770167528483,0.004985917668794782
voter,rho_2,0.05,410,20,0.8452386007042101,0.17628456767731474,0.039418427671063794,0.99125,0.02229770167528483,0.004985917668794782
voter,rho_2,0.05,420,20,0.8548855392229597,0.18014009987413732,0.04028055087921723,0.99025,0.02384716964337697,0.005332389239356032
voter,rho_2,0.05,430,20,0.8682084312453219,0.16576695300233463,0.03706661753362331,0.9914999999999999,0.02202839077191069,0.004925697920092137
voter,rho_2,0.05,440,20,0.853315490928704,0.18666263248109846,0.041739033508679635,0.9887499999999999,0.024128561913218122,0.00539531046372681
voter,rho_2,0.05,450,20,0.8540360068788801,0.1955407464039495,0.043724240133027864,0.98925,0.02330638324579771,0.005211465724726586
voter,rho_2,0.05,460,20,0.8600596750504387,0.18045082579421579,0.0403500313071839,0.98925,0.02330638324579771,0.005211465724726586
voter,rho_2,0.05,470,20,0.8505408685474987,0.2076466467350183,0.04643120173993856,0.98925,0.02330638324579771,0.005211465724726586
voter,rho_2,0.05,480,20,0.8591210632588308,0.21286875804301097,0.04759890132701276,0.9942500000000001,0.019318061496951495,0.004319649870070489
voter,rho_2,0.05,490,20,0.8577509479952251,0.21073489199831347,0.04712175437393054,0.9942500000000001,0.019318061496951495,0.004319649870070489
voter,rho_2,0.05,500,20,0.856549275230878,0.19817188092846535,0.044312579698504266,0.9942500000000001,0.019318061496951495,0.004319649870070489
voter,rho_2,0.05,510,20,0.855167982100177,0.2190038930458846,0.048970759218769144,0.9942500000000001,0.019318061496951495,0.004319649870070489
voter,rho_2,0.05,520,20,0.8785579937566954,0.19941228117986967,0.04458994162664905,0.9977499999999999,0.007154544010627099,0.0015998046755776169
voter,rho_2,0.05,530,20,0.877113427848221,0.2045609169869248,0.04574121159224553,0.9977499999999999,0.007154544010627099,0.0015998046755776169
voter,rho_2,0.05,540,20,0.8876116163928781,0.1892454316181082,0.04231656495293779,0.998,0.006782329983125274,0.0015165750888103114
voter,rho_2,0.05,550,20,0.9127772997531117,0.12444550106242923,0.027826859986961404,0.9994999999999999,0.002179449471770339,0.00048733971724044866
voter,rho_2,0.05,560,20,0.911911565971882,0.14632400196898052,0.03271904151424535,0.9994999999999999,0.002179449471770339,0.00048733971724044866
voter,rho_2,0.05,570,20,0.9079086676870863,0.15888126594378296,0.0355269311001521,0.9994999999999999,0.002179449471770339,0.00048733971724044866
voter,rho_2,0.05,580,20,0.9088102487717252,0.16425080984098647,0.036727597616383716,0.977,0.09459651156358781,0.021152423029052726
voter,rho_2,0.05,590,20,0.9158334217579824,0.14937078564699763,0.03340032305592366,0.9994999999999999,0.002179449471770339,0.00048733971724044866
voter,rho_2,0.05,600,20,0.9212842310193995,0.15853987881664786,0.03545059461786035,0.9994999999999999,0.002179449471770339,0.00048733971724044866
voter,rho_2,0.05,610,20,0.9162367720003445,0.17472419016618793,0.03906951665251965,0.99375,0.025043711785595998,0.005599944196150529
voter,rho_2,0.05,620,20,0.9217608654898012,0.17419870274191326,0.03895201409231971,0.99375,0.025043711785595998,0.005599944196150529
voter,rho_2,0.05,630,20,0.9158979922167128,0.17071440370648325,0.038172901142603854,0.991,0.02813360979327039,0.0062908663950206395
voter,rho_2,0.05,640,20,0.9244963460339685,0.16291520172801957,0.036428946563194294,0.99375,0.01801908710229239,0.004029190365321548
voter,rho_2,0.05,650,20,0.9194821474746755,0.16902861288344698,0.03779594685498842,0.994,0.01806931099959265,0.004040420770167384
voter,rho_2,0.05,660,20,0.9201669357897029,0.1600704301794639,0.035792836306891514,0.994,0.01806931099959265,0.004040420770167384
voter,rho_2,0.05,670,20,0.91563556872545,0.15748876211079255,0.03521555777720254,0.99325,0.018115946014492314,0.004050848676512121
voter,rho_2,0.05,680,20,0.9163949655971086,0.14967305742798434,0.03346791308092028,0.9925,0.018131464364468743,0.004054318685056713
voter,rho_2,0.05,690,20,0.9242902460530859,0.1301594433161134,0.02910453631683602,0.9957499999999999,0.012477479713467791,0.002790049282718858
voter,rho_2,0.05,700,20,0.9225247762074524,0.13157893212168986,0.029421943663092916,0.9964999999999999,0.012257650672131274,0.0027408940147331516
voter,rho_2,0.05,710,20,0.9247688278007982,0.13051969366007996,0.029185090742638708,0.9925,0.020645822822062575,0.004616546328154846
voter,rho_2,0.05,720,20,0.9327893909378222,0.1065135239827175,0.023817148014841045,0.9964999999999999,0.012257650672131274,0.0027408940147331516
voter,rho_2,0.05,730,20,0.9210115030112878,0.1370472849174983,0.030644704520730783,0.9964999999999999,0.012257650672131274,0.0027408940147331516
voter,rho_2,0.05,740,20,0.9333365667400212,0.08674811117954163,0.019397467351716456,0.9957499999999999,0.012477479713467791,0.002790049282718858
voter,rho_2,0.05,750,20,0.929275376251501,0.09294349058970977,0.020782796302470305,0.9957499999999999,0.012477479713467791,0.002790049282718858
voter,rho_2,0.05,760,20,0.938433076596716,0.06951294487681592,0.015543567006075613,0.9957499999999999,0.012477479713467791,0.002790049282718858
voter,rho_2,0.05,770,20,0.9414645181850917,0.06530324836166893,0.014602250248824349,0.9880000000000001,0.03825571852677716,0.008554238715397183
voter,rho_2,0.05,780,20,0.9368556078767314,0.07117473557716288,0.01591515470311089,0.98675,0.03825163395202878,0.008553325376717527
voter,rho_2,0.05,790,20,0.934131018106523,0.07949135626929404,0.017774807624179555,0.98675,0.03825163395202878,0.008553325376717527
voter,rho_2,0.05,800,20,0.9272728087004912,0.09200040532597699,0.020571916026641823,0.9810000000000001,0.04554119014694281,0.010183319694480775
voter,rho_2,0.05,810,20,0.9403725283371468,0.06704564840559299,0.01499186274304563,0.9810000000000001,0.04554119014694281,0.010183319694480775
voter,rho_2,0.05,820,20,0.9375769310505522,0.07279087494906353,0.016276534452779257,0.97625,0.06160103489390418,0.013774410150710629
voter,rho_2,0.05,830,20,0.9320152359162671,0.08945740141074537,0.02000328306449122,0.9887499999999999,0.03327442711753278,0.007440388094716567
voter,rho_2,0.05,840,20,0.9273639907114422,0.09408810298747969,0.021038739415400562,0.9887499999999999,0.03327442711753278,0.007440388094716567
voter,rho_2,0.05,850,20,0.92611150038693,0.0986332771954824,0.022055071265267845,0.9887499999999999,0.03327442711753278,0.007440388094716567
voter,rho_2,0.05,860,20,0.918143530020512,0.13521885225170216,0.030235854547430652,0.9877499999999999,0.03322179254645963,0.007428618646827956
voter,rho_2,0.05,870,20,0.9247376744492156,0.1289193370185031,0.0288272401187578,0.9884999999999999,0.030253099014811696,0.006764798592715087
voter,rho_2,0.05,880,20,0.9259616366349552,0.12415723445753515,0.02776240161454278,0.98375,0.05506530214209308,0.012312975879128489
voter,rho_2,0.05,890,20,0.9393696810431054,0.08641540396615251,0.019323071757142193,0.98575,0.054343237849800594,0.012151517394959363
voter,rho_2,0.05,900,20,0.9433480871833106,0.06755852238343268,0.015106544850879658,0.98575,0.054343237849800594,0.012151517394959363
voter,rho_2,0.05,910,20,0.9371440801081035,0.08877163314495977,0.019849940618580347,0.98575,0.054343237849800594,0.012151517394959363
voter,rho_2,0.05,920,20,0.9336185207954468,0.10070126296764062,0.022517486941572663,0.98575,0.054343237849800594,0.012151517394959363
voter,rho_2,0.05,930,20,0.9317728616288257,0.110438158879147,0.024694723056369466,0.98575,0.054343237849800594,0.012151517394959363
voter,rho_2,0.05,940,20,0.9370332030828046,0.09345863448774716,0.020897985979890888,0.98375,0.06302529254196287,0.01409288384256395
voter,rho_2,0.05,950,20,0.9390896816974748,0.08972506020759383,0.020063133390944118,0.9835,0.06297023106198675,0.014080571721347114
voter,rho_2,0.05,960,20,0.931387953200779,0.11187256011470183,0.025015464923340495,0.98375,0.06302529254196287,0.01409288384256395
voter,rho_2,0.05,970,20,0.9397003496366908,0.09269333572979033,0.020726859975302124,0.98375,0.06302529254196287,0.01409288384256395
voter,rho_2,0.05,980,20,0.9434698574899363,0.08027192778325816,0.017949348720831926,0.98375,0.06302529254196287,0.01409288384256395
voter,rho_2,0.05,990,20,0.9423874422687677,0.08487575214634209,0.018978795144064458,0.9810000000000001,0.06345470825714984,0.014188904115540425
voter,rho_2,0.05,1000,20,0.9299637984418444,0.12111547619350312,0.027082243789593043,0.9810000000000001,0.06345470825714984,0.014188904115540425
voter,rho_2,0.05,1010,20,0.9376656488571742,0.09788077919264894,0.021886807596541002,0.9817500000000001,0.06358606372468735,0.014218276091003438
voter,rho_2,0.05,1020,20,0.9418960721314129,0.08243764747840482,0.018433618366687728,0.9817500000000001,0.06358606372468735,0.014218276091003438
voter,rho_2,0.05,1030,20,0.9529733773512309,0.060721346381104074,0.013577705819345956,0.9817500000000001,0.06358606372468735,0.014218276091003438
voter,rho_2,0.05,1040,20,0.9576753777065473,0.054030506029412735,0.012081588434047913,0.9817500000000001,0.06358606372468735,0.014218276091003438
voter,rho_2,0.05,1050,20,0.9570562907800243,0.05820597454616892,0.013015251578185618,0.9817500000000001,0.06358606372468735,0.014218276091003438
voter,rho_2,0.05,1060,20,0.9549641454603167,0.0668168751798668,0.014940707494630065,0.9817500000000001,0.06358606372468735,0.014218276091003438
voter,rho_2,0.05,1070,20,0.9539366710151878,0.07060814579067311,0.01578846137531607,0.9817500000000001,0.06358606372468735,0.014218276091003438
voter,rho_2,0.05,1080,20,0.9533343964150619,0.06724463545336927,0.015036357599592607,0.9817500000000001,0.06358606372468735,0.014218276091003438
voter,rho_2,0.05,1090,20,0.9537837641254591,0.06401688124935564,0.014314609818109088,0.9817500000000001,0.06358606372468735,0.014218276091003438
voter,rho_2,0.05,1100,20,0.9595746566806911,0.05380566217953326,0.012031311820782585,0.97675,0.06734751294591361,0.015059361706260994
voter,rho_2,0.05,1110,20,0.96546577571848,0.04059252463343236,0.009076764445868949,0.97675,0.06734751294591361,0.015059361706260994
voter,rho_2,0.05,1120,20,0.9638704469375454,0.038385942737725,0.008583357734196747,0.97525,0.06714676090475252,0.015014472185195192
voter,rho_2,0.05,1130,20,0.966351794414857,0.032365795151375,0.007237211810430759,0.97525,0.06714676090475252,0.015014472185195192
voter,rho_2,0.05,1140,20,0.9701901113857773,0.028884594044053285,0.00645879157849887,0.9802500000000001,0.06349163330707441,0.014197160807710815
voter,rho_2,0.05,1150,20,0.9672553669643188,0.0335633105057346,0.007504984384075541,0.9802500000000001,0.06349163330707441,0.014197160807710815
voter,rho_2,0.05,1160,20,0.9677313288284607,0.033668236320562935,0.0075284465095306115,0.994,0.01383835250309806,0.003094349689353163
voter,rho_2,0.05,1170,20,0.9719390168141988,0.029281460560583714,0.0065475336293944275,0.9967499999999999,0.008104782538723671,0.001812284469943945
voter,rho_2,0.05,1180,20,0.972501743951471,0.02672749728799623,0.005976450080440085,0.9964999999999999,0.008529361054615998,0.0019072231122760667
voter,rho_2,0.05,1190,20,0.9700214655895101,0.03196527008262468,0.007147651682388911,0.9967499999999999,0.008104782538723671,0.001812284469943945
voter,rho_2,0.05,1200,20,0.9752334004417273,0.026834795290910388,0.006000442643276687,0.9967499999999999,0.008104782538723671,0.001812284469943945
voter,rho_2,0.05,1210,20,0.9758869921501268,0.026186002191266773,0.005855368095863095,0.9967499999999999,0.008104782538723671,0.001812284469943945
voter,rho_2,0.05,1220,20,0.9768140680297283,0.023119393057044777,0.00516965344740888,0.98675,0.043596874888000854,0.009748557585612343
voter,rho_2,0.05,1230,20,0.9768391729041641,0.022219881579056654,0.004968516566276605,0.98675,0.043596874888000854,0.009748557585612343
voter,rho_2,0.05,1240,20,0.9757782566311389,0.023078796154540077,0.005160575704041236,0.9877499999999999,0.04365990723764767,0.009762652047471525
voter,rho_2,0.05,1250,20,0.9762505962231225,0.01916300435734988,0.0042849780396159,0.9877499999999999,0.04365990723764767,0.009762652047471525
voter,rho_2,0.05,1260,20,0.9772695516821764,0.01858435775387539,0.004155588725584068,0.9977499999999999,0.007154544010627099,0.0015998046755776169
voter,rho_2,0.05,1270,20,0.979850441870951,0.01734913358397088,0.0038793842044483446,0.9977499999999999,0.007154544010627099,0.0015998046755776169
voter,rho_2,0.05,1280,20,0.9813104939266232,0.015827592671748603,0.003539157313420739,0.9977499999999999,0.007154544010627099,0.0015998046755776169
voter,rho_2,0.05,1290,20,0.9794791635642934,0.018800240553643273,0.004203861587129464,0.9977499999999999,0.007154544010627099,0.0015998046755776169
voter,rho_2,0.05,1300,20,0.9802300647538592,0.01759307397729885,0.0039339309346422815,0.9977499999999999,0.007154544010627099,0.0015998046755776169
voter,rho_2,0.05,1310,20,0.9799896330284492,0.01623026956181038,0.0036291986033353736,0.9977499999999999,0.007154544010627099,0.0015998046755776169
voter,rho_2,0.05,1320,20,0.9802419757264561,0.014792623188198448,0.0033077311014351393,0.9977499999999999,0.007154544010627099,0.0015998046755776169
voter,rho_2,0.05,1330,20,0.9798417755532605,0.014771055240106943,0.00330290836162836,0.9977499999999999,0.007154544010627099,0.0015998046755776169
voter,rho_2,0.05,1340,20,0.9814073086013069,0.01384887532735266,0.00309670266438802,0.9977499999999999,0.007154544010627099,0.0015998046755776169
voter,rho_2,0.05,1350,20,0.9802652662175264,0.014368366476229088,0.0032128644166477356,0.9977499999999999,0.007154544010627099,0.0015998046755776169
voter,rho_2,0.05,1360,20,0.9797786041623683,0.013398157798381698,0.00299591916104504,0.9977499999999999,0.007154544010627099,0.0015998046755776169
voter,rho_2,0.05,1370,20,0.9810018456322828,0.012044099804664978,0.002693142589102283,0.9977499999999999,0.007154544010627099,0.0015998046755776169
voter,rho_2,0.05,1380,20,0.9802975585286765,0.01205278739149054,0.0026950851925725216,0.9977499999999999,0.007154544010627099,0.0015998046755776169
voter,rho_2,0.05,1390,20,0.9781104368585085,0.013604239361860943,0.0030420003995299425,0.9964999999999999,0.008674675786448744,0.0019397164741270841
voter,rho_2,0.05,1400,20,0.9778251353210091,0.013600413082257757,0.003041144817400578,0.99725,0.007327175444876429,0.0016384062377810958
voter,rho_2,0.05,1410,20,0.9794434602333404,0.012828630995039591,0.0028685690963169293,0.99725,0.007327175444876429,0.0016384062377810958
voter,rho_2,0.05,1420,20,0.9777663709862722,0.014880384180133951,0.003327355055809199,0.99725,0.007327175444876429,0.0016384062377810958
voter,rho_2,0.05,1430,20,0.9770436619151333,0.0150462468920507,0.0033644430856870303,0.9994999999999999,0.002179449471770339,0.00048733971724044866
voter,rho_2,0.05,1440,20,0.9772145984553117,0.015910392066223418,0.00355767182087489,0.998,0.006782329983125274,0.0015165750888103114
voter,rho_2,0.05,1450,20,0.97781867421446,0.014926147452411892,0.0033375880345778296,0.998,0.006782329983125274,0.0015165750888103114
voter,rho_2,0.05,1460,20,0.9769941332132854,0.014114041627018676,0.003155995651527549,0.99725,0.007327175444876429,0.0016384062377810958
voter,rho_2,0.05,1470,20,0.9746796209585756,0.016306145654189776,0.003646165013378112,0.99725,0.007327175444876429,0.0016384062377810958
voter,rho_2,0.05,1480,20,0.97517868841027,0.017893933369940367,0.004001205140003855,0.99725,0.007327175444876429,0.0016384062377810958
voter,rho_2,0.05,1490,20,0.9741384213133912,0.01827180484263441,0.0040856997699740384,0.9795,0.07708599094517758,0.017236951586635033
voter,rho_2,0.05,1500,20,0.9745963635465344,0.017434639666412375,0.0038985039457312327,0.95975,0.09799840559927493,0.021913109660657477
voter,rho_2,0.05,1510,20,0.9728542953119159,0.017730468450292095,0.003964653272776847,0.9602499999999999,0.09764060374659714,0.021833102734151184
voter,rho_2,0.05,1520,20,0.9729898238542981,0.016446521591082983,0.0036775540271079547,0.9602499999999999,0.09764060374659714,0.021833102734151184
voter,rho_2,0.05,1530,20,0.9737191315647303,0.017754011486991343,0.003969917655822476,0.9582499999999999,0.09759962858535887,0.021823940409559404
voter,rho_2,0.05,1540,20,0.9730024679613118,0.0193946767508087,0.0043367815616443,0.9582499999999999,0.09759962858535887,0.021823940409559404
voter,rho_2,0.05,1550,20,0.9736596020783717,0.017783253333697645,0.003976456331524768,0.9635,0.09633405420722208,0.021540949375549817
voter,rho_2,0.05,1560,20,0.9753408620436017,0.01745194018314954,0.00390237245887825,0.98275,0.06299751979244898,0.014086673666980435
voter,rho_2,0.05,1570,20,0.9749161449682722,0.016899321937354547,0.003778803262557821,0.98275,0.06299751979244898,0.014086673666980435
voter,rho_2,0.05,1580,20,0.9741490152495589,0.015291357159033318,0.003419251407582656,0.98275,0.06299751979244898,0.014086673666980435
voter,rho_2,0.05,1590,20,0.9747915973519481,0.013301363811108342,0.0029742753675093925,0.98325,0.06309268975087368,0.01410795431662578
voter,rho_2,0.05,1600,20,0.9745727421592931,0.016718554711752997,0.0037383824821029103,0.98325,0.06309268975087368,0.01410795431662578
voter,rho_2,0.05,1610,20,0.9741058975422098,0.018188619935022042,0.00406709905916171,0.98325,0.06309268975087368,0.01410795431662578
voter,rho_2,0.05,1620,20,0.9719567161346839,0.02218623040341404,0.004960991934650637,0.98325,0.06309268975087368,0.01410795431662578
voter,rho_2,0.05,1630,20,0.9728344151791612,0.022040312812325605,0.004928363769371962,0.98325,0.06309268975087368,0.01410795431662578
voter,rho_2,0.05,1640,20,0.9731783907450543,0.023538187696115837,0.005263298775566417,0.98375,0.0629459093190336,0.014075133214289662
voter,rho_2,0.05,1650,20,0.973400943012481,0.02072173535103052,0.00463352088566647,0.9977499999999999,0.005584576975922174,0.0012487493743742186
voter,rho_2,0.05,1660,20,0.9743211560408275,0.022802068363500218,0.0050986974888383866,0.99725,0.005804093383121955,0.0012978347352417422
voter,rho_2,0.05,1670,20,0.9743769565700273,0.021665273827842134,0.0048445025030202085,0.9984999999999999,0.0047696960070847325,0.001066536450385078
voter,rho_2,0.05,1680,20,0.9727006153944122,0.025854930379307174,0.005781338188165526,0.9984999999999999,0.0047696960070847325,0.001066536450385078
voter,rho_2,0.05,1690,20,0.9739272389784122,0.025155246787635727,0.00562488418079367,0.9807499999999999,0.0638019396256885,0.014266547409937698
voter,rho_2,0.05,1700,20,0.9738845263586008,0.02315275220411028,0.005177112779459867,0.9807499999999999,0.0638019396256885,0.014266547409937698
voter,rho_2,0.05,1710,20,0.9751544851267804,0.024823244489246703,0.005550646210005268,0.9789999999999999,0.06372989879169745,0.01425043858974172
voter,rho_2,0.05,1720,20,0.9757800450349527,0.022822075146796714,0.005103171141584594,0.9785,0.06360227983335189,0.01422190212313388
voter,rho_2,0.05,1730,20,0.976925750950825,0.01685013774361567,0.003767805342495956,0.9802500000000001,0.06368820534447489,0.014241115651521126
voter,rho_2,0.05,1740,20,0.9757339598240529,0.017307618179242718,0.0038701010777397855,0.9802500000000001,0.06368820534447489,0.014241115651521126
voter,rho_2,0.05,1750,20,0.9762726227076117,0.016485551041081264,0.0036862812774400133,0.9692500000000001,0.07836253888178969,0.01752239638291521
voter,rho_2,0.05,1760,20,0.9735239937542888,0.02204716471582132,0.00492989590157113,0.9682499999999999,0.07809089255476595,0.01746165441760889
voter,rho_2,0.05,1770,20,0.971145603915706,0.02845398026328981,0.006362503409915338,0.96675,0.07775401918872105,0.01738632724298033
voter,rho_2,0.05,1780,20,0.9724300398347969,0.026578438839314197,0.005943119598052715,0.96675,0.07775401918872105,0.01738632724298033
voter,rho_2,0.05,1790,20,0.9709954260028809,0.031602434699427334,0.007066519224241765,0.96875,0.0713770796544661,0.01596040021428034
voter,rho_2,0.05,1800,20,0.9684858921965807,0.035227440076876206,0.00787709506851956,0.96875,0.0713770796544661,0.01596040021428034
voter,rho_2,0.05,1810,20,0.964330816060263,0.039325299689292464,0.00879340433408093,0.9807499999999999,0.05541378438619762,0.012390898877805433
voter,rho_2,0.05,1820,20,0.9652138919393295,0.030507100967254588,0.006821595155923084,0.9792500000000001,0.055278273308778374,0.012360597679724066
voter,rho_2,0.05,1830,20,0.9673677214093874,0.030070895587789716,0.0067240566678596295,0.99175,0.01712271882616776,0.003828756325492652
voter,rho_2,0.05,1840,20,0.9674258411381633,0.02779341156458242,0.006214795758503507,0.99175,0.01712271882616776,0.003828756325492652
voter,rho_2,0.05,1850,20,0.9694233124471664,0.022995763771042788,0.005142009098657858,0.99075,0.018046814123273944,0.004035390315694381
voter,rho_2,0.05,1860,20,0.9714694712352188,0.022502660447658075,0.0050317478435559304,0.99075,0.018046814123273944,0.004035390315694381
voter,rho_2,0.05,1870,20,0.9700373727746177,0.024562540107404652,0.005492350938022178,0.98375,0.0335736131508064,0.0075072881255484
voter,rho_2,0.05,1880,20,0.9703723530095945,0.02495069071040521,0.005579144051403857,0.98425,0.03328945028083222,0.0074437473761540295
voter,rho_2,0.05,1890,20,0.9690466996927073,0.02490523922632884,0.0055689807905965555,0.98425,0.03328945028083222,0.0074437473761540295
voter,rho_2,0.05,1900,20,0.9722508072090926,0.024506864105560695,0.005479901405538329,0.98375,0.0335736131508064,0.0075072881255484
voter,rho_2,0.05,1910,20,0.97090691934575,0.02516272359156821,0.005626556044978416,0.9869999999999999,0.0317962261911693,0.007109852319141377
voter,rho_2,0.05,1920,20,0.9685511363975333,0.029309588330211352,0.0065538231898887135,0.9869999999999999,0.0317962261911693,0.007109852319141377
voter,rho_2,0.05,1930,20,0.9681290090133112,0.028386964806024224,0.006347518298116429,0.9884999999999999,0.031188940347501394,0.006974059076319903
voter,rho_2,0.05,1940,20,0.9680362971094437,0.03040428487632014,0.006798604779072062,0.9894999999999999,0.031220986531498334,0.006981224820903565
voter,rho_2,0.05,1950,20,0.9677688083752347,0.03334256949519956,0.0074556251935777055,0.9894999999999999,0.031220986531498334,0.006981224820903565
voter,rho_2,0.05,1960,20,0.9676580938627861,0.03300109784472698,0.007379269811293133,0.9964999999999999,0.00963068014212912,0.0021534855467358048
voter,rho_2,0.05,1970,20,0.9668449096514868,0.032873491508083004,0.007350736166983567,0.9964999999999999,0.00963068014212912,0.0021534855467358048
voter,rho_2,0.05,1980,20,0.9644954671930984,0.03565779904647756,0.0079733262595951,0.9957499999999999,0.009908960591303216,0.00221571094685205
voter,rho_2,0.05,1990,20,0.9637734718927049,0.038250856116180454,0.008553151447334309,0.9875,0.04063557554655774,0.009086390922693127
voter,rho_2,0.05,2000,20,0.9658015417788635,0.034903586903804316,0.007804679297547786,0.9875,0.04063557554655774,0.009086390922693127
voter,rho_2,0.05,2010,20,0.9669079104369087,0.035351643061881294,0.007904867700267538,0.9869999999999999,0.040663251222694936,0.009092579392009732
voter,rho_2,0.05,2020,20,0.9657186549122428,0.034551658719566024,0.007725985763232297,0.9869999999999999,0.040663251222694936,0.009092579392009732
voter,rho_2,0.05,2030,20,0.9684457913206831,0.02820186974225126,0.006306129783626829,0.9872500000000001,0.04066555667884065,0.009093094907675826
voter,rho_2,0.05,2040,20,0.9681768802907428,0.028866275756097074,0.0064546954847887195,0.9855,0.040831972766448614,0.009130306676119923
voter,rho_2,0.05,2050,20,0.9687133553393048,0.027316104119972977,0.006108066569272165,0.98475,0.04133627341693977,0.009243071729679482
voter,rho_2,0.05,2060,20,0.9697791499996715,0.030995804049758255,0.006930872487252273,0.9935,0.013883443376914833,0.00310443231525508
voter,rho_2,0.05,2070,20,0.9710681555562799,0.031529602742752974,0.007050233503635946,0.9935,0.013883443376914833,0.00310443231525508
voter,rho_2,0.05,2080,20,0.9706670342341551,0.03138555305193499,0.007018023013555262,0.99325,0.013988834833537793,0.003127998561380746
voter,rho_2,0.05,2090,20,0.9718215551549869,0.03243063667095206,0.007251710814984627,0.9935,0.013883443376914833,0.00310443231525508
voter,rho_2,0.05,2100,20,0.9720485667849678,0.03120215851359495,0.0069770147481122095,0.9952500000000001,0.009934158243152772,0.0022213453130929483
voter,rho_2,0.05,2110,20,0.973529110485974,0.0253807381014756,0.005675305571401839,0.9952500000000001,0.009934158243152772,0.0022213453130929483
voter,rho_2,0.05,2120,20,0.9705302468415331,0.03211538248761578,0.007181217836571518,0.9952500000000001,0.009934158243152772,0.0022213453130929483
voter,rho_2,0.05,2130,20,0.969445589205643,0.03357580550156503,0.007507778350081083,0.9952500000000001,0.009934158243152772,0.0022213453130929483
voter,rho_2,0.05,2140,20,0.9691992316694188,0.03142836764844254,0.007027596648377273,0.9952500000000001,0.009934158243152772,0.0022213453130929483
voter,rho_2,0.05,2150,20,0.9697977953216563,0.03200672435467007,0.007156921139414037,0.9952500000000001,0.009934158243152772,0.0022213453130929483
voter,rho_2,0.05,2160,20,0.9700744223496486,0.031399372110868976,0.007021113049071409,0.9952500000000001,0.009934158243152772,0.0022213453130929483
voter,rho_2,0.05,2170,20,0.9709336032482774,0.03201466445642432,0.007158696600141113,0.9962500000000001,0.009337424698491558,0.00208791163606126
voter,rho_2,0.05,2180,20,0.9701350622185538,0.03409126982486256,0.0076230396767680035,0.9952500000000001,0.009934158243152772,0.0022213453130929483
voter,rho_2,0.05,2190,20,0.9717718329722006,0.032821140029179276,0.007339030020428429,0.9952500000000001,0.009934158243152772,0.0022213453130929483
voter,rho_2,0.05,2200,20,0.9709682949223314,0.03550015585969137,0.007938076171410739,0.9952500000000001,0.009934158243152772,0.0022213453130929483
voter,rho_2,0.05,2210,20,0.9720166162676052,0.03241219600148025,0.007247587355935671,0.9952500000000001,0.009934158243152772,0.0022213453130929483
voter,rho_2,0.05,2220,20,0.9738363174036863,0.03126428762530757,0.00699090723982932,0.9967499999999999,0.009256754290786817,0.0020698731845212176
voter,rho_2,0.05,2230,20,0.9761339064549508,0.023214065674835527,0.005190822888307677,0.9962500000000001,0.009337424698491558,0.00208791163606126
voter,rho_2,0.05,2240,20,0.9784929092915252,0.01607691942368838,0.0035949084700153964,0.9962500000000001,0.009337424698491558,0.00208791163606126
voter,rho_2,0.05,2250,20,0.9802483060728712,0.01349464769143791,0.0030174949570465773,0.9970000000000001,0.009000000000000008,0.0020124611797498124
voter,rho_2,0.05,2260,20,0.9799093468314377,0.015831086200411074,0.003539938490177802,0.9970000000000001,0.009000000000000008,0.0020124611797498124
voter,rho_2,0.05,2270,20,0.9788677309776508,0.013655788129720983,0.0030535270544390833,0.9960000000000001,0.009695359714832666,0.0021679483388678815
voter,rho_2,0.05,2280,20,0.9791299610755555,0.013921703274258679,0.0031129874883823803,0.9960000000000001,0.009695359714832666,0.0021679483388678815
voter,rho_2,0.05,2290,20,0.9787968824095772,0.012554113537118376,0.002807185126624702,0.9960000000000001,0.009695359714832666,0.0021679483388678815
voter,rho_2,0.05,2300,20,0.9792185603098897,0.01051997997360832,0.0023523390342924644,0.9960000000000001,0.009695359714832666,0.0021679483388678815
voter,rho_2,0.05,2310,20,0.979871722250475,0.010124817672064598,0.002263978057452761,0.9960000000000001,0.009695359714832666,0.0021679483388678815
voter,rho_2,0.05,2320,20,0.9795908701347107,0.011480414113819826,0.0025670986368349137,0.9960000000000001,0.009695359714832666,0.0021679483388678815
voter,rho_2,0.05,2330,20,0.9791127708308627,0.012671757249303733,0.0028334910603818896,0.9960000000000001,0.009695359714832666,0.0021679483388678815
voter,rho_2,0.05,2340,20,0.9782121180972579,0.012344421846579945,0.0027602966391886237,0.9960000000000001,0.009695359714832666,0.0021679483388678815
voter,rho_2,0.05,2350,20,0.9802760918547719,0.01178877908329865,0.0026360511401983438,0.9955,0.0097339611669659,0.0021765798859678933
voter,rho_2,0.05,2360,20,0.9817118593447333,0.010581643160692189,0.0023661273420953464,0.9955,0.0097339611669659,0.0021765798859678933
voter,rho_2,0.05,2370,20,0.9820101518328801,0.01039821093482239,0.0023251106494644497,0.9960000000000001,0.009695359714832666,0.0021679483388678815
voter,rho_2,0.05,2380,20,0.9823411501882664,0.011677345835913858,0.002611133908587749,0.9960000000000001,0.009695359714832666,0.0021679483388678815
voter,rho_2,0.05,2390,20,0.9810143155145077,0.013278209536313451,0.002969097914268284,0.9960000000000001,0.009695359714832666,0.0021679483388678815
voter,rho_2,0.05,2400,20,0.9802461307487176,0.013218505534567382,0.002955747693624986,0.9955,0.0097339611669659,0.0021765798859678933
voter,rho_2,0.05,2410,20,0.9795952617030409,0.012475871199901713,0.0027896896081512097,0.9960000000000001,0.009695359714832666,0.0021679483388678815
voter,rho_2,0.05,2420,20,0.9787150472732256,0.014071368506933638,0.0031464536517953334,0.9960000000000001,0.009695359714832666,0.0021679483388678815
voter,rho_2,0.05,2430,20,0.9769299945780997,0.016784900695491874,0.0037532178950703326,0.99125,0.020240738622886258,0.004525966747557915
voter,rho_2,0.05,2440,20,0.9780741716561735,0.016729942446325904,0.0037409288569643846,0.99125,0.020240738622886258,0.004525966747557915
voter,rho_2,0.05,2450,20,0.9772361804607528,0.016343746874516518,0.003654572901846866,0.99075,0.020141685629559394,0.004503817824912545
voter,rho_2,0.05,2460,20,0.9765922867377487,0.01530791725084079,0.0034229543566821705,0.99275,0.01544951455548037,0.003454616476542655
voter,rho_2,0.05,2470,20,0.9773573428807006,0.01353550531265976,0.0030266309988916766,0.99275,0.01544951455548037,0.003454616476542655
voter,rho_2,0.05,2480,20,0.978406084169648,0.014307589958929149,0.0031992743742359,0.99275,0.01544951455548037,0.003454616476542655
voter,rho_2,0.05,2490,20,0.9770405037440929,0.015000122312108644,0.0033541293160686244,0.99325,0.015514106484100197,0.00346905967086183
voter,rho_2,0.05,2500,20,0.9754962775503022,0.016792136644483424,0.0037548359024530153,0.99325,0.015514106484100197,0.00346905967086183
voter,rho_2,0.05,2510,20,0.975353212595186,0.01821415782522767,0.00407280950501188,0.9942500000000001,0.015270478054075444,0.00341458269778314
voter,rho_2,0.05,2520,20,0.9737978295708505,0.021855188274551466,0.004886968664295341,0.9730000000000001,0.09256619253269523,0.020698429892143995
voter,rho_2,0.05,2530,20,0.9750211983319952,0.02250876624439696,0.005033113141212424,0.9730000000000001,0.09256619253269523,0.020698429892143995
voter,rho_2,0.05,2540,20,0.9762360203734535,0.022079740252787635,0.004937180013077154,0.9734999999999999,0.0926836015700728,0.020724683351018902
voter,rho_2,0.05,2550,20,0.9767092739472136,0.02139388286151047,0.004783817638100513,0.986,0.0399562260480141,0.00893448375677073
voter,rho_2,0.05,2560,20,0.9771576498378781,0.020428961819617418,0.0045680547338412345,0.986,0.0399562260480141,0.00893448375677073
voter,rho_2,0.05,2570,20,0.9775513183279546,0.019676515037450895,0.004399802518403702,0.986,0.0399562260480141,0.00893448375677073
voter,rho_2,0.05,2580,20,0.978086564375608,0.01881117212134914,0.00420630595997856,0.986,0.0399562260480141,0.00893448375677073
voter,rho_2,0.05,2590,20,0.9777520744903347,0.02039115324961281,0.004559600480574998,0.9875,0.039890475053576395,0.008919781387455639
voter,rho_2,0.05,2600,20,0.9787310288111921,0.021450412685594916,0.004796458091041405,0.9875,0.039890475053576395,0.008919781387455639
voter,rho_2,0.05,2610,20,0.9786266951175969,0.02319039995944119,0.005185531073471887,0.9875,0.039890475053576395,0.008919781387455639
voter,rho_2,0.05,2620,20,0.9813809366861183,0.022037548663159507,0.004927745686828427,0.9880000000000001,0.039981245603407614,0.008940078299433402
voter,rho_2,0.05,2630,20,0.9827919277990835,0.018423688436344204,0.004119661973994245,0.9967499999999999,0.014166421566507178,0.003167708162062911
voter,rho_2,0.05,2640,20,0.9822606359489073,0.017557158365335872,0.00392589995966201,0.9967499999999999,0.014166421566507178,0.003167708162062911
voter,rho_2,0.05,2650,20,0.9829939037342379,0.014540836823910216,0.003251429958799538,0.9967499999999999,0.014166421566507178,0.003167708162062911
voter,rho_2,0.05,2660,20,0.9826938131447669,0.013182013178431946,0.0029475877547271894,0.9962500000000001,0.014219265100559863,0.0031795243354942235
voter,rho_2,0.05,2670,20,0.9841811530409859,0.009239818499560163,0.0020660862264776634,0.9957499999999999,0.01425438529014842,0.003187377448624493
voter,rho_2,0.05,2680,20,0.9842629386396171,0.009435168260002154,0.0021097677608513227,0.9957499999999999,0.01425438529014842,0.003187377448624493
voter,rho_2,0.05,2690,20,0.9837018759800863,0.010201072154089065,0.0022810290779923356,0.9952500000000001,0.014271912976192073,0.003191296758372681
voter,rho_2,0.05,2700,20,0.9837108300733626,0.010784608926575755,0.0024115118670574426,0.9952500000000001,0.014271912976192073,0.003191296758372681
voter,rho_2,0.05,2710,20,0.9830918227507428,0.012996457425657481,0.0029060962270452046,0.9957499999999999,0.01425438529014842,0.003187377448624493
voter,rho_2,0.05,2720,20,0.9828060562751929,0.012337543311481373,0.002758758551982021,0.9952500000000001,0.014271912976192073,0.003191296758372681
voter,rho_2,0.05,2730,20,0.9840338132769089,0.01247122435326775,0.002788650541655754,0.9957499999999999,0.01425438529014842,0.003187377448624493
voter,rho_2,0.05,2740,20,0.9848646383513981,0.0106309300975282,0.002377148236212152,0.9957499999999999,0.01425438529014842,0.003187377448624493
voter,rho_2,0.05,2750,20,0.9831895713902185,0.01190419117927546,0.0026618580694013315,0.9952500000000001,0.014271912976192073,0.003191296758372681
voter,rho_2,0.05,2760,20,0.9829779307016457,0.010711529101639104,0.002395170721423229,0.9957499999999999,0.01425438529014842,0.003187377448624493
voter,rho_2,0.05,2770,20,0.9839716329614042,0.009384770201242522,0.002098498412319266,0.9957499999999999,0.01425438529014842,0.003187377448624493
voter,rho_2,0.05,2780,20,0.983583359875446,0.008367136085884035,0.001870948506502822,0.9962500000000001,0.014219265100559863,0.0031795243354942235
voter,rho_2,0.05,2790,20,0.9838065061359107,0.007921967969906143,0.0017714058896286145,0.9962500000000001,0.014219265100559863,0.0031795243354942235
voter,rho_2,0.05,2800,20,0.983399020007125,0.008184141511852065,0.0018300296757979117,0.9962500000000001,0.014219265100559863,0.0031795243354942235
voter,rho_2,0.05,2810,20,0.9826103143138674,0.009959190437249204,0.0022269426818555074,0.9994999999999999,0.002179449471770339,0.00048733971724044866
voter,rho_2,0.05,2820,20,0.9830816519785734,0.010039035466098243,0.0022447965730726955,0.99875,0.0038324274291889763,0.0008569568250501313
voter,rho_2,0.05,2830,20,0.9847081398320394,0.007349182176525734,0.00164332709257414,0.99875,0.0038324274291889763,0.0008569568250501313
voter,rho_2,0.05,2840,20,0.9834806072712242,0.006982650388872635,0.0015613680932634552,0.99875,0.0038324274291889763,0.0008569568250501313
voter,rho_2,0.05,2850,20,0.9854053227587425,0.005864144164552878,0.0013112624981798948,0.99875,0.0038324274291889763,0.0008569568250501313
voter,rho_2,0.05,2860,20,0.9838925402868313,0.007245939283946411,0.0016202412799740326,0.9945,0.020790622886291785,0.004648924606831131
voter,rho_2,0.05,2870,20,0.9831536389121108,0.007853902095904136,0.0017561858975069721,0.993,0.021412613105363854,0.004788005847949644
voter,rho_2,0.05,2880,20,0.9839859326721803,0.008553389904476842,0.0019125961264470652,0.9925,0.021360009363293825,0.004776243293635699
voter,rho_2,0.05,2890,20,0.9836488994839836,0.009969891853423767,0.002229335591257691,0.9925,0.021360009363293825,0.004776243293635699
voter,rho_2,0.05,2900,20,0.982287105146189,0.011917459278120544,0.002664824906496311,0.9925,0.021360009363293825,0.004776243293635699
voter,rho_2,0.05,2910,20,0.9820162602159328,0.012690246507422401,0.002837625384182578,0.9925,0.021360009363293825,0.004776243293635699
voter,rho_2,0.05,2920,20,0.9818812363609393,0.014472247465551848,0.0032360929120172975,0.9925,0.021360009363293825,0.004776243293635699
voter,rho_2,0.05,2930,20,0.9812255722643967,0.015012461543266577,0.0033568884520345467,0.9925,0.021360009363293825,0.004776243293635699
voter,rho_2,0.05,2940,20,0.9813787642868854,0.014338652747041887,0.0032062202248149753,0.99175,0.021346838173368902,0.00477329812603403
voter,rho_2,0.05,2950,20,0.9805767222477886,0.01578811083538411,0.003530328906421986,0.9925,0.021360009363293825,0.004776243293635699
voter,rho_2,0.05,2960,20,0.9797262408733038,0.016977040117181628,0.0037961815758759112,0.9925,0.021360009363293825,0.004776243293635699
voter,rho_2,0.05,2970,20,0.979079598403034,0.0170603966767941,0.0038148206692423113,0.994,0.020772578077840984,0.004644889664997436
voter,rho_2,0.05,2980,20,0.979748050921595,0.01744247046648373,0.003900254965859009,0.99825,0.004264680527307999,0.0009536115561380333
voter,rho_2,0.05,2990,20,0.9784500288758977,0.019220997467018736,0.004297945693160516,0.99825,0.004264680527307999,0.0009536115561380333
voter,rho_2,0.05,3000,20,0.9768680438464585,0.01944295751359906,0.0043475774684047785,0.9960000000000001,0.010319883720275156,0.002307596151842867
voter,rho_2,0.3,0,20,0.06406235294308962,0.03360481158883285,0.007514264308370296,0.9949999999999999,0.008944271909999166,0.0020000000000000018
voter,rho_2,0.3,10,20,0.16703665249886948,0.0714163191237295,0.015969174426347738,0.9962500000000001,0.008042853971072713,0.0017984368212422713
voter,rho_2,0.3,20,20,0.23477415493614343,0.11883366117444327,0.026572014440123262,0.9962500000000001,0.008196798155377508,0.001832859787326899
voter,rho_2,0.3,30,20,0.2763947758106961,0.1151307064121613,0.02574400858351636,0.9970000000000001,0.007141428428542857,0.0015968719422671325
voter,rho_2,0.3,40,20,0.3308832688881613,0.11284991936879489,0.025234009096399553,0.99225,0.02170685375635999,0.004853800057686759
voter,rho_2,0.3,50,20,0.33701311253296873,0.14160805190792108,0.03166452302274303,0.99475,0.01066243405606807,0.0023841927354977008
voter,rho_2,0.3,60,20,0.34219275146792316,0.20324559528134686,0.0454470967176502,0.9957499999999999,0.007628073151196186,0.00170568901034157
voter,rho_2,0.3,70,20,0.3374122623640964,0.16901802414715242,0.03779357914157337,0.9877499999999999,0.020029665498954293,0.004478769362224404
voter,rho_2,0.3,80,20,0.33759343809559056,0.19189128943716957,0.04290819674715985,0.99125,0.019485571585149866,0.004357106264483343
voter,rho_2,0.3,90,20,0.3715512766401007,0.18422065977983154,0.04119299181275647,0.994,0.0203469899493758,0.004549725266430929
voter,rho_2,0.3,100,20,0.42978968535548817,0.20136438554034478,0.04502644543156866,0.9884999999999999,0.030045798375147235,0.006718444760508194
voter,rho_2,0.3,110,20,0.42677623316282604,0.20119408251322984,0.04498836451702837,0.9960000000000001,0.011575836902790236,0.002588435821108959
voter,rho_2,0.3,120,20,0.42851035360701245,0.2132259787859314,0.04767877831342707,0.99225,0.019266226926930967,0.004308059307855452
voter,rho_2,0.3,130,20,0.43335874579137723,0.20038758684099814,0.04480802660236142,0.992,0.01945507645834372,0.004350287346831241
voter,rho_2,0.3,140,20,0.4782725207448394,0.20067653312375378,0.044872636955370165,0.9935,0.018580904176062042,0.004154816482108445
voter,rho_2,0.3,150,20,0.4988087907599955,0.17554457228612697,0.039252959671290555,0.99725,0.009934158243152772,0.0022213453130929483
voter,rho_2,0.3,160,20,0.4999588075559721,0.18246922846712457,0.040801359865443025,0.9949999999999999,0.01214495780149113,0.0027156951228000563
voter,rho_2,0.3,170,20,0.5006046951650489,0.19590061656266947,0.043804709546825006,0.993,0.026095976701399775,0.005835237784358063
voter,rho_2,0.3,180,20,0.5514344874789778,0.1667055037240756,0.03727648385503774,0.97675,0.07180311622764014,0.016055664888132162
voter,rho_2,0.3,190,20,0.598726015771273,0.1660429359270894,0.0371283291916614,0.9894999999999999,0.0337231374578345,0.007540722777028739
voter,rho_2,0.3,200,20,0.6127180554320224,0.1511066933481141,0.03378848381815984,0.9942500000000001,0.015911866640969555,0.0035580015458119164
voter,rho_2,0.3,210,20,0.595590419914181,0.18291298310879844,0.04090058641985441,0.99325,0.015833114033569004,0.003540391927456618
voter,rho_2,0.3,220,20,0.5889284838159068,0.18365311038294788,0.041066083909554386,0.998,0.0040000000000000036,0.0008944271909999167
voter,rho_2,0.3,230,20,0.5982466853885435,0.1867451011787319,0.041757474070072055,0.9897500000000001,0.022049659861322114,0.0049304538330664826
voter,rho_2,0.3,240,20,0.576574886451175,0.19212440863840127,0.042960323785241304,0.9942500000000001,0.014254385290148445,0.0031873774486244986
voter,rho_2,0.3,250,20,0.568324890502047,0.16764298281886075,0.03748611055338019,0.99475,0.01298797520786055,0.002904199545485815
voter,rho_2,0.3,260,20,0.5647124959115396,0.1739364597576915,0.03889337477838548,0.99325,0.01196609794377433,0.0026757008427699858
voter,rho_2,0.3,270,20,0.56291868342672,0.19153705700414847,0.042828987967152815,0.99325,0.01196609794377433,0.0026757008427699858
voter,rho_2,0.3,280,20,0.5651506226023943,0.20715767463936996,0.04632186425544155,0.994,0.01189537725337033,0.0026598872156540798
voter,rho_2,0.3,290,20,0.5358416322357354,0.211977262584015,0.04739955688221802,0.9925,0.012893796958227639,0.0028831406486677013
voter,rho_2,0.3,300,20,0.5517980769592533,0.21184123311366448,0.04736913976795332,0.9894999999999999,0.019551214796017152,0.004371784532659404
voter,rho_2,0.3,310,20,0.5539742038148779,0.19972479038547777,0.044659820809382474,0.9925,0.014008925726121913,0.0031324910215354195
voter,rho_2,0.3,320,20,0.5457482105845998,0.203861024622241,0.04558471090180893,0.99375,0.010940178243520542,0.002446298223847618
voter,rho_2,0.3,330,20,0.5192306846444219,0.2240907251383844,0.05010820945366485,0.99475,0.010425329730996531,0.002331174596635784
voter,rho_2,0.3,340,20,0.5800440882531728,0.18541697796985618,0.04146049669231793,0.9967499999999999,0.006759252917297893,0.0015114149000191853
voter,rho_2,0.3,350,20,0.5866704504575049,0.18036871997231785,0.040331671887272665,0.9962500000000001,0.006869315832017049,0.0015360257159305647
voter,rho_2,0.3,360,20,0.5890987699165177,0.18662394844278724,0.04173038349474883,0.99725,0.005804093383121955,0.0012978347352417422
voter,rho_2,0.3,370,20,0.608704668091904,0.19302272475232723,0.04316119337484349,0.9960000000000001,0.006442049363362568,0.0014404860290887945
voter,rho_2,0.3,380,20,0.5712847728864885,0.23116309696163354,0.05168963986955877,0.9942500000000001,0.007790218225441448,0.0017419457511644858
voter,rho_2,0.3,390,20,0.5607260474030661,0.21727787705262086,0.04858481030965019,0.9914999999999999,0.01295183384698863,0.0028961180915149185
voter,rho_2,0.3,400,20,0.5718665783341815,0.19077654950611672,0.04265893332085309,0.99075,0.014771171246722462,0.003302934301496174
voter,rho_2,0.3,410,20,0.5587491350770261,0.17780076050981855,0.03975745869511144,0.99125,0.01603706643996964,0.003585997071945266
voter,rho_2,0.3,420,20,0.516966362630098,0.20231151595262722,0.045238230230110754,0.9935,0.01205197079319396,0.0026949025956423756
voter,rho_2,0.3,430,20,0.5378401732383675,0.1965132459977441,0.04394169765300943,0.9949999999999999,0.010839741694339409,0.0024238399287081665
voter,rho_2,0.3,440,20,0.5491015534529373,0.19802782693762447,0.04428036824690923,0.991,0.01820714145603312,0.004071240597164455
voter,rho_2,0.3,450,20,0.5450056522150214,0.22326259236051443,0.04992303333509355,0.993,0.01197914855071095,0.002678619047195777
voter,rho_2,0.3,460,20,0.5184677637245765,0.23292306680916514,0.052083181091301826,0.994,0.012708265027138847,0.002841654447676567
voter,rho_2,0.3,470,20,0.5349149377634856,0.22928570530978878,0.05126984233416722,0.9887499999999999,0.02090902915010642,0.004675401052316261
voter,rho_2,0.3,480,20,0.5301653570928807,0.22351124534220373,0.04997863383208008,0.9875,0.019072231122760654,0.004264680527307996
voter,rho_2,0.3,490,20,0.5206753439578444,0.2159932215732934,0.04829755261170581,0.9789999999999999,0.03672873534441391,0.008212794895770866
voter,rho_2,0.3,500,20,0.5218166376742663,0.2037598346184293,0.04556208412909228,0.9727499999999999,0.04907838118764717,0.010974259656122594
voter,rho_2,0.3,510,20,0.5401921017535798,0.18025088516263993,0.04030532322281711,0.98125,0.03517367623664037,0.007865073108369683
voter,rho_2,0.3,520,20,0.5423639324929599,0.1840470712071149,0.041154176227885315,0.98125,0.03517367623664037,0.007865073108369683
voter,rho_2,0.3,530,20,0.5254305725540472,0.1765026775397782,0.039467198518966934,0.986,0.026580067720004017,0.005943483826847683
voter,rho_2,0.3,540,20,0.5190328180741387,0.18050452875160047,0.04036203965351439,0.9872500000000001,0.026574188604734473,0.005942169216708657
voter,rho_2,0.3,550,20,0.5215540894703192,0.1965338141057583,0.04394629682177826,0.99175,0.01976581645164196,0.00441977092166551
voter,rho_2,0.3,560,20,0.4770371941324516,0.21743290035676507,0.0486194745742665,0.99175,0.016828175777546434,0.0037628944975909204
voter,rho_2,0.3,570,20,0.46103252576486964,0.21024702650722354,0.0470126643337352,0.9942500000000001,0.012376893794486574,0.002767557587476729
voter,rho_2,0.3,580,20,0.46414679483576426,0.21355070105540616,0.04775138842026242,0.98425,0.0485869066724771,0.01086436261360969
voter,rho_2,0.3,590,20,0.46325226394485625,0.22200917838775783,0.049642761450390364,0.98275,0.049861683685972734,0.01114941141944273
voter,rho_2,0.3,600,20,0.5052423587722203,0.21566018111830246,0.04822308250204409,0.986,0.05100490172522637,0.011405042744330246
voter,rho_2,0.3,610,20,0.4775237059585303,0.19806684378831685,0.04428909267995084,0.9855,0.04875705077217037,0.010902407990898156
voter,rho_2,0.3,620,20,0.48167916607533173,0.1898373411656888,0.04244891995142993,0.9967499999999999,0.006759252917297893,0.0015114149000191853
voter,rho_2,0.3,630,20,0.5085676984096035,0.16358926367225304,0.03657967139602947,0.9967499999999999,0.006759252917297893,0.0015114149000191853
voter,rho_2,0.3,640,20,0.5245976475577081,0.15717090270061013,0.03514448225235695,0.9887499999999999,0.03053174577386626,0.006827105902210687
voter,rho_2,0.3,650,20,0.5261958549412391,0.16565114426727787,0.037040721913225785,0.985,0.0373496987939662,0.008351646544245033
voter,rho_2,0.3,660,20,0.531013687616076,0.1727287902081653,0.038623331657675765,0.9824999999999999,0.03709784360309909,0.00829533001151853
voter,rho_2,0.3,670,20,0.5451285972500746,0.17718226026926162,0.039619157836912916,0.969,0.06313873612925745,0.014118250599844161
voter,rho_2,0.3,680,20,0.5495692671648061,0.16083552755196362,0.035963917280323096,0.96275,0.06723977617452337,0.015035271031810502
voter,rho_2,0.3,690,20,0.561612935581223,0.20561509719047458,0.04597693345181272,0.967,0.049381170500505556,0.011041965404763774
voter,rho_2,0.3,700,20,0.575847817475196,0.22597457479904332,0.05052945104372717,0.9702500000000001,0.04484626517336757,0.010027929746463127
voter,rho_2,0.3,710,20,0.6031709206428617,0.2001115137146681,0.04474629477463793,0.9567500000000001,0.06317188852646405,0.014125663701221263
voter,rho_2,0.3,720,20,0.5858578540996028,0.19875262482372835,0.04444243798123687,0.9695,0.04574111935665764,0.010228025224841793
voter,rho_2,0.3,730,20,0.5746171718123392,0.19944136850079008,0.04459644574933519,0.9577500000000001,0.06163349332952011,0.01378166807755868
voter,rho_2,0.3,740,20,0.5513325023477487,0.1928838537956269,0.043130140884915256,0.97625,0.03797614382740828,0.008491723912139395
voter,rho_2,0.3,750,20,0.5210097573391558,0.21467940677877584,0.048003774692667193,0.9737500000000001,0.03927069518101252,0.00878119439484174
voter,rho_2,0.3,760,20,0.5129485804967577,0.24643243061121517,0.055103966670717715,0.9637499999999999,0.05171738102417794,0.011564357958831956
voter,rho_2,0.3,770,20,0.5239063030777984,0.20074176681662484,0.044887223652538465,0.961,0.05117616632769595,0.011443338673656392
voter,rho_2,0.3,780,20,0.5196160665769066,0.20798925775282984,0.04650781189250527,0.9574999999999999,0.0563582292127778,0.01260208316112856
voter,rho_2,0.3,790,20,0.5106913869892196,0.2291131700087612,0.05123126226800561,0.96225,0.0508299862286033,0.011365930450253513
voter,rho_2,0.3,800,20,0.5308664732224777,0.2232256981756735,0.049914783544565675,0.9724999999999999,0.04078909167902615,0.009120718173477349
voter,rho_2,0.3,810,20,0.5523630182834045,0.16521059790792916,0.03694221275255141,0.9682499999999999,0.05498352025834649,0.012294688893989955
voter,rho_2,0.3,820,20,0.5418069214678005,0.18826895775290936,0.04209821875885414,0.96425,0.05418198501347103,0.012115460164599608
voter,rho_2,0.3,830,20,0.5533951455868664,0.20174336073441312,0.04511118686114096,0.9637499999999999,0.053476046039324925,0.011957607411183891
voter,rho_2,0.3,840,20,0.5815698297154366,0.2231643914927124,0.04990107495350806,0.9692500000000001,0.04252278800831385,0.009508384457940266
voter,rho_2,0.3,850,20,0.5721470512682788,0.22923949832629048,0.051259510138553475,0.97,0.042485291572496,0.0095
voter,rho_2,0.3,860,20,0.543084032891879,0.23035934991586235,0.05150991656645287,0.976,0.03227227912620984,0.007216300991505272
voter,rho_2,0.3,870,20,0.5580349526812084,0.22821217945561098,0.051029794655612706,0.977,0.03191394679446589,0.007136175446273723
voter,rho_2,0.3,880,20,0.5876691661575495,0.20922454549758127,0.046784030629408925,0.9804999999999999,0.029744747435471695,0.006651127723927725
voter,rho_2,0.3,890,20,0.5933647206284971,0.21038907573513552,0.04704442750671145,0.9710000000000001,0.07442445834535848,0.016641814804882308
voter,rho_2,0.3,900,20,0.5926130156788826,0.20203832306862773,0.04517714244415155,0.9935,0.011521718621802922,0.0025763346055976523
voter,rho_2,0.3,910,20,0.5740427077387762,0.22625200911727397,0.05059148724321268,0.9890000000000001,0.01786057109949175,0.003993745109543171
voter,rho_2,0.3,920,20,0.5432473266750713,0.26488261619976927,0.059229553588067106,0.984,0.027999999999999997,0.00626099033699941
voter,rho_2,0.3,930,20,0.5178682203338406,0.2771438717609686,0.061971253680501014,0.9795,0.04873140671066247,0.01089667380442307
voter,rho_2,0.3,940,20,0.5111876849803035,0.2489221731328245,0.055660690023196735,0.9824999999999999,0.02968585521759479,0.006637959023675876
voter,rho_2,0.3,950,20,0.540962703541115,0.19680504815413702,0.044006946598776985,0.9802500000000001,0.04838581920356417,0.01081939808861842
voter,rho_2,0.3,960,20,0.5539226215955033,0.22209454860523295,0.049661850811343194,0.98225,0.04820464189266423,0.010778885610303133
voter,rho_2,0.3,970,20,0.5142650909369172,0.21927137363495927,0.04903056969675241,0.9800000000000001,0.04455333881989092,0.009962429422585635
voter,rho_2,0.3,980,20,0.501454971622918,0.20510720388984058,0.04586336505725928,0.9652499999999999,0.05944482736117584,0.013292267489032861
voter,rho_2,0.3,990,20,0.5407377249401323,0.17056339510752946,0.03813913459335909,0.946,0.09739866528859624,0.021779003650305034
voter,rho_2,0.3,1000,20,0.5435851452665299,0.15462693004893974,0.03457563267415341,0.94825,0.09835236397768994,0.021992257160191632
voter,rho_2,0.3,1010,20,0.5435348254541471,0.15014137277058784,0.03357263157501703,0.9709999999999999,0.046059743811706126,0.010299271818920017
voter,rho_2,0.3,1020,20,0.5520274613041652,0.17219004211205824,0.038502863921111366,0.9862500000000001,0.019292161620720474,0.004313858481684349
voter,rho_2,0.3,1030,20,0.5566286197420279,0.1818695691449891,0.0406672719646794,0.9785,0.040438224491191506,0.009042261885170105
voter,rho_2,0.3,1040,20,0.5434924916175604,0.24719762517752525,0.055275069377346,0.9795,0.04033918690305992,0.009020116407231119
voter,rho_2,0.3,1050,20,0.5151159335389475,0.22335713167377974,0.049944172968194284,0.9925,0.013738631664034098,0.0030720514318611294
voter,rho_2,0.3,1060,20,0.5435229834991794,0.18847756370820729,0.04214486446850988,0.9875,0.02426417111710186,0.005425633603552677
voter,rho_2,0.3,1070,20,0.5371180668901578,0.19436971193569835,0.04346238886552737,0.99225,0.013917165659716792,0.0031119728469252454
voter,rho_2,0.3,1080,20,0.522851269728968,0.19740056628547376,0.04414010850112725,0.98275,0.039889691650851364,0.008919606213280945
voter,rho_2,0.3,1090,20,0.5317380166807356,0.19876629470521615,0.04444549465966198,0.9810000000000001,0.03986226285598951,0.008913472948295744
voter,rho_2,0.3,1100,20,0.5471138702111439,0.18796263509358294,0.0420297229299239,0.992,0.01298075498574718,0.002902585054740001
voter,rho_2,0.3,1110,20,0.514493538987957,0.18856941709799058,0.0421654035108618,0.9880000000000001,0.02609597670139978,0.005835237784358063
voter,rho_2,0.3,1120,20,0.5387643233691696,0.1721587572407781,0.03849586841122639,0.9945,0.010356157588603998,0.002315707235381884
voter,rho_2,0.3,1130,20,0.5445387379590538,0.17550018000079137,0.03924303325452186,0.993,0.010653637876331267,0.0023822258499143207
voter,rho_2,0.3,1140,20,0.567474499327594,0.17188458075188287,0.0384345606845262,0.9717499999999999,0.08944656225926183,0.02000085935653766
voter,rho_2,0.3,1150,20,0.562944798859726,0.18843684094446772,0.04213575858171455,0.975,0.08987491307367146,0.020096641510461394
voter,rho_2,0.3,1160,20,0.5588284926305853,0.21419701647693679,0.04789590894200731,0.9952500000000001,0.01298797520786055,0.002904199545485815
voter,rho_2,0.3,1170,20,0.5877089525218462,0.21241999387907232,0.04749855460936949,0.98925,0.025655165171949296,0.0057366693298463705
voter,rho_2,0.3,1180,20,0.5678983547165011,0.21769475382306397,0.048678026789345324,0.9855,0.028848743473503302,0.006450775147220678
voter,rho_2,0.3,1190,20,0.5462850019280914,0.21500702051330262,0.048077031350743635,0.9835,0.02650943228362312,0.0059276892631108784
voter,rho_2,0.3,1200,20,0.5442728584776798,0.23104480006331524,0.05166318787894206,0.9802500000000001,0.032460552983583,0.00725840030585252
voter,rho_2,0.3,1210,20,0.5599531499282182,0.2215733226719529,0.0495453011494982,0.98125,0.03289661836724255,0.007355907489902248
voter,rho_2,0.3,1220,20,0.5644862844691719,0.19545423402782436,0.04370489537763678,0.9775,0.035053530492662216,0.00783820770329544
voter,rho_2,0.3,1230,20,0.5322438277112121,0.2051130063676573,0.045864662530742895,0.9804999999999999,0.031855140872392954,0.00712302604235026
voter,rho_2,0.3,1240,20,0.535124351006798,0.21464127118957044,0.047995247315684664,0.98125,0.03201074038506451,0.0071578191511102035
voter,rho_2,0.3,1250,20,0.5227905434614336,0.19179511591042223,0.04288669169281555,0.9765,0.0404073013204297,0.009035347253979783
voter,rho_2,0.3,1260,20,0.4908314170181285,0.21957175388936515,0.04909773676354743,0.984,0.035798044639337494,0.008004686127513058
voter,rho_2,0.3,1270,20,0.5089194419092465,0.21398017701250274,0.0478474221637394,0.95975,0.10797540229144784,0.02414403394215639
voter,rho_2,0.3,1280,20,0.5095549941652616,0.21456782538989125,0.04797882433561021,0.96175,0.10717129979616744,0.02396423115812397
voter,rho_2,0.3,1290,20,0.5113202881136885,0.20364075056670805,0.0455354561256238,0.96075,0.10678570831342553,0.02387801028142839
voter,rho_2,0.3,1300,20,0.5699800042937884,0.19017450344276038,0.042524311728528,0.9692500000000001,0.10704292363346583,0.023935525375474838
voter,rho_2,0.3,1310,20,0.5685917514627509,0.19701068154299858,0.0440529276223708,0.9672499999999999,0.10696348676066987,0.02391776275072566
voter,rho_2,0.3,1320,20,0.5940612380004201,0.17354094411456225,0.038804934791965326,0.9914999999999999,0.012359207094308286,0.002763602721087098
voter,rho_2,0.3,1330,20,0.5886880833944638,0.19270766815166077,0.04309074457725847,0.992,0.012589678312014184,0.002815137652051852
voter,rho_2,0.3,1340,20,0.597252717189265,0.1798865901440377,0.0402238643802712,0.991,0.012806248474865708,0.002863564212655273
voter,rho_2,0.3,1350,20,0.61196430279686,0.14141460263544822,0.03162126645039831,0.992,0.012688577540449532,0.002837252191822224
voter,rho_2,0.3,1360,20,0.620458681263063,0.17232858213483118,0.03853384241196384,0.9904999999999999,0.013407087677791934,0.002997915942784256
voter,rho_2,0.3,1370,20,0.6169536207408606,0.16067904637708313,0.03592892702589992,0.9904999999999999,0.013407087677791934,0.002997915942784256
voter,rho_2,0.3,1380,20,0.5780348975489812,0.19212101807806536,0.042959565632902014,0.99125,0.013863170633011783,0.0030998991919093137
voter,rho_2,0.3,1390,20,0.5659799871715397,0.26638591320230093,0.05956570101687035,0.992,0.013360389215887399,0.0029874738492579335
voter,rho_2,0.3,1400,20,0.5954932433783535,0.2443776956543937,0.054644513966797925,0.994,0.010793516572461461,0.002413503677229436
voter,rho_2,0.3,1410,20,0.5927884946263217,0.24641251128710617,0.05509951257444036,0.99475,0.010894379284750472,0.0024360572653367592
voter,rho_2,0.3,1420,20,0.587791973597575,0.21389795435436448,0.04782903661845061,0.9722500000000001,0.09297143378479221,0.020789044590841594
voter,rho_2,0.3,1430,20,0.5725832354792907,0.20757841929826829,0.04641594562128821,0.99375,0.009730750228014291,0.0021758618981911533
voter,rho_2,0.3,1440,20,0.5941083184147267,0.19350086507778638,0.04326810880189454,0.9887499999999999,0.01787980704593872,0.003998046397929868
voter,rho_2,0.3,1450,20,0.5778164941663331,0.20202078711215715,0.04517322128507968,0.98375,0.026022826518270446,0.005818880906153689
voter,rho_2,0.3,1460,20,0.5464308505492679,0.25198708538644077,0.05634602523761254,0.983,0.02652357441974968,0.005930851540883482
voter,rho_2,0.3,1470,20,0.5426280626728761,0.25235796821153544,0.056428957158472424,0.9722500000000001,0.044143940694052225,0.009870885218662001
voter,rho_2,0.3,1480,20,0.5332799098013687,0.25087416688091313,0.05609716909443481,0.978,0.03772929895982696,0.008436527721758518
voter,rho_2,0.3,1490,20,0.5265209286421856,0.2300347792993275,0.05143734037024577,0.954,0.08849576261042107,0.019788254091758575
voter,rho_2,0.3,1500,20,0.5358887714035524,0.22870633349131617,0.051140290857131974,0.9772500000000001,0.03928978874975023,0.008785463846604799
voter,rho_2,0.3,1510,20,0.5057231147250648,0.2379119357942648,0.05319872610945415,0.9585000000000001,0.09434113630861143,0.021095319386062874
voter,rho_2,0.3,1520,20,0.5240027939195135,0.21486902999118,0.048046175731971945,0.9765,0.04126439142893059,0.009226998428524848
voter,rho_2,0.3,1530,20,0.5435482817433831,0.22404951127901968,0.05009899375454938,0.9875,0.021242645786248,0.00475
voter,rho_2,0.3,1540,20,0.5425319802717874,0.2023360849211424,0.045243724018484456,0.9884999999999999,0.021336588293351867,0.0047710061831860995
voter,rho_2,0.3,1550,20,0.5468530218486146,0.18312870095610154,0.04094882239690738,0.982,0.030430248109405873,0.006804410334481599
voter,rho_2,0.3,1560,20,0.5716227806234906,0.1817464043021177,0.040639731468569536,0.9824999999999999,0.03063902739970706,0.00685109480302236
voter,rho_2,0.3,1570,20,0.5821216175052527,0.1855293259714597,0.04148561846919011,0.9845,0.027381563140186128,0.006122703651165878
voter,rho_2,0.3,1580,20,0.6025598576079249,0.17881346279962237,0.039983905811208545,0.9772500000000001,0.028743477520995948,0.006427236964668408
voter,rho_2,0.3,1590,20,0.5909305313262052,0.18156776087445142,0.040599785583770004,0.978,0.02887040006650409,0.0064556177086317595
voter,rho_2,0.3,1600,20,0.6183073898902951,0.15448674703028795,0.03454428679825376,0.9792500000000001,0.029252136674096124,0.006540976609039354
voter,rho_2,0.3,1610,20,0.6132180786968844,0.15261509414547575,0.034125772490181394,0.97775,0.02891690681936779,0.006466016934713361
voter,rho_2,0.3,1620,20,0.6346930566487632,0.16042650197971658,0.03587245638191509,0.97775,0.02891690681936779,0.006466016934713361
voter,rho_2,0.3,1630,20,0.5934551488754034,0.17205031261794554,0.0384716194563816,0.9775,0.026575364531836614,0.005942432162002354
voter,rho_2,0.3,1640,20,0.5647318369028259,0.19723236884704956,0.04410249841053146,0.97875,0.026920020430898625,0.00601949956391725
voter,rho_2,0.3,1650,20,0.5879512175146699,0.20387987256020187,0.04558892542886055,0.98375,0.022851422275210788,0.005109733358992423
voter,rho_2,0.3,1660,20,0.5951050859157546,0.2034026866216388,0.045482223409207136,0.97575,0.050330780840356526,0.011254304731968118
voter,rho_2,0.3,1670,20,0.5944766887259164,0.1831540153666579,0.04095448287118881,0.976,0.050512374721448206,0.011294910358210019
voter,rho_2,0.3,1680,20,0.5865303627050444,0.18436148808178632,0.04122448197838915,0.9800000000000001,0.032054640849649214,0.007167635593415726
voter,rho_2,0.3,1690,20,0.5604011619506227,0.18694260847451355,0.04180163804401405,0.976,0.038229569707230564,0.008548391661593427
voter,rho_2,0.3,1700,20,0.5371516430870494,0.22307382036309784,0.049880822633246356,0.9557499999999999,0.0679204497923858,0.015187474279813613
voter,rho_2,0.3,1710,20,0.5359127769315946,0.21599119371687658,0.04829709916922615,0.9712500000000001,0.06032982264187423,0.013490158449773674
voter,rho_2,0.3,1720,20,0.5315123801744142,0.20994148759819337,0.04694434375669894,0.96075,0.06952112988149718,0.01554539722876196
voter,rho_2,0.3,1730,20,0.5391626694939551,0.21720469306687978,0.048568445872952046,0.94375,0.10114191762073725,0.02261602031746523
voter,rho_2,0.3,1740,20,0.5580716712522955,0.1859238407955728,0.041573834665674936,0.9442499999999999,0.10143070294540998,0.022680594679152486
voter,rho_2,0.3,1750,20,0.5346008048036551,0.21970176486275533,0.049126808100979566,0.9487500000000001,0.09856311429738815,0.02203938236430413
voter,rho_2,0.3,1760,20,0.5446841745863689,0.2145155988744022,0.047967146131724064,0.9494999999999999,0.09853806371144097,0.022033780882998722
voter,rho_2,0.3,1770,20,0.5266642003301856,0.21224677902380512,0.04745982259026047,0.9557499999999999,0.09928840566752999,0.022201562445017243
voter,rho_2,0.3,1780,20,0.5311658994631425,0.19933701067497436,0.04457311063008439,0.9717499999999999,0.08323573451348885,0.018612076052928646
voter,rho_2,0.3,1790,20,0.5569004792795874,0.21650321920707233,0.04841159154945518,0.9722500000000001,0.08374776116410516,0.018726568692635604
voter,rho_2,0.3,1800,20,0.5425875983746421,0.2098725139788819,0.04692892078655548,0.9602499999999999,0.0931997183472139,0.020840090570820462
voter,rho_2,0.3,1810,20,0.566754510513012,0.16859974119765767,0.03770004823068343,0.9737500000000001,0.05154791460379361,0.011526464115243665
voter,rho_2,0.3,1820,20,0.5590726727936465,0.14163825902829857,0.03167127754019989,0.974,0.05100490172522636,0.011405042744330244
voter,rho_2,0.3,1830,20,0.5848433413604024,0.09279047790484593,0.020748581625992777,0.97525,0.05165934087848972,0.011551379787713673
voter,rho_2,0.3,1840,20,0.5785697462471389,0.11068628464015853,0.024750205663228532,0.97525,0.05165934087848972,0.011551379787713673
voter,rho_2,0.3,1850,20,0.6232181661213956,0.13115727776241706,0.029327658882058606,0.98675,0.024712092181763963,0.005525791798466531
voter,rho_2,0.3,1860,20,0.6173182224720122,0.14991469610405475,0.03352194513148893,0.98375,0.025781534089343864,0.005764926278800101
voter,rho_2,0.3,1870,20,0.63638146277692,0.1623825159988146,0.03630983441307966,0.98375,0.025781534089343864,0.005764926278800101
voter,rho_2,0.3,1880,20,0.6285080917224353,0.1629254172913254,0.03643123083259232,0.9792500000000001,0.026658722775106836,0.005961071631846072
voter,rho_2,0.3,1890,20,0.621007401162624,0.1708403711562039,0.038201068320656624,0.9855,0.021558061137310104,0.004820529016612182
voter,rho_2,0.3,1900,20,0.582037669135347,0.191069895918127,0.042724527572674156,0.97875,0.02301494079940247,0.005146297212559727
voter,rho_2,0.3,1910,20,0.5756388081658783,0.20490481845624697,0.04581811029854217,0.9722500000000001,0.030061395509856155,0.0067219323858545305
voter,rho_2,0.3,1920,20,0.5749139074428883,0.2055057730220894,0.04595248782460343,0.9744999999999999,0.04460661385938189,0.009974342083566214
voter,rho_2,0.3,1930,20,0.5961642960001261,0.1915999281752749,0.04284304638839919,0.97775,0.0435739314269438,0.009743427271756075
voter,rho_2,0.3,1940,20,0.5591588947725321,0.2271792897973508,0.05079883350670008,0.9709999999999999,0.05332916650389354,0.011924764148611076
voter,rho_2,0.3,1950,20,0.6022132216971823,0.20432329704446714,0.04568807815783104,0.9724999999999999,0.05384004086179728,0.012038999127834507
voter,rho_2,0.3,1960,20,0.5679327557769502,0.2126483616969861,0.04754961920584234,0.9715,0.053504672693139625,0.011964008525573694
voter,rho_2,0.3,1970,20,0.5664702726248483,0.20915622109998627,0.046768752829654515,0.97325,0.05355546190632662,0.011975365338894678
voter,rho_2,0.3,1980,20,0.5482920473254843,0.23056217116053399,0.051555268775489556,0.9755,0.048859492424706996,0.010925314640778087
voter,rho_2,0.3,1990,20,0.5434636870007169,0.22777282578108557,0.05093155218737239,0.9914999999999999,0.024140215409146612,0.005397916264633972
voter,rho_2,0.3,2000,20,0.5891508445890367,0.1847760778389913,0.0413171870663777,0.992,0.020087309426600662,0.00449165893629514
voter,rho_2,0.3,2010,20,0.5964369656277837,0.1884023737865738,0.04212805149091034,0.991,0.017649362594722787,0.003946517452134222
voter,rho_2,0.3,2020,20,0.6483000354572827,0.1643376600753907,0.03674701791918268,0.991,0.018069310999592646,0.004040420770167383
voter,rho_2,0.3,2030,20,0.6479186258074956,0.15825886334657768,0.035387757648479755,0.9875,0.01785357107135712,0.003992179855667827
voter,rho_2,0.3,2040,20,0.6590595440080481,0.16265938333026,0.03637174383046575,0.9880000000000001,0.018055470085267786,0.004037325847637269
voter,rho_2,0.3,2050,20,0.6579238288016014,0.17808881218585898,0.03982186900797736,0.99025,0.019070592544543546,0.004264314130080006
voter,rho_2,0.3,2060,20,0.6511625201363477,0.15493409980791073,0.03464431792032255,0.99125,0.013122023472010722,0.0029341736485763784
voter,rho_2,0.3,2070,20,0.6362580523544228,0.16101588891447546,0.036004247307032194,0.991,0.014713938969562175,0.003290136775272423
voter,rho_2,0.3,2080,20,0.6648026139146822,0.1858212061653172,0.041550884864665225,0.985,0.033354160160315845,0.007458216945088151
voter,rho_2,0.3,2090,20,0.6482295388995565,0.20042305003224184,0.044815956412993414,0.9855,0.03289756829919197,0.007356119901143539
voter,rho_2,0.3,2100,20,0.6346294407172139,0.1858976085011155,0.041567968946313705,0.9855,0.03289756829919197,0.007356119901143539
voter,rho_2,0.3,2110,20,0.6218444814083749,0.1824061003941879,0.04078724399920553,0.9869999999999999,0.032840523747346057,0.007343364351576191
voter,rho_2,0.3,2120,20,0.6351116392345906,0.19267844132275933,0.04308420925963943,0.992,0.015604486534327229,0.0034892692644735786
voter,rho_2,0.3,2130,20,0.623452345848768,0.18599107923208344,0.04158886963714879,0.9884999999999999,0.01789553016817328,0.00400156219494337
voter,rho_2,0.3,2140,20,0.6168902226036854,0.20406577716708996,0.04563049496269376,0.96325,0.0626553070377921,0.01401015256876241
voter,rho_2,0.3,2150,20,0.606196517439087,0.22375315465036205,0.050032726397823274,0.95625,0.07058461234575139,0.0157831991370571
voter,rho_2,0.3,2160,20,0.5890924792046518,0.1959361037591323,0.04381264472518719,0.9480000000000001,0.09932774033471213,0.022210357943986403
voter,rho_2,0.3,2170,20,0.5570452191989869,0.2060103432804283,0.04606531316431047,0.951,0.09983235948328578,0.02232319421588228
voter,rho_2,0.3,2180,20,0.5683616465990186,0.20320684558319776,0.04543843202173331,0.9492499999999999,0.10002843345769243,0.02236703768942146
voter,rho_2,0.3,2190,20,0.6009728102068198,0.20325832871871383,0.04544994400080418,0.9497500000000001,0.09980574883241947,0.022317243893456018
voter,rho_2,0.3,2200,20,0.6026896194211296,0.17799309037962296,0.03980046496141008,0.9710000000000001,0.045016663581389504,0.010066031988822607
voter,rho_2,0.3,2210,20,0.6060169622764,0.18327233321425823,0.04098093954620739,0.9715,0.043706406853000396,0.009773049677557153
voter,rho_2,0.3,2220,20,0.5900719075019816,0.20487690636086212,0.04581186896427467,0.984,0.03227227912620985,0.007216300991505273
voter,rho_2,0.3,2230,20,0.5849860985947114,0.21354990676302069,0.04775121081108563,0.9795,0.035808518539587754,0.008007028162807971
voter,rho_2,0.3,2240,20,0.5471403653911275,0.22822903200502498,0.0510335630002211,0.98225,0.03558352849282937,0.00795671885892671
voter,rho_2,0.3,2250,20,0.5444272576438717,0.20967821524678293,0.04688547426926395,0.9797499999999999,0.034981244974986225,0.007822044170164213
voter,rho_2,0.3,2260,20,0.543162893033933,0.2124266400718412,0.04750004074325177,0.9755,0.037679570061241396,0.008425408001990167
voter,rho_2,0.3,2270,20,0.5316807703791517,0.22833637773131782,0.05105756623432958,0.9737500000000001,0.03731202889149823,0.008343223297982616
voter,rho_2,0.3,2280,20,0.5672775577512053,0.191636859483974,0.04285130448007411,0.98125,0.03247595264191644,0.007261843774138904
voter,rho_2,0.3,2290,20,0.5458654386497064,0.2026217480383579,0.045307600233360286,0.9705,0.07562902881830494,0.016911164951002044
voter,rho_2,0.3,2300,20,0.5196563435968877,0.21563686636839807,0.04821786916547763,0.9724999999999999,0.06003124186621496,0.013423393758658798
voter,rho_2,0.3,2310,20,0.5226254102885479,0.20751573700010595,0.04640192943332051,0.97575,0.05855072587082077,0.01309234031791108
voter,rho_2,0.3,2320,20,0.5089806023701829,0.20623687259016615,0.046115966657857464,0.977,0.0567978872846517,0.012700393694685215
voter,rho_2,0.3,2330,20,0.5086927882824613,0.17909984288378494,0.04004794234476751,0.9557499999999999,0.09149146135022655,0.020458112693990126
voter,rho_2,0.3,2340,20,0.49882217667228285,0.16849466426229784,0.03767655231365024,0.9572499999999999,0.07189358455383901,0.016075894220851292
voter,rho_2,0.3,2350,20,0.5098441214820277,0.18098803320919388,0.04047015453697469,0.9564999999999999,0.0890800202065536,0.019918898061890872
voter,rho_2,0.3,2360,20,0.5280004114350784,0.17864888848526722,0.03994710587578369,0.9672499999999999,0.08211995798829905,0.018362580837126354
voter,rho_2,0.3,2370,20,0.5308123728214807,0.19477163119946445,0.04355226074505214,0.96225,0.08024143256448005,0.017942529782614264
voter,rho_2,0.3,2380,20,0.5567435635750647,0.21315481172377854,0.04766286487455379,0.958,0.09586970324351693,0.02143711734352359
voter,rho_2,0.3,2390,20,0.5547199069067786,0.20089286732429926,0.04492101075319794,0.9560000000000001,0.09617172141539321,0.02150465065979915
voter,rho_2,0.3,2400,20,0.5839621697359288,0.17396422053725705,0.038899582277407176,0.98325,0.0317913117061879,0.007108753406892097
voter,rho_2,0.3,2410,20,0.5774812634451659,0.20218740496885093,0.04521047817046294,0.96325,0.07416661985017248,0.016584160364637092
voter,rho_2,0.3,2420,20,0.5989724589248672,0.1521909890662208,0.034030939711499696,0.9410000000000001,0.10371354781319554,0.02319105430979799
voter,rho_2,0.3,2430,20,0.6080251232882494,0.15427793757183697,0.03449759558390963,0.9477499999999999,0.10837982976550573,0.024234466674552587
voter,rho_2,0.3,2440,20,0.6123513070331577,0.13334677786019025,0.029817245987594932,0.94725,0.10457622817830063,0.02338395550372092
voter,rho_2,0.3,2450,20,0.6166391756055906,0.14510401753864352,0.032446244702472864,0.94525,0.10403695256974801,0.0232633698117878
voter,rho_2,0.3,2460,20,0.6142977775158707,0.1845380764668246,0.0412639683416874,0.9502499999999999,0.10402493691418419,0.023260683029524304
voter,rho_2,0.3,2470,20,0.6173862171847578,0.17334077688333188,0.03876017603837542,0.9435,0.13214669878585691,0.0295489001487365
voter,rho_2,0.3,2480,20,0.6066208699413342,0.15817744020758026,0.03536955088110579,0.9455,0.13412587371570037,0.02999145711698583
voter,rho_2,0.3,2490,20,0.5943801661487984,0.1803509081330685,0.04032768903893608,0.9164999999999999,0.15660539582019514,0.035018031069721775
voter,rho_2,0.3,2500,20,0.6086050522012013,0.15942019499767066,0.03564743930010635,0.93925,0.12134944375645072,0.027134560527121123
voter,rho_2,0.3,2510,20,0.5939938844496221,0.16618712778399503,0.037160571471045685,0.9385,0.1211104867466067,0.02708112811534999
voter,rho_2,0.3,2520,20,0.5794402885546813,0.15525196555307055,0.03471539486171215,0.9465,0.12128581945140988,0.027120333700011875
voter,rho_2,0.3,2530,20,0.5577558276946399,0.18852897432067395,0.042156360230933915,0.94375,0.12037311784613705,0.02691624741675555
voter,rho_2,0.3,2540,20,0.5626143891610946,0.1840971424393966,0.04116537249579522,0.9824999999999999,0.02614861372998577,0.005847007781763251
voter,rho_2,0.3,2550,20,0.5451742452418532,0.21371654531766013,0.04778847232467024,0.9672499999999999,0.09715290783090333,0.02172405061216715
voter,rho_2,0.3,2560,20,0.6078633763584593,0.1878016395771624,0.041993723238045,0.9664999999999999,0.09768700015867003,0.021843477287281893
voter,rho_2,0.3,2570,20,0.6039330361663896,0.22047458432522243,0.04929961578622069,0.9654999999999999,0.09744100779445991,0.02178847172244992
voter,rho_2,0.3,2580,20,0.5688737677701493,0.24672507645594563,0.05516940427093273,0.9734999999999999,0.09651554278974966,0.021581531456316992
voter,rho_2,0.3,2590,20,0.5708221310373618,0.25095298575096553,0.0561147935295695,0.9734999999999999,0.09651554278974966,0.021581531456316992
voter,rho_2,0.3,2600,20,0.5630791607122076,0.28663227022424065,0.0640929240766491,0.952,0.12233560397529411,0.02735507265572511
voter,rho_2,0.3,2610,20,0.578641361179842,0.2556580230462413,0.05716687185246034,0.9525,0.122469383929209,0.027384986762823162
voter,rho_2,0.3,2620,20,0.5863708361784287,0.21873567663398838,0.048910784205801035,0.95225,0.1223772344024819,0.027364381502237536
voter,rho_2,0.3,2630,20,0.5910647621986201,0.21855896451710616,0.04887127017522139,0.9487500000000001,0.12247321135660647,0.02738584260160713
voter,rho_2,0.3,2640,20,0.5446676612102748,0.2454726195186992,0.05488934638587531,0.962,0.09730621768417472,0.021758331737520682
voter,rho_2,0.3,2650,20,0.5460013525713877,0.22645488250692133,0.05063685111222041,0.93825,0.11706061464045026,0.026175549182395386
voter,rho_2,0.3,2660,20,0.5297892593555813,0.21987524097537495,0.04916559853900855,0.9247500000000001,0.14772842482068235,0.03303308001080129
voter,rho_2,0.3,2670,20,0.5463163026718172,0.18218856288430976,0.040738601133231175,0.954,0.11852847759083046,0.02650377331626574
voter,rho_2,0.3,2680,20,0.577696030774552,0.15249889983987763,0.03409979065358982,0.959,0.09764220398987314,0.02183346055942575
voter,rho_2,0.3,2690,20,0.5742738532148826,0.18712927501625662,0.041843377951660286,0.9574999999999999,0.09741021507008389,0.021781586259958203
voter,rho_2,0.3,2700,20,0.5595006812282456,0.19012640561474692,0.042513556727227175,0.95275,0.10006841409755626,0.022375977632273406
voter,rho_2,0.3,2710,20,0.5501840097894366,0.20479923365355618,0.04579450081892142,0.95075,0.09947707022223763,0.022243749121944344
voter,rho_2,0.3,2720,20,0.5691242663408691,0.18982636413619977,0.04244646541301708,0.951,0.10064293318460069,0.02250444400557365
voter,rho_2,0.3,2730,20,0.5579623712859034,0.19871247847848741,0.04443346098553618,0.95325,0.10083743104621418,0.022547935049578263
voter,rho_2,0.3,2740,20,0.5482610985291652,0.1956764846407677,0.043754592125495005,0.97,0.04655641738793912,0.010410331406828507
voter,rho_2,0.3,2750,20,0.506423255426448,0.21665178995625922,0.04844481297892018,0.9147500000000001,0.13752704279522626,0.03075198164346486
voter,rho_2,0.3,2760,20,0.49418867449156717,0.2124437221834193,0.04750386041952056,0.94375,0.08831583946269209,0.019748022052853798
voter,rho_2,0.3,2770,20,0.47380252638443243,0.2174893565056485,0.048632098552931616,0.9432499999999999,0.0884770450455936,0.019784068717025826
voter,rho_2,0.3,2780,20,0.4650796243395692,0.19018534676730525,0.04252673636960644,0.96275,0.04776177865197233,0.010679858379210838
voter,rho_2,0.3,2790,20,0.5060509463284062,0.15712622598779827,0.0351344922356711,0.97575,0.033774065494103604,0.007552110632134568
voter,rho_2,0.3,2800,20,0.5165086606610723,0.16949172763997278,0.03789950246268591,0.98275,0.02921793113825823,0.006533328018705321
voter,rho_2,0.3,2810,20,0.5617404660837221,0.1625423061027484,0.03634556456653243,0.9775,0.03458684721104252,0.007733854149129009
voter,rho_2,0.3,2820,20,0.5512661672905581,0.19878071484210624,0.04444871910029509,0.9800000000000001,0.03110466202999158,0.006955213871621777
voter,rho_2,0.3,2830,20,0.5538702200063742,0.21460473268281818,0.047987077057195224,0.96175,0.07775401918872103,0.017386327242980327
voter,rho_2,0.3,2840,20,0.5761897193635022,0.19411294962647868,0.04340497506777987,0.95975,0.07751572421128503,0.01733304286615596
voter,rho_2,0.3,2850,20,0.5727922255681601,0.22867333923889552,0.05113291311800404,0.962,0.07831666489323967,0.017512138647235522
voter,rho_2,0.3,2860,20,0.581026818009821,0.2474819267922568,0.05533864115101127,0.9615,0.07823202668984103,0.01749321296960624
voter,rho_2,0.3,2870,20,0.5518124314938928,0.27383887304739885,0.061232233501591876,0.9782500000000001,0.0318698525255452,0.007126315668001242
voter,rho_2,0.3,2880,20,0.536262246264126,0.25193695568071334,0.05633481589464268,0.9592499999999999,0.08202552956244781,0.01834146599920519
voter,rho_2,0.3,2890,20,0.5555300328337162,0.21831399700806206,0.04881649377497124,0.96075,0.0824814373056144,0.018443410069724088
voter,rho_2,0.3,2900,20,0.5506918670938474,0.20480977673487155,0.04579685832357277,0.9792500000000001,0.032683137854251386,0.007308171796010271
voter,rho_2,0.3,2910,20,0.5682609530619525,0.17783276513990717,0.03976461514795873,0.97875,0.030202441954252642,0.00675347132962005
voter,rho_2,0.3,2920,20,0.5579920465880389,0.20922306938977536,0.04678370056166931,0.97525,0.03211210830823788,0.007180485707805566
voter,rho_2,0.3,2930,20,0.563427940516335,0.21906837694667686,0.04898517825733172,0.9785,0.03256148031032988,0.007280968342191855
voter,rho_2,0.3,2940,20,0.592921219160298,0.19266840629180298,0.043081965358501964,0.9715,0.03402572556169817,0.0076083835339709315
voter,rho_2,0.3,2950,20,0.5926686302279418,0.17822592036122775,0.03985252732801691,0.9535,0.09796810705530651,0.02190633470026421
voter,rho_2,0.3,2960,20,0.6236832112135172,0.14991261432707872,0.03352147963200569,0.951,0.0973858305915188,0.02177613372479146
voter,rho_2,0.3,2970,20,0.6020200843658118,0.19525187432002558,0.04365964637138227,0.9615,0.09771258874884033,0.02184919906998881
voter,rho_2,0.3,2980,20,0.5901111306300818,0.18927391740850863,0.04232293456931061,0.9615,0.09771258874884033,0.02184919906998881
voter,rho_2,0.3,2990,20,0.5594660833397926,0.2033157081559724,0.04546277443302627,0.961,0.09777013859047147,0.021862067605786968
voter,rho_2,0.3,3000,20,0.537084315288538,0.19381772259501046,0.04333896029666403,0.96225,0.09778132490409402,0.021864568941554734
voter,rho_2,1.0,0,20,0.05984838339180605,0.045633310325626036,0.010203918392644288,0.9977499999999999,0.006609652033201149,0.0014779631253857466
voter,rho_2,1.0,10,20,0.14042762618694074,0.06535698093710762,0.014614265217953054,0.99825,0.00481534007106456,0.0010767427733679024
voter,rho_2,1.0,20,20,0.15948397968788414,0.09268778214352773,0.020725618155661915,0.9970000000000001,0.007483314773547889,0.0016733200530681526
voter,rho_2,1.0,30,20,0.21988720106765752,0.11761613170823454,0.026299766575018087,0.99875,0.005448623679425847,0.0012183492931011216
voter,rho_2,1.0,40,20,0.21230395488675638,0.11240732867227646,0.025135042808037134,0.9945,0.012835497652993447,0.002870104527713235
voter,rho_2,1.0,50,20,0.20992797210268205,0.12109891443938854,0.02707854046879036,0.99325,0.013160072188251867,0.0029426816001735584
voter,rho_2,1.0,60,20,0.21279962434587488,0.10733754073493149,0.024001403762095953,0.99725,0.008584142356694706,0.0019194725838104609
voter,rho_2,1.0,70,20,0.22581752223830814,0.11460289556033133,0.02562598648912097,0.99825,0.007628073151196186,0.00170568901034157
voter,rho_2,1.0,80,20,0.18595624041555342,0.09494158529833302,0.021229583861866727,0.998,0.007648529270389184,0.0017102631376487085
voter,rho_2,1.0,90,20,0.2041811290005784,0.09560542052745186,0.021378021931683613,1.0,0.0,0.0
voter,rho_2,1.0,100,20,0.16232146129968092,0.09681377445954846,0.021648218084988333,0.9994999999999999,0.002179449471770339,0.00048733971724044866
voter,rho_2,1.0,110,20,0.1736165800494335,0.09411906151173727,0.021045661951872865,0.9994999999999999,0.002179449471770339,0.00048733971724044866
voter,rho_2,1.0,120,20,0.1735743341984972,0.06304704943108369,0.014097748830869257,0.9974999999999999,0.006020797289396153,0.0013462912017836272
voter,rho_2,1.0,130,20,0.15467122492624436,0.07443611699032351,0.01664442175714904,0.99025,0.024159625411003364,0.005402256472993481
voter,rho_2,1.0,140,20,0.1534946603271964,0.06949149005485913,0.01553876956204156,0.9949999999999999,0.019621416870348577,0.004387482193696059
voter,rho_2,1.0,150,20,0.2044185423385651,0.08198827413172775,0.01833313543164308,0.9955,0.014309088021254197,0.0031996093511552338
voter,rho_2,1.0,160,20,0.18423963119422265,0.08597219826839413,0.019223967950321896,0.9970000000000001,0.013076696830622032,0.0029240383034426914
voter,rho_2,1.0,170,20,0.17846807158104935,0.07900245457383513,0.01766548588164345,0.9970000000000001,0.013076696830622032,0.0029240383034426914
voter,rho_2,1.0,180,20,0.16186577389299522,0.10192376460518295,0.022790846617987606,1.0,0.0,0.0
voter,rho_2,1.0,190,20,0.18521633756648698,0.09052993940320661,0.02024310985045067,0.99825,0.00530919014539883,0.0011871710070583776
voter,rho_2,1.0,200,20,0.16762991211901984,0.07163628117303641,0.01601835943581978,0.9977499999999999,0.005584576975922174,0.0012487493743742186
voter,rho_2,1.0,210,20,0.21293258541405033,0.09821458491553435,0.021961448825306023,0.99475,0.017711225254058504,0.003960350363288579
voter,rho_2,1.0,220,20,0.20670517082660625,0.0884655401306642,0.019781496139840076,0.9984999999999999,0.0047696960070847325,0.001066536450385078
voter,rho_2,1.0,230,20,0.22282958203872605,0.09932598534844332,0.02220996551712674,0.9967499999999999,0.0071195154329490775,0.0015919720474932982
voter,rho_2,1.0,240,20,0.18826345538258857,0.10016644321587705,0.02239789760950737,0.9984999999999999,0.0047696960070847325,0.001066536450385078
voter,rho_2,1.0,250,20,0.17763024634539912,0.07604057750897454,0.01700319003584087,0.994,0.017720045146669344,0.003962322551231788
voter,rho_2,1.0,260,20,0.17018644816945505,0.0937996488856415,0.02097423911739068,0.9949999999999999,0.01746424919657297,0.0039051248379533246
voter,rho_2,1.0,270,20,0.17686074762093473,0.09647320026678437,0.021572063380348068,0.9765,0.07358838223524145,0.01645486250322378
voter,rho_2,1.0,280,20,0.207108552820178,0.089176632378617,0.019940501200309636,0.9877499999999999,0.024873429598670126,0.005561867941618171
voter,rho_2,1.0,290,20,0.19370202192628386,0.10765913813079035,0.024073315125948687,0.97325,0.08061133605145122,0.01802524271681244
voter,rho_2,1.0,300,20,0.18421551856863733,0.08299536930582943,0.018558328758553413,0.99,0.019748417658131498,0.004415880433163923
voter,rho_2,1.0,310,20,0.17755934028860168,0.1182248105755423,0.02643587130739486,0.99325,0.012376893794486574,0.002767557587476729
voter,rho_2,1.0,320,20,0.21874861136050208,0.11878235888291439,0.026560542898997255,0.993,0.011113055385446444,0.0024849547279578374
voter,rho_2,1.0,330,20,0.20629546103127142,0.09890290497688078,0.022115361870050768,0.9942500000000001,0.009908960591303216,0.00221571094685205
voter,rho_2,1.0,340,20,0.19065448454959494,0.07757681780545209,0.01734670380911069,0.9792500000000001,0.04958011194017214,0.011086450063027388
voter,rho_2,1.0,350,20,0.16320070217599442,0.07045635319153057,0.01575451951829966,0.993,0.012688577540449532,0.002837252191822224
voter,rho_2,1.0,360,20,0.1999069153360796,0.06729301704444665,0.015047176052243469,0.9802500000000001,0.031243999423889373,0.00698637066007809
voter,rho_2,1.0,370,20,0.20679937016977085,0.08733161886013704,0.019527943635636914,0.9872500000000001,0.02271976012197312,0.005080292806522081
voter,rho_2,1.0,380,20,0.20133379628773412,0.0846839832039005,0.018935914304937195,0.9897500000000001,0.02058367071248469,0.00460264869395873
voter,rho_2,1.0,390,20,0.17760913381357907,0.07258478448803828,0.016230451224742586,0.97675,0.038738708032147906,0.008662238452039983
voter,rho_2,1.0,400,20,0.17907211241539772,0.09387971149614077,0.020992141661343923,0.9795,0.03142053468672995,0.007025845144891823
voter,rho_2,1.0,410,20,0.21539123505940486,0.08096012779614448,0.018103234921924928,0.98275,0.02993639089803579,0.0066939805049014
voter,rho_2,1.0,420,20,0.1984312129305274,0.07972385967767258,0.017826796966793033,0.986,0.02672077843177477,0.005974947698515861
voter,rho_2,1.0,430,20,0.19552427797114103,0.09600257475728415,0.02146682831722927,0.98575,0.022320114247019428,0.004990929272189697
voter,rho_2,1.0,440,20,0.17638531480923542,0.10594815287096926,0.023690727191002677,0.98675,0.01963892817849284,0.004391397841234611
voter,rho_2,1.0,450,20,0.2168941485204182,0.1065349965151717,0.023821949419062714,0.99325,0.010280442597476054,0.0022987768486740965
voter,rho_2,1.0,460,20,0.20243917931073901,0.09321852914973057,0.020844296794134323,0.977,0.05642251323718219,0.012616457505972109
voter,rho_2,1.0,470,20,0.18960144330940779,0.12320836718286786,0.027550228441764676,0.952,0.09655827256118452,0.021591086123676127
voter,rho_2,1.0,480,20,0.16697609307717368,0.08275925517694799,0.018505532034290707,0.96,0.07444796840747234,0.01664707181458649
voter,rho_2,1.0,490,20,0.19565371556118621,0.08548173474146938,0.019114296971653094,0.9685,0.07773512719485316,0.01738210286472842
voter,rho_2,1.0,500,20,0.20623022463520752,0.10921190553925257,0.024420524473805456,0.9789999999999999,0.058919436521406084,0.013174786525784774
voter,rho_2,1.0,510,20,0.24009388766246803,0.08398690058220347,0.018780041892132362,0.9647500000000001,0.07890619430691104,0.017643961431605997
voter,rho_2,1.0,520,20,0.2196531955990026,0.1026616883525361,0.02295585138411691,0.9722500000000001,0.056755506340794806,0.012690917027543753
voter,rho_2,1.0,530,20,0.1859482358362712,0.09113412079973288,0.02037820891778802,0.97075,0.05977614490747961,0.013366352344600228
voter,rho_2,1.0,540,20,0.1739709399304924,0.08053421086067712,0.01800799699987759,0.9637499999999999,0.06824358944252566,0.015259730502207434
voter,rho_2,1.0,550,20,0.1479975481181564,0.08747316744771254,0.0195595948620307,0.9570000000000001,0.07154369294354325,0.015997656078313473
voter,rho_2,1.0,560,20,0.2004152164432858,0.09601519788686509,0.02146965093481245,0.9712500000000001,0.06117342151621078,0.013678792892649555
voter,rho_2,1.0,570,20,0.17750061650697493,0.10007700424090248,0.022377898446719266,0.9807499999999999,0.051557613404811506,0.01152863283308129
voter,rho_2,1.0,580,20,0.2299347184165827,0.11037601913167615,0.024680828186424517,0.94525,0.11663484685118766,0.02608034461045329
voter,rho_2,1.0,590,20,0.24148677095148696,0.08109949902032569,0.018134399275062583,0.9595,0.10571069009329188,0.023637628899701422
voter,rho_2,1.0,600,20,0.20903561798799353,0.12801693461619024,0.02862545680729473,0.96875,0.05515602868227552,0.01233326295024962
voter,rho_2,1.0,610,20,0.2135312011619809,0.10156671194319845,0.02271100721561315,0.9672499999999999,0.05124634133282102,0.011459030281834497
voter,rho_2,1.0,620,20,0.171755682581741,0.09471785264754023,0.02117955572027084,0.96125,0.06486283604653748,0.014503771061348151
voter,rho_2,1.0,630,20,0.19784604677903184,0.08580359342600276,0.019186266761429625,0.96125,0.05113401509758451,0.01143391337206995
voter,rho_2,1.0,640,20,0.2453746099915428,0.12452607026958563,0.0278448758093709,0.96875,0.045795059777229245,0.010240086669555096
voter,rho_2,1.0,650,20,0.2172538966684793,0.08876060851597364,0.019847475436596377,0.9635,0.04637078821844632,0.010368823462669234
voter,rho_2,1.0,660,20,0.18446279045959796,0.07586827940603456,0.016964663008784065,0.958,0.06247799612663645,0.013970504643712765
voter,rho_2,1.0,670,20,0.19736358537685952,0.08681624972822885,0.019412703594391734,0.9635,0.05928954376616504,0.013257545021609392
voter,rho_2,1.0,680,20,0.1959306713387568,0.1057204039216201,0.023639800977747788,0.95375,0.09706795300200784,0.02170505413492443
voter,rho_2,1.0,690,20,0.21591549943377103,0.09723238668830587,0.02174182262495976,0.974,0.05173490117899134,0.011568275584545864
voter,rho_2,1.0,700,20,0.20260473531024506,0.11013324662192446,0.024626542602937215,0.94625,0.10093159812467055,0.022568991448445364
voter,rho_2,1.0,710,20,0.20920541701388412,0.10351554939461478,0.023146780517459584,0.967,0.05139066063011838,0.011491301057756687
voter,rho_2,1.0,720,20,0.1882599495030139,0.08676276608915762,0.019400744289127,0.9545,0.06119436248544469,0.01368347543572173
voter,rho_2,1.0,730,20,0.19570717114285757,0.0914948335339786,0.020458866737200345,0.91075,0.1379517578720909,0.0308469508217587
voter,rho_2,1.0,740,20,0.20803195065599667,0.0819376404969552,0.01832181340671315,0.917,0.14065383037798862,0.03145115260209075
voter,rho_2,1.0,750,20,0.20816350750188656,0.10204358181834622,0.022817638561338373,0.9397500000000001,0.10436085233457992,0.023335796000993832
voter,rho_2,1.0,760,20,0.22361689287217196,0.12182205515263558,0.027240239648002165,0.95,0.10354950506883169,0.02315437323703667
voter,rho_2,1.0,770,20,0.20419365858055713,0.12803579571511775,0.028629674277227957,0.94575,0.10757875022512577,0.0240553398437852
voter,rho_2,1.0,780,20,0.19945022349944735,0.08475583080358003,0.018951979916627556,0.9380000000000001,0.12453312812260037,0.02784645399328252
voter,rho_2,1.0,790,20,0.18231099131750458,0.08798731441975229,0.019674561620021357,0.96175,0.07953419076095512,0.017784385707693137
voter,rho_2,1.0,800,20,0.17927311783746985,0.08253274579947535,0.01845488299773371,0.95875,0.08085287564459287,0.018079252611764678
voter,rho_2,1.0,810,20,0.17358031387431977,0.07569301908819588,0.01692547361033951,0.95325,0.08033173407813378,0.017962721814914352
voter,rho_2,1.0,820,20,0.18772622176892334,0.08010421900167916,0.017911847897228494,0.95875,0.0795436201087177,0.017786494173951197
voter,rho_2,1.0,830,20,0.1855836839574279,0.07922930874941339,0.01771621201740072,0.95475,0.0819370947739789,0.01832169137934596
voter,rho_2,1.0,840,20,0.20206771998459452,0.11374620816028912,0.025434425362924774,0.969,0.07691878834199092,0.017199563947961002
voter,rho_2,1.0,850,20,0.2463706043637055,0.12411721004702247,0.02775345188427621,0.9570000000000001,0.08560665861952561,0.019142230799987756
voter,rho_2,1.0,860,20,0.18214282736160545,0.07792867540620876,0.01742538156047988,0.9652499999999999,0.08022585306495655,0.01793904610061527
voter,rho_2,1.0,870,20,0.18036438816904146,0.0891652610352214,0.019937958490626833,0.9615,0.07935836439846779,0.017745069737817316
voter,rho_2,1.0,880,20,0.17031987899169715,0.09113415319374159,0.020378216161308575,0.9755,0.033124764150103764,0.007406922437828006
voter,rho_2,1.0,890,20,0.1894395351577538,0.11009465116085541,0.024617912395479884,0.9567500000000001,0.08099807096468409,0.018111719272338556
voter,rho_2,1.0,900,20,0.20525710961734983,0.1146997898379022,0.02564765270824889,0.96325,0.08033173407813378,0.017962721814914352
voter,rho_2,1.0,910,20,0.18891365487717254,0.10025953962456009,0.02241871459933501,0.95525,0.13504142882834141,0.030196181463887115
voter,rho_2,1.0,920,20,0.22371652481278334,0.0757692965033216,0.01694252975887642,0.9615,0.07288861365124184,0.01629838949098959
voter,rho_2,1.0,930,20,0.21647581605620814,0.10731247230233104,0.023995798290157556,0.974,0.030846393630374357,0.006897463301823358
voter,rho_2,1.0,940,20,0.21590788165874408,0.0951527110801954,0.021276793021871437,0.982,0.021470910553583893,0.004801041553663122
voter,rho_2,1.0,950,20,0.2111877152102633,0.0696505900154557,0.015574345394752708,0.962,0.06874590896918883,0.015372052563011872
voter,rho_2,1.0,960,20,0.23726444902782604,0.08636061367668882,0.019310820275967422,0.95325,0.07313130314714758,0.016352656512016627
voter,rho_2,1.0,970,20,0.19183182262030174,0.09929041665660351,0.022202012115844286,0.961,0.07225994741210374,0.016157815446402397
voter,rho_2,1.0,980,20,0.20622997754716493,0.09269705548085065,0.02072769173692515,0.90525,0.16580466670151356,0.037075050573128016
voter,rho_2,1.0,990,20,0.22628944591951208,0.1165472158087974,0.02606074971368091,0.97575,0.03225968846718765,0.0072134856345597576
voter,rho_2,1.0,1000,20,0.22107926873142505,0.1086222112549905,0.024288664823250147,0.9470000000000001,0.08860586888011425,0.019812874602136862
voter,rho_2,1.0,1010,20,0.23761419601512732,0.11803472877528362,0.026393367724728466,0.9189999999999999,0.12106403264388642,0.02707074066219836
voter,rho_2,1.0,1020,20,0.18796130746235926,0.09853461752910644,0.022033010293202437,0.90725,0.1480749387978938,0.03311056289162115
voter,rho_2,1.0,1030,20,0.16385538378820078,0.1002613820041951,0.022419126567945435,0.9525,0.08187643128519953,0.01830812661087966
voter,rho_2,1.0,1040,20,0.18314359916113315,0.09338141696111023,0.020880719616029428,0.96,0.052488093888042826,0.0117366945943055
voter,rho_2,1.0,1050,20,0.18782128148951943,0.1179192200857173,0.026367539196542243,0.96125,0.05137788921316249,0.011488445282108451
voter,rho_2,1.0,1060,20,0.21562023739220412,0.10860759611139784,0.024285396777792737,0.969,0.040484564959994314,0.009052623929005334
voter,rho_2,1.0,1070,20,0.19415850875249466,0.07078859821092384,0.01582881176315457,0.9492499999999999,0.09229402743406531,0.020637571925980053
voter,rho_2,1.0,1080,20,0.18162314969803767,0.07506773037269192,0.016785654802996475,0.9662499999999999,0.05135355391791301,0.011483003744665415
voter,rho_2,1.0,1090,20,0.20868705576495858,0.08820639127991783,0.019723548695184095,0.9570000000000001,0.10025467570143548,0.022417626993060612
voter,rho_2,1.0,1100,20,0.2065722819492597,0.0871347296716218,0.019483917874681424,0.9574999999999999,0.102268030195169,0.022867826744139896
voter,rho_2,1.0,1110,20,0.2356793125060201,0.09785538782907272,0.021881129915041216,0.9390000000000001,0.11304423912787417,0.025277460315466817
voter,rho_2,1.0,1120,20,0.2193204299060454,0.0852683484168605,0.019066582338923665,0.9349999999999999,0.11477151214478268,0.025663690303617676
voter,rho_2,1.0,1130,20,0.19338961063557544,0.10491529245960113,0.023459772581893922,0.9407500000000001,0.11425054704464219,0.025547198965835762
voter,rho_2,1.0,1140,20,0.1903339190344026,0.10210319078831578,0.02283096753223044,0.94475,0.11515722947344642,0.02574993932031685
voter,rho_2,1.0,1150,20,0.223697822834437,0.11242114331104625,0.02513813185517452,0.9339999999999999,0.13822626378514322,0.03090833220993976
voter,rho_2,1.0,1160,20,0.2154078735451813,0.09520544805856135,0.021288585368726853,0.93025,0.13209348015704636,0.029537000101567526
voter,rho_2,1.0,1170,20,0.22029279429046117,0.12369163627087194,0.027658290694984825,0.9412499999999999,0.11658553726770743,0.02606931865239289
voter,rho_2,1.0,1180,20,0.20757851629086344,0.11073228838436636,0.024760492413155352,0.9480000000000001,0.10444376477320222,0.023354335785887807
voter,rho_2,1.0,1190,20,0.1752405249192832,0.09858049672767573,0.02204326919387785,0.93625,0.10416183322119478,0.02329129397435874
voter,rho_2,1.0,1200,20,0.1816600929601499,0.12330019287518304,0.027570761290774452,0.93725,0.10832214685834102,0.02422156838439658
voter,rho_2,1.0,1210,20,0.20315494647382243,0.1122404610313432,0.025097730069199953,0.9352499999999999,0.12145446677664844,0.027158044388357568
voter,rho_2,1.0,1220,20,0.22143406365891014,0.0628950306299064,0.014063756393540211,0.9315,0.13005864062029865,0.02908199614882032
voter,rho_2,1.0,1230,20,0.20615006857525436,0.09192721993808167,0.02055555127641246,0.933,0.130080744155313,0.029086938649503832
voter,rho_2,1.0,1240,20,0.1986172282440956,0.10767197381239253,0.024076185271608687,0.9092499999999999,0.14688664847425717,0.03284485309755548
voter,rho_2,1.0,1250,20,0.19299547544138984,0.10836792201500221,0.02423180402059409,0.9414999999999999,0.109351497474886,0.024451738179524167
voter,rho_2,1.0,1260,20,0.192375641025148,0.09946914552448143,0.022241977105655942,0.9515,0.08915015423430292,0.019934580507249205
voter,rho_2,1.0,1270,20,0.23715141592085726,0.10500868354623742,0.023480655463715056,0.9465,0.08889741278574985,0.01987806580127956
voter,rho_2,1.0,1280,20,0.21686632486014087,0.11316150726953778,0.025303682269102307,0.9327500000000001,0.08983978795611663,0.020088787295404368
voter,rho_2,1.0,1290,20,0.2400711190263876,0.11856907459278863,0.026512851081871857,0.94275,0.08634921829408763,0.019308272190954837
voter,rho_2,1.0,1300,20,0.18635814657824468,0.10064002831711573,0.02250379445745745,0.93475,0.08682561545995514,0.019414797835671634
voter,rho_2,1.0,1310,20,0.2037216453923257,0.08184964503442217,0.018302137023119606,0.946,0.08858047188856018,0.01980719566218297
voter,rho_2,1.0,1320,20,0.1954130460489579,0.10622841485125142,0.02375339567494464,0.9252499999999999,0.13015831706041683,0.029104284478406264
voter,rho_2,1.0,1330,20,0.234468714505486,0.12317494433792557,0.02754275486643544,0.93875,0.1265195143051063,0.028290623446647473
voter,rho_2,1.0,1340,20,0.2569316766890065,0.12234183654368021,0.027356466300383686,0.9664999999999999,0.08500147057551416,0.019006906639429784
voter,rho_2,1.0,1350,20,0.3058173175467781,0.1334336102521782,0.02983666230070833,0.9400000000000001,0.090953284712538,0.020337772739412736
voter,rho_2,1.0,1360,20,0.22306499724391657,0.11941230214424231,0.02670140249442697,0.9412499999999999,0.08838657986368745,0.01976384008739192
voter,rho_2,1.0,1370,20,0.23507180151524293,0.09228118811661469,0.020634700967319623,0.95625,0.06379410239199232,0.014264794951207676
voter,rho_2,1.0,1380,20,0.19793834126357784,0.09482316504100635,0.021203104287337182,0.97325,0.030136149389064282,0.0067386478614036485
voter,rho_2,1.0,1390,20,0.1958126734997923,0.06811839202411944,0.015231735508391056,0.94825,0.07404854826395992,0.01655775875533884
voter,rho_2,1.0,1400,20,0.22185424571329943,0.12294300355214,0.027490891330058314,0.9775,0.031324910215354156,0.007004462863060947
voter,rho_2,1.0,1410,20,0.2048289436474231,0.09124389661195746,0.020402755535629962,0.9560000000000001,0.07298287470359058,0.016319466903057835
voter,rho_2,1.0,1420,20,0.1703423388613726,0.08602584721515938,0.019235964219510734,0.90075,0.13066440793115774,0.029217449837383138
voter,rho_2,1.0,1430,20,0.20541847192856794,0.10598271676182788,0.02369845591195535,0.9025000000000001,0.13956629249213437,0.031207971738003097
voter,rho_2,1.0,1440,20,0.21110529617224688,0.0999768209810443,0.022355496788794223,0.91275,0.12579223942676274,0.028127999840017064
voter,rho_2,1.0,1450,20,0.1513690936764755,0.07934750462337838,0.01774264141828529,0.9422499999999999,0.0929310900613998,0.020780023460044504
voter,rho_2,1.0,1460,20,0.18292222306817263,0.08666067364244737,0.01937791572404366,0.932,0.10470673330784415,0.023413137337828092
voter,rho_2,1.0,1470,20,0.18459112233530756,0.10377186066351525,0.023204093459525652,0.9355,0.10523663810669742,0.02353162765301202
voter,rho_2,1.0,1480,20,0.18829988608414633,0.10356288014479156,0.02315736399494172,0.9404999999999999,0.10269980525784846,0.022964374583253944
voter,rho_2,1.0,1490,20,0.18242644994033774,0.09826176348727707,0.02197199827465583,0.9352499999999999,0.1084605342970428,0.024252512756413505
voter,rho_2,1.0,1500,20,0.21754477702184216,0.10232941133809496,0.022881551984951804,0.9257500000000001,0.10778769642217984,0.024102061633810498
voter,rho_2,1.0,1510,20,0.2126259189923101,0.10847427339803002,0.024255584912789223,0.9502499999999999,0.04910384404504397,0.010979953324126655
voter,rho_2,1.0,1520,20,0.21657569752982217,0.10599098728296615,0.023700305256702803,0.945,0.10251829105091441,0.022923786772695295
voter,rho_2,1.0,1530,20,0.1855938630688177,0.09882804908718178,0.02209862358426245,0.9685,0.04198511641046146,0.009388157433703378
voter,rho_2,1.0,1540,20,0.20181578964528074,0.08329410463195719,0.018625128008203637,0.9595,0.042629215334087485,0.009532182331449602
voter,rho_2,1.0,1550,20,0.19900466858901938,0.10586588305616029,0.023672331101161757,0.93625,0.06463116508310832,0.014451967859084104
voter,rho_2,1.0,1560,20,0.20893766456458146,0.10734263301537655,0.024002542430619517,0.9492499999999999,0.09184599882411863,0.0205373896832095
voter,rho_2,1.0,1570,20,0.19358657738287838,0.13609706353508963,0.030432228560256822,0.9644999999999999,0.04639234850705448,0.010373644489763469
voter,rho_2,1.0,1580,20,0.19387870611821603,0.1034654164284987,0.023135570445444658,0.96925,0.04084345112744514,0.009132873315665776
voter,rho_2,1.0,1590,20,0.20997710799757954,0.10942194435460227,0.024467490580709003,0.9705,0.04101524106963166,0.009171286714523759
voter,rho_2,1.0,1600,20,0.16954178544719994,0.10218018979159431,0.022848185032783495,0.9712500000000001,0.04080058210369063,0.009123287510541362
voter,rho_2,1.0,1610,20,0.19751412921282993,0.0736569430653218,0.016470193170889127,0.9782500000000001,0.035506161437136516,0.007939419059351888
voter,rho_2,1.0,1620,20,0.18134842958177982,0.09670916265272408,0.021624826173857494,0.92675,0.12767414577744393,0.028548806892758235
voter,rho_2,1.0,1630,20,0.20202807868919792,0.09831156528283196,0.021983134294682058,0.97575,0.03834954367394742,0.008575218656104345
voter,rho_2,1.0,1640,20,0.20639733253758888,0.07815674589268681,0.017476379671622518,0.97525,0.037231539049574616,0.008325225222178675
voter,rho_2,1.0,1650,20,0.2076708124737392,0.11552849823943871,0.025832957540184973,0.9717499999999999,0.03975786085794858,0.008890127951835114
voter,rho_2,1.0,1660,20,0.21362926713340508,0.08495088121445118,0.018995594514402272,0.96775,0.045838711805634334,0.010249847559842049
voter,rho_2,1.0,1670,20,0.1761744176390812,0.0757984726347663,0.016949053740199505,0.921,0.13952239963532737,0.031198156996848383
voter,rho_2,1.0,1680,20,0.17203676774754556,0.09468274408152658,0.021171705206250932,0.9432499999999999,0.10890678353527845,0.02435229711957375
voter,rho_2,1.0,1690,20,0.15724487192641395,0.10014900849912119,0.022393999088323915,0.9445,0.10105567772272865,0.02259673649003324
voter,rho_2,1.0,1700,20,0.16159409219288512,0.07369281585083748,0.01647821456958466,0.96975,0.04232242313478755,0.00946358151018947
voter,rho_2,1.0,1710,20,0.16130660534233807,0.05420382466539075,0.01212034365922935,0.9595,0.05019711147068126,0.011224415352257773
voter,rho_2,1.0,1720,20,0.15775545390297824,0.09030394545742379,0.020192576067923292,0.98225,0.023263436977368587,0.00520186264716784
voter,rho_2,1.0,1730,20,0.21544308449937905,0.1144686838832224,0.025595975845781986,0.977,0.03329414362917298,0.007444796840747234
voter,rho_2,1.0,1740,20,0.20729189299015155,0.10497500829649602,0.02347312544895695,0.9657500000000001,0.0508496558493762,0.011370328711167499
voter,rho_2,1.0,1750,20,0.23644640817763074,0.1184322299282708,0.026482251684649852,0.9414999999999999,0.10930576380045107,0.024441511819034433
voter,rho_2,1.0,1760,20,0.20916192251717924,0.12404866035441034,0.027738123707024467,0.96,0.10530906893520614,0.023547823678633232
voter,rho_2,1.0,1770,20,0.24201868799840393,0.12349211205224656,0.027613675723384433,0.97475,0.04616478636363435,0.010322760047584173
voter,rho_2,1.0,1780,20,0.23845548112782972,0.0977012636921422,0.021846666710326205,0.951,0.10899082530194915,0.024371089429896232
voter,rho_2,1.0,1790,20,0.20637087097918458,0.0836553192065701,0.01870589804253345,0.97775,0.04683681778259493,0.010473030841165323
voter,rho_2,1.0,1800,20,0.18918270192559022,0.11397792850955102,0.025486239608196737,0.97625,0.04811119931990886,0.010757991215835785
voter,rho_2,1.0,1810,20,0.22031319456877166,0.13943877856701614,0.03117945875753888,0.9657500000000001,0.06255547537985784,0.01398782953141766
voter,rho_2,1.0,1820,20,0.2656891380917093,0.12222269789746196,0.027329826089214554,0.961,0.06896738359543589,0.015421575794969848
voter,rho_2,1.0,1830,20,0.22686379128518727,0.1349521056323569,0.030176208190068228,0.977,0.027901612856607402,0.0062389903029256245
voter,rho_2,1.0,1840,20,0.23006712522581152,0.12098203712815099,0.027052405907494904,0.9640000000000001,0.04509988913511872,0.010084641788382965
voter,rho_2,1.0,1850,20,0.20678275889885778,0.10209917167467367,0.022830068831099136,0.961,0.04509988913511872,0.010084641788382965
voter,rho_2,1.0,1860,20,0.24367642703148143,0.12303852417206652,0.027512250389999177,0.9722500000000001,0.04229287765097098,0.009456974939165273
voter,rho_2,1.0,1870,20,0.2593704548178433,0.14006511995615595,0.0313195129498627,0.96,0.058309518948453,0.013038404810405297
voter,rho_2,1.0,1880,20,0.23518509371914192,0.11660676411603228,0.026074065119973136,0.9550000000000001,0.08736418030291362,0.019535224595586303
voter,rho_2,1.0,1890,20,0.22220142951516325,0.07790624401824141,0.017420365749647414,0.9657500000000001,0.058933755183256394,0.013177988275909186
voter,rho_2,1.0,1900,20,0.1912561615610338,0.08596526217095812,0.01922241699178535,0.9657500000000001,0.059082040418387716,0.013211145862490505
voter,rho_2,1.0,1910,20,0.22083393469367643,0.1110506799319708,0.024831686927545844,0.9662499999999999,0.047850679201031185,0.010699737146304105
voter,rho_2,1.0,1920,20,0.2540620710677108,0.1302326261071348,0.029120900486386717,0.9497500000000001,0.09043609622269197,0.02022212587736512
voter,rho_2,1.0,1930,20,0.17257369178345922,0.11039059022628542,0.024684086382229808,0.93625,0.09476121305681982,0.021189251402538977
voter,rho_2,1.0,1940,20,0.1681872727976689,0.07610939578245435,0.01701857826960037,0.9355,0.08520416656478719,0.01905223084050789
voter,rho_2,1.0,1950,20,0.2069057802532921,0.09338728933759331,0.020882032719329993,0.94475,0.08176911091604212,0.018284129046799026
voter,rho_2,1.0,1960,20,0.20422737057067092,0.10731320709744324,0.023995962595339596,0.9365,0.08344309438174018,0.01865844312905018
voter,rho_2,1.0,1970,20,0.23002079559475322,0.11051089359209416,0.024710987032616847,0.96325,0.05339182989933947,0.01193877610980288
voter,rho_2,1.0,1980,20,0.21554044440115017,0.11944408915308645,0.026708510285684658,0.9359999999999999,0.09968199436207124,0.022289571552634207
voter,rho_2,1.0,1990,20,0.19719003512655267,0.09923720097086809,0.022190112726766915,0.9675,0.055463952257299526,0.012402116754812464
voter,rho_2,1.0,2000,20,0.20826246974460366,0.094598222955603,0.021152805707940935,0.92025,0.14624871794309857,0.032702207494296164
voter,rho_2,1.0,2010,20,0.18547506238671901,0.0867980339835324,0.019408630430051532,0.9724999999999999,0.044201244326376156,0.009883698700385399
voter,rho_2,1.0,2020,20,0.19092631754593742,0.07611260633021184,0.01701929616990345,0.978,0.04057092555020159,0.009071934744033382
voter,rho_2,1.0,2030,20,0.17895673195500478,0.07844930309663975,0.017541797451157123,0.96775,0.05469174983486997,0.012229447043918214
voter,rho_2,1.0,2040,20,0.1849399311748034,0.10130927311880505,0.022653442144474022,0.96425,0.05889131939428764,0.01316849934502789
voter,rho_2,1.0,2050,20,0.16349225580432472,0.0944037856449982,0.02110932820355348,0.9570000000000001,0.06523802572120037,0.014587666023048377
voter,rho_2,1.0,2060,20,0.20325787529301373,0.11779441203747838,0.026339631268542114,0.9550000000000001,0.060415229867972854,0.013509256086106295
voter,rho_2,1.0,2070,20,0.2339823955662632,0.12295836092413485,0.02749432534283194,0.95175,0.07323378660154069,0.016375572509075828
voter,rho_2,1.0,2080,20,0.25509138312375484,0.1270234404004784,0.028403304747136277,0.951,0.07229453644640099,0.01616554978959887
voter,rho_2,1.0,2090,20,0.251403850270932,0.1082884535524111,0.02421403433215198,0.9492499999999999,0.06941316517779607,0.015521255587097329
voter,rho_2,1.0,2100,20,0.21618973226672739,0.08967218697309316,0.02005131057629074,0.9332499999999999,0.0956722922271647,0.0213929748983165
voter,rho_2,1.0,2110,20,0.2106723149246116,0.11449318676198375,0.02560145485603747,0.913,0.13613779783733831,0.030441337027141233
voter,rho_2,1.0,2120,20,0.21304019170354987,0.10019001287908481,0.022403167946421304,0.9557499999999999,0.06887080295742166,0.015399979707778838
voter,rho_2,1.0,2130,20,0.19355015051883645,0.08506922019080558,0.01902205591395389,0.9567500000000001,0.06937713960664565,0.01551320002449527
voter,rho_2,1.0,2140,20,0.1956063904352234,0.08483828215577409,0.018970416599461824,0.95975,0.08143210362013252,0.018208771924542302
voter,rho_2,1.0,2150,20,0.18243795462826934,0.09691532017160548,0.021670924396486643,0.9662499999999999,0.08136146200751311,0.01819297597975658
voter,rho_2,1.0,2160,20,0.24175973627593486,0.07732592458756926,0.017290602380082724,0.9564999999999999,0.08830486962789764,0.019745569123223568
voter,rho_2,1.0,2170,20,0.19444496807776004,0.09216710473281367,0.020609191147191393,0.952,0.09267416036846517,0.020722572234160505
voter,rho_2,1.0,2180,20,0.19890841923429126,0.09350340711035326,0.020907997442658706,0.9682499999999999,0.060005728893164856,0.013417688884453983
voter,rho_2,1.0,2190,20,0.17400838411595926,0.0717997272750244,0.01605490709529003,0.9317500000000001,0.13467808841827242,0.030114936078298425
voter,rho_2,1.0,2200,20,0.16027298348778374,0.0882408791371075,0.019731260414491535,0.9435,0.13505646967102317,0.030199544698554643
voter,rho_2,1.0,2210,20,0.20029586911154293,0.10408275930463771,0.023273612509091865,0.91625,0.1423277467678035,0.03182545168571846
voter,rho_2,1.0,2220,20,0.21529701672803464,0.10163533557603993,0.0227263519264028,0.9175000000000001,0.14314765104604407,0.03200878785583734
voter,rho_2,1.0,2230,20,0.2543211072112339,0.09491091146903814,0.02122272498512337,0.9497500000000001,0.10637757047423108,0.02378674788616552
voter,rho_2,1.0,2240,20,0.2417717410776242,0.1032427585151168,0.02308578262243964,0.9247500000000001,0.1144494975961013,0.025591685661558127
voter,rho_2,1.0,2250,20,0.2008890812032079,0.09300141245107495,0.02079574802440989,0.9027499999999999,0.14179628873845745,0.031706614057637875
voter,rho_2,1.0,2260,20,0.18332315451303616,0.08146102705659695,0.018215239401550037,0.9097500000000001,0.11955621062914297,0.026733581409904658
voter,rho_2,1.0,2270,20,0.176108152827251,0.06363826674418016,0.014229949041025106,0.8985,0.1355,0.03029872109512215
voter,rho_2,1.0,2280,20,0.2015964621517164,0.09182073145887373,0.02053173972857951,0.9087500000000001,0.10701489382324313,0.0239292577193694
voter,rho_2,1.0,2290,20,0.20831892125905505,0.10806159047296224,0.02416330620542872,0.9032500000000001,0.1339241856424746,0.029946358292787453
voter,rho_2,1.0,2300,20,0.22845212776591906,0.11264865176848181,0.02518900429280272,0.925,0.12767145334803703,0.02854820484724039
voter,rho_2,1.0,2310,20,0.2650809249155577,0.09936555933140641,0.022218814528731326,0.93925,0.09012872738478005,0.020153396115791502
voter,rho_2,1.0,2320,20,0.2572910080455986,0.12637525050964485,0.028258365081313082,0.9112500000000001,0.126084049348044,0.028193250522066445
voter,rho_2,1.0,2330,20,0.25597824073087944,0.11811929716083218,0.026412277790611866,0.9112500000000001,0.12830505640854534,0.02868988279864524
voter,rho_2,1.0,2340,20,0.2564901695936194,0.10284955194428937,0.02299785896028267,0.897,0.15175967843930085,0.03393449572337859
voter,rho_2,1.0,2350,20,0.2608610233036674,0.11633684006072582,0.02601370826633037,0.9095000000000001,0.1528635012028705,0.03418131799682393
voter,rho_2,1.0,2360,20,0.24951237555493827,0.13530086571555114,0.030254193315454307,0.9252499999999999,0.12737223991121455,0.02848129868878875
voter,rho_2,1.0,2370,20,0.2525788687454945,0.1420179020225851,0.031756168294440515,0.9077500000000001,0.1432434553478797,0.03203021034898147
voter,rho_2,1.0,2380,20,0.20366641301460925,0.09881827226951725,0.022096437421372298,0.9065,0.14269810790616672,0.0319082669538789
voter,rho_2,1.0,2390,20,0.20052677272989577,0.07743724467933844,0.017315494309328463,0.9035,0.15381076035180374,0.03439313158175626
voter,rho_2,1.0,2400,20,0.17126574250838342,0.09906761143545996,0.022152191353822397,0.8859999999999999,0.15133241556256213,0.0338389568397136
voter,rho_2,1.0,2410,20,0.24392038111876363,0.1017275675527693,0.022746975623369404,0.92225,0.13851421407205833,0.030972719851508037
voter,rho_2,1.0,2420,20,0.22790704726504515,0.11842104801690442,0.026479751333256495,0.913,0.1417162658271802,0.03168872039070054
voter,rho_2,1.0,2430,20,0.2052806118189973,0.11899839660446042,0.026608850402105363,0.9087500000000001,0.1331340959333859,0.029769688863002918
voter,rho_2,1.0,2440,20,0.20704275078543163,0.08434365051190808,0.01885981360151114,0.898,0.16516204164395643,0.036931355241853765
voter,rho_2,1.0,2450,20,0.1887236171754211,0.10362355131000639,0.023170930479911166,0.8952500000000001,0.14831954523932442,0.03316525855469847
voter,rho_2,1.0,2460,20,0.1966021112131902,0.10976284771029818,0.024543718888418387,0.8800000000000001,0.15118697033805525,0.03380643429881359
voter,rho_2,1.0,2470,20,0.1948082351387173,0.0665008989185085,0.014870053054662723,0.8807499999999999,0.1427171590944831,0.031912526929091654
voter,rho_2,1.0,2480,20,0.22923642013001486,0.1261629803547033,0.02821090003170871,0.8915,0.13715046481875298,0.030667776248042504
voter,rho_2,1.0,2490,20,0.19622794702380558,0.11110023926731268,0.024842768731820255,0.9182499999999999,0.12035650169392594,0.026912531932168696
voter,rho_2,1.0,2500,20,0.19848516529988747,0.12806908589924762,0.028637118188697745,0.9097500000000001,0.127156153999718,0.02843298041008012
voter,rho_2,1.0,2510,20,0.22898246294744204,0.12003915477092357,0.02684157100294033,0.9335000000000001,0.11385407326925111,0.02545854473452872
voter,rho_2,1.0,2520,20,0.19170312379998988,0.11211396841689163,0.025069445460743415,0.9414999999999999,0.08951396539088187,0.020015931154957537
voter,rho_2,1.0,2530,20,0.2200851372171381,0.08902148371154944,0.019905808903691483,0.9335000000000001,0.08056208785775106,0.018014230485924175
voter,rho_2,1.0,2540,20,0.19230928692510768,0.0874183774762212,0.01954734345195671,0.9352499999999999,0.08038151217786339,0.01797385253639297
voter,rho_2,1.0,2550,20,0.21468039809213973,0.10949589978114108,0.024484027516813577,0.91625,0.11047482744951449,0.02470292239796741
voter,rho_2,1.0,2560,20,0.23716638223690042,0.10853208695731431,0.02426851241764731,0.92875,0.0824602176810127,0.01843866521741745
voter,rho_2,1.0,2570,20,0.25492429697905916,0.11078829283754017,0.024773015389589287,0.91425,0.09644007206550603,0.021564655689345003
voter,rho_2,1.0,2580,20,0.2572325271781549,0.10941732853468217,0.024466458451997675,0.92025,0.10025561081555484,0.022417836090934375
voter,rho_2,1.0,2590,20,0.21876776777634718,0.08289895015868713,0.01853676878181914,0.915,0.09532837982468809,0.021316073747292205
voter,rho_2,1.0,2600,20,0.15787024423534468,0.07792949081886529,0.017425563892292852,0.95375,0.06430153575148885,0.014378260499796208
voter,rho_2,1.0,2610,20,0.15792744793457364,0.07818909571592385,0.01748361331200433,0.94725,0.0723442292100759,0.01617666142935556
voter,rho_2,1.0,2620,20,0.1927018292826787,0.11364813505059305,0.025412495548920257,0.9339999999999999,0.08744426796537323,0.019553132741328177
voter,rho_2,1.0,2630,20,0.21096180347649213,0.10625635427816418,0.02375964312072757,0.94575,0.06953910770206934,0.015549417191650622
voter,rho_2,1.0,2640,20,0.19868331036577438,0.09846987293182785,0.022018532961133357,0.9475,0.0701872495543172,0.015694346115719505
voter,rho_2,1.0,2650,20,0.18939976295495958,0.0821400413083029,0.0183670716040006,0.9502499999999999,0.08594293164652925,0.019217423734725732
voter,rho_2,1.0,2660,20,0.24219747330506558,0.11355341581917193,0.02539131568489684,0.9637499999999999,0.05687431318266621,0.012717483045005406
voter,rho_2,1.0,2670,20,0.23276789127012698,0.1159748554800439,0.025932766053409214,0.9675,0.058191494223812465,0.013012013679673102
voter,rho_2,1.0,2680,20,0.16428164414696825,0.08108860890669879,0.018131964171627338,0.9715,0.04056168142471414,0.009069867694735133
voter,rho_2,1.0,2690,20,0.165793232775113,0.10584174141840791,0.02366693286685151,0.9525,0.10070377351420352,0.022518048316850194
voter,rho_2,1.0,2700,20,0.18208369672078212,0.09018329987050629,0.02016559889457,0.94275,0.1022310495886646,0.022859557629140593
voter,rho_2,1.0,2710,20,0.20028868383883808,0.11817090011577926,0.02642381656212202,0.9460000000000001,0.1031212878119741,0.023058620947489464
voter,rho_2,1.0,2720,20,0.23856496154103035,0.11400962603061075,0.025493327389377516,0.9355,0.12405543115881705,0.027739637704916043
voter,rho_2,1.0,2730,20,0.2313830820757367,0.10884225528442106,0.024337868164035117,0.9395,0.12417628598085867,0.02776666166466541
voter,rho_2,1.0,2740,20,0.24279485919529037,0.10612906911119938,0.0237311812921415,0.9550000000000001,0.10014988766843425,0.02239419567655869
voter,rho_2,1.0,2750,20,0.2135037519791286,0.06930382543869254,0.01549680647816957,0.9345000000000001,0.13408859011862267,0.029983120251234688
voter,rho_2,1.0,2760,20,0.21382315664613372,0.10293716823151422,0.02301745055769976,0.93475,0.13449419132438395,0.030073815438018497
voter,rho_2,1.0,2770,20,0.20958945461187445,0.11264221802149577,0.025187565663241637,0.9390000000000001,0.13441168104000484,0.030055365577547042
voter,rho_2,1.0,2780,20,0.21681357676626467,0.09833955526809085,0.021989393045654868,0.94025,0.1348376338415948,0.03015061151950321
voter,rho_2,1.0,2790,20,0.1692943467408792,0.08402588949255999,0.018788760077524943,0.9582499999999999,0.09904891468360467,0.02214801063301171
voter,rho_2,1.0,2800,20,0.16643104162975136,0.07696462319723153,0.01720981293316669,0.93675,0.13064527354634764,0.029213171258868832
voter,rho_2,1.0,2810,20,0.15748726976343835,0.10613556406643526,0.023732633608283323,0.93575,0.13028118628566443,0.029131758872405898
voter,rho_2,1.0,2820,20,0.19499497701845556,0.09525305418675038,0.021299230422604478,0.92075,0.1335690364568076,0.02986694452065694
voter,rho_2,1.0,2830,20,0.1781193932420808,0.08707671560413124,0.019470945534825413,0.9345000000000001,0.10614730331007,0.023735258582960495
voter,rho_2,1.0,2840,20,0.18210114633979274,0.11063688156477287,0.024739158799742544,0.9289999999999999,0.10944861808172819,0.024473455007415684
voter,rho_2,1.0,2850,20,0.17504422682387716,0.0856218271394469,0.019145622584153962,0.9175000000000001,0.10944747598734289,0.02447319962734746
voter,rho_2,1.0,2860,20,0.20848935433747032,0.10424187278364563,0.023309191364611685,0.9215,0.11257330944766614,0.025172157237710078
voter,rho_2,1.0,2870,20,0.2010782397648177,0.10931031648696425,0.024442529830686805,0.9195,0.12147942212572464,0.027163624574051227
voter,rho_2,1.0,2880,20,0.21368379647404695,0.07192277942913536,0.016082422393427016,0.9215,0.12253672918761949,0.027400045620399972
voter,rho_2,1.0,2890,20,0.21642991251181937,0.09041589139371907,0.020217607940259404,0.9269999999999999,0.120378569521323,0.026917466448386253
voter,rho_2,1.0,2900,20,0.20979247822621727,0.08936134627618783,0.019981804483445366,0.92425,0.11921907355788333,0.026658195268997483
voter,rho_2,1.0,2910,20,0.2031206845111818,0.10066760758962427,0.02250996137026736,0.9225,0.12167066203485538,0.02720638711773395
voter,rho_2,1.0,2920,20,0.19273538932984913,0.09168032684757597,0.020500344303057888,0.93225,0.08679681733796464,0.019408358379832128
voter,rho_2,1.0,2930,20,0.20328830823721916,0.10920947304143518,0.024419980550757975,0.92925,0.08484213281147521,0.01897127763225239
voter,rho_2,1.0,2940,20,0.16849293639841276,0.10531217923034003,0.02354851916176818,0.9205,0.09582405752210663,0.021426910649928046
voter,rho_2,1.0,2950,20,0.1998770246891319,0.10237529759213657,0.022891812463278788,0.9262499999999999,0.1066521800058489,0.023848152444162204
voter,rho_2,1.0,2960,20,0.20656319980089707,0.10195819355329087,0.022798545164823922,0.9432499999999999,0.09960264805716762,0.022271829179481416
voter,rho_2,1.0,2970,20,0.20284587355758132,0.1307390504617213,0.029234140414618408,0.93,0.0979668311215587,0.02190604939280472
voter,rho_2,1.0,2980,20,0.22022633683485987,0.09853292024763305,0.02203263076952729,0.9352499999999999,0.09412060082681156,0.021046006153187354
voter,rho_2,1.0,2990,20,0.2254698115284739,0.11821173066268838,0.026432946549966745,0.91975,0.10909256390790346,0.024393838873781225
voter,rho_2,1.0,3000,20,0.18621178471681693,0.09492695287122709,0.02122631195169826,0.9339999999999999,0.11156388304464845,0.024946442632167012
