model,rho_label,eta,t,va_mean,va_stdev
voter,rho_2,0,0,0.05038012758847867,0.026687985120332717
voter,rho_2,0,50,0.3664649583108606,0.16437880081443382
voter,rho_2,0,100,0.4730087408514735,0.17484965906673558
voter,rho_2,0,150,0.5448790009196827,0.2172669659224706
voter,rho_2,0,200,0.61256800043866,0.2746654295571522
voter,rho_2,0,250,0.7287878760370754,0.2707985715629232
voter,rho_2,0,300,0.7927864227419162,0.2739157770124774
voter,rho_2,0,350,0.8388214217921874,0.2589960815654656
voter,rho_2,0,400,0.8900415162201725,0.1924799866796585
voter,rho_2,0,450,0.8998364827398779,0.19431150473256256
voter,rho_2,0,500,0.9000673749435875,0.19131697728886618
voter,rho_2,0,550,0.8923462852706006,0.21775743027738084
voter,rho_2,0,600,0.885479744532417,0.246144512997369
voter,rho_2,0,650,0.901886723453093,0.21053736054101926
voter,rho_2,0,700,0.9203139008237388,0.20542869434628563
voter,rho_2,0,750,0.9562488483004584,0.10915012741378045
voter,rho_2,0,800,0.9591269712308372,0.1257254926588655
voter,rho_2,0,850,0.9844990434812745,0.06516292657076085
voter,rho_2,0,900,1.0,2.461191921806555e-15
voter,rho_2,0,950,1.0,2.461191921806555e-15
voter,rho_2,0,1000,1.0,2.461191921806555e-15
voter,rho_2,0,1050,1.0,2.461191921806555e-15
voter,rho_2,0,1100,1.0,2.461191921806555e-15
voter,rho_2,0,1150,1.0,2.461191921806555e-15
voter,rho_2,0,1200,1.0,2.461191921806555e-15
voter,rho_2,0,1250,1.0,2.461191921806555e-15
voter,rho_2,0,1300,1.0,2.461191921806555e-15
voter,rho_2,0,1350,1.0,2.461191921806555e-15
voter,rho_2,0,1400,1.0,2.461191921806555e-15
voter,rho_2,0,1450,1.0,2.461191921806555e-15
voter,rho_2,0,1500,1.0,2.461191921806555e-15
voter,rho_2,0,1550,1.0,2.461191921806555e-15
voter,rho_2,0,1600,1.0,2.461191921806555e-15
voter,rho_2,0,1650,1.0,2.461191921806555e-15
voter,rho_2,0,1700,1.0,2.461191921806555e-15
voter,rho_2,0,1750,1.0,2.461191921806555e-15
voter,rho_2,0,1800,1.0,2.461191921806555e-15
voter,rho_2,0,1850,1.0,2.461191921806555e-15
voter,rho_2,0,1900,1.0,2.461191921806555e-15
voter,rho_2,0,1950,1.0,2.461191921806555e-15
voter,rho_2,0,2000,1.0,2.461191921806555e-15
voter,rho_2,0,2050,1.0,2.461191921806555e-15
voter,rho_2,0,2100,1.0,2.461191921806555e-15
voter,rho_2,0,2150,1.0,2.461191921806555e-15
voter,rho_2,0,2200,1.0,2.461191921806555e-15
voter,rho_2,0,2250,1.0,2.461191921806555e-15
voter,rho_2,0,2300,1.0,2.461191921806555e-15
voter,rho_2,0,2350,1.0,2.461191921806555e-15
voter,rho_2,0,2400,1.0,2.461191921806555e-15
voter,rho_2,0,2450,1.0,2.461191921806555e-15
voter,rho_2,0,2500,1.0,2.461191921806555e-15
voter,rho_2,0,2550,1.0,2.461191921806555e-15
voter,rho_2,0,2600,1.0,2.461191921806555e-15
voter,rho_2,0,2650,1.0,2.461191921806555e-15
voter,rho_2,0,2700,1.0,2.461191921806555e-15
voter,rho_2,0,2750,1.0,2.461191921806555e-15
voter,rho_2,0,2800,1.0,2.461191921806555e-15
voter,rho_2,0,2850,1.0,2.461191921806555e-15
voter,rho_2,0,2900,1.0,2.461191921806555e-15
voter,rho_2,0,2950,1.0,2.461191921806555e-15
voter,rho_2,0,3000,1.0,2.461191921806555e-15
voter,rho_2,0,3050,1.0,2.461191921806555e-15
voter,rho_2,0,3100,1.0,2.461191921806555e-15
voter,rho_2,0,3150,1.0,2.461191921806555e-15
voter,rho_2,0,3200,1.0,2.461191921806555e-15
voter,rho_2,0,3250,1.0,2.461191921806555e-15
voter,rho_2,0,3300,1.0,2.461191921806555e-15
voter,rho_2,0,3350,1.0,2.461191921806555e-15
voter,rho_2,0,3400,1.0,2.461191921806555e-15
voter,rho_2,0,3450,1.0,2.461191921806555e-15
voter,rho_2,0,3500,1.0,2.461191921806555e-15
voter,rho_2,0,3550,1.0,2.461191921806555e-15
voter,rho_2,0,3600,1.0,2.461191921806555e-15
voter,rho_2,0,3650,1.0,2.461191921806555e-15
voter,rho_2,0,3700,1.0,2.461191921806555e-15
voter,rho_2,0,3750,1.0,2.461191921806555e-15
voter,rho_2,0,3800,1.0,2.461191921806555e-15
voter,rho_2,0,3850,1.0,2.461191921806555e-15
voter,rho_2,0,3900,1.0,2.461191921806555e-15
voter,rho_2,0,3950,1.0,2.461191921806555e-15
voter,rho_2,0,4000,1.0,2.461191921806555e-15
voter,rho_2,0,4050,1.0,2.461191921806555e-15
voter,rho_2,0,4100,1.0,2.461191921806555e-15
voter,rho_2,0,4150,1.0,2.461191921806555e-15
voter,rho_2,0,4200,1.0,2.461191921806555e-15
voter,rho_2,0,4250,1.0,2.461191921806555e-15
voter,rho_2,0,4300,1.0,2.461191921806555e-15
voter,rho_2,0,4350,1.0,2.461191921806555e-15
voter,rho_2,0,4400,1.0,2.461191921806555e-15
voter,rho_2,0,4450,1.0,2.461191921806555e-15
voter,rho_2,0,4500,1.0,2.461191921806555e-15
voter,rho_2,0,4550,1.0,2.461191921806555e-15
voter,rho_2,0,4600,1.0,2.461191921806555e-15
voter,rho_2,0,4650,1.0,2.461191921806555e-15
voter,rho_2,0,4700,1.0,2.461191921806555e-15
voter,rho_2,0,4750,1.0,2.461191921806555e-15
voter,rho_2,0,4800,1.0,2.461191921806555e-15
voter,rho_2,0,4850,1.0,2.461191921806555e-15
voter,rho_2,0,4900,1.0,2.461191921806555e-15
voter,rho_2,0,4950,1.0,2.461191921806555e-15
voter,rho_2,0,5000,1.0,2.461191921806555e-15
voter,rho_2,0.050000000000000003,0,0.05888890526175668,0.03410753980440892
voter,rho_2,0.050000000000000003,50,0.35228297107893297,0.1736693020475509
voter,rho_2,0.050000000000000003,100,0.4501725892697695,0.2370723180568114
voter,rho_2,0.050000000000000003,150,0.5116658129783954,0.2877932744676482
voter,rho_2,0.050000000000000003,200,0.6223956151754917,0.3003679923640811
voter,rho_2,0.050000000000000003,250,0.7225807522361865,0.23488519348488757
voter,rho_2,0.050000000000000003,300,0.7718995219084446,0.20644781814024987
voter,rho_2,0.050000000000000003,350,0.7747249882275542,0.2511504757924093
voter,rho_2,0.050000000000000003,400,0.7965599447603144,0.20758271964899463
voter,rho_2,0.050000000000000003,450,0.8090542929479113,0.20730544829736527
voter,rho_2,0.050000000000000003,500,0.8109994487214293,0.22036877934360624
voter,rho_2,0.050000000000000003,550,0.8713946304086946,0.16103576582401688
voter,rho_2,0.050000000000000003,600,0.8981375611641573,0.1463737311009649
voter,rho_2,0.050000000000000003,650,0.8917747091958621,0.18211493264254275
voter,rho_2,0.050000000000000003,700,0.8992800042284689,0.20130405361122441
voter,rho_2,0.050000000000000003,750,0.9486871820890077,0.11264792347533882
voter,rho_2,0.050000000000000003,800,0.9504098063882946,0.10400298280977346
voter,rho_2,0.050000000000000003,850,0.9506401547397797,0.138347542907684
voter,rho_2,0.050000000000000003,900,0.9683967424423277,0.04560517315218917
voter,rho_2,0.050000000000000003,950,0.9684998800915361,0.041494331475564326
voter,rho_2,0.050000000000000003,1000,0.9599553475624891,0.0719490334259678
voter,rho_2,0.050000000000000003,1050,0.9625034005778467,0.0340426569203999
voter,rho_2,0.050000000000000003,1100,0.9716670185538886,0.01921139870214054
voter,rho_2,0.050000000000000003,1150,0.9735771833391638,0.022213146300583665
voter,rho_2,0.050000000000000003,1200,0.9741806776769939,0.01976152982594395
voter,rho_2,0.050000000000000003,1250,0.9716235703620308,0.029740462388024278
voter,rho_2,0.050000000000000003,1300,0.976506043405297,0.02772607625452403
voter,rho_2,0.050000000000000003,1350,0.973102932156349,0.030987751842556262
voter,rho_2,0.050000000000000003,1400,0.9736698233757959,0.027827349240453693
voter,rho_2,0.050000000000000003,1450,0.9778401301808837,0.019737500819510447
voter,rho_2,0.050000000000000003,1500,0.9827047414666475,0.012716593111723648
voter,rho_2,0.050000000000000003,1550,0.981198171633841,0.013395647918064682
voter,rho_2,0.050000000000000003,1600,0.9816361559069746,0.010253644523847959
voter,rho_2,0.050000000000000003,1650,0.9788199990043571,0.01547365087996576
voter,rho_2,0.050000000000000003,1700,0.9756260048826357,0.017265688766862852
voter,rho_2,0.050000000000000003,1750,0.9797113690637882,0.017779050377929123
voter,rho_2,0.050000000000000003,1800,0.9781576755516914,0.01290013299929893
voter,rho_2,0.050000000000000003,1850,0.9774534654715292,0.014002117316242197
voter,rho_2,0.050000000000000003,1900,0.9766745559953831,0.015659639136161363
voter,rho_2,0.050000000000000003,1950,0.975189622618361,0.016928978112552596
voter,rho_2,0.050000000000000003,2000,0.971328337546675,0.03131882548987533
voter,rho_2,0.050000000000000003,2050,0.9732244301275752,0.028986844296513537
voter,rho_2,0.050000000000000003,2100,0.9716249553899432,0.024852064234403167
voter,rho_2,0.050000000000000003,2150,0.971106947502642,0.02500270286924244
voter,rho_2,0.050000000000000003,2200,0.9700929258007193,0.02466686242933228
voter,rho_2,0.050000000000000003,2250,0.9721428960672107,0.021147645601195277
voter,rho_2,0.050000000000000003,2300,0.9755027816853052,0.016959154252887732
voter,rho_2,0.050000000000000003,2350,0.9714568628389474,0.02316202092996213
voter,rho_2,0.050000000000000003,2400,0.9740675397990515,0.025004239549199364
voter,rho_2,0.050000000000000003,2450,0.9748308759453004,0.02268070182214452
voter,rho_2,0.050000000000000003,2500,0.9739048624376485,0.028785506129931582
voter,rho_2,0.050000000000000003,2550,0.9699521226086201,0.04876578195765669
voter,rho_2,0.050000000000000003,2600,0.968256442236392,0.050295146618524605
voter,rho_2,0.050000000000000003,2650,0.9649698983748014,0.05819049601686251
voter,rho_2,0.050000000000000003,2700,0.9645426908585419,0.0564293188718867
voter,rho_2,0.050000000000000003,2750,0.9562623262051353,0.07068398600151585
voter,rho_2,0.050000000000000003,2800,0.960659219541989,0.061499285767607756
voter,rho_2,0.050000000000000003,2850,0.9699074287666241,0.039259200650197605
voter,rho_2,0.050000000000000003,2900,0.9756430326663488,0.017747892289261172
voter,rho_2,0.050000000000000003,2950,0.9733665672377911,0.019896353362042558
voter,rho_2,0.050000000000000003,3000,0.9718350491730705,0.025044624266800816
voter,rho_2,0.050000000000000003,3050,0.974689365933217,0.02686408266565741
voter,rho_2,0.050000000000000003,3100,0.9769975290292118,0.033637868846759525
voter,rho_2,0.050000000000000003,3150,0.9845660381748622,0.010382656653842975
voter,rho_2,0.050000000000000003,3200,0.9851478009647648,0.009600001825398925
voter,rho_2,0.050000000000000003,3250,0.9805369852081659,0.01277675309815292
voter,rho_2,0.050000000000000003,3300,0.9782805528362839,0.01731097944567088
voter,rho_2,0.050000000000000003,3350,0.9792967151696068,0.016510268777798227
voter,rho_2,0.050000000000000003,3400,0.9758120188326359,0.017960371415223598
voter,rho_2,0.050000000000000003,3450,0.9721869166361911,0.029444083148045804
voter,rho_2,0.050000000000000003,3500,0.975313051871894,0.020610947223492142
voter,rho_2,0.050000000000000003,3550,0.9781181940344327,0.014218477324549427
voter,rho_2,0.050000000000000003,3600,0.9814324991772114,0.014181703961152587
voter,rho_2,0.050000000000000003,3650,0.981680656151459,0.013594635759727644
voter,rho_2,0.050000000000000003,3700,0.9767289692765708,0.019659116389327203
voter,rho_2,0.050000000000000003,3750,0.9763057697402955,0.01916616242587216
voter,rho_2,0.050000000000000003,3800,0.9736533265349087,0.027797499072791408
voter,rho_2,0.050000000000000003,3850,0.9742191272108025,0.030911041927365292
voter,rho_2,0.050000000000000003,3900,0.9705086200807704,0.027751531553002907
voter,rho_2,0.050000000000000003,3950,0.9657303447514389,0.03900698129044426
voter,rho_2,0.050000000000000003,4000,0.9629742699607521,0.039506640830017085
voter,rho_2,0.050000000000000003,4050,0.9681836909611741,0.03729744190498968
voter,rho_2,0.050000000000000003,4100,0.9737513278387592,0.024229517644862312
voter,rho_2,0.050000000000000003,4150,0.9773266844064681,0.03179056663548726
voter,rho_2,0.050000000000000003,4200,0.9768452437324038,0.02862991819419653
voter,rho_2,0.050000000000000003,4250,0.9838998724016319,0.013666529520106005
voter,rho_2,0.050000000000000003,4300,0.9795994984466908,0.014135122959715524
voter,rho_2,0.050000000000000003,4350,0.9735733573207732,0.0247790667362999
voter,rho_2,0.050000000000000003,4400,0.9788804899725593,0.017232918092097087
voter,rho_2,0.050000000000000003,4450,0.9814536247603673,0.01143526045560177
voter,rho_2,0.050000000000000003,4500,0.9829477747144674,0.00980940899471647
voter,rho_2,0.050000000000000003,4550,0.9851407422828725,0.007377806941339646
voter,rho_2,0.050000000000000003,4600,0.9813712685276339,0.010533757055142791
voter,rho_2,0.050000000000000003,4650,0.9797542004155859,0.011743951185923765
voter,rho_2,0.050000000000000003,4700,0.9784582921457355,0.018265857942788098
voter,rho_2,0.050000000000000003,4750,0.9744610552659762,0.01910864531820275
voter,rho_2,0.050000000000000003,4800,0.9693499299926722,0.031879100803297776
voter,rho_2,0.050000000000000003,4850,0.9687149288489426,0.04480824138562204
voter,rho_2,0.050000000000000003,4900,0.9768504260667606,0.01913338517539426
voter,rho_2,0.050000000000000003,4950,0.9710177919480101,0.029802364461167883
voter,rho_2,0.050000000000000003,5000,0.9720638760688715,0.026566105983515456
voter,rho_2,0.10000000000000001,0,0.056872166466454974,0.029884044913583298
voter,rho_2,0.10000000000000001,50,0.30937474598401404,0.16166839563404076
voter,rho_2,0.10000000000000001,100,0.4597052247442138,0.20691650235475353
voter,rho_2,0.10000000000000001,150,0.6306463581684507,0.22836731609204214
voter,rho_2,0.10000000000000001,200,0.7005477943466876,0.2526884897518056
voter,rho_2,0.10000000000000001,250,0.7787656871578144,0.22025021563998665
voter,rho_2,0.10000000000000001,300,0.7907154903798426,0.19284340183918217
voter,rho_2,0.10000000000000001,350,0.8231716414179095,0.1921498187603546
voter,rho_2,0.10000000000000001,400,0.8624271211512513,0.15051582030634245
voter,rho_2,0.10000000000000001,450,0.8949313420555827,0.0552399243057057
voter,rho_2,0.10000000000000001,500,0.8812735056787572,0.07146883103797251
voter,rho_2,0.10000000000000001,550,0.8943862476013915,0.06925701479905846
voter,rho_2,0.10000000000000001,600,0.8696409613535167,0.12613804418341854
voter,rho_2,0.10000000000000001,650,0.8887030797228699,0.08679901083401736
voter,rho_2,0.10000000000000001,700,0.913302444215755,0.0635656840270512
voter,rho_2,0.10000000000000001,750,0.8728731952782269,0.1025425550856902
voter,rho_2,0.10000000000000001,800,0.8782315529110747,0.07130349161794478
voter,rho_2,0.10000000000000001,850,0.8844665693579792,0.0764153384615079
voter,rho_2,0.10000000000000001,900,0.881556859027692,0.0922676547504672
voter,rho_2,0.10000000000000001,950,0.8828343530552255,0.10457681310614639
voter,rho_2,0.10000000000000001,1000,0.8688628810095711,0.12308941135740857
voter,rho_2,0.10000000000000001,1050,0.8845593802754544,0.12725708546430614
voter,rho_2,0.10000000000000001,1100,0.8753797772143386,0.1680797279995121
voter,rho_2,0.10000000000000001,1150,0.9068573102623677,0.08061817469258438
voter,rho_2,0.10000000000000001,1200,0.9113480109940776,0.07098527825260799
voter,rho_2,0.10000000000000001,1250,0.9219443410448257,0.071003501841259
voter,rho_2,0.10000000000000001,1300,0.9017732992975596,0.07696302752227391
voter,rho_2,0.10000000000000001,1350,0.9228466849030523,0.05929105063884316
voter,rho_2,0.10000000000000001,1400,0.9189278633716847,0.05073427209186576
voter,rho_2,0.10000000000000001,1450,0.8994245202046216,0.08155834170175838
voter,rho_2,0.10000000000000001,1500,0.8952118673730007,0.0759392256760166
voter,rho_2,0.10000000000000001,1550,0.8894248865266701,0.08896075205742966
voter,rho_2,0.10000000000000001,1600,0.88980338811047,0.0828321476399766
voter,rho_2,0.10000000000000001,1650,0.8792183814098031,0.10597740687758987
voter,rho_2,0.10000000000000001,1700,0.8762112476794888,0.13386391013790386
voter,rho_2,0.10000000000000001,1750,0.8709040647851838,0.13093191075808214
voter,rho_2,0.10000000000000001,1800,0.8775511655352375,0.13339968341407465
voter,rho_2,0.10000000000000001,1850,0.8792728985205253,0.14247984594541988
voter,rho_2,0.10000000000000001,1900,0.8894012412429688,0.12313658469639321
voter,rho_2,0.10000000000000001,1950,0.8882670469231984,0.11359281920180808
voter,rho_2,0.10000000000000001,2000,0.8554234828684238,0.1962543633210366
voter,rho_2,0.10000000000000001,2050,0.887338071277607,0.09595394792566458
voter,rho_2,0.10000000000000001,2100,0.9058601459008437,0.05338702228806911
voter,rho_2,0.10000000000000001,2150,0.9054686998334786,0.05888343736978592
voter,rho_2,0.10000000000000001,2200,0.8920939902317124,0.08721530135854604
voter,rho_2,0.10000000000000001,2250,0.8894226991682433,0.09638778027896593
voter,rho_2,0.10000000000000001,2300,0.8930851604842838,0.16337366748987106
voter,rho_2,0.10000000000000001,2350,0.8746265386486611,0.22111861562493215
voter,rho_2,0.10000000000000001,2400,0.9015271667637619,0.137243357849221
voter,rho_2,0.10000000000000001,2450,0.9318067075212417,0.09244715004849927
voter,rho_2,0.10000000000000001,2500,0.9257757727334275,0.08996461291020644
voter,rho_2,0.10000000000000001,2550,0.8943932648573361,0.17267493233136233
voter,rho_2,0.10000000000000001,2600,0.896046886817061,0.16939871151292132
voter,rho_2,0.10000000000000001,2650,0.8981062032757604,0.11277339993017302
voter,rho_2,0.10000000000000001,2700,0.8936651732233184,0.08479639469816289
voter,rho_2,0.10000000000000001,2750,0.9008007453692517,0.06680942052234334
voter,rho_2,0.10000000000000001,2800,0.895836406974739,0.08471657628287925
voter,rho_2,0.10000000000000001,2850,0.8913336712427637,0.10336667868133725
voter,rho_2,0.10000000000000001,2900,0.8987896496227128,0.07937598132851924
voter,rho_2,0.10000000000000001,2950,0.8877499480138255,0.08776667501989673
voter,rho_2,0.10000000000000001,3000,0.9076052460097038,0.06806481391372014
voter,rho_2,0.10000000000000001,3050,0.8953964637768432,0.07058105541119826
voter,rho_2,0.10000000000000001,3100,0.8985845529519478,0.08510842795419667
voter,rho_2,0.10000000000000001,3150,0.905446618358033,0.07555917819887066
voter,rho_2,0.10000000000000001,3200,0.8950695585188427,0.10150403235005842
voter,rho_2,0.10000000000000001,3250,0.8987493306498193,0.12627250949227184
voter,rho_2,0.10000000000000001,3300,0.9006781346188228,0.10212538371912419
voter,rho_2,0.10000000000000001,3350,0.9067227678857618,0.09530969404530464
voter,rho_2,0.10000000000000001,3400,0.8858626244216465,0.08769229731343953
voter,rho_2,0.10000000000000001,3450,0.8975787656443346,0.07413118002696986
voter,rho_2,0.10000000000000001,3500,0.9049076173844484,0.06812165940656933
voter,rho_2,0.10000000000000001,3550,0.9076839972419892,0.07669344236100503
voter,rho_2,0.10000000000000001,3600,0.9140386143578494,0.0745939493343047
voter,rho_2,0.10000000000000001,3650,0.9061591909564463,0.0822068647365998
voter,rho_2,0.10000000000000001,3700,0.9226066087493535,0.05306031101751903
voter,rho_2,0.10000000000000001,3750,0.9218819241735849,0.053222837832186
voter,rho_2,0.10000000000000001,3800,0.9175962252229872,0.05153784303284851
voter,rho_2,0.10000000000000001,3850,0.9195728015096621,0.057770895043878404
voter,rho_2,0.10000000000000001,3900,0.92833806236203,0.0472754123236135
voter,rho_2,0.10000000000000001,3950,0.9089171820876226,0.0663313786286373
voter,rho_2,0.10000000000000001,4000,0.9220225688667636,0.06501116319684584
voter,rho_2,0.10000000000000001,4050,0.9086367200575263,0.08101242072592298
voter,rho_2,0.10000000000000001,4100,0.9277214482352939,0.05691426330742181
voter,rho_2,0.10000000000000001,4150,0.9364804224530603,0.06640747034564488
voter,rho_2,0.10000000000000001,4200,0.9243369961763344,0.09137367975342842
voter,rho_2,0.10000000000000001,4250,0.9254802485198337,0.08692311427119978
voter,rho_2,0.10000000000000001,4300,0.9216219064351723,0.08818382081948482
voter,rho_2,0.10000000000000001,4350,0.9170427963267741,0.10985020964028239
voter,rho_2,0.10000000000000001,4400,0.9176011066627812,0.09323941547724154
voter,rho_2,0.10000000000000001,4450,0.9213949010415383,0.09362246243465994
voter,rho_2,0.10000000000000001,4500,0.917586896400811,0.09546504782755277
voter,rho_2,0.10000000000000001,4550,0.9137755462238968,0.08395036684229348
voter,rho_2,0.10000000000000001,4600,0.9067477053408723,0.1223264234525707
voter,rho_2,0.10000000000000001,4650,0.9111680734509833,0.10590468029201942
voter,rho_2,0.10000000000000001,4700,0.9133486558253789,0.08853126158743313
voter,rho_2,0.10000000000000001,4750,0.903046208440362,0.08254551918333064
voter,rho_2,0.10000000000000001,4800,0.9083596525927028,0.08176776297111481
voter,rho_2,0.10000000000000001,4850,0.9028329249900373,0.07941606080439705
voter,rho_2,0.10000000000000001,4900,0.8893402036243971,0.10095489545186431
voter,rho_2,0.10000000000000001,4950,0.8868989405745321,0.11317215130640164
voter,rho_2,0.10000000000000001,5000,0.8982525019816062,0.07859031053850112
voter,rho_2,0.14999999999999999,0,0.05179851568974551,0.020726541748405942
voter,rho_2,0.14999999999999999,50,0.4227469746138663,0.23908218467579354
voter,rho_2,0.14999999999999999,100,0.5227279148367048,0.22805177321901907
voter,rho_2,0.14999999999999999,150,0.5484789238191511,0.2387904168788456
voter,rho_2,0.14999999999999999,200,0.6069308649097729,0.25782990517771154
voter,rho_2,0.14999999999999999,250,0.654146199719597,0.1975639449109036
voter,rho_2,0.14999999999999999,300,0.6947782660117297,0.2162661604309335
voter,rho_2,0.14999999999999999,350,0.7736443970270546,0.170495375066737
voter,rho_2,0.14999999999999999,400,0.790595963033043,0.11673075418268783
voter,rho_2,0.14999999999999999,450,0.7879018515823257,0.1582707199401359
voter,rho_2,0.14999999999999999,500,0.7964996215223208,0.15081749030380265
voter,rho_2,0.14999999999999999,550,0.791799025187974,0.1666620387931473
voter,rho_2,0.14999999999999999,600,0.8205836808761336,0.1319187730007665
voter,rho_2,0.14999999999999999,650,0.829467102821227,0.14917424468239376
voter,rho_2,0.14999999999999999,700,0.8700690235393672,0.10063814108465367
voter,rho_2,0.14999999999999999,750,0.8661352835341022,0.08187785001792362
voter,rho_2,0.14999999999999999,800,0.8537735153575655,0.11104446326173989
voter,rho_2,0.14999999999999999,850,0.8357362584361677,0.13930565367449094
voter,rho_2,0.14999999999999999,900,0.8211132812317844,0.13754186298026536
voter,rho_2,0.14999999999999999,950,0.8216835697643411,0.11491686270099433
voter,rho_2,0.14999999999999999,1000,0.8138598829853944,0.11616521216385688
voter,rho_2,0.14999999999999999,1050,0.8216561669973771,0.12326979593044769
voter,rho_2,0.14999999999999999,1100,0.8338908454564258,0.1360575777917335
voter,rho_2,0.14999999999999999,1150,0.864931138519361,0.08415172539182161
voter,rho_2,0.14999999999999999,1200,0.8667852099738524,0.060021149314948535
voter,rho_2,0.14999999999999999,1250,0.8732097290876537,0.0941290876660285
voter,rho_2,0.14999999999999999,1300,0.8647422048685722,0.10344410395830711
voter,rho_2,0.14999999999999999,1350,0.8739031273855746,0.08186777722734777
voter,rho_2,0.14999999999999999,1400,0.8594377192872636,0.05930780576575456
voter,rho_2,0.14999999999999999,1450,0.8478510867728672,0.08246300083131788
voter,rho_2,0.14999999999999999,1500,0.8486111832905069,0.10357550465369389
voter,rho_2,0.14999999999999999,1550,0.841785328329553,0.10924567972106553
voter,rho_2,0.14999999999999999,1600,0.8112487853558106,0.15760786628229448
voter,rho_2,0.14999999999999999,1650,0.8017215892820575,0.1736808942455345
voter,rho_2,0.14999999999999999,1700,0.8033109673439336,0.1685727556990802
voter,rho_2,0.14999999999999999,1750,0.8344056193877879,0.15619567168258786
voter,rho_2,0.14999999999999999,1800,0.8328600803949167,0.15298842373954216
voter,rho_2,0.14999999999999999,1850,0.8555071321847473,0.12134737402506961
voter,rho_2,0.14999999999999999,1900,0.8419826414160795,0.07141608217257565
voter,rho_2,0.14999999999999999,1950,0.8545456822110008,0.06761163372932198
voter,rho_2,0.14999999999999999,2000,0.8300895494489595,0.08843306177322995
voter,rho_2,0.14999999999999999,2050,0.8293506569366468,0.12038598496531479
voter,rho_2,0.14999999999999999,2100,0.8356692838085662,0.12700989587178435
voter,rho_2,0.14999999999999999,2150,0.8284744593646151,0.14637379608834306
voter,rho_2,0.14999999999999999,2200,0.8242765846843882,0.19035383269570036
voter,rho_2,0.14999999999999999,2250,0.8895593156799777,0.05299589306911246
voter,rho_2,0.14999999999999999,2300,0.8377399256896695,0.10578581253058482
voter,rho_2,0.14999999999999999,2350,0.8443259627367224,0.14667431421853042
voter,rho_2,0.14999999999999999,2400,0.8247923205578799,0.1645970161151826
voter,rho_2,0.14999999999999999,2450,0.8340363936499635,0.19401151261854632
voter,rho_2,0.14999999999999999,2500,0.8458431992570986,0.18181209029985543
voter,rho_2,0.14999999999999999,2550,0.843543422251674,0.17875924149464129
voter,rho_2,0.14999999999999999,2600,0.7915247550927662,0.1531242493977167
voter,rho_2,0.14999999999999999,2650,0.8085419817520265,0.14739447425571162
voter,rho_2,0.14999999999999999,2700,0.8261667796622192,0.11303806737989669
voter,rho_2,0.14999999999999999,2750,0.8536397259100312,0.11736753075677823
voter,rho_2,0.14999999999999999,2800,0.848156546552502,0.11157933564403513
voter,rho_2,0.14999999999999999,2850,0.8355315691670183,0.12380838974860171
voter,rho_2,0.14999999999999999,2900,0.8427537606971891,0.10837429176100986
voter,rho_2,0.14999999999999999,2950,0.8747219157565856,0.07288004080768579
voter,rho_2,0.14999999999999999,3000,0.8544624195522816,0.1260277687304626
voter,rho_2,0.14999999999999999,3050,0.8567646852355828,0.10824573782807499
voter,rho_2,0.14999999999999999,3100,0.8438612858931027,0.09201509231570836
voter,rho_2,0.14999999999999999,3150,0.8502888244601394,0.08902067697512367
voter,rho_2,0.14999999999999999,3200,0.8382418273484975,0.13204946666779913
voter,rho_2,0.14999999999999999,3250,0.8457461241547246,0.17436209867268662
voter,rho_2,0.14999999999999999,3300,0.843200084456997,0.14346630471960012
voter,rho_2,0.14999999999999999,3350,0.8058806383683033,0.14887475493409702
voter,rho_2,0.14999999999999999,3400,0.8384885947615175,0.10358379043349472
voter,rho_2,0.14999999999999999,3450,0.8513384973040349,0.1011202440621035
voter,rho_2,0.14999999999999999,3500,0.8372690954602149,0.1255712253556191
voter,rho_2,0.14999999999999999,3550,0.8464912085554124,0.09959181966006429
voter,rho_2,0.14999999999999999,3600,0.8603482868123373,0.11122884516413051
voter,rho_2,0.14999999999999999,3650,0.8249525236293727,0.13068246916026444
voter,rho_2,0.14999999999999999,3700,0.8243674633551142,0.14021874574789886
voter,rho_2,0.14999999999999999,3750,0.8316091183276736,0.1569000457471332
voter,rho_2,0.14999999999999999,3800,0.818995692558293,0.14078408361751574
voter,rho_2,0.14999999999999999,3850,0.8665599310986686,0.10763762197167573
voter,rho_2,0.14999999999999999,3900,0.8726903419280128,0.11609142366422529
voter,rho_2,0.14999999999999999,3950,0.8233078118606368,0.16574925884265365
voter,rho_2,0.14999999999999999,4000,0.8676035586057109,0.0732657158787528
voter,rho_2,0.14999999999999999,4050,0.8781892409586056,0.0611547666906507
voter,rho_2,0.14999999999999999,4100,0.8846695494659678,0.061794115294040615
voter,rho_2,0.14999999999999999,4150,0.8811383814932053,0.07073006089636769
voter,rho_2,0.14999999999999999,4200,0.8663428984025614,0.08820272942636233
voter,rho_2,0.14999999999999999,4250,0.8501870453267971,0.09905334770895848
voter,rho_2,0.14999999999999999,4300,0.8743730571821512,0.0609694436408353
voter,rho_2,0.14999999999999999,4350,0.8376487405523385,0.11957164668961517
voter,rho_2,0.14999999999999999,4400,0.8344245037801683,0.09902227122054208
voter,rho_2,0.14999999999999999,4450,0.8339186422132675,0.12519781435473337
voter,rho_2,0.14999999999999999,4500,0.8362681332392989,0.13089788870611171
voter,rho_2,0.14999999999999999,4550,0.8506666801535268,0.10537950159425143
voter,rho_2,0.14999999999999999,4600,0.8649244955469273,0.12477541493819663
voter,rho_2,0.14999999999999999,4650,0.8547581529061496,0.1049970693719202
voter,rho_2,0.14999999999999999,4700,0.8497721810479272,0.12089386669671014
voter,rho_2,0.14999999999999999,4750,0.862677895448557,0.08377317229522534
voter,rho_2,0.14999999999999999,4800,0.8290450918265991,0.12902780273913955
voter,rho_2,0.14999999999999999,4850,0.85356805230471,0.11501279664864057
voter,rho_2,0.14999999999999999,4900,0.8429712745091917,0.12944373840902648
voter,rho_2,0.14999999999999999,4950,0.8691992436551829,0.0898939051890836
voter,rho_2,0.14999999999999999,5000,0.8554818158104978,0.10640049620583616
voter,rho_2,0.20000000000000001,0,0.06564528633033515,0.028938896581004486
voter,rho_2,0.20000000000000001,50,0.3378372004713574,0.18969626956387706
voter,rho_2,0.20000000000000001,100,0.40085418756250196,0.19464889616376618
voter,rho_2,0.20000000000000001,150,0.5219129140595502,0.19208596922073493
voter,rho_2,0.20000000000000001,200,0.5813287749930451,0.22192931435988789
voter,rho_2,0.20000000000000001,250,0.613263770212403,0.19803362242565145
voter,rho_2,0.20000000000000001,300,0.6870278388661252,0.1460250338879131
voter,rho_2,0.20000000000000001,350,0.6412128889209252,0.17896023223873272
voter,rho_2,0.20000000000000001,400,0.6709696225352448,0.21599150326566996
voter,rho_2,0.20000000000000001,450,0.7107118594470208,0.1823874387010147
voter,rho_2,0.20000000000000001,500,0.6903346093869217,0.20326507369333754
voter,rho_2,0.20000000000000001,550,0.6767312269898842,0.19103845248436443
voter,rho_2,0.20000000000000001,600,0.7221601775876032,0.19012357350472406
voter,rho_2,0.20000000000000001,650,0.7094306331774147,0.1428138706635554
voter,rho_2,0.20000000000000001,700,0.7130159547800929,0.1638683373930069
voter,rho_2,0.20000000000000001,750,0.7268666557706555,0.15118991312991623
voter,rho_2,0.20000000000000001,800,0.726436900442383,0.20557166800075827
voter,rho_2,0.20000000000000001,850,0.7198794543379639,0.17601725456026177
voter,rho_2,0.20000000000000001,900,0.6918508836218404,0.15199936713752993
voter,rho_2,0.20000000000000001,950,0.7413801389512942,0.1443655443921492
voter,rho_2,0.20000000000000001,1000,0.762062268254666,0.14329980404187181
voter,rho_2,0.20000000000000001,1050,0.7333392262261332,0.17664926086118943
voter,rho_2,0.20000000000000001,1100,0.7388556215888198,0.1773685463844807
voter,rho_2,0.20000000000000001,1150,0.6804622727776464,0.19745897864001583
voter,rho_2,0.20000000000000001,1200,0.6812250896312908,0.20829111632051675
voter,rho_2,0.20000000000000001,1250,0.6939761912791722,0.19579667300813217
voter,rho_2,0.20000000000000001,1300,0.7037014785646077,0.17715711656224575
voter,rho_2,0.20000000000000001,1350,0.6856567731346778,0.1858104302839237
voter,rho_2,0.20000000000000001,1400,0.7167875697448222,0.16702866596033605
voter,rho_2,0.20000000000000001,1450,0.7422845731156064,0.16779183456439056
voter,rho_2,0.20000000000000001,1500,0.7253738043628701,0.18579225104525482
voter,rho_2,0.20000000000000001,1550,0.7271088252445368,0.19954610286649757
voter,rho_2,0.20000000000000001,1600,0.7486196536325351,0.10793747923714192
voter,rho_2,0.20000000000000001,1650,0.7620730608824312,0.11191335846500144
voter,rho_2,0.20000000000000001,1700,0.794893673709717,0.11169132237736043
voter,rho_2,0.20000000000000001,1750,0.7759872171645191,0.12028170165182943
voter,rho_2,0.20000000000000001,1800,0.7705784199361122,0.16693056239227785
voter,rho_2,0.20000000000000001,1850,0.7672162128233844,0.16859506243208208
voter,rho_2,0.20000000000000001,1900,0.7596297239141451,0.13416400875985166
voter,rho_2,0.20000000000000001,1950,0.7847036026196778,0.12690692203977644
voter,rho_2,0.20000000000000001,2000,0.7674349290293001,0.13510947755165437
voter,rho_2,0.20000000000000001,2050,0.7511779730612418,0.17595303326498615
voter,rho_2,0.20000000000000001,2100,0.7453300550740288,0.13279654104358563
voter,rho_2,0.20000000000000001,2150,0.7337789537766151,0.10212178919815254
voter,rho_2,0.20000000000000001,2200,0.7415827090281679,0.15641767060671158
voter,rho_2,0.20000000000000001,2250,0.7711992712188567,0.12819964194979935
voter,rho_2,0.20000000000000001,2300,0.7173815528988104,0.18353382656365508
voter,rho_2,0.20000000000000001,2350,0.6877155886672258,0.2091560133832235
voter,rho_2,0.20000000000000001,2400,0.6814175921719922,0.18602015559252305
voter,rho_2,0.20000000000000001,2450,0.7193818809911945,0.1433897392475256
voter,rho_2,0.20000000000000001,2500,0.7372949388945785,0.14399705577431315
voter,rho_2,0.20000000000000001,2550,0.7388281067838344,0.17981425673651114
voter,rho_2,0.20000000000000001,2600,0.7200882594106315,0.18883521629932526
voter,rho_2,0.20000000000000001,2650,0.6720133805905484,0.20015782343241878
voter,rho_2,0.20000000000000001,2700,0.6607619114189498,0.23105875098663956
voter,rho_2,0.20000000000000001,2750,0.7180068355709093,0.21117846095297743
voter,rho_2,0.20000000000000001,2800,0.7633789765090634,0.18259593018123518
voter,rho_2,0.20000000000000001,2850,0.7773586118639881,0.21786717892696442
voter,rho_2,0.20000000000000001,2900,0.7837830670611451,0.17710550123103377
voter,rho_2,0.20000000000000001,2950,0.7817274847512501,0.16513692937662475
voter,rho_2,0.20000000000000001,3000,0.7430469889020094,0.16807942555444835
voter,rho_2,0.20000000000000001,3050,0.7851888858671856,0.14528879321493102
voter,rho_2,0.20000000000000001,3100,0.8007461977036205,0.11610441603527663
voter,rho_2,0.20000000000000001,3150,0.7675030407190697,0.12711275441525202
voter,rho_2,0.20000000000000001,3200,0.7926970407549497,0.12676173607530483
voter,rho_2,0.20000000000000001,3250,0.7592208570051948,0.14017346402939213
voter,rho_2,0.20000000000000001,3300,0.7529267221114427,0.15253940143660166
voter,rho_2,0.20000000000000001,3350,0.734132288294671,0.1964544853566987
voter,rho_2,0.20000000000000001,3400,0.7524517769368089,0.10145553206438787
voter,rho_2,0.20000000000000001,3450,0.7755196358915752,0.10738556863451273
voter,rho_2,0.20000000000000001,3500,0.7696452904774518,0.1431724951217679
voter,rho_2,0.20000000000000001,3550,0.7138563390236738,0.16530788039615804
voter,rho_2,0.20000000000000001,3600,0.6985933906612185,0.1980312846222451
voter,rho_2,0.20000000000000001,3650,0.6825202586401597,0.24657687801497621
voter,rho_2,0.20000000000000001,3700,0.7424739219103066,0.21979379876513375
voter,rho_2,0.20000000000000001,3750,0.7707803568605234,0.14245844386015402
voter,rho_2,0.20000000000000001,3800,0.7720519251814673,0.13596870983331716
voter,rho_2,0.20000000000000001,3850,0.7613251265907766,0.15442682767069404
voter,rho_2,0.20000000000000001,3900,0.770489268000138,0.15290184278729077
voter,rho_2,0.20000000000000001,3950,0.7792683907595869,0.146165577405609
voter,rho_2,0.20000000000000001,4000,0.7451855010051609,0.12491083988745363
voter,rho_2,0.20000000000000001,4050,0.7483220535269379,0.17065900923007432
voter,rho_2,0.20000000000000001,4100,0.7695572490561058,0.14819302102043755
voter,rho_2,0.20000000000000001,4150,0.7227633545340535,0.2199349084615807
voter,rho_2,0.20000000000000001,4200,0.7445577350414807,0.2181257801253838
voter,rho_2,0.20000000000000001,4250,0.7565765828748721,0.19168719133017914
voter,rho_2,0.20000000000000001,4300,0.7290749771758004,0.16332713554014858
voter,rho_2,0.20000000000000001,4350,0.7707952949891432,0.12032967291875045
voter,rho_2,0.20000000000000001,4400,0.7519019944233943,0.12355300659284821
voter,rho_2,0.20000000000000001,4450,0.7266456098986359,0.16146591533633498
voter,rho_2,0.20000000000000001,4500,0.6994608268506519,0.15313639146740382
voter,rho_2,0.20000000000000001,4550,0.6906716107867499,0.14983106463470422
voter,rho_2,0.20000000000000001,4600,0.6702586193976374,0.23217751413362855
voter,rho_2,0.20000000000000001,4650,0.6471965198899343,0.20712535784891034
voter,rho_2,0.20000000000000001,4700,0.6348594632236877,0.21947290591290763
voter,rho_2,0.20000000000000001,4750,0.6199956534152126,0.22336285193352473
voter,rho_2,0.20000000000000001,4800,0.6493381394552931,0.24764471651282133
voter,rho_2,0.20000000000000001,4850,0.6990363662210686,0.21588619208407014
voter,rho_2,0.20000000000000001,4900,0.6632205550499128,0.22583160949962783
voter,rho_2,0.20000000000000001,4950,0.7326230835506913,0.1601465556487089
voter,rho_2,0.20000000000000001,5000,0.7069214617932299,0.23501980992360103
voter,rho_4,0,0,0.04129096194500265,0.01891444573763811
voter,rho_4,0,50,0.27791166595736694,0.15487535692737442
voter,rho_4,0,100,0.4155851100595713,0.19538713347543807
voter,rho_4,0,150,0.5131283930859676,0.22996167360283196
voter,rho_4,0,200,0.6139659521247238,0.27209572397387705
voter,rho_4,0,250,0.6983921607101202,0.22481640569662317
voter,rho_4,0,300,0.7483622225440256,0.2358659673645908
voter,rho_4,0,350,0.7684099378099436,0.2301513856252432
voter,rho_4,0,400,0.7668038771157587,0.2682749356006747
voter,rho_4,0,450,0.8110110135630348,0.24559704791222614
voter,rho_4,0,500,0.8027979801725411,0.2628801236437154
voter,rho_4,0,550,0.8477947424365391,0.19921253622829077
voter,rho_4,0,600,0.864270128997316,0.18408829800936166
voter,rho_4,0,650,0.8849050585389904,0.17954484614677566
voter,rho_4,0,700,0.8901517308760674,0.16194951204376226
voter,rho_4,0,750,0.8616404712990325,0.23549588062188084
voter,rho_4,0,800,0.9148325947597474,0.1514602366137737
voter,rho_4,0,850,0.9091415826041775,0.1994185371332937
voter,rho_4,0,900,0.923939859792239,0.16497567858092252
voter,rho_4,0,950,0.9449531614460465,0.12490452864459826
voter,rho_4,0,1000,0.9675160430405256,0.08066532631756611
voter,rho_4,0,1050,0.9739730189353454,0.09368754799544633
voter,rho_4,0,1100,0.9724286997761388,0.09356726658692845
voter,rho_4,0,1150,0.9515322431254576,0.18184327787646792
voter,rho_4,0,1200,0.9479997487753465,0.20225891360923678
voter,rho_4,0,1250,0.9590272161906549,0.15199400228036164
voter,rho_4,0,1300,0.9722434848991741,0.09527907845497019
voter,rho_4,0,1350,0.9703134668150131,0.10196723976545984
voter,rho_4,0,1400,0.968575879868472,0.10923694770568917
voter,rho_4,0,1450,0.9866770223744016,0.03998399489863957
voter,rho_4,0,1500,0.9924019604068326,0.027926985218629415
voter,rho_4,0,1550,0.9929861677236562,0.030572586099523312
voter,rho_4,0,1600,0.9931195559126944,0.029991160463244345
voter,rho_4,0,1650,0.9938158386929672,0.026956134187907963
voter,rho_4,0,1700,0.995980061697758,0.01752250481873912
voter,rho_4,0,1750,0.997158840267242,0.012384328157546146
voter,rho_4,0,1800,0.9973717680478773,0.011456197479484974
voter,rho_4,0,1850,0.9963059823127068,0.01610184979456024
voter,rho_4,0,1900,0.9939721671977948,0.02627471403336937
voter,rho_4,0,1950,0.9935628586260767,0.028058848734213312
voter,rho_4,0,2000,0.9934065615606948,0.028740131847384907
voter,rho_4,0,2050,0.9952524642022634,0.020694028773172467
voter,rho_4,0,2100,0.9986223683066051,0.006004957332924567
voter,rho_4,0,2150,0.9994217281771572,0.0025206284376663455
voter,rho_4,0,2200,0.9992334349417351,0.0033413796226227166
voter,rho_4,0,2250,0.9999999999999993,4.952216973049227e-15
voter,rho_4,0,2300,0.9999999999999993,4.952216973049227e-15
voter,rho_4,0,2350,0.9999999999999993,4.952216973049227e-15
voter,rho_4,0,2400,0.9999999999999993,4.952216973049227e-15
voter,rho_4,0,2450,0.9999999999999993,4.952216973049227e-15
voter,rho_4,0,2500,0.9999999999999993,4.952216973049227e-15
voter,rho_4,0,2550,0.9999999999999993,4.952216973049227e-15
voter,rho_4,0,2600,0.9999999999999993,4.952216973049227e-15
voter,rho_4,0,2650,0.9999999999999993,4.952216973049227e-15
voter,rho_4,0,2700,0.9999999999999993,4.952216973049227e-15
voter,rho_4,0,2750,0.9999999999999993,4.952216973049227e-15
voter,rho_4,0,2800,0.9999999999999993,4.952216973049227e-15
voter,rho_4,0,2850,0.9999999999999993,4.952216973049227e-15
voter,rho_4,0,2900,0.9999999999999993,4.952216973049227e-15
voter,rho_4,0,2950,0.9999999999999993,4.952216973049227e-15
voter,rho_4,0,3000,0.9999999999999993,4.952216973049227e-15
voter,rho_4,0,3050,0.9999999999999993,4.952216973049227e-15
voter,rho_4,0,3100,0.9999999999999993,4.952216973049227e-15
voter,rho_4,0,3150,0.9999999999999993,4.952216973049227e-15
voter,rho_4,0,3200,0.9999999999999993,4.952216973049227e-15
voter,rho_4,0,3250,0.9999999999999993,4.952216973049227e-15
voter,rho_4,0,3300,0.9999999999999993,4.952216973049227e-15
voter,rho_4,0,3350,0.9999999999999993,4.952216973049227e-15
voter,rho_4,0,3400,0.9999999999999993,4.952216973049227e-15
voter,rho_4,0,3450,0.9999999999999993,4.952216973049227e-15
voter,rho_4,0,3500,0.9999999999999993,4.952216973049227e-15
voter,rho_4,0,3550,0.9999999999999993,4.952216973049227e-15
voter,rho_4,0,3600,0.9999999999999993,4.952216973049227e-15
voter,rho_4,0,3650,0.9999999999999993,4.952216973049227e-15
voter,rho_4,0,3700,0.9999999999999993,4.952216973049227e-15
voter,rho_4,0,3750,0.9999999999999993,4.952216973049227e-15
voter,rho_4,0,3800,0.9999999999999993,4.952216973049227e-15
voter,rho_4,0,3850,0.9999999999999993,4.952216973049227e-15
voter,rho_4,0,3900,0.9999999999999993,4.952216973049227e-15
voter,rho_4,0,3950,0.9999999999999993,4.952216973049227e-15
voter,rho_4,0,4000,0.9999999999999993,4.952216973049227e-15
voter,rho_4,0,4050,0.9999999999999993,4.952216973049227e-15
voter,rho_4,0,4100,0.9999999999999993,4.952216973049227e-15
voter,rho_4,0,4150,0.9999999999999993,4.952216973049227e-15
voter,rho_4,0,4200,0.9999999999999993,4.952216973049227e-15
voter,rho_4,0,4250,0.9999999999999993,4.952216973049227e-15
voter,rho_4,0,4300,0.9999999999999993,4.952216973049227e-15
voter,rho_4,0,4350,0.9999999999999993,4.952216973049227e-15
voter,rho_4,0,4400,0.9999999999999993,4.952216973049227e-15
voter,rho_4,0,4450,0.9999999999999993,4.952216973049227e-15
voter,rho_4,0,4500,0.9999999999999993,4.952216973049227e-15
voter,rho_4,0,4550,0.9999999999999993,4.952216973049227e-15
voter,rho_4,0,4600,0.9999999999999993,4.952216973049227e-15
voter,rho_4,0,4650,0.9999999999999993,4.952216973049227e-15
voter,rho_4,0,4700,0.9999999999999993,4.952216973049227e-15
voter,rho_4,0,4750,0.9999999999999993,4.952216973049227e-15
voter,rho_4,0,4800,0.9999999999999993,4.952216973049227e-15
voter,rho_4,0,4850,0.9999999999999993,4.952216973049227e-15
voter,rho_4,0,4900,0.9999999999999993,4.952216973049227e-15
voter,rho_4,0,4950,0.9999999999999993,4.952216973049227e-15
voter,rho_4,0,5000,0.9999999999999993,4.952216973049227e-15
voter,rho_4,0.050000000000000003,0,0.046289874765952435,0.018822304259053405
voter,rho_4,0.050000000000000003,50,0.3290720732825073,0.17242531390765506
voter,rho_4,0.050000000000000003,100,0.47515279199612703,0.22816347333156592
voter,rho_4,0.050000000000000003,150,0.546482573768577,0.23454329800415175
voter,rho_4,0.050000000000000003,200,0.5839667911791041,0.25080923788506043
voter,rho_4,0.050000000000000003,250,0.589589214402353,0.24214342389209206
voter,rho_4,0.050000000000000003,300,0.618866897853373,0.2781973872650199
voter,rho_4,0.050000000000000003,350,0.6859089959476391,0.2675095985589481
voter,rho_4,0.050000000000000003,400,0.6956345188602144,0.27478981795236895
voter,rho_4,0.050000000000000003,450,0.7121721564993232,0.2703513158072213
voter,rho_4,0.050000000000000003,500,0.7702031642819949,0.25232987904331255
voter,rho_4,0.050000000000000003,550,0.7715580420456651,0.23814495418958517
voter,rho_4,0.050000000000000003,600,0.7681261577496437,0.2566246557911585
voter,rho_4,0.050000000000000003,650,0.7587741762106063,0.286560214723959
voter,rho_4,0.050000000000000003,700,0.7962974532757086,0.256897767464193
voter,rho_4,0.050000000000000003,750,0.8093622279652024,0.254868248498296
voter,rho_4,0.050000000000000003,800,0.8294212422377945,0.20517066277640236
voter,rho_4,0.050000000000000003,850,0.8523796957594996,0.18333293781032567
voter,rho_4,0.050000000000000003,900,0.8854408073563027,0.15302668171803072
voter,rho_4,0.050000000000000003,950,0.8886901037425989,0.19104773884691764
voter,rho_4,0.050000000000000003,1000,0.8913585119021169,0.18686579300856634
voter,rho_4,0.050000000000000003,1050,0.9180709761825554,0.12368151176758539
voter,rho_4,0.050000000000000003,1100,0.9080771465447377,0.13918686425073898
voter,rho_4,0.050000000000000003,1150,0.899342853185148,0.16824176344794511
voter,rho_4,0.050000000000000003,1200,0.922297981342121,0.10103306624968653
voter,rho_4,0.050000000000000003,1250,0.9342291070168987,0.0712738660445531
voter,rho_4,0.050000000000000003,1300,0.9393559559007674,0.06900650450866246
voter,rho_4,0.050000000000000003,1350,0.9477594862038922,0.0630579516707278
voter,rho_4,0.050000000000000003,1400,0.9449435506842352,0.05904919716384035
voter,rho_4,0.050000000000000003,1450,0.9539278467108865,0.040333085899786146
voter,rho_4,0.050000000000000003,1500,0.9630076072240508,0.02150434144692861
voter,rho_4,0.050000000000000003,1550,0.9708741731285746,0.01431288713086612
voter,rho_4,0.050000000000000003,1600,0.9730377990870076,0.01629299806832329
voter,rho_4,0.050000000000000003,1650,0.9749586314455021,0.014204129828280718
voter,rho_4,0.050000000000000003,1700,0.9754761335612183,0.013498720508765258
voter,rho_4,0.050000000000000003,1750,0.9742611612200408,0.010945395396021523
voter,rho_4,0.050000000000000003,1800,0.96948317650411,0.01923595307237399
voter,rho_4,0.050000000000000003,1850,0.9667780093746373,0.015418293899312312
voter,rho_4,0.050000000000000003,1900,0.9608445186031729,0.02566592830640834
voter,rho_4,0.050000000000000003,1950,0.9627097708779055,0.02127410254065995
voter,rho_4,0.050000000000000003,2000,0.9623805223888885,0.025093794302825746
voter,rho_4,0.050000000000000003,2050,0.9591868135447825,0.02864712655011776
voter,rho_4,0.050000000000000003,2100,0.9672031853085876,0.021884205628283568
voter,rho_4,0.050000000000000003,2150,0.9676729624456971,0.01962663925641984
voter,rho_4,0.050000000000000003,2200,0.9639935519847939,0.019140470439492133
voter,rho_4,0.050000000000000003,2250,0.9633605617980658,0.02079638289414714
voter,rho_4,0.050000000000000003,2300,0.9628593604170849,0.02247136241268501
voter,rho_4,0.050000000000000003,2350,0.958251746059825,0.03238890534838044
voter,rho_4,0.050000000000000003,2400,0.9602683661711294,0.03368004390291351
voter,rho_4,0.050000000000000003,2450,0.9592603092096438,0.02863461117789398
voter,rho_4,0.050000000000000003,2500,0.9603481069631279,0.03246180340919085
voter,rho_4,0.050000000000000003,2550,0.9600974886349445,0.029770068686512084
voter,rho_4,0.050000000000000003,2600,0.956439180305557,0.028513205942446135
voter,rho_4,0.050000000000000003,2650,0.947671994795724,0.044092010295099675
voter,rho_4,0.050000000000000003,2700,0.9487711935221339,0.055906326025684946
voter,rho_4,0.050000000000000003,2750,0.9612827805110765,0.031419298049518346
voter,rho_4,0.050000000000000003,2800,0.9621685200517186,0.03179247757198637
voter,rho_4,0.050000000000000003,2850,0.960223307806056,0.03075353454220981
voter,rho_4,0.050000000000000003,2900,0.9632357086226241,0.025241401612919344
voter,rho_4,0.050000000000000003,2950,0.9642984808695113,0.021778251840731417
voter,rho_4,0.050000000000000003,3000,0.9671008430729675,0.017442279176194144
voter,rho_4,0.050000000000000003,3050,0.9632920304658334,0.029609568907226484
voter,rho_4,0.050000000000000003,3100,0.9649527418672686,0.025802305863769446
voter,rho_4,0.050000000000000003,3150,0.9713185019800141,0.02246578595610265
voter,rho_4,0.050000000000000003,3200,0.9648855370595687,0.03470083651069097
voter,rho_4,0.050000000000000003,3250,0.9638500334180244,0.034738613292441815
voter,rho_4,0.050000000000000003,3300,0.9739180698187987,0.01903409436246501
voter,rho_4,0.050000000000000003,3350,0.9721929357505321,0.025869972493128692
voter,rho_4,0.050000000000000003,3400,0.967230033207352,0.04987333282559601
voter,rho_4,0.050000000000000003,3450,0.9708734945506269,0.028002494621544666
voter,rho_4,0.050000000000000003,3500,0.9655261990872855,0.04134162246983538
voter,rho_4,0.050000000000000003,3550,0.9598135751749675,0.05947031864492133
voter,rho_4,0.050000000000000003,3600,0.9663545207906299,0.047560067465514284
voter,rho_4,0.050000000000000003,3650,0.9626019250530777,0.047304570608575645
voter,rho_4,0.050000000000000003,3700,0.9593907224736492,0.04341167248932357
voter,rho_4,0.050000000000000003,3750,0.9645442488607883,0.02963126448613139
voter,rho_4,0.050000000000000003,3800,0.9677673821547105,0.021546979091596665
voter,rho_4,0.050000000000000003,3850,0.9720188742161857,0.014285757912799636
voter,rho_4,0.050000000000000003,3900,0.9639929211056716,0.021999248374490347
voter,rho_4,0.050000000000000003,3950,0.9652060164813877,0.024285267296862242
voter,rho_4,0.050000000000000003,4000,0.9643957659035006,0.023721959511986707
voter,rho_4,0.050000000000000003,4050,0.9619494995907582,0.024516091607057946
voter,rho_4,0.050000000000000003,4100,0.9622922322599055,0.025037603099100948
voter,rho_4,0.050000000000000003,4150,0.9681601705626088,0.01868538000310727
voter,rho_4,0.050000000000000003,4200,0.9660844677020645,0.01981833759813118
voter,rho_4,0.050000000000000003,4250,0.9682998541412655,0.01933258071443191
voter,rho_4,0.050000000000000003,4300,0.9688569984005999,0.012257665121177489
voter,rho_4,0.050000000000000003,4350,0.9746712327838886,0.017771863356220934
voter,rho_4,0.050000000000000003,4400,0.9747195524919998,0.01669302900300123
voter,rho_4,0.050000000000000003,4450,0.9691715506689919,0.017964084498833945
voter,rho_4,0.050000000000000003,4500,0.9655826113236783,0.026438424033815015
voter,rho_4,0.050000000000000003,4550,0.967490193846521,0.02150431550844494
voter,rho_4,0.050000000000000003,4600,0.9621014599070847,0.02985110910110369
voter,rho_4,0.050000000000000003,4650,0.9605441677127265,0.03638194156310629
voter,rho_4,0.050000000000000003,4700,0.9580876458774629,0.04383431123147844
voter,rho_4,0.050000000000000003,4750,0.9647693960648466,0.02989022242410693
voter,rho_4,0.050000000000000003,4800,0.9600028820411757,0.03770909828401839
voter,rho_4,0.050000000000000003,4850,0.9568369331770045,0.04864908303016582
voter,rho_4,0.050000000000000003,4900,0.9582078789576662,0.04943500709194413
voter,rho_4,0.050000000000000003,4950,0.9655249311718166,0.03377417495157861
voter,rho_4,0.050000000000000003,5000,0.9596606114651198,0.040898148273423716
voter,rho_4,0.10000000000000001,0,0.04154680336355512,0.02827984488016173
voter,rho_4,0.10000000000000001,50,0.33673915871743804,0.1283563619598645
voter,rho_4,0.10000000000000001,100,0.44169871409391226,0.21570973147708122
voter,rho_4,0.10000000000000001,150,0.5123861404396817,0.20365948250691726
voter,rho_4,0.10000000000000001,200,0.5112253734722151,0.22604541252334562
voter,rho_4,0.10000000000000001,250,0.5913625234421918,0.22284274248865063
voter,rho_4,0.10000000000000001,300,0.6254716245867485,0.18939686075250092
voter,rho_4,0.10000000000000001,350,0.6333357225602925,0.20998240175451724
voter,rho_4,0.10000000000000001,400,0.6691620114232721,0.20139894492490112
voter,rho_4,0.10000000000000001,450,0.6976073309144264,0.21020060767980342
voter,rho_4,0.10000000000000001,500,0.7498279933302097,0.20601280108193123
voter,rho_4,0.10000000000000001,550,0.7652776597171678,0.19818322026311402
voter,rho_4,0.10000000000000001,600,0.8194576818864328,0.15612060810870576
voter,rho_4,0.10000000000000001,650,0.809569373219332,0.17544346298795857
voter,rho_4,0.10000000000000001,700,0.8165275922861716,0.154652595214045
voter,rho_4,0.10000000000000001,750,0.8248290502326439,0.1590892444381258
voter,rho_4,0.10000000000000001,800,0.8306781023750129,0.16485610451134414
voter,rho_4,0.10000000000000001,850,0.7979659313645332,0.23258901444071475
voter,rho_4,0.10000000000000001,900,0.807879776414293,0.19548264583170752
voter,rho_4,0.10000000000000001,950,0.8105778035060276,0.2005782386487695
voter,rho_4,0.10000000000000001,1000,0.8150982446235892,0.20432367890261333
voter,rho_4,0.10000000000000001,1050,0.8405481100897424,0.15327717125162563
voter,rho_4,0.10000000000000001,1100,0.8336490859369716,0.16085203686572438
voter,rho_4,0.10000000000000001,1150,0.8162848435579827,0.18653466567490612
voter,rho_4,0.10000000000000001,1200,0.8503992282268026,0.11057057067164175
voter,rho_4,0.10000000000000001,1250,0.8077339404547095,0.17204892007164732
voter,rho_4,0.10000000000000001,1300,0.826465952360319,0.15244189442926437
voter,rho_4,0.10000000000000001,1350,0.832358582004297,0.1386953966487034
voter,rho_4,0.10000000000000001,1400,0.840039080909666,0.17221267902827986
voter,rho_4,0.10000000000000001,1450,0.826884195815159,0.20032958371510226
voter,rho_4,0.10000000000000001,1500,0.814390992270736,0.16837432941205976
voter,rho_4,0.10000000000000001,1550,0.81739372113946,0.14194711325147985
voter,rho_4,0.10000000000000001,1600,0.8484658471190729,0.127351589776578
voter,rho_4,0.10000000000000001,1650,0.8517276847012392,0.10584590315275037
voter,rho_4,0.10000000000000001,1700,0.8697573325273084,0.10151683303256197
voter,rho_4,0.10000000000000001,1750,0.8680103119593598,0.0976878178859011
voter,rho_4,0.10000000000000001,1800,0.8613086847651974,0.11087327928464183
voter,rho_4,0.10000000000000001,1850,0.8690880124776298,0.1168481386679804
voter,rho_4,0.10000000000000001,1900,0.8526921535050705,0.12288844794490156
voter,rho_4,0.10000000000000001,1950,0.8536452300247005,0.1137219876635274
voter,rho_4,0.10000000000000001,2000,0.8733143771184079,0.09496969584057008
voter,rho_4,0.10000000000000001,2050,0.8756281833307552,0.09959091456275794
voter,rho_4,0.10000000000000001,2100,0.8636921001108938,0.09844242215860735
voter,rho_4,0.10000000000000001,2150,0.8716899913381851,0.10048176055863059
voter,rho_4,0.10000000000000001,2200,0.8656469767471299,0.14365961772744407
voter,rho_4,0.10000000000000001,2250,0.8494516333986668,0.136115194221886
voter,rho_4,0.10000000000000001,2300,0.8608472852243232,0.10893933881259636
voter,rho_4,0.10000000000000001,2350,0.8720320845265563,0.09408912831572089
voter,rho_4,0.10000000000000001,2400,0.8645548901236841,0.11138583800039839
voter,rho_4,0.10000000000000001,2450,0.8883897533692273,0.07822275163325161
voter,rho_4,0.10000000000000001,2500,0.8783859401308838,0.08109521562341242
voter,rho_4,0.10000000000000001,2550,0.8730761333050447,0.08552894426841616
voter,rho_4,0.10000000000000001,2600,0.8660960908496005,0.08412279333887147
voter,rho_4,0.10000000000000001,2650,0.8618301333409526,0.12945303452626694
voter,rho_4,0.10000000000000001,2700,0.8590849818683506,0.13085601784668507
voter,rho_4,0.10000000000000001,2750,0.8451784857011342,0.12997699434783413
voter,rho_4,0.10000000000000001,2800,0.8480178247792063,0.13034165441473955
voter,rho_4,0.10000000000000001,2850,0.8436535559828539,0.1232007775709407
voter,rho_4,0.10000000000000001,2900,0.850063985603007,0.13393789785777818
voter,rho_4,0.10000000000000001,2950,0.8579835711986707,0.09214316979429045
voter,rho_4,0.10000000000000001,3000,0.8606880820375507,0.08740064318896125
voter,rho_4,0.10000000000000001,3050,0.8533654127238293,0.11065247325665507
voter,rho_4,0.10000000000000001,3100,0.8465675526950618,0.12050663738367326
voter,rho_4,0.10000000000000001,3150,0.8192898289400491,0.13861954493527429
voter,rho_4,0.10000000000000001,3200,0.8079020518480838,0.1588398365468068
voter,rho_4,0.10000000000000001,3250,0.8188548111024243,0.17077422483055896
voter,rho_4,0.10000000000000001,3300,0.8210691684424111,0.1733252114044269
voter,rho_4,0.10000000000000001,3350,0.8438329958855881,0.13532545944334193
voter,rho_4,0.10000000000000001,3400,0.8461151572691007,0.12317411136306924
voter,rho_4,0.10000000000000001,3450,0.862203226112709,0.0711800390283295
voter,rho_4,0.10000000000000001,3500,0.8816986019543309,0.07967057080458098
voter,rho_4,0.10000000000000001,3550,0.874441926425425,0.07773869747658614
voter,rho_4,0.10000000000000001,3600,0.8631655914820037,0.09038698314950072
voter,rho_4,0.10000000000000001,3650,0.8585485679579152,0.10364612896524383
voter,rho_4,0.10000000000000001,3700,0.8521341434757194,0.11336279152246456
voter,rho_4,0.10000000000000001,3750,0.8553692186517651,0.10844963303316334
voter,rho_4,0.10000000000000001,3800,0.8280197174206341,0.15129999993086027
voter,rho_4,0.10000000000000001,3850,0.8357662722787348,0.134347544927241
voter,rho_4,0.10000000000000001,3900,0.8271075937695981,0.1642539921304655
voter,rho_4,0.10000000000000001,3950,0.8279652144998932,0.18662900431447832
voter,rho_4,0.10000000000000001,4000,0.8449960378144599,0.14859675204862638
voter,rho_4,0.10000000000000001,4050,0.8289416506554929,0.16221352453204443
voter,rho_4,0.10000000000000001,4100,0.8329887209910416,0.16637186131373735
voter,rho_4,0.10000000000000001,4150,0.8455249604545539,0.1367668611839863
voter,rho_4,0.10000000000000001,4200,0.8759295707219646,0.12140231243355344
voter,rho_4,0.10000000000000001,4250,0.8476340902171661,0.17194101089651437
voter,rho_4,0.10000000000000001,4300,0.8745383367526293,0.1439484692528201
voter,rho_4,0.10000000000000001,4350,0.8675975651635005,0.1238279195731237
voter,rho_4,0.10000000000000001,4400,0.8595351483319623,0.1573245541275908
voter,rho_4,0.10000000000000001,4450,0.8423118092240308,0.17734995249932115
voter,rho_4,0.10000000000000001,4500,0.8369427057849034,0.1212819371633728
voter,rho_4,0.10000000000000001,4550,0.8419921606792554,0.10667072939041507
voter,rho_4,0.10000000000000001,4600,0.8341804737417551,0.15845022938662412
voter,rho_4,0.10000000000000001,4650,0.8488930509476955,0.13540414830688477
voter,rho_4,0.10000000000000001,4700,0.8291225330005112,0.16637552229310304
voter,rho_4,0.10000000000000001,4750,0.847582566254997,0.13228623976845647
voter,rho_4,0.10000000000000001,4800,0.8567416836968812,0.16190756294590183
voter,rho_4,0.10000000000000001,4850,0.8551298442481633,0.18074247543297256
voter,rho_4,0.10000000000000001,4900,0.8597159808329309,0.1498929408315472
voter,rho_4,0.10000000000000001,4950,0.8415728224741759,0.14561318097153156
voter,rho_4,0.10000000000000001,5000,0.8357670412770654,0.14960123411286866
voter,rho_4,0.14999999999999999,0,0.04912663486376606,0.01785120164798776
voter,rho_4,0.14999999999999999,50,0.29039487107369727,0.13361927784374156
voter,rho_4,0.14999999999999999,100,0.3741840941262867,0.1876528395640346
voter,rho_4,0.14999999999999999,150,0.49225069328613413,0.1429498380572749
voter,rho_4,0.14999999999999999,200,0.5160491322211113,0.1429535726642774
voter,rho_4,0.14999999999999999,250,0.5505439278746236,0.2105144875106941
voter,rho_4,0.14999999999999999,300,0.5357672594699363,0.22325938747898
voter,rho_4,0.14999999999999999,350,0.5691695833522893,0.19470543678544402
voter,rho_4,0.14999999999999999,400,0.6148296349884019,0.18965976899562134
voter,rho_4,0.14999999999999999,450,0.649652486434265,0.1994335992341504
voter,rho_4,0.14999999999999999,500,0.660321596243578,0.20260246813013016
voter,rho_4,0.14999999999999999,550,0.6895921236777418,0.21819726580883672
voter,rho_4,0.14999999999999999,600,0.7196862749162505,0.1539377558093774
voter,rho_4,0.14999999999999999,650,0.6791011890145879,0.17028393000709066
voter,rho_4,0.14999999999999999,700,0.667093391904392,0.1725979975393707
voter,rho_4,0.14999999999999999,750,0.6728149730965687,0.17351075913864936
voter,rho_4,0.14999999999999999,800,0.681827520890986,0.1902768132563977
voter,rho_4,0.14999999999999999,850,0.6579643436037006,0.20384301516095657
voter,rho_4,0.14999999999999999,900,0.7017352242475599,0.1922707740171654
voter,rho_4,0.14999999999999999,950,0.6893740232416847,0.2050090352407924
voter,rho_4,0.14999999999999999,1000,0.7225804744862381,0.19425795457875086
voter,rho_4,0.14999999999999999,1050,0.7113432983685268,0.1924240543441146
voter,rho_4,0.14999999999999999,1100,0.7103460189523273,0.17563096439005021
voter,rho_4,0.14999999999999999,1150,0.7219148104378251,0.14572042067023175
voter,rho_4,0.14999999999999999,1200,0.701717954791207,0.17370613046312763
voter,rho_4,0.14999999999999999,1250,0.7250891264474056,0.15900074674264827
voter,rho_4,0.14999999999999999,1300,0.7088777284523167,0.18485700120401918
voter,rho_4,0.14999999999999999,1350,0.6753864473316166,0.18708413864358586
voter,rho_4,0.14999999999999999,1400,0.6984369809181825,0.16425743312159852
voter,rho_4,0.14999999999999999,1450,0.7186101931412268,0.17673377293533063
voter,rho_4,0.14999999999999999,1500,0.7290093515377108,0.15878215880340732
voter,rho_4,0.14999999999999999,1550,0.7604246695363488,0.13578458783892186
voter,rho_4,0.14999999999999999,1600,0.7665169731463604,0.14955816339147218
voter,rho_4,0.14999999999999999,1650,0.7766538171910738,0.11110620102720684
voter,rho_4,0.14999999999999999,1700,0.7839547194965888,0.13718103367048384
voter,rho_4,0.14999999999999999,1750,0.7990673101710299,0.13944523324652913
voter,rho_4,0.14999999999999999,1800,0.802772936497032,0.12446186977460913
voter,rho_4,0.14999999999999999,1850,0.7756167074372933,0.17111423653491115
voter,rho_4,0.14999999999999999,1900,0.7521370647307515,0.14160883024183749
voter,rho_4,0.14999999999999999,1950,0.7225318674442786,0.2073278128620987
voter,rho_4,0.14999999999999999,2000,0.693489344364823,0.20950008191852137
voter,rho_4,0.14999999999999999,2050,0.7330553779740431,0.16988957562817014
voter,rho_4,0.14999999999999999,2100,0.723403613860966,0.16483412985708665
voter,rho_4,0.14999999999999999,2150,0.7487481488693596,0.14576233254450555
voter,rho_4,0.14999999999999999,2200,0.7368356005524773,0.15184993062596175
voter,rho_4,0.14999999999999999,2250,0.6941405568732024,0.194411482390432
voter,rho_4,0.14999999999999999,2300,0.7007153342673189,0.17835439880588483
voter,rho_4,0.14999999999999999,2350,0.7261082482983829,0.1545932943209823
voter,rho_4,0.14999999999999999,2400,0.722268108332119,0.1944685067575193
voter,rho_4,0.14999999999999999,2450,0.7144953109642763,0.19008949593279462
voter,rho_4,0.14999999999999999,2500,0.7188036586662243,0.20985229225522656
voter,rho_4,0.14999999999999999,2550,0.7279955542559892,0.21026612194731706
voter,rho_4,0.14999999999999999,2600,0.7404858162495405,0.2057299519935746
voter,rho_4,0.14999999999999999,2650,0.7594140773138578,0.20252932795565862
voter,rho_4,0.14999999999999999,2700,0.7352807273806692,0.19494307149409548
voter,rho_4,0.14999999999999999,2750,0.7427022146601581,0.1887566165456226
voter,rho_4,0.14999999999999999,2800,0.7305876546401999,0.17111219052496346
voter,rho_4,0.14999999999999999,2850,0.7465127112147238,0.13665888544942595
voter,rho_4,0.14999999999999999,2900,0.7475242374425713,0.1434402917609144
voter,rho_4,0.14999999999999999,2950,0.771225861583315,0.1431457072911543
voter,rho_4,0.14999999999999999,3000,0.787299443355926,0.14008579889871745
voter,rho_4,0.14999999999999999,3050,0.7795518022822738,0.13871787875290517
voter,rho_4,0.14999999999999999,3100,0.7765213742563809,0.1527583979078315
voter,rho_4,0.14999999999999999,3150,0.7660902159599315,0.15326040464606663
voter,rho_4,0.14999999999999999,3200,0.7988110136502367,0.13628908119326208
voter,rho_4,0.14999999999999999,3250,0.7628016127985265,0.1922957516056428
voter,rho_4,0.14999999999999999,3300,0.780305155837933,0.17165201869408284
voter,rho_4,0.14999999999999999,3350,0.8082743192644642,0.10720565820639626
voter,rho_4,0.14999999999999999,3400,0.8071594590838762,0.08420478851627886
voter,rho_4,0.14999999999999999,3450,0.8229757806543926,0.06573307571945783
voter,rho_4,0.14999999999999999,3500,0.8267851080875508,0.09163989435857729
voter,rho_4,0.14999999999999999,3550,0.8085793003549497,0.11671756356843131
voter,rho_4,0.14999999999999999,3600,0.7931296755399266,0.11952604627273432
voter,rho_4,0.14999999999999999,3650,0.7652121731435618,0.14060093072145483
voter,rho_4,0.14999999999999999,3700,0.7539032697043645,0.1588186527661175
voter,rho_4,0.14999999999999999,3750,0.7656467485552801,0.16795892142135177
voter,rho_4,0.14999999999999999,3800,0.7568997721128653,0.16837451888131713
voter,rho_4,0.14999999999999999,3850,0.7410656742334136,0.16049936196373227
voter,rho_4,0.14999999999999999,3900,0.7508858327615828,0.14293241215656569
voter,rho_4,0.14999999999999999,3950,0.7309321796856755,0.20692641140560303
voter,rho_4,0.14999999999999999,4000,0.7157881050615937,0.18731208845085895
voter,rho_4,0.14999999999999999,4050,0.7520001296288235,0.12640878172349715
voter,rho_4,0.14999999999999999,4100,0.7290123420173507,0.13456004839109467
voter,rho_4,0.14999999999999999,4150,0.7423563504739117,0.16049882396994733
voter,rho_4,0.14999999999999999,4200,0.7630003372885887,0.12466973188946102
voter,rho_4,0.14999999999999999,4250,0.7386130586867459,0.1564140721290353
voter,rho_4,0.14999999999999999,4300,0.7649122961435015,0.1286427813650696
voter,rho_4,0.14999999999999999,4350,0.7603221636949404,0.12033960592368236
voter,rho_4,0.14999999999999999,4400,0.7309463431783313,0.15527698650743293
voter,rho_4,0.14999999999999999,4450,0.7273921448738537,0.17917854757379648
voter,rho_4,0.14999999999999999,4500,0.7056360628524654,0.19812862681208804
voter,rho_4,0.14999999999999999,4550,0.751588832544235,0.1302467333770278
voter,rho_4,0.14999999999999999,4600,0.7559106355959588,0.13036493156318035
voter,rho_4,0.14999999999999999,4650,0.7759013027765146,0.11670899821165485
voter,rho_4,0.14999999999999999,4700,0.7788339933049137,0.15011828114033668
voter,rho_4,0.14999999999999999,4750,0.7850569435127323,0.144795363209254
voter,rho_4,0.14999999999999999,4800,0.7593232038862602,0.19676649883899514
voter,rho_4,0.14999999999999999,4850,0.7634677802846602,0.17359443249296605
voter,rho_4,0.14999999999999999,4900,0.7625171777530135,0.13873765572029645
voter,rho_4,0.14999999999999999,4950,0.7348561856502867,0.15052176065294917
voter,rho_4,0.14999999999999999,5000,0.7090952135516073,0.1629669242913961
voter,rho_4,0.20000000000000001,0,0.043404812460099446,0.023381620847746355
voter,rho_4,0.20000000000000001,50,0.2191969859996621,0.12969821154008643
voter,rho_4,0.20000000000000001,100,0.26579963580800536,0.13520459850646843
voter,rho_4,0.20000000000000001,150,0.3858260444132809,0.21057659063879458
voter,rho_4,0.20000000000000001,200,0.4515201869739496,0.20039027697869452
voter,rho_4,0.20000000000000001,250,0.48026052679361,0.23795229175189
voter,rho_4,0.20000000000000001,300,0.5047728443093813,0.23137937497209055
voter,rho_4,0.20000000000000001,350,0.5530769896141877,0.21158979026646813
voter,rho_4,0.20000000000000001,400,0.6273796711635744,0.15712477092573193
voter,rho_4,0.20000000000000001,450,0.5736043523567474,0.17958502100761006
voter,rho_4,0.20000000000000001,500,0.6304614173995805,0.184027938916158
voter,rho_4,0.20000000000000001,550,0.6319409046276709,0.19324804484694902
voter,rho_4,0.20000000000000001,600,0.6799740008899567,0.1623432211412911
voter,rho_4,0.20000000000000001,650,0.6459430369794386,0.19859952438525397
voter,rho_4,0.20000000000000001,700,0.6387697439536878,0.20303832043516834
voter,rho_4,0.20000000000000001,750,0.6519564078104525,0.20865157490325378
voter,rho_4,0.20000000000000001,800,0.6051698239829266,0.19640969515724213
voter,rho_4,0.20000000000000001,850,0.5838790899874347,0.1665387480099643
voter,rho_4,0.20000000000000001,900,0.5875237656862574,0.19753831637345445
voter,rho_4,0.20000000000000001,950,0.6085222599813384,0.1890176024604639
voter,rho_4,0.20000000000000001,1000,0.6033120455513228,0.18121023339846737
voter,rho_4,0.20000000000000001,1050,0.6041162294672674,0.16700422684580152
voter,rho_4,0.20000000000000001,1100,0.5672800384402582,0.19146434576472646
voter,rho_4,0.20000000000000001,1150,0.5582253897293342,0.23190198990932412
voter,rho_4,0.20000000000000001,1200,0.5747188621245102,0.1881173199759098
voter,rho_4,0.20000000000000001,1250,0.5677959860364722,0.1484715854436226
voter,rho_4,0.20000000000000001,1300,0.5651421580911239,0.19240799841495537
voter,rho_4,0.20000000000000001,1350,0.5205344406445817,0.21657794705107639
voter,rho_4,0.20000000000000001,1400,0.510457155372556,0.24991139254166053
voter,rho_4,0.20000000000000001,1450,0.5257243903167897,0.21051174597672068
voter,rho_4,0.20000000000000001,1500,0.5769732067903999,0.19730045546944125
voter,rho_4,0.20000000000000001,1550,0.5772261052250086,0.2036761189634286
voter,rho_4,0.20000000000000001,1600,0.6308094255085783,0.22559636511480888
voter,rho_4,0.20000000000000001,1650,0.6396588297091864,0.1826161453515216
voter,rho_4,0.20000000000000001,1700,0.6273993478374857,0.2098916384313697
voter,rho_4,0.20000000000000001,1750,0.6323477984142601,0.19432451153438846
voter,rho_4,0.20000000000000001,1800,0.6555538943671824,0.22440602534429588
voter,rho_4,0.20000000000000001,1850,0.6732566972346548,0.2085384268025607
voter,rho_4,0.20000000000000001,1900,0.6688630824123105,0.18485118742550194
voter,rho_4,0.20000000000000001,1950,0.6359796072852874,0.16409026884739608
voter,rho_4,0.20000000000000001,2000,0.6655263189516807,0.16959332065708244
voter,rho_4,0.20000000000000001,2050,0.643310560434406,0.14322230953471166
voter,rho_4,0.20000000000000001,2100,0.6416179967981666,0.21082824582658524
voter,rho_4,0.20000000000000001,2150,0.6513152262131441,0.1743439480576585
voter,rho_4,0.20000000000000001,2200,0.6447678402542613,0.20534612317836354
voter,rho_4,0.20000000000000001,2250,0.6281060902851296,0.25124276998851636
voter,rho_4,0.20000000000000001,2300,0.6268371962884314,0.18404703810818154
voter,rho_4,0.20000000000000001,2350,0.6373666819627128,0.16165709011500065
voter,rho_4,0.20000000000000001,2400,0.5683634305013363,0.1730570029101578
voter,rho_4,0.20000000000000001,2450,0.5975921825972919,0.20081445565621076
voter,rho_4,0.20000000000000001,2500,0.6348967357921241,0.15321970278371716
voter,rho_4,0.20000000000000001,2550,0.6524679733681441,0.219765437285489
voter,rho_4,0.20000000000000001,2600,0.6481031643534279,0.16366234259300033
voter,rho_4,0.20000000000000001,2650,0.6283339129203036,0.15672459651726292
voter,rho_4,0.20000000000000001,2700,0.6028726326298279,0.21346517354751426
voter,rho_4,0.20000000000000001,2750,0.6103624445658197,0.2152109071169838
voter,rho_4,0.20000000000000001,2800,0.6000216932549786,0.17906542286404753
voter,rho_4,0.20000000000000001,2850,0.6274259457450121,0.21270830018254322
voter,rho_4,0.20000000000000001,2900,0.6219192097487289,0.18975829874690217
voter,rho_4,0.20000000000000001,2950,0.6346340459451937,0.19716955421664453
voter,rho_4,0.20000000000000001,3000,0.662521717708757,0.15431118574313293
voter,rho_4,0.20000000000000001,3050,0.6819695200323583,0.13798433447782696
voter,rho_4,0.20000000000000001,3100,0.6806070552968762,0.12711377737585824
voter,rho_4,0.20000000000000001,3150,0.678118827050031,0.10855895911762073
voter,rho_4,0.20000000000000001,3200,0.6374353204951675,0.18659597453411725
voter,rho_4,0.20000000000000001,3250,0.6833890390246389,0.15181083150648428
voter,rho_4,0.20000000000000001,3300,0.6884002199418392,0.1282177147136273
voter,rho_4,0.20000000000000001,3350,0.6741593832689432,0.14463386175489285
voter,rho_4,0.20000000000000001,3400,0.6977542420669536,0.1140504910631728
voter,rho_4,0.20000000000000001,3450,0.6601386261531526,0.126890115650739
voter,rho_4,0.20000000000000001,3500,0.6358327241827443,0.19362630141680467
voter,rho_4,0.20000000000000001,3550,0.6471387751309783,0.15497967678373206
voter,rho_4,0.20000000000000001,3600,0.6078101970102374,0.20608436469741287
voter,rho_4,0.20000000000000001,3650,0.6635447337882251,0.18540616105821542
voter,rho_4,0.20000000000000001,3700,0.6687554012456001,0.18015918917462873
voter,rho_4,0.20000000000000001,3750,0.6331801204269822,0.2164475784327499
voter,rho_4,0.20000000000000001,3800,0.6346355236284275,0.19242877611952722
voter,rho_4,0.20000000000000001,3850,0.6125136974322908,0.20075419667859545
voter,rho_4,0.20000000000000001,3900,0.6481686330588057,0.1657210864004579
voter,rho_4,0.20000000000000001,3950,0.643915219132809,0.2063661326778017
voter,rho_4,0.20000000000000001,4000,0.6359347904470202,0.1925598668421291
voter,rho_4,0.20000000000000001,4050,0.6681223609155614,0.1633801901901863
voter,rho_4,0.20000000000000001,4100,0.6715917701201553,0.21788072785666499
voter,rho_4,0.20000000000000001,4150,0.6810588879113979,0.19711941442959374
voter,rho_4,0.20000000000000001,4200,0.6341232767066733,0.22602708188156
voter,rho_4,0.20000000000000001,4250,0.6383248006594211,0.22680847450814579
voter,rho_4,0.20000000000000001,4300,0.6245035362046825,0.2347513209417914
voter,rho_4,0.20000000000000001,4350,0.6491302815825043,0.1757450508135389
voter,rho_4,0.20000000000000001,4400,0.6212159444809512,0.19196069325528164
voter,rho_4,0.20000000000000001,4450,0.6275773927042757,0.21992722311753912
voter,rho_4,0.20000000000000001,4500,0.6373773179950162,0.20465361211773944
voter,rho_4,0.20000000000000001,4550,0.6552826744983887,0.17830621554029513
voter,rho_4,0.20000000000000001,4600,0.6472022497947103,0.17103992889681902
voter,rho_4,0.20000000000000001,4650,0.6276141559398175,0.19501658638453162
voter,rho_4,0.20000000000000001,4700,0.6371381428450071,0.18778085724820442
voter,rho_4,0.20000000000000001,4750,0.6609466096821516,0.21505305738137004
voter,rho_4,0.20000000000000001,4800,0.6574163921314685,0.20845329999029996
voter,rho_4,0.20000000000000001,4850,0.6812772178932959,0.16465406783402659
voter,rho_4,0.20000000000000001,4900,0.7034767839294068,0.17679449759280677
voter,rho_4,0.20000000000000001,4950,0.661948471366099,0.19949574373103948
voter,rho_4,0.20000000000000001,5000,0.6759231093583773,0.18196819594009292
voter,rho_8,0,0,0.028869698002332106,0.011844878328764106
voter,rho_8,0,50,0.21411449536853863,0.10533637887700505
voter,rho_8,0,100,0.2988576732555483,0.16820166069339137
voter,rho_8,0,150,0.29131892879339566,0.1640794763539627
voter,rho_8,0,200,0.2634902999353589,0.18733039662834922
voter,rho_8,0,250,0.3276536830917857,0.17196264228521968
voter,rho_8,0,300,0.39046139511676925,0.1895093440103858
voter,rho_8,0,350,0.4012076670440633,0.22942626221894089
voter,rho_8,0,400,0.3958471427100013,0.22702380040693787
voter,rho_8,0,450,0.4198178494946941,0.2528555932245996
voter,rho_8,0,500,0.46612480550989216,0.2408409243166854
voter,rho_8,0,550,0.47139681760643865,0.26618413713108974
voter,rho_8,0,600,0.5029407371171956,0.28249420731949704
voter,rho_8,0,650,0.5470907154035557,0.26938165783888685
voter,rho_8,0,700,0.5429089120636877,0.2691835649866897
voter,rho_8,0,750,0.6218275779548288,0.23059464149967487
voter,rho_8,0,800,0.643969479800844,0.24489372249174815
voter,rho_8,0,850,0.6565053420749424,0.2399440286325171
voter,rho_8,0,900,0.6839524981766771,0.24979843100384588
voter,rho_8,0,950,0.7144561148167764,0.23703570343309188
voter,rho_8,0,1000,0.7136100767736573,0.25287241678502004
voter,rho_8,0,1050,0.7426754683706882,0.25724292190017733
voter,rho_8,0,1100,0.7668672186563288,0.2654651686307728
voter,rho_8,0,1150,0.7821486890730001,0.2401454015958641
voter,rho_8,0,1200,0.7469957693673559,0.30010780471394716
voter,rho_8,0,1250,0.7420061469210303,0.30545009552307717
voter,rho_8,0,1300,0.7553342179106273,0.2961656387850316
voter,rho_8,0,1350,0.7356234901906071,0.32257225073047097
voter,rho_8,0,1400,0.7773111472684608,0.26938732266582827
voter,rho_8,0,1450,0.7799564187953072,0.27248960712945275
voter,rho_8,0,1500,0.8224532072810401,0.24661843672875128
voter,rho_8,0,1550,0.8204848571351361,0.2494905920251441
voter,rho_8,0,1600,0.8099536508815239,0.2778498247672014
voter,rho_8,0,1650,0.8269427113340043,0.24374851486905835
voter,rho_8,0,1700,0.8700375579219164,0.19079087165372155
voter,rho_8,0,1750,0.846188767466639,0.2157077110867545
voter,rho_8,0,1800,0.8800489540577969,0.17766687050098523
voter,rho_8,0,1850,0.8661386873237029,0.21400508972703997
voter,rho_8,0,1900,0.8894941498016383,0.18886573548112143
voter,rho_8,0,1950,0.907848043003798,0.18687540287208926
voter,rho_8,0,2000,0.9058331772056816,0.18941050914396357
voter,rho_8,0,2050,0.9135905564267219,0.16577657164854412
voter,rho_8,0,2100,0.9103693953804364,0.17802057172727884
voter,rho_8,0,2150,0.9171255822087023,0.17019344769554612
voter,rho_8,0,2200,0.9359481536100022,0.1520338148964922
voter,rho_8,0,2250,0.9482998751258096,0.11181484108689065
voter,rho_8,0,2300,0.9226983732522841,0.1701734782844214
voter,rho_8,0,2350,0.9246835501357278,0.16966589669088575
voter,rho_8,0,2400,0.9260915227285691,0.1734062926693458
voter,rho_8,0,2450,0.9017919433606952,0.21523241895378284
voter,rho_8,0,2500,0.8872523622218754,0.2308804270537914
voter,rho_8,0,2550,0.9183600007176821,0.18503022604888486
voter,rho_8,0,2600,0.9280542158768895,0.1774488103100369
voter,rho_8,0,2650,0.9148918981338714,0.1954625703644316
voter,rho_8,0,2700,0.9111588730035868,0.19652230304288654
voter,rho_8,0,2750,0.9235625636970664,0.17548628900370367
voter,rho_8,0,2800,0.9139435663418422,0.19487813235145252
voter,rho_8,0,2850,0.9144152595896677,0.19722996194328152
voter,rho_8,0,2900,0.9201626095339318,0.17654004774817977
voter,rho_8,0,2950,0.9188179964615607,0.19473023032035905
voter,rho_8,0,3000,0.9361822529602801,0.1547633332842257
voter,rho_8,0,3050,0.9328158729504832,0.1673507045327635
voter,rho_8,0,3100,0.9481624557590254,0.1454222737791748
voter,rho_8,0,3150,0.9492629823558836,0.15530255028513282
voter,rho_8,0,3200,0.9468525746908034,0.1611228569233743
voter,rho_8,0,3250,0.956472928775888,0.1398506430656725
voter,rho_8,0,3300,0.9551157799313369,0.1346573683131012
voter,rho_8,0,3350,0.9532623307418611,0.1408366187514176
voter,rho_8,0,3400,0.9537025985330686,0.1412976848071886
voter,rho_8,0,3450,0.9477146315429952,0.1598479872872823
voter,rho_8,0,3500,0.9397725124564389,0.18202686451190098
voter,rho_8,0,3550,0.9427758203490718,0.17203859940498822
voter,rho_8,0,3600,0.9389089207127759,0.18349257085970042
voter,rho_8,0,3650,0.9392531407184729,0.1822409518776253
voter,rho_8,0,3700,0.9360188243384308,0.19203537829939046
voter,rho_8,0,3750,0.9498604844698976,0.15640023182476276
voter,rho_8,0,3800,0.9469038843934887,0.1624940923345966
voter,rho_8,0,3850,0.9491698859217985,0.15515761185247967
voter,rho_8,0,3900,0.9636384274579971,0.13524009143399257
voter,rho_8,0,3950,0.9813567014306857,0.06873875397625953
voter,rho_8,0,4000,0.9746113093741793,0.11066673674676415
voter,rho_8,0,4050,0.9822020382182363,0.07757951680770064
voter,rho_8,0,4100,0.9852585530649935,0.06425647747125299
voter,rho_8,0,4150,0.9908016713946554,0.04009458484016956
voter,rho_8,0,4200,0.9967524479686268,0.014155751118638796
voter,rho_8,0,4250,0.9999999999999989,9.769180382800994e-15
voter,rho_8,0,4300,0.9999999999999989,9.769180382800994e-15
voter,rho_8,0,4350,0.9999999999999989,9.769180382800994e-15
voter,rho_8,0,4400,0.9999999999999989,9.769180382800994e-15
voter,rho_8,0,4450,0.9999999999999989,9.769180382800994e-15
voter,rho_8,0,4500,0.9999999999999989,9.769180382800994e-15
voter,rho_8,0,4550,0.9999999999999989,9.769180382800994e-15
voter,rho_8,0,4600,0.9999999999999989,9.769180382800994e-15
voter,rho_8,0,4650,0.9999999999999989,9.769180382800994e-15
voter,rho_8,0,4700,0.9999999999999989,9.769180382800994e-15
voter,rho_8,0,4750,0.9999999999999989,9.769180382800994e-15
voter,rho_8,0,4800,0.9999999999999989,9.769180382800994e-15
voter,rho_8,0,4850,0.9999999999999989,9.769180382800994e-15
voter,rho_8,0,4900,0.9999999999999989,9.769180382800994e-15
voter,rho_8,0,4950,0.9999999999999989,9.769180382800994e-15
voter,rho_8,0,5000,0.9999999999999989,9.769180382800994e-15
voter,rho_8,0.050000000000000003,0,0.02598528156862152,0.01570406958636639
voter,rho_8,0.050000000000000003,50,0.24477577874679932,0.1274727454296186
voter,rho_8,0.050000000000000003,100,0.3235579689870971,0.12907430435302936
voter,rho_8,0.050000000000000003,150,0.3821808013701231,0.18107030034386817
voter,rho_8,0.050000000000000003,200,0.4464310243707694,0.18669639059303644
voter,rho_8,0.050000000000000003,250,0.4828811884458597,0.21574507168794962
voter,rho_8,0.050000000000000003,300,0.5544899529326288,0.20295341065167213
voter,rho_8,0.050000000000000003,350,0.5816314688057238,0.21092727662780417
voter,rho_8,0.050000000000000003,400,0.607889293853159,0.20992771610720204
voter,rho_8,0.050000000000000003,450,0.6007431111594536,0.22581789103420913
voter,rho_8,0.050000000000000003,500,0.5985374037706075,0.2403326776735777
voter,rho_8,0.050000000000000003,550,0.6238736794178956,0.2580859869679038
voter,rho_8,0.050000000000000003,600,0.6399916883115707,0.27333408113879804
voter,rho_8,0.050000000000000003,650,0.6947820733695138,0.20637965427228752
voter,rho_8,0.050000000000000003,700,0.709227233996436,0.21775528472995204
voter,rho_8,0.050000000000000003,750,0.7338368436719912,0.225812205084431
voter,rho_8,0.050000000000000003,800,0.7704367076292571,0.20803132075535172
voter,rho_8,0.050000000000000003,850,0.7517523862391181,0.218442843984955
voter,rho_8,0.050000000000000003,900,0.73174669066798,0.24337125953430036
voter,rho_8,0.050000000000000003,950,0.7362197952984053,0.26434966811042315
voter,rho_8,0.050000000000000003,1000,0.7620127530107853,0.23985408595677976
voter,rho_8,0.050000000000000003,1050,0.7991315757199727,0.20836052183618428
voter,rho_8,0.050000000000000003,1100,0.8343769639421594,0.17679238099691144
voter,rho_8,0.050000000000000003,1150,0.8433787335877051,0.1819245807437417
voter,rho_8,0.050000000000000003,1200,0.8400600319008829,0.19260519647329072
voter,rho_8,0.050000000000000003,1250,0.8419741675359701,0.19265985369206437
voter,rho_8,0.050000000000000003,1300,0.8481417270456261,0.17746994726760604
voter,rho_8,0.050000000000000003,1350,0.8384164926631668,0.18826205044540645
voter,rho_8,0.050000000000000003,1400,0.865330173171559,0.14919414460556135
voter,rho_8,0.050000000000000003,1450,0.87144481330581,0.151334829858309
voter,rho_8,0.050000000000000003,1500,0.893782046469231,0.13846823744640752
voter,rho_8,0.050000000000000003,1550,0.8843184055639997,0.16414792156427416
voter,rho_8,0.050000000000000003,1600,0.8927133632625244,0.12091618009113342
voter,rho_8,0.050000000000000003,1650,0.9025446730084988,0.11921599158305152
voter,rho_8,0.050000000000000003,1700,0.9125173925244685,0.08526435538393114
voter,rho_8,0.050000000000000003,1750,0.916570263237624,0.07884487910187704
voter,rho_8,0.050000000000000003,1800,0.9244563696438824,0.0726950456837599
voter,rho_8,0.050000000000000003,1850,0.9240526798327007,0.06313694670854564
voter,rho_8,0.050000000000000003,1900,0.9086000557095387,0.09606327963319998
voter,rho_8,0.050000000000000003,1950,0.91996085710209,0.05314943402761079
voter,rho_8,0.050000000000000003,2000,0.9222050797353297,0.05546635080564716
voter,rho_8,0.050000000000000003,2050,0.9251646883792904,0.057674797351346674
voter,rho_8,0.050000000000000003,2100,0.9201085019567797,0.06212916076566492
voter,rho_8,0.050000000000000003,2150,0.923375645585284,0.05844149122284874
voter,rho_8,0.050000000000000003,2200,0.9211711893321552,0.058660884821600305
voter,rho_8,0.050000000000000003,2250,0.9285005370154199,0.05564202127175693
voter,rho_8,0.050000000000000003,2300,0.9305622528041946,0.04964987617620249
voter,rho_8,0.050000000000000003,2350,0.9302365282880496,0.05038003350169195
voter,rho_8,0.050000000000000003,2400,0.9341952501284702,0.04415912594850789
voter,rho_8,0.050000000000000003,2450,0.9291684799906328,0.04146332618746694
voter,rho_8,0.050000000000000003,2500,0.9189605108259047,0.047181334421421466
voter,rho_8,0.050000000000000003,2550,0.9224712060154816,0.05527285299381074
voter,rho_8,0.050000000000000003,2600,0.9273054305841084,0.04706328176860081
voter,rho_8,0.050000000000000003,2650,0.9320828458112924,0.04870756544428795
voter,rho_8,0.050000000000000003,2700,0.9280541869111483,0.050115743312113784
voter,rho_8,0.050000000000000003,2750,0.9317048421402937,0.04704665215222619
voter,rho_8,0.050000000000000003,2800,0.9331646532249781,0.04828135729236396
voter,rho_8,0.050000000000000003,2850,0.9389607722710972,0.04108719532595689
voter,rho_8,0.050000000000000003,2900,0.9383065080211301,0.04671165131065611
voter,rho_8,0.050000000000000003,2950,0.9357208483866326,0.04855096300842004
voter,rho_8,0.050000000000000003,3000,0.9350328561122806,0.05023245380694758
voter,rho_8,0.050000000000000003,3050,0.9329930540814132,0.05177467385615563
voter,rho_8,0.050000000000000003,3100,0.9312373167964589,0.04613825089194956
voter,rho_8,0.050000000000000003,3150,0.9413701011480089,0.04133667228672269
voter,rho_8,0.050000000000000003,3200,0.9363135280216414,0.053128708309126846
voter,rho_8,0.050000000000000003,3250,0.9348015679551647,0.05033212171070878
voter,rho_8,0.050000000000000003,3300,0.9369901140160714,0.05953170236819972
voter,rho_8,0.050000000000000003,3350,0.9333980445096719,0.06157465559624985
voter,rho_8,0.050000000000000003,3400,0.9387429539739374,0.056571411315195816
voter,rho_8,0.050000000000000003,3450,0.9434554163400939,0.03977946493571472
voter,rho_8,0.050000000000000003,3500,0.9491627014055558,0.030364554801982437
voter,rho_8,0.050000000000000003,3550,0.9423937245040243,0.05776928123584979
voter,rho_8,0.050000000000000003,3600,0.9351533699967802,0.05372450149580906
voter,rho_8,0.050000000000000003,3650,0.9415812837773011,0.06271532662947968
voter,rho_8,0.050000000000000003,3700,0.934114500023947,0.07899900768183132
voter,rho_8,0.050000000000000003,3750,0.9368879481554249,0.06246908277995778
voter,rho_8,0.050000000000000003,3800,0.9460113640293694,0.0417041811308566
voter,rho_8,0.050000000000000003,3850,0.94618848415261,0.04157215766656504
voter,rho_8,0.050000000000000003,3900,0.9466403788344767,0.041443556133171404
voter,rho_8,0.050000000000000003,3950,0.948014613537955,0.033007906489733736
voter,rho_8,0.050000000000000003,4000,0.9464682445043001,0.029122686896456834
voter,rho_8,0.050000000000000003,4050,0.949650061995347,0.033439836677292806
voter,rho_8,0.050000000000000003,4100,0.9525904901861864,0.0317008206708085
voter,rho_8,0.050000000000000003,4150,0.9527947624529055,0.023184960825814144
voter,rho_8,0.050000000000000003,4200,0.949222718480238,0.02718214956180453
voter,rho_8,0.050000000000000003,4250,0.9425626162948808,0.031203100729069535
voter,rho_8,0.050000000000000003,4300,0.9399873782961311,0.03415467225971975
voter,rho_8,0.050000000000000003,4350,0.945002507091564,0.02743910693337462
voter,rho_8,0.050000000000000003,4400,0.9479276315682817,0.038791367189565246
voter,rho_8,0.050000000000000003,4450,0.9447944755897403,0.0381505871876027
voter,rho_8,0.050000000000000003,4500,0.9431365788703252,0.0353523910717601
voter,rho_8,0.050000000000000003,4550,0.9464627602523926,0.030498511626692187
voter,rho_8,0.050000000000000003,4600,0.9423886376492889,0.032918513099319716
voter,rho_8,0.050000000000000003,4650,0.946625543830106,0.03038852340784411
voter,rho_8,0.050000000000000003,4700,0.9418335239896678,0.036039835925360225
voter,rho_8,0.050000000000000003,4750,0.946831747731293,0.03838016013202046
voter,rho_8,0.050000000000000003,4800,0.937902842797536,0.055931199837506225
voter,rho_8,0.050000000000000003,4850,0.9305950142646306,0.06224016239380262
voter,rho_8,0.050000000000000003,4900,0.930063990090615,0.06084113649098404
voter,rho_8,0.050000000000000003,4950,0.9145890882225387,0.08114976345916607
voter,rho_8,0.050000000000000003,5000,0.9132489252704513,0.08690337368187637
voter,rho_8,0.10000000000000001,0,0.028378526641605874,0.013462865093083396
voter,rho_8,0.10000000000000001,50,0.23175232004877566,0.09586817402781436
voter,rho_8,0.10000000000000001,100,0.21417400625521932,0.11856873012462454
voter,rho_8,0.10000000000000001,150,0.30469117990317335,0.16302312825429258
voter,rho_8,0.10000000000000001,200,0.3731058211898536,0.19560227219999576
voter,rho_8,0.10000000000000001,250,0.40367522091861396,0.1951627526251419
voter,rho_8,0.10000000000000001,300,0.4518171796191016,0.186175378219547
voter,rho_8,0.10000000000000001,350,0.5095338956100096,0.19514504227519333
voter,rho_8,0.10000000000000001,400,0.5346808215215809,0.21702308405643955
voter,rho_8,0.10000000000000001,450,0.5414015423442556,0.22320235535992136
voter,rho_8,0.10000000000000001,500,0.5593326665910568,0.17411054881058896
voter,rho_8,0.10000000000000001,550,0.6004694721928777,0.21779685392875667
voter,rho_8,0.10000000000000001,600,0.6359667934646657,0.2118190769450721
voter,rho_8,0.10000000000000001,650,0.6590327216002295,0.2225550327550321
voter,rho_8,0.10000000000000001,700,0.6181930476851926,0.23060275262010416
voter,rho_8,0.10000000000000001,750,0.6392848194245626,0.2104733971405038
voter,rho_8,0.10000000000000001,800,0.5977729518267169,0.2381080942013732
voter,rho_8,0.10000000000000001,850,0.6294039944679621,0.19619239401912947
voter,rho_8,0.10000000000000001,900,0.6799524271903972,0.14416862470476424
voter,rho_8,0.10000000000000001,950,0.7000876470459751,0.16972954739763177
voter,rho_8,0.10000000000000001,1000,0.7021549627024888,0.1566054389167005
voter,rho_8,0.10000000000000001,1050,0.7195834685276347,0.17387924114068748
voter,rho_8,0.10000000000000001,1100,0.7209326304917199,0.192725773776386
voter,rho_8,0.10000000000000001,1150,0.734889858040074,0.16382885627567773
voter,rho_8,0.10000000000000001,1200,0.7545233278028594,0.13417690067856697
voter,rho_8,0.10000000000000001,1250,0.7574120108599962,0.13342884199662897
voter,rho_8,0.10000000000000001,1300,0.7677780964836873,0.1311104964120817
voter,rho_8,0.10000000000000001,1350,0.7476669444912484,0.157681122708287
voter,rho_8,0.10000000000000001,1400,0.7161705620551155,0.19675145648007397
voter,rho_8,0.10000000000000001,1450,0.7226019683198135,0.18906966081719734
voter,rho_8,0.10000000000000001,1500,0.7530089250964767,0.20350254766268636
voter,rho_8,0.10000000000000001,1550,0.7571890953211039,0.172596272268543
voter,rho_8,0.10000000000000001,1600,0.7385439877611563,0.17478770430816212
voter,rho_8,0.10000000000000001,1650,0.7367122419523408,0.13846707251983803
voter,rho_8,0.10000000000000001,1700,0.7341987050835994,0.17154389495808764
voter,rho_8,0.10000000000000001,1750,0.7146690911611342,0.17200838549172526
voter,rho_8,0.10000000000000001,1800,0.7321998521015537,0.21565022673139578
voter,rho_8,0.10000000000000001,1850,0.7196554827447368,0.22313937201288137
voter,rho_8,0.10000000000000001,1900,0.7568670055486713,0.1904486902532442
voter,rho_8,0.10000000000000001,1950,0.7644468471238429,0.1775052790588889
voter,rho_8,0.10000000000000001,2000,0.7712633996322452,0.1442544100988618
voter,rho_8,0.10000000000000001,2050,0.8004540486506704,0.12462188071512524
voter,rho_8,0.10000000000000001,2100,0.817250126949677,0.11939573639149516
voter,rho_8,0.10000000000000001,2150,0.8519039633185026,0.09096555423941739
voter,rho_8,0.10000000000000001,2200,0.8252795131055002,0.1167604798611343
voter,rho_8,0.10000000000000001,2250,0.8306867266114727,0.13746650221701562
voter,rho_8,0.10000000000000001,2300,0.826703287992775,0.13101864651284176
voter,rho_8,0.10000000000000001,2350,0.8594375221269882,0.09361832537099471
voter,rho_8,0.10000000000000001,2400,0.8352091845036815,0.15923378795209503
voter,rho_8,0.10000000000000001,2450,0.8148011075590242,0.1679123493815348
voter,rho_8,0.10000000000000001,2500,0.8244682269871006,0.14015514518539318
voter,rho_8,0.10000000000000001,2550,0.8046374709259005,0.15612317920920735
voter,rho_8,0.10000000000000001,2600,0.804635323830299,0.16969834969204664
voter,rho_8,0.10000000000000001,2650,0.8013402068361092,0.18006595035925696
voter,rho_8,0.10000000000000001,2700,0.7947759760104918,0.18254459467984785
voter,rho_8,0.10000000000000001,2750,0.8024638195281216,0.1423749579311103
voter,rho_8,0.10000000000000001,2800,0.7824809034771859,0.16117478350484446
voter,rho_8,0.10000000000000001,2850,0.801080149718843,0.1222406664531367
voter,rho_8,0.10000000000000001,2900,0.7970585807675821,0.13591237489748514
voter,rho_8,0.10000000000000001,2950,0.7948140709259062,0.13316546878030888
voter,rho_8,0.10000000000000001,3000,0.8162260205398024,0.09883390414702148
voter,rho_8,0.10000000000000001,3050,0.8045156079788877,0.1319769558803476
voter,rho_8,0.10000000000000001,3100,0.780736231628013,0.16510163271195685
voter,rho_8,0.10000000000000001,3150,0.76689100856009,0.16902270921284707
voter,rho_8,0.10000000000000001,3200,0.7643393457630345,0.21198258071851747
voter,rho_8,0.10000000000000001,3250,0.7851909613097219,0.19088590616629644
voter,rho_8,0.10000000000000001,3300,0.8063929326848174,0.1518322335416724
voter,rho_8,0.10000000000000001,3350,0.814117028364816,0.1503995885642256
voter,rho_8,0.10000000000000001,3400,0.8013699168287192,0.1709823123785787
voter,rho_8,0.10000000000000001,3450,0.8129670250152297,0.1636347918520814
voter,rho_8,0.10000000000000001,3500,0.8101230412537301,0.13450303102106176
voter,rho_8,0.10000000000000001,3550,0.8042644537396733,0.11268531868467374
voter,rho_8,0.10000000000000001,3600,0.8041091663371706,0.11570991047057941
voter,rho_8,0.10000000000000001,3650,0.8133155713319027,0.10271797076802383
voter,rho_8,0.10000000000000001,3700,0.7905364836368923,0.12437353871613735
voter,rho_8,0.10000000000000001,3750,0.8067061295019565,0.12818301744130947
voter,rho_8,0.10000000000000001,3800,0.7963528491447276,0.12448836880067696
voter,rho_8,0.10000000000000001,3850,0.7821415316305715,0.122211780485327
voter,rho_8,0.10000000000000001,3900,0.7863480420159781,0.12477695635014444
voter,rho_8,0.10000000000000001,3950,0.7830285021037098,0.1581356571861595
voter,rho_8,0.10000000000000001,4000,0.7767561267249322,0.12132831989563024
voter,rho_8,0.10000000000000001,4050,0.7728292081091913,0.10365798455228002
voter,rho_8,0.10000000000000001,4100,0.7707006802056271,0.0961359539232178
voter,rho_8,0.10000000000000001,4150,0.7750970804417926,0.10212981705332086
voter,rho_8,0.10000000000000001,4200,0.8042554941917421,0.10032557717727074
voter,rho_8,0.10000000000000001,4250,0.7727821961668011,0.11306449857358625
voter,rho_8,0.10000000000000001,4300,0.7824496764193081,0.15111853546790288
voter,rho_8,0.10000000000000001,4350,0.7870319174790383,0.15566716586218213
voter,rho_8,0.10000000000000001,4400,0.7790026333698017,0.17812549109913292
voter,rho_8,0.10000000000000001,4450,0.7530385676421772,0.19454306631843335
voter,rho_8,0.10000000000000001,4500,0.781679015818354,0.16683518665173536
voter,rho_8,0.10000000000000001,4550,0.765563130192135,0.15526234748747902
voter,rho_8,0.10000000000000001,4600,0.7555700407769735,0.14225953379222236
voter,rho_8,0.10000000000000001,4650,0.7650441166204531,0.13750573578337608
voter,rho_8,0.10000000000000001,4700,0.7715811225733958,0.13686176757726903
voter,rho_8,0.10000000000000001,4750,0.7497867456839444,0.13153829875486778
voter,rho_8,0.10000000000000001,4800,0.7587287152722502,0.16308709857025966
voter,rho_8,0.10000000000000001,4850,0.7293813125415445,0.2083494373948267
voter,rho_8,0.10000000000000001,4900,0.7496539026108874,0.2005784967030164
voter,rho_8,0.10000000000000001,4950,0.7207535888243177,0.2195667495225795
voter,rho_8,0.10000000000000001,5000,0.7430641490489622,0.18469175799428983
voter,rho_8,0.14999999999999999,0,0.03012667539939725,0.01654327393582403
voter,rho_8,0.14999999999999999,50,0.1891163580002815,0.11239671242579748
voter,rho_8,0.14999999999999999,100,0.27887567399775437,0.14057068581228935
voter,rho_8,0.14999999999999999,150,0.3947780347750862,0.17769289562586882
voter,rho_8,0.14999999999999999,200,0.39166191954187835,0.18571082781789827
voter,rho_8,0.14999999999999999,250,0.46886860196826874,0.2182482199534199
voter,rho_8,0.14999999999999999,300,0.4888767958374854,0.2140934184895823
voter,rho_8,0.14999999999999999,350,0.5215083872958661,0.20040008819428987
voter,rho_8,0.14999999999999999,400,0.5368925336511081,0.1689680844681676
voter,rho_8,0.14999999999999999,450,0.5206584965953742,0.2097584383739035
voter,rho_8,0.14999999999999999,500,0.5132654777657801,0.23793093918924338
voter,rho_8,0.14999999999999999,550,0.5129292265778448,0.221335895708552
voter,rho_8,0.14999999999999999,600,0.5348206374133561,0.22904383685922028
voter,rho_8,0.14999999999999999,650,0.5729690278999355,0.22614971095114916
voter,rho_8,0.14999999999999999,700,0.5822452215266467,0.19702504079830646
voter,rho_8,0.14999999999999999,750,0.5377205185257787,0.21260820156225674
voter,rho_8,0.14999999999999999,800,0.5598732412461777,0.171921655334377
voter,rho_8,0.14999999999999999,850,0.6086540770785582,0.15944884510810176
voter,rho_8,0.14999999999999999,900,0.60515704362874,0.15004726772860616
voter,rho_8,0.14999999999999999,950,0.5984229211288007,0.15511331935412492
voter,rho_8,0.14999999999999999,1000,0.6127672929279161,0.16835414701043508
voter,rho_8,0.14999999999999999,1050,0.6580623993308858,0.16821324099524507
voter,rho_8,0.14999999999999999,1100,0.6551629628316535,0.16047362136161591
voter,rho_8,0.14999999999999999,1150,0.629241834021344,0.1797783223724871
voter,rho_8,0.14999999999999999,1200,0.6280434617726048,0.20242179327176885
voter,rho_8,0.14999999999999999,1250,0.6341432427763196,0.20415764330139283
voter,rho_8,0.14999999999999999,1300,0.6342387525418206,0.17567408580871793
voter,rho_8,0.14999999999999999,1350,0.6071964518431346,0.150254087271418
voter,rho_8,0.14999999999999999,1400,0.6304437379012168,0.1256106087138255
voter,rho_8,0.14999999999999999,1450,0.6278487692605271,0.1461443912276984
voter,rho_8,0.14999999999999999,1500,0.6066402406395363,0.20608757921299367
voter,rho_8,0.14999999999999999,1550,0.6475671526782345,0.1973623380923273
voter,rho_8,0.14999999999999999,1600,0.6810956206370378,0.15177862479604276
voter,rho_8,0.14999999999999999,1650,0.6433702315095542,0.17880350574673418
voter,rho_8,0.14999999999999999,1700,0.6465680905387742,0.16729332721314533
voter,rho_8,0.14999999999999999,1750,0.6069336747997889,0.17486055743643436
voter,rho_8,0.14999999999999999,1800,0.6287760916652279,0.13763507561636013
voter,rho_8,0.14999999999999999,1850,0.6290464002928545,0.15753360859410181
voter,rho_8,0.14999999999999999,1900,0.6607369279369237,0.1053829032226944
voter,rho_8,0.14999999999999999,1950,0.649515897598546,0.1499605722525393
voter,rho_8,0.14999999999999999,2000,0.5922014506216235,0.17421744485040538
voter,rho_8,0.14999999999999999,2050,0.6027454632876295,0.18784142295960907
voter,rho_8,0.14999999999999999,2100,0.5885234030008757,0.19492611369612767
voter,rho_8,0.14999999999999999,2150,0.5923822778213418,0.2057524268836053
voter,rho_8,0.14999999999999999,2200,0.6215593708805265,0.18271255583636667
voter,rho_8,0.14999999999999999,2250,0.6020188782692502,0.17934399497693143
voter,rho_8,0.14999999999999999,2300,0.6458000635920548,0.17106903560375325
voter,rho_8,0.14999999999999999,2350,0.6498929799633913,0.1549208492050897
voter,rho_8,0.14999999999999999,2400,0.6583484212535786,0.17801981332496344
voter,rho_8,0.14999999999999999,2450,0.6676044376595932,0.18192658787477387
voter,rho_8,0.14999999999999999,2500,0.6849754602591457,0.1744107810215474
voter,rho_8,0.14999999999999999,2550,0.6847102848388139,0.17563531812070857
voter,rho_8,0.14999999999999999,2600,0.6614771291667076,0.18919521965994784
voter,rho_8,0.14999999999999999,2650,0.6798966182226851,0.1667277801541616
voter,rho_8,0.14999999999999999,2700,0.6823682004411925,0.152138340335883
voter,rho_8,0.14999999999999999,2750,0.67923624797052,0.18066514212312476
voter,rho_8,0.14999999999999999,2800,0.6934226050166175,0.18975840433339108
voter,rho_8,0.14999999999999999,2850,0.6738395866449693,0.20465286492633403
voter,rho_8,0.14999999999999999,2900,0.6593391909588141,0.219177611233797
voter,rho_8,0.14999999999999999,2950,0.6756669747066767,0.2084309746527398
voter,rho_8,0.14999999999999999,3000,0.6631301063891211,0.18637876362984335
voter,rho_8,0.14999999999999999,3050,0.627884464351358,0.19423294676795982
voter,rho_8,0.14999999999999999,3100,0.6066502324642462,0.22605505230784598
voter,rho_8,0.14999999999999999,3150,0.623018442603356,0.20696020650528316
voter,rho_8,0.14999999999999999,3200,0.6190020535566771,0.19393778206620363
voter,rho_8,0.14999999999999999,3250,0.6088504823768015,0.18383509200191556
voter,rho_8,0.14999999999999999,3300,0.6500598853545319,0.14339080838020068
voter,rho_8,0.14999999999999999,3350,0.6279862382797423,0.19996926297638393
voter,rho_8,0.14999999999999999,3400,0.6471235801389285,0.18719266470058207
voter,rho_8,0.14999999999999999,3450,0.6451118747814836,0.18164850713858605
voter,rho_8,0.14999999999999999,3500,0.6477147173550729,0.1674170492383357
voter,rho_8,0.14999999999999999,3550,0.6064450875445909,0.18846741921791424
voter,rho_8,0.14999999999999999,3600,0.611096118167209,0.19303947967683277
voter,rho_8,0.14999999999999999,3650,0.5851476682007164,0.23675548592944373
voter,rho_8,0.14999999999999999,3700,0.6078698598636466,0.2117326148389794
voter,rho_8,0.14999999999999999,3750,0.6063340732677344,0.20474737957713177
voter,rho_8,0.14999999999999999,3800,0.6313921376391132,0.18260319474203096
voter,rho_8,0.14999999999999999,3850,0.6332669761009808,0.17235502764992747
voter,rho_8,0.14999999999999999,3900,0.6170036417636419,0.16722916378084765
voter,rho_8,0.14999999999999999,3950,0.5842422952514845,0.22413999542113683
voter,rho_8,0.14999999999999999,4000,0.640927545562481,0.20100467534224392
voter,rho_8,0.14999999999999999,4050,0.6541219730140602,0.16300596959126198
voter,rho_8,0.14999999999999999,4100,0.6423659808621383,0.18480591999725504
voter,rho_8,0.14999999999999999,4150,0.6755360768046638,0.14743696432824077
voter,rho_8,0.14999999999999999,4200,0.6618531412435624,0.1603558795607497
voter,rho_8,0.14999999999999999,4250,0.6433880886982533,0.1790587074974108
voter,rho_8,0.14999999999999999,4300,0.6241818446981673,0.19323317634954965
voter,rho_8,0.14999999999999999,4350,0.6332911131034249,0.21429217379768387
voter,rho_8,0.14999999999999999,4400,0.6155423327033187,0.20489302421513433
voter,rho_8,0.14999999999999999,4450,0.6168499320437951,0.20238298137906263
voter,rho_8,0.14999999999999999,4500,0.6026069470435154,0.16877216515994
voter,rho_8,0.14999999999999999,4550,0.5794722262246255,0.16817401338536023
voter,rho_8,0.14999999999999999,4600,0.5928928559485078,0.19802716302138865
voter,rho_8,0.14999999999999999,4650,0.5930931448173344,0.19477735278796832
voter,rho_8,0.14999999999999999,4700,0.6205950786388746,0.21580995746594892
voter,rho_8,0.14999999999999999,4750,0.6366023897196118,0.20373254245679642
voter,rho_8,0.14999999999999999,4800,0.6417408243464882,0.18841389652556562
voter,rho_8,0.14999999999999999,4850,0.6510705399852463,0.15489070749952502
voter,rho_8,0.14999999999999999,4900,0.6219312005071965,0.18433125917885104
voter,rho_8,0.14999999999999999,4950,0.636483815432101,0.18313257776372532
voter,rho_8,0.14999999999999999,5000,0.6079048848273121,0.21669269153321416
voter,rho_8,0.20000000000000001,0,0.02867114704294304,0.01435384654272504
voter,rho_8,0.20000000000000001,50,0.21442392581562258,0.11374783894138639
voter,rho_8,0.20000000000000001,100,0.278793767937562,0.11476156341375073
voter,rho_8,0.20000000000000001,150,0.3748947707922682,0.14095782160660034
voter,rho_8,0.20000000000000001,200,0.41814024983086995,0.18251571571327957
voter,rho_8,0.20000000000000001,250,0.43116561497191014,0.19840426430519165
voter,rho_8,0.20000000000000001,300,0.4328038323693379,0.20807580213191676
voter,rho_8,0.20000000000000001,350,0.45886582141901266,0.1919292879669197
voter,rho_8,0.20000000000000001,400,0.4475248684146854,0.2037925102687924
voter,rho_8,0.20000000000000001,450,0.4683142946676928,0.1556368449653234
voter,rho_8,0.20000000000000001,500,0.4669774960012572,0.1917391316641786
voter,rho_8,0.20000000000000001,550,0.49206596263709546,0.1403516566182773
voter,rho_8,0.20000000000000001,600,0.48886824910437576,0.14113997854796967
voter,rho_8,0.20000000000000001,650,0.48056249308822424,0.15119103135619424
voter,rho_8,0.20000000000000001,700,0.4626849375653195,0.20343580487439844
voter,rho_8,0.20000000000000001,750,0.4541538716085049,0.20974695416194775
voter,rho_8,0.20000000000000001,800,0.4595872581567925,0.175714677201088
voter,rho_8,0.20000000000000001,850,0.5028812996699639,0.15448132458122865
voter,rho_8,0.20000000000000001,900,0.5362342344391029,0.1679242301925043
voter,rho_8,0.20000000000000001,950,0.5300172225236109,0.1461064743640062
voter,rho_8,0.20000000000000001,1000,0.507356433059106,0.1580218584569611
voter,rho_8,0.20000000000000001,1050,0.5445509703927376,0.12346644424297493
voter,rho_8,0.20000000000000001,1100,0.5991185955895622,0.17044929834754766
voter,rho_8,0.20000000000000001,1150,0.6019374147757829,0.20734668831797987
voter,rho_8,0.20000000000000001,1200,0.5772855930549725,0.16493724260266063
voter,rho_8,0.20000000000000001,1250,0.5875594629281384,0.18010310199677518
voter,rho_8,0.20000000000000001,1300,0.5762399857515953,0.17664015776612596
voter,rho_8,0.20000000000000001,1350,0.5661393506394994,0.1609701115792496
voter,rho_8,0.20000000000000001,1400,0.5496945563259666,0.15691195019262927
voter,rho_8,0.20000000000000001,1450,0.552969216625507,0.129067177045364
voter,rho_8,0.20000000000000001,1500,0.5432208651275713,0.1860782819108938
voter,rho_8,0.20000000000000001,1550,0.5250500989138748,0.20286910697710836
voter,rho_8,0.20000000000000001,1600,0.5360835161736464,0.24182508535478656
voter,rho_8,0.20000000000000001,1650,0.5273119299371711,0.18273720696961115
voter,rho_8,0.20000000000000001,1700,0.5141216182183481,0.1712824809370886
voter,rho_8,0.20000000000000001,1750,0.5583073800149053,0.16263687544461636
voter,rho_8,0.20000000000000001,1800,0.5610158606316761,0.18095311420139482
voter,rho_8,0.20000000000000001,1850,0.5447445587184853,0.19904986832932364
voter,rho_8,0.20000000000000001,1900,0.5622011454016151,0.2461880875260887
voter,rho_8,0.20000000000000001,1950,0.5407958824136185,0.21742945832923366
voter,rho_8,0.20000000000000001,2000,0.5397221040619804,0.19804699787246374
voter,rho_8,0.20000000000000001,2050,0.5440705937810295,0.18248285242104262
voter,rho_8,0.20000000000000001,2100,0.5337368067707567,0.19970606275562974
voter,rho_8,0.20000000000000001,2150,0.5355697979033398,0.20056408473785828
voter,rho_8,0.20000000000000001,2200,0.5559071738673819,0.18607991977745836
voter,rho_8,0.20000000000000001,2250,0.543462370401891,0.16857693244800698
voter,rho_8,0.20000000000000001,2300,0.5068307955539335,0.19570781666489517
voter,rho_8,0.20000000000000001,2350,0.5194907211698475,0.1671950936344411
voter,rho_8,0.20000000000000001,2400,0.5071209159778177,0.1770214694325621
voter,rho_8,0.20000000000000001,2450,0.5078008885396909,0.17470533034352542
voter,rho_8,0.20000000000000001,2500,0.5242598703247715,0.1935298236972144
voter,rho_8,0.20000000000000001,2550,0.5321232157473533,0.19003783707682256
voter,rho_8,0.20000000000000001,2600,0.5707842305708738,0.18208697664371254
voter,rho_8,0.20000000000000001,2650,0.5489126031113447,0.20856424754029887
voter,rho_8,0.20000000000000001,2700,0.5243616950546311,0.2082760831512566
voter,rho_8,0.20000000000000001,2750,0.5318670266180359,0.19985165167909957
voter,rho_8,0.20000000000000001,2800,0.539679873172513,0.19542338123024344
voter,rho_8,0.20000000000000001,2850,0.5479570668181812,0.20341258854209235
voter,rho_8,0.20000000000000001,2900,0.5300443933747829,0.21788695479916548
voter,rho_8,0.20000000000000001,2950,0.5028282625303764,0.23900000832992896
voter,rho_8,0.20000000000000001,3000,0.5238371483484248,0.19607680317248383
voter,rho_8,0.20000000000000001,3050,0.5791871832267599,0.17165064917959325
voter,rho_8,0.20000000000000001,3100,0.5817667898587299,0.19645881635764897
voter,rho_8,0.20000000000000001,3150,0.5432915793383725,0.20997206544210079
voter,rho_8,0.20000000000000001,3200,0.4973300887521936,0.1992762990446094
voter,rho_8,0.20000000000000001,3250,0.5193817810963387,0.19196582821477848
voter,rho_8,0.20000000000000001,3300,0.5831162690597914,0.17266871611525864
voter,rho_8,0.20000000000000001,3350,0.5362054852627229,0.21181823630818533
voter,rho_8,0.20000000000000001,3400,0.5175625038183295,0.22638904661727421
voter,rho_8,0.20000000000000001,3450,0.5648055033476475,0.1616638771444039
voter,rho_8,0.20000000000000001,3500,0.5857883704168342,0.1346529549523202
voter,rho_8,0.20000000000000001,3550,0.56751468081262,0.17073574075116138
voter,rho_8,0.20000000000000001,3600,0.5319284911766363,0.18535018037380144
voter,rho_8,0.20000000000000001,3650,0.49345888784788255,0.19452741727057304
voter,rho_8,0.20000000000000001,3700,0.5099927139849426,0.17234557588595384
voter,rho_8,0.20000000000000001,3750,0.5537957741908648,0.1648835368798662
voter,rho_8,0.20000000000000001,3800,0.5501712065163256,0.16134471767147532
voter,rho_8,0.20000000000000001,3850,0.5097220563607376,0.18959409897653995
voter,rho_8,0.20000000000000001,3900,0.5163490779406545,0.18076815596709025
voter,rho_8,0.20000000000000001,3950,0.5082469136472212,0.18264049707789162
voter,rho_8,0.20000000000000001,4000,0.5166850207285801,0.15059308653881157
voter,rho_8,0.20000000000000001,4050,0.5106130831282994,0.17829194120895506
voter,rho_8,0.20000000000000001,4100,0.5384598079969576,0.1515276220233599
voter,rho_8,0.20000000000000001,4150,0.5266279968598984,0.15456795564844764
voter,rho_8,0.20000000000000001,4200,0.5561998725982471,0.16104123108833787
voter,rho_8,0.20000000000000001,4250,0.577944724980275,0.16315230990315982
voter,rho_8,0.20000000000000001,4300,0.5771115503352968,0.18769299402657366
voter,rho_8,0.20000000000000001,4350,0.5335326081190518,0.22444410825532016
voter,rho_8,0.20000000000000001,4400,0.550272155641672,0.2036472601572567
voter,rho_8,0.20000000000000001,4450,0.5259725580285124,0.1940730793695278
voter,rho_8,0.20000000000000001,4500,0.48187482847481594,0.2147830413652933
voter,rho_8,0.20000000000000001,4550,0.5213098248765023,0.16979855568760627
voter,rho_8,0.20000000000000001,4600,0.45409683639960363,0.16751020298879543
voter,rho_8,0.20000000000000001,4650,0.4525039624795917,0.1414694100880208
voter,rho_8,0.20000000000000001,4700,0.4540673123894138,0.17918951112397705
voter,rho_8,0.20000000000000001,4750,0.44272832810716406,0.19320998571516096
voter,rho_8,0.20000000000000001,4800,0.439487360990295,0.21290414538048813
voter,rho_8,0.20000000000000001,4850,0.518773814150215,0.17592876198694785
voter,rho_8,0.20000000000000001,4900,0.572653694200261,0.13525126322300932
voter,rho_8,0.20000000000000001,4950,0.5206018500809395,0.18486966089721157
voter,rho_8,0.20000000000000001,5000,0.5369557699254313,0.16013805140572543
