model,rho_label,rho_nominal,N,eta,base_seed,realization,steps,va_t0,S_t0,t_window_start,va_window_mean,va_window_stdev,S_window_mean,S_window_stdev
voter,rho_1_over_2pi,0.15915494309189535,16,0,970000,0,6000,0.20862053633350924,0.125,4500,0.5068827293438584,5.551113891187639e-17,1.0,0.0
voter,rho_1_over_2pi,0.15915494309189535,16,0,970001,1,6000,0.1834655239200901,0.125,4500,1.0000000000000002,0.0,1.0,0.0
voter,rho_1_over_2pi,0.15915494309189535,16,0,970002,2,6000,0.05154787614743742,0.125,4500,0.9999999999999996,0.0,1.0,0.0
voter,rho_1_over_2pi,0.15915494309189535,16,0,970003,3,6000,0.6169309000874951,0.125,4500,0.9075842065472907,0.0,1.0,0.0
voter,rho_1_over_2pi,0.15915494309189535,16,0,970004,4,6000,0.0945589427048949,0.1875,4500,1.0000000000000002,0.0,0.625,0.0
voter,rho_1_over_2pi,0.15915494309189535,16,0,970005,5,6000,0.1774230909939967,0.125,4500,0.9999999999999999,0.0,1.0,0.0
voter,rho_1_over_2pi,0.15915494309189535,16,0,970006,6,6000,0.29855709752912046,0.25,4500,0.9999999999999997,0.0,1.0,0.0
voter,rho_1_over_2pi,0.15915494309189535,16,0,970007,7,6000,0.04834053887461272,0.25,4500,0.9999999999999999,0.0,1.0,0.0
voter,rho_1_over_2pi,0.15915494309189535,16,0,970008,8,6000,0.22235809770243353,0.125,4500,0.14873119872116333,4.1633354183907294e-17,1.0,0.0
voter,rho_1_over_2pi,0.15915494309189535,16,0,970009,9,6000,0.02774573958956565,0.125,4500,0.5922562313341002,0.0,0.75,0.0
voter,rho_1_over_2pi,0.15915494309189535,16,0,970010,10,6000,0.09335974000860847,0.125,4500,1.0000000000000002,0.0,1.0,0.0
voter,rho_1_over_2pi,0.15915494309189535,16,0,970011,11,6000,0.05298867509902591,0.1875,4500,0.9999999999999999,0.0,1.0,0.0
voter,rho_1_over_2pi,0.15915494309189535,16,0,970012,12,6000,0.045677125959971206,0.125,4500,0.9999999999999997,0.0,1.0,0.0
voter,rho_1_over_2pi,0.15915494309189535,16,0,970013,13,6000,0.31755795391122266,0.125,4500,0.9999999999999999,0.0,1.0,0.0
voter,rho_1_over_2pi,0.15915494309189535,16,0,970014,14,6000,0.3815138012079983,0.125,4500,1.0,0.0,1.0,0.0
voter,rho_1_over_2pi,0.15915494309189535,16,0,970015,15,6000,0.07393937711278903,0.125,4500,0.9999999999999999,0.0,1.0,0.0
voter,rho_1_over_2pi,0.15915494309189535,16,0,970016,16,6000,0.10524409094251609,0.0625,4500,0.9999999999999997,0.0,1.0,0.0
voter,rho_1_over_2pi,0.15915494309189535,16,0,970017,17,6000,0.2435621322287863,0.1875,4500,0.9434622490119838,0.0,0.5625,0.0
voter,rho_1_over_2pi,0.15915494309189535,16,0,970018,18,6000,0.09143035417942588,0.1875,4500,1.0000000000000002,0.0,0.75,0.0
voter,rho_1_over_2pi,0.15915494309189535,16,0,970019,19,6000,0.3245121434376922,0.25,4500,0.9999999999999999,0.0,1.0,0.0
voter,rho_1_over_2pi,0.15915494309189535,16,0.5,970100,0,6000,0.4819303490472858,0.125,4500,0.7800458602469549,0.1625596652066735,0.7841855429713525,0.2035321804658865
voter,rho_1_over_2pi,0.15915494309189535,16,0.5,970101,1,6000,0.3158589521835521,0.3125,4500,0.891244927696916,0.07459117785435701,0.9748917388407728,0.0636093154213189
voter,rho_1_over_2pi,0.15915494309189535,16,0.5,970102,2,6000,0.5488649189152379,0.1875,4500,0.720641534927366,0.1853878642648828,0.823784143904064,0.15309372047948203
voter,rho_1_over_2pi,0.15915494309189535,16,0.5,970103,3,6000,0.3190703618980656,0.1875,4500,0.5928411807417031,0.23479153542808318,0.6227931379080613,0.1144935943948045
voter,rho_1_over_2pi,0.15915494309189535,16,0.5,970104,4,6000,0.4300938919288311,0.1875,4500,0.8070206938212233,0.19016245144210653,0.9215939373750833,0.16779493956034164
voter,rho_1_over_2pi,0.15915494309189535,16,0.5,970105,5,6000,0.18289041927654842,0.125,4500,0.6734310945849176,0.22803062635057025,0.6550216522318454,0.18932098072244177
voter,rho_1_over_2pi,0.15915494309189535,16,0.5,970106,6,6000,0.4165160641662504,0.3125,4500,0.7066186766980237,0.20365221583206802,0.7846852098600933,0.1423713463947589
voter,rho_1_over_2pi,0.15915494309189535,16,0.5,970107,7,6000,0.21357597556639796,0.1875,4500,0.6306192351038442,0.1806869909126985,0.6267071952031978,0.1101700023686723
voter,rho_1_over_2pi,0.15915494309189535,16,0.5,970108,8,6000,0.3078024226804519,0.125,4500,0.787316442567692,0.18620946902635122,0.9259660226515656,0.11926685676535775
voter,rho_1_over_2pi,0.15915494309189535,16,0.5,970109,9,6000,0.17993837559667045,0.0625,4500,0.6385114858926224,0.1786038359443776,0.70827781479014,0.1344982858932269
voter,rho_1_over_2pi,0.15915494309189535,16,0.5,970110,10,6000,0.2524494286224432,0.125,4500,0.6412199788259548,0.22386126880191093,0.5783644237175216,0.15575822404369594
voter,rho_1_over_2pi,0.15915494309189535,16,0.5,970111,11,6000,0.18530454697400361,0.25,4500,0.5175796503012927,0.23476467288969852,0.5768654230512992,0.20739387181141014
voter,rho_1_over_2pi,0.15915494309189535,16,0.5,970112,12,6000,0.21201165171146,0.1875,4500,0.6312783883256642,0.21463630094267316,0.5237341772151899,0.1486561945620995
voter,rho_1_over_2pi,0.15915494309189535,16,0.5,970113,13,6000,0.40101135668555454,0.125,4500,0.7810702300396427,0.1557297219961958,0.8389823451032645,0.06695318788913499
voter,rho_1_over_2pi,0.15915494309189535,16,0.5,970114,14,6000,0.37436853353590416,0.125,4500,0.814026267923175,0.1842879867027675,0.9632744836775483,0.1114598809965663
voter,rho_1_over_2pi,0.15915494309189535,16,0.5,970115,15,6000,0.33887761145918494,0.125,4500,0.699669924893469,0.24033134103859136,0.8816622251832112,0.19936598414730108
voter,rho_1_over_2pi,0.15915494309189535,16,0.5,970116,16,6000,0.24305384714112088,0.1875,4500,0.6624567503086117,0.21003225017830976,0.7716938707528315,0.16185330928525854
voter,rho_1_over_2pi,0.15915494309189535,16,0.5,970117,17,6000,0.15058775990765483,0.125,4500,0.6961670357748319,0.22774047491896263,0.7447534976682212,0.20921615599535293
voter,rho_1_over_2pi,0.15915494309189535,16,0.5,970118,18,6000,0.08751582582643566,0.125,4500,0.7746934768599467,0.16488798994781625,0.7847268487674883,0.10172926214620799
voter,rho_1_over_2pi,0.15915494309189535,16,0.5,970119,19,6000,0.37831588013695966,0.1875,4500,0.8235937280049649,0.11420048409171897,0.8357761492338441,0.13723456187896804
voter,rho_1_over_2pi,0.15915494309189535,16,1,970200,0,6000,0.11006553668642625,0.125,4500,0.28780793198274196,0.13788739103444575,0.3126665556295803,0.09657684772096221
voter,rho_1_over_2pi,0.15915494309189535,16,1,970201,1,6000,0.40119476014968614,0.125,4500,0.3629035165296555,0.15533529919982708,0.35097435043304465,0.06435042235362345
voter,rho_1_over_2pi,0.15915494309189535,16,1,970202,2,6000,0.2632110130848277,0.1875,4500,0.447823934084539,0.17436416615329825,0.5921885409726849,0.11953311250561341
voter,rho_1_over_2pi,0.15915494309189535,16,1,970203,3,6000,0.13921118540283223,0.1875,4500,0.5933288547561858,0.17347310606723104,0.8182045303131246,0.11276866272123043
voter,rho_1_over_2pi,0.15915494309189535,16,1,970204,4,6000,0.5214580184616097,0.125,4500,0.4303262371948168,0.20961855908493476,0.4850516322451699,0.05651140716328238
voter,rho_1_over_2pi,0.15915494309189535,16,1,970205,5,6000,0.2956748859678321,0.1875,4500,0.5031064328043736,0.21938478996669455,0.5277731512325117,0.05599019620090678
voter,rho_1_over_2pi,0.15915494309189535,16,1,970206,6,6000,0.2147762797209756,0.1875,4500,0.5046268845366098,0.18087735155585383,0.6465689540306462,0.1613305149441268
voter,rho_1_over_2pi,0.15915494309189535,16,1,970207,7,6000,0.11430161381262935,0.125,4500,0.49959289224080505,0.21070078731485595,0.6334110592938041,0.22091383305832044
voter,rho_1_over_2pi,0.15915494309189535,16,1,970208,8,6000,0.13593416456882051,0.125,4500,0.536213002839036,0.2271944542090776,0.5548800799467022,0.15752262279367707
voter,rho_1_over_2pi,0.15915494309189535,16,1,970209,9,6000,0.4315723097765622,0.1875,4500,0.4617463388823662,0.19757543563958463,0.5490506329113924,0.18591444353355002
voter,rho_1_over_2pi,0.15915494309189535,16,1,970210,10,6000,0.09434050025183792,0.125,4500,0.5082563525445308,0.17958320119355273,0.6147151898734177,0.12657603249080443
voter,rho_1_over_2pi,0.15915494309189535,16,1,970211,11,6000,0.030135845847666702,0.1875,4500,0.48180000788930755,0.21815450873999107,0.6483177881412392,0.18805486837894875
voter,rho_1_over_2pi,0.15915494309189535,16,1,970212,12,6000,0.19852638153347918,0.25,4500,0.38080427657756954,0.1889243863825911,0.3801632245169887,0.08241184501350442
voter,rho_1_over_2pi,0.15915494309189535,16,1,970213,13,6000,0.4056620555307893,0.125,4500,0.5131948480588409,0.21178759379991244,0.7387991339107262,0.17005963935814883
voter,rho_1_over_2pi,0.15915494309189535,16,1,970214,14,6000,0.2861587404090855,0.1875,4500,0.4752296374135856,0.17770191343512498,0.5808211192538307,0.08015893074113074
voter,rho_1_over_2pi,0.15915494309189535,16,1,970215,15,6000,0.35294520299200094,0.125,4500,0.5771629259017337,0.1816512043295334,0.8360259826782145,0.1493093303861376
voter,rho_1_over_2pi,0.15915494309189535,16,1,970216,16,6000,0.14836874563866206,0.125,4500,0.4451288843397622,0.1937169890286859,0.5838607594936709,0.12140558768583055
voter,rho_1_over_2pi,0.15915494309189535,16,1,970217,17,6000,0.2484317543224236,0.125,4500,0.5026808523399183,0.18133057705228575,0.7056545636242505,0.10029615752701095
voter,rho_1_over_2pi,0.15915494309189535,16,1,970218,18,6000,0.15007618983163826,0.1875,4500,0.48376425049670185,0.16761215051638692,0.6071785476349101,0.04370443205482795
voter,rho_1_over_2pi,0.15915494309189535,16,1,970219,19,6000,0.22316222102028802,0.3125,4500,0.5735366626890567,0.18603590759059102,0.7894736842105263,0.10333664483412372
voter,rho_1_over_2pi,0.15915494309189535,16,1.5,970300,0,6000,0.18072411770823132,0.1875,4500,0.3308832495354374,0.15755976226106713,0.39769320453031315,0.07571959461802513
voter,rho_1_over_2pi,0.15915494309189535,16,1.5,970301,1,6000,0.16731349803852763,0.1875,4500,0.3556820661416581,0.16060521836378863,0.42688207861425714,0.061760255821553395
voter,rho_1_over_2pi,0.15915494309189535,16,1.5,970302,2,6000,0.06783263781398938,0.125,4500,0.4094259049614559,0.1810332901074999,0.6289556962025317,0.19742488903713254
voter,rho_1_over_2pi,0.15915494309189535,16,1.5,970303,3,6000,0.1754919089135623,0.1875,4500,0.3307566447022354,0.15398825371815925,0.3655479680213191,0.08807377988784454
voter,rho_1_over_2pi,0.15915494309189535,16,1.5,970304,4,6000,0.24760377511079346,0.1875,4500,0.4293777441373673,0.19282075041792773,0.5927714856762158,0.17418795724759858
voter,rho_1_over_2pi,0.15915494309189535,16,1.5,970305,5,6000,0.31434687343067774,0.125,4500,0.3043051745647049,0.14530901885410855,0.2927215189873418,0.0453618774964669
voter,rho_1_over_2pi,0.15915494309189535,16,1.5,970306,6,6000,0.20558193498044333,0.125,4500,0.3630596382690277,0.16866997382945229,0.4179713524317122,0.1060117423641849
voter,rho_1_over_2pi,0.15915494309189535,16,1.5,970307,7,6000,0.19691414110566685,0.25,4500,0.32863566534161337,0.16279832650345355,0.2961359093937375,0.09999404803900563
voter,rho_1_over_2pi,0.15915494309189535,16,1.5,970308,8,6000,0.18558460046369354,0.125,4500,0.33020713808368635,0.15570521962290865,0.4246335776149234,0.13484880858826187
voter,rho_1_over_2pi,0.15915494309189535,16,1.5,970309,9,6000,0.37519261963259926,0.1875,4500,0.3530931186469141,0.16434802835005471,0.405354763491006,0.07132743621395712
voter,rho_1_over_2pi,0.15915494309189535,16,1.5,970310,10,6000,0.2623613493532479,0.125,4500,0.29559869377401127,0.14156989421137608,0.37949700199866754,0.10167327666377056
voter,rho_1_over_2pi,0.15915494309189535,16,1.5,970311,11,6000,0.4730505833960994,0.125,4500,0.30870533785562704,0.16129824586879718,0.37687375083277813,0.11766064847003697
voter,rho_1_over_2pi,0.15915494309189535,16,1.5,970312,12,6000,0.23085540903117277,0.125,4500,0.29900889841332784,0.14285169860528227,0.3165389740173218,0.051439035084842766
voter,rho_1_over_2pi,0.15915494309189535,16,1.5,970313,13,6000,0.38525049010543444,0.125,4500,0.3709305196159468,0.17285314854589376,0.433336109260493,0.06918634948178465
voter,rho_1_over_2pi,0.15915494309189535,16,1.5,970314,14,6000,0.23101396369928434,0.1875,4500,0.31069963038763726,0.1598944378137349,0.3115423051299134,0.01235420137261532
voter,rho_1_over_2pi,0.15915494309189535,16,1.5,970315,15,6000,0.3688005341073764,0.1875,4500,0.33708850868824564,0.16727249666010172,0.43246169220519654,0.06217114173225124
voter,rho_1_over_2pi,0.15915494309189535,16,1.5,970316,16,6000,0.10796112133008536,0.125,4500,0.4092408871921297,0.17610112235979716,0.6531479013990673,0.16589801890160097
voter,rho_1_over_2pi,0.15915494309189535,16,1.5,970317,17,6000,0.2709552662309117,0.1875,4500,0.31484573516792175,0.15019812663086618,0.388074616922052,0.1290394241305728
voter,rho_1_over_2pi,0.15915494309189535,16,1.5,970318,18,6000,0.3908807125764004,0.1875,4500,0.37421736266126066,0.17426001847124856,0.4793471019320453,0.1064238667482683
voter,rho_1_over_2pi,0.15915494309189535,16,1.5,970319,19,6000,0.412377924488541,0.1875,4500,0.37043975246122207,0.1709698148362033,0.5940206528980679,0.18091810578041653
voter,rho_1_over_2pi,0.15915494309189535,16,2,970400,0,6000,0.5271753778609424,0.125,4500,0.2809944029740291,0.1364631113711719,0.2522901399067288,0.05093706449813621
voter,rho_1_over_2pi,0.15915494309189535,16,2,970401,1,6000,0.36736486430239024,0.125,4500,0.30395169843684583,0.14287724683352973,0.3716272485009993,0.0141216683155189
voter,rho_1_over_2pi,0.15915494309189535,16,2,970402,2,6000,0.3509140673676415,0.125,4500,0.2669410946066936,0.14039998299373255,0.2796469020652898,0.04780813905556701
voter,rho_1_over_2pi,0.15915494309189535,16,2,970403,3,6000,0.09420968901455705,0.1875,4500,0.2965290707981656,0.14561399675556777,0.3770819453697535,0.0227189754592001
voter,rho_1_over_2pi,0.15915494309189535,16,2,970404,4,6000,0.2601840977065206,0.1875,4500,0.27540085854276636,0.137383232671929,0.28585109926715524,0.052401005749143706
voter,rho_1_over_2pi,0.15915494309189535,16,2,970405,5,6000,0.09157117411055572,0.125,4500,0.2853546623969849,0.13678440603183054,0.3546385742838108,0.15693505889133408
voter,rho_1_over_2pi,0.15915494309189535,16,2,970406,6,6000,0.19892326037401473,0.125,4500,0.2717926664513467,0.13250293792092108,0.31016822118587606,0.08723117560502908
voter,rho_1_over_2pi,0.15915494309189535,16,2,970407,7,6000,0.22137809008044126,0.125,4500,0.30872252693117763,0.1473258118188102,0.4733927381745503,0.15274395354209047
voter,rho_1_over_2pi,0.15915494309189535,16,2,970408,8,6000,0.06488909606641675,0.125,4500,0.27111226145112516,0.13411837135996998,0.3020069953364424,0.05095513549986993
voter,rho_1_over_2pi,0.15915494309189535,16,2,970409,9,6000,0.14901295742315956,0.125,4500,0.3189064967516405,0.14511236570200944,0.5052881412391739,0.13483786653770918
voter,rho_1_over_2pi,0.15915494309189535,16,2,970410,10,6000,0.2912366471327339,0.125,4500,0.26511072919207684,0.13211256558360396,0.24712691538974016,0.041689052084486575
voter,rho_1_over_2pi,0.15915494309189535,16,2,970411,11,6000,0.31418553353769246,0.1875,4500,0.33139156550024523,0.1521768485108584,0.643404397068621,0.1054380508431807
voter,rho_1_over_2pi,0.15915494309189535,16,2,970412,12,6000,0.18249574613896083,0.25,4500,0.3041672609600454,0.1452857218587989,0.41443204530313127,0.11821092940105286
voter,rho_1_over_2pi,0.15915494309189535,16,2,970413,13,6000,0.03505810984367482,0.1875,4500,0.33355080028454104,0.16265708268803827,0.4600682878081279,0.09908138785557484
voter,rho_1_over_2pi,0.15915494309189535,16,2,970414,14,6000,0.09339837266190358,0.125,4500,0.3509271305496116,0.1623436606573347,0.48038807461692207,0.10547951386782758
voter,rho_1_over_2pi,0.15915494309189535,16,2,970415,15,6000,0.3259123915382772,0.125,4500,0.2754914338550245,0.1324242464167381,0.29955029980013326,0.09197481389298717
voter,rho_1_over_2pi,0.15915494309189535,16,2,970416,16,6000,0.1419291890502648,0.125,4500,0.29896662306590044,0.1415329105165819,0.4129746835443038,0.07965173628106335
voter,rho_1_over_2pi,0.15915494309189535,16,2,970417,17,6000,0.11832934536131988,0.25,4500,0.3095837742688005,0.15165759089888523,0.5290639573617588,0.09702614179660152
voter,rho_1_over_2pi,0.15915494309189535,16,2,970418,18,6000,0.1717698129572856,0.1875,4500,0.3066800895951604,0.14658681299235374,0.38545136575616257,0.124864884869544
voter,rho_1_over_2pi,0.15915494309189535,16,2,970419,19,6000,0.3924704932496002,0.25,4500,0.3205823603718742,0.14721106281438967,0.5199033977348434,0.0662353700496743
voter,rho_1_over_2pi,0.15915494309189535,16,2.5,970500,0,6000,0.3212762823387222,0.1875,4500,0.2570182935137262,0.1278742475405949,0.25932711525649565,0.0325280628743316
voter,rho_1_over_2pi,0.15915494309189535,16,2.5,970501,1,6000,0.3656371993936327,0.1875,4500,0.28970083617688713,0.14041934199653272,0.40772818121252496,0.14225883808729486
voter,rho_1_over_2pi,0.15915494309189535,16,2.5,970502,2,6000,0.2794522729947633,0.1875,4500,0.29244718922487234,0.14257095305497125,0.4319203864090606,0.07525283050126168
voter,rho_1_over_2pi,0.15915494309189535,16,2.5,970503,3,6000,0.3952484686651669,0.125,4500,0.2801639323505128,0.13807983170346239,0.30646235842771485,0.06051117539156932
voter,rho_1_over_2pi,0.15915494309189535,16,2.5,970504,4,6000,0.19866369104642323,0.125,4500,0.25348001499098277,0.13108960844362447,0.27893904063957364,0.051551893431132
voter,rho_1_over_2pi,0.15915494309189535,16,2.5,970505,5,6000,0.12367925297979628,0.1875,4500,0.25572887506149766,0.12589438739517844,0.3782894736842105,0.029164777722732536
voter,rho_1_over_2pi,0.15915494309189535,16,2.5,970506,6,6000,0.4736467827709308,0.125,4500,0.26713146457748793,0.1352653491016895,0.33223684210526316,0.1294220704524834
voter,rho_1_over_2pi,0.15915494309189535,16,2.5,970507,7,6000,0.08150022613455608,0.1875,4500,0.2717000829843893,0.12977626394344605,0.3659643570952698,0.11477169453960068
voter,rho_1_over_2pi,0.15915494309189535,16,2.5,970508,8,6000,0.1730430646415563,0.25,4500,0.268542209477416,0.13437029331201022,0.2501665556295803,0.003948018426426902
voter,rho_1_over_2pi,0.15915494309189535,16,2.5,970509,9,6000,0.12830189219734187,0.125,4500,0.27324205564658144,0.13680738795218042,0.3415639573617588,0.11603213320500824
voter,rho_1_over_2pi,0.15915494309189535,16,2.5,970510,10,6000,0.3748891774849623,0.125,4500,0.2927222637991581,0.13988787091446744,0.4913807461692205,0.06269649805582353
voter,rho_1_over_2pi,0.15915494309189535,16,2.5,970511,11,6000,0.4307564393250359,0.125,4500,0.2671299481630718,0.13288165510634886,0.33486009327115257,0.05199634281960177
voter,rho_1_over_2pi,0.15915494309189535,16,2.5,970512,12,6000,0.29787193853926885,0.1875,4500,0.281782062360789,0.1430595845140983,0.5047884743504331,0.06596785748824788
voter,rho_1_over_2pi,0.15915494309189535,16,2.5,970513,13,6000,0.19808350375794576,0.125,4500,0.26742020942449096,0.12994873247418762,0.34406229180546305,0.13055220551526833
voter,rho_1_over_2pi,0.15915494309189535,16,2.5,970514,14,6000,0.05157548530651949,0.1875,4500,0.2549987219931452,0.12944761851464104,0.28984843437708196,0.040518144485224235
voter,rho_1_over_2pi,0.15915494309189535,16,2.5,970515,15,6000,0.2736734772945872,0.1875,4500,0.2880794498259956,0.14236696768345455,0.37200199866755496,0.01696140333818317
voter,rho_1_over_2pi,0.15915494309189535,16,2.5,970516,16,6000,0.1387812633374839,0.1875,4500,0.3019585258231774,0.14353764132958685,0.47951365756162556,0.18669137419963006
voter,rho_1_over_2pi,0.15915494309189535,16,2.5,970517,17,6000,0.16959544980559588,0.125,4500,0.2557163960114375,0.13272107940124353,0.2960109926715523,0.036342823847134165
voter,rho_1_over_2pi,0.15915494309189535,16,2.5,970518,18,6000,0.19185902238094585,0.125,4500,0.250678349100458,0.12583031698529987,0.2666139240506329,0.04221967564990963
voter,rho_1_over_2pi,0.15915494309189535,16,2.5,970519,19,6000,0.27625160102567275,0.25,4500,0.26944717272531116,0.13079831212694445,0.2935126582278481,0.07430327396542583
voter,rho_1_over_2pi,0.15915494309189535,16,3,970600,0,6000,0.20535543508683854,0.125,4500,0.24374800621950388,0.12275572385576655,0.26449033977348435,0.044041328857329726
voter,rho_1_over_2pi,0.15915494309189535,16,3,970601,1,6000,0.14399449286781807,0.1875,4500,0.24992869061406042,0.13091276688190276,0.2821868754163891,0.04884877431893415
voter,rho_1_over_2pi,0.15915494309189535,16,3,970602,2,6000,0.17658389911670028,0.125,4500,0.2605040415653384,0.12694335768651052,0.3251582278481013,0.02623284212433155
voter,rho_1_over_2pi,0.15915494309189535,16,3,970603,3,6000,0.17215879312079935,0.125,4500,0.25234192411287426,0.12966101657333282,0.2650316455696203,0.04335224200237561
voter,rho_1_over_2pi,0.15915494309189535,16,3,970604,4,6000,0.14273046908595174,0.1875,4500,0.2607870993046206,0.13076018784593918,0.41668054630246504,0.09102030863262862
voter,rho_1_over_2pi,0.15915494309189535,16,3,970605,5,6000,0.17686150608935303,0.3125,4500,0.24933186892175987,0.1251572892246868,0.283352764823451,0.09266529053518731
voter,rho_1_over_2pi,0.15915494309189535,16,3,970606,6,6000,0.2647856745607942,0.25,4500,0.25634991935895945,0.13161472103865873,0.4377498334443704,0.08493455297725387
voter,rho_1_over_2pi,0.15915494309189535,16,3,970607,7,6000,0.16754621890313837,0.125,4500,0.2517725029640297,0.12616808026525125,0.25353930712858097,0.05551364346577976
voter,rho_1_over_2pi,0.15915494309189535,16,3,970608,8,6000,0.20182165147875727,0.125,4500,0.24327047579593786,0.12233914197229635,0.2984676882078614,0.06903572626487034
voter,rho_1_over_2pi,0.15915494309189535,16,3,970609,9,6000,0.09564768908261735,0.25,4500,0.2677634923836923,0.1315758850129911,0.413099600266489,0.11229140216644565
voter,rho_1_over_2pi,0.15915494309189535,16,3,970610,10,6000,0.14751075352390555,0.1875,4500,0.25583046166029255,0.13083902714106707,0.3574283810792805,0.08116453810509533
voter,rho_1_over_2pi,0.15915494309189535,16,3,970611,11,6000,0.20243565568237912,0.125,4500,0.2443727389299037,0.1254657705804249,0.23759160559626916,0.06430271541710868
voter,rho_1_over_2pi,0.15915494309189535,16,3,970612,12,6000,0.23120013518809646,0.1875,4500,0.24634828330432734,0.1297189386411698,0.2692371752165223,0.03761913401784315
voter,rho_1_over_2pi,0.15915494309189535,16,3,970613,13,6000,0.12028688161956881,0.1875,4500,0.25675927248299996,0.1282553715752066,0.2936375749500333,0.07113275837689464
voter,rho_1_over_2pi,0.15915494309189535,16,3,970614,14,6000,0.04204914673577918,0.25,4500,0.2541422383237511,0.12730308630740353,0.3014240506329114,0.039013589782573875
voter,rho_1_over_2pi,0.15915494309189535,16,3,970615,15,6000,0.23189843265530277,0.1875,4500,0.2525206711372816,0.13037691713379382,0.2998834110592938,0.052269717004652126
voter,rho_1_over_2pi,0.15915494309189535,16,3,970616,16,6000,0.3755015845960783,0.1875,4500,0.26219528310230483,0.1317652982599848,0.4196785476349101,0.09962714015159745
voter,rho_1_over_2pi,0.15915494309189535,16,3,970617,17,6000,0.3631172511939083,0.25,4500,0.24376087557257944,0.12405505921939625,0.28510159893404396,0.05290599658317319
voter,rho_1_over_2pi,0.15915494309189535,16,3,970618,18,6000,0.2788549992275759,0.1875,4500,0.24404931713698808,0.11941693982937333,0.3041305796135909,0.11324752507806202
voter,rho_1_over_2pi,0.15915494309189535,16,3,970619,19,6000,0.1660745840703739,0.125,4500,0.23922505978860617,0.12328750547867653,0.24770986009327114,0.03639502526634175
voter,rho_1_over_2pi,0.15915494309189535,16,3.5,970700,0,6000,0.4683680993622221,0.125,4500,0.23635267703926582,0.1182541373865444,0.27310959360426385,0.06209870354454638
voter,rho_1_over_2pi,0.15915494309189535,16,3.5,970701,1,6000,0.38491788534504856,0.125,4500,0.23635151504160679,0.12324953578550986,0.21656395736175882,0.04136271659171195
voter,rho_1_over_2pi,0.15915494309189535,16,3.5,970702,2,6000,0.06862952006546372,0.125,4500,0.23274674633997858,0.12022751967960596,0.32674050632911394,0.03997612693004716
voter,rho_1_over_2pi,0.15915494309189535,16,3.5,970703,3,6000,0.19912083497243083,0.25,4500,0.24164413314998368,0.12249117029957465,0.31162558294470355,0.013371730738937493
voter,rho_1_over_2pi,0.15915494309189535,16,3.5,970704,4,6000,0.10241895072895736,0.125,4500,0.23255476370490075,0.11890776200747827,0.24462858094603598,0.030943003672355918
voter,rho_1_over_2pi,0.15915494309189535,16,3.5,970705,5,6000,0.2359546994669992,0.125,4500,0.2405404252804957,0.12538845266509077,0.38794970019986674,0.0729797136824379
voter,rho_1_over_2pi,0.15915494309189535,16,3.5,970706,6,6000,0.382747370750384,0.125,4500,0.23860557513827158,0.12210748700128256,0.364298800799467,0.06955509962591992
voter,rho_1_over_2pi,0.15915494309189535,16,3.5,970707,7,6000,0.08002552347632132,0.125,4500,0.2360327880318646,0.11875453596565863,0.1926215856095936,0.017885546638700275
voter,rho_1_over_2pi,0.15915494309189535,16,3.5,970708,8,6000,0.18550858316382687,0.3125,4500,0.24648606806325274,0.12193229828093118,0.25907728181212525,0.030537703297040697
voter,rho_1_over_2pi,0.15915494309189535,16,3.5,970709,9,6000,0.3843944544777502,0.0625,4500,0.24277097439003067,0.12972504179775177,0.33127914723517654,0.045898165509537306
voter,rho_1_over_2pi,0.15915494309189535,16,3.5,970710,10,6000,0.42139669846980626,0.125,4500,0.24035341234966295,0.12509408750190468,0.30425549633577614,0.0849331036171613
voter,rho_1_over_2pi,0.15915494309189535,16,3.5,970711,11,6000,0.1229576252203064,0.1875,4500,0.23592516939513944,0.12401365800342315,0.2229763491005996,0.048082896788979285
voter,rho_1_over_2pi,0.15915494309189535,16,3.5,970712,12,6000,0.07347610249370427,0.1875,4500,0.23256320221908477,0.11866426728697307,0.2749417055296469,0.0646079946356641
voter,rho_1_over_2pi,0.15915494309189535,16,3.5,970713,13,6000,0.3446134305287811,0.125,4500,0.24911401907389075,0.12709463805823482,0.4047301798800799,0.08947638310272452
voter,rho_1_over_2pi,0.15915494309189535,16,3.5,970714,14,6000,0.20904929467691222,0.125,4500,0.23082781758162194,0.12074476620967775,0.21710526315789475,0.05879266275779034
voter,rho_1_over_2pi,0.15915494309189535,16,3.5,970715,15,6000,0.1444170797171289,0.125,4500,0.23178361212908463,0.1188852145160549,0.2442954696868754,0.03362655660718786
voter,rho_1_over_2pi,0.15915494309189535,16,3.5,970716,16,6000,0.019712741697696323,0.125,4500,0.2351246937704275,0.11875394979526496,0.24013157894736842,0.07658188636067642
voter,rho_1_over_2pi,0.15915494309189535,16,3.5,970717,17,6000,0.2961011826332426,0.25,4500,0.24284304605779877,0.1210717591372075,0.24816788807461693,0.010542787166082387
voter,rho_1_over_2pi,0.15915494309189535,16,3.5,970718,18,6000,0.3958139280761718,0.1875,4500,0.24028079815696737,0.11984343671673435,0.22072784810126583,0.03466503436549867
voter,rho_1_over_2pi,0.15915494309189535,16,3.5,970719,19,6000,0.2996930328620797,0.125,4500,0.2381380977259721,0.11600415206300504,0.25687041972018654,0.055903144723980995
voter,rho_1_over_2pi,0.15915494309189535,16,4,970800,0,6000,0.19664054942063977,0.25,4500,0.22671645597961423,0.11764779626462461,0.18816622251832113,0.05003094497093437
voter,rho_1_over_2pi,0.15915494309189535,16,4,970801,1,6000,0.5807208207245471,0.1875,4500,0.22403929397681982,0.11360929950577547,0.20465522984676882,0.039413507894638884
voter,rho_1_over_2pi,0.15915494309189535,16,4,970802,2,6000,0.07791496913038332,0.125,4500,0.22972899057721727,0.11713862685418203,0.3077948034643571,0.06864171042477007
voter,rho_1_over_2pi,0.15915494309189535,16,4,970803,3,6000,0.15185292919991009,0.125,4500,0.23286547840919308,0.1202835878809459,0.28431045969353763,0.07079106558888912
voter,rho_1_over_2pi,0.15915494309189535,16,4,970804,4,6000,0.20105373073942145,0.125,4500,0.23365581417734624,0.12023286509995068,0.4064373750832778,0.054688294321679806
voter,rho_1_over_2pi,0.15915494309189535,16,4,970805,5,6000,0.07910560619361533,0.1875,4500,0.23051655154620282,0.11779332341547696,0.32490839440373087,0.06307688409617389
voter,rho_1_over_2pi,0.15915494309189535,16,4,970806,6,6000,0.21523246662657994,0.125,4500,0.2252331101334768,0.11517155964302686,0.26311625582944703,0.05787101121988538
voter,rho_1_over_2pi,0.15915494309189535,16,4,970807,7,6000,0.3180000693851083,0.25,4500,0.22580960450952062,0.1219302252912981,0.31566455696202533,0.06592765933539041
voter,rho_1_over_2pi,0.15915494309189535,16,4,970808,8,6000,0.21600929968171806,0.25,4500,0.2324579692872163,0.11715030715135018,0.29596935376415723,0.05957944209402499
voter,rho_1_over_2pi,0.15915494309189535,16,4,970809,9,6000,0.12872150655793918,0.125,4500,0.23550577842210582,0.12360383314295942,0.24658560959360426,0.02828958522772253
voter,rho_1_over_2pi,0.15915494309189535,16,4,970810,10,6000,0.01991783563334513,0.125,4500,0.22521771972300272,0.11566868643480227,0.24342105263157895,0.022081972756316126
voter,rho_1_over_2pi,0.15915494309189535,16,4,970811,11,6000,0.30300009395516564,0.1875,4500,0.2272709919646608,0.11520050936951351,0.19462025316455697,0.036485520882214365
voter,rho_1_over_2pi,0.15915494309189535,16,4,970812,12,6000,0.05479806452354936,0.125,4500,0.2308574446715717,0.11922265918203291,0.29159726848767487,0.07716636638113064
voter,rho_1_over_2pi,0.15915494309189535,16,4,970813,13,6000,0.30336995237901504,0.1875,4500,0.23006149874633997,0.11709683507146923,0.30217355096602266,0.056600862080508366
voter,rho_1_over_2pi,0.15915494309189535,16,4,970814,14,6000,0.4060050462448766,0.125,4500,0.22570643435169904,0.11788257631655981,0.2778564290473018,0.09180860704070884
voter,rho_1_over_2pi,0.15915494309189535,16,4,970815,15,6000,0.2136228469706556,0.125,4500,0.23056501258837606,0.11660273789358166,0.2519570286475683,0.10014261974490314
voter,rho_1_over_2pi,0.15915494309189535,16,4,970816,16,6000,0.3316180526403472,0.125,4500,0.21760486116166758,0.10982052643802054,0.1729263824117255,0.026428408382986136
voter,rho_1_over_2pi,0.15915494309189535,16,4,970817,17,6000,0.27620888425104945,0.125,4500,0.2256033753169319,0.11622489645327923,0.2241005996002665,0.052030543158411616
voter,rho_1_over_2pi,0.15915494309189535,16,4,970818,18,6000,0.3907946392024291,0.25,4500,0.2239046681431896,0.11555955837924076,0.25966022651565623,0.07354060554033962
voter,rho_1_over_2pi,0.15915494309189535,16,4,970819,19,6000,0.16417453953745798,0.1875,4500,0.23254643808924336,0.1158222438138368,0.4236342438374417,0.09648429399261313
voter,rho_1_over_2pi,0.15915494309189535,16,5,970900,0,6000,0.038368002095440334,0.125,4500,0.22384073348426148,0.1139631221618997,0.13790806129247168,0.03399142926479064
voter,rho_1_over_2pi,0.15915494309189535,16,5,970901,1,6000,0.16157519746968313,0.1875,4500,0.22244565503419275,0.11529719071519783,0.1665972684876749,0.031616737979329304
voter,rho_1_over_2pi,0.15915494309189535,16,5,970902,2,6000,0.22368796629742252,0.125,4500,0.22039626873435128,0.11378455079086086,0.20611259160559628,0.050806565618423206
voter,rho_1_over_2pi,0.15915494309189535,16,5,970903,3,6000,0.24506713684846845,0.3125,4500,0.22075851290879053,0.11484311441576744,0.19341272485009994,0.04947483742548384
voter,rho_1_over_2pi,0.15915494309189535,16,5,970904,4,6000,0.3278333657937642,0.1875,4500,0.2221598604637014,0.11327198753480776,0.20532145236508995,0.04061815123828121
voter,rho_1_over_2pi,0.15915494309189535,16,5,970905,5,6000,0.4752650521981291,0.25,4500,0.22861936442624908,0.11704246934443685,0.2055296469020653,0.03161597023803809
voter,rho_1_over_2pi,0.15915494309189535,16,5,970906,6,6000,0.0036478031098146077,0.125,4500,0.22023628691647973,0.11504231277256788,0.2558294470353098,0.0784512597658877
voter,rho_1_over_2pi,0.15915494309189535,16,5,970907,7,6000,0.21282733177855082,0.125,4500,0.22570190237094478,0.11523463329727149,0.20806962025316456,0.04457288960938337
voter,rho_1_over_2pi,0.15915494309189535,16,5,970908,8,6000,0.27444953952044543,0.125,4500,0.2214672491722383,0.11255585130581289,0.2383411059293804,0.029910418704492465
voter,rho_1_over_2pi,0.15915494309189535,16,5,970909,9,6000,0.3718612577472887,0.125,4500,0.22362663890796755,0.11285825410708163,0.23380246502331778,0.061728806000597776
voter,rho_1_over_2pi,0.15915494309189535,16,5,970910,10,6000,0.3292256400452414,0.25,4500,0.22080471389958004,0.11511567832333888,0.22330946035976015,0.03279459833552779
voter,rho_1_over_2pi,0.15915494309189535,16,5,970911,11,6000,0.22823784199446895,0.125,4500,0.2275436442796677,0.1145052356096209,0.14906728847435044,0.03648219431779334
voter,rho_1_over_2pi,0.15915494309189535,16,5,970912,12,6000,0.3082259708411773,0.1875,4500,0.22087009171056274,0.11551788675397988,0.3097934710193205,0.013894673177715117
voter,rho_1_over_2pi,0.15915494309189535,16,5,970913,13,6000,0.29719524665506153,0.125,4500,0.22316655578970435,0.11358789060439009,0.2353431045969354,0.02648077377712294
voter,rho_1_over_2pi,0.15915494309189535,16,5,970914,14,6000,0.41730432014308044,0.125,4500,0.23271863544797322,0.11838259709127236,0.31558127914723516,0.06457562271164685
voter,rho_1_over_2pi,0.15915494309189535,16,5,970915,15,6000,0.2215598636735251,0.125,4500,0.22243261397303757,0.11048750131675111,0.18483510992671554,0.034797074621340025
voter,rho_1_over_2pi,0.15915494309189535,16,5,970916,16,6000,0.31380239136770144,0.1875,4500,0.2292524600321833,0.11253346663614491,0.3586775483011326,0.1205230244502549
voter,rho_1_over_2pi,0.15915494309189535,16,5,970917,17,6000,0.11139522608611868,0.125,4500,0.22675890266335816,0.11647255872214586,0.15069120586275817,0.03133841654759302
voter,rho_1_over_2pi,0.15915494309189535,16,5,970918,18,6000,0.21580011840723093,0.1875,4500,0.21989047191101077,0.11577468604813743,0.22763990672884743,0.04937784555820537
voter,rho_1_over_2pi,0.15915494309189535,16,5,970919,19,6000,0.2419993593601569,0.1875,4500,0.21783419794857933,0.11182061292979024,0.22097768154563624,0.054738394267794414
voter,rho_1_over_2pi,0.15915494309189535,16,6,971000,0,6000,0.32309930281485083,0.125,4500,0.22527174984411225,0.11616634772133187,0.14760992671552298,0.03680672155408917
voter,rho_1_over_2pi,0.15915494309189535,16,6,971001,1,6000,0.4136166155304366,0.1875,4500,0.22290797603247073,0.11652448992821678,0.13307794803464357,0.03140269363088323
voter,rho_1_over_2pi,0.15915494309189535,16,6,971002,2,6000,0.12121420952002884,0.1875,4500,0.22684858082182782,0.1156266327454539,0.2295136575616256,0.03681260926927778
voter,rho_1_over_2pi,0.15915494309189535,16,6,971003,3,6000,0.13565657091021543,0.3125,4500,0.2214098699324802,0.11151810451161359,0.1967854763491006,0.02222885963762156
voter,rho_1_over_2pi,0.15915494309189535,16,6,971004,4,6000,0.08853730392307269,0.25,4500,0.21963202697259906,0.11284432749427815,0.17076115922718188,0.027676501908358547
voter,rho_1_over_2pi,0.15915494309189535,16,6,971005,5,6000,0.11986710613805623,0.125,4500,0.21864379521058108,0.1130647208696615,0.17442538307794803,0.027391882346007458
voter,rho_1_over_2pi,0.15915494309189535,16,6,971006,6,6000,0.176635770558931,0.125,4500,0.2224389983030251,0.11367738907379377,0.1733844103930713,0.027302616020711563
voter,rho_1_over_2pi,0.15915494309189535,16,6,971007,7,6000,0.12916594537611711,0.1875,4500,0.2257510846446944,0.11416668606387058,0.20428047968021318,0.060592980389822436
voter,rho_1_over_2pi,0.15915494309189535,16,6,971008,8,6000,0.2833863456071038,0.125,4500,0.22225123088311804,0.11266512792198559,0.15897734843437708,0.036658890286984006
voter,rho_1_over_2pi,0.15915494309189535,16,6,971009,9,6000,0.28810692798421866,0.1875,4500,0.22313162027307934,0.11528950467272762,0.20311459027315124,0.0510984555429623
voter,rho_1_over_2pi,0.15915494309189535,16,6,971010,10,6000,0.2356651211186926,0.125,4500,0.22167677677220168,0.11272388153127745,0.18808294470353099,0.04458607409928817
voter,rho_1_over_2pi,0.15915494309189535,16,6,971011,11,6000,0.10006751028109831,0.1875,4500,0.22369687605236502,0.1162410298574427,0.1757578281145903,0.039417026934285775
voter,rho_1_over_2pi,0.15915494309189535,16,6,971012,12,6000,0.1679395025726314,0.1875,4500,0.22131593557808765,0.11379090928715825,0.1451115922718188,0.039236976760441765
voter,rho_1_over_2pi,0.15915494309189535,16,6,971013,13,6000,0.06865667112135955,0.1875,4500,0.2252177369418553,0.11249490815926359,0.18508494337108594,0.0604415956839403
voter,rho_1_over_2pi,0.15915494309189535,16,6,971014,14,6000,0.21788252761904123,0.125,4500,0.22354532524101578,0.11317807716675657,0.17996335776149233,0.02288102479321085
voter,rho_1_over_2pi,0.15915494309189535,16,6,971015,15,6000,0.2656259278899085,0.125,4500,0.21935058613316685,0.1150223725120853,0.1251249167221852,0.014872494456170681
voter,rho_1_over_2pi,0.15915494309189535,16,6,971016,16,6000,0.13901405859545826,0.1875,4500,0.22184956100610834,0.11438727292647494,0.16301632245169886,0.0342842232145585
voter,rho_1_over_2pi,0.15915494309189535,16,6,971017,17,6000,0.1729688326383745,0.125,4500,0.22343197975204945,0.1137627933200951,0.18025483011325782,0.03699236716092938
voter,rho_1_over_2pi,0.15915494309189535,16,6,971018,18,6000,0.27173362204893275,0.3125,4500,0.21939566525091764,0.11115739664277763,0.15514656895403064,0.03324855674366008
voter,rho_1_over_2pi,0.15915494309189535,16,6,971019,19,6000,0.10510158942681723,0.25,4500,0.23002629516040063,0.11545827143603814,0.1507744836775483,0.04035366562775723
voter,rho_1_over_3pi,0.1061032953945969,11,0,990000,0,6000,0.5420594526200282,0.18181818181818182,4500,1.0,0.0,1.0,0.0
voter,rho_1_over_3pi,0.1061032953945969,11,0,990001,1,6000,0.27960216369104884,0.18181818181818182,4500,0.9969232605506755,1.1102227782375278e-16,1.0,0.0
voter,rho_1_over_3pi,0.1061032953945969,11,0,990002,2,6000,0.2533734152147074,0.18181818181818182,4500,0.9999999999999999,0.0,1.0,0.0
voter,rho_1_over_3pi,0.1061032953945969,11,0,990003,3,6000,0.15570795138932036,0.18181818181818182,4500,0.2198165621266986,0.0,1.0,0.0
voter,rho_1_over_3pi,0.1061032953945969,11,0,990004,4,6000,0.24878450908015068,0.18181818181818182,4500,0.9955758975464422,1.1102227782375278e-16,1.0,0.0
voter,rho_1_over_3pi,0.1061032953945969,11,0,990005,5,6000,0.3277598425106452,0.18181818181818182,4500,1.0000000000000002,0.0,1.0,0.0
voter,rho_1_over_3pi,0.1061032953945969,11,0,990006,6,6000,0.043517691528927455,0.18181818181818182,4500,0.4161339861685477,0.0,1.0,0.0
voter,rho_1_over_3pi,0.1061032953945969,11,0,990007,7,6000,0.13614219512765263,0.2727272727272727,4500,0.10102739034763264,0.0,1.0,0.0
voter,rho_1_over_3pi,0.1061032953945969,11,0,990008,8,6000,0.45153870456570466,0.09090909090909091,4500,1.0,0.0,1.0,0.0
voter,rho_1_over_3pi,0.1061032953945969,11,0,990009,9,6000,0.23105251886190772,0.18181818181818182,4500,1.0,0.0,1.0,0.0
voter,rho_1_over_3pi,0.1061032953945969,11,0,990010,10,6000,0.08312382120988983,0.18181818181818182,4500,1.0,0.0,1.0,0.0
voter,rho_1_over_3pi,0.1061032953945969,11,0,990011,11,6000,0.15527645417978084,0.18181818181818182,4500,0.18371403123042412,0.08406297383193638,0.7272121615892435,0.09090907073397761
voter,rho_1_over_3pi,0.1061032953945969,11,0,990012,12,6000,0.18536990885747037,0.2727272727272727,4500,0.9986728565398745,0.0,0.9090909090909091,0.0
voter,rho_1_over_3pi,0.1061032953945969,11,0,990013,13,6000,0.32386940260359903,0.2727272727272727,4500,0.7846442863253951,0.0,1.0,0.0
voter,rho_1_over_3pi,0.1061032953945969,11,0,990014,14,6000,0.16534631343715353,0.2727272727272727,4500,1.0,0.0,1.0,0.0
voter,rho_1_over_3pi,0.1061032953945969,11,0,990015,15,6000,0.5057086972774371,0.18181818181818182,4500,0.7865173983950244,0.0023022323914848922,0.9985464235963902,0.02294472386661319
voter,rho_1_over_3pi,0.1061032953945969,11,0,990016,16,6000,0.10307730314593665,0.09090909090909091,4500,0.788829789736789,0.0,0.9090303434074254,0.09090907073397755
voter,rho_1_over_3pi,0.1061032953945969,11,0,990017,17,6000,0.33772575092565593,0.09090909090909091,4500,1.0,0.0,1.0,0.0
voter,rho_1_over_3pi,0.1061032953945969,11,0,990018,18,6000,0.21639306561913518,0.18181818181818182,4500,0.9999999999999999,0.0,1.0,0.0
voter,rho_1_over_3pi,0.1061032953945969,11,0,990019,19,6000,0.2410042107746895,0.18181818181818182,4500,1.0,0.0,1.0,0.0
voter,rho_1_over_3pi,0.1061032953945969,11,0.5,990100,0,6000,0.14270486057926768,0.09090909090909091,4500,0.6271694907984852,0.20926617011810267,0.511780025437587,0.19824701607807707
voter,rho_1_over_3pi,0.1061032953945969,11,0.5,990101,1,6000,0.3089496210242421,0.36363636363636365,4500,0.5196061279046654,0.20597379125462578,0.4519411301556538,0.029285746992733605
voter,rho_1_over_3pi,0.1061032953945969,11,0.5,990102,2,6000,0.279150652325276,0.2727272727272727,4500,0.8519920303692053,0.18456675160902847,0.8040700139301072,0.2225180243900678
voter,rho_1_over_3pi,0.1061032953945969,11,0.5,990103,3,6000,0.08992709645230622,0.18181818181818182,4500,0.692305230002366,0.22656716753420272,0.6175882744836776,0.2305048595445292
voter,rho_1_over_3pi,0.1061032953945969,11,0.5,990104,4,6000,0.3378013186416522,0.2727272727272727,4500,0.5466465865838989,0.2168888259275468,0.46883895584761676,0.12199203654010238
voter,rho_1_over_3pi,0.1061032953945969,11,0.5,990105,5,6000,0.15449507486210076,0.36363636363636365,4500,0.8203848232661985,0.2193640434419327,0.9308339894615711,0.16397075799351293
voter,rho_1_over_3pi,0.1061032953945969,11,0.5,990106,6,6000,0.5763718623667479,0.18181818181818182,4500,0.6846098560273328,0.24387031509548243,0.7506510810974502,0.16931667341555887
voter,rho_1_over_3pi,0.1061032953945969,11,0.5,990107,7,6000,0.30111469926570983,0.18181818181818182,4500,0.6999267334760341,0.17225813381098803,0.7272727272727273,0.0
voter,rho_1_over_3pi,0.1061032953945969,11,0.5,990108,8,6000,0.3698816081000237,0.2727272727272727,4500,0.886802660022642,0.11278589892488769,0.9642056810611107,0.11747179201472951
voter,rho_1_over_3pi,0.1061032953945969,11,0.5,990109,9,6000,0.3067554090910994,0.2727272727272727,4500,0.8379200604052865,0.1328486142061156,0.9265943916177094,0.08920813252922262
voter,rho_1_over_3pi,0.1061032953945969,11,0.5,990110,10,6000,0.08664675309664224,0.2727272727272727,4500,0.785593986535251,0.18296476869746453,0.6490824298952214,0.1797566426612272
voter,rho_1_over_3pi,0.1061032953945969,11,0.5,990111,11,6000,0.24392652044503843,0.18181818181818182,4500,0.7986668963180225,0.15669054096549812,0.8272666707043789,0.14587883263422932
voter,rho_1_over_3pi,0.1061032953945969,11,0.5,990112,12,6000,0.2467324623379086,0.18181818181818182,4500,0.9060531061322137,0.08697323555284261,0.9973351099267155,0.03101530745675625
voter,rho_1_over_3pi,0.1061032953945969,11,0.5,990113,13,6000,0.6335931029586314,0.18181818181818182,4500,0.7834086973705198,0.17589521824767118,0.7069226576221912,0.204625838249521
voter,rho_1_over_3pi,0.1061032953945969,11,0.5,990114,14,6000,0.3873085527511775,0.09090909090909091,4500,0.8623786936094581,0.10386050700977091,0.9493670886075949,0.045158611899536454
voter,rho_1_over_3pi,0.1061032953945969,11,0.5,990115,15,6000,0.39117034049556504,0.2727272727272727,4500,0.8881760776762759,0.11982170876157552,0.9781963539458542,0.08633191521036375
voter,rho_1_over_3pi,0.1061032953945969,11,0.5,990116,16,6000,0.3417240246545698,0.18181818181818182,4500,0.7249857762595882,0.18175676775738606,0.6676155290412452,0.19769867435809246
voter,rho_1_over_3pi,0.1061032953945969,11,0.5,990117,17,6000,0.31408128879300334,0.18181818181818182,4500,0.5544112416594874,0.2395622611482074,0.42716976561080494,0.11746211148239263
voter,rho_1_over_3pi,0.1061032953945969,11,0.5,990118,18,6000,0.23621558936647225,0.09090909090909091,4500,0.5785112989019081,0.30142724837722046,0.6207376900248319,0.28732320667588374
voter,rho_1_over_3pi,0.1061032953945969,11,0.5,990119,19,6000,0.29211586702766196,0.18181818181818182,4500,0.7049818927804709,0.1791025517071395,0.7154624189933984,0.11499351626657114
voter,rho_1_over_3pi,0.1061032953945969,11,1,990200,0,6000,0.2928804954944988,0.18181818181818182,4500,0.5571671073241988,0.20783232315114364,0.6353945854278965,0.16515339049765002
voter,rho_1_over_3pi,0.1061032953945969,11,1,990201,1,6000,0.1581177186469898,0.2727272727272727,4500,0.5362612449087295,0.18856106186944843,0.5815516928108534,0.09224227163888891
voter,rho_1_over_3pi,0.1061032953945969,11,1,990202,2,6000,0.2900263203313633,0.18181818181818182,4500,0.537840175049538,0.16318908395379894,0.635273454060929,0.013228854136783118
voter,rho_1_over_3pi,0.1061032953945969,11,1,990203,3,6000,0.16606739831618963,0.18181818181818182,4500,0.4368269438361963,0.20400812293646056,0.44152383259645084,0.05937123928574549
voter,rho_1_over_3pi,0.1061032953945969,11,1,990204,4,6000,0.17477088755118125,0.09090909090909091,4500,0.487770791968767,0.20951185687520227,0.5314033068863182,0.18039142885201645
voter,rho_1_over_3pi,0.1061032953945969,11,1,990205,5,6000,0.4996733126908383,0.18181818181818182,4500,0.5880349934265807,0.2000789865240501,0.7198231482042275,0.1615313007531347
voter,rho_1_over_3pi,0.1061032953945969,11,1,990206,6,6000,0.2044368657570609,0.18181818181818182,4500,0.5088035893346305,0.2184199450412609,0.5424868269638423,0.18943236013921555
voter,rho_1_over_3pi,0.1061032953945969,11,1,990207,7,6000,0.34077284186228896,0.18181818181818182,4500,0.43599650196107537,0.19549687560065718,0.38919508206650116,0.07913439057582161
voter,rho_1_over_3pi,0.1061032953945969,11,1,990208,8,6000,0.20109430874873677,0.18181818181818182,4500,0.5578237380108328,0.19656007155252692,0.6848161831506269,0.1958941395137427
voter,rho_1_over_3pi,0.1061032953945969,11,1,990209,9,6000,0.08222931488291502,0.18181818181818182,4500,0.4992945592514037,0.18083940879609206,0.5087517412634002,0.0976355637392243
voter,rho_1_over_3pi,0.1061032953945969,11,1,990210,10,6000,0.2303413287340133,0.18181818181818182,4500,0.4935210714981249,0.18862731645252542,0.5026346072315425,0.0830928951590561
voter,rho_1_over_3pi,0.1061032953945969,11,1,990211,11,6000,0.2912645677787411,0.18181818181818182,4500,0.5770957118823283,0.21066765569714782,0.7805705287384169,0.19488615914672708
voter,rho_1_over_3pi,0.1061032953945969,11,1,990212,12,6000,0.39668683769123997,0.18181818181818182,4500,0.6913821240896056,0.2026533155454645,0.9469444612682454,0.10795740915412384
voter,rho_1_over_3pi,0.1061032953945969,11,1,990213,13,6000,0.21156932404981055,0.2727272727272727,4500,0.6247539879652716,0.16093944102114185,0.7928047968021319,0.049778433793364336
voter,rho_1_over_3pi,0.1061032953945969,11,1,990214,14,6000,0.25147816346136265,0.09090909090909091,4500,0.5193302389453112,0.17136363181719608,0.6386045666525346,0.10152665825955845
voter,rho_1_over_3pi,0.1061032953945969,11,1,990215,15,6000,0.3048262044262755,0.18181818181818182,4500,0.4518812700309472,0.20575996813439504,0.4203258433771425,0.1106664813245204
voter,rho_1_over_3pi,0.1061032953945969,11,1,990216,16,6000,0.5050677541650993,0.18181818181818182,4500,0.4679460342144456,0.18980489080465057,0.3721761250075707,0.04749840317562117
voter,rho_1_over_3pi,0.1061032953945969,11,1,990217,17,6000,0.059469266991924605,0.18181818181818182,4500,0.569099404929506,0.1669423851072846,0.6453879232027133,0.09415819395550196
voter,rho_1_over_3pi,0.1061032953945969,11,1,990218,18,6000,0.2537714237096194,0.2727272727272727,4500,0.46882360299291914,0.22610236452949606,0.6157107382956817,0.24973798195624852
voter,rho_1_over_3pi,0.1061032953945969,11,1,990219,19,6000,0.35475894292172316,0.18181818181818182,4500,0.4363199819053529,0.1860215994771707,0.44279571194960937,0.09796173067139959
voter,rho_1_over_3pi,0.1061032953945969,11,1.5,990300,0,6000,0.15579441454716406,0.36363636363636365,4500,0.3630392846761508,0.16245543678893984,0.46817273332929565,0.09881086619374363
voter,rho_1_over_3pi,0.1061032953945969,11,1.5,990301,1,6000,0.442473407298597,0.18181818181818182,4500,0.4265859688010065,0.1911817565540341,0.5395191084731391,0.16621302604257793
voter,rho_1_over_3pi,0.1061032953945969,11,1.5,990302,2,6000,0.23940093611858038,0.18181818181818182,4500,0.471181545322348,0.2031617335842911,0.6686451456604687,0.2513225708556769
voter,rho_1_over_3pi,0.1061032953945969,11,1.5,990303,3,6000,0.27191660565577486,0.18181818181818182,4500,0.4583473736557652,0.17420446492128622,0.6955363091272485,0.140025554927197
voter,rho_1_over_3pi,0.1061032953945969,11,1.5,990304,4,6000,0.33879174048676086,0.18181818181818182,4500,0.4471231789050445,0.19327388823118888,0.5873054327418085,0.1370812965969742
voter,rho_1_over_3pi,0.1061032953945969,11,1.5,990305,5,6000,0.16261672050152484,0.18181818181818182,4500,0.38845300042804015,0.18030139392514807,0.4528496154079099,0.12100829554304368
voter,rho_1_over_3pi,0.1061032953945969,11,1.5,990306,6,6000,0.3947522390598124,0.18181818181818182,4500,0.3430183902864041,0.1657837207137861,0.37538610623220886,0.07011722423349784
voter,rho_1_over_3pi,0.1061032953945969,11,1.5,990307,7,6000,0.15490804941919312,0.18181818181818182,4500,0.5474504006332954,0.1917752047110762,0.902186421173763,0.040325467129885446
voter,rho_1_over_3pi,0.1061032953945969,11,1.5,990308,8,6000,0.3098858507829145,0.18181818181818182,4500,0.48613270820958177,0.19644102641050248,0.731270062382654,0.1129020044702941
voter,rho_1_over_3pi,0.1061032953945969,11,1.5,990309,9,6000,0.18592257356060093,0.18181818181818182,4500,0.3987988331826735,0.18600653797783498,0.41233117315728907,0.09587155521784849
voter,rho_1_over_3pi,0.1061032953945969,11,1.5,990310,10,6000,0.27350678759288616,0.18181818181818182,4500,0.4136072564746226,0.1807909290628108,0.4932469262915632,0.08482997495116022
voter,rho_1_over_3pi,0.1061032953945969,11,1.5,990311,11,6000,0.2578900207624543,0.2727272727272727,4500,0.38503359652678204,0.17487813558750456,0.4759857064986978,0.10942028433533309
voter,rho_1_over_3pi,0.1061032953945969,11,1.5,990312,12,6000,0.31907460881532584,0.09090909090909091,4500,0.4901333936091766,0.2017776156770053,0.6152867785112954,0.07282856598067508
voter,rho_1_over_3pi,0.1061032953945969,11,1.5,990313,13,6000,0.40176948432345316,0.18181818181818182,4500,0.43941266626066894,0.19152504687878077,0.5661680092059839,0.110111610714897
voter,rho_1_over_3pi,0.1061032953945969,11,1.5,990314,14,6000,0.03033474545741169,0.09090909090909091,4500,0.4370006725224416,0.18668440150802285,0.5822784810126582,0.165184926935221
voter,rho_1_over_3pi,0.1061032953945969,11,1.5,990315,15,6000,0.4060225336173794,0.18181818181818182,4500,0.4439003453972091,0.16913967512221184,0.6462964084549694,0.12001694983344653
voter,rho_1_over_3pi,0.1061032953945969,11,1.5,990316,16,6000,0.2733533973745729,0.2727272727272727,4500,0.4757533324095673,0.20158637253078415,0.7402337835382472,0.15673172546345032
voter,rho_1_over_3pi,0.1061032953945969,11,1.5,990317,17,6000,0.18437812972835152,0.09090909090909091,4500,0.35720070071144944,0.17092948415265127,0.3498273878020713,0.10964285824995558
voter,rho_1_over_3pi,0.1061032953945969,11,1.5,990318,18,6000,0.07996312970407099,0.2727272727272727,4500,0.3438069349468077,0.16561249933958652,0.3357761492338441,0.07159755308316908
voter,rho_1_over_3pi,0.1061032953945969,11,1.5,990319,19,6000,0.4440995902966962,0.09090909090909091,4500,0.45760147785072236,0.20467248307236358,0.5470898189086063,0.20128529039984824
voter,rho_1_over_3pi,0.1061032953945969,11,2,990400,0,6000,0.34481139516596443,0.09090909090909091,4500,0.3440155020486315,0.162841855779119,0.339046696141966,0.040382825188283684
voter,rho_1_over_3pi,0.1061032953945969,11,2,990401,1,6000,0.21350874422252158,0.18181818181818182,4500,0.31528676734384775,0.15754650471071152,0.3574586639210223,0.053870443295013525
voter,rho_1_over_3pi,0.1061032953945969,11,2,990402,2,6000,0.2976390878181155,0.2727272727272727,4500,0.36022091572820986,0.1579115413685613,0.41263400157470775,0.04994036339669683
voter,rho_1_over_3pi,0.1061032953945969,11,2,990403,3,6000,0.6363925869944302,0.18181818181818182,4500,0.3109202216278999,0.14804821690506598,0.3905880927866271,0.050056062623343986
voter,rho_1_over_3pi,0.1061032953945969,11,2,990404,4,6000,0.36942592178868616,0.18181818181818182,4500,0.3357677923239852,0.1630491339124562,0.4015504814971837,0.08770074092733147
voter,rho_1_over_3pi,0.1061032953945969,11,2,990405,5,6000,0.4381446802286451,0.18181818181818182,4500,0.3434014469212089,0.17192851092566994,0.3796862697595542,0.05152726745987984
voter,rho_1_over_3pi,0.1061032953945969,11,2,990406,6,6000,0.18956615444817695,0.18181818181818182,4500,0.4067753847184847,0.17671978987489564,0.648476773060384,0.1291918415684408
voter,rho_1_over_3pi,0.1061032953945969,11,2,990407,7,6000,0.16162262328622032,0.18181818181818182,4500,0.3275943375262317,0.15819858003943021,0.40233783538247225,0.08312529185797281
voter,rho_1_over_3pi,0.1061032953945969,11,2,990408,8,6000,0.42192416060520976,0.2727272727272727,4500,0.39549809888300674,0.18512705589980416,0.5393979771061717,0.07122400773179403
voter,rho_1_over_3pi,0.1061032953945969,11,2,990409,9,6000,0.2458874878314769,0.18181818181818182,4500,0.34566017373194624,0.1615125735758211,0.429228998849252,0.13114276130445016
voter,rho_1_over_3pi,0.1061032953945969,11,2,990410,10,6000,0.14943179582508923,0.18181818181818182,4500,0.3958091314918322,0.17175405458334977,0.7230331294288656,0.11186427633534454
voter,rho_1_over_3pi,0.1061032953945969,11,2,990411,11,6000,0.22375737218837474,0.18181818181818182,4500,0.309590189637257,0.16025813595884128,0.3858034037914118,0.08712857218060344
voter,rho_1_over_3pi,0.1061032953945969,11,2,990412,12,6000,0.4262161222629279,0.36363636363636365,4500,0.36526177809118204,0.1714933647247421,0.5513899824359518,0.022457866505249405
voter,rho_1_over_3pi,0.1061032953945969,11,2,990413,13,6000,0.3004919330955626,0.18181818181818182,4500,0.3438737220258003,0.16244162931617265,0.36872388104899767,0.0299853352909318
voter,rho_1_over_3pi,0.1061032953945969,11,2,990414,14,6000,0.26167268570538266,0.18181818181818182,4500,0.37001733868858583,0.17246245568868546,0.4481254920961783,0.03272598768196838
voter,rho_1_over_3pi,0.1061032953945969,11,2,990415,15,6000,0.2805455143172553,0.2727272727272727,4500,0.38615553917833423,0.18001504163447501,0.6272182181575918,0.18245013818952358
voter,rho_1_over_3pi,0.1061032953945969,11,2,990416,16,6000,0.4288393706382573,0.2727272727272727,4500,0.3604821380843843,0.1766722784857176,0.5831264005814305,0.14844618133580606
voter,rho_1_over_3pi,0.1061032953945969,11,2,990417,17,6000,0.28054930901355907,0.18181818181818182,4500,0.36883465062617465,0.16556627038638116,0.6402398401065956,0.12267563865053437
voter,rho_1_over_3pi,0.1061032953945969,11,2,990418,18,6000,0.0677444500000294,0.18181818181818182,4500,0.3032786913579868,0.1526429127050274,0.3358972806008116,0.08571082113226809
voter,rho_1_over_3pi,0.1061032953945969,11,2,990419,19,6000,0.07791518977621026,0.18181818181818182,4500,0.3507030668399223,0.16156604045102185,0.48252680031494155,0.10925126004084992
voter,rho_1_over_3pi,0.1061032953945969,11,2.5,990500,0,6000,0.384269292705784,0.2727272727272727,4500,0.32125089895451586,0.15777103215558694,0.37471988371388776,0.05292283348034129
voter,rho_1_over_3pi,0.1061032953945969,11,2.5,990501,1,6000,0.12673944094101436,0.18181818181818182,4500,0.32701127344624853,0.1536922619979964,0.4318333232390527,0.05264241553462382
voter,rho_1_over_3pi,0.1061032953945969,11,2.5,990502,2,6000,0.1544262429466093,0.18181818181818182,4500,0.2847621993599589,0.1449382165779628,0.2874447338138211,0.08066093977794249
voter,rho_1_over_3pi,0.1061032953945969,11,2.5,990503,3,6000,0.13299779835127715,0.18181818181818182,4500,0.3565179593579,0.16321567642681442,0.5967536793652717,0.09609249113014116
voter,rho_1_over_3pi,0.1061032953945969,11,2.5,990504,4,6000,0.37699069354722053,0.18181818181818182,4500,0.32774344485230533,0.1551341073041576,0.43001635273454064,0.10945075337927082
voter,rho_1_over_3pi,0.1061032953945969,11,2.5,990505,5,6000,0.13001836934728878,0.18181818181818182,4500,0.32186007438435427,0.16396784048271465,0.36218278723275393,0.019294899818161446
voter,rho_1_over_3pi,0.1061032953945969,11,2.5,990506,6,6000,0.40960108616207036,0.18181818181818182,4500,0.2792479621099422,0.14107833499664293,0.27115256495669554,0.08261310195981209
voter,rho_1_over_3pi,0.1061032953945969,11,2.5,990507,7,6000,0.2703005974883891,0.09090909090909091,4500,0.30648107377976463,0.15845753013748623,0.36945066925080244,0.07817197540172838
voter,rho_1_over_3pi,0.1061032953945969,11,2.5,990508,8,6000,0.41850593585697254,0.18181818181818182,4500,0.3225875182915792,0.15528752824593725,0.48379867966810003,0.1281697799705233
voter,rho_1_over_3pi,0.1061032953945969,11,2.5,990509,9,6000,0.22333457627863018,0.2727272727272727,4500,0.3433616330095255,0.16200521400916293,0.498152746653746,0.14208575098464016
voter,rho_1_over_3pi,0.1061032953945969,11,2.5,990510,10,6000,0.5174598079402261,0.18181818181818182,4500,0.3276735110535017,0.1618450259038879,0.48931015686512025,0.11984282247665698
voter,rho_1_over_3pi,0.1061032953945969,11,2.5,990511,11,6000,0.05290048523197999,0.18181818181818182,4500,0.29454500868535033,0.14390488130794335,0.32378414390406396,0.04510797766450191
voter,rho_1_over_3pi,0.1061032953945969,11,2.5,990512,12,6000,0.1279833139223698,0.18181818181818182,4500,0.33947510317176316,0.16529772116167427,0.4841620737690025,0.11656346887395377
voter,rho_1_over_3pi,0.1061032953945969,11,2.5,990513,13,6000,0.0685600113784915,0.2727272727272727,4500,0.3091984896190116,0.1558640835097642,0.2816304281993822,0.02973682543839309
voter,rho_1_over_3pi,0.1061032953945969,11,2.5,990514,14,6000,0.32072552294446927,0.09090909090909091,4500,0.36539362608897297,0.17283712188181174,0.6356974138453152,0.007753826864189064
voter,rho_1_over_3pi,0.1061032953945969,11,2.5,990515,15,6000,0.4410254329170618,0.18181818181818182,4500,0.3124588133009044,0.15409256441943833,0.38241172551632246,0.07977951291995787
voter,rho_1_over_3pi,0.1061032953945969,11,2.5,990516,16,6000,0.2539737097454005,0.09090909090909091,4500,0.3199924982618006,0.15461970193709457,0.3934952455938465,0.11833046663485648
voter,rho_1_over_3pi,0.1061032953945969,11,2.5,990517,17,6000,0.19693028483933006,0.2727272727272727,4500,0.33265867295321794,0.15703556117533918,0.37877778450729815,0.0799306873948552
voter,rho_1_over_3pi,0.1061032953945969,11,2.5,990518,18,6000,0.5272922762481885,0.18181818181818182,4500,0.3126140855437936,0.1589028692867303,0.4533341408757797,0.010423633901358321
voter,rho_1_over_3pi,0.1061032953945969,11,2.5,990519,19,6000,0.4340575899028744,0.18181818181818182,4500,0.3113307112881992,0.1537711664977056,0.4027012294833747,0.091236608766992
voter,rho_1_over_3pi,0.1061032953945969,11,3,990600,0,6000,0.5640983690053216,0.18181818181818182,4500,0.28168655551432104,0.14065390172170703,0.2727272727272727,0.0
voter,rho_1_over_3pi,0.1061032953945969,11,3,990601,1,6000,0.3686135288962648,0.18181818181818182,4500,0.28697887297741415,0.14536290590165482,0.3143964629640845,0.04529665316946625
voter,rho_1_over_3pi,0.1061032953945969,11,3,990602,2,6000,0.6454119748776842,0.45454545454545453,4500,0.3114564974344953,0.15040325319369327,0.5275271031433589,0.10964941541298825
voter,rho_1_over_3pi,0.1061032953945969,11,3,990603,3,6000,0.14642813551654726,0.09090909090909091,4500,0.2925070801348301,0.1418985849129355,0.27278783841075643,0.002345698834841874
voter,rho_1_over_3pi,0.1061032953945969,11,3,990604,4,6000,0.18718535824323962,0.09090909090909091,4500,0.2958884561917881,0.146298758403182,0.417660953303858,0.0828248067203882
voter,rho_1_over_3pi,0.1061032953945969,11,3,990605,5,6000,0.3846328162533792,0.18181818181818182,4500,0.2732828075038562,0.13534181409691207,0.24656289746229784,0.04115829243951624
voter,rho_1_over_3pi,0.1061032953945969,11,3,990606,6,6000,0.31555752960360733,0.2727272727272727,4500,0.3070801403167384,0.15317608666963267,0.4149354975470898,0.056170941048902405
voter,rho_1_over_3pi,0.1061032953945969,11,3,990607,7,6000,0.3631366173691596,0.2727272727272727,4500,0.2993103863158772,0.15248516255773442,0.40724365574465504,0.05079630550324268
voter,rho_1_over_3pi,0.1061032953945969,11,3,990608,8,6000,0.08647145523736098,0.18181818181818182,4500,0.2811832778644215,0.14551647804705753,0.25098419235661074,0.04165492668987039
voter,rho_1_over_3pi,0.1061032953945969,11,3,990609,9,6000,0.24016495204351668,0.18181818181818182,4500,0.30340773346023564,0.14990199875436663,0.3271758221791533,0.060124795861694155
voter,rho_1_over_3pi,0.1061032953945969,11,3,990610,10,6000,0.27641788342308143,0.18181818181818182,4500,0.28252048953311215,0.14101027574437938,0.30609896432681244,0.09114300284234322
voter,rho_1_over_3pi,0.1061032953945969,11,3,990611,11,6000,0.15458241476622175,0.09090909090909091,4500,0.281761899474861,0.14315449641133898,0.29331960511174365,0.06447421117647263
voter,rho_1_over_3pi,0.1061032953945969,11,3,990612,12,6000,0.2748845470312631,0.18181818181818182,4500,0.31104823488612504,0.15113521352155634,0.48846223729634786,0.08084545552495605
voter,rho_1_over_3pi,0.1061032953945969,11,3,990613,13,6000,0.37437868996056917,0.18181818181818182,4500,0.29988916569206453,0.1465995319629718,0.42723033129428867,0.13126644694662928
voter,rho_1_over_3pi,0.1061032953945969,11,3,990614,14,6000,0.2014129311482871,0.09090909090909091,4500,0.31501945622881544,0.1574316846114986,0.5042698806856035,0.08537896947355532
voter,rho_1_over_3pi,0.1061032953945969,11,3,990615,15,6000,0.44142595501736853,0.18181818181818182,4500,0.279805341683048,0.1400958020935222,0.2988916479922476,0.04387773727096813
voter,rho_1_over_3pi,0.1061032953945969,11,3,990616,16,6000,0.51497879337593,0.18181818181818182,4500,0.29906139942895454,0.15161086909073448,0.34661740657743323,0.0705660652418108
voter,rho_1_over_3pi,0.1061032953945969,11,3,990617,17,6000,0.138308162639751,0.2727272727272727,4500,0.2713189717143809,0.13999536977343444,0.2371146508388347,0.045114564141835276
voter,rho_1_over_3pi,0.1061032953945969,11,3,990618,18,6000,0.16674969455585978,0.18181818181818182,4500,0.295590259810955,0.148399678847486,0.3346254012476531,0.06244201539580363
voter,rho_1_over_3pi,0.1061032953945969,11,3,990619,19,6000,0.21449946895333874,0.18181818181818182,4500,0.2956096837872609,0.14512372825895523,0.3122766640421537,0.07311524830700061
voter,rho_1_over_3pi,0.1061032953945969,11,3.5,990700,0,6000,0.1534662139828109,0.18181818181818182,4500,0.2861302822246481,0.14291152637926488,0.28387135848828055,0.04510155288970323
voter,rho_1_over_3pi,0.1061032953945969,11,3.5,990701,1,6000,0.5109033769381521,0.18181818181818182,4500,0.2815686812127413,0.14524539596251332,0.3609714735630792,0.015334963150665295
voter,rho_1_over_3pi,0.1061032953945969,11,3.5,990702,2,6000,0.49402960636287996,0.18181818181818182,4500,0.28677096113006534,0.14317125384713777,0.29404639331354854,0.03922571453989583
voter,rho_1_over_3pi,0.1061032953945969,11,3.5,990703,3,6000,0.32716794453565795,0.09090909090909091,4500,0.2816597061334489,0.14162897482024006,0.27078917085579307,0.026057325133909456
voter,rho_1_over_3pi,0.1061032953945969,11,3.5,990704,4,6000,0.3566764719199801,0.09090909090909091,4500,0.277489824163689,0.14178314493319039,0.28696020834595115,0.03591019000040003
voter,rho_1_over_3pi,0.1061032953945969,11,3.5,990705,5,6000,0.21646774287065906,0.09090909090909091,4500,0.29622671608274587,0.14665608321447376,0.5274665374598752,0.04251167407625936
voter,rho_1_over_3pi,0.1061032953945969,11,3.5,990706,6,6000,0.1843167005617614,0.18181818181818182,4500,0.2761966451823164,0.14257652906975968,0.3726000847919569,0.027102314374649578
voter,rho_1_over_3pi,0.1061032953945969,11,3.5,990707,7,6000,0.4199268451245335,0.18181818181818182,4500,0.2791167011106591,0.13931622486455644,0.2979831627399915,0.0994185648264875
voter,rho_1_over_3pi,0.1061032953945969,11,3.5,990708,8,6000,0.2934685403481149,0.18181818181818182,4500,0.2784738141117263,0.14075841790424845,0.2773302646720368,0.04078773909215263
voter,rho_1_over_3pi,0.1061032953945969,11,3.5,990709,9,6000,0.34798462354297466,0.18181818181818182,4500,0.2950414606450114,0.147709191604542,0.5093573980982375,0.13346807876303254
voter,rho_1_over_3pi,0.1061032953945969,11,3.5,990710,10,6000,0.05855074734226009,0.18181818181818182,4500,0.2945757022608332,0.14496022991216329,0.3634546665859124,0.004060160078031463
voter,rho_1_over_3pi,0.1061032953945969,11,3.5,990711,11,6000,0.6196816806548099,0.36363636363636365,4500,0.2780918507383958,0.13944333878661874,0.26733692689722,0.04772783376018941
voter,rho_1_over_3pi,0.1061032953945969,11,3.5,990712,12,6000,0.3692724404259572,0.2727272727272727,4500,0.2755801556596699,0.14312325435396664,0.3069468838955848,0.05872416938476878
voter,rho_1_over_3pi,0.1061032953945969,11,3.5,990713,13,6000,0.26373984491843455,0.18181818181818182,4500,0.284289392451222,0.14801796993346147,0.2708497365392768,0.018824531535722215
voter,rho_1_over_3pi,0.1061032953945969,11,3.5,990714,14,6000,0.10130528105854274,0.18181818181818182,4500,0.280488834085282,0.13891168123227968,0.27720913330506936,0.04379514581823895
voter,rho_1_over_3pi,0.1061032953945969,11,3.5,990715,15,6000,0.16020674869482057,0.2727272727272727,4500,0.2814139492262458,0.14269399627629603,0.38483435285567197,0.09653102199612985
voter,rho_1_over_3pi,0.1061032953945969,11,3.5,990716,16,6000,0.25559884547497275,0.18181818181818182,4500,0.28082606897002205,0.13920259491033962,0.31875719217491366,0.10079465436800275
voter,rho_1_over_3pi,0.1061032953945969,11,3.5,990717,17,6000,0.10277361566708278,0.18181818181818182,4500,0.28831107467563144,0.1404465095873797,0.3755072375991763,0.0665510215456408
voter,rho_1_over_3pi,0.1061032953945969,11,3.5,990718,18,6000,0.40044895215879744,0.18181818181818182,4500,0.2941969202216264,0.14701599339345384,0.3560656532008964,0.025118334871694903
voter,rho_1_over_3pi,0.1061032953945969,11,3.5,990719,19,6000,0.13203717490452635,0.18181818181818182,4500,0.2831654790620627,0.14039622028492213,0.282599479135122,0.05253702129763448
voter,rho_1_over_3pi,0.1061032953945969,11,4,990800,0,6000,0.12745443655134217,0.18181818181818182,4500,0.27285810535064076,0.13655370181935564,0.2660044818605778,0.02379005861753725
voter,rho_1_over_3pi,0.1061032953945969,11,4,990801,1,6000,0.03992872287812977,0.18181818181818182,4500,0.2733455339436653,0.13828545104387946,0.30361577130397915,0.07518687469651902
voter,rho_1_over_3pi,0.1061032953945969,11,4,990802,2,6000,0.22257659262366214,0.18181818181818182,4500,0.27474917696433343,0.13869088784133463,0.22972563745381866,0.045388312748138544
voter,rho_1_over_3pi,0.1061032953945969,11,4,990803,3,6000,0.1300894563142341,0.09090909090909091,4500,0.27470138082011714,0.14568697125303176,0.2727272727272727,0.0
voter,rho_1_over_3pi,0.1061032953945969,11,4,990804,4,6000,0.03136492756752587,0.18181818181818182,4500,0.2872722798241292,0.14429902226321328,0.41905396402398404,0.044349219146224764
voter,rho_1_over_3pi,0.1061032953945969,11,4,990805,5,6000,0.4005829895389157,0.18181818181818182,4500,0.2748345597253075,0.1350647495837771,0.3270546908121858,0.10579873214407064
voter,rho_1_over_3pi,0.1061032953945969,11,4,990806,6,6000,0.07803967537925507,0.2727272727272727,4500,0.2847281138704519,0.13741847373870572,0.3419538489491854,0.07706373377708188
voter,rho_1_over_3pi,0.1061032953945969,11,4,990807,7,6000,0.17396521374651025,0.18181818181818182,4500,0.27446172565185045,0.13798426700201782,0.33365635031191326,0.05441401134218682
voter,rho_1_over_3pi,0.1061032953945969,11,4,990808,8,6000,0.18783943077989054,0.18181818181818182,4500,0.2764272072595326,0.13954131339105066,0.29828599115741017,0.04985133409360019
voter,rho_1_over_3pi,0.1061032953945969,11,4,990809,9,6000,0.13062452905220642,0.18181818181818182,4500,0.2713513719445656,0.13656919849860905,0.21694627823874993,0.044637607240787136
voter,rho_1_over_3pi,0.1061032953945969,11,4,990810,10,6000,0.35058894730474766,0.18181818181818182,4500,0.27274530555250115,0.13476882767638387,0.1889649324692629,0.024466887006217356
voter,rho_1_over_3pi,0.1061032953945969,11,4,990811,11,6000,0.13023124859287602,0.2727272727272727,4500,0.2741818657334795,0.1405697015655339,0.24795590818242383,0.0404761871961293
voter,rho_1_over_3pi,0.1061032953945969,11,4,990812,12,6000,0.5506842266078746,0.18181818181818182,4500,0.28094990666623354,0.14114555187985628,0.3333535218944946,0.042847813350672885
voter,rho_1_over_3pi,0.1061032953945969,11,4,990813,13,6000,0.2153870772585402,0.2727272727272727,4500,0.2797798983758893,0.14263181304511338,0.26134092423232996,0.04304068667246944
voter,rho_1_over_3pi,0.1061032953945969,11,4,990814,14,6000,0.36476978823511036,0.18181818181818182,4500,0.2741887227759235,0.1387614608788091,0.24135424868269637,0.043218357873245475
voter,rho_1_over_3pi,0.1061032953945969,11,4,990815,15,6000,0.4428518534465797,0.18181818181818182,4500,0.26261877944042067,0.13540374526092927,0.2064078493125795,0.04752318686628703
voter,rho_1_over_3pi,0.1061032953945969,11,4,990816,16,6000,0.1062676553930999,0.2727272727272727,4500,0.272678039422011,0.13601426367716907,0.27357519229604504,0.07427155714437968
voter,rho_1_over_3pi,0.1061032953945969,11,4,990817,17,6000,0.32553612651532804,0.18181818181818182,4500,0.27919999691123665,0.1410030608606397,0.2503179698382896,0.0391794907773663
voter,rho_1_over_3pi,0.1061032953945969,11,4,990818,18,6000,0.21451835504874073,0.09090909090909091,4500,0.28263440143694396,0.1411508136883814,0.3858639694748955,0.06336658403774387
voter,rho_1_over_3pi,0.1061032953945969,11,4,990819,19,6000,0.503331488479623,0.2727272727272727,4500,0.27687765573280365,0.14335072106214689,0.27690630488765067,0.05107723529035654
voter,rho_1_over_3pi,0.1061032953945969,11,5,990900,0,6000,0.46149870342296634,0.2727272727272727,4500,0.27111933205488437,0.1377550838038409,0.33813821088970986,0.0841768007158113
voter,rho_1_over_3pi,0.1061032953945969,11,5,990901,1,6000,0.27608600051498455,0.18181818181818182,4500,0.26364785485779757,0.13728179701386378,0.1814547877172794,0.005736180966653298
voter,rho_1_over_3pi,0.1061032953945969,11,5,990902,2,6000,0.22721030565734895,0.2727272727272727,4500,0.26610207686423054,0.1352189328272383,0.18181818181818182,0.0
voter,rho_1_over_3pi,0.1061032953945969,11,5,990903,3,6000,0.17737353886739457,0.18181818181818182,4500,0.2715873478796793,0.13752803302072938,0.21737023802313607,0.045947923359078185
voter,rho_1_over_3pi,0.1061032953945969,11,5,990904,4,6000,0.1318123807425694,0.18181818181818182,4500,0.2654227562768003,0.13358192047622625,0.2627339349524559,0.0284362172655663
voter,rho_1_over_3pi,0.1061032953945969,11,5,990905,5,6000,0.26198856342334176,0.18181818181818182,4500,0.26752449793899524,0.13627201575563638,0.19265943916177095,0.02946245048578389
voter,rho_1_over_3pi,0.1061032953945969,11,5,990906,6,6000,0.5279755703416785,0.09090909090909091,4500,0.26510515463448614,0.13674696940332742,0.24274725940282238,0.04572681026129116
voter,rho_1_over_3pi,0.1061032953945969,11,5,990907,7,6000,0.28821461743031757,0.2727272727272727,4500,0.2662626836863608,0.13354439824755232,0.31700078735388526,0.07570797649549131
voter,rho_1_over_3pi,0.1061032953945969,11,5,990908,8,6000,0.09731036758049215,0.2727272727272727,4500,0.2738703171701769,0.1377477876939383,0.20095693779904306,0.03706204159050159
voter,rho_1_over_3pi,0.1061032953945969,11,5,990909,9,6000,0.2977789878906268,0.2727272727272727,4500,0.2662279516529118,0.135213749128428,0.1824238386530192,0.00739546428943839
voter,rho_1_over_3pi,0.1061032953945969,11,5,990910,10,6000,0.07696640824990492,0.18181818181818182,4500,0.2698717495858725,0.13773351309870036,0.18133365635031193,0.006619139285234935
voter,rho_1_over_3pi,0.1061032953945969,11,5,990911,11,6000,0.39013072119234893,0.2727272727272727,4500,0.2676322688730134,0.13467495327332088,0.2351765489673551,0.04476209674600675
voter,rho_1_over_3pi,0.1061032953945969,11,5,990912,12,6000,0.4443845712913197,0.18181818181818182,4500,0.26916566425513005,0.13475322624327435,0.2339046696141966,0.05388031588053158
voter,rho_1_over_3pi,0.1061032953945969,11,5,990913,13,6000,0.15949204324776056,0.2727272727272727,4500,0.27632949075979313,0.1410706936492842,0.1471746108654836,0.0441501815715377
voter,rho_1_over_3pi,0.1061032953945969,11,5,990914,14,6000,0.5911359984913256,0.18181818181818182,4500,0.26922863044539386,0.13320549751279645,0.1881775785839743,0.02318803681823101
voter,rho_1_over_3pi,0.1061032953945969,11,5,990915,15,6000,0.46302821884183043,0.2727272727272727,4500,0.2668891740761312,0.13556982796607467,0.20459087880806734,0.03939098187029034
voter,rho_1_over_3pi,0.1061032953945969,11,5,990916,16,6000,0.2430646430058099,0.18181818181818182,4500,0.2747580540898366,0.14019123277694165,0.22560717097692448,0.045424020349423604
voter,rho_1_over_3pi,0.1061032953945969,11,5,990917,17,6000,0.4486514260604722,0.18181818181818182,4500,0.2654825291864177,0.13184846263994918,0.2642480770395494,0.026437458503050286
voter,rho_1_over_3pi,0.1061032953945969,11,5,990918,18,6000,0.24742985238616375,0.18181818181818182,4500,0.2663024899941958,0.13431910025331265,0.24862213070074496,0.046839637335074326
voter,rho_1_over_3pi,0.1061032953945969,11,5,990919,19,6000,0.28450667761752024,0.18181818181818182,4500,0.26384000296317833,0.13399565141430014,0.18181818181818182,0.0
voter,rho_1_over_3pi,0.1061032953945969,11,6,991000,0,6000,0.0993577266300449,0.09090909090909091,4500,0.2718398980712677,0.13623768511363876,0.2154927018351402,0.06064854122707116
voter,rho_1_over_3pi,0.1061032953945969,11,6,991001,1,6000,0.05732743729425494,0.09090909090909091,4500,0.26402869995120026,0.13269138490979765,0.15886378777784507,0.05960721829237281
voter,rho_1_over_3pi,0.1061032953945969,11,6,991002,2,6000,0.22158334681488434,0.18181818181818182,4500,0.26342451508599946,0.1362398718038913,0.13003452243958574,0.048315550375217835
voter,rho_1_over_3pi,0.1061032953945969,11,6,991003,3,6000,0.0904150572568418,0.18181818181818182,4500,0.2658736167413713,0.13785315583301264,0.18109139361637697,0.00809588992138911
voter,rho_1_over_3pi,0.1061032953945969,11,6,991004,4,6000,0.13116758622231608,0.2727272727272727,4500,0.2715452132566799,0.137559105747273,0.24317121918720852,0.06700190798074766
voter,rho_1_over_3pi,0.1061032953945969,11,6,991005,5,6000,0.3645097308264168,0.2727272727272727,4500,0.27141256021026433,0.1373763265289317,0.18902549815274666,0.03646989674961944
voter,rho_1_over_3pi,0.1061032953945969,11,6,991006,6,6000,0.10122793405795258,0.2727272727272727,4500,0.26641029381081693,0.13503527625222822,0.25946338804433405,0.03209169770465054
voter,rho_1_over_3pi,0.1061032953945969,11,6,991007,7,6000,0.26436575892141323,0.18181818181818182,4500,0.2678051965287874,0.13699651736870797,0.22463812004118466,0.055824018330530106
voter,rho_1_over_3pi,0.1061032953945969,11,6,991008,8,6000,0.23187317202815844,0.18181818181818182,4500,0.27121314109358063,0.1364013898987517,0.2676397553146387,0.03949477028170851
voter,rho_1_over_3pi,0.1061032953945969,11,6,991009,9,6000,0.1524959783109324,0.18181818181818182,4500,0.26564661270824724,0.13592483787276252,0.27363575797952877,0.06556933873306821
voter,rho_1_over_3pi,0.1061032953945969,11,6,991010,10,6000,0.05221309857686747,0.18181818181818182,4500,0.26635125281045147,0.13578173438473848,0.27714856762158563,0.0625877110773393
voter,rho_1_over_3pi,0.1061032953945969,11,6,991011,11,6000,0.50334609205458,0.2727272727272727,4500,0.26251863237180306,0.1337380818068438,0.18181818181818182,0.052573734462645655
voter,rho_1_over_3pi,0.1061032953945969,11,6,991012,12,6000,0.34295028290273444,0.18181818181818182,4500,0.2680648356683882,0.13914130955288123,0.25843377142511054,0.03325833688361684
voter,rho_1_over_3pi,0.1061032953945969,11,6,991013,13,6000,0.16739121879920404,0.09090909090909091,4500,0.2704872774354355,0.13633093861968482,0.25292229422809037,0.049206850366873195
voter,rho_1_over_3pi,0.1061032953945969,11,6,991014,14,6000,0.23365395530024946,0.09090909090909091,4500,0.27179592788505247,0.1348888910727838,0.16643449821331233,0.03975314809241418
voter,rho_1_over_3pi,0.1061032953945969,11,6,991015,15,6000,0.11752751024212449,0.18181818181818182,4500,0.26374600304260215,0.135335886086321,0.19162982254254737,0.04393095853026997
voter,rho_1_over_3pi,0.1061032953945969,11,6,991016,16,6000,0.2108764051453033,0.18181818181818182,4500,0.26650198607377074,0.13536983345951217,0.2087699109684453,0.0425659139559113
voter,rho_1_over_3pi,0.1061032953945969,11,6,991017,17,6000,0.05901951328161741,0.18181818181818182,4500,0.27273520176382204,0.13699153060072417,0.3400763127611895,0.07383724405813687
voter,rho_1_over_3pi,0.1061032953945969,11,6,991018,18,6000,0.4319995860796208,0.18181818181818182,4500,0.2646829609866562,0.13451460225824627,0.22276058385318878,0.04535160644004181
voter,rho_1_over_3pi,0.1061032953945969,11,6,991019,19,6000,0.6652239435631797,0.2727272727272727,4500,0.2634763012109307,0.13635094941889742,0.17448973411664953,0.02474906811593166
voter,rho_1_over_pi,0.31830988618379069,32,0,950000,0,6000,0.28355374113913334,0.15625,4500,0.9999999999999997,0.0,1.0,0.0
voter,rho_1_over_pi,0.31830988618379069,32,0,950001,1,6000,0.053434217686272524,0.15625,4500,1.0000000000000007,0.0,1.0,0.0
voter,rho_1_over_pi,0.31830988618379069,32,0,950002,2,6000,0.24372853064063735,0.125,4500,0.9999999999999996,0.0,0.65625,0.0
voter,rho_1_over_pi,0.31830988618379069,32,0,950003,3,6000,0.10180407544033804,0.25,4500,0.9999999999999999,0.0,1.0,0.0
voter,rho_1_over_pi,0.31830988618379069,32,0,950004,4,6000,0.19870893321240912,0.1875,4500,1.0000000000000002,0.0,1.0,0.0
voter,rho_1_over_pi,0.31830988618379069,32,0,950005,5,6000,0.18900002024248358,0.1875,4500,0.9999999999999996,0.0,1.0,0.0
voter,rho_1_over_pi,0.31830988618379069,32,0,950006,6,6000,0.16345734092459172,0.09375,4500,0.9999999999999999,0.0,1.0,0.0
voter,rho_1_over_pi,0.31830988618379069,32,0,950007,7,6000,0.06688980854561932,0.34375,4500,0.9999999999999994,0.0,0.4375,0.0
voter,rho_1_over_pi,0.31830988618379069,32,0,950008,8,6000,0.22935622089852165,0.1875,4500,0.9999999999999996,0.0,1.0,0.0
voter,rho_1_over_pi,0.31830988618379069,32,0,950009,9,6000,0.14847207411791244,0.15625,4500,0.9999999999999999,0.0,0.75,0.0
voter,rho_1_over_pi,0.31830988618379069,32,0,950010,10,6000,0.1176368630905691,0.125,4500,1.0000000000000004,0.0,0.75,0.0
voter,rho_1_over_pi,0.31830988618379069,32,0,950011,11,6000,0.22387198868290367,0.21875,4500,1.0000000000000009,0.0,1.0,0.0
voter,rho_1_over_pi,0.31830988618379069,32,0,950012,12,6000,0.0637488058442592,0.09375,4500,1.0000000000000002,0.0,0.6875,0.0
voter,rho_1_over_pi,0.31830988618379069,32,0,950013,13,6000,0.24952021066702512,0.125,4500,0.9999999999999997,0.0,0.6875,0.0
voter,rho_1_over_pi,0.31830988618379069,32,0,950014,14,6000,0.1710162642508343,0.125,4500,0.9999999999999992,0.0,0.65625,0.0
voter,rho_1_over_pi,0.31830988618379069,32,0,950015,15,6000,0.3359299906172698,0.09375,4500,0.9999999999999999,0.0,1.0,0.0
voter,rho_1_over_pi,0.31830988618379069,32,0,950016,16,6000,0.19332849725232304,0.125,4500,1.0000000000000004,0.0,1.0,0.0
voter,rho_1_over_pi,0.31830988618379069,32,0,950017,17,6000,0.20400899703967337,0.25,4500,0.9999999999999999,0.0,1.0,0.0
voter,rho_1_over_pi,0.31830988618379069,32,0,950018,18,6000,0.08937179070873778,0.15625,4500,0.9999999999999999,0.0,0.59375,0.0
voter,rho_1_over_pi,0.31830988618379069,32,0,950019,19,6000,0.16326916497184485,0.25,4500,0.9999999999999994,0.0,1.0,0.0
voter,rho_1_over_pi,0.31830988618379069,32,0.5,950100,0,6000,0.26763701719308,0.1875,4500,0.611268052103024,0.2078412209874784,0.737508327781479,0.2049789355549841
voter,rho_1_over_pi,0.31830988618379069,32,0.5,950101,1,6000,0.10457677824300905,0.21875,4500,0.5231086983125857,0.20443945153295034,0.6029938374417055,0.1735727007108055
voter,rho_1_over_pi,0.31830988618379069,32,0.5,950102,2,6000,0.1304608367911986,0.21875,4500,0.6393970679617624,0.21241631187788237,0.7290348101265823,0.23093560626926277
voter,rho_1_over_pi,0.31830988618379069,32,0.5,950103,3,6000,0.19843389259051258,0.09375,4500,0.7032637188414895,0.16588658264447556,0.8598642571618921,0.15527234547428304
voter,rho_1_over_pi,0.31830988618379069,32,0.5,950104,4,6000,0.18462058104070325,0.125,4500,0.5812873035510664,0.2275580037353975,0.715210692871419,0.19876619754474187
voter,rho_1_over_pi,0.31830988618379069,32,0.5,950105,5,6000,0.19417179922029087,0.125,4500,0.7351878469984171,0.19573321646722455,1.0,0.0
voter,rho_1_over_pi,0.31830988618379069,32,0.5,950106,6,6000,0.11445277518487494,0.1875,4500,0.6112248638118174,0.22479360639572346,0.7177298467688208,0.15949413745335128
voter,rho_1_over_pi,0.31830988618379069,32,0.5,950107,7,6000,0.06712316906656701,0.09375,4500,0.6888575304343909,0.1612516114221967,0.7264115589606929,0.16198819148890697
voter,rho_1_over_pi,0.31830988618379069,32,0.5,950108,8,6000,0.13245221665895968,0.1875,4500,0.6462432507157263,0.20979758898161988,0.7677589940039974,0.19220218815516352
voter,rho_1_over_pi,0.31830988618379069,32,0.5,950109,9,6000,0.09360567709095555,0.1875,4500,0.6862064780836766,0.1795042525524164,0.6995128247834776,0.22191573377857407
voter,rho_1_over_pi,0.31830988618379069,32,0.5,950110,10,6000,0.22964392507215659,0.1875,4500,0.6013169240329233,0.17449454166092615,0.6137366755496336,0.18768729771757148
voter,rho_1_over_pi,0.31830988618379069,32,0.5,950111,11,6000,0.18469412523223533,0.125,4500,0.7493839395477028,0.13845958568306901,0.9357303464357095,0.04352805592233952
voter,rho_1_over_pi,0.31830988618379069,32,0.5,950112,12,6000,0.07546407646315449,0.125,4500,0.6399968631490242,0.2058130125841581,0.7848517654896735,0.17790492775543867
voter,rho_1_over_pi,0.31830988618379069,32,0.5,950113,13,6000,0.14438422343884488,0.125,4500,0.6293265073595474,0.17723644400650465,0.6746752165223184,0.16951940982818878
voter,rho_1_over_pi,0.31830988618379069,32,0.5,950114,14,6000,0.1699702033616106,0.09375,4500,0.6269117705766936,0.22785351907005574,0.7552673217854764,0.23062400044235573
voter,rho_1_over_pi,0.31830988618379069,32,0.5,950115,15,6000,0.11296940852505905,0.1875,4500,0.5509426203200223,0.18279502529168776,0.7116505662891406,0.1805701021030247
voter,rho_1_over_pi,0.31830988618379069,32,0.5,950116,16,6000,0.20046321062919786,0.09375,4500,0.5003345922796338,0.21982058043209984,0.6176715522984677,0.17555324336513434
voter,rho_1_over_pi,0.31830988618379069,32,0.5,950117,17,6000,0.12252593071867754,0.09375,4500,0.5490741996782842,0.22316017263871638,0.6780896069287142,0.21315060406178568
voter,rho_1_over_pi,0.31830988618379069,32,0.5,950118,18,6000,0.09097282569413254,0.125,4500,0.6725609630594628,0.1775866983425837,0.8569287141905396,0.13361892295092495
voter,rho_1_over_pi,0.31830988618379069,32,0.5,950119,19,6000,0.18294178903144256,0.125,4500,0.5583497253519286,0.23198092666799616,0.6387616588940707,0.17848336124268255
voter,rho_1_over_pi,0.31830988618379069,32,1,950200,0,6000,0.11426585289491178,0.125,4500,0.3603704094258937,0.16534082218950277,0.44251748834110594,0.11243447230237155
voter,rho_1_over_pi,0.31830988618379069,32,1,950201,1,6000,0.051426964778317596,0.125,4500,0.38114295905197243,0.16929007540190774,0.6605388074616922,0.04940550676369844
voter,rho_1_over_pi,0.31830988618379069,32,1,950202,2,6000,0.2882553751335992,0.125,4500,0.45610881306218176,0.19357204092495947,0.8188499333777481,0.09261901299921951
voter,rho_1_over_pi,0.31830988618379069,32,1,950203,3,6000,0.10645592113937148,0.09375,4500,0.42426396119330756,0.18011674168700026,0.6713649233844103,0.05392095422258966
voter,rho_1_over_pi,0.31830988618379069,32,1,950204,4,6000,0.24380590299101662,0.09375,4500,0.4406373568644665,0.17983088653949,0.6345353097934711,0.1918939042510943
voter,rho_1_over_pi,0.31830988618379069,32,1,950205,5,6000,0.18361899008832755,0.25,4500,0.3629566414655309,0.16655644651645413,0.46979097268487674,0.15783534191264684
voter,rho_1_over_pi,0.31830988618379069,32,1,950206,6,6000,0.14899622457112735,0.21875,4500,0.39956690371571396,0.1798630125154136,0.6052006995336442,0.19510528679635106
voter,rho_1_over_pi,0.31830988618379069,32,1,950207,7,6000,0.29196440892775016,0.21875,4500,0.43616115765802327,0.1949921666704059,0.7208527648234511,0.2710691624170389
voter,rho_1_over_pi,0.31830988618379069,32,1,950208,8,6000,0.4383782586090706,0.125,4500,0.41574020314887833,0.19176669574642422,0.4926507328447702,0.09837241001467087
voter,rho_1_over_pi,0.31830988618379069,32,1,950209,9,6000,0.16896268488207175,0.21875,4500,0.36946440899587185,0.14904994779812583,0.48357345103264493,0.1819139698632154
voter,rho_1_over_pi,0.31830988618379069,32,1,950210,10,6000,0.23943298819816072,0.21875,4500,0.41004012886943036,0.1840373184343431,0.6391364090606263,0.08115819882389579
voter,rho_1_over_pi,0.31830988618379069,32,1,950211,11,6000,0.20583494552850312,0.1875,4500,0.402483965395346,0.1784809002511266,0.6974100599600267,0.20137794137363163
voter,rho_1_over_pi,0.31830988618379069,32,1,950212,12,6000,0.0311933633696961,0.1875,4500,0.3944220172265242,0.18605492816844305,0.5850682878081279,0.1269653930262714
voter,rho_1_over_pi,0.31830988618379069,32,1,950213,13,6000,0.03954099472269525,0.09375,4500,0.3563396340582172,0.16255172368864393,0.4919636908727515,0.1424943884752557
voter,rho_1_over_pi,0.31830988618379069,32,1,950214,14,6000,0.08987203337937327,0.125,4500,0.4200053736459946,0.1811981071071428,0.7084027315123251,0.20704163419549293
voter,rho_1_over_pi,0.31830988618379069,32,1,950215,15,6000,0.12780868677437107,0.1875,4500,0.38054523933797574,0.15321076424591668,0.5243379413724184,0.11939509259486088
voter,rho_1_over_pi,0.31830988618379069,32,1,950216,16,6000,0.16572368165284923,0.125,4500,0.40149916519168644,0.18198025847466615,0.5121377415056629,0.14959503174887362
voter,rho_1_over_pi,0.31830988618379069,32,1,950217,17,6000,0.2221098613106656,0.21875,4500,0.35057505381271076,0.16368876780623667,0.4964815123251166,0.16652775780701304
voter,rho_1_over_pi,0.31830988618379069,32,1,950218,18,6000,0.16666444737991218,0.09375,4500,0.3748370388112093,0.1668990222308051,0.5525274816788808,0.1845942347824291
voter,rho_1_over_pi,0.31830988618379069,32,1,950219,19,6000,0.07670454638915664,0.1875,4500,0.4167286599981895,0.19059738695882744,0.6029313790806129,0.1510856064103635
voter,rho_1_over_pi,0.31830988618379069,32,1.5,950300,0,6000,0.04611497623628918,0.15625,4500,0.308159182601014,0.15040592434864952,0.387491672218521,0.10937175774854532
voter,rho_1_over_pi,0.31830988618379069,32,1.5,950301,1,6000,0.18293479669168855,0.125,4500,0.2830490757194887,0.13620639423808242,0.3564915056628914,0.0668871148182692
voter,rho_1_over_pi,0.31830988618379069,32,1.5,950302,2,6000,0.06587002822496325,0.09375,4500,0.2895828229198696,0.14783006965867979,0.4151190872751499,0.06263048816990634
voter,rho_1_over_pi,0.31830988618379069,32,1.5,950303,3,6000,0.13696928986089074,0.09375,4500,0.29469624064717415,0.1463169079883065,0.5484052298467689,0.08458048030838836
voter,rho_1_over_pi,0.31830988618379069,32,1.5,950304,4,6000,0.16482547435808503,0.1875,4500,0.3108601921028539,0.14521364763538686,0.6611009327115257,0.16217495438130108
voter,rho_1_over_pi,0.31830988618379069,32,1.5,950305,5,6000,0.17160951115465337,0.15625,4500,0.31147800737689113,0.14940383109282265,0.5239423717521652,0.1449797873875427
voter,rho_1_over_pi,0.31830988618379069,32,1.5,950306,6,6000,0.1471437739926547,0.15625,4500,0.29237432363545685,0.13791360678618597,0.46212941372418387,0.13675336727219015
voter,rho_1_over_pi,0.31830988618379069,32,1.5,950307,7,6000,0.13853574370873759,0.1875,4500,0.3194614186806091,0.15055044945999535,0.604763491005996,0.11453918525799388
voter,rho_1_over_pi,0.31830988618379069,32,1.5,950308,8,6000,0.2604909140629188,0.1875,4500,0.2687979440866415,0.13537144673858106,0.38586775483011326,0.11170345290975213
voter,rho_1_over_pi,0.31830988618379069,32,1.5,950309,9,6000,0.1608485693715562,0.25,4500,0.30101038985813866,0.1464231645423029,0.5566705529646903,0.13614576390621788
voter,rho_1_over_pi,0.31830988618379069,32,1.5,950310,10,6000,0.06067735106371268,0.1875,4500,0.2842314545683321,0.1356974431644943,0.40114923384410395,0.0783651372396524
voter,rho_1_over_pi,0.31830988618379069,32,1.5,950311,11,6000,0.0654712501274513,0.15625,4500,0.2693810737606441,0.1332815565170302,0.37091938707528316,0.13796067820724547
voter,rho_1_over_pi,0.31830988618379069,32,1.5,950312,12,6000,0.10557697336242414,0.1875,4500,0.2645927997328886,0.12476893820240482,0.3452698201199201,0.08927984265796471
voter,rho_1_over_pi,0.31830988618379069,32,1.5,950313,13,6000,0.13211980840249946,0.28125,4500,0.2564998293093606,0.11883731601713907,0.3118337774816789,0.08150806284522981
voter,rho_1_over_pi,0.31830988618379069,32,1.5,950314,14,6000,0.14623067165484863,0.15625,4500,0.31069113687515887,0.14770466198000873,0.48884077281812127,0.10499661472511006
voter,rho_1_over_pi,0.31830988618379069,32,1.5,950315,15,6000,0.20289046901090588,0.25,4500,0.28732452014821747,0.1368821993843747,0.31447784810126583,0.07081120720565563
voter,rho_1_over_pi,0.31830988618379069,32,1.5,950316,16,6000,0.17770565877441727,0.28125,4500,0.26014331664275187,0.1343774939987952,0.3504122251832112,0.08596954203286397
voter,rho_1_over_pi,0.31830988618379069,32,1.5,950317,17,6000,0.06539154343456174,0.09375,4500,0.3051941084046006,0.145151435975733,0.633910726182545,0.12421670881047835
voter,rho_1_over_pi,0.31830988618379069,32,1.5,950318,18,6000,0.15818702815795424,0.09375,4500,0.32479431120753416,0.15614286574612005,0.5731803797468354,0.14609459115043727
voter,rho_1_over_pi,0.31830988618379069,32,1.5,950319,19,6000,0.04722899462963933,0.15625,4500,0.27594268756016205,0.14196524083355253,0.6537724850099933,0.11933786044586497
voter,rho_1_over_pi,0.31830988618379069,32,2,950400,0,6000,0.21698714616638662,0.09375,4500,0.23495542548590084,0.11473407579579739,0.33931545636242505,0.0843691555092304
voter,rho_1_over_pi,0.31830988618379069,32,2,950401,1,6000,0.10585222976637515,0.125,4500,0.23221569764040306,0.11778848884506048,0.3064831778814124,0.04159565333353364
voter,rho_1_over_pi,0.31830988618379069,32,2,950402,2,6000,0.034676965414829404,0.15625,4500,0.23829658209964635,0.1157195638103,0.5930421385742838,0.11627739631112684
voter,rho_1_over_pi,0.31830988618379069,32,2,950403,3,6000,0.07673741808196068,0.21875,4500,0.23197244750113213,0.11550788850694109,0.36794220519653564,0.11525795858792266
voter,rho_1_over_pi,0.31830988618379069,32,2,950404,4,6000,0.13480120609028753,0.125,4500,0.24864865230453506,0.11884845897037306,0.44645236508994,0.10528812098454246
voter,rho_1_over_pi,0.31830988618379069,32,2,950405,5,6000,0.2914375756202161,0.0625,4500,0.24502560649112923,0.12220594168449656,0.5015614590273151,0.1715870765686417
voter,rho_1_over_pi,0.31830988618379069,32,2,950406,6,6000,0.05490138750497043,0.1875,4500,0.21373640776848746,0.10639418593957951,0.3385659560293138,0.09314670118478517
voter,rho_1_over_pi,0.31830988618379069,32,2,950407,7,6000,0.1495338845786433,0.15625,4500,0.23316326419212108,0.11503730695091982,0.4078530979347102,0.10363212618204708
voter,rho_1_over_pi,0.31830988618379069,32,2,950408,8,6000,0.10247957466195891,0.1875,4500,0.24733864325469002,0.11974229151618845,0.45521735509660227,0.12529767859551724
voter,rho_1_over_pi,0.31830988618379069,32,2,950409,9,6000,0.02502605131809639,0.125,4500,0.24934675118310792,0.12175396949359028,0.47395486342438375,0.04950176145088349
voter,rho_1_over_pi,0.31830988618379069,32,2,950410,10,6000,0.2810545452062035,0.15625,4500,0.24484558415415564,0.12465967178188496,0.5136367421718854,0.12595708577054704
voter,rho_1_over_pi,0.31830988618379069,32,2,950411,11,6000,0.012363230865615764,0.125,4500,0.22084076786767948,0.11448133810252879,0.34091855429713525,0.08035187171632245
voter,rho_1_over_pi,0.31830988618379069,32,2,950412,12,6000,0.11716732414519879,0.1875,4500,0.2519852635469341,0.11905046899496984,0.4483052964690207,0.09166764088818208
voter,rho_1_over_pi,0.31830988618379069,32,2,950413,13,6000,0.12324931911821622,0.125,4500,0.2558934961347878,0.12040667277782321,0.391072618254497,0.1060703784739819
voter,rho_1_over_pi,0.31830988618379069,32,2,950414,14,6000,0.31276557648437103,0.1875,4500,0.23404423246365622,0.1147532503431886,0.37206445702864754,0.09094872009945952
voter,rho_1_over_pi,0.31830988618379069,32,2,950415,15,6000,0.1895982176480035,0.15625,4500,0.2497962599379254,0.12347621159555265,0.5451782145236509,0.13602876932602792
voter,rho_1_over_pi,0.31830988618379069,32,2,950416,16,6000,0.1915445363482919,0.21875,4500,0.24259203993089581,0.12055532266139908,0.3805379746835443,0.0771597210893717
voter,rho_1_over_pi,0.31830988618379069,32,2,950417,17,6000,0.04066437581807148,0.15625,4500,0.229465735752631,0.11577764859607922,0.40027481678880744,0.09591494526002499
voter,rho_1_over_pi,0.31830988618379069,32,2,950418,18,6000,0.171103632841534,0.09375,4500,0.22696624644448118,0.1133950140055865,0.30258994003997336,0.07552424917813123
voter,rho_1_over_pi,0.31830988618379069,32,2,950419,19,6000,0.10604121646023819,0.09375,4500,0.24016668484012413,0.11766697199535589,0.43514740173217853,0.17251588278581462
voter,rho_1_over_pi,0.31830988618379069,32,2.5,950500,0,6000,0.07368062454382784,0.25,4500,0.20553323971797233,0.10712739138702215,0.29896735509660227,0.0917774982996217
voter,rho_1_over_pi,0.31830988618379069,32,2.5,950501,1,6000,0.15489040438743404,0.125,4500,0.20301143713013964,0.10693191971890151,0.374104763491006,0.11630128109199085
voter,rho_1_over_pi,0.31830988618379069,32,2.5,950502,2,6000,0.12404341967351465,0.1875,4500,0.1999657572401063,0.10265002463752748,0.26694703530979347,0.06434932441372701
voter,rho_1_over_pi,0.31830988618379069,32,2.5,950503,3,6000,0.046030084750286984,0.1875,4500,0.21356540833996468,0.10701150307512647,0.329738507661559,0.038911776177500766
voter,rho_1_over_pi,0.31830988618379069,32,2.5,950504,4,6000,0.2131278067411083,0.125,4500,0.19091703345968863,0.09945757561892365,0.28004247168554297,0.04419239856837237
voter,rho_1_over_pi,0.31830988618379069,32,2.5,950505,5,6000,0.14164477421990573,0.125,4500,0.21325557669678008,0.10738638818770638,0.3078572618254497,0.04101691292381963
voter,rho_1_over_pi,0.31830988618379069,32,2.5,950506,6,6000,0.1296935465228176,0.09375,4500,0.21306858875138046,0.10508116396131788,0.36694287141905396,0.05285076448779929
voter,rho_1_over_pi,0.31830988618379069,32,2.5,950507,7,6000,0.15489553147101426,0.125,4500,0.2006516653840272,0.0986563568607912,0.3508494337108594,0.10545086797955092
voter,rho_1_over_pi,0.31830988618379069,32,2.5,950508,8,6000,0.18077500880133773,0.09375,4500,0.20283837455252077,0.10659595348833642,0.4375832778147901,0.07898938596283413
voter,rho_1_over_pi,0.31830988618379069,32,2.5,950509,9,6000,0.0807637638634047,0.09375,4500,0.20630382205918885,0.10415489821647327,0.4519487008660893,0.13796708425956195
voter,rho_1_over_pi,0.31830988618379069,32,2.5,950510,10,6000,0.10346530082336912,0.125,4500,0.199092145278678,0.10302349402662167,0.29532395069953365,0.05296347899804654
voter,rho_1_over_pi,0.31830988618379069,32,2.5,950511,11,6000,0.13640372605858914,0.09375,4500,0.19737003235529965,0.10126576056018965,0.3164765156562292,0.09921113474276273
voter,rho_1_over_pi,0.31830988618379069,32,2.5,950512,12,6000,0.3614513216474881,0.25,4500,0.20191906256020356,0.1011739697746251,0.35224433710859426,0.07502314911173653
voter,rho_1_over_pi,0.31830988618379069,32,2.5,950513,13,6000,0.049229301587060396,0.1875,4500,0.21212414780280997,0.10659140079153125,0.28603847435043306,0.08994526878137285
voter,rho_1_over_pi,0.31830988618379069,32,2.5,950514,14,6000,0.29203701611290406,0.15625,4500,0.20217095303266297,0.10612373308797937,0.24483677548301133,0.048119950681186824
voter,rho_1_over_pi,0.31830988618379069,32,2.5,950515,15,6000,0.2296054544585247,0.125,4500,0.2134440222773931,0.10572670789394453,0.3727931379080613,0.0959298345533964
voter,rho_1_over_pi,0.31830988618379069,32,2.5,950516,16,6000,0.3246328476031172,0.28125,4500,0.21085742845668082,0.10745470922631413,0.34903814123917387,0.09115330796104555
voter,rho_1_over_pi,0.31830988618379069,32,2.5,950517,17,6000,0.05717451103484991,0.15625,4500,0.21967853393940598,0.1092090621001841,0.40029563624250497,0.03603181656178001
voter,rho_1_over_pi,0.31830988618379069,32,2.5,950518,18,6000,0.021674097407200183,0.125,4500,0.2009950403256815,0.10069415646122509,0.2685917721518987,0.054906611228700296
voter,rho_1_over_pi,0.31830988618379069,32,2.5,950519,19,6000,0.08802847233020004,0.09375,4500,0.19872093621505013,0.1044823756820657,0.27968854097268486,0.06981309523596226
voter,rho_1_over_pi,0.31830988618379069,32,3,950600,0,6000,0.20736066388883104,0.125,4500,0.19541511514453205,0.098562780955994,0.38253664223850764,0.08151356134204181
voter,rho_1_over_pi,0.31830988618379069,32,3,950601,1,6000,0.1189822625968113,0.15625,4500,0.19879293195822387,0.09921060410463145,0.3082111925383078,0.02734999579153605
voter,rho_1_over_pi,0.31830988618379069,32,3,950602,2,6000,0.0495984856310386,0.15625,4500,0.19132193079779436,0.09713048199242842,0.2827906395736176,0.04412309805686717
voter,rho_1_over_pi,0.31830988618379069,32,3,950603,3,6000,0.14372559921943132,0.09375,4500,0.18000384591064034,0.09119350625255052,0.21868754163890738,0.03537110606963503
voter,rho_1_over_pi,0.31830988618379069,32,3,950604,4,6000,0.2898053839058774,0.09375,4500,0.18423465719724064,0.09363846642994797,0.3045677881412392,0.056313870630193615
voter,rho_1_over_pi,0.31830988618379069,32,3,950605,5,6000,0.13938997710224843,0.21875,4500,0.1847710246134694,0.09539207490111878,0.2636159227181879,0.04806598236304279
voter,rho_1_over_pi,0.31830988618379069,32,3,950606,6,6000,0.08006140653430478,0.125,4500,0.18954874145130682,0.09694582674586447,0.3281562291805463,0.0507022050845702
voter,rho_1_over_pi,0.31830988618379069,32,3,950607,7,6000,0.28450491354162394,0.09375,4500,0.18706318690118962,0.09737179995030205,0.3578447701532312,0.07097027160247861
voter,rho_1_over_pi,0.31830988618379069,32,3,950608,8,6000,0.018140719915224455,0.15625,4500,0.19823665646354266,0.09715281444710124,0.49893820786142573,0.12791525552407307
voter,rho_1_over_pi,0.31830988618379069,32,3,950609,9,6000,0.14148852543950396,0.09375,4500,0.1884909762332182,0.09868207560989141,0.28510159893404396,0.08055614590052584
voter,rho_1_over_pi,0.31830988618379069,32,3,950610,10,6000,0.1507266019724066,0.09375,4500,0.19124840265993673,0.09538955051526325,0.38778314457028645,0.06033278679344736
voter,rho_1_over_pi,0.31830988618379069,32,3,950611,11,6000,0.20338133407356856,0.125,4500,0.17758784381142168,0.09240666074979398,0.22397568287808128,0.056237202185714354
voter,rho_1_over_pi,0.31830988618379069,32,3,950612,12,6000,0.027293469918277437,0.09375,4500,0.1829780419830906,0.09386784301751527,0.3821410726182545,0.06452125720898116
voter,rho_1_over_pi,0.31830988618379069,32,3,950613,13,6000,0.14045497207329397,0.25,4500,0.18859383815451528,0.09429205536111783,0.26015989340439705,0.0687807638181468
voter,rho_1_over_pi,0.31830988618379069,32,3,950614,14,6000,0.03246757564273945,0.21875,4500,0.18042013653951797,0.09301508132744497,0.2613049633577615,0.034340488216215534
voter,rho_1_over_pi,0.31830988618379069,32,3,950615,15,6000,0.13483081267331962,0.125,4500,0.19728813542722914,0.10148943461480545,0.3463107928047968,0.05236660038816312
voter,rho_1_over_pi,0.31830988618379069,32,3,950616,16,6000,0.271862032317701,0.15625,4500,0.18808887735126717,0.0947743796255021,0.3864090606262492,0.05646179034241837
voter,rho_1_over_pi,0.31830988618379069,32,3,950617,17,6000,0.12330499943032591,0.15625,4500,0.18285154815387597,0.09223717137711564,0.2849350433044637,0.08701642539748164
voter,rho_1_over_pi,0.31830988618379069,32,3,950618,18,6000,0.01321808392567361,0.09375,4500,0.18049532774046498,0.09473306811368792,0.3003622584943371,0.09391487796630975
voter,rho_1_over_pi,0.31830988618379069,32,3,950619,19,6000,0.1665151006277154,0.09375,4500,0.188223244489868,0.10122358164640104,0.34633161225849435,0.08647501883440452
voter,rho_1_over_pi,0.31830988618379069,32,3.5,950700,0,6000,0.3260803100866946,0.125,4500,0.17979602922427626,0.09398146314253819,0.40248167888074615,0.03070576522578043
voter,rho_1_over_pi,0.31830988618379069,32,3.5,950701,1,6000,0.022014605851359222,0.125,4500,0.17193568246943675,0.0917312696885392,0.2361342438374417,0.06528248372616399
voter,rho_1_over_pi,0.31830988618379069,32,3.5,950702,2,6000,0.01975147858551695,0.125,4500,0.1703590959554331,0.08868689854048299,0.2920344770153231,0.061308367087695825
voter,rho_1_over_pi,0.31830988618379069,32,3.5,950703,3,6000,0.22542706886303185,0.0625,4500,0.17043029546504232,0.08927292021430497,0.25091605596269156,0.08279654091351102
voter,rho_1_over_pi,0.31830988618379069,32,3.5,950704,4,6000,0.13360616553400012,0.28125,4500,0.17690020482177352,0.0907484672982786,0.4358760826115923,0.09652290325966538
voter,rho_1_over_pi,0.31830988618379069,32,3.5,950705,5,6000,0.18696656274172535,0.15625,4500,0.17542965874258853,0.09101864905015855,0.1880413057961359,0.04367252492210305
voter,rho_1_over_pi,0.31830988618379069,32,3.5,950706,6,6000,0.07217898186326514,0.09375,4500,0.17281161074326168,0.08816331714456085,0.2838732511658894,0.03293688899372784
voter,rho_1_over_pi,0.31830988618379069,32,3.5,950707,7,6000,0.09123641333697184,0.1875,4500,0.1688636316803456,0.08798758635972241,0.22582861425716189,0.038741999440718856
voter,rho_1_over_pi,0.31830988618379069,32,3.5,950708,8,6000,0.21025425287753463,0.125,4500,0.17136499801398972,0.089728688888009,0.31356179213857427,0.08447124339213093
voter,rho_1_over_pi,0.31830988618379069,32,3.5,950709,9,6000,0.2779771039686119,0.15625,4500,0.17332477712911742,0.08927340123516032,0.29990423051299137,0.036637400031072125
voter,rho_1_over_pi,0.31830988618379069,32,3.5,950710,10,6000,0.15210746962905922,0.125,4500,0.1722501706741135,0.09059295930719592,0.29996668887408395,0.09551537885543461
voter,rho_1_over_pi,0.31830988618379069,32,3.5,950711,11,6000,0.03096630983585879,0.1875,4500,0.1765171431900001,0.09215275252847924,0.32730263157894735,0.07681894868771107
voter,rho_1_over_pi,0.31830988618379069,32,3.5,950712,12,6000,0.22322366933239263,0.1875,4500,0.16664877183592208,0.08810611007481749,0.18252415056628915,0.03477706373344413
voter,rho_1_over_pi,0.31830988618379069,32,3.5,950713,13,6000,0.18077936499880448,0.15625,4500,0.16751990658718954,0.08572584914907522,0.2557669886742172,0.0796206411482682
voter,rho_1_over_pi,0.31830988618379069,32,3.5,950714,14,6000,0.16375107582507428,0.09375,4500,0.18018067483207167,0.092262741516899,0.23813291139240506,0.040695838918100434
voter,rho_1_over_pi,0.31830988618379069,32,3.5,950715,15,6000,0.12221550445494307,0.15625,4500,0.1770095655243109,0.09092229559005163,0.4473892405063291,0.11852033532646983
voter,rho_1_over_pi,0.31830988618379069,32,3.5,950716,16,6000,0.29183232855240715,0.21875,4500,0.1664059021212641,0.08674976233085308,0.3190789473684211,0.10132250825641678
voter,rho_1_over_pi,0.31830988618379069,32,3.5,950717,17,6000,0.17811421627502647,0.28125,4500,0.17475799835020167,0.09164410458932339,0.18044220519653564,0.02104038341011169
voter,rho_1_over_pi,0.31830988618379069,32,3.5,950718,18,6000,0.23564133220658015,0.1875,4500,0.16973061390201857,0.08506441866412116,0.32467938041305794,0.08172203914343638
voter,rho_1_over_pi,0.31830988618379069,32,3.5,950719,19,6000,0.1673992366146885,0.1875,4500,0.17524062492474302,0.08985043386439624,0.19674383744170554,0.02811173670380199
voter,rho_1_over_pi,0.31830988618379069,32,4,950800,0,6000,0.19889236109354622,0.1875,4500,0.16690426046557488,0.0861790405444886,0.261325782811459,0.056547629233141786
voter,rho_1_over_pi,0.31830988618379069,32,4,950801,1,6000,0.16167844806009887,0.15625,4500,0.16879008123682812,0.08780545061608379,0.1775691205862758,0.04509345644639874
voter,rho_1_over_pi,0.31830988618379069,32,4,950802,2,6000,0.3050114075108036,0.15625,4500,0.16825140845148143,0.08521658399938385,0.20848600932711525,0.04717815915932715
voter,rho_1_over_pi,0.31830988618379069,32,4,950803,3,6000,0.11127130875598412,0.15625,4500,0.1648825787296548,0.08508168555056729,0.212212691538974,0.012710408628067788
voter,rho_1_over_pi,0.31830988618379069,32,4,950804,4,6000,0.21716727650878478,0.15625,4500,0.1638678194494668,0.08314739035086129,0.30537974683544306,0.03769585027714749
voter,rho_1_over_pi,0.31830988618379069,32,4,950805,5,6000,0.03705673122890656,0.1875,4500,0.16700492242165507,0.08761053519459988,0.3745003331112592,0.0733415072254511
voter,rho_1_over_pi,0.31830988618379069,32,4,950806,6,6000,0.06652833672539407,0.1875,4500,0.16357709182589647,0.08287489431467043,0.20122001998667555,0.034199119833722806
voter,rho_1_over_pi,0.31830988618379069,32,4,950807,7,6000,0.09274174977273066,0.09375,4500,0.16100422509661527,0.08424708371005493,0.26775899400399733,0.06774622721244053
voter,rho_1_over_pi,0.31830988618379069,32,4,950808,8,6000,0.15558158418407744,0.125,4500,0.16737338805865412,0.08884173442954228,0.26474017321785476,0.07864292279346974
voter,rho_1_over_pi,0.31830988618379069,32,4,950809,9,6000,0.23035663864040667,0.21875,4500,0.16574593679093957,0.08632484650411773,0.1574991672218521,0.04114149518295074
voter,rho_1_over_pi,0.31830988618379069,32,4,950810,10,6000,0.13573496510093253,0.09375,4500,0.1612394378101973,0.08335601083874628,0.2382161892071952,0.054196089222472224
voter,rho_1_over_pi,0.31830988618379069,32,4,950811,11,6000,0.04500604564862093,0.34375,4500,0.16858901433808957,0.08679717107047093,0.24754330446369088,0.0711491419943737
voter,rho_1_over_pi,0.31830988618379069,32,4,950812,12,6000,0.39163874047853703,0.1875,4500,0.16686323949430878,0.08629985688169546,0.20890239840106595,0.039646362735964946
voter,rho_1_over_pi,0.31830988618379069,32,4,950813,13,6000,0.2820317998406437,0.15625,4500,0.1675314028750637,0.08696861763767048,0.22984676882078614,0.05617183521278025
voter,rho_1_over_pi,0.31830988618379069,32,4,950814,14,6000,0.2760212993795546,0.15625,4500,0.15585690459990353,0.08188778920872256,0.21818787475016654,0.04588792736978618
voter,rho_1_over_pi,0.31830988618379069,32,4,950815,15,6000,0.08791014104506037,0.15625,4500,0.16752785791347388,0.08470039977220349,0.3010701199200533,0.06185228089422193
voter,rho_1_over_pi,0.31830988618379069,32,4,950816,16,6000,0.3036966801008698,0.09375,4500,0.1624293539584922,0.08449875391158188,0.2105887741505663,0.05535449161903085
voter,rho_1_over_pi,0.31830988618379069,32,4,950817,17,6000,0.22138181048387093,0.125,4500,0.16626590252839774,0.08437387055436507,0.2285143237841439,0.03471632511090841
voter,rho_1_over_pi,0.31830988618379069,32,4,950818,18,6000,0.08690947910737123,0.125,4500,0.16468811498293925,0.08729788461381448,0.1749458694203864,0.020449494412147762
voter,rho_1_over_pi,0.31830988618379069,32,4,950819,19,6000,0.1677240497721183,0.125,4500,0.16546442742434866,0.08511420869612231,0.24165139906728847,0.03254390292557967
voter,rho_1_over_pi,0.31830988618379069,32,5,950900,0,6000,0.1657280852878018,0.125,4500,0.15545581585683657,0.08103105238368753,0.1409477015323118,0.0243467110336233
voter,rho_1_over_pi,0.31830988618379069,32,5,950901,1,6000,0.13885400502205086,0.125,4500,0.1547941315071999,0.08035557425102964,0.15314790139906728,0.031074720729461037
voter,rho_1_over_pi,0.31830988618379069,32,5,950902,2,6000,0.2607892175328204,0.15625,4500,0.15563838341777686,0.08091153305982346,0.20319786808794138,0.028894416656325056
voter,rho_1_over_pi,0.31830988618379069,32,5,950903,3,6000,0.008097766406068827,0.21875,4500,0.15732902591666395,0.08140485472237079,0.29328364423717523,0.07668847394461165
voter,rho_1_over_pi,0.31830988618379069,32,5,950904,4,6000,0.027726746624528342,0.15625,4500,0.16368782254476993,0.08305487590014694,0.2221435709526982,0.0619526495514827
voter,rho_1_over_pi,0.31830988618379069,32,5,950905,5,6000,0.2051962311013068,0.125,4500,0.16015124320831456,0.0825366095243084,0.17929713524317123,0.03434061443715128
voter,rho_1_over_pi,0.31830988618379069,32,5,950906,6,6000,0.16523195514425087,0.15625,4500,0.159781862543814,0.08168269478575697,0.15806129247168554,0.04686602846745386
voter,rho_1_over_pi,0.31830988618379069,32,5,950907,7,6000,0.21634767706185856,0.125,4500,0.16369557154148315,0.0829845218701927,0.18974850099933377,0.04488241584314383
voter,rho_1_over_pi,0.31830988618379069,32,5,950908,8,6000,0.23294555766405828,0.09375,4500,0.15616532853493764,0.08241122168856872,0.16665972684876748,0.03394872238378068
voter,rho_1_over_pi,0.31830988618379069,32,5,950909,9,6000,0.2376099305481935,0.125,4500,0.16004240686293936,0.08166464764718726,0.1870211525649567,0.06185463547693133
voter,rho_1_over_pi,0.31830988618379069,32,5,950910,10,6000,0.06640921175717335,0.125,4500,0.15830390386689563,0.08157857165483205,0.14871335776149233,0.028933273525590743
voter,rho_1_over_pi,0.31830988618379069,32,5,950911,11,6000,0.25257351262110356,0.125,4500,0.15548789457549111,0.0825590606612503,0.21941622251832113,0.03539247119058612
voter,rho_1_over_pi,0.31830988618379069,32,5,950912,12,6000,0.22794005800168088,0.125,4500,0.15580706232596273,0.08124269437216007,0.15616672218520986,0.028173298298638814
voter,rho_1_over_pi,0.31830988618379069,32,5,950913,13,6000,0.252878353116645,0.15625,4500,0.1582294404473066,0.08458331753302815,0.1578530979347102,0.0470260444451685
voter,rho_1_over_pi,0.31830988618379069,32,5,950914,14,6000,0.11689572154311464,0.125,4500,0.16526466497561454,0.08397957135284827,0.22341355762824783,0.06315535209889726
voter,rho_1_over_pi,0.31830988618379069,32,5,950915,15,6000,0.25254581298255535,0.21875,4500,0.15760704169762943,0.07941930797259801,0.15658311125916055,0.028263679387721712
voter,rho_1_over_pi,0.31830988618379069,32,5,950916,16,6000,0.41168468452400186,0.09375,4500,0.1562503859341839,0.08139678740467396,0.17432128580946035,0.037418472312911226
voter,rho_1_over_pi,0.31830988618379069,32,5,950917,17,6000,0.2455400835307158,0.1875,4500,0.15843379365391527,0.08330861618834336,0.2407145236508994,0.06141567342539479
voter,rho_1_over_pi,0.31830988618379069,32,5,950918,18,6000,0.3347332545771747,0.1875,4500,0.15781350201519379,0.08029136993558512,0.1685751165889407,0.032789297848040085
voter,rho_1_over_pi,0.31830988618379069,32,5,950919,19,6000,0.3415488351669964,0.25,4500,0.15924163422720777,0.08325643433619512,0.23363590939373752,0.03829800614661179
voter,rho_1_over_pi,0.31830988618379069,32,6,951000,0,6000,0.5087162661530792,0.15625,4500,0.15893861415427613,0.08170041408782848,0.13068371085942704,0.02821204216768957
voter,rho_1_over_pi,0.31830988618379069,32,6,951001,1,6000,0.17917053378850353,0.125,4500,0.15396528383446495,0.08027931004390755,0.15662475016655564,0.024832154117235584
voter,rho_1_over_pi,0.31830988618379069,32,6,951002,2,6000,0.3316554320617566,0.09375,4500,0.15849022007042743,0.08135743383134363,0.17742338441039307,0.05897547488896728
voter,rho_1_over_pi,0.31830988618379069,32,6,951003,3,6000,0.119372427441254,0.25,4500,0.16028852613296374,0.08340493221609442,0.20109510326449034,0.045363186563657426
voter,rho_1_over_pi,0.31830988618379069,32,6,951004,4,6000,0.04946848945715439,0.1875,4500,0.15758888406157331,0.08119595394820328,0.17228097934710193,0.038319967723838215
voter,rho_1_over_pi,0.31830988618379069,32,6,951005,5,6000,0.06732921625726343,0.125,4500,0.1566487815790986,0.0802018966892937,0.17817288474350432,0.041225893458016964
voter,rho_1_over_pi,0.31830988618379069,32,6,951006,6,6000,0.3612125426408503,0.28125,4500,0.15500827975157974,0.08077500827775193,0.15831112591605595,0.03743949108187532
voter,rho_1_over_pi,0.31830988618379069,32,6,951007,7,6000,0.204491250712526,0.1875,4500,0.15481026562833727,0.08073922826430581,0.1643487674883411,0.038986426943523396
voter,rho_1_over_pi,0.31830988618379069,32,6,951008,8,6000,0.18847345060179088,0.09375,4500,0.15973212491176417,0.0827487678091787,0.13039223850766155,0.04416699773503355
voter,rho_1_over_pi,0.31830988618379069,32,6,951009,9,6000,0.2169700022653329,0.15625,4500,0.15844380182924217,0.08241634004591081,0.15878997335109926,0.053272942445498746
voter,rho_1_over_pi,0.31830988618379069,32,6,951010,10,6000,0.1615117635461798,0.15625,4500,0.1544952697513669,0.08152724453478183,0.18739590273151233,0.0294932528480469
voter,rho_1_over_pi,0.31830988618379069,32,6,951011,11,6000,0.10913754410010627,0.09375,4500,0.15905815314186672,0.08430829097997505,0.16407811459027316,0.029765848974947683
voter,rho_1_over_pi,0.31830988618379069,32,6,951012,12,6000,0.07240414905911513,0.125,4500,0.15820818661003522,0.07881771551506536,0.1177964690206529,0.02315726038168051
voter,rho_1_over_pi,0.31830988618379069,32,6,951013,13,6000,0.08934621502877474,0.15625,4500,0.15690424245626877,0.08348745138478636,0.17074033977348435,0.03955867137510857
voter,rho_1_over_pi,0.31830988618379069,32,6,951014,14,6000,0.06641597042831482,0.09375,4500,0.15733222522511905,0.08156459847576153,0.16747168554297134,0.03701109833761957
voter,rho_1_over_pi,0.31830988618379069,32,6,951015,15,6000,0.08218594040405745,0.125,4500,0.1564180421576027,0.0815727836392021,0.22780646235842772,0.06649916672730918
voter,rho_1_over_pi,0.31830988618379069,32,6,951016,16,6000,0.27368306463316244,0.125,4500,0.15776132010289895,0.08061991917757151,0.19815956029313792,0.027178487082613625
voter,rho_1_over_pi,0.31830988618379069,32,6,951017,17,6000,0.19630494422159986,0.1875,4500,0.15646980680542583,0.08256623773411181,0.20588357761492337,0.06749271294684231
voter,rho_1_over_pi,0.31830988618379069,32,6,951018,18,6000,0.26842822975181413,0.1875,4500,0.1539713711619751,0.08066702321078988,0.19672301798800798,0.056899829768935636
voter,rho_1_over_pi,0.31830988618379069,32,6,951019,19,6000,0.05796756200072039,0.15625,4500,0.15475758735075248,0.08045270406510927,0.12895569620253164,0.0355998778321481
