model,rho_label,rho_nominal,N,eta,base_seed,realization,steps,va_t0,S_t0,t_window_start,va_window_mean,va_window_stdev,S_window_mean,S_window_stdev
voter,rho_1_over_2pi,0.15915494309189535,16,0,970000,0,3000,0.20862053633350924,0.125,2250,0.5068827293438584,5.5511102019309764e-17,1.0,0.0
voter,rho_1_over_2pi,0.15915494309189535,16,0,970001,1,3000,0.1834655239200901,0.125,2250,1.0000000000000002,0.0,1.0,0.0
voter,rho_1_over_2pi,0.15915494309189535,16,0,970002,2,3000,0.05154787614743742,0.125,2250,0.9999999999999996,0.0,1.0,0.0
voter,rho_1_over_2pi,0.15915494309189535,16,0,970003,3,3000,0.6169309000874951,0.125,2250,0.9075842065472908,0.0,1.0,0.0
voter,rho_1_over_2pi,0.15915494309189535,16,0,970004,4,3000,0.0945589427048949,0.1875,2250,1.0000000000000002,0.0,0.625,0.0
voter,rho_1_over_2pi,0.15915494309189535,16,0,970005,5,3000,0.1774230909939967,0.125,2250,0.9999999999999999,0.0,1.0,0.0
voter,rho_1_over_2pi,0.15915494309189535,16,0,970006,6,3000,0.29855709752912046,0.25,2250,0.9999999999999997,0.0,1.0,0.0
voter,rho_1_over_2pi,0.15915494309189535,16,0,970007,7,3000,0.04834053887461272,0.25,2250,0.9999999999999999,0.0,1.0,0.0
voter,rho_1_over_2pi,0.15915494309189535,16,0,970008,8,3000,0.22235809770243353,0.125,2250,0.1487311987211633,4.1633326514482323e-17,1.0,0.0
voter,rho_1_over_2pi,0.15915494309189535,16,0,970009,9,3000,0.02774573958956565,0.125,2250,0.5922562313341002,0.0,0.75,0.0
voter,rho_1_over_2pi,0.15915494309189535,16,0,970010,10,3000,0.09335974000860847,0.125,2250,1.0000000000000002,0.0,1.0,0.0
voter,rho_1_over_2pi,0.15915494309189535,16,0,970011,11,3000,0.05298867509902591,0.1875,2250,0.9999999999999999,0.0,1.0,0.0
voter,rho_1_over_2pi,0.15915494309189535,16,0,970012,12,3000,0.045677125959971206,0.125,2250,0.9999999999999997,0.0,1.0,0.0
voter,rho_1_over_2pi,0.15915494309189535,16,0,970013,13,3000,0.31755795391122266,0.125,2250,0.9999999999999999,0.0,1.0,0.0
voter,rho_1_over_2pi,0.15915494309189535,16,0,970014,14,3000,0.3815138012079983,0.125,2250,1.0,0.0,1.0,0.0
voter,rho_1_over_2pi,0.15915494309189535,16,0,970015,15,3000,0.07393937711278903,0.125,2250,0.9999999999999999,0.0,1.0,0.0
voter,rho_1_over_2pi,0.15915494309189535,16,0,970016,16,3000,0.10524409094251609,0.0625,2250,0.9999999999999997,0.0,1.0,0.0
voter,rho_1_over_2pi,0.15915494309189535,16,0,970017,17,3000,0.2435621322287863,0.1875,2250,0.9434622490119838,0.0,0.5625,0.0
voter,rho_1_over_2pi,0.15915494309189535,16,0,970018,18,3000,0.09143035417942588,0.1875,2250,1.0000000000000002,0.0,0.75,0.0
voter,rho_1_over_2pi,0.15915494309189535,16,0,970019,19,3000,0.3245121434376922,0.25,2250,0.9999999999999999,0.0,1.0,0.0
voter,rho_1_over_2pi,0.15915494309189535,16,0.20000000000000001,971100,0,3000,0.2860482266478053,0.25,2250,0.9082164100958429,0.07135104324746509,0.8390479360852197,0.13092442130332202
voter,rho_1_over_2pi,0.15915494309189535,16,0.20000000000000001,971101,1,3000,0.3949206501479931,0.25,2250,0.8385056133151058,0.19083573299826373,0.7787117177097204,0.28157125200542815
voter,rho_1_over_2pi,0.15915494309189535,16,0.20000000000000001,971102,2,3000,0.35620690922538734,0.25,2250,0.9106256339146324,0.0725619876623267,0.9362516644474035,0.08000851681878124
voter,rho_1_over_2pi,0.15915494309189535,16,0.20000000000000001,971103,3,3000,0.28049984754006674,0.1875,2250,0.6329517852140552,0.11957749371499943,0.6226697736351531,0.024023460123393764
voter,rho_1_over_2pi,0.15915494309189535,16,0.20000000000000001,971104,4,3000,0.087643750269212,0.125,2250,0.894704305665559,0.08084567820607362,0.7637316910785619,0.21904700133976235
voter,rho_1_over_2pi,0.15915494309189535,16,0.20000000000000001,971105,5,3000,0.32438558768568393,0.1875,2250,0.8977288093246404,0.10921950494918231,0.7246171770972037,0.23519684276103903
voter,rho_1_over_2pi,0.15915494309189535,16,0.20000000000000001,971106,6,3000,0.26224378532119474,0.125,2250,0.6775959906496414,0.1908373632956308,0.6501331557922769,0.16738466301310786
voter,rho_1_over_2pi,0.15915494309189535,16,0.20000000000000001,971107,7,3000,0.41493938440928685,0.1875,2250,0.8785025426384137,0.12313554532698973,0.7628162450066578,0.13365548923511392
voter,rho_1_over_2pi,0.15915494309189535,16,0.20000000000000001,971108,8,3000,0.13773115220866364,0.1875,2250,0.8929663865946814,0.09436342677914183,0.752496671105193,0.16053627563423478
voter,rho_1_over_2pi,0.15915494309189535,16,0.20000000000000001,971109,9,3000,0.06543557605630301,0.1875,2250,0.970479460603913,0.0257473974230981,1.0,0.0
voter,rho_1_over_2pi,0.15915494309189535,16,0.20000000000000001,971110,10,3000,0.277052784458808,0.1875,2250,0.901181935534216,0.12057312121719901,0.7949400798934754,0.18600600015949262
voter,rho_1_over_2pi,0.15915494309189535,16,0.20000000000000001,971111,11,3000,0.3853883522996148,0.125,2250,0.8556708835366068,0.16126790121918477,0.829560585885486,0.23700234845578683
voter,rho_1_over_2pi,0.15915494309189535,16,0.20000000000000001,971112,12,3000,0.33191748520240666,0.1875,2250,0.9752314854942546,0.030567157542828082,1.0,0.0
voter,rho_1_over_2pi,0.15915494309189535,16,0.20000000000000001,971113,13,3000,0.23641110694636233,0.1875,2250,0.9140464789172679,0.11266135316885914,0.8399633821571239,0.21695026411878557
voter,rho_1_over_2pi,0.15915494309189535,16,0.20000000000000001,971114,14,3000,0.47910851949313604,0.1875,2250,0.9770207769717514,0.019538151983500788,1.0,0.0
voter,rho_1_over_2pi,0.15915494309189535,16,0.20000000000000001,971115,15,3000,0.31171567531593347,0.1875,2250,0.7743757114376763,0.26954592063772836,0.7685585885486018,0.24061511531457871
voter,rho_1_over_2pi,0.15915494309189535,16,0.20000000000000001,971116,16,3000,0.08330977816256128,0.3125,2250,0.6002781735930254,0.20434735378117133,0.487849533954727,0.16167941227414032
voter,rho_1_over_2pi,0.15915494309189535,16,0.20000000000000001,971117,17,3000,0.1965723749901644,0.1875,2250,0.7371946284650028,0.19920280241830435,0.701314913448735,0.039191993410591375
voter,rho_1_over_2pi,0.15915494309189535,16,0.20000000000000001,971118,18,3000,0.16656763530209306,0.1875,2250,0.9102162719926777,0.06827619297981304,0.7307756324900133,0.22988242216708135
voter,rho_1_over_2pi,0.15915494309189535,16,0.20000000000000001,971119,19,3000,0.13093482739403725,0.125,2250,0.7864386456002114,0.09643167657885328,0.4573901464713715,0.11378035107927417
voter,rho_1_over_2pi,0.15915494309189535,16,0.40000000000000002,971200,0,3000,0.19477413121829584,0.3125,2250,0.8438742721128698,0.10331371127654554,0.7913615179760319,0.21253100063015326
voter,rho_1_over_2pi,0.15915494309189535,16,0.40000000000000002,971201,1,3000,0.11394220616624705,0.1875,2250,0.5865233411624817,0.22846382184320602,0.4580559254327563,0.11466429987556935
voter,rho_1_over_2pi,0.15915494309189535,16,0.40000000000000002,971202,2,3000,0.2418703775356317,0.125,2250,0.7804669391418533,0.17315473407028464,0.8480359520639148,0.1346209751974343
voter,rho_1_over_2pi,0.15915494309189535,16,0.40000000000000002,971203,3,3000,0.08689424296309566,0.125,2250,0.5111386996730649,0.17293110329405226,0.5647470039946738,0.18073442578581006
voter,rho_1_over_2pi,0.15915494309189535,16,0.40000000000000002,971204,4,3000,0.1699654989161149,0.25,2250,0.7181272249068251,0.20062646079178945,0.6998169107856191,0.10323177337879452
voter,rho_1_over_2pi,0.15915494309189535,16,0.40000000000000002,971205,5,3000,0.09641579398057237,0.25,2250,0.8600228334402589,0.09646735659724025,0.7714713715046605,0.18622466542137053
voter,rho_1_over_2pi,0.15915494309189535,16,0.40000000000000002,971206,6,3000,0.06728102619213806,0.125,2250,0.8010657127679333,0.1746354616000104,0.8422103861517976,0.15617581918035567
voter,rho_1_over_2pi,0.15915494309189535,16,0.40000000000000002,971207,7,3000,0.11797261047894045,0.125,2250,0.7621423712619182,0.17246876466158484,0.6533788282290279,0.11060988759982232
voter,rho_1_over_2pi,0.15915494309189535,16,0.40000000000000002,971208,8,3000,0.33844411094948157,0.1875,2250,0.8182659931978961,0.1144932174725412,0.7803761651131824,0.20426343752271453
voter,rho_1_over_2pi,0.15915494309189535,16,0.40000000000000002,971209,9,3000,0.2390109530748138,0.1875,2250,0.582668203148534,0.17918699376597716,0.5345372836218375,0.11488883619323363
voter,rho_1_over_2pi,0.15915494309189535,16,0.40000000000000002,971210,10,3000,0.06435953125568707,0.125,2250,0.9300843512529099,0.06645005467651781,0.9776964047936085,0.08006251535666951
voter,rho_1_over_2pi,0.15915494309189535,16,0.40000000000000002,971211,11,3000,0.15591207424354514,0.25,2250,0.8688174972669146,0.14038891352782543,0.7791278295605859,0.24741594957011295
voter,rho_1_over_2pi,0.15915494309189535,16,0.40000000000000002,971212,12,3000,0.29443328522224915,0.25,2250,0.5806158267501705,0.2145967038243888,0.5447736351531292,0.1557638667376358
voter,rho_1_over_2pi,0.15915494309189535,16,0.40000000000000002,971213,13,3000,0.3731413665006078,0.125,2250,0.5952787238308226,0.26600972382634885,0.741927430093209,0.24149643411377159
voter,rho_1_over_2pi,0.15915494309189535,16,0.40000000000000002,971214,14,3000,0.046442703897288516,0.125,2250,0.8709519721281018,0.10518667140767393,0.949733688415446,0.1001991807143303
voter,rho_1_over_2pi,0.15915494309189535,16,0.40000000000000002,971215,15,3000,0.3006756066426381,0.125,2250,0.8682642406007605,0.10572294422864102,0.8943075898801598,0.08448689768918051
voter,rho_1_over_2pi,0.15915494309189535,16,0.40000000000000002,971216,16,3000,0.18130611074874506,0.1875,2250,0.7886528432730949,0.1509066809671249,0.8125,0.10932892076715955
voter,rho_1_over_2pi,0.15915494309189535,16,0.40000000000000002,971217,17,3000,0.03972642591380284,0.125,2250,0.5491981136390015,0.21231237411897158,0.5709886817576565,0.17952332635469032
voter,rho_1_over_2pi,0.15915494309189535,16,0.40000000000000002,971218,18,3000,0.11190924203779808,0.125,2250,0.687213219722323,0.20705654369934515,0.8145805592543276,0.173092246890616
voter,rho_1_over_2pi,0.15915494309189535,16,0.40000000000000002,971219,19,3000,0.11112915333363786,0.25,2250,0.8475895470950219,0.08335765723802203,0.8720039946737683,0.069859417402058
voter,rho_1_over_2pi,0.15915494309189535,16,0.5,970100,0,3000,0.4819303490472858,0.125,2250,0.6947220811736831,0.14683678304429,0.7063914780292943,0.11952007283380862
voter,rho_1_over_2pi,0.15915494309189535,16,0.5,970101,1,3000,0.3158589521835521,0.3125,2250,0.725354920135409,0.16817701855793704,0.7145472703062583,0.07510098458314883
voter,rho_1_over_2pi,0.15915494309189535,16,0.5,970102,2,3000,0.5488649189152379,0.1875,2250,0.5698696938959392,0.21319956272874785,0.6811750998668442,0.151938842137738
voter,rho_1_over_2pi,0.15915494309189535,16,0.5,970103,3,3000,0.3190703618980656,0.1875,2250,0.6821685588534944,0.1857269933521627,0.6402296937416777,0.10516792182694089
voter,rho_1_over_2pi,0.15915494309189535,16,0.5,970104,4,3000,0.4300938919288311,0.1875,2250,0.5982146499873306,0.21869139906892895,0.572237017310253,0.061736864950366836
voter,rho_1_over_2pi,0.15915494309189535,16,0.5,970105,5,3000,0.18289041927654842,0.125,2250,0.5803620484713587,0.19172131053909033,0.5109021304926764,0.10540854863792441
voter,rho_1_over_2pi,0.15915494309189535,16,0.5,970106,6,3000,0.4165160641662504,0.3125,2250,0.7036840220226537,0.19290704834831418,0.7490013315579228,0.1570147439736932
voter,rho_1_over_2pi,0.15915494309189535,16,0.5,970107,7,3000,0.21357597556639796,0.1875,2250,0.6391232088078513,0.19794680059978637,0.7984354194407457,0.10388812172080886
voter,rho_1_over_2pi,0.15915494309189535,16,0.5,970108,8,3000,0.3078024226804519,0.125,2250,0.6099148061053977,0.28848524520209146,0.6686917443408789,0.20852729559398908
voter,rho_1_over_2pi,0.15915494309189535,16,0.5,970109,9,3000,0.17993837559667045,0.0625,2250,0.6379979698890519,0.2358817812746984,0.7169607190412783,0.20921392122697938
voter,rho_1_over_2pi,0.15915494309189535,16,0.5,970110,10,3000,0.2524494286224432,0.125,2250,0.5508471184192089,0.29782556700404894,0.6017809587217043,0.20123296453511827
voter,rho_1_over_2pi,0.15915494309189535,16,0.5,970111,11,3000,0.18530454697400361,0.25,2250,0.5920023147120039,0.19602682285072406,0.5532623169107856,0.0963990977656157
voter,rho_1_over_2pi,0.15915494309189535,16,0.5,970112,12,3000,0.21201165171146,0.1875,2250,0.6509163409450659,0.23591102023031318,0.7896970705725699,0.17853384552909793
voter,rho_1_over_2pi,0.15915494309189535,16,0.5,970113,13,3000,0.40101135668555454,0.125,2250,0.8910973327519673,0.08401453207086448,0.9963382157123835,0.014678312362359537
voter,rho_1_over_2pi,0.15915494309189535,16,0.5,970114,14,3000,0.37436853353590416,0.125,2250,0.5484793477599296,0.25898066336596054,0.5327063914780293,0.10344590827018767
voter,rho_1_over_2pi,0.15915494309189535,16,0.5,970115,15,3000,0.33887761145918494,0.125,2250,0.5590961075141718,0.2180698060346736,0.5645805592543276,0.12429410740138572
voter,rho_1_over_2pi,0.15915494309189535,16,0.5,970116,16,3000,0.24305384714112088,0.1875,2250,0.5873817079409053,0.22799422211478765,0.6321571238348869,0.21029283513829625
voter,rho_1_over_2pi,0.15915494309189535,16,0.5,970117,17,3000,0.15058775990765483,0.125,2250,0.6458187695627323,0.18744241542184178,0.5718209054593875,0.09233978576070703
voter,rho_1_over_2pi,0.15915494309189535,16,0.5,970118,18,3000,0.08751582582643566,0.125,2250,0.7113928601803665,0.14192160974432513,0.8000998668442078,0.09511839990234418
voter,rho_1_over_2pi,0.15915494309189535,16,0.5,970119,19,3000,0.37831588013695966,0.1875,2250,0.8212548770357804,0.10085672689558968,0.9202729693741678,0.06007894319823409
voter,rho_1_over_2pi,0.15915494309189535,16,0.59999999999999998,971300,0,3000,0.2762818088355181,0.1875,2250,0.6214829191817343,0.20190955611563272,0.6626165113182424,0.1896645667395754
voter,rho_1_over_2pi,0.15915494309189535,16,0.59999999999999998,971301,1,3000,0.44617759631114806,0.1875,2250,0.66674260308595,0.23204914480221334,0.6938249001331558,0.11999615353559837
voter,rho_1_over_2pi,0.15915494309189535,16,0.59999999999999998,971302,2,3000,0.38507517514263084,0.25,2250,0.5264468190978924,0.16160286579351427,0.5823901464713716,0.10353632159581677
voter,rho_1_over_2pi,0.15915494309189535,16,0.59999999999999998,971303,3,3000,0.04501860671897936,0.3125,2250,0.48662275066329824,0.2351348243836256,0.5424434087882823,0.18448899752078182
voter,rho_1_over_2pi,0.15915494309189535,16,0.59999999999999998,971304,4,3000,0.3409825939352284,0.1875,2250,0.6887842972895591,0.14403584062801933,0.7690579227696405,0.10459174790030476
voter,rho_1_over_2pi,0.15915494309189535,16,0.59999999999999998,971305,5,3000,0.30115198789408865,0.125,2250,0.5916202394835592,0.22271232072617989,0.5817243675099867,0.13200154058372748
voter,rho_1_over_2pi,0.15915494309189535,16,0.59999999999999998,971306,6,3000,0.07356628859492495,0.3125,2250,0.5672452676591706,0.2440961797806814,0.7160452729693741,0.20798224394379805
voter,rho_1_over_2pi,0.15915494309189535,16,0.59999999999999998,971307,7,3000,0.21743217317040167,0.25,2250,0.6087278965909423,0.24408993690194297,0.5298768308921438,0.11369911970949063
voter,rho_1_over_2pi,0.15915494309189535,16,0.59999999999999998,971308,8,3000,0.4425390579479779,0.1875,2250,0.5725835114720558,0.2408405257034537,0.7341877496671105,0.18159433920423076
voter,rho_1_over_2pi,0.15915494309189535,16,0.59999999999999998,971309,9,3000,0.31102107546956176,0.1875,2250,0.6700739228802418,0.1434129707056699,0.7015645805592543,0.14943039483292525
voter,rho_1_over_2pi,0.15915494309189535,16,0.59999999999999998,971310,10,3000,0.21492016062515143,0.1875,2250,0.7672858079019413,0.17725782589917294,0.8151631158455392,0.1070849760779249
voter,rho_1_over_2pi,0.15915494309189535,16,0.59999999999999998,971311,11,3000,0.09737108230128136,0.1875,2250,0.36448277981739075,0.16154019379641812,0.4259320905459387,0.12203697261585714
voter,rho_1_over_2pi,0.15915494309189535,16,0.59999999999999998,971312,12,3000,0.28948298481991686,0.1875,2250,0.5769412389941433,0.16423893832162803,0.6358189081225033,0.13694387048637055
voter,rho_1_over_2pi,0.15915494309189535,16,0.59999999999999998,971313,13,3000,0.23090665211894426,0.125,2250,0.611988003067992,0.19883953383280167,0.7086384820239681,0.19971180666866492
voter,rho_1_over_2pi,0.15915494309189535,16,0.59999999999999998,971314,14,3000,0.42995515786204663,0.125,2250,0.6160113541590895,0.1924103975975734,0.4343375499334221,0.10035092673609669
voter,rho_1_over_2pi,0.15915494309189535,16,0.59999999999999998,971315,15,3000,0.0779774340204824,0.125,2250,0.6935416278586567,0.14169535868474745,0.6433921438082557,0.09702757623890693
voter,rho_1_over_2pi,0.15915494309189535,16,0.59999999999999998,971316,16,3000,0.040970392845757375,0.1875,2250,0.6631656757796428,0.1956708000684747,0.6937416777629827,0.18207460823344793
voter,rho_1_over_2pi,0.15915494309189535,16,0.59999999999999998,971317,17,3000,0.2836339320969538,0.25,2250,0.5724566719511788,0.15705050878458185,0.6071071904127829,0.08377959259101272
voter,rho_1_over_2pi,0.15915494309189535,16,0.59999999999999998,971318,18,3000,0.17819057704513358,0.1875,2250,0.6119304147304185,0.22620152790735903,0.5455226364846871,0.1598183727565314
voter,rho_1_over_2pi,0.15915494309189535,16,0.59999999999999998,971319,19,3000,0.04945247690025325,0.125,2250,0.5945204326741104,0.19695671676636414,0.5940412782956058,0.09263326471371801
voter,rho_1_over_2pi,0.15915494309189535,16,0.80000000000000004,971400,0,3000,0.37872315949027435,0.25,2250,0.5661626399300709,0.20763207200801367,0.6798435419440746,0.14280502834311473
voter,rho_1_over_2pi,0.15915494309189535,16,0.80000000000000004,971401,1,3000,0.302233677727376,0.125,2250,0.5428438463929364,0.15355622232495872,0.6376498002663116,0.07330941392299997
voter,rho_1_over_2pi,0.15915494309189535,16,0.80000000000000004,971402,2,3000,0.26759918698732743,0.125,2250,0.4723085817572394,0.2255939410586665,0.4737849533954727,0.09361469833474559
voter,rho_1_over_2pi,0.15915494309189535,16,0.80000000000000004,971403,3,3000,0.27570829745792025,0.25,2250,0.6515055906916349,0.22234231297632445,0.8588548601864181,0.22505692482968695
voter,rho_1_over_2pi,0.15915494309189535,16,0.80000000000000004,971404,4,3000,0.17137703340210128,0.125,2250,0.4958025941749855,0.23752418853512494,0.4954227696404794,0.09477694411268181
voter,rho_1_over_2pi,0.15915494309189535,16,0.80000000000000004,971405,5,3000,0.47093276803144674,0.125,2250,0.562548163298926,0.18137789013949715,0.6841711051930759,0.08984370407784296
voter,rho_1_over_2pi,0.15915494309189535,16,0.80000000000000004,971406,6,3000,0.1566027443450081,0.1875,2250,0.48967055259968434,0.1759625248287661,0.46038615179760317,0.1265775316789556
voter,rho_1_over_2pi,0.15915494309189535,16,0.80000000000000004,971407,7,3000,0.05974300372462497,0.125,2250,0.6125860738371971,0.1799272572435671,0.8343874833555259,0.10743076451482168
voter,rho_1_over_2pi,0.15915494309189535,16,0.80000000000000004,971408,8,3000,0.12529526177725153,0.1875,2250,0.6383002148898713,0.1800676871474019,0.8280625832223701,0.04208024574558376
voter,rho_1_over_2pi,0.15915494309189535,16,0.80000000000000004,971409,9,3000,0.41808558862885636,0.125,2250,0.6720553432502547,0.1811635602593149,0.8565246338215713,0.12362710400463553
voter,rho_1_over_2pi,0.15915494309189535,16,0.80000000000000004,971410,10,3000,0.5018967309537293,0.125,2250,0.4903787818882965,0.1898145469105651,0.5915446071904128,0.17037617288565501
voter,rho_1_over_2pi,0.15915494309189535,16,0.80000000000000004,971411,11,3000,0.32973476399761203,0.1875,2250,0.6034351702262554,0.17873809620839845,0.8154127829560586,0.10898032132360916
voter,rho_1_over_2pi,0.15915494309189535,16,0.80000000000000004,971412,12,3000,0.07486925918766184,0.125,2250,0.505774449555035,0.19107073028971835,0.6066910785619174,0.07637827953584282
voter,rho_1_over_2pi,0.15915494309189535,16,0.80000000000000004,971413,13,3000,0.3589431444875268,0.125,2250,0.4495702749183258,0.1962384455690054,0.4466544607190413,0.18199428987748884
voter,rho_1_over_2pi,0.15915494309189535,16,0.80000000000000004,971414,14,3000,0.04539762248429305,0.1875,2250,0.48604784204615403,0.21115639415181664,0.6500499334221038,0.10108123440446594
voter,rho_1_over_2pi,0.15915494309189535,16,0.80000000000000004,971415,15,3000,0.19762087087092586,0.1875,2250,0.5795320287972223,0.1916623903845103,0.49459054593874835,0.10907586228030455
voter,rho_1_over_2pi,0.15915494309189535,16,0.80000000000000004,971416,16,3000,0.38382016914411377,0.1875,2250,0.48648810368367046,0.19838761982628825,0.7206225033288948,0.15617218266624822
voter,rho_1_over_2pi,0.15915494309189535,16,0.80000000000000004,971417,17,3000,0.13244659854447943,0.125,2250,0.4972519609740667,0.14896591078044563,0.5901298268974701,0.06606944246422308
voter,rho_1_over_2pi,0.15915494309189535,16,0.80000000000000004,971418,18,3000,0.09599830386293648,0.1875,2250,0.5064711905525882,0.21755185513153016,0.558422103861518,0.18344487154521258
voter,rho_1_over_2pi,0.15915494309189535,16,0.80000000000000004,971419,19,3000,0.062427349627314756,0.125,2250,0.5197209001225982,0.21098109343016122,0.672936085219707,0.1872671245614991
voter,rho_1_over_2pi,0.15915494309189535,16,1,970200,0,3000,0.11006553668642625,0.125,2250,0.4040987359662505,0.1739246325732593,0.4405792276964048,0.08370904635708976
voter,rho_1_over_2pi,0.15915494309189535,16,1,970201,1,3000,0.40119476014968614,0.125,2250,0.4409341456775707,0.20291283348022315,0.39988348868175766,0.08996195789622138
voter,rho_1_over_2pi,0.15915494309189535,16,1,970202,2,3000,0.2632110130848277,0.1875,2250,0.5877502632115962,0.16274984820530713,0.8567743009320905,0.05115678485299213
voter,rho_1_over_2pi,0.15915494309189535,16,1,970203,3,3000,0.13921118540283223,0.1875,2250,0.43478873832051035,0.18924194318473092,0.468375499334221,0.09296925890555653
voter,rho_1_over_2pi,0.15915494309189535,16,1,970204,4,3000,0.5214580184616097,0.125,2250,0.3386191154168324,0.16837994376333124,0.32040612516644473,0.06494800882730332
voter,rho_1_over_2pi,0.15915494309189535,16,1,970205,5,3000,0.2956748859678321,0.1875,2250,0.4076967434858074,0.17952570976307475,0.41935752330226367,0.0961323208352887
voter,rho_1_over_2pi,0.15915494309189535,16,1,970206,6,3000,0.2147762797209756,0.1875,2250,0.471440774388,0.1844783505622205,0.4942576564580559,0.10679372636682397
voter,rho_1_over_2pi,0.15915494309189535,16,1,970207,7,3000,0.11430161381262935,0.125,2250,0.4881218199589,0.1887813521613973,0.5929593874833555,0.16378915155427265
voter,rho_1_over_2pi,0.15915494309189535,16,1,970208,8,3000,0.13593416456882051,0.125,2250,0.411171817518558,0.18666851762996842,0.4604693741677763,0.14471965780432575
voter,rho_1_over_2pi,0.15915494309189535,16,1,970209,9,3000,0.4315723097765622,0.1875,2250,0.4887444413627897,0.1496371022679838,0.625,0.0
voter,rho_1_over_2pi,0.15915494309189535,16,1,970210,10,3000,0.09434050025183792,0.125,2250,0.4333313581398522,0.19679609725628056,0.5263814913448736,0.17062599342069346
voter,rho_1_over_2pi,0.15915494309189535,16,1,970211,11,3000,0.030135845847666702,0.1875,2250,0.5174454177974842,0.2197900948238336,0.6498834886817576,0.11343737196005234
voter,rho_1_over_2pi,0.15915494309189535,16,1,970212,12,3000,0.19852638153347918,0.25,2250,0.38378619875856984,0.17265239259824758,0.3591045272969374,0.10020429560818145
voter,rho_1_over_2pi,0.15915494309189535,16,1,970213,13,3000,0.4056620555307893,0.125,2250,0.4543382903189767,0.18255331412410813,0.5744007989347537,0.10870319820024725
voter,rho_1_over_2pi,0.15915494309189535,16,1,970214,14,3000,0.2861587404090855,0.1875,2250,0.4388047307445874,0.16001534962955197,0.581974034620506,0.10364049010874157
voter,rho_1_over_2pi,0.15915494309189535,16,1,970215,15,3000,0.35294520299200094,0.125,2250,0.4292015014192603,0.19485815416138436,0.5501830892143809,0.0921011108193516
voter,rho_1_over_2pi,0.15915494309189535,16,1,970216,16,3000,0.14836874563866206,0.125,2250,0.46676382353434653,0.19725018597110539,0.6591211717709721,0.209524841213902
voter,rho_1_over_2pi,0.15915494309189535,16,1,970217,17,3000,0.2484317543224236,0.125,2250,0.5226900021270469,0.20705081214724783,0.4955059920106525,0.035924312413991244
voter,rho_1_over_2pi,0.15915494309189535,16,1,970218,18,3000,0.15007618983163826,0.1875,2250,0.43955649824661264,0.17331313779185806,0.4317576564580559,0.04610429174177975
voter,rho_1_over_2pi,0.15915494309189535,16,1,970219,19,3000,0.22316222102028802,0.3125,2250,0.4295538875102942,0.16176801752868336,0.5230525965379494,0.08560309793506829
voter,rho_1_over_2pi,0.15915494309189535,16,1.2,971500,0,3000,0.4653806849971066,0.125,2250,0.4295217651354263,0.2101139909062341,0.44931757656458055,0.02447332056396437
voter,rho_1_over_2pi,0.15915494309189535,16,1.2,971501,1,3000,0.24964869738447146,0.3125,2250,0.4515262039793936,0.16495926138287761,0.6755159786950732,0.06797693671954615
voter,rho_1_over_2pi,0.15915494309189535,16,1.2,971502,2,3000,0.27986587761895,0.1875,2250,0.4179216672379233,0.17510756798591992,0.5111517976031957,0.14147597319724706
voter,rho_1_over_2pi,0.15915494309189535,16,1.2,971503,3,3000,0.09751113331548879,0.125,2250,0.38016772335240145,0.18999749093314142,0.5209720372836218,0.12157082132477555
voter,rho_1_over_2pi,0.15915494309189535,16,1.2,971504,4,3000,0.0582613676573579,0.125,2250,0.33773672409045213,0.1643143809962773,0.29685419440745675,0.05942578408371966
voter,rho_1_over_2pi,0.15915494309189535,16,1.2,971505,5,3000,0.09875665114068335,0.125,2250,0.44261821871038093,0.18117039063114448,0.652546604527297,0.12439754081535341
voter,rho_1_over_2pi,0.15915494309189535,16,1.2,971506,6,3000,0.10321486832648231,0.1875,2250,0.4862770415451502,0.17866864781243258,0.8125,0.0
voter,rho_1_over_2pi,0.15915494309189535,16,1.2,971507,7,3000,0.25531417829338166,0.125,2250,0.3921405115054307,0.1789416441770758,0.36043608521970705,0.07191202581519265
voter,rho_1_over_2pi,0.15915494309189535,16,1.2,971508,8,3000,0.18045209903020332,0.125,2250,0.38562353824882656,0.17399783298212534,0.3434587217043941,0.0322318853712335
voter,rho_1_over_2pi,0.15915494309189535,16,1.2,971509,9,3000,0.30724617061706117,0.1875,2250,0.3606939178140294,0.17298041156303554,0.5114014647137151,0.11394178909768522
voter,rho_1_over_2pi,0.15915494309189535,16,1.2,971510,10,3000,0.1347028237615456,0.125,2250,0.48334613083728034,0.21810226006868685,0.6240013315579228,0.013647453763698185
voter,rho_1_over_2pi,0.15915494309189535,16,1.2,971511,11,3000,0.23077244802067975,0.0625,2250,0.3690172007806482,0.18201374250624489,0.38623501997336884,0.08419093502615842
voter,rho_1_over_2pi,0.15915494309189535,16,1.2,971512,12,3000,0.19930863284457231,0.125,2250,0.3164174215902624,0.15687607999882328,0.32398468708388817,0.054955884424613084
voter,rho_1_over_2pi,0.15915494309189535,16,1.2,971513,13,3000,0.16284528458643305,0.1875,2250,0.5021784845031304,0.1741427002695884,0.6765978695073236,0.1372976421940749
voter,rho_1_over_2pi,0.15915494309189535,16,1.2,971514,14,3000,0.24942378639647222,0.25,2250,0.3644589531111821,0.16046028178833324,0.3943908122503329,0.08572089962175747
voter,rho_1_over_2pi,0.15915494309189535,16,1.2,971515,15,3000,0.22852524612647018,0.25,2250,0.41332037400635196,0.17384592153356992,0.6130159786950732,0.08090353042992733
voter,rho_1_over_2pi,0.15915494309189535,16,1.2,971516,16,3000,0.41905887942937314,0.1875,2250,0.432328682080862,0.19349275794756052,0.3822403462050599,0.02911046657694695
voter,rho_1_over_2pi,0.15915494309189535,16,1.2,971517,17,3000,0.3844016148356467,0.1875,2250,0.5011666259325008,0.18682913401133225,0.7033954727030626,0.14568427111511545
voter,rho_1_over_2pi,0.15915494309189535,16,1.2,971518,18,3000,0.06657854795584629,0.125,2250,0.36980014688660834,0.1816106835293265,0.4054593874833555,0.06260933458137075
voter,rho_1_over_2pi,0.15915494309189535,16,1.2,971519,19,3000,0.19816723162238076,0.1875,2250,0.33807905552807344,0.16655149794365273,0.3877330226364847,0.11325087761107452
voter,rho_1_over_2pi,0.15915494309189535,16,1.3999999999999999,971600,0,3000,0.20421115677283722,0.125,2250,0.3995014379632854,0.1553878556707113,0.5818075898801598,0.07842047076711835
voter,rho_1_over_2pi,0.15915494309189535,16,1.3999999999999999,971601,1,3000,0.192880781394642,0.125,2250,0.3672274113227478,0.16550863915431346,0.5248834886817576,0.11876855692281593
voter,rho_1_over_2pi,0.15915494309189535,16,1.3999999999999999,971602,2,3000,0.02573354651858431,0.1875,2250,0.3587247851215832,0.1659762372687153,0.47852862849533956,0.13533671887560714
voter,rho_1_over_2pi,0.15915494309189535,16,1.3999999999999999,971603,3,3000,0.0816797375731542,0.125,2250,0.3929044737800265,0.1657360693915879,0.4214380825565912,0.09609665137719747
voter,rho_1_over_2pi,0.15915494309189535,16,1.3999999999999999,971604,4,3000,0.15157672065397368,0.125,2250,0.36355743466328894,0.18275894903210885,0.39397470039946736,0.08662837136936515
voter,rho_1_over_2pi,0.15915494309189535,16,1.3999999999999999,971605,5,3000,0.11651746563826693,0.125,2250,0.3768127144645353,0.16238220759938457,0.4243508655126498,0.057278518001230905
voter,rho_1_over_2pi,0.15915494309189535,16,1.3999999999999999,971606,6,3000,0.11123196842104827,0.125,2250,0.3809127248322656,0.17404392160078136,0.47320239680426096,0.08779609013498466
voter,rho_1_over_2pi,0.15915494309189535,16,1.3999999999999999,971607,7,3000,0.22506674050413245,0.125,2250,0.3407090894411301,0.178270431723351,0.443159121171771,0.12037557037360033
voter,rho_1_over_2pi,0.15915494309189535,16,1.3999999999999999,971608,8,3000,0.19569445860008372,0.125,2250,0.32225051708488783,0.150232089161747,0.31666111850865514,0.06667446807654
voter,rho_1_over_2pi,0.15915494309189535,16,1.3999999999999999,971609,9,3000,0.15216556465940906,0.125,2250,0.4652875978953232,0.15969213103700103,0.7435918774966711,0.0742915242350885
voter,rho_1_over_2pi,0.15915494309189535,16,1.3999999999999999,971610,10,3000,0.18625277950044938,0.125,2250,0.3412272650809331,0.15411658771415584,0.49267643142476697,0.042157531796016175
voter,rho_1_over_2pi,0.15915494309189535,16,1.3999999999999999,971611,11,3000,0.1308167065231829,0.1875,2250,0.3758700981964532,0.17673345502194407,0.41935752330226367,0.06752899219551456
voter,rho_1_over_2pi,0.15915494309189535,16,1.3999999999999999,971612,12,3000,0.33323116216601806,0.1875,2250,0.36472606635810023,0.16912070265669144,0.520306258322237,0.1332716810110154
voter,rho_1_over_2pi,0.15915494309189535,16,1.3999999999999999,971613,13,3000,0.1744026074208413,0.125,2250,0.44291111223017154,0.19356086556300553,0.6791777629826897,0.08529428198187736
voter,rho_1_over_2pi,0.15915494309189535,16,1.3999999999999999,971614,14,3000,0.01167838023385153,0.1875,2250,0.34374350256748204,0.1710102392700629,0.436667776298269,0.10903991719637493
voter,rho_1_over_2pi,0.15915494309189535,16,1.3999999999999999,971615,15,3000,0.07896154424600958,0.1875,2250,0.3816933317045299,0.17973290206971868,0.43467043941411454,0.11921667706415784
voter,rho_1_over_2pi,0.15915494309189535,16,1.3999999999999999,971616,16,3000,0.4127507429485472,0.125,2250,0.3778322081552704,0.15313281416168734,0.5740679094540613,0.08942018092772791
voter,rho_1_over_2pi,0.15915494309189535,16,1.3999999999999999,971617,17,3000,0.23872455051113123,0.125,2250,0.3693902795058748,0.15683538436744224,0.4999167776298269,0.0022791384716426685
voter,rho_1_over_2pi,0.15915494309189535,16,1.3999999999999999,971618,18,3000,0.17746668651694097,0.125,2250,0.44773404245680776,0.17752533891984543,0.5242177097203728,0.1338853184680055
voter,rho_1_over_2pi,0.15915494309189535,16,1.3999999999999999,971619,19,3000,0.27587911186539477,0.1875,2250,0.39813732046604683,0.1694221555839461,0.43591877496671105,0.0741308138155429
voter,rho_1_over_2pi,0.15915494309189535,16,1.5,970300,0,3000,0.18072411770823132,0.1875,2250,0.39208058870191576,0.16972864187364198,0.39081225033288947,0.08678285746963581
voter,rho_1_over_2pi,0.15915494309189535,16,1.5,970301,1,3000,0.16731349803852763,0.1875,2250,0.403233456530096,0.170768012674914,0.49775299600532624,0.01478550279456648
voter,rho_1_over_2pi,0.15915494309189535,16,1.5,970302,2,3000,0.06783263781398938,0.125,2250,0.3008233979383615,0.15970557454412612,0.21571238348868177,0.05180537395628379
voter,rho_1_over_2pi,0.15915494309189535,16,1.5,970303,3,3000,0.1754919089135623,0.1875,2250,0.34863248653102896,0.1567987505844047,0.3581890812250333,0.11610466173809862
voter,rho_1_over_2pi,0.15915494309189535,16,1.5,970304,4,3000,0.24760377511079346,0.1875,2250,0.41877418568130614,0.17130437878001897,0.810003328894807,0.021491683638472713
voter,rho_1_over_2pi,0.15915494309189535,16,1.5,970305,5,3000,0.31434687343067774,0.125,2250,0.359666587365198,0.1618683497514614,0.44290945406125165,0.08622496234652319
voter,rho_1_over_2pi,0.15915494309189535,16,1.5,970306,6,3000,0.20558193498044333,0.125,2250,0.3986241710111912,0.16120249236739131,0.686750998668442,0.12155908481420401
voter,rho_1_over_2pi,0.15915494309189535,16,1.5,970307,7,3000,0.19691414110566685,0.25,2250,0.32876049397958496,0.15500543508893172,0.38998002663115844,0.050836539963612724
voter,rho_1_over_2pi,0.15915494309189535,16,1.5,970308,8,3000,0.18558460046369354,0.125,2250,0.33892360192096294,0.16136232900846245,0.375,0.0
voter,rho_1_over_2pi,0.15915494309189535,16,1.5,970309,9,3000,0.37519261963259926,0.1875,2250,0.3206831983820655,0.1518598503002782,0.29111185086551267,0.09651929430846796
voter,rho_1_over_2pi,0.15915494309189535,16,1.5,970310,10,3000,0.2623613493532479,0.125,2250,0.29377143763177344,0.15127167739393982,0.29527296937416775,0.06144854885318972
voter,rho_1_over_2pi,0.15915494309189535,16,1.5,970311,11,3000,0.4730505833960994,0.125,2250,0.41807403055732945,0.19581586289520642,0.4942576564580559,0.020482849617729906
voter,rho_1_over_2pi,0.15915494309189535,16,1.5,970312,12,3000,0.23085540903117277,0.125,2250,0.40117426287765245,0.18092739947042571,0.531707723035952,0.06710365806502339
voter,rho_1_over_2pi,0.15915494309189535,16,1.5,970313,13,3000,0.38525049010543444,0.125,2250,0.3030175707316172,0.1456169202620996,0.28711717709720375,0.06333216902209496
voter,rho_1_over_2pi,0.15915494309189535,16,1.5,970314,14,3000,0.23101396369928434,0.1875,2250,0.31538808017957726,0.15026609132316388,0.28753328894806923,0.0703744423839171
voter,rho_1_over_2pi,0.15915494309189535,16,1.5,970315,15,3000,0.3688005341073764,0.1875,2250,0.3688865791713049,0.1584076836484728,0.4916777629826897,0.052041204593619925
voter,rho_1_over_2pi,0.15915494309189535,16,1.5,970316,16,3000,0.10796112133008536,0.125,2250,0.4023435425255081,0.1766104199578012,0.42276964047936083,0.10954953550531983
voter,rho_1_over_2pi,0.15915494309189535,16,1.5,970317,17,3000,0.2709552662309117,0.1875,2250,0.35873862615920865,0.1736014075723034,0.3034287616511318,0.03997204313876801
voter,rho_1_over_2pi,0.15915494309189535,16,1.5,970318,18,3000,0.3908807125764004,0.1875,2250,0.374187804427664,0.1743704947471202,0.41527962716378164,0.051709829778613305
voter,rho_1_over_2pi,0.15915494309189535,16,1.5,970319,19,3000,0.412377924488541,0.1875,2250,0.4200296442174047,0.19248267314890768,0.7760486018641811,0.16300796046352042
voter,rho_1_over_2pi,0.15915494309189535,16,2,970400,0,3000,0.5271753778609424,0.125,2250,0.25426846070811976,0.12302380866728449,0.2674766977363515,0.08616172390370971
voter,rho_1_over_2pi,0.15915494309189535,16,2,970401,1,3000,0.36736486430239024,0.125,2250,0.30327950585842045,0.14666153653174652,0.3789946737683089,0.04008589277863578
voter,rho_1_over_2pi,0.15915494309189535,16,2,970402,2,3000,0.3509140673676415,0.125,2250,0.25874328199930335,0.1337980871307816,0.20314580559254328,0.03435683129415055
voter,rho_1_over_2pi,0.15915494309189535,16,2,970403,3,3000,0.09420968901455705,0.1875,2250,0.2998887930327429,0.14137824685224556,0.3369673768308921,0.07923128048042465
voter,rho_1_over_2pi,0.15915494309189535,16,2,970404,4,3000,0.2601840977065206,0.1875,2250,0.35801894842630405,0.1723584836780258,0.4806924101198402,0.04194985350040335
voter,rho_1_over_2pi,0.15915494309189535,16,2,970405,5,3000,0.09157117411055572,0.125,2250,0.289792505754746,0.13606530317656987,0.3125,0.0
voter,rho_1_over_2pi,0.15915494309189535,16,2,970406,6,3000,0.19892326037401473,0.125,2250,0.34486328534223404,0.16877477343680872,0.491095206391478,0.021846149576578693
voter,rho_1_over_2pi,0.15915494309189535,16,2,970407,7,3000,0.22137809008044126,0.125,2250,0.34243933132041715,0.16921583101448398,0.5610852197070573,0.10551867988897029
voter,rho_1_over_2pi,0.15915494309189535,16,2,970408,8,3000,0.06488909606641675,0.125,2250,0.25650026768658646,0.1261463156675972,0.2533288948069241,0.027920081948463328
voter,rho_1_over_2pi,0.15915494309189535,16,2,970409,9,3000,0.14901295742315956,0.125,2250,0.27665657881728595,0.13814441410632067,0.37350199733688416,0.16565123770319937
voter,rho_1_over_2pi,0.15915494309189535,16,2,970410,10,3000,0.2912366471327339,0.125,2250,0.3092599221121877,0.1352639379130517,0.33746671105193077,0.07030049320293301
voter,rho_1_over_2pi,0.15915494309189535,16,2,970411,11,3000,0.31418553353769246,0.1875,2250,0.29571465513789214,0.14925120084440913,0.47827896138482023,0.07881619811945491
voter,rho_1_over_2pi,0.15915494309189535,16,2,970412,12,3000,0.18249574613896083,0.25,2250,0.28274843779222847,0.13805912286177238,0.2704727030625832,0.04888377463590047
voter,rho_1_over_2pi,0.15915494309189535,16,2,970413,13,3000,0.03505810984367482,0.1875,2250,0.28292782792770016,0.14378079847132907,0.3677596537949401,0.07723726451638063
voter,rho_1_over_2pi,0.15915494309189535,16,2,970414,14,3000,0.09339837266190358,0.125,2250,0.332131153077202,0.14161522598688442,0.6285785619174434,0.1134048247684146
voter,rho_1_over_2pi,0.15915494309189535,16,2,970415,15,3000,0.3259123915382772,0.125,2250,0.3002992914730276,0.1435599630911287,0.3020139813581891,0.0647827219982431
voter,rho_1_over_2pi,0.15915494309189535,16,2,970416,16,3000,0.1419291890502648,0.125,2250,0.29414078864816307,0.14606517447170095,0.4798601864181092,0.06195747564027214
voter,rho_1_over_2pi,0.15915494309189535,16,2,970417,17,3000,0.11832934536131988,0.25,2250,0.27688506236203053,0.12826591698089795,0.313332223701731,0.03319644270857776
voter,rho_1_over_2pi,0.15915494309189535,16,2,970418,18,3000,0.1717698129572856,0.1875,2250,0.3119521265324065,0.15822225542674312,0.3035119840213049,0.05203042349977229
voter,rho_1_over_2pi,0.15915494309189535,16,2,970419,19,3000,0.3924704932496002,0.25,2250,0.3372556124014828,0.1594363496462031,0.6468874833555259,0.08033929167853161
voter,rho_1_over_2pi,0.15915494309189535,16,2.5,970500,0,3000,0.3212762823387222,0.1875,2250,0.2754024074403224,0.1375109839993638,0.36501331557922767,0.024860793974105354
voter,rho_1_over_2pi,0.15915494309189535,16,2.5,970501,1,3000,0.3656371993936327,0.1875,2250,0.2798539649582106,0.13903208229041764,0.4574733688415446,0.08830893499057847
voter,rho_1_over_2pi,0.15915494309189535,16,2.5,970502,2,3000,0.2794522729947633,0.1875,2250,0.3019702747706086,0.15242771580616893,0.4566411451398136,0.05547019135219121
voter,rho_1_over_2pi,0.15915494309189535,16,2.5,970503,3,3000,0.3952484686651669,0.125,2250,0.25692207962063973,0.13241385673768294,0.26165113182423433,0.03058985359875082
voter,rho_1_over_2pi,0.15915494309189535,16,2.5,970504,4,3000,0.19866369104642323,0.125,2250,0.2721507776299074,0.13650417756968677,0.40670772303595204,0.1190693136720404
voter,rho_1_over_2pi,0.15915494309189535,16,2.5,970505,5,3000,0.12367925297979628,0.1875,2250,0.26454236064322123,0.13475234360108973,0.4251830892143808,0.13639844348988034
voter,rho_1_over_2pi,0.15915494309189535,16,2.5,970506,6,3000,0.4736467827709308,0.125,2250,0.2550362451940329,0.1294994644032839,0.2635652463382157,0.060668137491577685
voter,rho_1_over_2pi,0.15915494309189535,16,2.5,970507,7,3000,0.08150022613455608,0.1875,2250,0.2760812305726378,0.13825854553548306,0.3690079893475366,0.09560001108747487
voter,rho_1_over_2pi,0.15915494309189535,16,2.5,970508,8,3000,0.1730430646415563,0.25,2250,0.27710289532920107,0.1397708615660404,0.33039280958721706,0.05004204784803736
voter,rho_1_over_2pi,0.15915494309189535,16,2.5,970509,9,3000,0.12830189219734187,0.125,2250,0.27936758371456644,0.14265969247688207,0.4111185086551265,0.05665921738270274
voter,rho_1_over_2pi,0.15915494309189535,16,2.5,970510,10,3000,0.3748891774849623,0.125,2250,0.28960818807396804,0.14566717851986546,0.37408455392809586,0.046339393485269574
voter,rho_1_over_2pi,0.15915494309189535,16,2.5,970511,11,3000,0.4307564393250359,0.125,2250,0.28055012300279814,0.1303907359696307,0.34653794940079896,0.06650201651320312
voter,rho_1_over_2pi,0.15915494309189535,16,2.5,970512,12,3000,0.29787193853926885,0.1875,2250,0.26690251193764347,0.12700742682832394,0.4767809587217044,0.06960117235140062
voter,rho_1_over_2pi,0.15915494309189535,16,2.5,970513,13,3000,0.19808350375794576,0.125,2250,0.2754567879061585,0.1353753987530648,0.37857856191744343,0.06044981042447821
voter,rho_1_over_2pi,0.15915494309189535,16,2.5,970514,14,3000,0.05157548530651949,0.1875,2250,0.2621032639541748,0.1290419577834017,0.27088881491344874,0.05890592000394936
voter,rho_1_over_2pi,0.15915494309189535,16,2.5,970515,15,3000,0.2736734772945872,0.1875,2250,0.26862085072517256,0.13503618199651574,0.33688415446071907,0.10282419369408637
voter,rho_1_over_2pi,0.15915494309189535,16,2.5,970516,16,3000,0.1387812633374839,0.1875,2250,0.2830043737254701,0.13499708620081258,0.3723368841544607,0.0699473005764672
voter,rho_1_over_2pi,0.15915494309189535,16,2.5,970517,17,3000,0.16959544980559588,0.125,2250,0.24915060120783797,0.12276786824252402,0.24808588548601865,0.013356088513521753
voter,rho_1_over_2pi,0.15915494309189535,16,2.5,970518,18,3000,0.19185902238094585,0.125,2250,0.25614632884842903,0.13486676380370935,0.2566577896138482,0.024079900617652143
voter,rho_1_over_2pi,0.15915494309189535,16,2.5,970519,19,3000,0.27625160102567275,0.25,2250,0.27092275007702465,0.13274647662728614,0.4370838881491345,0.10935191431875
voter,rho_1_over_2pi,0.15915494309189535,16,3,970600,0,3000,0.20535543508683854,0.125,2250,0.22741637493950184,0.12115410144269166,0.20322902796271639,0.03933293831136456
voter,rho_1_over_2pi,0.15915494309189535,16,3,970601,1,3000,0.14399449286781807,0.1875,2250,0.23804120095191678,0.12060712190734489,0.3680093209054594,0.12384210144998947
voter,rho_1_over_2pi,0.15915494309189535,16,3,970602,2,3000,0.17658389911670028,0.125,2250,0.24148889589733127,0.12683593260717652,0.29152796271637815,0.04238838107991984
voter,rho_1_over_2pi,0.15915494309189535,16,3,970603,3,3000,0.17215879312079935,0.125,2250,0.24955362035557863,0.1368342123415641,0.26722703062583225,0.04326907022866476
voter,rho_1_over_2pi,0.15915494309189535,16,3,970604,4,3000,0.14273046908595174,0.1875,2250,0.2572642867371808,0.12913651596297962,0.258904793608522,0.06269754870412403
voter,rho_1_over_2pi,0.15915494309189535,16,3,970605,5,3000,0.17686150608935303,0.3125,2250,0.288372079864218,0.13756387786338214,0.4831058588548602,0.02794413378172546
voter,rho_1_over_2pi,0.15915494309189535,16,3,970606,6,3000,0.2647856745607942,0.25,2250,0.24908835519937958,0.12605734948941438,0.35669107856191745,0.07610539008354661
voter,rho_1_over_2pi,0.15915494309189535,16,3,970607,7,3000,0.16754621890313837,0.125,2250,0.23046665304615008,0.11685983002876693,0.18283954727030627,0.016418236079437674
voter,rho_1_over_2pi,0.15915494309189535,16,3,970608,8,3000,0.20182165147875727,0.125,2250,0.263706550169593,0.1361075977443113,0.2632323568575233,0.025937089816200236
voter,rho_1_over_2pi,0.15915494309189535,16,3,970609,9,3000,0.09564768908261735,0.25,2250,0.26481914019092395,0.1271751454471935,0.33721704394141144,0.07651408773305239
voter,rho_1_over_2pi,0.15915494309189535,16,3,970610,10,3000,0.14751075352390555,0.1875,2250,0.25033368489718977,0.12580877457859002,0.3267310252996005,0.048704927842596064
voter,rho_1_over_2pi,0.15915494309189535,16,3,970611,11,3000,0.20243565568237912,0.125,2250,0.24930589599748104,0.1265182078578805,0.22986018641810918,0.03802743279841827
voter,rho_1_over_2pi,0.15915494309189535,16,3,970612,12,3000,0.23120013518809646,0.1875,2250,0.2576818027807781,0.12831487013218032,0.26889147802929425,0.03872997795449982
voter,rho_1_over_2pi,0.15915494309189535,16,3,970613,13,3000,0.12028688161956881,0.1875,2250,0.2576872722603863,0.12362148818300138,0.30817243675099865,0.015866470917897158
voter,rho_1_over_2pi,0.15915494309189535,16,3,970614,14,3000,0.04204914673577918,0.25,2250,0.2471342165825076,0.12693656070516507,0.2303595206391478,0.029013471535292035
voter,rho_1_over_2pi,0.15915494309189535,16,3,970615,15,3000,0.23189843265530277,0.1875,2250,0.265672980735447,0.1274895081674658,0.27488348868175766,0.060166032540938316
voter,rho_1_over_2pi,0.15915494309189535,16,3,970616,16,3000,0.3755015845960783,0.1875,2250,0.25495943149729405,0.13044544433602928,0.275965379494008,0.030799923475678455
voter,rho_1_over_2pi,0.15915494309189535,16,3,970617,17,3000,0.3631172511939083,0.25,2250,0.2382559676898908,0.1209570347661855,0.30193075898801597,0.039338748706038255
voter,rho_1_over_2pi,0.15915494309189535,16,3,970618,18,3000,0.2788549992275759,0.1875,2250,0.2287221929651435,0.1239173073285375,0.2331890812250333,0.05928249024028322
voter,rho_1_over_2pi,0.15915494309189535,16,3,970619,19,3000,0.1660745840703739,0.125,2250,0.2409490655135233,0.12205420907471139,0.26905792276964047,0.031698001347510725
voter,rho_1_over_2pi,0.15915494309189535,16,3.5,970700,0,3000,0.4683680993622221,0.125,2250,0.23192497433848497,0.12163804446780224,0.21288282290279628,0.030694278504471286
voter,rho_1_over_2pi,0.15915494309189535,16,3.5,970701,1,3000,0.38491788534504856,0.125,2250,0.2332555123328907,0.11840629951066568,0.23801597869507324,0.03046097912644563
voter,rho_1_over_2pi,0.15915494309189535,16,3.5,970702,2,3000,0.06862952006546372,0.125,2250,0.2275797022786997,0.12130170615113518,0.20847203728362185,0.03139039250134914
voter,rho_1_over_2pi,0.15915494309189535,16,3.5,970703,3,3000,0.19912083497243083,0.25,2250,0.2403655426042694,0.126262391261167,0.3090878828229028,0.014560823335580007
voter,rho_1_over_2pi,0.15915494309189535,16,3.5,970704,4,3000,0.10241895072895736,0.125,2250,0.2465163102335664,0.12700828710280979,0.2600699067909454,0.07745861469544399
voter,rho_1_over_2pi,0.15915494309189535,16,3.5,970705,5,3000,0.2359546994669992,0.125,2250,0.2346748275633462,0.12089495555571031,0.22636484687083888,0.06412671099102529
voter,rho_1_over_2pi,0.15915494309189535,16,3.5,970706,6,3000,0.382747370750384,0.125,2250,0.23340609587356487,0.11858539848594574,0.3163282290279627,0.07629753187946697
voter,rho_1_over_2pi,0.15915494309189535,16,3.5,970707,7,3000,0.08002552347632132,0.125,2250,0.22754079142008285,0.1122367348176921,0.19532290279627162,0.030276476700138676
voter,rho_1_over_2pi,0.15915494309189535,16,3.5,970708,8,3000,0.18550858316382687,0.3125,2250,0.25223247650907976,0.12540222632827117,0.3499500665778961,0.05634467918829413
voter,rho_1_over_2pi,0.15915494309189535,16,3.5,970709,9,3000,0.3843944544777502,0.0625,2250,0.2182383265550723,0.11550966540750239,0.21954061251664447,0.055002620822658756
voter,rho_1_over_2pi,0.15915494309189535,16,3.5,970710,10,3000,0.42139669846980626,0.125,2250,0.24899230670120018,0.12675864931220512,0.30118175765645805,0.0801602085911999
voter,rho_1_over_2pi,0.15915494309189535,16,3.5,970711,11,3000,0.1229576252203064,0.1875,2250,0.2313988496934676,0.12011612522760418,0.24484021304926765,0.06072211185060803
voter,rho_1_over_2pi,0.15915494309189535,16,3.5,970712,12,3000,0.07347610249370427,0.1875,2250,0.2292313304757028,0.11784473940298837,0.18533621837549932,0.0244679429629151
voter,rho_1_over_2pi,0.15915494309189535,16,3.5,970713,13,3000,0.3446134305287811,0.125,2250,0.23633862536909858,0.11746151042924112,0.22802929427430094,0.029840529448569204
voter,rho_1_over_2pi,0.15915494309189535,16,3.5,970714,14,3000,0.20904929467691222,0.125,2250,0.23159259458459241,0.11712574687043525,0.21912450066577896,0.044089480633294466
voter,rho_1_over_2pi,0.15915494309189535,16,3.5,970715,15,3000,0.1444170797171289,0.125,2250,0.23497099282062206,0.11714103495953014,0.3576897470039947,0.04317565014814432
voter,rho_1_over_2pi,0.15915494309189535,16,3.5,970716,16,3000,0.019712741697696323,0.125,2250,0.22805235558151085,0.11600205929178983,0.20272969374167776,0.03736434189231786
voter,rho_1_over_2pi,0.15915494309189535,16,3.5,970717,17,3000,0.2961011826332426,0.25,2250,0.24315830414347983,0.12471749733300967,0.371754327563249,0.07463622317726831
voter,rho_1_over_2pi,0.15915494309189535,16,3.5,970718,18,3000,0.3958139280761718,0.1875,2250,0.23928773788081772,0.11850702308229619,0.21945739014647137,0.04536466589131907
voter,rho_1_over_2pi,0.15915494309189535,16,3.5,970719,19,3000,0.2996930328620797,0.125,2250,0.24087813183504583,0.12468597529023051,0.3812416777629827,0.11351879063050783
voter,rho_1_over_2pi,0.15915494309189535,16,4,970800,0,3000,0.19664054942063977,0.25,2250,0.22482383300363815,0.11887164881151052,0.28378828229027964,0.045869645917789414
voter,rho_1_over_2pi,0.15915494309189535,16,4,970801,1,3000,0.5807208207245471,0.1875,2250,0.22747999676397015,0.11872445700527666,0.29993342210386154,0.032143448680606965
voter,rho_1_over_2pi,0.15915494309189535,16,4,970802,2,3000,0.07791496913038332,0.125,2250,0.229611661128621,0.11581565885254573,0.22619840213049267,0.06081636630241706
voter,rho_1_over_2pi,0.15915494309189535,16,4,970803,3,3000,0.15185292919991009,0.125,2250,0.2214830009698076,0.11671613829269567,0.20256324900133155,0.038120206287392926
voter,rho_1_over_2pi,0.15915494309189535,16,4,970804,4,3000,0.20105373073942145,0.125,2250,0.2299826530800937,0.1169015063390545,0.1875,0.0
voter,rho_1_over_2pi,0.15915494309189535,16,4,970805,5,3000,0.07910560619361533,0.1875,2250,0.2325358478310038,0.12263161029476655,0.2820406125166445,0.03286282694116414
voter,rho_1_over_2pi,0.15915494309189535,16,4,970806,6,3000,0.21523246662657994,0.125,2250,0.2379850579803613,0.12085656253775033,0.3776631158455393,0.07098072981970233
voter,rho_1_over_2pi,0.15915494309189535,16,4,970807,7,3000,0.3180000693851083,0.25,2250,0.22530504505800003,0.11622617675635033,0.2961884154460719,0.06106231225272243
voter,rho_1_over_2pi,0.15915494309189535,16,4,970808,8,3000,0.21600929968171806,0.25,2250,0.2299251607474913,0.11903988743488106,0.23560252996005326,0.039969963842590564
voter,rho_1_over_2pi,0.15915494309189535,16,4,970809,9,3000,0.12872150655793918,0.125,2250,0.22066746368730533,0.1132889669079432,0.20281291611185087,0.026880696738405
voter,rho_1_over_2pi,0.15915494309189535,16,4,970810,10,3000,0.01991783563334513,0.125,2250,0.23176064357454865,0.118666501026557,0.18991344873501997,0.04912051911736299
voter,rho_1_over_2pi,0.15915494309189535,16,4,970811,11,3000,0.30300009395516564,0.1875,2250,0.23180345324669308,0.12077646841036183,0.240262982689747,0.027059430842038046
voter,rho_1_over_2pi,0.15915494309189535,16,4,970812,12,3000,0.05479806452354936,0.125,2250,0.22934501069886226,0.11313893738891771,0.28778295605858856,0.04931415261618511
voter,rho_1_over_2pi,0.15915494309189535,16,4,970813,13,3000,0.30336995237901504,0.1875,2250,0.229602861187907,0.1150526466989887,0.30967043941411454,0.07634109178731739
voter,rho_1_over_2pi,0.15915494309189535,16,4,970814,14,3000,0.4060050462448766,0.125,2250,0.23172771563658737,0.11820878214890872,0.23468708388814913,0.026880696738405
voter,rho_1_over_2pi,0.15915494309189535,16,4,970815,15,3000,0.2136228469706556,0.125,2250,0.2228114180702222,0.11516401241374298,0.18483688415446073,0.040838193076174735
voter,rho_1_over_2pi,0.15915494309189535,16,4,970816,16,3000,0.3316180526403472,0.125,2250,0.23162611797597743,0.11362848029393967,0.17701398135818908,0.04160935415412606
voter,rho_1_over_2pi,0.15915494309189535,16,4,970817,17,3000,0.27620888425104945,0.125,2250,0.2221007932594166,0.10814203771524108,0.2693908122503329,0.06690964699496912
voter,rho_1_over_2pi,0.15915494309189535,16,4,970818,18,3000,0.3907946392024291,0.25,2250,0.24334720168129487,0.12039180293993504,0.27022303595206393,0.037361932096864205
voter,rho_1_over_2pi,0.15915494309189535,16,4,970819,19,3000,0.16417453953745798,0.1875,2250,0.2329953673775173,0.12165198678850951,0.24583888149134486,0.0650155825289996
voter,rho_1_over_2pi,0.15915494309189535,16,5,970900,0,3000,0.038368002095440334,0.125,2250,0.2279345288186681,0.11333261711926451,0.18375499334221038,0.03885852003007901
voter,rho_1_over_2pi,0.15915494309189535,16,5,970901,1,3000,0.16157519746968313,0.1875,2250,0.22731358356375372,0.11548124893852764,0.17959387483355527,0.020775610887656358
voter,rho_1_over_2pi,0.15915494309189535,16,5,970902,2,3000,0.22368796629742252,0.125,2250,0.21199604060634736,0.10827195082087825,0.24550599201065246,0.07619297739495981
voter,rho_1_over_2pi,0.15915494309189535,16,5,970903,3,3000,0.24506713684846845,0.3125,2250,0.21360898204311476,0.11057132309419496,0.1617842876165113,0.030756042667705635
voter,rho_1_over_2pi,0.15915494309189535,16,5,970904,4,3000,0.3278333657937642,0.1875,2250,0.21672652890074406,0.11426294658119177,0.18192410119840213,0.06233427747897602
voter,rho_1_over_2pi,0.15915494309189535,16,5,970905,5,3000,0.4752650521981291,0.25,2250,0.2266762650774401,0.11812395341859638,0.18550266311584554,0.010992915929399712
voter,rho_1_over_2pi,0.15915494309189535,16,5,970906,6,3000,0.0036478031098146077,0.125,2250,0.22344667671143958,0.11604697250742174,0.1284953395472703,0.014361104524154204
voter,rho_1_over_2pi,0.15915494309189535,16,5,970907,7,3000,0.21282733177855082,0.125,2250,0.2181090485500143,0.11578545225057427,0.18849866844207724,0.008474800012051243
voter,rho_1_over_2pi,0.15915494309189535,16,5,970908,8,3000,0.27444953952044543,0.125,2250,0.21974978383842989,0.11364603733640735,0.16502996005326231,0.03929946781197759
voter,rho_1_over_2pi,0.15915494309189535,16,5,970909,9,3000,0.3718612577472887,0.125,2250,0.22340407274617113,0.11271082963992715,0.15878828229027964,0.031146743377355728
voter,rho_1_over_2pi,0.15915494309189535,16,5,970910,10,3000,0.3292256400452414,0.25,2250,0.22323376438117418,0.1109610827395122,0.3125,0.0
voter,rho_1_over_2pi,0.15915494309189535,16,5,970911,11,3000,0.22823784199446895,0.125,2250,0.22882839660130755,0.11110195461710025,0.2399300932090546,0.0444292114876397
voter,rho_1_over_2pi,0.15915494309189535,16,5,970912,12,3000,0.3082259708411773,0.1875,2250,0.2171728185818769,0.10957697700138505,0.2209553928095872,0.03449865887624931
voter,rho_1_over_2pi,0.15915494309189535,16,5,970913,13,3000,0.29719524665506153,0.125,2250,0.22368623147798342,0.11452361189389207,0.1539613848202397,0.0327925708549261
voter,rho_1_over_2pi,0.15915494309189535,16,5,970914,14,3000,0.41730432014308044,0.125,2250,0.2281990019163492,0.1149634566725909,0.19990013315579228,0.03331931038786091
voter,rho_1_over_2pi,0.15915494309189535,16,5,970915,15,3000,0.2215598636735251,0.125,2250,0.22276623128110926,0.11727235820857072,0.1938249001331558,0.04004544230276875
voter,rho_1_over_2pi,0.15915494309189535,16,5,970916,16,3000,0.31380239136770144,0.1875,2250,0.22038208820708988,0.11491026061363685,0.26780958721704395,0.0505370198382388
voter,rho_1_over_2pi,0.15915494309189535,16,5,970917,17,3000,0.11139522608611868,0.125,2250,0.2292426848213179,0.11942887651965624,0.2470872170439414,0.029328300055281968
voter,rho_1_over_2pi,0.15915494309189535,16,5,970918,18,3000,0.21580011840723093,0.1875,2250,0.22305261663488107,0.11438741856572486,0.19881824234354195,0.04262886689848941
voter,rho_1_over_2pi,0.15915494309189535,16,5,970919,19,3000,0.2419993593601569,0.1875,2250,0.22068707818025704,0.11410857966869783,0.2847869507323569,0.08296531539190818
voter,rho_1_over_2pi,0.15915494309189535,16,6,971000,0,3000,0.32309930281485083,0.125,2250,0.22541396271532277,0.11694537173148008,0.18633488681757657,0.04771640068949905
voter,rho_1_over_2pi,0.15915494309189535,16,6,971001,1,3000,0.4136166155304366,0.1875,2250,0.22661357965374848,0.1156870423480264,0.148551930758988,0.03446411079693147
voter,rho_1_over_2pi,0.15915494309189535,16,6,971002,2,3000,0.12121420952002884,0.1875,2250,0.22433488359533418,0.10924326625382885,0.17243675099866845,0.04898780040083891
voter,rho_1_over_2pi,0.15915494309189535,16,6,971003,3,3000,0.13565657091021543,0.3125,2250,0.22201239422124272,0.11439232946545838,0.14730359520639147,0.03011523098932725
voter,rho_1_over_2pi,0.15915494309189535,16,6,971004,4,3000,0.08853730392307269,0.25,2250,0.21883591093643265,0.1140042184083827,0.17235352862849534,0.03007472690816513
voter,rho_1_over_2pi,0.15915494309189535,16,6,971005,5,3000,0.11986710613805623,0.125,2250,0.22170937311405065,0.11618194216598679,0.10635818908122503,0.028593636846194957
voter,rho_1_over_2pi,0.15915494309189535,16,6,971006,6,3000,0.176635770558931,0.125,2250,0.22674724702916677,0.11371207429773347,0.128245672436751,0.013867953624462848
voter,rho_1_over_2pi,0.15915494309189535,16,6,971007,7,3000,0.12916594537611711,0.1875,2250,0.2281793965608673,0.11758273780908997,0.19673768308921438,0.05626312332274187
voter,rho_1_over_2pi,0.15915494309189535,16,6,971008,8,3000,0.2833863456071038,0.125,2250,0.2184364873577452,0.11542812936123556,0.18159121171770973,0.01828621034217346
voter,rho_1_over_2pi,0.15915494309189535,16,6,971009,9,3000,0.28810692798421866,0.1875,2250,0.22344652602781856,0.11671316516763491,0.3190745672436751,0.056175038220610256
voter,rho_1_over_2pi,0.15915494309189535,16,6,971010,10,3000,0.2356651211186926,0.125,2250,0.22472073004300744,0.11563273690260696,0.16344873501997337,0.030409549718997963
voter,rho_1_over_2pi,0.15915494309189535,16,6,971011,11,3000,0.10006751028109831,0.1875,2250,0.22680084506938647,0.11550548678944428,0.1871671105193076,0.03733448653715639
voter,rho_1_over_2pi,0.15915494309189535,16,6,971012,12,3000,0.1679395025726314,0.1875,2250,0.21979831815560044,0.11100079124703355,0.19016311584553927,0.021950836857856124
voter,rho_1_over_2pi,0.15915494309189535,16,6,971013,13,3000,0.06865667112135955,0.1875,2250,0.22359503659125293,0.1148765679656737,0.10802263648468709,0.03820260333673708
voter,rho_1_over_2pi,0.15915494309189535,16,6,971014,14,3000,0.21788252761904123,0.125,2250,0.21939480121273933,0.11600009139194818,0.18375499334221038,0.052717413859823065
voter,rho_1_over_2pi,0.15915494309189535,16,6,971015,15,3000,0.2656259278899085,0.125,2250,0.22338029299108622,0.11486601513365255,0.17668109187749667,0.02364599299444389
voter,rho_1_over_2pi,0.15915494309189535,16,6,971016,16,3000,0.13901405859545826,0.1875,2250,0.2212534322507255,0.11781177487757093,0.125,0.0
voter,rho_1_over_2pi,0.15915494309189535,16,6,971017,17,3000,0.1729688326383745,0.125,2250,0.2230951325600832,0.11243762222829298,0.16927430093209053,0.045220159680780046
voter,rho_1_over_2pi,0.15915494309189535,16,6,971018,18,3000,0.27173362204893275,0.3125,2250,0.22068971688489084,0.1133835367439768,0.22170439414114515,0.06111446525589851
voter,rho_1_over_2pi,0.15915494309189535,16,6,971019,19,3000,0.10510158942681723,0.25,2250,0.22123452037009825,0.1169582617393017,0.2339380825565912,0.0577596824774166
voter,rho_1_over_3pi,0.1061032953945969,11,0,990000,0,3000,0.5420594526200282,0.18181818181818182,2250,1.0,0.0,1.0,0.0
voter,rho_1_over_3pi,0.1061032953945969,11,0,990001,1,3000,0.27960216369104884,0.18181818181818182,2250,0.9969232605506756,1.1102220403861953e-16,1.0,0.0
voter,rho_1_over_3pi,0.1061032953945969,11,0,990002,2,3000,0.2533734152147074,0.18181818181818182,2250,0.9999999999999999,0.0,1.0,0.0
voter,rho_1_over_3pi,0.1061032953945969,11,0,990003,3,3000,0.15570795138932036,0.18181818181818182,2250,0.2198165621266986,0.0,1.0,0.0
voter,rho_1_over_3pi,0.1061032953945969,11,0,990004,4,3000,0.24878450908015068,0.18181818181818182,2250,0.9955758975464422,1.1102220403861953e-16,1.0,0.0
voter,rho_1_over_3pi,0.1061032953945969,11,0,990005,5,3000,0.3277598425106452,0.18181818181818182,2250,0.9999885706158055,6.035387525838836e-05,0.9972158334342089,0.01566379481382091
voter,rho_1_over_3pi,0.1061032953945969,11,0,990006,6,3000,0.043517691528927455,0.18181818181818182,2250,0.41613398616854774,0.0,1.0,0.0
voter,rho_1_over_3pi,0.1061032953945969,11,0,990007,7,3000,0.13614219512765263,0.2727272727272727,2250,0.10102739034763263,0.0,1.0,0.0
voter,rho_1_over_3pi,0.1061032953945969,11,0,990008,8,3000,0.45153870456570466,0.09090909090909091,2250,1.0,0.0,1.0,0.0
voter,rho_1_over_3pi,0.1061032953945969,11,0,990009,9,3000,0.23105251886190772,0.18181818181818182,2250,1.0,0.0,1.0,0.0
voter,rho_1_over_3pi,0.1061032953945969,11,0,990010,10,3000,0.08312382120988983,0.18181818181818182,2250,0.9989396205930424,0.0008660265856875068,0.8929911632974216,0.08947212412423454
voter,rho_1_over_3pi,0.1061032953945969,11,0,990011,11,3000,0.15527645417978084,0.18181818181818182,2250,0.18376996131553008,0.08406291796389037,0.7271516765524755,0.09090901031603241
voter,rho_1_over_3pi,0.1061032953945969,11,0,990012,12,3000,0.18536990885747037,0.2727272727272727,2250,0.9986728565398746,0.0,0.9090909090909092,0.0
voter,rho_1_over_3pi,0.1061032953945969,11,0,990013,13,3000,0.32386940260359903,0.2727272727272727,2250,0.7846442863253951,0.0,1.0,0.0
voter,rho_1_over_3pi,0.1061032953945969,11,0,990014,14,3000,0.16534631343715353,0.2727272727272727,2250,1.0,0.0,1.0,0.0
voter,rho_1_over_3pi,0.1061032953945969,11,0,990015,15,3000,0.5057086972774371,0.18181818181818182,2250,0.7594649637928046,0.003243130857981858,0.6363636363636364,0.0
voter,rho_1_over_3pi,0.1061032953945969,11,0,990016,16,3000,0.10307730314593665,0.09090909090909091,2250,0.7888297897367891,0.0,0.9089698583706572,0.09090901031603235
voter,rho_1_over_3pi,0.1061032953945969,11,0,990017,17,3000,0.33772575092565593,0.09090909090909091,2250,1.0,0.0,1.0,0.0
voter,rho_1_over_3pi,0.1061032953945969,11,0,990018,18,3000,0.21639306561913518,0.18181818181818182,2250,0.9999999999999999,0.0,1.0,0.0
voter,rho_1_over_3pi,0.1061032953945969,11,0,990019,19,3000,0.2410042107746895,0.18181818181818182,2250,0.9567779104300291,0.14449170280705334,0.9647742404067303,0.1271119024503148
voter,rho_1_over_3pi,0.1061032953945969,11,0.20000000000000001,991100,0,3000,0.3733101010921754,0.18181818181818182,2250,0.7306335790049174,0.15928664317757832,0.6927732720009684,0.12038005716905156
voter,rho_1_over_3pi,0.1061032953945969,11,0.20000000000000001,991101,1,3000,0.41488649346870843,0.09090909090909091,2250,0.8717791480246672,0.1395009967244609,0.7859823265948432,0.20373271363376316
voter,rho_1_over_3pi,0.1061032953945969,11,0.20000000000000001,991102,2,3000,0.2910394485203472,0.18181818181818182,2250,0.9402301300175967,0.06483868733205463,0.8169713109793003,0.1432170710827599
voter,rho_1_over_3pi,0.1061032953945969,11,0.20000000000000001,991103,3,3000,0.48333457968440235,0.18181818181818182,2250,0.8183059124278982,0.11991679377742444,0.5477545091393293,0.035188509521752585
voter,rho_1_over_3pi,0.1061032953945969,11,0.20000000000000001,991104,4,3000,0.2777664402082544,0.18181818181818182,2250,0.7388324966274473,0.04790893349221504,0.8169713109793004,0.015512450251853301
voter,rho_1_over_3pi,0.1061032953945969,11,0.20000000000000001,991105,5,3000,0.3134473371676616,0.18181818181818182,2250,0.9261591723851531,0.10199298089960226,0.8445708751967074,0.2152099337188821
voter,rho_1_over_3pi,0.1061032953945969,11,0.20000000000000001,991106,6,3000,0.24767392323683898,0.2727272727272727,2250,0.8183179214083206,0.14272721150940057,0.6339426219586006,0.1494439656900573
voter,rho_1_over_3pi,0.1061032953945969,11,0.20000000000000001,991107,7,3000,0.2596383373859106,0.18181818181818182,2250,0.9560088590480531,0.03398347390699185,0.7155308074083041,0.14695657150518637
voter,rho_1_over_3pi,0.1061032953945969,11,0.20000000000000001,991108,8,3000,0.4449507603469027,0.18181818181818182,2250,0.8961063995962927,0.061021861250160805,0.6197796876891417,0.1684992110491053
voter,rho_1_over_3pi,0.1061032953945969,11,0.20000000000000001,991109,9,3000,0.19276957385525256,0.18181818181818182,2250,0.6769762009502299,0.310632139553326,0.6501634184723399,0.2450934831391433
voter,rho_1_over_3pi,0.1061032953945969,11,0.20000000000000001,991110,10,3000,0.19771066698880163,0.18181818181818182,2250,0.976428919609271,0.02571889605788251,1.0,0.0
voter,rho_1_over_3pi,0.1061032953945969,11,0.20000000000000001,991111,11,3000,0.0945648187507988,0.2727272727272727,2250,0.6371268049735348,0.21890528459525532,0.5335915748698705,0.12654658737814511
voter,rho_1_over_3pi,0.1061032953945969,11,0.20000000000000001,991112,12,3000,0.14659418238245922,0.18181818181818182,2250,0.6181631685295912,0.22075131942666748,0.7373199370536255,0.1761564585877891
voter,rho_1_over_3pi,0.1061032953945969,11,0.20000000000000001,991113,13,3000,0.4904813236195715,0.18181818181818182,2250,0.7746911477825471,0.20416819582999943,0.6712262437961506,0.10706031195848413
voter,rho_1_over_3pi,0.1061032953945969,11,0.20000000000000001,991114,14,3000,0.17415856016898928,0.18181818181818182,2250,0.9737693057398357,0.0389279355550745,1.0,0.0
voter,rho_1_over_3pi,0.1061032953945969,11,0.20000000000000001,991115,15,3000,0.044744895879777036,0.18181818181818182,2250,0.7821644515611036,0.12628524604265273,0.5454545454545454,0.0
voter,rho_1_over_3pi,0.1061032953945969,11,0.20000000000000001,991116,16,3000,0.2837679220613568,0.18181818181818182,2250,0.448821636853258,0.17233474062368548,0.6470160997457934,0.06132004624875081
voter,rho_1_over_3pi,0.1061032953945969,11,0.20000000000000001,991117,17,3000,0.1960591834294613,0.45454545454545453,2250,0.8566009085057238,0.14541361900844835,0.6759472218859702,0.18614326293031375
voter,rho_1_over_3pi,0.1061032953945969,11,0.20000000000000001,991118,18,3000,0.19749111431291314,0.09090909090909091,2250,0.7661737659369766,0.0948522373127752,0.5453334947342936,0.003315110504207517
voter,rho_1_over_3pi,0.1061032953945969,11,0.20000000000000001,991119,19,3000,0.14652659818250527,0.18181818181818182,2250,0.6436356504636093,0.17594660841481496,0.44449824476455635,0.15388313032827375
voter,rho_1_over_3pi,0.1061032953945969,11,0.40000000000000002,991200,0,3000,0.29998571409346947,0.18181818181818182,2250,0.3040686757768259,0.11151733894931662,0.3672678852439172,0.018999179521790102
voter,rho_1_over_3pi,0.1061032953945969,11,0.40000000000000002,991201,1,3000,0.20018494515701682,0.36363636363636365,2250,0.801491803616241,0.16929590003944492,0.8952911269822056,0.1325556790860687
voter,rho_1_over_3pi,0.1061032953945969,11,0.40000000000000002,991202,2,3000,0.17641349754861577,0.2727272727272727,2250,0.6635833540112307,0.20808364765087148,0.7080256627526934,0.17375084191298618
voter,rho_1_over_3pi,0.1061032953945969,11,0.40000000000000002,991203,3,3000,0.3679615095198308,0.09090909090909091,2250,0.41067482770767993,0.254864114248018,0.4874712504539402,0.09747988346504108
voter,rho_1_over_3pi,0.1061032953945969,11,0.40000000000000002,991204,4,3000,0.6467576811415957,0.18181818181818182,2250,0.8787614318155712,0.09958314451169499,0.748335552596538,0.21436370280112357
voter,rho_1_over_3pi,0.1061032953945969,11,0.40000000000000002,991205,5,3000,0.22145924215520266,0.2727272727272727,2250,0.6561318943748778,0.21907276352113422,0.5901222612274543,0.26379876663882224
voter,rho_1_over_3pi,0.1061032953945969,11,0.40000000000000002,991206,6,3000,0.33538276939107564,0.09090909090909091,2250,0.7297157508173752,0.19813248827690544,0.7304200459992737,0.05462003806600859
voter,rho_1_over_3pi,0.1061032953945969,11,0.40000000000000002,991207,7,3000,0.19102653128827393,0.18181818181818182,2250,0.6602524998947882,0.255277449761329,0.6875680910301416,0.20392063636638516
voter,rho_1_over_3pi,0.1061032953945969,11,0.40000000000000002,991208,8,3000,0.1049218005790197,0.18181818181818182,2250,0.4919124349451126,0.1768846197085392,0.46652947585038135,0.030754507240876586
voter,rho_1_over_3pi,0.1061032953945969,11,0.40000000000000002,991209,9,3000,0.47611410773307467,0.09090909090909091,2250,0.9262979023206853,0.07313502378559061,0.9479481902917322,0.10666072894476823
voter,rho_1_over_3pi,0.1061032953945969,11,0.40000000000000002,991210,10,3000,0.18059251483666316,0.18181818181818182,2250,0.7945312520584431,0.165121322010723,0.5850381309768793,0.0818388817562498
voter,rho_1_over_3pi,0.1061032953945969,11,0.40000000000000002,991211,11,3000,0.23565417791108123,0.18181818181818182,2250,0.8015889710037303,0.1628827555330202,0.8181818181818182,0.20019688562580834
voter,rho_1_over_3pi,0.1061032953945969,11,0.40000000000000002,991212,12,3000,0.08565281954150304,0.18181818181818182,2250,0.8458769406513635,0.10791766014044717,0.9110277206149378,0.09082789747707343
voter,rho_1_over_3pi,0.1061032953945969,11,0.40000000000000002,991213,13,3000,0.2995359165358879,0.18181818181818182,2250,0.7081457277870239,0.10998466399830573,0.7992979058225396,0.04982557048803412
voter,rho_1_over_3pi,0.1061032953945969,11,0.40000000000000002,991214,14,3000,0.28157265003298115,0.2727272727272727,2250,0.49391772842759635,0.21809094536176604,0.46713472945164025,0.04615700630660991
voter,rho_1_over_3pi,0.1061032953945969,11,0.40000000000000002,991215,15,3000,0.2707177990773021,0.36363636363636365,2250,0.4498182498559948,0.1861559264864523,0.30492676431424764,0.07792413877355163
voter,rho_1_over_3pi,0.1061032953945969,11,0.40000000000000002,991216,16,3000,0.09246535364878779,0.18181818181818182,2250,0.7838183474268853,0.2210538415657991,0.8367025783803413,0.15438300314228234
voter,rho_1_over_3pi,0.1061032953945969,11,0.40000000000000002,991217,17,3000,0.27547011650068043,0.18181818181818182,2250,0.5773255564132955,0.27766185578778957,0.44122987531775815,0.11886416432804964
voter,rho_1_over_3pi,0.1061032953945969,11,0.40000000000000002,991218,18,3000,0.5587162626880939,0.18181818181818182,2250,0.6524348049939221,0.2226253758490087,0.6447161360610095,0.16515657393751218
voter,rho_1_over_3pi,0.1061032953945969,11,0.40000000000000002,991219,19,3000,0.3103870420005237,0.18181818181818182,2250,0.9440726963935397,0.052790620979462244,0.9992736956784893,0.008093216148382416
voter,rho_1_over_3pi,0.1061032953945969,11,0.5,990100,0,3000,0.14270486057926768,0.09090909090909091,2250,0.6347865498763322,0.2958211420951207,0.530444256143324,0.0337529698005822
voter,rho_1_over_3pi,0.1061032953945969,11,0.5,990101,1,3000,0.3089496210242421,0.36363636363636365,2250,0.7396605944431235,0.20886034788952423,0.8606706209901949,0.1547788610491666
voter,rho_1_over_3pi,0.1061032953945969,11,0.5,990102,2,3000,0.279150652325276,0.2727272727272727,2250,0.8576858725305775,0.12905104168033035,0.7456724367509987,0.23614181591228564
voter,rho_1_over_3pi,0.1061032953945969,11,0.5,990103,3,3000,0.08992709645230622,0.18181818181818182,2250,0.5982447440069231,0.12246529122584662,0.5791066456845417,0.1191048049720377
voter,rho_1_over_3pi,0.1061032953945969,11,0.5,990104,4,3000,0.3378013186416522,0.2727272727272727,2250,0.515526475384735,0.22917404932388513,0.46665052657063305,0.03906620141409035
voter,rho_1_over_3pi,0.1061032953945969,11,0.5,990105,5,3000,0.15449507486210076,0.36363636363636365,2250,0.7252894778974972,0.15643288233563776,0.7077835613121898,0.12977822821533708
voter,rho_1_over_3pi,0.1061032953945969,11,0.5,990106,6,3000,0.5763718623667479,0.18181818181818182,2250,0.632019333747099,0.20841404893449594,0.7114150829197433,0.20417420840388234
voter,rho_1_over_3pi,0.1061032953945969,11,0.5,990107,7,3000,0.30111469926570983,0.18181818181818182,2250,0.6542298312930745,0.22588417300093183,0.6766735262074809,0.13341008610941943
voter,rho_1_over_3pi,0.1061032953945969,11,0.5,990108,8,3000,0.3698816081000237,0.2727272727272727,2250,0.7001254026043241,0.2329325454436387,0.7835613121898076,0.18033177329701333
voter,rho_1_over_3pi,0.1061032953945969,11,0.5,990109,9,3000,0.3067554090910994,0.2727272727272727,2250,0.7672983211708758,0.13987985592900692,0.8576443529839003,0.08329626634179592
voter,rho_1_over_3pi,0.1061032953945969,11,0.5,990110,10,3000,0.08664675309664224,0.2727272727272727,2250,0.861384215798828,0.11148121199486491,0.9431061614816608,0.08430554794739674
voter,rho_1_over_3pi,0.1061032953945969,11,0.5,990111,11,3000,0.24392652044503843,0.18181818181818182,2250,0.5530772111410256,0.29058332701627154,0.6052536012589275,0.15349737288686188
voter,rho_1_over_3pi,0.1061032953945969,11,0.5,990112,12,3000,0.2467324623379086,0.18181818181818182,2250,0.6601542559580625,0.22183665030444355,0.652342331436872,0.17252611375151114
voter,rho_1_over_3pi,0.1061032953945969,11,0.5,990113,13,3000,0.6335931029586314,0.18181818181818182,2250,0.8859886302871671,0.09821214700316615,0.9885001815760804,0.03021907038204562
voter,rho_1_over_3pi,0.1061032953945969,11,0.5,990114,14,3000,0.3873085527511775,0.09090909090909091,2250,0.6352991577835004,0.13927871081971246,0.6982205544122988,0.06661970053549042
voter,rho_1_over_3pi,0.1061032953945969,11,0.5,990115,15,3000,0.39117034049556504,0.2727272727272727,2250,0.920778661303724,0.0584145268098457,0.9898317394988501,0.028652989314679116
voter,rho_1_over_3pi,0.1061032953945969,11,0.5,990116,16,3000,0.3417240246545698,0.18181818181818182,2250,0.39392156687927704,0.15038295570782861,0.3941411451398136,0.0502484441358004
voter,rho_1_over_3pi,0.1061032953945969,11,0.5,990117,17,3000,0.31408128879300334,0.18181818181818182,2250,0.9099533096875568,0.08535239898029136,1.0,0.0
voter,rho_1_over_3pi,0.1061032953945969,11,0.5,990118,18,3000,0.23621558936647225,0.09090909090909091,2250,0.8001361434512017,0.17976833773026918,0.950369204696768,0.08471613384700458
voter,rho_1_over_3pi,0.1061032953945969,11,0.5,990119,19,3000,0.29211586702766196,0.18181818181818182,2250,0.859386827297403,0.13319961659379267,0.9392325384336037,0.16588065655124845
voter,rho_1_over_3pi,0.1061032953945969,11,0.59999999999999998,991300,0,3000,0.15205701786250256,0.09090909090909091,2250,0.7361551845816255,0.19137797907667875,0.80813460840092,0.15643640812397566
voter,rho_1_over_3pi,0.1061032953945969,11,0.59999999999999998,991301,1,3000,0.04835974961952745,0.2727272727272727,2250,0.8097620048737044,0.14242623849062408,0.860549570269943,0.18196592939130482
voter,rho_1_over_3pi,0.1061032953945969,11,0.59999999999999998,991302,2,3000,0.5079882695516718,0.09090909090909091,2250,0.8599836844409644,0.11332045259702382,0.9817213412419804,0.05770984382544609
voter,rho_1_over_3pi,0.1061032953945969,11,0.59999999999999998,991303,3,3000,0.3978220266774176,0.18181818181818182,2250,0.5079681506138387,0.24277792852265795,0.5323810676673526,0.12858492747322361
voter,rho_1_over_3pi,0.1061032953945969,11,0.59999999999999998,991304,4,3000,0.1803774683243905,0.2727272727272727,2250,0.6812589816362624,0.2399729078189722,0.5645805592543275,0.09197767970316988
voter,rho_1_over_3pi,0.1061032953945969,11,0.59999999999999998,991305,5,3000,0.027067044349470614,0.18181818181818182,2250,0.7815615441993276,0.1290566151070744,0.8569180486623896,0.07444766916850769
voter,rho_1_over_3pi,0.1061032953945969,11,0.59999999999999998,991306,6,3000,0.3169019951953405,0.2727272727272727,2250,0.6414153499089699,0.2112587754022757,0.6426582738167292,0.1820721947750049
voter,rho_1_over_3pi,0.1061032953945969,11,0.59999999999999998,991307,7,3000,0.36561841042359666,0.18181818181818182,2250,0.5232004420202331,0.2269502461919503,0.6093693257474881,0.1725893777401751
voter,rho_1_over_3pi,0.1061032953945969,11,0.59999999999999998,991308,8,3000,0.1557689865322018,0.45454545454545453,2250,0.7623278895323662,0.1320045009432512,0.8402130492676432,0.05933214336330586
voter,rho_1_over_3pi,0.1061032953945969,11,0.59999999999999998,991309,9,3000,0.47835188889651176,0.09090909090909091,2250,0.6030060621696318,0.1595942207677367,0.513497155308074,0.08542956794695541
voter,rho_1_over_3pi,0.1061032953945969,11,0.59999999999999998,991310,10,3000,0.1253412823007742,0.18181818181818182,2250,0.6146904565587586,0.21837355481875,0.5515070814671348,0.1476364280821831
voter,rho_1_over_3pi,0.1061032953945969,11,0.59999999999999998,991311,11,3000,0.2723631179660694,0.09090909090909091,2250,0.5103942364560093,0.23082916922716398,0.4641084614453456,0.05081997004627116
voter,rho_1_over_3pi,0.1061032953945969,11,0.59999999999999998,991312,12,3000,0.17500142727950518,0.18181818181818182,2250,0.6637879078866737,0.1433405644427699,0.7368357341726184,0.09040471065685679
voter,rho_1_over_3pi,0.1061032953945969,11,0.59999999999999998,991313,13,3000,0.6289756813148614,0.18181818181818182,2250,0.493851045494267,0.19364686763385586,0.3767098414235565,0.09420655160144514
voter,rho_1_over_3pi,0.1061032953945969,11,0.59999999999999998,991314,14,3000,0.187182092773027,0.09090909090909091,2250,0.5433355410872649,0.1603878909312403,0.6476213533470524,0.08256617531653627
voter,rho_1_over_3pi,0.1061032953945969,11,0.59999999999999998,991315,15,3000,0.29372025298690957,0.18181818181818182,2250,0.5599221085616783,0.16077750309886443,0.5223338578864544,0.1122227011269621
voter,rho_1_over_3pi,0.1061032953945969,11,0.59999999999999998,991316,16,3000,0.40772959712109585,0.18181818181818182,2250,0.7345759509291238,0.13994768851685443,0.8305289916475004,0.10770548631691668
voter,rho_1_over_3pi,0.1061032953945969,11,0.59999999999999998,991317,17,3000,0.28076979052631085,0.18181818181818182,2250,0.42039487695073224,0.20111806057425108,0.4987289674373563,0.12991037869681463
voter,rho_1_over_3pi,0.1061032953945969,11,0.59999999999999998,991318,18,3000,0.24051862915661493,0.18181818181818182,2250,0.5456065075605638,0.2954445988233371,0.5412177702457329,0.019162753415136072
voter,rho_1_over_3pi,0.1061032953945969,11,0.59999999999999998,991319,19,3000,0.12406369373764385,0.18181818181818182,2250,0.6473213587735783,0.16173801625997736,0.633700520518097,0.09679274935676034
voter,rho_1_over_3pi,0.1061032953945969,11,0.80000000000000004,991400,0,3000,0.021517888837975955,0.18181818181818182,2250,0.49789346546940094,0.20015370377968594,0.4641084614453456,0.14576175594490767
voter,rho_1_over_3pi,0.1061032953945969,11,0.80000000000000004,991401,1,3000,0.46321805477697037,0.18181818181818182,2250,0.4571901070036573,0.20995720109718308,0.4973974095145866,0.22769321922605507
voter,rho_1_over_3pi,0.1061032953945969,11,0.80000000000000004,991402,2,3000,0.09414718746842711,0.18181818181818182,2250,0.7021221724468739,0.1505890561470567,0.8321026510107735,0.13874926280942115
voter,rho_1_over_3pi,0.1061032953945969,11,0.80000000000000004,991403,3,3000,0.31505156499695564,0.2727272727272727,2250,0.5282440202196336,0.162091402822944,0.6477424040673042,0.14369143706263487
voter,rho_1_over_3pi,0.1061032953945969,11,0.80000000000000004,991404,4,3000,0.20421358952990534,0.18181818181818182,2250,0.4872726356141864,0.17984220982340687,0.5155550175523543,0.06665774173520013
voter,rho_1_over_3pi,0.1061032953945969,11,0.80000000000000004,991405,5,3000,0.18039160986825745,0.18181818181818182,2250,0.6002764112224693,0.20489529747141186,0.6278900859460114,0.16478351370522396
voter,rho_1_over_3pi,0.1061032953945969,11,0.80000000000000004,991406,6,3000,0.3486525571924772,0.18181818181818182,2250,0.6209931681136729,0.21597972416184794,0.5709962474276722,0.08712103677281033
voter,rho_1_over_3pi,0.1061032953945969,11,0.80000000000000004,991407,7,3000,0.47938425356351927,0.18181818181818182,2250,0.46790591762923756,0.21219950800859874,0.46773998305289916,0.13658255277334974
voter,rho_1_over_3pi,0.1061032953945969,11,0.80000000000000004,991408,8,3000,0.15730014977858572,0.18181818181818182,2250,0.47724287113666275,0.19398379102928084,0.5360125892749062,0.18712444612214504
voter,rho_1_over_3pi,0.1061032953945969,11,0.80000000000000004,991409,9,3000,0.22910736597889736,0.2727272727272727,2250,0.49674625755904445,0.21333447289929702,0.48505023604890446,0.16344124622188183
voter,rho_1_over_3pi,0.1061032953945969,11,0.80000000000000004,991410,10,3000,0.03093263506540023,0.18181818181818182,2250,0.42628942521197305,0.20998848387416336,0.32853165476334584,0.09918819492516762
voter,rho_1_over_3pi,0.1061032953945969,11,0.80000000000000004,991411,11,3000,0.07881662699573855,0.2727272727272727,2250,0.7700627105221208,0.1749245674808875,1.0,0.0
voter,rho_1_over_3pi,0.1061032953945969,11,0.80000000000000004,991412,12,3000,0.2627212430417335,0.18181818181818182,2250,0.48756764555290977,0.14911033927017214,0.47681878707178305,0.09138712079655381
voter,rho_1_over_3pi,0.1061032953945969,11,0.80000000000000004,991413,13,3000,0.39195435543756035,0.18181818181818182,2250,0.569316768943829,0.19857419131645937,0.5316547633458418,0.1318063923381305
voter,rho_1_over_3pi,0.1061032953945969,11,0.80000000000000004,991414,14,3000,0.09560978440348031,0.18181818181818182,2250,0.580835820728353,0.24316990985467332,0.6666263164265828,0.22850477407487488
voter,rho_1_over_3pi,0.1061032953945969,11,0.80000000000000004,991415,15,3000,0.2773570245986022,0.18181818181818182,2250,0.5169492255015902,0.19425677002181155,0.5472703062583223,0.13792634017510128
voter,rho_1_over_3pi,0.1061032953945969,11,0.80000000000000004,991416,16,3000,0.4501121139934948,0.09090909090909091,2250,0.5129367861834493,0.2090099510989957,0.45369809950369205,0.12336392871646974
voter,rho_1_over_3pi,0.1061032953945969,11,0.80000000000000004,991417,17,3000,0.1917952141603612,0.18181818181818182,2250,0.38946537252446917,0.16457917316208392,0.46120324415930275,0.12954429339980947
voter,rho_1_over_3pi,0.1061032953945969,11,0.80000000000000004,991418,18,3000,0.3514396747952188,0.18181818181818182,2250,0.42371952040374555,0.20292172306865808,0.4889238590969616,0.08513317375964542
voter,rho_1_over_3pi,0.1061032953945969,11,0.80000000000000004,991419,19,3000,0.1478168704775758,0.18181818181818182,2250,0.5848534580767973,0.16656731272218855,0.6363636363636364,0.0
voter,rho_1_over_3pi,0.1061032953945969,11,1,990200,0,3000,0.2928804954944988,0.18181818181818182,2250,0.5490580924362309,0.2479696270183874,0.5523544365088973,0.057330520805485174
voter,rho_1_over_3pi,0.1061032953945969,11,1,990201,1,3000,0.1581177186469898,0.2727272727272727,2250,0.5201558589938962,0.23743565104770947,0.6226849049751846,0.24072858546764977
voter,rho_1_over_3pi,0.1061032953945969,11,1,990202,2,3000,0.2900263203313633,0.18181818181818182,2250,0.5693828335928104,0.1620481053417376,0.63321631763709,0.01661969521576805
voter,rho_1_over_3pi,0.1061032953945969,11,1,990203,3,3000,0.16606739831618963,0.18181818181818182,2250,0.46403044961422024,0.20300466051463215,0.4739135697857402,0.0992933244421843
voter,rho_1_over_3pi,0.1061032953945969,11,1,990204,4,3000,0.17477088755118125,0.09090909090909091,2250,0.46853491176860246,0.1716351305427077,0.5454545454545454,0.0
voter,rho_1_over_3pi,0.1061032953945969,11,1,990205,5,3000,0.4996733126908383,0.18181818181818182,2250,0.5618892116301587,0.16659618471522458,0.6362425856433845,0.003315110504207519
voter,rho_1_over_3pi,0.1061032953945969,11,1,990206,6,3000,0.2044368657570609,0.18181818181818182,2250,0.4536106502928661,0.23901286677695155,0.5000605253601258,0.045454505158016176
voter,rho_1_over_3pi,0.1061032953945969,11,1,990207,7,3000,0.34077284186228896,0.18181818181818182,2250,0.5344140781327203,0.19461611200375037,0.6742525118024453,0.12109574274709207
voter,rho_1_over_3pi,0.1061032953945969,11,1,990208,8,3000,0.20109430874873677,0.18181818181818182,2250,0.5491278340320483,0.21885491105281363,0.6690473308316184,0.22491647300862616
voter,rho_1_over_3pi,0.1061032953945969,11,1,990209,9,3000,0.08222931488291502,0.18181818181818182,2250,0.5271215614661144,0.23950401979667957,0.5550175523544365,0.116470043640502
voter,rho_1_over_3pi,0.1061032953945969,11,1,990210,10,3000,0.2303413287340133,0.18181818181818182,2250,0.3566494877491822,0.1685550284618439,0.38748335552596536,0.06711517427125015
voter,rho_1_over_3pi,0.1061032953945969,11,1,990211,11,3000,0.2912645677787411,0.18181818181818182,2250,0.49761779292150443,0.18856207605630912,0.6753419682847113,0.12296203222867223
voter,rho_1_over_3pi,0.1061032953945969,11,1,990212,12,3000,0.39668683769123997,0.18181818181818182,2250,0.5999515761322991,0.19968475853669712,0.7680668199975791,0.1653269240157961
voter,rho_1_over_3pi,0.1061032953945969,11,1,990213,13,3000,0.21156932404981055,0.2727272727272727,2250,0.4319192955621647,0.20545529348246372,0.5868538917806562,0.202770904892785
voter,rho_1_over_3pi,0.1061032953945969,11,1,990214,14,3000,0.25147816346136265,0.09090909090909091,2250,0.5269059105884316,0.22104964335542998,0.5097445829802687,0.08294103496269684
voter,rho_1_over_3pi,0.1061032953945969,11,1,990215,15,3000,0.3048262044262755,0.18181818181818182,2250,0.5093404566088382,0.15795153100091067,0.640479360852197,0.08196269091669899
voter,rho_1_over_3pi,0.1061032953945969,11,1,990216,16,3000,0.5050677541650993,0.18181818181818182,2250,0.5831225635851707,0.17100358601838597,0.6346689262801114,0.14420763717354207
voter,rho_1_over_3pi,0.1061032953945969,11,1,990217,17,3000,0.059469266991924605,0.18181818181818182,2250,0.467763694141934,0.20010043075861741,0.5087761772182544,0.0948052053879571
voter,rho_1_over_3pi,0.1061032953945969,11,1,990218,18,3000,0.2537714237096194,0.2727272727272727,2250,0.47854809566603496,0.2029203096598502,0.5459387483355526,0.16298741159172678
voter,rho_1_over_3pi,0.1061032953945969,11,1,990219,19,3000,0.35475894292172316,0.18181818181818182,2250,0.3642253641660384,0.1720953832919233,0.444135092603801,0.1287424348733789
voter,rho_1_over_3pi,0.1061032953945969,11,1.2,991500,0,3000,0.36596906894376213,0.2727272727272727,2250,0.4769492470494832,0.20452531172661426,0.5454545454545454,0.0
voter,rho_1_over_3pi,0.1061032953945969,11,1.2,991501,1,3000,0.3302312666676926,0.2727272727272727,2250,0.43086520653928073,0.1741228489754001,0.5661542186176007,0.09818728295306295
voter,rho_1_over_3pi,0.1061032953945969,11,1.2,991502,2,3000,0.5776517375347185,0.18181818181818182,2250,0.5947899287412949,0.18729625903236952,0.8175765645805593,0.0073930185133046725
voter,rho_1_over_3pi,0.1061032953945969,11,1.2,991503,3,3000,0.06281218100299334,0.18181818181818182,2250,0.37915633384046954,0.18362274872915035,0.47355041762498484,0.06832216751729102
voter,rho_1_over_3pi,0.1061032953945969,11,1.2,991504,4,3000,0.16709801574173413,0.18181818181818182,2250,0.49302264136300694,0.16897540374471007,0.6432635274179881,0.09161292533407676
voter,rho_1_over_3pi,0.1061032953945969,11,1.2,991505,5,3000,0.2344521928599748,0.18181818181818182,2250,0.48997856528655453,0.1513300843910482,0.6380583464471614,0.017471607362468198
voter,rho_1_over_3pi,0.1061032953945969,11,1.2,991506,6,3000,0.20776638386584845,0.2727272727272727,2250,0.4849541869577848,0.1886387099943323,0.587459145381915,0.11252847869214291
voter,rho_1_over_3pi,0.1061032953945969,11,1.2,991507,7,3000,0.0709785580804939,0.18181818181818182,2250,0.3974659262739413,0.21509885030908743,0.4319089698583707,0.10974447883333888
voter,rho_1_over_3pi,0.1061032953945969,11,1.2,991508,8,3000,0.38491542303547416,0.2727272727272727,2250,0.4690361702062468,0.19630175382950887,0.4440140418835492,0.133557514866835
voter,rho_1_over_3pi,0.1061032953945969,11,1.2,991509,9,3000,0.09792910862893091,0.2727272727272727,2250,0.4797715195197767,0.21005095879665936,0.6074325142234597,0.060165252423323864
voter,rho_1_over_3pi,0.1061032953945969,11,1.2,991510,10,3000,0.4570124938544687,0.18181818181818182,2250,0.4064271919225905,0.1841883007846589,0.4591453819150224,0.03574051983629225
voter,rho_1_over_3pi,0.1061032953945969,11,1.2,991511,11,3000,0.49017371455855385,0.2727272727272727,2250,0.42617852834553827,0.178622408008625,0.48166081588185444,0.09307359945498944
voter,rho_1_over_3pi,0.1061032953945969,11,1.2,991512,12,3000,0.5315053288702691,0.18181818181818182,2250,0.47189886987261564,0.19642442005358587,0.6248638179397167,0.05520948048622847
voter,rho_1_over_3pi,0.1061032953945969,11,1.2,991513,13,3000,0.21870043797977032,0.18181818181818182,2250,0.3269552768858696,0.16427906864547107,0.40430940564096357,0.06291307677583495
voter,rho_1_over_3pi,0.1061032953945969,11,1.2,991514,14,3000,0.42243883112784886,0.18181818181818182,2250,0.5149255320208128,0.21101315702413123,0.6140903038373079,0.217756686822735
voter,rho_1_over_3pi,0.1061032953945969,11,1.2,991515,15,3000,0.21836852743457325,0.09090909090909091,2250,0.43604159587156627,0.1714080149818357,0.5482387120203366,0.11869774648408853
voter,rho_1_over_3pi,0.1061032953945969,11,1.2,991516,16,3000,0.12695876257958397,0.18181818181818182,2250,0.5033736602639903,0.18086066863031072,0.6800629463745309,0.16310523360497423
voter,rho_1_over_3pi,0.1061032953945969,11,1.2,991517,17,3000,0.42639333882706415,0.36363636363636365,2250,0.3499344155895686,0.14956798807405342,0.3247790824355405,0.04984762247077667
voter,rho_1_over_3pi,0.1061032953945969,11,1.2,991518,18,3000,0.2637676938408252,0.18181818181818182,2250,0.38961980041290395,0.18350041461595898,0.4697978452971795,0.11609956846433322
voter,rho_1_over_3pi,0.1061032953945969,11,1.2,991519,19,3000,0.316425242747663,0.2727272727272727,2250,0.3371539039330511,0.16010246329701383,0.41072509381430816,0.045425159799049104
voter,rho_1_over_3pi,0.1061032953945969,11,1.3999999999999999,991600,0,3000,0.23324283887300898,0.18181818181818182,2250,0.311322409281578,0.15031454375320152,0.3389420167049994,0.08577603129305589
voter,rho_1_over_3pi,0.1061032953945969,11,1.3999999999999999,991601,1,3000,0.457822920271148,0.09090909090909091,2250,0.32175638935525014,0.1500986313495261,0.3440261469555744,0.04750311595472255
voter,rho_1_over_3pi,0.1061032953945969,11,1.3999999999999999,991602,2,3000,0.290773033650981,0.36363636363636365,2250,0.41066038062115184,0.18831758526370082,0.44147197675826166,0.10628211876732348
voter,rho_1_over_3pi,0.1061032953945969,11,1.3999999999999999,991603,3,3000,0.25828213782505977,0.2727272727272727,2250,0.40975133115667006,0.19948026546397668,0.3923253843360368,0.08406691459500427
voter,rho_1_over_3pi,0.1061032953945969,11,1.3999999999999999,991604,4,3000,0.1427303718488702,0.18181818181818182,2250,0.5115212239608464,0.17899958195004234,0.729088488076504,0.11703607829647743
voter,rho_1_over_3pi,0.1061032953945969,11,1.3999999999999999,991605,5,3000,0.27265862478896374,0.09090909090909091,2250,0.35732068442691256,0.16798805540174974,0.3654521244401404,0.06852497267901055
voter,rho_1_over_3pi,0.1061032953945969,11,1.3999999999999999,991606,6,3000,0.42833962478028215,0.2727272727272727,2250,0.39466958069921426,0.17265355591497658,0.4419561796392688,0.07605261376577369
voter,rho_1_over_3pi,0.1061032953945969,11,1.3999999999999999,991607,7,3000,0.15927176702578014,0.18181818181818182,2250,0.43243933593123385,0.20529990839713996,0.4603558891175402,0.02223646048314738
voter,rho_1_over_3pi,0.1061032953945969,11,1.3999999999999999,991608,8,3000,0.40430337774499775,0.18181818181818182,2250,0.40228387584232383,0.1939113137227009,0.3827623774361457,0.07393672558397625
voter,rho_1_over_3pi,0.1061032953945969,11,1.3999999999999999,991609,9,3000,0.09506651130931255,0.2727272727272727,2250,0.3806137711938675,0.18777346013976828,0.358915385546544,0.020171568908309605
voter,rho_1_over_3pi,0.1061032953945969,11,1.3999999999999999,991610,10,3000,0.01619139942055884,0.18181818181818182,2250,0.3801997019708813,0.18871493948720208,0.339184118145503,0.11247950592245329
voter,rho_1_over_3pi,0.1061032953945969,11,1.3999999999999999,991611,11,3000,0.183542160250519,0.09090909090909091,2250,0.42650120695004706,0.20261646444221923,0.5459387483355526,0.22650223334983502
voter,rho_1_over_3pi,0.1061032953945969,11,1.3999999999999999,991612,12,3000,0.3328924589134295,0.09090909090909091,2250,0.40355912556379187,0.1742293067823771,0.4717346568212081,0.10988045327841212
voter,rho_1_over_3pi,0.1061032953945969,11,1.3999999999999999,991613,13,3000,0.4231965110409977,0.18181818181818182,2250,0.3239215903074081,0.15877951732491374,0.3355525965379494,0.07711111408826936
voter,rho_1_over_3pi,0.1061032953945969,11,1.3999999999999999,991614,14,3000,0.4039459130715733,0.18181818181818182,2250,0.34250754256025495,0.16527242545319384,0.3624258564338458,0.010420210248956471
voter,rho_1_over_3pi,0.1061032953945969,11,1.3999999999999999,991615,15,3000,0.07463136327763621,0.18181818181818182,2250,0.4571295797058811,0.18761064254869778,0.6105798329500061,0.06281820963723095
voter,rho_1_over_3pi,0.1061032953945969,11,1.3999999999999999,991616,16,3000,0.23756349341380434,0.09090909090909091,2250,0.34179092302564285,0.1714605459305035,0.39728846386636,0.12662831122620194
voter,rho_1_over_3pi,0.1061032953945969,11,1.3999999999999999,991617,17,3000,0.23066775771829018,0.18181818181818182,2250,0.4182567523526191,0.14890651423259962,0.5228180607674615,0.058823924617933954
voter,rho_1_over_3pi,0.1061032953945969,11,1.3999999999999999,991618,18,3000,0.11703175166142117,0.18181818181818182,2250,0.31879790108529293,0.15950723333546815,0.38336763103740473,0.05447094106955255
voter,rho_1_over_3pi,0.1061032953945969,11,1.3999999999999999,991619,19,3000,0.46211516284811344,0.18181818181818182,2250,0.3698446601536511,0.17231965372173894,0.38167292095387967,0.08910188219139543
voter,rho_1_over_3pi,0.1061032953945969,11,1.5,990300,0,3000,0.15579441454716406,0.36363636363636365,2250,0.34501885477943195,0.17005031206842597,0.3636363636363637,0.0
voter,rho_1_over_3pi,0.1061032953945969,11,1.5,990301,1,3000,0.442473407298597,0.18181818181818182,2250,0.42227639109438625,0.20242047480809017,0.4522454908606706,0.014275775802256932
voter,rho_1_over_3pi,0.1061032953945969,11,1.5,990302,2,3000,0.23940093611858038,0.18181818181818182,2250,0.36665617001746376,0.18220029932774448,0.41496186902312066,0.14370612105566247
voter,rho_1_over_3pi,0.1061032953945969,11,1.5,990303,3,3000,0.27191660565577486,0.18181818181818182,2250,0.362942760857323,0.17425842243730288,0.4586611790340152,0.13279479186636417
voter,rho_1_over_3pi,0.1061032953945969,11,1.5,990304,4,3000,0.33879174048676086,0.18181818181818182,2250,0.42859296848922085,0.18261188333195313,0.5311705604648347,0.15508104418947774
voter,rho_1_over_3pi,0.1061032953945969,11,1.5,990305,5,3000,0.16261672050152484,0.18181818181818182,2250,0.3639977405254584,0.18494470506902172,0.45962958479602956,0.09714997180184055
voter,rho_1_over_3pi,0.1061032953945969,11,1.5,990306,6,3000,0.3947522390598124,0.18181818181818182,2250,0.40207635283694604,0.1838193129420706,0.4931606343057741,0.1278567253327669
voter,rho_1_over_3pi,0.1061032953945969,11,1.5,990307,7,3000,0.15490804941919312,0.18181818181818182,2250,0.45898137969651,0.18287988175657216,0.584674978816124,0.07566241353563283
voter,rho_1_over_3pi,0.1061032953945969,11,1.5,990308,8,3000,0.3098858507829145,0.18181818181818182,2250,0.32233194680809674,0.15998242576988614,0.38433603679941897,0.10105930091865781
voter,rho_1_over_3pi,0.1061032953945969,11,1.5,990309,9,3000,0.18592257356060093,0.18181818181818182,2250,0.4241394232139394,0.20216132984216809,0.44873501997336884,0.043623965593605527
voter,rho_1_over_3pi,0.1061032953945969,11,1.5,990310,10,3000,0.27350678759288616,0.18181818181818182,2250,0.3469485422410763,0.1703692064751777,0.3566154218617601,0.031034345205591708
voter,rho_1_over_3pi,0.1061032953945969,11,1.5,990311,11,3000,0.2578900207624543,0.2727272727272727,2250,0.26286169033749107,0.12914303983520425,0.2729693741677763,0.006630221008415036
voter,rho_1_over_3pi,0.1061032953945969,11,1.5,990312,12,3000,0.31907460881532584,0.09090909090909091,2250,0.398055883052241,0.18396563488840395,0.3799782108703547,0.06472875293432588
voter,rho_1_over_3pi,0.1061032953945969,11,1.5,990313,13,3000,0.40176948432345316,0.18181818181818182,2250,0.3763515163127532,0.18515851401520844,0.459387483355526,0.02692337832399775
voter,rho_1_over_3pi,0.1061032953945969,11,1.5,990314,14,3000,0.03033474545741169,0.09090909090909091,2250,0.4083857447929196,0.17838336915489536,0.3941411451398136,0.08595896794403732
voter,rho_1_over_3pi,0.1061032953945969,11,1.5,990315,15,3000,0.4060225336173794,0.18181818181818182,2250,0.48695847085547034,0.20678340869445136,0.8691441714078199,0.16609782159947417
voter,rho_1_over_3pi,0.1061032953945969,11,1.5,990316,16,3000,0.2733533973745729,0.2727272727272727,2250,0.4812194915209733,0.19082485712518985,0.5453334947342936,0.003315110504207517
voter,rho_1_over_3pi,0.1061032953945969,11,1.5,990317,17,3000,0.18437812972835152,0.09090909090909091,2250,0.3833064319655161,0.17144590874567328,0.44449824476455635,0.09108002918708218
voter,rho_1_over_3pi,0.1061032953945969,11,1.5,990318,18,3000,0.07996312970407099,0.2727272727272727,2250,0.42559804653644956,0.1807400215262136,0.5941169349957632,0.07182705424569102
voter,rho_1_over_3pi,0.1061032953945969,11,1.5,990319,19,3000,0.4440995902966962,0.09090909090909091,2250,0.3881501842677517,0.18975894037102822,0.527660089577533,0.20727877878721776
voter,rho_1_over_3pi,0.1061032953945969,11,2,990400,0,3000,0.34481139516596443,0.09090909090909091,2250,0.3426448629170555,0.16462929706061108,0.3510470887301779,0.07033953106024689
voter,rho_1_over_3pi,0.1061032953945969,11,2,990401,1,3000,0.21350874422252158,0.18181818181818182,2250,0.3502369003188532,0.16585888261227713,0.4645926643263527,0.11061293970584436
voter,rho_1_over_3pi,0.1061032953945969,11,2,990402,2,3000,0.2976390878181155,0.2727272727272727,2250,0.3357123297164375,0.16395850587870583,0.39619900738409397,0.059030318879931064
voter,rho_1_over_3pi,0.1061032953945969,11,2,990403,3,3000,0.6363925869944302,0.18181818181818182,2250,0.2896665704514198,0.14871334900035438,0.29911632974216196,0.04179283786445468
voter,rho_1_over_3pi,0.1061032953945969,11,2,990404,4,3000,0.36942592178868616,0.18181818181818182,2250,0.3527619913899797,0.15409581463137803,0.47137150466045274,0.08933838395362276
voter,rho_1_over_3pi,0.1061032953945969,11,2,990405,5,3000,0.4381446802286451,0.18181818181818182,2250,0.34564819879010883,0.16413940306634867,0.46108219343905094,0.030424937249750036
voter,rho_1_over_3pi,0.1061032953945969,11,2,990406,6,3000,0.18956615444817695,0.18181818181818182,2250,0.3107886585933947,0.15583010249461401,0.38796755840697256,0.0768876974673788
voter,rho_1_over_3pi,0.1061032953945969,11,2,990407,7,3000,0.16162262328622032,0.18181818181818182,2250,0.3555400524340853,0.16361126253821637,0.4545454545454546,0.0
voter,rho_1_over_3pi,0.1061032953945969,11,2,990408,8,3000,0.42192416060520976,0.2727272727272727,2250,0.27771722969739554,0.141452756813892,0.27333252632853167,0.07214440129978861
voter,rho_1_over_3pi,0.1061032953945969,11,2,990409,9,3000,0.2458874878314769,0.18181818181818182,2250,0.3297580956460609,0.16891199777841057,0.3113424524875923,0.04493705352356768
voter,rho_1_over_3pi,0.1061032953945969,11,2,990410,10,3000,0.14943179582508923,0.18181818181818182,2250,0.3831319917717659,0.185216401347146,0.45430335310495096,0.004685147677124712
voter,rho_1_over_3pi,0.1061032953945969,11,2,990411,11,3000,0.22375737218837474,0.18181818181818182,2250,0.366933893838919,0.16987342638087297,0.525965379494008,0.0626336593579443
voter,rho_1_over_3pi,0.1061032953945969,11,2,990412,12,3000,0.4262161222629279,0.36363636363636365,2250,0.37151406605987064,0.17012372320626945,0.6418109187749668,0.06314277555274313
voter,rho_1_over_3pi,0.1061032953945969,11,2,990413,13,3000,0.3004919330955626,0.18181818181818182,2250,0.34126651271076536,0.1690085081073436,0.42948795545333496,0.09545261868618987
voter,rho_1_over_3pi,0.1061032953945969,11,2,990414,14,3000,0.26167268570538266,0.18181818181818182,2250,0.3682839755901576,0.16810400435093684,0.5104708873017795,0.09624727466493699
voter,rho_1_over_3pi,0.1061032953945969,11,2,990415,15,3000,0.2805455143172553,0.2727272727272727,2250,0.3025783127327606,0.1518143422599921,0.33252632853165476,0.09482266927916622
voter,rho_1_over_3pi,0.1061032953945969,11,2,990416,16,3000,0.4288393706382573,0.2727272727272727,2250,0.4171415703458281,0.19844730480665315,0.8168502602590486,0.010921431854390476
voter,rho_1_over_3pi,0.1061032953945969,11,2,990417,17,3000,0.28054930901355907,0.18181818181818182,2250,0.32835148978237944,0.16370321855305725,0.2727272727272727,0.0
voter,rho_1_over_3pi,0.1061032953945969,11,2,990418,18,3000,0.0677444500000294,0.18181818181818182,2250,0.31898697501220663,0.16266146767808942,0.33058951700762623,0.043728305619214
voter,rho_1_over_3pi,0.1061032953945969,11,2,990419,19,3000,0.07791518977621026,0.18181818181818182,2250,0.377974155479225,0.17714141001126213,0.4056409635637332,0.04532343299374902
voter,rho_1_over_3pi,0.1061032953945969,11,2.5,990500,0,3000,0.384269292705784,0.2727272727272727,2250,0.2938137838527711,0.14132586378084483,0.3549207117782351,0.03464927532860736
voter,rho_1_over_3pi,0.1061032953945969,11,2.5,990501,1,3000,0.12673944094101436,0.18181818181818182,2250,0.31724334073396704,0.15249170332567402,0.31049509744582976,0.07768344500542652
voter,rho_1_over_3pi,0.1061032953945969,11,2.5,990502,2,3000,0.1544262429466093,0.18181818181818182,2250,0.2713710202953484,0.12973126562816734,0.27381672920953876,0.07229110095484773
voter,rho_1_over_3pi,0.1061032953945969,11,2.5,990503,3,3000,0.13299779835127715,0.18181818181818182,2250,0.32417560950956587,0.15764188202016793,0.35685752330226367,0.03691392045039762
voter,rho_1_over_3pi,0.1061032953945969,11,2.5,990504,4,3000,0.37699069354722053,0.18181818181818182,2250,0.3145791892857638,0.15584401111384438,0.5438808860912723,0.011856792919003392
voter,rho_1_over_3pi,0.1061032953945969,11,2.5,990505,5,3000,0.13001836934728878,0.18181818181818182,2250,0.30932938721394315,0.14866744446007155,0.2727272727272727,0.0
voter,rho_1_over_3pi,0.1061032953945969,11,2.5,990506,6,3000,0.40960108616207036,0.18181818181818182,2250,0.2886444798382584,0.15005394558234378,0.273695678489287,0.010445491831402798
voter,rho_1_over_3pi,0.1061032953945969,11,2.5,990507,7,3000,0.2703005974883891,0.09090909090909091,2250,0.3159188024442789,0.15817615530412218,0.32598958963805835,0.05055081556182339
voter,rho_1_over_3pi,0.1061032953945969,11,2.5,990508,8,3000,0.41850593585697254,0.18181818181818182,2250,0.3528872116504577,0.16885337576577544,0.48650284469192595,0.1236428672274358
voter,rho_1_over_3pi,0.1061032953945969,11,2.5,990509,9,3000,0.22333457627863018,0.2727272727272727,2250,0.3031543033680349,0.1497258583759512,0.35782592906427796,0.07556881470935833
voter,rho_1_over_3pi,0.1061032953945969,11,2.5,990510,10,3000,0.5174598079402261,0.18181818181818182,2250,0.35718216287586363,0.17591305342450048,0.4776661421135456,0.09854301895138269
voter,rho_1_over_3pi,0.1061032953945969,11,2.5,990511,11,3000,0.05290048523197999,0.18181818181818182,2250,0.34294033409044977,0.15851768941229308,0.4383246580317153,0.05182780614911882
voter,rho_1_over_3pi,0.1061032953945969,11,2.5,990512,12,3000,0.1279833139223698,0.18181818181818182,2250,0.32927865425157443,0.15843320946692738,0.600411572448856,0.07218846279751376
voter,rho_1_over_3pi,0.1061032953945969,11,2.5,990513,13,3000,0.0685600113784915,0.2727272727272727,2250,0.28599421796422575,0.14144383240238717,0.28858491708025663,0.04198069694665287
voter,rho_1_over_3pi,0.1061032953945969,11,2.5,990514,14,3000,0.32072552294446927,0.09090909090909091,2250,0.29337673724311564,0.15338931143240067,0.32586853891780654,0.044799888691895946
voter,rho_1_over_3pi,0.1061032953945969,11,2.5,990515,15,3000,0.4410254329170618,0.18181818181818182,2250,0.32017521041258723,0.15636746748404842,0.3269579954000726,0.06739557961864122
voter,rho_1_over_3pi,0.1061032953945969,11,2.5,990516,16,3000,0.2539737097454005,0.09090909090909091,2250,0.31956563152498885,0.15686419601357868,0.3633942621958601,0.006630221008415037
voter,rho_1_over_3pi,0.1061032953945969,11,2.5,990517,17,3000,0.19693028483933006,0.2727272727272727,2250,0.3308887190046336,0.16009652013589074,0.3993463261106404,0.04439773423295377
voter,rho_1_over_3pi,0.1061032953945969,11,2.5,990518,18,3000,0.5272922762481885,0.18181818181818182,2250,0.33531252975212955,0.15005611735518795,0.31715288705967803,0.045442898270524425
voter,rho_1_over_3pi,0.1061032953945969,11,2.5,990519,19,3000,0.4340575899028744,0.18181818181818182,2250,0.3289395872344952,0.16382083747560033,0.6153008110398257,0.17120988683324898
voter,rho_1_over_3pi,0.1061032953945969,11,3,990600,0,3000,0.5640983690053216,0.18181818181818182,2250,0.2992170739597821,0.15607780371295601,0.3923253843360368,0.12430912943019463
voter,rho_1_over_3pi,0.1061032953945969,11,3,990601,1,3000,0.3686135288962648,0.18181818181818182,2250,0.3009449684176805,0.1522395559906441,0.34959448008715654,0.032853620416938
voter,rho_1_over_3pi,0.1061032953945969,11,3,990602,2,3000,0.6454119748776842,0.45454545454545453,2250,0.3001473729879128,0.15497674956558885,0.3476576685631279,0.041006009654502136
voter,rho_1_over_3pi,0.1061032953945969,11,3,990603,3,3000,0.14642813551654726,0.09090909090909091,2250,0.2973569316933643,0.14829423275894296,0.3347052414961869,0.04234491922832675
voter,rho_1_over_3pi,0.1061032953945969,11,3,990604,4,3000,0.18718535824323962,0.09090909090909091,2250,0.2948870871263239,0.14272552404180186,0.2723641205665174,0.0057342787954615705
voter,rho_1_over_3pi,0.1061032953945969,11,3,990605,5,3000,0.3846328162533792,0.18181818181818182,2250,0.27700366316625535,0.13645511931327872,0.2919743372473066,0.0456462347318298
voter,rho_1_over_3pi,0.1061032953945969,11,3,990606,6,3000,0.31555752960360733,0.2727272727272727,2250,0.2882778859592868,0.1460519002089496,0.29475850381309765,0.059885982514072233
voter,rho_1_over_3pi,0.1061032953945969,11,3,990607,7,3000,0.3631366173691596,0.2727272727272727,2250,0.2902927372404414,0.14873541351010006,0.30892143808255657,0.06134417685385778
voter,rho_1_over_3pi,0.1061032953945969,11,3,990608,8,3000,0.08647145523736098,0.18181818181818182,2250,0.27409438005901193,0.1382095001694186,0.18181818181818185,0.0
voter,rho_1_over_3pi,0.1061032953945969,11,3,990609,9,3000,0.24016495204351668,0.18181818181818182,2250,0.26688152184339997,0.13616642085449102,0.2728483234475245,0.003315110504207519
voter,rho_1_over_3pi,0.1061032953945969,11,3,990610,10,3000,0.27641788342308143,0.18181818181818182,2250,0.2912739873392956,0.1340903420774775,0.3636363636363637,0.0
voter,rho_1_over_3pi,0.1061032953945969,11,3,990611,11,3000,0.15458241476622175,0.09090909090909091,2250,0.29879968439910354,0.1514666123572615,0.32284227091151196,0.06344466762928244
voter,rho_1_over_3pi,0.1061032953945969,11,3,990612,12,3000,0.2748845470312631,0.18181818181818182,2250,0.31127864660576193,0.14956903344408767,0.33518944437719406,0.0421527739736984
voter,rho_1_over_3pi,0.1061032953945969,11,3,990613,13,3000,0.37437868996056917,0.18181818181818182,2250,0.2681120933579837,0.13858762659714435,0.23411209296695315,0.04493705352356765
voter,rho_1_over_3pi,0.1061032953945969,11,3,990614,14,3000,0.2014129311482871,0.09090909090909091,2250,0.2946445196286798,0.1480436879888464,0.33833676310374045,0.040741795464530266
voter,rho_1_over_3pi,0.1061032953945969,11,3,990615,15,3000,0.44142595501736853,0.18181818181818182,2250,0.29524147010170154,0.1436102743837182,0.2727272727272727,0.0
voter,rho_1_over_3pi,0.1061032953945969,11,3,990616,16,3000,0.51497879337593,0.18181818181818182,2250,0.2952402910840063,0.14870407066070004,0.386030746882944,0.0795760955800495
voter,rho_1_over_3pi,0.1061032953945969,11,3,990617,17,3000,0.138308162639751,0.2727272727272727,2250,0.28383521062537853,0.14331996636308478,0.25033288948069243,0.03917071127030596
voter,rho_1_over_3pi,0.1061032953945969,11,3,990618,18,3000,0.16674969455585978,0.18181818181818182,2250,0.29209506162935217,0.14131267477851814,0.30141629342694587,0.042249649491718916
voter,rho_1_over_3pi,0.1061032953945969,11,3,990619,19,3000,0.21449946895333874,0.18181818181818182,2250,0.3139065986245544,0.1571452803390912,0.3978937174676189,0.05900325527212824
voter,rho_1_over_3pi,0.1061032953945969,11,3.5,990700,0,3000,0.1534662139828109,0.18181818181818182,2250,0.2881660615841237,0.1454927463335186,0.3172739377799298,0.06273814879395065
voter,rho_1_over_3pi,0.1061032953945969,11,3.5,990701,1,3000,0.5109033769381521,0.18181818181818182,2250,0.27169871976194254,0.14146280160623842,0.30855828592180123,0.10253331854834612
voter,rho_1_over_3pi,0.1061032953945969,11,3.5,990702,2,3000,0.49402960636287996,0.18181818181818182,2250,0.2718273490810416,0.1348690934492031,0.2988742283016584,0.04168154410799597
voter,rho_1_over_3pi,0.1061032953945969,11,3.5,990703,3,3000,0.32716794453565795,0.09090909090909091,2250,0.29879967294099424,0.1466443014202152,0.4544244038252027,0.003315110504207517
voter,rho_1_over_3pi,0.1061032953945969,11,3.5,990704,4,3000,0.3566764719199801,0.09090909090909091,2250,0.28897002592992427,0.14220667001830253,0.34354194407456723,0.04822196401646929
voter,rho_1_over_3pi,0.1061032953945969,11,3.5,990705,5,3000,0.21646774287065906,0.09090909090909091,2250,0.27654094274261837,0.13894287851067108,0.3945042973005689,0.04504908693712821
voter,rho_1_over_3pi,0.1061032953945969,11,3.5,990706,6,3000,0.1843167005617614,0.18181818181818182,2250,0.2738619495559238,0.13985033869156588,0.2017915506597264,0.04435150377941454
voter,rho_1_over_3pi,0.1061032953945969,11,3.5,990707,7,3000,0.4199268451245335,0.18181818181818182,2250,0.2619587607644356,0.13407380929341753,0.2779324536980995,0.06139622840691614
voter,rho_1_over_3pi,0.1061032953945969,11,3.5,990708,8,3000,0.2934685403481149,0.18181818181818182,2250,0.27011845636586046,0.13763474242643967,0.2893112214017673,0.03753236095631003
voter,rho_1_over_3pi,0.1061032953945969,11,3.5,990709,9,3000,0.34798462354297466,0.18181818181818182,2250,0.27685171051845375,0.13903534469476989,0.4247669773635153,0.04266587144301551
voter,rho_1_over_3pi,0.1061032953945969,11,3.5,990710,10,3000,0.05855074734226009,0.18181818181818182,2250,0.26910019600608487,0.1366172039229265,0.20433361578501394,0.045234112896183766
voter,rho_1_over_3pi,0.1061032953945969,11,3.5,990711,11,3000,0.6196816806548099,0.36363636363636365,2250,0.2666704485273567,0.14717706568524622,0.18181818181818185,0.0
voter,rho_1_over_3pi,0.1061032953945969,11,3.5,990712,12,3000,0.3692724404259572,0.2727272727272727,2250,0.2560676135310411,0.13451786182052922,0.20275995642174072,0.03827845043475978
voter,rho_1_over_3pi,0.1061032953945969,11,3.5,990713,13,3000,0.26373984491843455,0.18181818181818182,2250,0.27684785391802635,0.13414864846347824,0.2802324173828834,0.03555595752523082
voter,rho_1_over_3pi,0.1061032953945969,11,3.5,990714,14,3000,0.10130528105854274,0.18181818181818182,2250,0.28690514526121624,0.1473362814843483,0.32538433603679945,0.04488027895443629
voter,rho_1_over_3pi,0.1061032953945969,11,3.5,990715,15,3000,0.16020674869482057,0.2727272727272727,2250,0.28486290655064656,0.1437429205199307,0.312068756809103,0.045285266974996616
voter,rho_1_over_3pi,0.1061032953945969,11,3.5,990716,16,3000,0.25559884547497275,0.18181818181818182,2250,0.2810868563173718,0.13909461431809467,0.23629100593148528,0.04455094109569771
voter,rho_1_over_3pi,0.1061032953945969,11,3.5,990717,17,3000,0.10277361566708278,0.18181818181818182,2250,0.27498978713510536,0.1390824781821162,0.19779687689141748,0.03460187779265713
voter,rho_1_over_3pi,0.1061032953945969,11,3.5,990718,18,3000,0.40044895215879744,0.18181818181818182,2250,0.30959059463775085,0.15633278895060745,0.4515191865391599,0.01630818736872954
voter,rho_1_over_3pi,0.1061032953945969,11,3.5,990719,19,3000,0.13203717490452635,0.18181818181818182,2250,0.27743383437122177,0.13583909722000032,0.3134003147318727,0.07143202899489891
voter,rho_1_over_3pi,0.1061032953945969,11,4,990800,0,3000,0.12745443655134217,0.18181818181818182,2250,0.2511844505621149,0.12597717906061726,0.20844934027357465,0.06428693653764488
voter,rho_1_over_3pi,0.1061032953945969,11,4,990801,1,3000,0.03992872287812977,0.18181818181818182,2250,0.27304016337865256,0.13973859344615125,0.19138118871807286,0.02789109468377129
voter,rho_1_over_3pi,0.1061032953945969,11,4,990802,2,3000,0.22257659262366214,0.18181818181818182,2250,0.27754227856107605,0.13780208429146845,0.25069604164144776,0.07160290798670843
voter,rho_1_over_3pi,0.1061032953945969,11,4,990803,3,3000,0.1300894563142341,0.09090909090909091,2250,0.26395607455209597,0.14058661346246054,0.37646773998305294,0.06659792151874916
voter,rho_1_over_3pi,0.1061032953945969,11,4,990804,4,3000,0.03136492756752587,0.18181818181818182,2250,0.28717822667415416,0.14680528371313134,0.36521002299963684,0.04509297748679693
voter,rho_1_over_3pi,0.1061032953945969,11,4,990805,5,3000,0.4005829895389157,0.18181818181818182,2250,0.2805834622984953,0.14444165537245462,0.19392325384336034,0.03159029547489563
voter,rho_1_over_3pi,0.1061032953945969,11,4,990806,6,3000,0.07803967537925507,0.2727272727272727,2250,0.26697976338675483,0.1366064882366969,0.3642416172376226,0.08050682894646066
voter,rho_1_over_3pi,0.1061032953945969,11,4,990807,7,3000,0.17396521374651025,0.18181818181818182,2250,0.27916716929093105,0.13815472883446214,0.2912480329257959,0.09059560770709388
voter,rho_1_over_3pi,0.1061032953945969,11,4,990808,8,3000,0.18783943077989054,0.18181818181818182,2250,0.2819823444411356,0.13939179969986035,0.26594843239317273,0.08443372342480264
voter,rho_1_over_3pi,0.1061032953945969,11,4,990809,9,3000,0.13062452905220642,0.18181818181818182,2250,0.2874803938982823,0.14685182894295987,0.31678973489892265,0.052196306981736294
voter,rho_1_over_3pi,0.1061032953945969,11,4,990810,10,3000,0.35058894730474766,0.18181818181818182,2250,0.26824920612949726,0.13738026014954627,0.20421256506476215,0.03917071127030596
voter,rho_1_over_3pi,0.1061032953945969,11,4,990811,11,3000,0.13023124859287602,0.2727272727272727,2250,0.26792689790166035,0.13343812051514434,0.20409151434451037,0.03909919525586181
voter,rho_1_over_3pi,0.1061032953945969,11,4,990812,12,3000,0.5506842266078746,0.18181818181818182,2250,0.26825106449754504,0.13239990747669267,0.24972763587943347,0.04595784294919458
voter,rho_1_over_3pi,0.1061032953945969,11,4,990813,13,3000,0.2153870772585402,0.2727272727272727,2250,0.2738933990084994,0.1397341570688271,0.2727272727272727,0.0
voter,rho_1_over_3pi,0.1061032953945969,11,4,990814,14,3000,0.36476978823511036,0.18181818181818182,2250,0.2712391968027252,0.1421529498470881,0.1852076019852318,0.01722326731565903
voter,rho_1_over_3pi,0.1061032953945969,11,4,990815,15,3000,0.4428518534465797,0.18181818181818182,2250,0.2786434522584573,0.13656513057885436,0.27321147560827985,0.05629470220172062
voter,rho_1_over_3pi,0.1061032953945969,11,4,990816,16,3000,0.1062676553930999,0.2727272727272727,2250,0.2733136555388642,0.13687706708309128,0.256748577654037,0.03460187779265713
voter,rho_1_over_3pi,0.1061032953945969,11,4,990817,17,3000,0.32553612651532804,0.18181818181818182,2250,0.2767691206183219,0.13893745574701943,0.31933180002421013,0.0489380380910486
voter,rho_1_over_3pi,0.1061032953945969,11,4,990818,18,3000,0.21451835504874073,0.09090909090909091,2250,0.29167732900884624,0.1424324050076393,0.4615663963200581,0.04419893173163892
voter,rho_1_over_3pi,0.1061032953945969,11,4,990819,19,3000,0.503331488479623,0.2727272727272727,2250,0.26749639762700905,0.13707045705967433,0.26957995400072626,0.02836257382185346
voter,rho_1_over_3pi,0.1061032953945969,11,5,990900,0,3000,0.46149870342296634,0.2727272727272727,2250,0.26822088918939996,0.13292456568984276,0.18181818181818185,0.0
voter,rho_1_over_3pi,0.1061032953945969,11,5,990901,1,3000,0.27608600051498455,0.18181818181818182,2250,0.2749004022263771,0.14126739605508146,0.1945285074446193,0.042523793096270655
voter,rho_1_over_3pi,0.1061032953945969,11,5,990902,2,3000,0.22721030565734895,0.2727272727272727,2250,0.2752837296674218,0.13736517095690323,0.2844691925916959,0.09605754119803853
voter,rho_1_over_3pi,0.1061032953945969,11,5,990903,3,3000,0.17737353886739457,0.18181818181818182,2250,0.2714101654375221,0.13602673887987987,0.2728483234475245,0.025908813434311055
voter,rho_1_over_3pi,0.1061032953945969,11,5,990904,4,3000,0.1318123807425694,0.18181818181818182,2250,0.2746036362511648,0.13879461781612978,0.31255295969011015,0.05018599939790786
voter,rho_1_over_3pi,0.1061032953945969,11,5,990905,5,3000,0.26198856342334176,0.18181818181818182,2250,0.2660477895422203,0.1373931179279332,0.1804866238954122,0.030913235103764418
voter,rho_1_over_3pi,0.1061032953945969,11,5,990906,6,3000,0.5279755703416785,0.09090909090909091,2250,0.2648128024366444,0.13963327883707485,0.2664326352741799,0.02307850315330495
voter,rho_1_over_3pi,0.1061032953945969,11,5,990907,7,3000,0.28821461743031757,0.2727272727272727,2250,0.27423136518155844,0.13323739443356566,0.1896864786345479,0.02556148696356094
voter,rho_1_over_3pi,0.1061032953945969,11,5,990908,8,3000,0.09731036758049215,0.2727272727272727,2250,0.27222386590700814,0.1377966779484332,0.1993705362546907,0.03588291290952197
voter,rho_1_over_3pi,0.1061032953945969,11,5,990909,9,3000,0.2977789878906268,0.2727272727272727,2250,0.26508767000227135,0.13772761177577963,0.18000242101440506,0.01777179590617961
voter,rho_1_over_3pi,0.1061032953945969,11,5,990910,10,3000,0.07696640824990492,0.18181818181818182,2250,0.25780350177014966,0.1319176254633785,0.22164386878101922,0.04510467442028225
voter,rho_1_over_3pi,0.1061032953945969,11,5,990911,11,3000,0.39013072119234893,0.2727272727272727,2250,0.2823306224703911,0.13881661850453167,0.2354436508897228,0.04471411085691588
voter,rho_1_over_3pi,0.1061032953945969,11,5,990912,12,3000,0.4443845712913197,0.18181818181818182,2250,0.26661079890861455,0.13255634486938053,0.30795303232054233,0.044288685262530686
voter,rho_1_over_3pi,0.1061032953945969,11,5,990913,13,3000,0.15949204324776056,0.2727272727272727,2250,0.25847370560176147,0.1344868085390885,0.2658273816729209,0.06176576673662549
voter,rho_1_over_3pi,0.1061032953945969,11,5,990914,14,3000,0.5911359984913256,0.18181818181818182,2250,0.26994166766343386,0.13574360821326203,0.1987652826534318,0.03540397299396127
voter,rho_1_over_3pi,0.1061032953945969,11,5,990915,15,3000,0.46302821884183043,0.2727272727272727,2250,0.28328154040891745,0.14242202490780834,0.23846991889601743,0.052278777618965565
voter,rho_1_over_3pi,0.1061032953945969,11,5,990916,16,3000,0.2430646430058099,0.18181818181818182,2250,0.2682091740555939,0.13775409641585543,0.1877496671105193,0.02245091129317089
voter,rho_1_over_3pi,0.1061032953945969,11,5,990917,17,3000,0.4486514260604722,0.18181818181818182,2250,0.27922609986790864,0.13998763043260348,0.2619537586248638,0.02938267800646259
voter,rho_1_over_3pi,0.1061032953945969,11,5,990918,18,3000,0.24742985238616375,0.18181818181818182,2250,0.26919117591987407,0.13489491932569295,0.19489165960537466,0.031899563620865864
voter,rho_1_over_3pi,0.1061032953945969,11,5,990919,19,3000,0.28450667761752024,0.18181818181818182,2250,0.282948608633671,0.14147654093891093,0.19489165960537466,0.031899563620865864
voter,rho_1_over_3pi,0.1061032953945969,11,6,991000,0,3000,0.0993577266300449,0.09090909090909091,2250,0.26263350776528965,0.1370413040640003,0.2062704273090425,0.05742577783866562
voter,rho_1_over_3pi,0.1061032953945969,11,6,991001,1,3000,0.05732743729425494,0.09090909090909091,2250,0.276992296875065,0.13740186931008538,0.1844812976637211,0.0497990952188976
voter,rho_1_over_3pi,0.1061032953945969,11,6,991002,2,3000,0.22158334681488434,0.18181818181818182,2250,0.2644135656014038,0.13459445208396728,0.1836339426219586,0.012718969167474828
voter,rho_1_over_3pi,0.1061032953945969,11,6,991003,3,3000,0.0904150572568418,0.18181818181818182,2250,0.2734502332001611,0.13817703559688746,0.11996126376951943,0.042391955318941126
voter,rho_1_over_3pi,0.1061032953945969,11,6,991004,4,3000,0.13116758622231608,0.2727272727272727,2250,0.26798152690447147,0.13045142460207113,0.33676310374046725,0.08046641194984933
voter,rho_1_over_3pi,0.1061032953945969,11,6,991005,5,3000,0.3645097308264168,0.2727272727272727,2250,0.25147580053597085,0.13604042468714156,0.1628132187386515,0.03696667816651407
voter,rho_1_over_3pi,0.1061032953945969,11,6,991006,6,3000,0.10122793405795258,0.2727272727272727,2250,0.26721145181467953,0.14274385417892949,0.2727272727272727,0.0
voter,rho_1_over_3pi,0.1061032953945969,11,6,991007,7,3000,0.26436575892141323,0.18181818181818182,2250,0.27390755023050856,0.138991033370542,0.15591332768429972,0.04156854237851071
voter,rho_1_over_3pi,0.1061032953945969,11,6,991008,8,3000,0.23187317202815844,0.18181818181818182,2250,0.26723571547728936,0.13814508864265518,0.260137997821087,0.03140047283501404
voter,rho_1_over_3pi,0.1061032953945969,11,6,991009,9,3000,0.1524959783109324,0.18181818181818182,2250,0.2673578229175271,0.1332560266659514,0.2727272727272727,0.0
voter,rho_1_over_3pi,0.1061032953945969,11,6,991010,10,3000,0.05221309857686747,0.18181818181818182,2250,0.26551696399474806,0.13883414133636107,0.3395472703062583,0.040120233772967924
voter,rho_1_over_3pi,0.1061032953945969,11,6,991011,11,3000,0.50334609205458,0.2727272727272727,2250,0.26999067793771087,0.13294047892980215,0.18181818181818185,0.0
voter,rho_1_over_3pi,0.1061032953945969,11,6,991012,12,3000,0.34295028290273444,0.18181818181818182,2250,0.26445365583869973,0.1367860961614247,0.344268248396078,0.0870069261894071
voter,rho_1_over_3pi,0.1061032953945969,11,6,991013,13,3000,0.16739121879920404,0.09090909090909091,2250,0.274706347090687,0.13967601001764857,0.16160271153613365,0.04246482731159645
voter,rho_1_over_3pi,0.1061032953945969,11,6,991014,14,3000,0.23365395530024946,0.09090909090909091,2250,0.27110862030271304,0.13066723525608404,0.11875075656700158,0.04190348634360431
voter,rho_1_over_3pi,0.1061032953945969,11,6,991015,15,3000,0.11752751024212449,0.18181818181818182,2250,0.26629550253928624,0.13661513561855185,0.18181818181818185,0.0
voter,rho_1_over_3pi,0.1061032953945969,11,6,991016,16,3000,0.2108764051453033,0.18181818181818182,2250,0.26775255030556905,0.13248426718157494,0.1635395230601622,0.05940125479426363
voter,rho_1_over_3pi,0.1061032953945969,11,6,991017,17,3000,0.05901951328161741,0.18181818181818182,2250,0.263589298335216,0.13835070804611752,0.2280595569543639,0.045447734833888406
voter,rho_1_over_3pi,0.1061032953945969,11,6,991018,18,3000,0.4319995860796208,0.18181818181818182,2250,0.26569000062165915,0.1383849585517596,0.17891296453213898,0.015989695897308673
voter,rho_1_over_3pi,0.1061032953945969,11,6,991019,19,3000,0.6652239435631797,0.2727272727272727,2250,0.27032543690568334,0.14038202672531164,0.2102651010773514,0.06075902118897497
voter,rho_1_over_pi,0.31830988618379069,32,0,950000,0,3000,0.28355374113913334,0.15625,2250,0.9999999999999997,0.0,1.0,0.0
voter,rho_1_over_pi,0.31830988618379069,32,0,950001,1,3000,0.053434217686272524,0.15625,2250,1.0000000000000007,0.0,1.0,0.0
voter,rho_1_over_pi,0.31830988618379069,32,0,950002,2,3000,0.24372853064063735,0.125,2250,0.9999999999999996,0.0,0.65625,0.0
voter,rho_1_over_pi,0.31830988618379069,32,0,950003,3,3000,0.10180407544033804,0.25,2250,0.9999999999999999,0.0,1.0,0.0
voter,rho_1_over_pi,0.31830988618379069,32,0,950004,4,3000,0.19870893321240912,0.1875,2250,1.0000000000000002,0.0,1.0,0.0
voter,rho_1_over_pi,0.31830988618379069,32,0,950005,5,3000,0.18900002024248358,0.1875,2250,0.9999999999999996,0.0,1.0,0.0
voter,rho_1_over_pi,0.31830988618379069,32,0,950006,6,3000,0.16345734092459172,0.09375,2250,0.9999999999999999,0.0,1.0,0.0
voter,rho_1_over_pi,0.31830988618379069,32,0,950007,7,3000,0.06688980854561932,0.34375,2250,0.9999999999999994,0.0,0.4375,0.0
voter,rho_1_over_pi,0.31830988618379069,32,0,950008,8,3000,0.22935622089852165,0.1875,2250,0.9999999999999996,0.0,1.0,0.0
voter,rho_1_over_pi,0.31830988618379069,32,0,950009,9,3000,0.14847207411791244,0.15625,2250,0.9999999999999999,0.0,0.75,0.0
voter,rho_1_over_pi,0.31830988618379069,32,0,950010,10,3000,0.1176368630905691,0.125,2250,1.0000000000000004,0.0,0.75,0.0
voter,rho_1_over_pi,0.31830988618379069,32,0,950011,11,3000,0.22387198868290367,0.21875,2250,1.0000000000000009,0.0,1.0,0.0
voter,rho_1_over_pi,0.31830988618379069,32,0,950012,12,3000,0.0637488058442592,0.09375,2250,1.0000000000000002,0.0,0.6875,0.0
voter,rho_1_over_pi,0.31830988618379069,32,0,950013,13,3000,0.24952021066702512,0.125,2250,0.9999999999999997,0.0,0.6875,0.0
voter,rho_1_over_pi,0.31830988618379069,32,0,950014,14,3000,0.1710162642508343,0.125,2250,0.9999999999999992,0.0,0.65625,0.0
voter,rho_1_over_pi,0.31830988618379069,32,0,950015,15,3000,0.3359299906172698,0.09375,2250,0.9999999999999999,0.0,1.0,0.0
voter,rho_1_over_pi,0.31830988618379069,32,0,950016,16,3000,0.19332849725232304,0.125,2250,1.0000000000000004,0.0,1.0,0.0
voter,rho_1_over_pi,0.31830988618379069,32,0,950017,17,3000,0.20400899703967337,0.25,2250,0.9999999999999999,0.0,1.0,0.0
voter,rho_1_over_pi,0.31830988618379069,32,0,950018,18,3000,0.08937179070873778,0.15625,2250,0.9999999999999999,0.0,0.59375,0.0
voter,rho_1_over_pi,0.31830988618379069,32,0,950019,19,3000,0.16326916497184485,0.25,2250,0.9999999999999994,0.0,1.0,0.0
voter,rho_1_over_pi,0.31830988618379069,32,0.20000000000000001,951100,0,3000,0.3413109714040561,0.125,2250,0.7438488090897645,0.20555852277755218,0.7509570572569907,0.21237774913039845
voter,rho_1_over_pi,0.31830988618379069,32,0.20000000000000001,951101,1,3000,0.21471841373036535,0.09375,2250,0.9310983850410268,0.05991011282938228,0.7033122503328895,0.1232806765182289
voter,rho_1_over_pi,0.31830988618379069,32,0.20000000000000001,951102,2,3000,0.13293411567108893,0.09375,2250,0.7415039691555537,0.1924318533691827,0.7276547936085219,0.19578822713281885
voter,rho_1_over_pi,0.31830988618379069,32,0.20000000000000001,951103,3,3000,0.2649988397690334,0.15625,2250,0.8163873407679649,0.24166843593899884,0.827979360852197,0.1422339331914954
voter,rho_1_over_pi,0.31830988618379069,32,0.20000000000000001,951104,4,3000,0.22905847632485118,0.125,2250,0.8853325164207091,0.06509304092289644,0.564164447403462,0.11241275321279634
voter,rho_1_over_pi,0.31830988618379069,32,0.20000000000000001,951105,5,3000,0.09789633228035574,0.125,2250,0.8514877405882947,0.11864800158619068,0.8299766977363515,0.17976410499602108
voter,rho_1_over_pi,0.31830988618379069,32,0.20000000000000001,951106,6,3000,0.16564786633354497,0.125,2250,0.7241706711641758,0.26847167155600393,0.7337300266311585,0.21995468552019884
voter,rho_1_over_pi,0.31830988618379069,32,0.20000000000000001,951107,7,3000,0.07384560525404896,0.125,2250,0.8562538847032787,0.07781044767419558,0.6989430758988016,0.17727729367722628
voter,rho_1_over_pi,0.31830988618379069,32,0.20000000000000001,951108,8,3000,0.26942732780622647,0.1875,2250,0.7645869443657342,0.24421863781356498,0.8161617842876165,0.18908041918115628
voter,rho_1_over_pi,0.31830988618379069,32,0.20000000000000001,951109,9,3000,0.09620339077545716,0.15625,2250,0.8143329824881693,0.16463666007020394,0.8125,0.16536732052938363
voter,rho_1_over_pi,0.31830988618379069,32,0.20000000000000001,951110,10,3000,0.1884102829604844,0.09375,2250,0.4488564847344365,0.14591849742182494,0.7578229027962716,0.1453234165607686
voter,rho_1_over_pi,0.31830988618379069,32,0.20000000000000001,951111,11,3000,0.3001559802084893,0.21875,2250,0.6690379128864183,0.26848801698271174,0.6998585219707057,0.21174999518299684
voter,rho_1_over_pi,0.31830988618379069,32,0.20000000000000001,951112,12,3000,0.15690271828301927,0.1875,2250,0.8353400413427586,0.11209829745934394,0.8265645805592543,0.17740772481122002
voter,rho_1_over_pi,0.31830988618379069,32,0.20000000000000001,951113,13,3000,0.30477727637403235,0.1875,2250,0.8919480606351048,0.10330779163253823,0.636318242343542,0.1047333772635185
voter,rho_1_over_pi,0.31830988618379069,32,0.20000000000000001,951114,14,3000,0.19062482500140787,0.21875,2250,0.880516426898862,0.07310401014865077,0.7281541278295606,0.20183492350881177
voter,rho_1_over_pi,0.31830988618379069,32,0.20000000000000001,951115,15,3000,0.2746680717035655,0.28125,2250,0.8400987350509567,0.11827797065493213,0.6945739014647138,0.21891197985657457
voter,rho_1_over_pi,0.31830988618379069,32,0.20000000000000001,951116,16,3000,0.1135434709142951,0.125,2250,0.8800249148268976,0.12126260227766969,0.9124916777629827,0.10339983468505883
voter,rho_1_over_pi,0.31830988618379069,32,0.20000000000000001,951117,17,3000,0.16539934316019497,0.1875,2250,0.8987991438217645,0.0537688840444996,0.8559420772303595,0.1296904557837013
voter,rho_1_over_pi,0.31830988618379069,32,0.20000000000000001,951118,18,3000,0.16003459215132831,0.1875,2250,0.8795995883427787,0.12373632465580264,0.9159037949400799,0.06481171502416362
voter,rho_1_over_pi,0.31830988618379069,32,0.20000000000000001,951119,19,3000,0.03881065950839417,0.0625,2250,0.8988179516291022,0.07210086473468144,0.7870339547270306,0.10165742816900641
voter,rho_1_over_pi,0.31830988618379069,32,0.40000000000000002,951200,0,3000,0.14135276465362584,0.09375,2250,0.8617401754926649,0.07555315577922112,0.9541444740346205,0.08200026448081185
voter,rho_1_over_pi,0.31830988618379069,32,0.40000000000000002,951201,1,3000,0.06934454600820553,0.125,2250,0.5539963193091368,0.18509688865439136,0.7383488681757656,0.15944880547256673
voter,rho_1_over_pi,0.31830988618379069,32,0.40000000000000002,951202,2,3000,0.1216070188530068,0.09375,2250,0.7643123125541542,0.15393013389678162,0.6963215712383488,0.12810391083582373
voter,rho_1_over_pi,0.31830988618379069,32,0.40000000000000002,951203,3,3000,0.12029404192942829,0.21875,2250,0.7294647385492689,0.15487605183539727,0.8516977363515313,0.11260088174658722
voter,rho_1_over_pi,0.31830988618379069,32,0.40000000000000002,951204,4,3000,0.03939297461469169,0.1875,2250,0.7315860542091153,0.2701550587655768,0.8858189081225033,0.19963891379389226
voter,rho_1_over_pi,0.31830988618379069,32,0.40000000000000002,951205,5,3000,0.2212404331948054,0.15625,2250,0.7070027506752684,0.1497890853503903,0.7844540612516645,0.0965388103180309
voter,rho_1_over_pi,0.31830988618379069,32,0.40000000000000002,951206,6,3000,0.0881358273362811,0.125,2250,0.6366985595371544,0.20874604867692895,0.6629910119840213,0.16047895036762008
voter,rho_1_over_pi,0.31830988618379069,32,0.40000000000000002,951207,7,3000,0.1930835019173754,0.15625,2250,0.6690272301704497,0.1924088634577568,0.7198735019973369,0.1354642783761278
voter,rho_1_over_pi,0.31830988618379069,32,0.40000000000000002,951208,8,3000,0.13237445683093932,0.125,2250,0.7322021864639542,0.16618481370783045,0.8867343541944075,0.1274421737939758
voter,rho_1_over_pi,0.31830988618379069,32,0.40000000000000002,951209,9,3000,0.27735915427629504,0.09375,2250,0.8401035481645047,0.09353195298792268,0.9252247003994674,0.08520568651049737
voter,rho_1_over_pi,0.31830988618379069,32,0.40000000000000002,951210,10,3000,0.0835443350848984,0.15625,2250,0.7807653232913732,0.10690793179332331,0.8785369507323568,0.09470482675419548
voter,rho_1_over_pi,0.31830988618379069,32,0.40000000000000002,951211,11,3000,0.0856292280240081,0.28125,2250,0.7144176894443038,0.15499362395800464,0.7445905459387483,0.08123989002245391
voter,rho_1_over_pi,0.31830988618379069,32,0.40000000000000002,951212,12,3000,0.14515852811602997,0.21875,2250,0.5713022026015797,0.19766774761546468,0.4126581225033289,0.1067923806451183
voter,rho_1_over_pi,0.31830988618379069,32,0.40000000000000002,951213,13,3000,0.171530377712911,0.125,2250,0.8263139230247526,0.12075731281900173,0.9081225033288948,0.09373129803477213
voter,rho_1_over_pi,0.31830988618379069,32,0.40000000000000002,951214,14,3000,0.14448045433225398,0.15625,2250,0.7633759192265451,0.13401092619155464,0.8487433422103862,0.15910272641350867
voter,rho_1_over_pi,0.31830988618379069,32,0.40000000000000002,951215,15,3000,0.11127723647568483,0.25,2250,0.6496440740485355,0.2114936804825296,0.7915279627163782,0.14775845312451988
voter,rho_1_over_pi,0.31830988618379069,32,0.40000000000000002,951216,16,3000,0.20740178095065512,0.1875,2250,0.5669944210180917,0.26158864002809323,0.6339047936085219,0.11820440649444676
voter,rho_1_over_pi,0.31830988618379069,32,0.40000000000000002,951217,17,3000,0.10480227877283767,0.125,2250,0.5930925424807982,0.24390271457733184,0.7403045938748336,0.18858123891479942
voter,rho_1_over_pi,0.31830988618379069,32,0.40000000000000002,951218,18,3000,0.11826713169569691,0.1875,2250,0.6655204819111931,0.26841521308747807,0.8505742343541944,0.17271439059216473
voter,rho_1_over_pi,0.31830988618379069,32,0.40000000000000002,951219,19,3000,0.23153564419282066,0.09375,2250,0.6179145914231535,0.16062273089144788,0.5984936750998668,0.14397387057864505
voter,rho_1_over_pi,0.31830988618379069,32,0.5,950100,0,3000,0.26763701719308,0.1875,2250,0.6201845750745467,0.17695727083866916,0.8020972037283621,0.1414778824311919
voter,rho_1_over_pi,0.31830988618379069,32,0.5,950101,1,3000,0.10457677824300905,0.21875,2250,0.6625821410795095,0.1641490592848214,0.8341794274300932,0.10810629130280099
voter,rho_1_over_pi,0.31830988618379069,32,0.5,950102,2,3000,0.1304608367911986,0.21875,2250,0.43225768711519713,0.23459642087264196,0.7147137150466045,0.18095141395605735
voter,rho_1_over_pi,0.31830988618379069,32,0.5,950103,3,3000,0.19843389259051258,0.09375,2250,0.6155339602421257,0.25510898016918193,0.8030958721704394,0.20162865366220842
voter,rho_1_over_pi,0.31830988618379069,32,0.5,950104,4,3000,0.18462058104070325,0.125,2250,0.4009084522510723,0.2042260293466818,0.527172103861518,0.12370969635456368
voter,rho_1_over_pi,0.31830988618379069,32,0.5,950105,5,3000,0.19417179922029087,0.125,2250,0.5985582862630561,0.24388962147084234,0.7818325565912118,0.1961887021030466
voter,rho_1_over_pi,0.31830988618379069,32,0.5,950106,6,3000,0.11445277518487494,0.1875,2250,0.7597219801611762,0.13223507549336153,0.9031291611185086,0.08074227749241693
voter,rho_1_over_pi,0.31830988618379069,32,0.5,950107,7,3000,0.06712316906656701,0.09375,2250,0.4344616232750502,0.21584625373689592,0.6177180426098535,0.1564713023297238
voter,rho_1_over_pi,0.31830988618379069,32,0.5,950108,8,3000,0.13245221665895968,0.1875,2250,0.6617073610543643,0.16252702983130207,0.497128828229028,0.11331597467995512
voter,rho_1_over_pi,0.31830988618379069,32,0.5,950109,9,3000,0.09360567709095555,0.1875,2250,0.5262010614710758,0.1687211909809914,0.5029127829560586,0.16013185380255185
voter,rho_1_over_pi,0.31830988618379069,32,0.5,950110,10,3000,0.22964392507215659,0.1875,2250,0.5680131218842761,0.21221850059771946,0.7426348202396804,0.23922803378033639
voter,rho_1_over_pi,0.31830988618379069,32,0.5,950111,11,3000,0.18469412523223533,0.125,2250,0.7304473993119526,0.09502040894422481,0.8116261651131824,0.1175833874623928
voter,rho_1_over_pi,0.31830988618379069,32,0.5,950112,12,3000,0.07546407646315449,0.125,2250,0.65716622456595,0.22774785166231512,0.7392643142476698,0.18180775826004894
voter,rho_1_over_pi,0.31830988618379069,32,0.5,950113,13,3000,0.14438422343884488,0.125,2250,0.5101933229153929,0.23634635160226133,0.5014980026631158,0.25888795330448217
voter,rho_1_over_pi,0.31830988618379069,32,0.5,950114,14,3000,0.1699702033616106,0.09375,2250,0.4335634176993518,0.1896453411104412,0.5346205059920106,0.1405533811582049
voter,rho_1_over_pi,0.31830988618379069,32,0.5,950115,15,3000,0.11296940852505905,0.1875,2250,0.5645208901146177,0.2574447252792995,0.8717959387483355,0.17708943079177078
voter,rho_1_over_pi,0.31830988618379069,32,0.5,950116,16,3000,0.20046321062919786,0.09375,2250,0.47161908735735275,0.19315834910207522,0.6433921438082557,0.07522593367141178
voter,rho_1_over_pi,0.31830988618379069,32,0.5,950117,17,3000,0.12252593071867754,0.09375,2250,0.6087111158111912,0.21372007688516012,0.5623751664447404,0.2041251687888948
voter,rho_1_over_pi,0.31830988618379069,32,0.5,950118,18,3000,0.09097282569413254,0.125,2250,0.573059179072553,0.2098586511614708,0.4883072569906791,0.10312165122157897
voter,rho_1_over_pi,0.31830988618379069,32,0.5,950119,19,3000,0.18294178903144256,0.125,2250,0.643715825583669,0.1600278043278114,0.7447569906790945,0.16803067465267446
voter,rho_1_over_pi,0.31830988618379069,32,0.59999999999999998,951300,0,3000,0.2780539022807875,0.09375,2250,0.5685726087622093,0.21022230372346548,0.7352696404793608,0.15319132782192377
voter,rho_1_over_pi,0.31830988618379069,32,0.59999999999999998,951301,1,3000,0.17969716927238294,0.15625,2250,0.5192083293972978,0.22899658196565706,0.6698568575233023,0.19541460494500046
voter,rho_1_over_pi,0.31830988618379069,32,0.59999999999999998,951302,2,3000,0.3779661413841713,0.15625,2250,0.6031738736404434,0.21177864661011264,0.9163615179760319,0.12750472419053657
voter,rho_1_over_pi,0.31830988618379069,32,0.59999999999999998,951303,3,3000,0.19915742444397913,0.09375,2250,0.6165779619226758,0.19219992699039384,0.39892643142476697,0.12190723726581855
voter,rho_1_over_pi,0.31830988618379069,32,0.59999999999999998,951304,4,3000,0.17371573806591226,0.1875,2250,0.6162643736083945,0.15651834377364854,0.7173768308921438,0.08066203458904715
voter,rho_1_over_pi,0.31830988618379069,32,0.59999999999999998,951305,5,3000,0.1270309876550186,0.125,2250,0.7139499806900941,0.16208098299323617,0.7809171105193076,0.14167598452355576
voter,rho_1_over_pi,0.31830988618379069,32,0.59999999999999998,951306,6,3000,0.09855942441223894,0.21875,2250,0.5860354933074686,0.16546381641454894,0.6751830892143809,0.0680512989926319
voter,rho_1_over_pi,0.31830988618379069,32,0.59999999999999998,951307,7,3000,0.24966839874398236,0.09375,2250,0.571476495212454,0.18332873894589888,0.6754327563249002,0.2500676505783415
voter,rho_1_over_pi,0.31830988618379069,32,0.59999999999999998,951308,8,3000,0.13774900034509285,0.15625,2250,0.6036597594489957,0.18534890159019615,0.8804094540612517,0.10882522249812249
voter,rho_1_over_pi,0.31830988618379069,32,0.59999999999999998,951309,9,3000,0.15797997237267286,0.1875,2250,0.5797397279790796,0.21992129190453247,0.8535286284953395,0.1371880574073033
voter,rho_1_over_pi,0.31830988618379069,32,0.59999999999999998,951310,10,3000,0.04528957737285965,0.15625,2250,0.5241173690696275,0.23952654607447815,0.5358272303595206,0.18634481079307302
voter,rho_1_over_pi,0.31830988618379069,32,0.59999999999999998,951311,11,3000,0.12253352766279595,0.1875,2250,0.48168017034770266,0.16719713669141711,0.6922436750998668,0.18426348029307385
voter,rho_1_over_pi,0.31830988618379069,32,0.59999999999999998,951312,12,3000,0.04249450702000387,0.15625,2250,0.7105672615394707,0.18066724274360285,0.9804011318242344,0.03480536229363818
voter,rho_1_over_pi,0.31830988618379069,32,0.59999999999999998,951313,13,3000,0.09482921091801585,0.09375,2250,0.6842211683678293,0.19191853457734911,0.9506491344873502,0.04505432690378234
voter,rho_1_over_pi,0.31830988618379069,32,0.59999999999999998,951314,14,3000,0.18752137046946754,0.125,2250,0.66230953274371,0.16905542006868943,0.71875,0.0
voter,rho_1_over_pi,0.31830988618379069,32,0.59999999999999998,951315,15,3000,0.14239998833697917,0.09375,2250,0.5601993576307165,0.15459445337889163,0.8603112516644474,0.11071808231523204
voter,rho_1_over_pi,0.31830988618379069,32,0.59999999999999998,951316,16,3000,0.20525283767704983,0.09375,2250,0.5555113777944749,0.18254433954930754,0.6926597869507324,0.11892007871084578
voter,rho_1_over_pi,0.31830988618379069,32,0.59999999999999998,951317,17,3000,0.18351962636713576,0.1875,2250,0.4629442926513903,0.1661128078496976,0.5547187083888149,0.19801188620070387
voter,rho_1_over_pi,0.31830988618379069,32,0.59999999999999998,951318,18,3000,0.04589760058620222,0.3125,2250,0.5196125319916218,0.17429544297853986,0.7827896138482024,0.11994164073584902
voter,rho_1_over_pi,0.31830988618379069,32,0.59999999999999998,951319,19,3000,0.30048752162493264,0.125,2250,0.505390656744394,0.21701760756216823,0.8029710386151797,0.16500982471895867
voter,rho_1_over_pi,0.31830988618379069,32,0.80000000000000004,951400,0,3000,0.1031538929448714,0.25,2250,0.4653009218116384,0.16502273299643588,0.6587050599201065,0.12840913720995248
voter,rho_1_over_pi,0.31830988618379069,32,0.80000000000000004,951401,1,3000,0.09536992517726126,0.15625,2250,0.5588571030492553,0.18253073149660295,0.7259487350199734,0.16143263983921308
voter,rho_1_over_pi,0.31830988618379069,32,0.80000000000000004,951402,2,3000,0.38748001401675275,0.15625,2250,0.4897440554618624,0.23301641734822973,0.5337882822902796,0.07905402412825703
voter,rho_1_over_pi,0.31830988618379069,32,0.80000000000000004,951403,3,3000,0.12781516621694294,0.15625,2250,0.46284015146256385,0.18674432078790354,0.7099700399467377,0.15086732968509117
voter,rho_1_over_pi,0.31830988618379069,32,0.80000000000000004,951404,4,3000,0.26132567294288467,0.15625,2250,0.4292665057345919,0.1753880678552018,0.4506907456724368,0.14072410638817914
voter,rho_1_over_pi,0.31830988618379069,32,0.80000000000000004,951405,5,3000,0.10688797549643463,0.09375,2250,0.3615590478346143,0.17218883572175442,0.48219041278295605,0.15224169593988537
voter,rho_1_over_pi,0.31830988618379069,32,0.80000000000000004,951406,6,3000,0.24086176146320412,0.125,2250,0.5218941062404154,0.19549432184976806,0.8406291611185086,0.08511703950801622
voter,rho_1_over_pi,0.31830988618379069,32,0.80000000000000004,951407,7,3000,0.03217235395106978,0.1875,2250,0.43383342343871006,0.17235313736045674,0.6956141810918774,0.1290253952721259
voter,rho_1_over_pi,0.31830988618379069,32,0.80000000000000004,951408,8,3000,0.19374948923652452,0.125,2250,0.48051726887351226,0.21010418235823794,0.5220539280958721,0.0699790777741081
voter,rho_1_over_pi,0.31830988618379069,32,0.80000000000000004,951409,9,3000,0.05386092980834369,0.09375,2250,0.45433377558645777,0.17459192113116945,0.5312916111850865,0.18301120516127198
voter,rho_1_over_pi,0.31830988618379069,32,0.80000000000000004,951410,10,3000,0.13002958195256897,0.1875,2250,0.43682451108785786,0.1789228941032239,0.6128495339547271,0.1745577162470358
voter,rho_1_over_pi,0.31830988618379069,32,0.80000000000000004,951411,11,3000,0.3253772132653435,0.125,2250,0.4740874520368507,0.1878621556390896,0.7149217709720372,0.1131900722918706
voter,rho_1_over_pi,0.31830988618379069,32,0.80000000000000004,951412,12,3000,0.17398527768285998,0.15625,2250,0.4191094489174955,0.19109796264911702,0.5906291611185086,0.1320986508526332
voter,rho_1_over_pi,0.31830988618379069,32,0.80000000000000004,951413,13,3000,0.075812899866509,0.09375,2250,0.4307676781490325,0.21875687593042284,0.5804760319573902,0.21333443849482697
voter,rho_1_over_pi,0.31830988618379069,32,0.80000000000000004,951414,14,3000,0.11016881895634349,0.125,2250,0.5240996206608927,0.19785810920969152,0.6849617177097204,0.2007822081817736
voter,rho_1_over_pi,0.31830988618379069,32,0.80000000000000004,951415,15,3000,0.23011277685161624,0.1875,2250,0.5032332935576058,0.17223554716643732,0.5752330226364847,0.15214445727732315
voter,rho_1_over_pi,0.31830988618379069,32,0.80000000000000004,951416,16,3000,0.2390681329114124,0.125,2250,0.4754736778040497,0.1847773433540231,0.7127996005326231,0.09477614026829048
voter,rho_1_over_pi,0.31830988618379069,32,0.80000000000000004,951417,17,3000,0.08337359631196568,0.125,2250,0.39508528225954126,0.17140866790947779,0.45198069241011984,0.16887164193982165
voter,rho_1_over_pi,0.31830988618379069,32,0.80000000000000004,951418,18,3000,0.11155273779822485,0.125,2250,0.39567494095508066,0.16501546323346067,0.5188082556591211,0.14721266903764194
voter,rho_1_over_pi,0.31830988618379069,32,0.80000000000000004,951419,19,3000,0.2526238714331577,0.09375,2250,0.4856986488798969,0.23287969721741003,0.6991927430093209,0.26064895590234366
voter,rho_1_over_pi,0.31830988618379069,32,1,950200,0,3000,0.11426585289491178,0.125,2250,0.3627586837728682,0.14594525668075037,0.6143891478029294,0.15963141824992602
voter,rho_1_over_pi,0.31830988618379069,32,1,950201,1,3000,0.051426964778317596,0.125,2250,0.4283397762178379,0.18239344455156267,0.702063914780293,0.04585318480445801
voter,rho_1_over_pi,0.31830988618379069,32,1,950202,2,3000,0.2882553751335992,0.125,2250,0.48798318832791165,0.1648680901976632,0.7526631158455392,0.17104377722124361
voter,rho_1_over_pi,0.31830988618379069,32,1,950203,3,3000,0.10645592113937148,0.09375,2250,0.4084258535332733,0.18116769918694112,0.6834637150466045,0.13537998108758298
voter,rho_1_over_pi,0.31830988618379069,32,1,950204,4,3000,0.24380590299101662,0.09375,2250,0.4594310360403653,0.19279402852219985,0.71392310252996,0.08223092440797128
voter,rho_1_over_pi,0.31830988618379069,32,1,950205,5,3000,0.18361899008832755,0.25,2250,0.38745461901699807,0.181509695157541,0.5019973368841545,0.11005756495017206
voter,rho_1_over_pi,0.31830988618379069,32,1,950206,6,3000,0.14899622457112735,0.21875,2250,0.4579688733240958,0.17752496366959838,0.7578645139813582,0.17239505444183176
voter,rho_1_over_pi,0.31830988618379069,32,1,950207,7,3000,0.29196440892775016,0.21875,2250,0.41595222528393183,0.17851512133916247,0.69232689747004,0.1747945079292401
voter,rho_1_over_pi,0.31830988618379069,32,1,950208,8,3000,0.4383782586090706,0.125,2250,0.41389553266762774,0.1724922162249833,0.7446737683089214,0.20102214072807267
voter,rho_1_over_pi,0.31830988618379069,32,1,950209,9,3000,0.16896268488207175,0.21875,2250,0.3919695877409616,0.1667414863757613,0.4544773635153129,0.0686885349515814
voter,rho_1_over_pi,0.31830988618379069,32,1,950210,10,3000,0.23943298819816072,0.21875,2250,0.41502811963727543,0.19100853082960786,0.5538448735019973,0.15500247432741351
voter,rho_1_over_pi,0.31830988618379069,32,1,950211,11,3000,0.20583494552850312,0.1875,2250,0.37421349103623397,0.15997650273881087,0.48264813581890814,0.08715466441417807
voter,rho_1_over_pi,0.31830988618379069,32,1,950212,12,3000,0.0311933633696961,0.1875,2250,0.45885057674504454,0.18464070504072858,0.631949067909454,0.17220799882501867
voter,rho_1_over_pi,0.31830988618379069,32,1,950213,13,3000,0.03954099472269525,0.09375,2250,0.3536513636960834,0.14554103544798117,0.45152296937416775,0.10558838010731174
voter,rho_1_over_pi,0.31830988618379069,32,1,950214,14,3000,0.08987203337937327,0.125,2250,0.4506826429797641,0.17965466420973453,0.7559920106524634,0.12254363310021735
voter,rho_1_over_pi,0.31830988618379069,32,1,950215,15,3000,0.12780868677437107,0.1875,2250,0.4073442807230197,0.16064717478682836,0.7940246338215713,0.06106353155404023
voter,rho_1_over_pi,0.31830988618379069,32,1,950216,16,3000,0.16572368165284923,0.125,2250,0.39712425622947334,0.18718557353669218,0.7412200399467377,0.1499422434340759
voter,rho_1_over_pi,0.31830988618379069,32,1,950217,17,3000,0.2221098613106656,0.21875,2250,0.32846442063410525,0.15595518422080398,0.440745672436751,0.11642470506146463
voter,rho_1_over_pi,0.31830988618379069,32,1,950218,18,3000,0.16666444737991218,0.09375,2250,0.393948136054486,0.17487922121189453,0.5843042609853528,0.14331162783106963
voter,rho_1_over_pi,0.31830988618379069,32,1,950219,19,3000,0.07670454638915664,0.1875,2250,0.390661085067058,0.16908379585261726,0.5415695739014648,0.19249648146355922
voter,rho_1_over_pi,0.31830988618379069,32,1.2,951500,0,3000,0.16517573181961043,0.15625,2250,0.3293022971050079,0.1535301754272156,0.4080392809587217,0.06271328816871043
voter,rho_1_over_pi,0.31830988618379069,32,1.2,951501,1,3000,0.09818637503623089,0.1875,2250,0.35560005043267123,0.15253263940879871,0.525507656458056,0.0991669186487851
voter,rho_1_over_pi,0.31830988618379069,32,1.2,951502,2,3000,0.1878587431534876,0.15625,2250,0.3783490709402789,0.1509779867086221,0.6074816910785619,0.12152391122602256
voter,rho_1_over_pi,0.31830988618379069,32,1.2,951503,3,3000,0.27520179271124245,0.09375,2250,0.3594936060651297,0.17482677348894435,0.7092626498002663,0.1612215901740568
voter,rho_1_over_pi,0.31830988618379069,32,1.2,951504,4,3000,0.008284228014401072,0.125,2250,0.329418574316336,0.15547935405333885,0.5281707723035952,0.17608649988196665
voter,rho_1_over_pi,0.31830988618379069,32,1.2,951505,5,3000,0.23265454447689557,0.21875,2250,0.32994094065851076,0.17105569003144225,0.4486934087882823,0.10826907316293015
voter,rho_1_over_pi,0.31830988618379069,32,1.2,951506,6,3000,0.07672634088995077,0.15625,2250,0.322668740956396,0.1488668695728736,0.36035286284953394,0.057141899917296124
voter,rho_1_over_pi,0.31830988618379069,32,1.2,951507,7,3000,0.20963987881215151,0.125,2250,0.3266199830800072,0.1517650212565881,0.4808588548601864,0.08996494111956081
voter,rho_1_over_pi,0.31830988618379069,32,1.2,951508,8,3000,0.08242196232452428,0.28125,2250,0.3373992653467054,0.13979135987480917,0.49429926764314247,0.09243001042424967
voter,rho_1_over_pi,0.31830988618379069,32,1.2,951509,9,3000,0.20762170871564115,0.15625,2250,0.34139987357616763,0.1641941059201042,0.5498085885486018,0.14239565197202395
voter,rho_1_over_pi,0.31830988618379069,32,1.2,951510,10,3000,0.1333134577295734,0.1875,2250,0.2900405845723578,0.1411087208673961,0.4652130492676431,0.1447605823922274
voter,rho_1_over_pi,0.31830988618379069,32,1.2,951511,11,3000,0.14824611916057256,0.125,2250,0.36872152985289913,0.16237277401144865,0.4737849533954727,0.07054852161051466
voter,rho_1_over_pi,0.31830988618379069,32,1.2,951512,12,3000,0.1615699067011885,0.1875,2250,0.3563833106442832,0.16510480385733844,0.4449484021304927,0.10656025744223407
voter,rho_1_over_pi,0.31830988618379069,32,1.2,951513,13,3000,0.16338322769110447,0.125,2250,0.31613421556534665,0.14789992362327467,0.3586051930758988,0.07384272648895247
voter,rho_1_over_pi,0.31830988618379069,32,1.2,951514,14,3000,0.07375371630682398,0.15625,2250,0.34217866722909046,0.15931233358171235,0.6060669107856191,0.07746965666228854
voter,rho_1_over_pi,0.31830988618379069,32,1.2,951515,15,3000,0.21690555864963748,0.15625,2250,0.31256664311923676,0.13806897529773557,0.583555259653795,0.12594863713714236
voter,rho_1_over_pi,0.31830988618379069,32,1.2,951516,16,3000,0.0874249950846633,0.09375,2250,0.3461624886137397,0.15283040217912558,0.5817659786950732,0.18340355347276932
voter,rho_1_over_pi,0.31830988618379069,32,1.2,951517,17,3000,0.028022152921608343,0.15625,2250,0.2941672225745009,0.13601925253161407,0.5140645805592543,0.1745406244527179
voter,rho_1_over_pi,0.31830988618379069,32,1.2,951518,18,3000,0.10841844063300178,0.1875,2250,0.32974536885657885,0.14144021736698567,0.6362766311584553,0.10294085775939885
voter,rho_1_over_pi,0.31830988618379069,32,1.2,951519,19,3000,0.05910296755758056,0.21875,2250,0.35111293798505505,0.15142875709933748,0.47253661784287615,0.09124035886910833
voter,rho_1_over_pi,0.31830988618379069,32,1.3999999999999999,951600,0,3000,0.06835281502394674,0.09375,2250,0.2649383597666118,0.12914688428787588,0.40496005326231693,0.11235403714411149
voter,rho_1_over_pi,0.31830988618379069,32,1.3999999999999999,951601,1,3000,0.20108862743701672,0.15625,2250,0.3588104737070418,0.15715132497215065,0.875,0.0
voter,rho_1_over_pi,0.31830988618379069,32,1.3999999999999999,951602,2,3000,0.2935059870988329,0.1875,2250,0.2996099072722366,0.15002505302537397,0.48751664447403464,0.07377988159397794
voter,rho_1_over_pi,0.31830988618379069,32,1.3999999999999999,951603,3,3000,0.06936234759994922,0.1875,2250,0.3145507948771575,0.15736903559632817,0.4227280292942743,0.049825845336463184
voter,rho_1_over_pi,0.31830988618379069,32,1.3999999999999999,951604,4,3000,0.2044244807600633,0.15625,2250,0.2892945617626932,0.13974747765838316,0.6378994673768309,0.1264379122422531
voter,rho_1_over_pi,0.31830988618379069,32,1.3999999999999999,951605,5,3000,0.20885116958455585,0.125,2250,0.2889187184075693,0.1331117343234182,0.4315912117177097,0.05085853794091803
voter,rho_1_over_pi,0.31830988618379069,32,1.3999999999999999,951606,6,3000,0.24203998126472737,0.1875,2250,0.326251932162678,0.1350060569396823,0.368883155792277,0.11505586733879439
voter,rho_1_over_pi,0.31830988618379069,32,1.3999999999999999,951607,7,3000,0.1413470900960741,0.21875,2250,0.31076895554242184,0.15267170130602903,0.3460386151797603,0.0792751722565015
voter,rho_1_over_pi,0.31830988618379069,32,1.3999999999999999,951608,8,3000,0.21005049653410723,0.09375,2250,0.3034944045085534,0.1522681883238469,0.5404044607190412,0.09181984860191768
voter,rho_1_over_pi,0.31830988618379069,32,1.3999999999999999,951609,9,3000,0.10499698900716493,0.125,2250,0.296011304831283,0.13252649796390198,0.5505575898801598,0.14850267686342483
voter,rho_1_over_pi,0.31830988618379069,32,1.3999999999999999,951610,10,3000,0.22698220989555754,0.125,2250,0.28478633942707166,0.1316548934737813,0.37608189081225035,0.07069210083730953
voter,rho_1_over_pi,0.31830988618379069,32,1.3999999999999999,951611,11,3000,0.09636856156695132,0.09375,2250,0.266335609862038,0.13321848927085264,0.3930176431424767,0.0910075716676184
voter,rho_1_over_pi,0.31830988618379069,32,1.3999999999999999,951612,12,3000,0.1776368948318973,0.09375,2250,0.3273261014844123,0.14791672259477195,0.5138981358189081,0.054371760979368064
voter,rho_1_over_pi,0.31830988618379069,32,1.3999999999999999,951613,13,3000,0.13091385983855675,0.09375,2250,0.31936341472608326,0.15379618355128757,0.4038781624500666,0.09829787979193713
voter,rho_1_over_pi,0.31830988618379069,32,1.3999999999999999,951614,14,3000,0.01831117616505157,0.125,2250,0.35710772308234495,0.15036066998797762,0.5132739680426098,0.04614457168622874
voter,rho_1_over_pi,0.31830988618379069,32,1.3999999999999999,951615,15,3000,0.2353702879863656,0.1875,2250,0.3126979526932348,0.14823280091749164,0.6831308255659121,0.19528713907883968
voter,rho_1_over_pi,0.31830988618379069,32,1.3999999999999999,951616,16,3000,0.10463655418339167,0.125,2250,0.3270570268873461,0.16347906181831348,0.538948069241012,0.12199613200685648
voter,rho_1_over_pi,0.31830988618379069,32,1.3999999999999999,951617,17,3000,0.16689332249030397,0.09375,2250,0.3156187060533617,0.14481026449732504,0.5225948735019973,0.09938794754995725
voter,rho_1_over_pi,0.31830988618379069,32,1.3999999999999999,951618,18,3000,0.2608344098045133,0.21875,2250,0.28846888464017517,0.1471457075747022,0.35498501997336884,0.12804692696283954
voter,rho_1_over_pi,0.31830988618379069,32,1.3999999999999999,951619,19,3000,0.21320891764223684,0.15625,2250,0.2798733211455969,0.13673296156274897,0.4900549267643142,0.10039388089221621
voter,rho_1_over_pi,0.31830988618379069,32,1.5,950300,0,3000,0.04611497623628918,0.15625,2250,0.28343849409760913,0.1415986593212739,0.3830309587217044,0.0764224504690781
voter,rho_1_over_pi,0.31830988618379069,32,1.5,950301,1,3000,0.18293479669168855,0.125,2250,0.2666074956876423,0.13625004547876599,0.340878828229028,0.07824898993123242
voter,rho_1_over_pi,0.31830988618379069,32,1.5,950302,2,3000,0.06587002822496325,0.09375,2250,0.2916285694516101,0.13786792492865252,0.3442493342210386,0.08856330534792958
voter,rho_1_over_pi,0.31830988618379069,32,1.5,950303,3,3000,0.13696928986089074,0.09375,2250,0.2948729329429664,0.14938057010560934,0.3812000665778961,0.0865105844874357
voter,rho_1_over_pi,0.31830988618379069,32,1.5,950304,4,3000,0.16482547435808503,0.1875,2250,0.2897337915022984,0.13279206260493842,0.3673435419440746,0.09390188799386741
voter,rho_1_over_pi,0.31830988618379069,32,1.5,950305,5,3000,0.17160951115465337,0.15625,2250,0.28985712133984126,0.12539989937998536,0.4567243675099867,0.03072094925511324
voter,rho_1_over_pi,0.31830988618379069,32,1.5,950306,6,3000,0.1471437739926547,0.15625,2250,0.27611312390553183,0.15096808987316676,0.31682756324900135,0.0888841991475998
voter,rho_1_over_pi,0.31830988618379069,32,1.5,950307,7,3000,0.13853574370873759,0.1875,2250,0.2825418600966505,0.13311783498701502,0.4875998668442077,0.05345882731932836
voter,rho_1_over_pi,0.31830988618379069,32,1.5,950308,8,3000,0.2604909140629188,0.1875,2250,0.2748237731954788,0.13219391953923892,0.4792776298268975,0.1087431716587219
voter,rho_1_over_pi,0.31830988618379069,32,1.5,950309,9,3000,0.1608485693715562,0.25,2250,0.3036745863154982,0.14123124756517658,0.6208804926764314,0.07775962664675003
voter,rho_1_over_pi,0.31830988618379069,32,1.5,950310,10,3000,0.06067735106371268,0.1875,2250,0.28130557800195444,0.14138675352399455,0.5072403462050599,0.10452333783646924
voter,rho_1_over_pi,0.31830988618379069,32,1.5,950311,11,3000,0.0654712501274513,0.15625,2250,0.26021594052173164,0.13601751138143317,0.5852613182423435,0.10592533990920246
voter,rho_1_over_pi,0.31830988618379069,32,1.5,950312,12,3000,0.10557697336242414,0.1875,2250,0.25195707839748416,0.1425447451264164,0.4393725033288948,0.014527608350509999
voter,rho_1_over_pi,0.31830988618379069,32,1.5,950313,13,3000,0.13211980840249946,0.28125,2250,0.27460897132544654,0.13683274305331222,0.4205226364846871,0.1348789705796775
voter,rho_1_over_pi,0.31830988618379069,32,1.5,950314,14,3000,0.14623067165484863,0.15625,2250,0.26636686777215535,0.13230932135809684,0.3679260985352863,0.085361185492237
voter,rho_1_over_pi,0.31830988618379069,32,1.5,950315,15,3000,0.20289046901090588,0.25,2250,0.3122940478729636,0.1525711694836345,0.5166444740346205,0.17261936596284835
voter,rho_1_over_pi,0.31830988618379069,32,1.5,950316,16,3000,0.17770565877441727,0.28125,2250,0.3043073235331518,0.14210386369322434,0.4578478695073236,0.12056567835993139
voter,rho_1_over_pi,0.31830988618379069,32,1.5,950317,17,3000,0.06539154343456174,0.09375,2250,0.28093003897381497,0.1407224744811959,0.4962549933422104,0.1439852471256928
voter,rho_1_over_pi,0.31830988618379069,32,1.5,950318,18,3000,0.15818702815795424,0.09375,2250,0.3225280705566806,0.14605593410263457,0.5144390812250332,0.09497417320436956
voter,rho_1_over_pi,0.31830988618379069,32,1.5,950319,19,3000,0.04722899462963933,0.15625,2250,0.30743615940269897,0.1463928279495561,0.6316161784287616,0.09861922850844379
voter,rho_1_over_pi,0.31830988618379069,32,2,950400,0,3000,0.21698714616638662,0.09375,2250,0.23370558222698248,0.11166788674805042,0.30126498002663116,0.07551119743046782
voter,rho_1_over_pi,0.31830988618379069,32,2,950401,1,3000,0.10585222976637515,0.125,2250,0.22145715620836046,0.10792151283394054,0.24038781624500666,0.04778435436411722
voter,rho_1_over_pi,0.31830988618379069,32,2,950402,2,3000,0.034676965414829404,0.15625,2250,0.2394280223325791,0.11707620950023333,0.33576065246338216,0.06457637655130341
voter,rho_1_over_pi,0.31830988618379069,32,2,950403,3,3000,0.07673741808196068,0.21875,2250,0.23518209762197087,0.11875078802305955,0.5156458055925432,0.1358080714440702
voter,rho_1_over_pi,0.31830988618379069,32,2,950404,4,3000,0.13480120609028753,0.125,2250,0.2395506629886775,0.11627708082170778,0.4043358854860186,0.08405376988693168
voter,rho_1_over_pi,0.31830988618379069,32,2,950405,5,3000,0.2914375756202161,0.0625,2250,0.23719507560548542,0.1193025067491644,0.3331391478029294,0.0755928308591698
voter,rho_1_over_pi,0.31830988618379069,32,2,950406,6,3000,0.05490138750497043,0.1875,2250,0.21258011723319006,0.10330880567462317,0.28990512649800265,0.04957993220494942
voter,rho_1_over_pi,0.31830988618379069,32,2,950407,7,3000,0.1495338845786433,0.15625,2250,0.2182496188339403,0.11126387282075577,0.26789280958721706,0.08276457391482155
voter,rho_1_over_pi,0.31830988618379069,32,2,950408,8,3000,0.10247957466195891,0.1875,2250,0.2449111406278953,0.12323697199294231,0.31216711051930757,0.05731118658135848
voter,rho_1_over_pi,0.31830988618379069,32,2,950409,9,3000,0.02502605131809639,0.125,2250,0.259611871995412,0.13089113079498083,0.4502330226364847,0.08979911628928411
voter,rho_1_over_pi,0.31830988618379069,32,2,950410,10,3000,0.2810545452062035,0.15625,2250,0.23601166252463152,0.11839172677934644,0.5326647802929427,0.06248398512197106
voter,rho_1_over_pi,0.31830988618379069,32,2,950411,11,3000,0.012363230865615764,0.125,2250,0.23220679987190698,0.1155912315101555,0.2543691744340879,0.04894547373678634
voter,rho_1_over_pi,0.31830988618379069,32,2,950412,12,3000,0.11716732414519879,0.1875,2250,0.2550039415708463,0.12964156527949325,0.3732939414114514,0.06869249247102666
voter,rho_1_over_pi,0.31830988618379069,32,2,950413,13,3000,0.12324931911821622,0.125,2250,0.2248190029554754,0.11959096534120399,0.3051348202396804,0.05486964532990413
voter,rho_1_over_pi,0.31830988618379069,32,2,950414,14,3000,0.31276557648437103,0.1875,2250,0.23875288514968093,0.12032493677882647,0.5119840213049268,0.10717606759465538
voter,rho_1_over_pi,0.31830988618379069,32,2,950415,15,3000,0.1895982176480035,0.15625,2250,0.22936649940320386,0.11517231088992702,0.46317410119840213,0.08165972172061997
voter,rho_1_over_pi,0.31830988618379069,32,2,950416,16,3000,0.1915445363482919,0.21875,2250,0.25205062100497444,0.11680808310193733,0.6966544607190412,0.13312844311761315
voter,rho_1_over_pi,0.31830988618379069,32,2,950417,17,3000,0.04066437581807148,0.15625,2250,0.23745080784324887,0.11657325799029099,0.40741511318242346,0.10440676704097572
voter,rho_1_over_pi,0.31830988618379069,32,2,950418,18,3000,0.171103632841534,0.09375,2250,0.23816398863246863,0.11646681211300126,0.2570739014647137,0.0547538055815064
voter,rho_1_over_pi,0.31830988618379069,32,2,950419,19,3000,0.10604121646023819,0.09375,2250,0.2277676537813595,0.11250160904976265,0.45751498002663116,0.1130762804409857
voter,rho_1_over_pi,0.31830988618379069,32,2.5,950500,0,3000,0.07368062454382784,0.25,2250,0.20275049647586302,0.10389170689161589,0.24209387483355527,0.027555654416324366
voter,rho_1_over_pi,0.31830988618379069,32,2.5,950501,1,3000,0.15489040438743404,0.125,2250,0.2034799648413372,0.11015802315475431,0.2610685752330226,0.05053321663212967
voter,rho_1_over_pi,0.31830988618379069,32,2.5,950502,2,3000,0.12404341967351465,0.1875,2250,0.21444264470487412,0.10336051991450756,0.24363348868175766,0.07110230205276949
voter,rho_1_over_pi,0.31830988618379069,32,2.5,950503,3,3000,0.046030084750286984,0.1875,2250,0.1976847784142753,0.09582548534594917,0.39767809587217046,0.06303340550287925
voter,rho_1_over_pi,0.31830988618379069,32,2.5,950504,4,3000,0.2131278067411083,0.125,2250,0.20942612828801585,0.10135854798149369,0.2775049933422104,0.03223752545770907
voter,rho_1_over_pi,0.31830988618379069,32,2.5,950505,5,3000,0.14164477421990573,0.125,2250,0.20670265557153317,0.10837091120574407,0.29057090545938746,0.08686870832314365
voter,rho_1_over_pi,0.31830988618379069,32,2.5,950506,6,3000,0.1296935465228176,0.09375,2250,0.194430125894851,0.10006576504097264,0.2255742343541944,0.03217639876880826
voter,rho_1_over_pi,0.31830988618379069,32,2.5,950507,7,3000,0.15489553147101426,0.125,2250,0.20969314431180894,0.1106800697168485,0.2766311584553928,0.06156290105905598
voter,rho_1_over_pi,0.31830988618379069,32,2.5,950508,8,3000,0.18077500880133773,0.09375,2250,0.20978900478897947,0.10322946993085928,0.534953395472703,0.07046504968766723
voter,rho_1_over_pi,0.31830988618379069,32,2.5,950509,9,3000,0.0807637638634047,0.09375,2250,0.21929050655505017,0.10863100691453016,0.5302513315579228,0.15546671604717605
voter,rho_1_over_pi,0.31830988618379069,32,2.5,950510,10,3000,0.10346530082336912,0.125,2250,0.19231915576727962,0.09416047832249562,0.41994007989347537,0.07105694396570927
voter,rho_1_over_pi,0.31830988618379069,32,2.5,950511,11,3000,0.13640372605858914,0.09375,2250,0.20318995809822785,0.10121715438443214,0.5003328894806924,0.08354738465602989
voter,rho_1_over_pi,0.31830988618379069,32,2.5,950512,12,3000,0.3614513216474881,0.25,2250,0.1927863705365851,0.10454347448036069,0.3154960053262317,0.08374312769081842
voter,rho_1_over_pi,0.31830988618379069,32,2.5,950513,13,3000,0.049229301587060396,0.1875,2250,0.2035958846291084,0.1124435417881734,0.4063332223701731,0.049469696754072576
voter,rho_1_over_pi,0.31830988618379069,32,2.5,950514,14,3000,0.29203701611290406,0.15625,2250,0.21426597596144836,0.11040053478730054,0.2914031291611185,0.02195612120838451
voter,rho_1_over_pi,0.31830988618379069,32,2.5,950515,15,3000,0.2296054544585247,0.125,2250,0.20777963851180276,0.10008813616938651,0.2750083222370173,0.019620280496780072
voter,rho_1_over_pi,0.31830988618379069,32,2.5,950516,16,3000,0.3246328476031172,0.28125,2250,0.19823275172213087,0.10560739993347652,0.2602363515312916,0.05129476120198406
voter,rho_1_over_pi,0.31830988618379069,32,2.5,950517,17,3000,0.05717451103484991,0.15625,2250,0.21969252115128993,0.10844421270014466,0.3624750332889481,0.07325100463196915
voter,rho_1_over_pi,0.31830988618379069,32,2.5,950518,18,3000,0.021674097407200183,0.125,2250,0.1998309639230413,0.09699432711449951,0.35777296937416775,0.06237270969864032
voter,rho_1_over_pi,0.31830988618379069,32,2.5,950519,19,3000,0.08802847233020004,0.09375,2250,0.20158608780001452,0.09777866153100286,0.2956890812250333,0.05923860439741517
voter,rho_1_over_pi,0.31830988618379069,32,3,950600,0,3000,0.20736066388883104,0.125,2250,0.18463207975422682,0.09409652138856761,0.21496338215712382,0.03860266747386288
voter,rho_1_over_pi,0.31830988618379069,32,3,950601,1,3000,0.1189822625968113,0.15625,2250,0.1849526670033063,0.09325834323779741,0.3224034620505992,0.05452840579563469
voter,rho_1_over_pi,0.31830988618379069,32,3,950602,2,3000,0.0495984856310386,0.15625,2250,0.18083174470052063,0.09568975996997302,0.3127912782956059,0.07741592962014889
voter,rho_1_over_pi,0.31830988618379069,32,3,950603,3,3000,0.14372559921943132,0.09375,2250,0.1802470850073368,0.09448752558050161,0.22374334221038616,0.023996416779533142
voter,rho_1_over_pi,0.31830988618379069,32,3,950604,4,3000,0.2898053839058774,0.09375,2250,0.1830546063547084,0.0937705191951415,0.2781707723035952,0.0752505350406508
voter,rho_1_over_pi,0.31830988618379069,32,3,950605,5,3000,0.13938997710224843,0.21875,2250,0.18676674143417188,0.09482746157695922,0.42901131824234356,0.09771350026590134
voter,rho_1_over_pi,0.31830988618379069,32,3,950606,6,3000,0.08006140653430478,0.125,2250,0.1907418958233163,0.0946953705501374,0.3380076564580559,0.017615838544058616
voter,rho_1_over_pi,0.31830988618379069,32,3,950607,7,3000,0.28450491354162394,0.09375,2250,0.1915906922852037,0.09814224548254594,0.3209054593874834,0.061869185830117725
voter,rho_1_over_pi,0.31830988618379069,32,3,950608,8,3000,0.018140719915224455,0.15625,2250,0.19522402186660373,0.09913286171791935,0.5419024633821571,0.07585316157613689
voter,rho_1_over_pi,0.31830988618379069,32,3,950609,9,3000,0.14148852543950396,0.09375,2250,0.1858502914471406,0.09594111008067395,0.35927097203728364,0.07321000525721105
voter,rho_1_over_pi,0.31830988618379069,32,3,950610,10,3000,0.1507266019724066,0.09375,2250,0.18824617013395528,0.09497085425299781,0.3621005326231691,0.06102662981835568
voter,rho_1_over_pi,0.31830988618379069,32,3,950611,11,3000,0.20338133407356856,0.125,2250,0.18225160945452767,0.09274194091591416,0.3209054593874834,0.07789093691021876
voter,rho_1_over_pi,0.31830988618379069,32,3,950612,12,3000,0.027293469918277437,0.09375,2250,0.18015186601005256,0.09381245773523107,0.25312083888149134,0.037222780855400824
voter,rho_1_over_pi,0.31830988618379069,32,3,950613,13,3000,0.14045497207329397,0.25,2250,0.18637535995317148,0.09438229695417488,0.22732190412782957,0.029681290698789838
voter,rho_1_over_pi,0.31830988618379069,32,3,950614,14,3000,0.03246757564273945,0.21875,2250,0.1777865480315844,0.08968608998510787,0.2258239014647137,0.055695665795228444
voter,rho_1_over_pi,0.31830988618379069,32,3,950615,15,3000,0.13483081267331962,0.125,2250,0.1846107343539655,0.09577973525425412,0.35469374167776296,0.03166127233535195
voter,rho_1_over_pi,0.31830988618379069,32,3,950616,16,3000,0.271862032317701,0.15625,2250,0.17700507707215785,0.09728313502955642,0.29315079893475365,0.02099827554648914
voter,rho_1_over_pi,0.31830988618379069,32,3,950617,17,3000,0.12330499943032591,0.15625,2250,0.18098883527387166,0.08849927331549841,0.43250665778961384,0.06037096088675594
voter,rho_1_over_pi,0.31830988618379069,32,3,950618,18,3000,0.01321808392567361,0.09375,2250,0.17970044574383393,0.0968130549531159,0.2626498002663116,0.029756740051995346
voter,rho_1_over_pi,0.31830988618379069,32,3,950619,19,3000,0.1665151006277154,0.09375,2250,0.18259263452760058,0.096832210850196,0.37358521970705727,0.06396482415837772
voter,rho_1_over_pi,0.31830988618379069,32,3.5,950700,0,3000,0.3260803100866946,0.125,2250,0.172404912689504,0.08888124787423597,0.30022470039946736,0.047909023086324824
voter,rho_1_over_pi,0.31830988618379069,32,3.5,950701,1,3000,0.022014605851359222,0.125,2250,0.1633339311069254,0.08735003304574661,0.19998335552596538,0.04770554960701835
voter,rho_1_over_pi,0.31830988618379069,32,3.5,950702,2,3000,0.01975147858551695,0.125,2250,0.17625713304043708,0.09165927830775113,0.24908455392809586,0.047857892111099753
voter,rho_1_over_pi,0.31830988618379069,32,3.5,950703,3,3000,0.22542706886303185,0.0625,2250,0.16786097240503206,0.0909569553920743,0.22286950732356858,0.04495194522062557
voter,rho_1_over_pi,0.31830988618379069,32,3.5,950704,4,3000,0.13360616553400012,0.28125,2250,0.18180924705951362,0.09172062258720426,0.5019973368841545,0.05759429967532871
voter,rho_1_over_pi,0.31830988618379069,32,3.5,950705,5,3000,0.18696656274172535,0.15625,2250,0.16538621675431645,0.08495989025462224,0.17896970705725698,0.03665125843388855
voter,rho_1_over_pi,0.31830988618379069,32,3.5,950706,6,3000,0.07217898186326514,0.09375,2250,0.17393525840814023,0.08946352099536453,0.2849117842876165,0.04416015321647563
voter,rho_1_over_pi,0.31830988618379069,32,3.5,950707,7,3000,0.09123641333697184,0.1875,2250,0.17995315097807027,0.09064101595224697,0.28245672436750996,0.06389790061068247
voter,rho_1_over_pi,0.31830988618379069,32,3.5,950708,8,3000,0.21025425287753463,0.125,2250,0.17675316972166172,0.09448900809531217,0.3514064580559254,0.06698806327058263
voter,rho_1_over_pi,0.31830988618379069,32,3.5,950709,9,3000,0.2779771039686119,0.15625,2250,0.17043974874579904,0.086732790627493,0.2571571238348868,0.06756490526857398
voter,rho_1_over_pi,0.31830988618379069,32,3.5,950710,10,3000,0.15210746962905922,0.125,2250,0.17141678064986476,0.09166730193468303,0.32485852197070575,0.08814928612918958
voter,rho_1_over_pi,0.31830988618379069,32,3.5,950711,11,3000,0.03096630983585879,0.1875,2250,0.16660705216832258,0.08721572901972229,0.265396138482024,0.05735422265123607
voter,rho_1_over_pi,0.31830988618379069,32,3.5,950712,12,3000,0.22322366933239263,0.1875,2250,0.17086779407073427,0.08778762784188665,0.14751165113182424,0.023791047241172182
voter,rho_1_over_pi,0.31830988618379069,32,3.5,950713,13,3000,0.18077936499880448,0.15625,2250,0.17294960042833976,0.08635019125100456,0.26926597869507324,0.08334199957095002
voter,rho_1_over_pi,0.31830988618379069,32,3.5,950714,14,3000,0.16375107582507428,0.09375,2250,0.17891248351279068,0.09550339701483612,0.2676847536617843,0.07225120590619488
voter,rho_1_over_pi,0.31830988618379069,32,3.5,950715,15,3000,0.12221550445494307,0.15625,2250,0.1557100159087771,0.08560674375563752,0.2237849533954727,0.038896821759288505
voter,rho_1_over_pi,0.31830988618379069,32,3.5,950716,16,3000,0.29183232855240715,0.21875,2250,0.16769034503755703,0.08760306347572575,0.21696071904127828,0.0827075454287847
voter,rho_1_over_pi,0.31830988618379069,32,3.5,950717,17,3000,0.17811421627502647,0.28125,2250,0.16919307664073915,0.08950303160170386,0.34970039946737685,0.12249790122868624
voter,rho_1_over_pi,0.31830988618379069,32,3.5,950718,18,3000,0.23564133220658015,0.1875,2250,0.16442343897362574,0.09096938465148496,0.3172852862849534,0.08025670419634727
voter,rho_1_over_pi,0.31830988618379069,32,3.5,950719,19,3000,0.1673992366146885,0.1875,2250,0.17724868301123203,0.095596898243023,0.1943242343541944,0.016997647050087623
voter,rho_1_over_pi,0.31830988618379069,32,4,950800,0,3000,0.19889236109354622,0.1875,2250,0.16673116695020537,0.08300442760840182,0.23551930758988016,0.029267664156306935
voter,rho_1_over_pi,0.31830988618379069,32,4,950801,1,3000,0.16167844806009887,0.15625,2250,0.16480118994578113,0.08872679981032174,0.23859853528628494,0.07844294455495122
voter,rho_1_over_pi,0.31830988618379069,32,4,950802,2,3000,0.3050114075108036,0.15625,2250,0.17033347804168206,0.08456592851669865,0.2553678428761651,0.06899546069425193
voter,rho_1_over_pi,0.31830988618379069,32,4,950803,3,3000,0.11127130875598412,0.15625,2250,0.16516003764104573,0.08835186954465188,0.2989347536617843,0.028769011613197677
voter,rho_1_over_pi,0.31830988618379069,32,4,950804,4,3000,0.21716727650878478,0.15625,2250,0.15934207389385446,0.08289548781465923,0.18200732356857524,0.029268906501213787
voter,rho_1_over_pi,0.31830988618379069,32,4,950805,5,3000,0.03705673122890656,0.1875,2250,0.16622262219078895,0.08325151104204266,0.21250832223701732,0.03890576823872048
voter,rho_1_over_pi,0.31830988618379069,32,4,950806,6,3000,0.06652833672539407,0.1875,2250,0.16575998239330456,0.0862232649739307,0.2449650466045273,0.015614787793436271
voter,rho_1_over_pi,0.31830988618379069,32,4,950807,7,3000,0.09274174977273066,0.09375,2250,0.16489614020427426,0.08252272176783906,0.20401964047936086,0.0323968664297123
voter,rho_1_over_pi,0.31830988618379069,32,4,950808,8,3000,0.15558158418407744,0.125,2250,0.1651324969452509,0.0895239582510975,0.2507906125166445,0.037379816490318095
voter,rho_1_over_pi,0.31830988618379069,32,4,950809,9,3000,0.23035663864040667,0.21875,2250,0.16226532288029838,0.08505520040308565,0.22033122503328895,0.02392183566121316
voter,rho_1_over_pi,0.31830988618379069,32,4,950810,10,3000,0.13573496510093253,0.09375,2250,0.16746945917227996,0.08729175256972985,0.18770805592543274,0.03190815566306589
voter,rho_1_over_pi,0.31830988618379069,32,4,950811,11,3000,0.04500604564862093,0.34375,2250,0.1604173121883447,0.08104315870316796,0.23410452729693743,0.0593156606303504
voter,rho_1_over_pi,0.31830988618379069,32,4,950812,12,3000,0.39163874047853703,0.1875,2250,0.15939472539302524,0.07700460668398532,0.3450815579227696,0.07759797674409176
voter,rho_1_over_pi,0.31830988618379069,32,4,950813,13,3000,0.2820317998406437,0.15625,2250,0.1598798201463722,0.08278289876367802,0.1762233688415446,0.04885092874092201
voter,rho_1_over_pi,0.31830988618379069,32,4,950814,14,3000,0.2760212993795546,0.15625,2250,0.16739507027290637,0.0871206569068396,0.16328229027962715,0.027627257412648938
voter,rho_1_over_pi,0.31830988618379069,32,4,950815,15,3000,0.08791014104506037,0.15625,2250,0.1732777815294635,0.0889063177237906,0.18175765645805592,0.04860318232575826
voter,rho_1_over_pi,0.31830988618379069,32,4,950816,16,3000,0.3036966801008698,0.09375,2250,0.159118272362735,0.08061297730719186,0.2854527296937417,0.03431265487871401
voter,rho_1_over_pi,0.31830988618379069,32,4,950817,17,3000,0.22138181048387093,0.125,2250,0.16623182005354412,0.08656596617472749,0.2748418774966711,0.018612902167605097
voter,rho_1_over_pi,0.31830988618379069,32,4,950818,18,3000,0.08690947910737123,0.125,2250,0.16677337931434796,0.08567116822379899,0.22802929427430094,0.04055440700422912
voter,rho_1_over_pi,0.31830988618379069,32,4,950819,19,3000,0.1677240497721183,0.125,2250,0.16037771227789185,0.07885439736043351,0.20997003994673769,0.03236842054123057
voter,rho_1_over_pi,0.31830988618379069,32,5,950900,0,3000,0.1657280852878018,0.125,2250,0.1579757790345429,0.08293121517286332,0.13028462050599202,0.018651375322494716
voter,rho_1_over_pi,0.31830988618379069,32,5,950901,1,3000,0.13885400502205086,0.125,2250,0.15791613919452632,0.08464478373345699,0.16157623169107857,0.01196985356865214
voter,rho_1_over_pi,0.31830988618379069,32,5,950902,2,3000,0.2607892175328204,0.15625,2250,0.16335661031492055,0.08463767795622579,0.16731857523302263,0.03740181275069363
voter,rho_1_over_pi,0.31830988618379069,32,5,950903,3,3000,0.008097766406068827,0.21875,2250,0.15773151565039598,0.07941198456608861,0.2239513981358189,0.06324656484023847
voter,rho_1_over_pi,0.31830988618379069,32,5,950904,4,3000,0.027726746624528342,0.15625,2250,0.1567337733342575,0.0817710331821848,0.2653545272969374,0.061827416143328415
voter,rho_1_over_pi,0.31830988618379069,32,5,950905,5,3000,0.2051962311013068,0.125,2250,0.16222722956156993,0.08331799478330136,0.2908205725699068,0.03308055192482222
voter,rho_1_over_pi,0.31830988618379069,32,5,950906,6,3000,0.16523195514425087,0.15625,2250,0.16165296047654426,0.08004317137464308,0.17672270306258323,0.026588928630467402
voter,rho_1_over_pi,0.31830988618379069,32,5,950907,7,3000,0.21634767706185856,0.125,2250,0.15964968252922385,0.08288263565021031,0.24076231691078562,0.037237895799574844
voter,rho_1_over_pi,0.31830988618379069,32,5,950908,8,3000,0.23294555766405828,0.09375,2250,0.15406853990820185,0.08072900453697214,0.245547603195739,0.03232897200664333
voter,rho_1_over_pi,0.31830988618379069,32,5,950909,9,3000,0.2376099305481935,0.125,2250,0.1553912180519962,0.0797074663119819,0.1823818242343542,0.027149759727544198
voter,rho_1_over_pi,0.31830988618379069,32,5,950910,10,3000,0.06640921175717335,0.125,2250,0.1526872988767468,0.08201130323379623,0.2121754327563249,0.05631375598816402
voter,rho_1_over_pi,0.31830988618379069,32,5,950911,11,3000,0.25257351262110356,0.125,2250,0.15784021280583177,0.08174080644155292,0.2284037949400799,0.06193916801883985
voter,rho_1_over_pi,0.31830988618379069,32,5,950912,12,3000,0.22794005800168088,0.125,2250,0.16182355975110227,0.08349292826570426,0.19453229027962715,0.04906024014478059
voter,rho_1_over_pi,0.31830988618379069,32,5,950913,13,3000,0.252878353116645,0.15625,2250,0.15996871980685443,0.08085317109479376,0.20002496671105194,0.034819438079058206
voter,rho_1_over_pi,0.31830988618379069,32,5,950914,14,3000,0.11689572154311464,0.125,2250,0.16167738330297807,0.08448006626539577,0.1961967376830892,0.03603937029224682
voter,rho_1_over_pi,0.31830988618379069,32,5,950915,15,3000,0.25254581298255535,0.21875,2250,0.15428694794360368,0.07851663238934024,0.18687583222370174,0.01371718254637104
voter,rho_1_over_pi,0.31830988618379069,32,5,950916,16,3000,0.41168468452400186,0.09375,2250,0.1593032888568666,0.08212241977148212,0.17822070572569906,0.0538831910370279
voter,rho_1_over_pi,0.31830988618379069,32,5,950917,17,3000,0.2455400835307158,0.1875,2250,0.15898334689285396,0.08065969377602429,0.16357356857523303,0.022828049354507902
voter,rho_1_over_pi,0.31830988618379069,32,5,950918,18,3000,0.3347332545771747,0.1875,2250,0.16923115874777767,0.08533235925863303,0.22445073235685753,0.04220769184002274
voter,rho_1_over_pi,0.31830988618379069,32,5,950919,19,3000,0.3415488351669964,0.25,2250,0.15958757258917036,0.08459051793684812,0.39855193075898804,0.12859665948936919
voter,rho_1_over_pi,0.31830988618379069,32,6,951000,0,3000,0.5087162661530792,0.15625,2250,0.1595080128061826,0.08348600747937591,0.1490928761651132,0.05300513704455913
voter,rho_1_over_pi,0.31830988618379069,32,6,951001,1,3000,0.17917053378850353,0.125,2250,0.15116156973480213,0.08046866703709614,0.1646970705725699,0.02555272371303706
voter,rho_1_over_pi,0.31830988618379069,32,6,951002,2,3000,0.3316554320617566,0.09375,2250,0.15838758196357852,0.08343260101431224,0.12645639147802928,0.021856529959991773
voter,rho_1_over_pi,0.31830988618379069,32,6,951003,3,3000,0.119372427441254,0.25,2250,0.159201218577364,0.08349097079569213,0.1590795605858855,0.02829860415304337
voter,rho_1_over_pi,0.31830988618379069,32,6,951004,4,3000,0.04946848945715439,0.1875,2250,0.15357384018670686,0.0794611359750551,0.15641644474034622,0.031145353561625167
voter,rho_1_over_pi,0.31830988618379069,32,6,951005,5,3000,0.06732921625726343,0.125,2250,0.15683650128686827,0.08004754581188517,0.1794690412782956,0.02137624534678917
voter,rho_1_over_pi,0.31830988618379069,32,6,951006,6,3000,0.3612125426408503,0.28125,2250,0.15381228539225206,0.08089413023531644,0.23144141145139813,0.045941688162171715
voter,rho_1_over_pi,0.31830988618379069,32,6,951007,7,3000,0.204491250712526,0.1875,2250,0.15307321297791907,0.0771142360200159,0.18088382157123836,0.032199637353783464
voter,rho_1_over_pi,0.31830988618379069,32,6,951008,8,3000,0.18847345060179088,0.09375,2250,0.15997544266955263,0.08112465381644761,0.13989680426098536,0.02905807702950704
voter,rho_1_over_pi,0.31830988618379069,32,6,951009,9,3000,0.2169700022653329,0.15625,2250,0.15893167587052956,0.08139499261897927,0.14851031957390146,0.038534563618134864
voter,rho_1_over_pi,0.31830988618379069,32,6,951010,10,3000,0.1615117635461798,0.15625,2250,0.15890965575406873,0.0830354227016973,0.17539114513981358,0.05028115576754191
voter,rho_1_over_pi,0.31830988618379069,32,6,951011,11,3000,0.10913754410010627,0.09375,2250,0.15916296904005875,0.08022822320536571,0.23714214380825566,0.052946893394901495
voter,rho_1_over_pi,0.31830988618379069,32,6,951012,12,3000,0.07240414905911513,0.125,2250,0.1566698057263756,0.08198729610070107,0.14871837549933423,0.021557244617455555
voter,rho_1_over_pi,0.31830988618379069,32,6,951013,13,3000,0.08934621502877474,0.15625,2250,0.15580348960080853,0.08167948482648138,0.1118508655126498,0.02526892105772083
voter,rho_1_over_pi,0.31830988618379069,32,6,951014,14,3000,0.06641597042831482,0.09375,2250,0.1530941197062996,0.0792731005154785,0.14014647137150466,0.019404826405177978
voter,rho_1_over_pi,0.31830988618379069,32,6,951015,15,3000,0.08218594040405745,0.125,2250,0.15586335383631258,0.0818729273327783,0.25149800266311584,0.06195957158763738
voter,rho_1_over_pi,0.31830988618379069,32,6,951016,16,3000,0.27368306463316244,0.125,2250,0.15762312323986305,0.08210038138411942,0.1927013981358189,0.04564441642787452
voter,rho_1_over_pi,0.31830988618379069,32,6,951017,17,3000,0.19630494422159986,0.1875,2250,0.15233406077986036,0.07758407715253231,0.2206225033288948,0.025250070327089355
voter,rho_1_over_pi,0.31830988618379069,32,6,951018,18,3000,0.26842822975181413,0.1875,2250,0.1566117023718984,0.08077364189668687,0.28998834886817576,0.04335166615167127
voter,rho_1_over_pi,0.31830988618379069,32,6,951019,19,3000,0.05796756200072039,0.15625,2250,0.1585028020341685,0.08326665493474512,0.17884487350199735,0.07332226150114157
